:020000040800F2
:1000000000500020BDA50008897C00088B7C0008FA
:100010008D7C00088F7C0008917C000800000000A7
:10002000000000000000000000000000937C0008B9
:10003000957C000800000000977C0008997C00086F
:1000400005A6000805A6000805A6000805A60008E4
:1000500005A6000805A6000805A6000805A60008D4
:1000600005A6000805A6000805A6000805A60008C4
:1000700005A6000805A6000805A6000805A60008B4
:1000800005A6000805A6000805A6000805A60008A4
:1000900005A6000805A6000805A6000805A6000894
:1000A00005A6000805A6000805A6000805A6000884
:1000B00005A6000805A60008AD63000805A600080F
:1000C00005A6000805A6000805A6000805A6000864
:1000D00005A60008A17C000805A6000805A60008E2
:1000E00005A6000805A6000805A6000800000000F7
:1000F0000000000000000000000000000000000000
:0C01000000000000000000005FF808F1A3
:100110002DE9F04F9FB0884607920021002200246D
:10012000CDE90412834641461A9419910F4611F8FD
:10013000012B2D2A5ED801A050F822F013030008ED
:10014000F5010008F5010008F5010008F5010008B7
:10015000F5010008F5010008F5010008F5010008A7
:100160002B0100082B0100082B0100082B010008BF
:100170002B010008F5010008F5010008F501000851
:10018000F5010008F5010008F5010008F501000877
:10019000F5010008F5010008F5010008F501000867
:1001A000F5010008F5010008F5010008F501000857
:1001B000F5010008F5010008F50100082B01000811
:1001C000F5010008F5010008F5010008F501000837
:1001D000F5010008F5010008F5010008F501000827
:1001E000F5010008F501000895080008F501000870
:1001F000A908000800210891302A00F0958000230A
:1002000009932F2A144640F2EF844FF00009384634
:100210004E464D4613E00130082D1990C8BF09EB3A
:1002200089090478C6BF02EB4902A2F13009A3F1A3
:1002300030062F2C224605F1010540F3B48006EB71
:100240008603392C02EB4303E5DD0122AB4901F0C3
:10025000A9FA002879D1199A1346013219925C78CB
:10026000002D40F08D85302C40F03B85134618461C
:10027000013319931C78302CF9D0C2F101021044DB
:10028000A4F13103082B37D8199F012539464FF0C7
:10029000000A431CA4F1300E0C93002006EB8606E6
:1002A0000EEB46064B1C19934C78A4F13002092A38
:1002B00000F2E082964619990130002AF2D0012816
:1002C000D8BF05F1010C40F3878400EB050C0CF15D
:1002D000FF340A9703E07E00AC4200F07C84082DD6
:1002E00006EB860705F10105F5DD102DDCBF09EBF6
:1002F00089094FEA4909EFE7652C40F0D8824FF0B1
:10030000000A0123CDF830A00A93099B034340F073
:10031000BF82079B002600270BB1C3F80080304640
:1003200039461FB0BDE8F08F7A7802F0DF02582A14
:1003300000F01284013719973A78302AFAD0002A4F
:1003400000F08182012309935BE70020AA460C900C
:100350000A90652C34D0452C32D000231093002D08
:100360007AD1099B034340F06E820A9B002BD0D1C7
:10037000692C00F0898400F35F84492C00F08484A8
:100380004E2CC6D15E4919A802F000F80028C0D052
:10039000199B1B78282B00F0A5855A4801F068FCB2
:1003A00006460F4651E20122544901F0FBF90028AC
:1003B000CBD1199BAA465A1C19925C780C9074E711
:1003C000002DA2D0DDF8648008F10103199398F89C
:1003D00001402B2C00F059822D2C00F04E824FF062
:1003E000000CA4F13001092900F23F82302C199B46
:1003F0000AD1013319931C78302CFAD0A4F13102C0
:10040000082AAAD8A4F130015A1C19925C782F2C22
:1004100040F3FE8396460B9308E0013219929EF852
:100420000140A3F130012F2C06DD964601EB81033C
:10043000392C04EB4303F0DD0B9BD21A082A40F35E
:10044000E78344F61F631093BCF1000F87D0109B25
:100450005B421093002D84D00C9A109BBAF1000FD0
:1004600008BFAA469B1A102D30460B932C46A8BFF6
:10047000102404F0ABFD02460B46092DCDE9042300
:1004800016DD214B03EBC40353E9122304F018FEDD
:10049000024648469046894604F098FD02460B46BF
:1004A0004046494604F056FC0F2DCDE904012DDCF1
:1004B0000B9B002B00F020830B9B40F35282162BEA
:1004C00040F3AD830B9AC5F1250393421EDBDDE9B2
:1004D00004230D4CC5F10F0504EBC501D1E9000162
:1004E00004F0EEFD0B9B5D1B04EBC504D4E9002377
:1004F00004F0E6FD06460F46A7E100BF20AB00086A
:1005000030AB00080CAB0008E8A700080B9B2C1BC5
:100510001C44002C40F3D18114F00F000AD0DDE917
:100520000423354901EBC001D1E9000104F0C8FD05
:10053000CDE9040134F00F0340D0B3F59A7F00F306
:10054000B883102B4FEA231440F31E85DDE9040124
:1005500000232A4A0997904699461746E20704D590
:10056000D8E9002304F0ACFD01236410012C09F14B
:10057000010908F10808F1D13A46099F0BB1CDE90C
:100580000401059B02EBC901A3F154730593DDE956
:100590000423D1E9000104F093FD194B194A0B40E3
:1005A0009342CDE9040100F28483174A934240F25A
:1005B00041844FF0FF33154CCDE9043400230A93F6
:1005C0002B46524639465846009602F065F914907B
:1005D000002800F06E83109A0C9B4FF0000A9B1AC3
:1005E0000B9ACDF824A0002AA8BF0023109322EA7A
:1005F000E2731593E5E000BFE8A70008D8A800085B
:100600000000F07F0000A07C0000907CFFFFEF7FE7
:10061000D21A1F2AA4EB020400F332820123934072
:100620001E4600250A9BA0444C44A14598444B46D5
:10063000A8BF23464345A8BF4346002B04DDE41A68
:10064000A8EB0308A9EB0309109B002B00F3BE8164
:10065000002C00F3D4810B9B002B00F30782B8F130
:10066000000F00F3F781B9F1000F08DD51464A464B
:10067000584602F0F1FA8246002800F0F4813A462A
:1006800058461A9902F07CFB0990002800F0EB8193
:100690000023099AD168D3601191514602F050FBB2
:1006A0000028C0F2EA83DDF8149000F0768351460A
:1006B000099802F001FD00224FF0804304460D46E8
:1006C00004F07AFF002800F07181119B002B40F0AC
:1006D000E381049B002B40F06B82C9F31303002BD2
:1006E00040F00D82002220462946A94B04F05AFF13
:1006F000002840F049832046A64B2946002204F0FA
:10070000DFFC03460C46CDE9123401F100430E90A4
:100710000F93DFF88482A14B09EA08089845DDE9C8
:100720000E4500F0C0810A9B1BB3B8F1D46F20D8EE
:1007300095A3D3E90023DDE9120104F03DFFA0B148
:10074000DDE9120104F06CFF012838BF012004F03C
:100750003DFC119BCDE91201002B40F0BD8201F15F
:10076000004316901793DDE9164505F1D663A3EB18
:100770000805DDE90C0102F0BFFB02460B462046EE
:10078000294604F09DFCDDE90C2304F0E3FA0C4655
:10079000CDE904010A9B23B97F4B2340984500F023
:1007A000B78158461A9902F005F83946584602F0C2
:1007B00001F85146584601F0FDFF5846099901F0ED
:1007C000F9FF149C5846616801F0B4FF0746002801
:1007D00000F04981226904F10C01023292000C30D0
:1007E00001F0D0F91CAB01931BAB00935846DDE937
:1007F00004341A46CDE90C34234602F0FFFB1A906C
:10080000002800F005810121584602F0EDF88246EB
:10081000002800F028811B9B002BC0F21581109A44
:10082000DDF8548003EB02090A9A1C9C9B1A2344AE
:100830005B4A013B9342C4F13604FFF6E9AE012363
:1008400000251E46EEE600260027079A0AB1199BEE
:100850001360089B002B3FF462AD07F100431F4675
:10086000304639461FB0BDE8F08F0023CDF86480D4
:10087000109374E501230A936BE54FF0010C08F126
:100880000203199398F80240ABE54FF0000CF6E72D
:10089000002597E500220892791C19917A78002AA0
:1008A0003FF437AD0F46A7E401220892F4E7452C48
:1008B0003FF425AD01230A9353E53FF47FAE644234
:1008C00014F00F020AD0DDE90401364B03EBC2033A
:1008D000D3E9002304F01EFDCDE9040124113FF407
:1008E0006DAE1F2C37DCDDE9040114F0100318BFD6
:1008F0006A230A930023DFF8B080E20704D5D8E921
:10090000002304F0DDFB0123641008F10808F4D192
:100910000BB1CDE904010A9BA3B1DDE90401C1F3E8
:100920000A52C2F16B03002B0ADD1F2B40F33983FF
:100930000020342B049040F37C834FF05C730593CC
:100940006A230A930022DDE90401002304F020FE5B
:1009500000283FF435AE222300260027CBF80030D4
:1009600073E71633FFF6D2ADDDE904010C9B109A54
:100970009A1A0C4B03EBC203D3E9002304F0CAFC20
:1009800006460F4661E700BF0000C0FFFFFFDF41E2
:100990000000F03F0000E03F0000F07F0000E07F3B
:1009A00002FCFFFFE8A70008B0A60008AC4B2046F9
:1009B0002946002204F084FB119BCDE91201002B93
:1009C00065D101F100430E900F93A2E651461A46FD
:1009D000584602F0D1F88246002844D001461A9ABF
:1009E000584602F017F800283DD011901A99584641
:1009F00001F0E0FE119B002C1A937FF72CAE2246EB
:100A000058461A9902F028F91A9000287FF423AE6C
:100A1000B946054622230026924FCBF800302946DE
:100A2000584601F0C7FE4946584601F0C3FE5146FC
:100A3000584601F0BFFE5846149901F0BBFE5846D7
:100A4000099901F0B7FE00E7159ADDF84090A2EB96
:100A50000308E9E639464246584602F0FDF80746E3
:100A600000287FF400AEB9461A9DD3E739465846B0
:100A7000159A02F081F8074600287FF4F0ADF2E7FE
:100A8000012279491646CB1A02FA03F5CAE5DDE9D7
:100A90001234CDE90E343CE60023744CCDE90E341B
:100AA000CDE9123435E6A9F154730593DDE9044527
:100AB0002046294602F020FADDE90E2304F000FB6F
:100AC0002B46224604F046F9DFF89891684B01EA7C
:100AD00009099945CDE9040179D9DDE90C0103F152
:100AE0005473994202D106460136BCD04FF0FF3311
:100AF000604CCDE9043454E6DDE90467A5E6002343
:100B00005D4CCDE90E340023584CCDE9123400E69B
:100B1000DDE912562846314609F075FD04F0A2FAC7
:100B20000B4602463146284604F012F9119D049BFB
:100B3000C4F313041D432C438046894626D142A3A7
:100B4000D3E9002304F02EFD00283FF42AAEB94675
:100B5000DDE904671A9D62E70293089B58460193FA
:100B60001AAB0093454A1BAB19A901F03BF910F0F1
:100B70000F0504463FF467AE062D40F0B580002215
:100B80007B1C00260027089219935EE630A3D3E968
:100B9000002304F007FD0028D9D12FA3D3E90023B7
:100BA0004046494604F01CFD00283FF4FAADCEE76C
:100BB000049B012BA3D1B9F1000FA0D1B9461A9C17
:100BC0002223254600260027CBF8003027E701F135
:100BD00054740594DEE50A9F0C9B082D03440C9386
:100BE0006DDC6546FFF759BB01223846244900F009
:100BF000D9FD002800F0BB804FF000094E46484662
:100C00004D46CA46CDF83090CDF82890FFF7A3BBEB
:100C100044F61F639942A8BF1946109114E40B983B
:100C20001849DDE9042301EBC001D1E9000104F01A
:100C300047FA06460F4608E66E2C3FF4A3ABFFF7D3
:100C400068BB00BFAFF300809535A094FFFFCF3F96
:100C50009535A094FFFFDF3F35E5AF350000E03F5D
:100C60000000E03F0000F07FE2FBFFFF0000F03FEC
:100C7000FFFF9F7CFFFFEF7F0000F0BF88A600080A
:100C800020AB0008E8A70008A04919A801F07EFBE6
:100C900000283FF43EAB199B9D49013B19A81993CD
:100CA00001F074FB10B9199B013319930026994F79
:100CB000CBE522230026974FCBF80030C5E5BCF1E9
:100CC000100FD8BF09EB890965464FF00000D8BF67
:100CD00002EB4909FFF7E6BADDE91234CDE9163433
:100CE00041E50020FFF7CCBA1A9A3AB135211CA889
:100CF00002F02CFA58461A9901F05CFD013D1B9B4D
:100D0000042D00F2C481DFE805F0032C291E030046
:100D10001C9A049203F233421D9B23F4801343EA8E
:100D200002530593E10502D543F000430593794A48
:100D3000DDE904671A40002A7FF487AD00F002FE67
:100D40002223036081E54FF0FF326FF00043CDE9CD
:100D50000423E3057FF5D0AE059BE5E76D4B0593D6
:100D6000F7E7DDE91C121D9BCDE90412DAE7199AB9
:100D7000064613460132199281465C78FFF773BA32
:100D8000AA460C90FFF791BA0023634CCDE90E34CC
:100D90000023624CCDE91234BBE44B461198B446B3
:100DA000B946DDE90C67AE465D49C3F3130200287E
:100DB00045D08A4200F0FD80ADBB049A1CEA020FC8
:100DC00034D030463946049302F096F80A9B002B43
:100DD00000F03781049BC3F30A53C3F16B03002B6C
:100DE00040F352811C0504F17F53002203F54013A8
:100DF00004F066F902460B463046394603F0AAFF76
:100E000006460F4630463946464B002204F058F954
:100E1000404B06460B400F46002B7FF49BAE22232F
:100E2000CBF8003096E61EEA030FCAD10A9B002BCE
:100E3000E8D18FE601F154730593FFF7BFBB002A99
:100E400074D1DDE904452246002C40F0A2800A9AC4
:100E5000002A40F0CB8025F00044240D2405A4F5A1
:100E600080146FEA14536FEA035305934FF0FF3376
:100E700004931A9DDDE90467D1E5119BDDE90401C6
:100E80000343B946DDE90C67D0D1C1F31303002B4E
:100E9000CCD121F00044240D2405B4F1D66F2546B1
:100EA000C4D9099A536913B91369012BBEDD012214
:100EB0000999584601F0D0FE5146099001F040FFD3
:100EC0000028B3DD0A9B002BC9D0A5F580136FEA7B
:100ED00013536FEA035305934FF0FF330493DDE997
:100EE00004678FE7104919A81CAA01F069FA0528C0
:100EF0007FF453AA1D9B43F0FF4343F4E0030593A3
:100F00001C9B0493DDE904679FE400BF24AB000849
:100F100028AB00080000F07F0000E0BF0000E03FC9
:100F2000FFFF0F00000050399CA60008A5BB049AE3
:100F30001CEA020F3FF47AAF30463946049301F0C1
:100F4000DBFF0A9B002B62D0049BC3F30A53C3F15F
:100F50006B03002B40F38C801C0504F17F530022AF
:100F600003F5401304F0ACF802460B463046394610
:100F700003F0EEFE0022002306460F4604F008FBB5
:100F800000283FF43FAF1AE64FF00009414AFFF74F
:100F9000F8BABEF1000FCBD01EEA030F3FF446AF04
:100FA000CAE74FF0FF3202FA03F3049A1A400492A0
:100FB000C6E40A9A0499B2B1374A1A40B2F1D46F22
:100FC00011D84FF0FF30120DC2F16B0200FA02F29D
:100FD000914240D0BEF1000F7FF425AF11EA0C0F13
:100FE0003FF424AFEDE64FF0FF32F1E72A4D1D400C
:100FF000B5F1D66F3FF669AFB5F15C7F3FF602AF52
:101000002223002600271A9DCBF8003007E5024670
:101010000B463046394603F09BFE1A9C0022002303
:1010200006460F46254604F0B3FA00283FF4F7AC15
:10103000C6E54FF0FF33C2F14B0293400B400593DE
:101040007EE402460B463046394603F083FE1A9D85
:1010500006460F46E3E4114A93420CD00E4A1A406A
:1010600002F58013059300230493DDE90467DDE6B0
:1010700002460B467AE70131F0D1222300261A9D61
:10108000054FCBF80030CAE402460B46B4E6002315
:1010900048E600BFD8A800080000F07FFFFFEF7F00
:1010A000014BFFF735B800BF0C0000208C4600B59F
:1010B00086461346034A714610685DF804EB6246A3
:1010C000FFF726B87801002084460A460249034B00
:1010D00008686146FFF71CB8780100200C0000206A
:1010E0002DE9F04705460C46DFF888A0134629464F
:1010F0002246DAF80000FFF70BF802460B460446DA
:101100000D4604F077FA48BB2946204604F0A8FAB9
:1011100020F0004706461849384604F0C5FDD0B90E
:101120003846154904F0A2FDA8B925F000494FF052
:10113000FF3220464946114B04F05CFA38B920468C
:1011400049464FF0FF320D4B04F036FA18B1222217
:10115000DAF800301A603046BDE8F087002D084804
:1011600004DA00F08BFD00F10046F4E7BDE8F0473B
:1011700000F084BD78010020FFFF7F7FFFFFEF7F3D
:101180000CAB00082DE9F0470446DFF8A0A00A46A2
:10119000274B2146DAF80000FEF7BAFF02460B465D
:1011A00004460D4604F026FA002833D1294620468D
:1011B00004F056FA20F0004706461E49384604F06F
:1011C00073FDE8B938461B4904F050FDC0B925F05D
:1011D00000494FF0FF3220464946174B04F00AFA07
:1011E00038B9204649464FF0FF32134B04F0E4F97A
:1011F00030B12222DAF800301A603046BDE8F087BC
:1012000016F0FF4FF9D10D4B2B40002BF1D130469A
:10121000BDE8F087002D0A4804DA00F02FFD00F148
:101220000046EAE7BDE8F04700F028BD780100205D
:101230000C000020FFFF7F7FFFFFEF7F0000F07FAB
:101240000CAB0008024A0349034800F069B900BF2B
:1012500000000020F13A00087C0100200C4B41689E
:1012600010B59942044601D002F042FCA168094B36
:10127000994202D0204602F03BFCE168064B9942BD
:1012800004D02046BDE8104002F032BC10BD00BFC3
:10129000D40200203C030020A403002008B54B6EBC
:1012A000DA0702D48B899B0501D5002008BD886D23
:1012B00000F080FB002008BD08B54B6EDA0702D4B1
:1012C0008B899B0501D5002008BD886D00F07AFB55
:1012D000002008BD2DE9F84300250423304C314996
:1012E000DFF8C490DFF8C480314F324E0822C4F8D2
:1012F000381104F15C002946C4E90335C4E90055FE
:10130000C4E90555A560656600F0FCF904F15800D4
:10131000C4E90849C4E90A87266300F043FB264B69
:101320002946082204F1C4006367C4E91A55C4E9D8
:101330001E552567C4F8CC50C4F8805000F0E2F97F
:1013400004F1680304F1C000C4F88830C4E92398AC
:10135000C4E9257600F026FB184B294604F5967063
:101360000822C4F8DC30C4E93455C4E93855C4F85F
:10137000D850C4F83451C4F8E85000F0C3F904F16F
:10138000D003C4E93E87C4F8F49004F59470C4F81F
:101390000061C4F8F030BDE8F84300F003BB00BFC3
:1013A000D4020020451200087116000899160008A2
:1013B000D9160008FD1600080900010012000200FD
:1013C000F8B506462A4800F0F5FA2A4BD3F838312A
:1013D000002B43D0284FD7E90134013B04D524E04A
:1013E0005A1C04F1680420D0B4F90C50013B002DC4
:1013F000F6D1224B04F15800E360656600F0D2FAA2
:101400001B4800F0DFFA08222946C4E90155C4E967
:1014100004552560A56104F15C0000F073F9C4E98E
:101420000D55C4E912552046F8BD3D680DB12F4653
:10143000D1E74FF4D671304601F0D0F8044680B1C0
:1014400004230560294625460C304FF4D072A06075
:10145000636000F057F93C602F46BCE7FFF73AFFA6
:10146000B8E703483C6000F0ADFA0C233360DAE7DC
:1014700030040020D4020020000000200100FFFF03
:1014800010B504460B4800F095FA236A2BB90A4BB5
:101490000A4AD3F83831226223B1BDE8104005482A
:1014A00000F090BAFFF716FFBDE81040014800F0C9
:1014B00089BA00BF30040020D40200205D12000869
:1014C000014800F077BA00BF30040020014800F066
:1014D00079BA00BF3004002008B5054800F06AFA68
:1014E000BDE808400020034A034900F019B800BFD6
:1014F00030040020000000209D12000808B50020E4
:10150000044A054900F00CF8BDE80840034800F023
:1015100059BA00BF00000020B912000830040020B2
:101520002DE9F8434FF0000980460F461646D6E9EC
:101530000154013D10D4A389012B08D9B4F90E3010
:10154000013304D021464046B84749EA0009013D2D
:101550006B1C04F16804EED13668002EE7D14846D2
:10156000BDE8F88308B410B5002A04469DB034DB0A
:101570004FF4027C4FF00003ADF814C01B934FF6FC
:10158000FF7C0291069120AB15D0013A049207929C
:1015900002A91F9A0193ADF816C001F033FF421C57
:1015A00001DA8B2323600022029B1A701DB0BDE874
:1015B000104001B070470492079202A91F9A01934C
:1015C000ADF816C001F01EFF431C01DA8B23236027
:1015D0001DB0BDE8104001B070478B234FF0FF30C5
:1015E0002360F5E70CB410B5204B00291C689CB0B3
:1015F00036DB4FF000034FF402721B934FF6FF7C73
:1016000002900690ADF814201FAB16D001391E9A37
:1016100004910791204602A90193ADF816C001F08C
:10162000F1FE421C01DA8B2323600022029B1A7018
:101630001CB0BDE8104002B07047049107912046ED
:101640001E9A02A90193ADF816C001F0DBFE431CFF
:1016500001DA8B2323601CB0BDE8104002B0704754
:101660008B234FF0FF302360F5E700BF78010020A7
:1016700010B50C46B1F90E1000F038F9002803DB64
:10168000636D0344636510BDA38923F48053A38174
:1016900010BD00BF002070472DE9F0410C46B1F9A4
:1016A0000C101F46CB05054616460BD421F480517D
:1016B000A1813B4632462846B4F90E10BDE8F04100
:1016C00000F02AB9B4F90E100223002200F0F8F855
:1016D000B4F90C10EAE700BF10B50C46B1F90E10D2
:1016E00000F0EEF8B4F90C30421C0EBF23F4805326
:1016F00043F480536065A38110BD00BFB1F90E10A3
:1017000000F0CCB870B5860747D0541E002A3ED0F2
:101710000346CAB201E0013C39D303F8012B9D070F
:10172000F9D1032C2CD9CDB205EB05250F2C1A4687
:1017300005EB054534D9A4F1100C2CF00F0603F18C
:10174000100EB6444FEA1C1CC2E90055C2E902550E
:1017500010327245F8D10CF1010214F00C0F03EBBA
:10176000021204F00F0C13D0ACF1040323F00303B6
:101770000433134442F8045B9342FBD10CF003049E
:101780002CB1C9B21C4403F8011BA342FBD170BDAC
:1017900064461346002CF4D1F9E703461446C0E72B
:1017A000A446E1E7002A3ED0844630B5044608430B
:1017B00080070B462ED1032A07D82BE0043A25D008
:1017C0001EF0803F22D1032A22D919462068A44660
:1017D000A0F1013323EA000E0B4653F8045B0434F6
:1017E000A842EBD09CF800000C7884421DD1E6465C
:1017F00068B11EF8010F11F8014FA2EB0E03A042D1
:1018000003F1FF3311D11CEB0303F1D1002030BDF4
:10181000A44619469CF800000C78A04205D1012A84
:10182000F4D0E646E4E710467047001B30BD00BF29
:1018300040EA01039B0710B524D1032A22D98E4622
:101840008446DEF800407146A4F1013323EA040324
:1018500013F0803F0EF1040E15D1043A032A4CF820
:10186000044BEED8714601F1FF3E52B163461EF8BB
:10187000011F541E03F8011B41B122469C46002A59
:10188000F4D110BD844601F1FF3EEEE79444002CF4
:10189000F7D003F8011B6345FBD110BD002238B51A
:1018A000064D044608462A6008F07CFE431C00D022
:1018B00038BD2B68002BFBD0236038BD10040020FE
:1018C00038B50C46114600228446074D20462A6052
:1018D0001A46644608F070FE431C00D038BD2B68E1
:1018E000002BFBD0236038BD1004002038B50C4617
:1018F000114600228446074D20462A601A46644657
:1019000008F032FE431C00D038BD2B68002BFBD002
:10191000236038BD1004002038B50C461146002263
:101920008446074D20462A601A46644608F02CFE7D
:10193000431C00D038BD2B68002BFBD0236038BD82
:1019400010040020014B1868704700BF7801002088
:1019500070B50F4B0F4DAB42A3EB050607D000242B
:10196000B61055F8043B01349847A642F9D808F060
:101970007FFE094D094B5E1BAB424FEAA60606D01F
:10198000002455F8043B01349847A642F9D870BDAD
:1019900090AE000890AE000890AE000894AE00082B
:1019A000704700BF704700BF704700BF704700BF5F
:1019B000704700BF704700BF01207047012070478B
:1019C000704700BF704700BF80EA010C1CF0030F96
:1019D00037D110F0030C20F0030021F0030150F880
:1019E000042B08BF51F8043B0ED08CF0030C6FF0B1
:1019F0007F434FEACC0C23FA0CFC51F8043B42EA3B
:101A00000C0243EA0C0300BFA2F1013C9A4201BF61
:101A10002CEA020C1CF0803F50F8042B51F8043BD8
:101A2000F2D04FEA02604FEA1222012828BFB0EB41
:101A3000036F08BF1B0AF4D003F0FF03000EC01AA7
:101A4000704710F0030F0AD010F8012B11F8013B7A
:101A5000012A28BF9A42F4D0A2EB0300704720B4B9
:101A600050F8042B01F0030521F0030151F8043B69
:101A7000022D27D04ED800BF22F07F45B5EB132FA3
:101A8000A2F1013C2CEA020C0DD11CF0803C08BFF5
:101A900051F8043B0AD185EA0205B5EB036F0CD17E
:101AA00050F8042BE8E74FEA13235BE03CF07F4C4F
:101AB00054D10B784FEA126554E04FEA126503F0F7
:101AC000FF034FE04FEA0245A2F1013C4FEA154502
:101AD0002CEA020CB5EB134F18D11CF0803C08BF68
:101AE00051F8043B07D185EA0205B5EB034F09D154
:101AF00050F8042BE6E75FEA0C4C2FD10B884FEA35
:101B000012452FE04FEA03434FEA12454FEA1343D1
:101B100028E000BF02F0FF05B5EB136FA2F1013C16
:101B20002CEA020C0DD11CF0803C08BF51F8043B9C
:101B30000AD185EA0205B5EB032F0AD150F8042B30
:101B4000E8E74FEA13630DE012F0FF0F06D051F8FB
:101B5000043B4FEA122523F07F4303E04FF00000DF
:101B600020BC704705F0FF0203F0FF00012828BFEA
:101B7000904204BF2D0A1B0AF4D0A2EB000020BC47
:101B8000704700BF844641EA000313F0030349D1C4
:101B9000403A23D30B6803604B6843608B688360D3
:101BA000CB68C3600B6903614B6943618B698361D7
:101BB000CB69C3610B6A03624B6A43628B6A8362BF
:101BC000CB6AC3620B6B03634B6B43638B6B8363A7
:101BD000CB6BC36340304031403ADBD230320BD361
:101BE0000B6803604B6843608B688360CB68C3609D
:101BF00010301031103AF3D20C3205D351F8043BB7
:101C000040F8043B043AF9D2043208D0D2071CBF92
:101C100011F8013B00F8013B01D30B8803806046BB
:101C2000704700BF082A13D38B07B1D010F003030D
:101C3000AED0C3F10403D21ADB071CBF11F8013B7D
:101C400000F8013BA4D331F8023B20F8023B9FE7A8
:101C5000043AD9D3013A11F8013B00F8013BF9D21B
:101C60000B7803704B7843708B78837060467047B5
:101C700000200149704700BF0000F87F004870470E
:101C80000000C07F002950D038B551F8043C0C1F2B
:101C9000002BB8BFE418054600F040FD274A136842
:101CA0002BB1A3420CD92168601883422CD028465E
:101CB00063601460BDE8384000F036BDA3420FD821
:101CC0001A465B68002BF9D111685018844217D06E
:101CD0002CD3636054602846BDE8384000F024BD32
:101CE00011685018A04214D020D82168601883428F
:101CF000EFD118685B680844C4E900035460EAE760
:101D000023680B441360E6E718685B6808442060AA
:101D1000CDE720680144501883421160DBD1D3E93C
:101D200000040144C2E90014D5E770470C2328469B
:101D30002B60BDE8384000F0F7BC00BF380400203D
:101D40002DE9F0410469B4EB611F05DC0023036158
:101D500000234361BDE8F08100F114054E1111F03C
:101D60001F0C05EB840E05EB860321D055F82610D9
:101D700004339E4521FA0CF1CCF120082DD92F46D1
:101D80001A6802FA08F20A4347F8042B53F8041BB6
:101D90009E4521FA0CF1F3D8A31B9B00053B9B0841
:101DA000013305EB830445F8231079B104340DE0C9
:101DB0009E4588BF00F11002C8D953F8041B9E4508
:101DC00042F8041FF9D8A41B05EB8404631B9B1085
:101DD000AC420361BCD0BDE8F08141610029B5D0BF
:101DE0002C46E3E72DE9F04F1C4685B000900868CB
:101DF000934682780B46302A029440F0F381C11C4E
:101E00000A780C46302A01F10101F9D0A4EB00094F
:101E1000A9F10209DFF8C08218F80220002A00F0B8
:101E2000EF80002722783D4618F80220002A00F0B3
:101E30007781264616F8012F18F80220002AF9D1DA
:101E400001223046A5490193FFF7ACFC019B824675
:101E500000284DD03278002D00F0A581A5EB060AB0
:101E60004FEA8A0A02F0DF02502A35464DD01E6042
:101E7000002F74D12B1B013B072B394604DD5B106F
:101E8000072B01F10101FADC009800F053FC034636
:101E9000002800F06A8200F11406A542019640F283
:101EA000CA8100270390B9460DE0202F1AD0394689
:101EB00004372A7818F8022002F00F028A4049EA13
:101EC0000209A54254D015F8012D2E2AEDD1A542C4
:101ED000EBD3012228468149FFF764FC0028F0D0AB
:101EE000202FE4D1002146F8049B04278946E0E72F
:101EF000002D00F068813278A5EB060A02F0DF02BF
:101F0000502A35464FEA8A0AB1D16A782B2A00F066
:101F100048812D2A40F0D5800120AA78AE1C18F8FF
:101F200002104A1E182A00F2D5807278103918F86B
:101F3000022001365AB90CE001EB810102EB4102AB
:101F4000A2F1100116F8012F18F802200AB1192A7F
:101F5000F2DD00B149428A441E60002F8AD0B9F1F7
:101F6000000F0CBF06250025284605B0BDE8F08F00
:101F7000039B019A46F8049BB61AB6101E614846A8
:101F8000039300F0E1FC7601DBF80040361AA6422C
:101F9000039B76DCC0F209810027DBF8082052455C
:101FA000C0F23E81DBF8042052454EDDA2EB0A0A66
:101FB000544500F39580DBF80C10022900F0E18015
:101FC000032900F05381012940F0DF80544540F09F
:101FD000DC80012C0AD01846611E039301F0E6F85C
:101FE000039B002800F0D180DBF804200121029837
:101FF00062250260019A196111600E9A1360B3E7BD
:102000000122204635490193FFF7CCFB019B07468F
:10201000002840F087806278651C18F802100029BB
:1020200000F08280302A2C4640F02B8114F8012FDA
:10203000302AFBD018F802204FF00109B2FA82F7DB
:102040007F09002A7FF4F5AE6AE0012587B1DBF84D
:102050000C20022A6FD0032A71D0012A06D1B907B9
:1020600004D5019A12681743FA076BD445F010059E
:1020700028460E9A1360029BC3F800A005B0BDE885
:10208000F08F361B1846314601F090F8039B074647
:1020900078B10127711E01984A1150F8220001F011
:1020A0001F0207FA02F2024203D0B94200F3CF80C6
:1020B0000227184631460393B244FFF741FE039BC3
:1020C0006BE718F8021000204A1E182A05F10106D5
:1020D0007FF62BAF2E46CAE6D8A6000820AB000834
:1020E0000AF1FF35002F40F0A480002D40F0A780BA
:1020F00001220198691150F8211005F01F05AA402E
:102100000A4218465146039318BF47F00207A4EB52
:102110000A04FFF715FE0225DBF804A0039B95E7F0
:1021200026468DE62546227802F0DF02502A00F08E
:1021300099801D6013E70F9AC2F101020F920F9A66
:10214000002A93D001991E6988460A4600274FEA63
:10215000860901EB860003E0904242F8047C45D9F1
:10216000944652F8041BB1F1FF3FF5D00131022D26
:10217000CCF800107ED014F01F0440F0AE80212572
:1021800076E70F9900293FF431AF502519460098A2
:1021900000F010FB002328460E9A136005B0BDE83E
:1021A000F08F0020B9E6AA465CE6A61B1946324627
:1021B000009800F051FD00F1140203460027AAEB3D
:1021C000060A0192E9E67278751C18F802102E468C
:1021D00000293FF447AE16F8012F18F80210002925
:1021E000F9D13BE64FF00009841C13E69A68964249
:1021F0004ADA0121022D06EB010003EB8606186185
:10220000DDF80480716135D0002874DC00221A6189
:1022100000225A61DBF808200AF1010A5245AEDAC1
:102220001946009800F0C6FA00230E9AA325136001
:102230009AE601275CE74FF00009019E99E61846EF
:102240002946039300F0B2FF039B074650E7184668
:10225000B11E039300F0AAFF039B00283FF428AFB0
:10226000032726E74FF0000A01274EE60F990029C1
:102270008BD0BBE6DBF80020013AA24262D02225D7
:10228000F6E64FF00109D4E5596800980131019351
:1022900000F050FA019B074600286CD01A6903F140
:1022A0000C01023292000C300193FFF76BFC019B92
:1022B0000098194600F07EFA01213B69022D03EBDC
:1022C000010007EB8303386107F1140859613B46AD
:1022D000D0D08642BFF64FAF96E7C14459F8040C00
:1022E000019300F031FBC4F12004A042019BBFF632
:1022F00046AF186988E75A6908EB800003F11804B3
:10230000A0424FEA520229D94546216842EAC172E9
:1023100045F8042B54F8042BA0424FEA5202F4D89B
:10232000C11A19398908013148F8212008EB8101C7
:1023300002B10431A1EB0802921041451A617FF409
:1023400069AF65E70122611158F8211004F01F04FC
:10235000A2400A4214BF2125222589E6C8F80020A0
:102360000AB14146E5E71A6152E70246E421054B0E
:10237000054801F0D9FC02468421024B024801F0D5
:10238000D3FC00BF3CAB000850AB000810B504689C
:102390008646013409E014F8013BA3F1410CBCF17D
:1023A000190F98BF2033934207D111F8012B002A4F
:1023B000F1D10120CEF8004010BD002010BD00BFBB
:1023C0000B682DE9F04F591102EB810113F01F0347
:1023D00006464FF000050DBF0846081D8E46A1F1C8
:1023E000040E316885B040F8045C4C1C4978002923
:1023F00000F0AF807746F4460093AA460B46A94604
:102400007146AB469646DFF884810246019610E09D
:10241000202B00F296804D4508DD674502D9BAF1C0
:10242000070F67DDE6455CD34FF0080A14F8013F5B
:10243000B3B118F80360002EEAD00AF1010ABAF12C
:10244000080F05F1010542DCDCF800301B0106F045
:102450000F061E43CCF8006014F8013F002BE8D1B2
:10246000104672468E46009B002D72D0BC4502D2AB
:10247000BAF1070F74DD624555D26346111F53F858
:10248000044B734541F8044FF9D9AEEB0C0323F02C
:1024900003030EF1010104330CF1010C8C4588BFDC
:1024A00004230021134443F8041B7345FBD950F85F
:1024B000041C19B107E05EF8043D23B97245FAD156
:1024C0000123CEF80030052005B0BDE8F08FE645C9
:1024D000ACD24CF804BC00234FF0010AACF1040C60
:1024E000B5E7ACF104074CF804BCA946BC464FF074
:1024F000000A9BE7CAF1080080006646CDE902C2E7
:10250000DCF800308446C0F1200A706800FA0AF254
:102510001A4320FA0CF3326046F8043FB742F4D86D
:10252000DDE902C27EE750F8041C002BC1D04FF059
:10253000FF34C3F1200324FA03F3194040F8041CCC
:10254000B7E7104672468E4619462929019E009B20
:1025500003D0042005B0BDE8F08F0134346083E778
:10256000DCF80040CAF10801890066468846254625
:10257000C1F12009716801FA09F42C4321FA08F528
:10258000346046F8045FB742F4D874E7D8A6000870
:1025900070B5114E054633680C46BBB1214628463E
:1025A00001F064FB431C01460CD0C41C24F003045E
:1025B000A04205D02846611A01F058FB013001D035
:1025C000204670BD4FF0FF34204670BD194601F023
:1025D0004DFB3060E2E700BF340400202DE9F843F2
:1025E000CD1C25F0030508350C2D38BF0C25002D1A
:1025F000064618DBA94216D8DFF8DC8000F08EF81A
:10260000D8F80420A2B1144603E0636822467BB1E7
:102610001C4623685B1BF8D40B2B1FD894426368BD
:1026200054D053600CE00C2333600020BDE8F883E5
:1026300029463046FFF7ACFF431C044619D005601D
:10264000304600F071F804F10B00231D20F0070064
:10265000C21A1CBF1B1AA350BDE8F883611994422B
:10266000256014BF5160C8F80410635163684B6063
:10267000E6E7D8F804701FB33C467F68002FFBD113
:1026800023683946304604EB030901F0EFFA81452F
:1026900016D123683046ED1A2946FFF779FF01303D
:1026A0000ED02368D8F804202B442360536883B1EC
:1026B000A34203D01A465B689C42FBD10023B0E7DB
:1026C0000C233046336000F02FF8AEE7C8F8043032
:1026D000B6E7C8F80470B3E73404002010B4034C24
:1026E000D4F8E440A44610BC604700BF0C000020B2
:1026F00082B049B15AB16BB113780B601278101ED9
:1027000018BF012002B0704701A9002AF3D110467A
:1027100002B070476FF00100F4E700BF0148FFF717
:1027200049B900BF240400200148FFF74BB900BF9E
:102730002404002070B5C66905460C465EB1F368F6
:10274000A3B153F82400E8B1026843F82420002321
:10275000C0E9033370BD102001F020FB0646E8619C
:10276000E8B10023C0E90033C0E90233212204218B
:10277000284601F0FFFAEB69F060DB68002BE0D13E
:10278000002070BD0121284601FA04F56A1D92005F
:1027900001F0F0FA0028F3D0C0E90145D7E702467E
:1027A0006B21024B024801F0BFFA00BF94AB000856
:1027B000ACAB000870B5C66905460C464EB13CB1DD
:1027C000EB696268DB6853F82210216043F822400D
:1027D00070BD102001F0E2FAE86120B1C0E90066A6
:1027E000C0E90266EBE702468F21024B024801F086
:1027F0009BFA00BF94AB0008ACAB00082DE9F04198
:102800004FF0000E0E461C460D69074601F11400FC
:1028100001680EF1010E8BB202FB0343090C4FEA73
:10282000134C02FB01CC9BB203EB0C43754540F803
:10283000043B4FEA1C44EBDC3CB1B368AB4207DD20
:1028400006EB850301355C6135613046BDE8F081FA
:10285000716838460131FFF76DFF804690B13269EB
:1028600006F10C01023292000C30FFF78BF9314671
:1028700046463846FFF79EFF06EB850301355C614F
:102880003561E2E70246BA21014B024801F04CFAF9
:102890003CAB0008ACAB00082DE9F8431E460C46E3
:1028A00026490833174681FB032C092E4FEAE373B0
:1028B0000546C3EB6C0339DD4FF0010C00214FEAF4
:1028C0004C0C634501F10101F9DC2846FFF732FFAA
:1028D000014668B3089B092F43614FF00103036170
:1028E00012DC09270A34BE420BDDF61B264414F81D
:1028F000013B0A222846303BFFF780FFB4420146E5
:10290000F5D10846BDE8F88304F10909C8463C44FE
:1029100018F8013B0A222846303BFFF76FFFA0451D
:102920000146F5D1A7F108044C44DCE70021CCE7CF
:102930000246D321024B034801F0F6F9398EE33801
:102940003CAB0008ACAB0008B0F5803F03463ABF93
:10295000102083400020B3F1807F3CBF1B02083071
:10296000B3F1805F3CBF1B010430B3F1804F03D350
:10297000002B06DB013070479B0003D45B0003D4BF
:1029800020207047023070470330704703680146CB
:1029900013F0070209D0DA0721D498074BBF5B0870
:1029A0009B08012002200B60704798B2A0B110462E
:1029B000DAB20AB908301B0A1A0704BF1B0904302F
:1029C0009A0704BF9B080230DA0703D45B0800F1C2
:1029D000010006D00B6070471020C340E8E70020DC
:1029E00070472020704700BF10B50C460121FFF74B
:1029F000A1FE024618B10123C0E9043410BD40F223
:102A00004511024B024801F08FF900BF3CAB0008B2
:102A1000ACAB00082DE9F04FD1F8108015690E46D7
:102A2000A845924685B005DB2A46534645468A4668
:102A300090461E46DAF80830DAF8041005EB080470
:102A4000A342B8BF0131FFF775FE002800F089806E
:102A500000F1140707EB840E774505D23B460022B0
:102A600043F8042B9E45FBD8143606EB88080AF180
:102A70001409464509EB850566D2A5EB0A03153B0B
:102A800023F003030AF1150A043355452CBF9B4676
:102A90004FF0040BCDF808E08246AE46039405E003
:102AA000090C2AD1B04507F104074AD956F8041B8E
:102AB0008DB2002DF4D0CC463C46002301965CF844
:102AC000040B216886B28AB205FB0622000C090CB1
:102AD00005FB00111A4401EB124192B242EA014295
:102AE000E64544F8042B4FEA1143E8D8019E47F825
:102AF0000B3056F8041C090CD4D000223B68484621
:102B00001D463C46944602889BB201FB02C202EB82
:102B1000154243EA024344F8043B50F8043B25685D
:102B20004FEA134CABB201FB0C33704503EB12437D
:102B30004FEA134CE7D3B04547F80B3007F10407D1
:102B4000B4D8DDE902E45046002C02DC05E0013C8B
:102B500003D05EF8043D002BF9D0046105B0BDE858
:102B6000F08F02464FF4B171014B024801F0DCF8DE
:102B70003CAB0008ACAB00082DE9F04112F00303B8
:102B80001446074682B02DD10E46A4101CD0FA6917
:102B90008AB39568002D39D0E3074FF0000806D4BA
:102BA000641011D0286898B10546E307F8D531467E
:102BB0002A463846FFF72EFF0346314638461E4662
:102BC000FFF7F8FD6410EDD1304602B0BDE8F081AA
:102BD0002A4629463846FFF71DFF28600546C0F8FB
:102BE0000080E2E7184A013B52F823200023FFF758
:102BF00005FE0646C9E7102001F0D0F80246F8614C
:102C0000E0B10023C0E90033C0E9023301213846B6
:102C10000192FFF78FFD019A054640B1012340F272
:102C20007121C0E90431002390600360B4E70246DB
:102C300040F24511054B064801F076F840F2B31119
:102C4000044B034801F070F8D8A700083CAB00081B
:102C5000ACAB000894AB00082DE9F0470D462F6996
:102C6000AB6807EB62177C1C9C429146064649689C
:102C70004FEA621A04DD5B009C4201F10101FADCBB
:102C80003046FFF757FD804600284ED0BAF1000FBE
:102C900000F114000EDD034600210AF105024FEA9F
:102CA000820C08EB820243F8041B9342FBD1ACF187
:102CB00014031844296905F1140319F01F0903EBE3
:102CC00081012AD084464FF0000AC9F1200E1A680B
:102CD00002FA09F242EA0A024CF8042B53F8042BD8
:102CE000994222FA0EFAF2D84B1B153B23F003034C
:102CF000043305F11502914238BF042340F803A0C4
:102D0000BAF1000F00D13C4630462946C8F81040C1
:102D1000FFF750FD4046BDE8F087043853F8042B18
:102D2000994240F8042FF9D8EDE702464FF4EF71CD
:102D3000014B024800F0F8FF3CAB0008ACAB0008C8
:102D400084460B690069C01A15D10CF1140C1431BA
:102D50000CEB830210B401EB830301E0944508D22D
:102D600052F8044D53F8041D8C42F7D004D24FF0B2
:102D7000FF3010BC70477047012010BC704700BF87
:102D80002DE9F04F14460A6923698846D21A002AB1
:102D900083B040F0888001F1140604F1140202EBC4
:102DA000830206EB830301E09E427FD253F8045D69
:102DB00052F8041D8D42F7D076D3234600254446B1
:102DC00098466168FFF7B6FC002800F0898000F1A2
:102DD000140949464FF0000C2769D8F8106004F137
:102DE000140B08F1140EC56004F110020EEB8606F8
:102DF0000BEB870ACDF804B05EF8044B52F8045F81
:102E00001FFA84FBABB2A3EB0B03240C6344C4EBAB
:102E1000154404EB23449BB243EA0443764541F84E
:102E2000043B4FEA244CE7D808F115018E4234BF29
:102E300000210121A6EB0806153EB608002906F17F
:102E400001024FEA820208BF0422DDF804B00BEB56
:102E50000204A2454A4434D915462146E04651F8B9
:102E6000046BB3B263444FEA164E0EEB234E06EBEF
:102E700008039BB243EA0E438A454FEA2E4C45F8BD
:102E8000043BEBD80AF1FF3AAAEB040A2AF0030A42
:102E9000524423B952F8043D013F002BFAD0076198
:102EA00003B0BDE8F08F88DA01258AE70021FFF73B
:102EB00041FC70B101220023C0E9042303B0BDE846
:102EC000F08F00294FEA860608BF002609EB0602AC
:102ED000DFE7024640F23721054B064800F024FFA9
:102EE000024640F24521024B024800F01DFF00BFA0
:102EF0003CAB0008ACAB0008124B0A460B40A3F1F8
:102F00005073002B03DD00221946104670475B42C8
:102F1000B3F1A07F4FEA235106DA4FF400230022D9
:102F20000B4119461046704714391E29D4BF4FF083
:102F3000004201224FF00003D8BFCA401046194694
:102F4000704700BF0000F07FF8B5046900F114027B
:102F500002EB840454F8045C261F2846FFF7F4FCB7
:102F60000346C0F120000A2B086030DDB242A3F115
:102F70000B071AD254F8083C1FB3C7F1200C23FAF0
:102F80000CF1BD4045EA0106A4F1080546F07F5169
:102F9000AA4203FA07F341F4401116D254F80C2C5C
:102FA00022FA0CF213431846F8BD0B2B08D000236D
:102FB00005FA07F747F07F51184641F44011F8BD74
:102FC000002345F07F5141F440111846F8BDB2424C
:102FD0002CBF002254F8082CC3F10B0703F1150392
:102FE00025FA07FC38BFFA4005FA03F34CF07F518D
:102FF0001343184641F44011F8BD00BFF0B501215C
:1030000083B016461F46FFF795FB0546002847D0BC
:10301000C7F30A54C7F313030CB143F48013002E13
:10302000019314D101A8FFF7B1FC0122019B2030CC
:103030006B612A6114B3089BA4F2334404441C60FE
:10304000099BC0F135001860284603B0F0BD684602
:103050000096FFF79BFC019B00B30099C0F1200292
:1030600003FA02F2C34001930A43002B6A610CBFCA
:1030700001220222AB612A61002CDCD105EB820126
:10308000A0F23243086908990B60FFF75DFC099BC9
:10309000C0EB42101860284603B0F0BD009AE4E788
:1030A000024640F20F31024B024800F03DFE00BFE5
:1030B0003CAB0008ACAB00082DE9F04383B0884678
:1030C00069468146FFF740FF04460D46404601A988
:1030D000FFF73AFFD9F81030D8F81020A3EB020C14
:1030E000DDE900329B1A03EB4C13002B0BDD05EBE3
:1030F00003573D4602460B462046294602F00AF990
:1031000003B0BDE8F083C3EB033301EB0359494639
:10311000F0E700BF172870B506460ADD002000243E
:103120000749084D22462B4601F0CAFF013EF9D15E
:1031300070BD054B03EBC003D3E9040170BD00BFB4
:103140000000F03F00002440D8A7000801F1FF3C38
:10315000116902F114034FEA6C1C03EB81010CF1BD
:10316000010C8B4200EB8C0C16D210B5A0F1040EB2
:1031700053F8044B99424EF8044FF9D88B1A153B7B
:1031800023F0030304331844844504D9002340F892
:10319000043B8445FBD810BD844505D9002340F885
:1031A000043B8445FBD87047704700BF03694A1150
:1031B000934200F1140009DA00EB830302E053F8B4
:1031C000042DA2B98342FAD80020704700EB820395
:1031D000F8DD11F01F01F5D010B450F8224024FAA8
:1031E00001F28A40944208D0012010BC70470120AF
:1031F000704753F8042D002AF6D18342F9D80020F5
:1032000010BC704710B4034CD4F8E040A44610BC86
:10321000604700BF0C000020034649B1FF2A02D8D6
:1032200001200A7070478A224FF0FF301A60704701
:10323000084670472DE9F0471D468F680C46AF429F
:1032400016460B6836D8B1F90CC01CF4906F0ED13D
:103250003D46184631462A4600F08AFC0020A36805
:10326000DF1B2368A7602B442360BDE8F0874A6911
:10327000096902EB42025F1A02EBD2726B1C521018
:103280003B44934292BF914699461A461CF4806F84
:10329000804611D01146FFF7A1F9824600B33A46A5
:1032A0002169FEF76FFCA38923F4906343F0800348
:1032B000A38105E02F46CCE700F080FD824658B19F
:1032C0000AEB0703A9EB0707A760C4F810A02F4675
:1032D000C4F814902360BCE740462169FEF7D2FC95
:1032E0000C22A3894FF0FF3043F04003C8F80020C0
:1032F000A381BAE72DE9F04F936883B0924617682F
:103300000190002B76D04FF0000B0C465D468B6889
:103310000A6848E0B4F90CC01CF4906F2FD0D4E9CF
:103320000403A2EB000803EB430202EBD27208F1A4
:10333000010152102944914292BF914689460A46A2
:103340001CF4806F39D011460198FFF747F9064603
:1033500000283DD042462169FEF714FCA28922F4E0
:10336000906242F08002A28106EB0800A9EB0802FD
:103370002661A8462E46A2602060C4F8149032460A
:10338000594600F0F5FBDAF80810A3682268A3EBB1
:1033900008033244491BA3602260CAF8081049B3ED
:1033A000D7E900B5083798461046002DF8D09D4261
:1033B0001E46AFD2A8462E46E1E70146019800F02E
:1033C000FDFC06460028CFD101982169FEF75AFC82
:1033D0000C21A389019D43F0400329600022A381B1
:1033E0004FF0FF300023CAF80820CAF8043003B0B9
:1033F000BDE8F08F00200023CAF8043003B0BDE818
:10340000F08F00BF2DE9F04F1C468B8989461D06C1
:10341000824693469DB003D50B69002B00F0EE80E9
:10342000002343F2200209939BF8003001277C4ED1
:103430000394ADF82920002B71D05D4603E015F808
:10344000013F002B73D0252BF9D1B5EB0B0471D1C3
:103450002A78002A63D000234FF0FF320135CDE9EE
:103460000523049307938DF853301A9306E02546FD
:10347000049B801B07FA00F0034304932C460522AB
:1034800014F8011B304600F003FCA3460028EED1DF
:10349000049BD90644BF20228DF853201A0748BF49
:1034A0002B22297848BF8DF853202A294FD1039A1F
:1034B00011680432002903927BDB079169782E2979
:1034C0005BD0584C0322204600F0E2FB38B140228A
:1034D000049B001B824013430BF1010B04931BF868
:1034E000011B062250488DF8281000F0D1FB00285F
:1034F00065D04E4B002B55D003A900914A4650464B
:103500004B4B04A9AFF300808046B8F1FF3F06D0D3
:10351000099B434409939BF80030002B8DD1B9F8E7
:103520000C305B0679D409981DB0BDE8F08FB5EB7F
:103530000B04F4D023465A4649465046FFF77AFE1C
:103540000130ECD0099B2A782344099381E7A1F14B
:103550003002092A88BFAB46B1D8079B00E001348E
:10356000217803EB830302EB4303A1F13002092A24
:10357000F5D92E29A3460793A3D19BF801102A2938
:1035800027D1039B0BF102001A680433002A03932E
:10359000B8BF4FF0FF339BF8021005928346B8BFC7
:1035A00005938EE7039B073323F007030833039348
:1035B000AEE7494243F00203079104937EE703A973
:1035C00000914A4650461A4B04A900F0C5F88046BF
:1035D0009BE70023A1F13002092A0BF1010B0593AF
:1035E0003FF66FAF1BF8011F03EB830302EB4303AE
:1035F000A1F13002092AF5D9059362E74021FEF7CF
:10360000EDFFC9F80000C9F8100018B14023C9F84F
:10361000143005E70C23CAF800304FF0FF3083E781
:10362000E8AB0008F0AB0008F4AB000800000000B5
:10363000353200082DE9F84F92461F460A698B681B
:103640000C469A42B8BF1A46CAF8002091F8433097
:103650000646DDF8289013B10132CAF8002022682E
:1036600091065FD5DAF800300233CAF800302268DC
:1036700012F0060F11461DD1E1689942D8BF1146DC
:1036800018DD4FF0000804F1190B05E0E568DAF8E1
:103690000030ED1A45450CDD01235A4639463046C7
:1036A000C847013008F10108F0D14FF0FF30BDE804
:1036B000F88F216894F84330003B18BF01238A0635
:1036C0000AD53021E21882F8431094F845105A1CAC
:1036D0002244023382F843103946304604F1430253
:1036E000C8470130E1D0D4E902202368DAF800505D
:1036F00003F00603042B21691BD08A4220DD4FF022
:103700000008521A904400251A3401E0454517DAA2
:103710000123224639463046C847013005F10105EC
:10372000F4D1C2E712F0060F0DD0003B18BF012301
:10373000D2E7401B8A4220EAE078E2DC0028E2DCA3
:103740000020BDE8F88FE168DAF800309942D8BF70
:10375000114696DCAEE700BF2DE9F04717460A7E1A
:1037600084B00C46064698460C9D01F1430C002A95
:1037700035D0A2F15803D9B2202969D8202B67D8B7
:10378000DFE813F0E600660066006600660066008B
:1037900066006600660066006600AC0070006600A9
:1037A00066006600660070006600660066006600DF
:1037B00021008300C60066006600B6006600830034
:1037C00066006600EC002B682268181D616928609D
:1037D00010061B6802D4520600F1E0801960002335
:1037E000E14623613B4621463046CDF8008003AADE
:1037F000FFF720FF013020D04A4639463046236982
:10380000C047013019D02368E0689B07DDF80C90B1
:1038100018D5484516DD002504F1190A04E0E068D2
:10382000A0EB0903AB420DDD012352463946304679
:10383000C047013005F10105F1D14FF0FF3004B070
:10384000BDE8F0874845B8BF484604B0BDE8F087FA
:10385000012084F8422004F142090023206184F809
:103860004330BFE72A682368111D1806296002D477
:10387000590600F195801068014600286268C0F280
:1038800093804FF00A0E534815E020682B6810F023
:10389000800F53F8041B02D1400648BF89B26F2A3B
:1038A00014BF4FF00A0E4FF0080E4A482B60002359
:1038B000626884F84330002AA26051DB236823F059
:1038C0000403236000294BD1002A7BD1E146BEF1DD
:1038D000080F56D0ACEB0903236183E72A68012067
:1038E000116804322A6004F1420984F84210B4E7F6
:1038F0002B6800211A1D2A60D3F8009062684846A0
:1039000000F0C6F9002863D0A0EB09006060A4E7CE
:10391000236843F02003236078222F4884F8452051
:103920002A6813F0800F52F8041B03D113F0400FE4
:1039300018BF89B22A60DA0744BF43F0200323602E
:1039400019B9236823F0200323604FF0100EAEE76F
:103950005823204884F845302368E1E72368DBE7F3
:103960007546E146B1FBF5F30A4605FB131A194605
:1039700010F80A30AA4209F8013DF3D2BEF1080F4F
:10398000A8D12368DD07A5D5626823699A42A1DC26
:10399000302309F1FF3989F800309BE719801EE7D1
:1039A000B2F90010084668E72D20002AA26084F8CA
:1039B000430002DB23F0040323600A250548AE46DA
:1039C0004942CEE7037804F1420984F842307EE7A9
:1039D000606842E7FCAB000810AC0008F8B5B1F92C
:1039E0000C300C461E07074639D44A68002A53DDBE
:1039F000E56A002D31D000223E683A6013F480520F
:103A0000216A55D101233846A847451C024663D098
:103A1000B4F90C30E56A216A580705D56368D21AF3
:103A2000636B0BB1236CD21A00233846A847421CA3
:103A300040D00022236962602360A389DB0400D5A3
:103A40006065616B3E6041B104F14403994202D06C
:103A50003846FEF717F9002363630020F8BD0E69AE
:103A6000002EFAD09B0718BF00230D6808BF4B69D2
:103A70000E60AD1B8B600CE02B463246D4F828C09C
:103A80003846216AE047B0F1000CA5EB0C0566440E
:103A900006DD002DF0DCE0E70A6C002AA8DCDCE79C
:103AA000B4F90C3043F040034FF0FF30A381F8BD70
:103AB000626DB1E73968B4F90C301D29F2D80B4AB0
:103AC000CA40D507EED50022626022692260DA047E
:103AD000B7D50029B4D0B4E73B68002B98D01D2B94
:103AE00001D0162BDCD13E60B7E700BF01004020BB
:103AF00038B50B69CBB10C46054608B1036ABBB1BA
:103B0000B4F90C308BB1626ED00701D4990512D58F
:103B100028462146FFF762FF636E0546DA0702D4A6
:103B2000A3899B050BD5284638BD0025284638BDFE
:103B3000FDF7A6FCE4E7A06DFDF73CFFE8E7A06D0C
:103B4000FDF740FFEFE700BF014618B1044B1868CE
:103B5000FFF7CEBF034A04490448FDF7E1BC00BFAC
:103B60007801002000000020F13A00087C010020CC
:103B700088420ED98B1883420BD900EB020C002A25
:103B80006DD0624613F801CD994202F801CDF9D10A
:103B900070470F2A0FD8034602F1FF3C002A5ED07F
:103BA0000CF1010C013B8C4411F8012B614503F829
:103BB000012FF9D1704740EA01039B0750D1A2F1D0
:103BC000100370B501F1200C23F00F0501F1100E68
:103BD00000F11004AC441B095EF8105C0EF1100EED
:103BE00044F8105C5EF81C5C103444F81C5C5EF811
:103BF000185C44F8185C5EF8145CE64544F8145C04
:103C0000EAD1013312F00C0F01EB031102F00F04A3
:103C100000EB031328D08E46043C24F003064FEA41
:103C2000940C1E441C1F5EF8045B44F8045FB4420D
:103C3000F9D10CF1010402F0030203EB840301EB60
:103C4000840102F1FF3C4AB10CF1010C013B8C44B0
:103C500011F8012B614503F8012FF9D170BD7047B0
:103C6000034602F1FF3C9BE72246EAE7002238B513
:103C7000064D044608462A6006F042FC431C00D06C
:103C800038BD2B68002BFBD0236038BD100400200A
:103C90005FFA81FC810744D00346511E22B909E036
:103CA0009A0709D0013905D31846027801336245D5
:103CB000F6D1704700207047184603290CD8002918
:103CC000F8D00346014401E08B42F3D0184613F8C4
:103CD000012B6245F8D1704710B50CEB0C2402465D
:103CE00004EB044402E00439032915D9104652F8C4
:103CF000043B6340A3F1013E2EEA030313F0803F2F
:103D0000F1D00346014401E08B4208D0184613F875
:103D1000012B6245F8D110BD10460029F1D10020D9
:103D200010BD1146C9E700BF144600B51A460A4B3C
:103D30000D461B6885B0DE6803464CB1074901910A
:103D4000304607490294009500F078F800F08AF8B0
:103D500004490C46F3E700BF7801002024AC0008BA
:103D600034AC00080CAB000808B513460022FFF77E
:103D7000DBFF00BF70B5A1FB025454B92946FEF722
:103D80002DFC064618B12A462146FDF7BBFC3046FD
:103D900070BD0C2200260260F9E700BF024B01460D
:103DA0001868FEF71BBC00BF78010020024B0146DB
:103DB0001868FDF767BF00BF780100202DE9F041CA
:103DC000144641B30AB306460D4600F053F8844248
:103DD000074602D8B4EB500F13D821463046FEF701
:103DE000FDFB804650B1BC422246294628BF3A46D8
:103DF000FDF7C8FE29463046FDF744FF4046BDE8C2
:103E0000F081A8464046BDE8F081A046FDF73AFFA4
:103E10004046BDE8F0811146BDE8F041FEF7DEBB4B
:103E20000CB400B583B004AB53F8042B019300F03D
:103E300065F803B05DF804EB02B070470EB400B54E
:103E4000074A82B003AB0146106853F8042B019374
:103E500000F054F802B05DF804EB03B0704700BF07
:103E600078010020062008B500F06CFC012006F067
:103E700075FB00BF51F8043C181F002BBCBF0B584A
:103E8000C01870479368013B002B936005DAD2F8A5
:103E900018C0634507DB0A2905D01368581C106059
:103EA00008461970704700F007BB00BF9BB1F8B51A
:103EB000134406460F46541E5D1E01E0AC4208D076
:103EC0003A46304614F8011FFFF7DCFF431CF5D1DA
:103ED000F8BD0020F8BD0020704700BF936810B502
:103EE00014461BB918460023636010BD00F06EF93C
:103EF0000023A3600023636010BD00BF2DE9F04FD5
:103F0000A1B08B4691461C46049018B1036A002B61
:103F100000F04181DBF86420BBF90C30D20702D4F9
:103F20009F0540F131811E0740F19A80DBF8103087
:103F3000002B00F09580002343F220020D9399F8A6
:103F400000300127954E0794ADF83920002B77D02B
:103F50004D4604E015F8013F002B00F09780252B1B
:103F6000F8D1B5EB090A40F094802B78002B67D08C
:103F700000234FF0FF320135CDE9092308930B935D
:103F80008DF863301E9306E02546089B801B07FAD8
:103F900000F0034308932C46052214F8011B304619
:103FA000FFF776FEA1460028EED1089BD80644BF55
:103FB00020228DF86320190748BF2B22297848BF9B
:103FC0008DF863202A297AD1079A116804320029D2
:103FD0000792C0F2AD800B9169782E2900F086809F
:103FE0006F4C03222046FFF753FE38B14022089B56
:103FF000001B8240134309F10109089319F8011BC2
:10400000062268488DF83810FFF742FE002800F0BD
:104010009580654B002B7ED007A900915A460498E5
:10402000624B08A9AFF300800390039B013307D0D4
:104030000D9B039A13440D9399F80030002B87D100
:10404000DBF8643013F0010FBBF80C3002D19A0595
:1040500040F193805B0616D40D9821B0BDE8F08F37
:104060005946049800F076FA00283FF464AFDBF874
:104070006430DD0707D4BBF80C309C0503D4DBF8B3
:104080005800FDF79FFC4FF0FF30E6E7B5EB090A5B
:10409000D6D009F1FF3805954546DDF8108001E0DE
:1040A000A2453FD92C465A46404615F8011FFFF756
:1040B000E9FE02340130A4EB0904F1D1C0E7A1F11B
:1040C0003002092A88BFA94687D80B9B00E001343B
:1040D000217803EB830302EB4303A1F13002092AA9
:1040E000F5D92E29A1460B937FF47AAF99F80110E8
:1040F0002A292DD1079B09F102001A680433002AEE
:104100000793B8BF4FF0FF3399F802100992814628
:10411000B8BF099364E7079B073323F0070308330D
:10412000079385E70D99059D51442B780D911DE767
:10413000494243F002030B9108934DE707A9009110
:104140005A460498194B08A9FFF706FB03906CE741
:104150000023A1F13002092A09F1010909933FF670
:104160003FAF19F8011F03EB830302EB4303A1F1F7
:104170003002092AF5D9099332E7DBF85800FDF738
:1041800021FCBBF80C3065E7DBF85800FDF712FCAA
:10419000BBF90C30C7E6FDF773F9BBE6E8AB0008E6
:1041A000F0AB0008F4AB000800000000AD3E0008D2
:1041B0008C4600B586461346034A714610685DF882
:1041C00004EB6246FFF79ABE780100209368002B4B
:1041D00000F0F0802DE9F04FB1F90CC090461CF0D2
:1041E000080F81460C4683B02BD00B694BB31CF0F3
:1041F0000207D8F8006032D04FF0000A5546D4F8D4
:1042000028B0216AAB4FC5B1BD422B46524628BFEC
:104210003B464846D847002840F3C280D8F80830CB
:1042200082441B1A2D1AC8F80830002B00F0AE800B
:10423000D4F828B0216A002DE6D1D6E900A50836C9
:10424000E1E72146484600F085F9002840F0AD80BE
:10425000B4F90CC0D8F800601CF00207CCD11CF0F7
:10426000010A63D157462368A16818468B46002F80
:1042700058D01CF4007F00F0B180B9420A4600F229
:10428000DD801CF4906F2FD0216962695D1A02EB0A
:10429000420202EBD2726B1C52103B44934292BF1B
:1042A00093469B461A461CF4806F00F0E680114648
:1042B0004846FEF793F9002800F0F5802A46216968
:1042C0000190FDF75FFCA289019B22F4906242F00D
:1042D0008002A2815819C4F814B0ABEB05053A4628
:1042E000BB462361A56020603D46002751460192F0
:1042F000FFF73EFCA1682368019AA1EB0B011A4469
:10430000A1602260D8F80830AA445B1BC8F80830C6
:10431000002B3BD02368A16818468B46B4F90CC02B
:10432000002FA6D1D6E900A708369EE73846BB463F
:104330003D46002D40D0002845D03A46D4E904C37C
:104340002068AA4228BF2A466045A16804D901EB2B
:10435000030A524500F38280934272DC5A46484673
:10436000216AD4F828C0E047B0F1000A18DDB7EBA5
:104370000A070FD00120D8F80830D344A3EB0A0372
:10438000A5EB0A05C8F80830002BD2D1002003B0F5
:10439000BDE8F08F21464846FFF7AAFB0028EAD087
:1043A000B4F90C3043F04003A3814FF0FF3003B069
:1043B000BDE8F08F00207047756833460836002D41
:1043C000FAD0D3F800B02A460A215846FFF760FC1D
:1043D000002865D00130A0EB0B07AEE722699A42B6
:1043E00014D36569BD4211D86FF00043BB4228BFAA
:1043F0003B4693FBF5F3524605FB03F34846A56A9B
:10440000216AA847051ECBDD7F1B7BE7B94228BF89
:1044100039460D46184651462A46FFF7A9FBA168C2
:104420002368491B2B44A16023600029ECD121465D
:104430004846FFF75DFB0028E6D0B1E7BB463A46A9
:1044400052E759460192FFF793FB019AA3689246FF
:104450009B1AA36023681344236088E75946524699
:10446000FFF786FB23682146534448462360FFF745
:104470003FFB00283FF47BAF92E74846FFF79EFCE6
:10448000034600287FF426AF48462169FDF7FAFB72
:104490000C22B4F90C30C9F8002023F0800381E726
:1044A0006A1C17464AE70C22B4F90C30C9F8002000
:1044B00078E700BF00FCFF7FF8B506460D461446BE
:1044C00010B1036A002B37D0A269A389A2601A0732
:1044D00019D52369BBB122686169D31AEDB299423B
:1044E0002F4620DD0133A1680139A160511C2160F4
:1044F000157062699A420DD0A389DB0701D50A2D98
:1045000008D03846F8BD2146304600F023F838B9C7
:104510002369E0E721463046FFF7EAFA0028F0D0A9
:104520004FF0FF37EDE721463046FFF7E1FA00286C
:10453000F6D101232268D6E7FCF7A2FFC4E700BF4B
:1045400003460A46024908681946FFF7B5BF00BF8F
:104550007801002038B52F4B05461B680C4613B177
:104560001A6A002A4BD0B4F90C3018071CD52269FE
:1045700022B313F0010107D000206169A060494215
:10458000A1613AB1002038BD980758BF6169A160A8
:10459000002AF7D1190658BF1046F4D543F040035E
:1045A000A3814FF0FF3038BDD9062CD55A0712D45D
:1045B000226943F00803A381002ADAD103F42071B1
:1045C000B1F5007FD5D02146284600F06DF9B4F949
:1045D0000C302269CDE7616B51B104F14402914284
:1045E00004D02846FDF74EFBB4F90C30002262637C
:1045F0000021226923F02403C4E90021D9E71846E9
:10460000FCF73EFFAFE7092243F040032A60A38195
:10461000C7E700BF7801002038B5C46B0CB100209B
:1046200038BD80210546FDF7D9FF0246E86330B169
:10463000031F7C3243F8044F9342FBD1EFE74FF066
:10464000FF3038BD30B51F29054683B008D8C36B8D
:104650000C4653B153F8240043F8242003B030BD76
:10466000162303604FF0FF30F8E780210192FDF739
:10467000B5FF019A0346E8630028F3D0011F00F15B
:104680007C05002041F8040FA942FBD1E2E700BFFE
:104690001F2938B505461ED8C26B0C466AB152F8C0
:1046A000213053B1012B06D0591C10D000212046D7
:1046B00042F824109847002038BD284600F0F2F850
:1046C000224601462846BDE8384000F0D7B81623F8
:1046D00001202B6038BD16234FF0FF302B6038BD12
:1046E0001F292BD838B5C36B0C460546A3B153F828
:1046F000242003EB84034AB1511C0BD0012A07D0BC
:10470000002520461D609047284638BD012038BD51
:10471000032038BD022038BD8021FDF75FFF03462E
:10472000E86340B100201A1F03F17C0142F8040F36
:104730008A42FBD1DBE74FF0FF3038BD4FF0FF304E
:10474000704700BF38B5134B1F281D681DD8EA6B92
:10475000044662B152F820304BB1012B05D0591CF0
:104760000FD0002142F820109847002038BD28467D
:1047700000F098F8224601462846BDE8384000F08F
:104780007DB8162301202B6038BD16234FF0FF3073
:104790002B6038BD78010020114B1F2870B51E68B2
:1047A00008D8F36B04460D464BB153F8240043F888
:1047B000245070BD162333604FF0FF3070BD802150
:1047C0003046FDF70BFF0346F0630028F4D00021CC
:1047D000021F7C3042F8041F8242FBD1E5E700BF94
:1047E0007801002038B50B4B1D68EC6B0CB1002034
:1047F00038BD80212846FDF7F1FEE86338B1031F7C
:1048000000F17C0243F8044F9342FBD1EFE74FF0F5
:10481000FF3038BD7801002038B5174B1F281D68C0
:1048200026D80446E86BA0B150F8242000EB84039E
:104830004AB1511C0BD0012A07D0002520461D602B
:104840009047284638BD012038BD032038BD0220DE
:1048500038BD80212846FDF7C1FEE86340B1002144
:10486000031F00F17C0243F8041F9342FBD1DBE7F6
:104870004FF0FF3038BD00BF7801002070B5002632
:10488000074D0446084611462E6005F05FFE431CA6
:1048900000D070BD2B68002BFBD0236070BD00BF23
:1048A0001004002005F050BE70B5B1F90C300C4674
:1048B000990796B007D5012204F14703C4E90432F1
:1048C000236016B070BDB4F90E100546002929DB2F
:1048D0006A4600F071F8002822DB4FF48061284618
:1048E000019EFDF77BFE88B3A38906F4704643F072
:1048F0008003A3814FF48063B6F5005FC4E904032D
:104900002060DED12846B4F90E1000F069F80028C6
:10491000D7D0A38923F0030343F00103A381D0E799
:10492000B4F90C3013F0800F14BF40264FF48066AA
:1049300028463146FDF752FE40B1A389C4E904067A
:1049400043F080032060A38116B070BDB4F90C3031
:104950009A05B6D4012123F0030304F1470243F082
:104960000203C4E90421A3812260AAE770B50C46C2
:10497000B1F90E10154600291E4696B00FDB6A46A7
:1049800000F01AF800280ADB019B4FF4806203F460
:104990007043A3F50053B3FA83F35B0907E0A289E0
:1049A000002312F0800F14BF40224FF480620020D9
:1049B00033602A6016B070BD70B50026074D0446FE
:1049C000084611462E6005F0F0FD431C00D070BD76
:1049D0002B68002BFBD0236070BD00BF10040020AB
:1049E000002238B5064D044608462A6005F0E2FD6F
:1049F000431C00D038BD2B68002BFBD0236038BD92
:104A00001004002000F000B870B521F00045B5F1A9
:104A1000FF4F0A4603462CD820F00046B6F1FF4F60
:104A2000844626D8B1F17E5F35D08C1704F002049D
:104A300044EAD07416B33DB3B5F1FF4F33D0B6F1AD
:104A4000FF4F21D0761BB6F1F45F4FEAE65028DA2B
:104A5000002934DA3C3032DA0020012C40D0022C1C
:104A600036D02CB1254900F051FE254900F04CFE0E
:104A700070BD1946104600F049FE70BD022C08D0EA
:104A8000032CF5D11F4870BDBCF1000F07DB1E4899
:104A900070BD1B4870BDBDE8704000F03DB81B48BC
:104AA00070BD1948D9E7B6F1FF4F04F1FF341AD0B1
:104AB000022C1ED8164B03EB8403D86870BD114638
:104AC000184600F0DFFF00F03BF900F025F8C4E7DE
:104AD0000A4900F01BFE0146094800F015FE70BDB2
:104AE00000F1004070BD022C05D8094B53F824009A
:104AF00070BD002070BD074870BD00BF2EBDBB3328
:104B0000DB0F4940DB0F49C0DB0FC93FDB0FC9BFDB
:104B100004AA0008DB0F493F2DE9F04120F00045D1
:104B2000B5F1A14F0446074608D3B5F1FF4F73D83E
:104B3000002840F381806F48BDE8F0816E4B9D42B4
:104B40007DD8B5F1445F6CD34FF0FF382146204645
:104B500000F0E4FE0146064600F0E0FE0546674927
:104B600000F0DCFE664900F0D1FD294600F0D6FEDB
:104B7000644900F0CBFD294600F0D0FE624900F008
:104B8000C5FD294600F0CAFE604900F0BFFD294678
:104B900000F0C4FE5E4900F0B9FD314600F0BEFEF3
:104BA0005C490646284600F0B9FE5B4900F0ACFDC2
:104BB000294600F0B3FE594900F0A6FD294600F051
:104BC000ADFE574900F0A0FD294600F0A7FE55496B
:104BD00000F09AFD294600F0A1FE0146304600F0A3
:104BE00095FD214600F09AFEB8F1FF3F014646D000
:104BF0004D4D05EB8803196900F086FD214600F054
:104C000083FD014655F8280000F07EFD002F93DA61
:104C100000F10040BDE8F081014600F077FDBDE8FD
:104C2000F081424900F072FD4FF07E5101F032F800
:104C3000002889D020467FE73D48BDE8F08100F09C
:104C40007FF83C4B04469D421ED8A3F5D0039D42FD
:104C50003CD8014600F05AFD4FF07E5100F054FD63
:104C600003464FF0804120461C4600F04FFD0146B0
:104C7000204600F007FF4FF00008044666E7204694
:104C800000F042FDBDE8F0812B4B9D4216D84FF05D
:104C90007F5100F039FD03464FF07F5120461C46FE
:104CA00000F03CFE4FF07E5100F030FD0146204602
:104CB00000F0E8FE4FF00208044647E701461F48AF
:104CC00000F0E0FE4FF0030804463FE74FF07E514E
:104CD00000F01AFD03464FF07E5120461C4600F0BE
:104CE00015FD0146204600F0CDFE4FF001080446B8
:104CF0002CE700BFDB0FC93FFFFFDF3ED769853CD4
:104D000059DA4B3D356B883D6E2EBA3D2549123E32
:104D1000ABAAAA3E21A215BD6BF16E3D95879D3DC4
:104D2000388EE33DCDCC4C3E1CAA0008CAF2497136
:104D3000DB0FC9BFFFFF973FFFFF1B40000080BF95
:104D400020F00040704700BF81F0004102E000BF4A
:104D500083F0004330B54FEA41044FEA430594EA3B
:104D6000050F08BF90EA020F1FBF54EA000C55EA76
:104D7000020C7FEA645C7FEA655C00F0E2804FEA47
:104D80005454D4EB5555B8BF6D420CDD2C4480EA29
:104D9000020281EA030382EA000083EA010180EA59
:104DA000020281EA0303362D88BF30BD11F0004FA7
:104DB0004FEA01314FF4801C4CEA113102D04042DD
:104DC00061EB410113F0004F4FEA03334CEA133318
:104DD00002D0524263EB430394EA050F00F0A78030
:104DE000A4F10104D5F1200E0DDB02FA0EFC22FA2B
:104DF00005F2801841F1000103FA0EF2801843FA1F
:104E000005F359410EE0A5F120050EF1200E012A0F
:104E100003FA0EFC28BF4CF0020C43FA05F3C0184D
:104E200051EBE37101F0004507D54FF0000EDCF1C6
:104E3000000C7EEB00006EEB0101B1F5801F1BD36F
:104E4000B1F5001F0CD349085FEA30004FEA3C0C73
:104E500004F101044FEA445212F5800F80F09A8069
:104E6000BCF1004F08BF5FEA500C50F1000041EB6D
:104E7000045141EA050130BD5FEA4C0C404141EB71
:104E80000101013C28BFB1F5801FE9D291F0000F6C
:104E900004BF01460020B1FA81F308BF2033A3F11B
:104EA0000B03B3F120020CDA0C3208DD02F1140C12
:104EB000C2F10C0201FA0CF021FA02F10CE002F14D
:104EC0001402D8BFC2F1200C01FA02F120FA0CFC46
:104ED000DCBF41EA0C019040E41AA2BF01EB04518F
:104EE000294330BD6FEA04041F3C1CDA0C340EDC8D
:104EF00004F11404C4F1200220FA04F001FA02F3D0
:104F000040EA030021FA04F345EA030130BDC4F18D
:104F10000C04C4F1200220FA02F001FA04F340EA82
:104F20000300294630BD21FA04F0294630BD94F033
:104F3000000F83F4801306BF81F480110134013D1A
:104F40004EE77FEA645C18BF7FEA655C29D094EA8B
:104F5000050F08BF90EA020F05D054EA000C04BF09
:104F60001946104630BD91EA030F1EBF00210020F4
:104F700030BD5FEA545C05D14000494128BF41F093
:104F8000004130BD14F580043CBF01F5801130BDF7
:104F900001F0004545F0FE4141F470014FF0000082
:104FA00030BD7FEA645C1ABF194610467FEA655C33
:104FB0001CBF0B46024650EA013406BF52EA0335D5
:104FC00091EA030F41F4002130BD00BF90F0000FC3
:104FD00004BF0021704730B54FF4806404F13204FF
:104FE0004FF000054FF0000150E700BF90F0000FB8
:104FF00004BF0021704730B54FF4806404F13204DF
:1050000010F0004548BF40424FF000013EE700BFAE
:1050100042004FEAE2014FEA31014FEA02701FBF3E
:1050200012F07F4393F07F4F81F06051704732F070
:105030007F4208BF704793F07F4F04BF41F40021C7
:10504000704730B54FF4607401F0004521F0004125
:105050001CE700BF50EA010208BF704730B54FF0AF
:1050600000050AE050EA010208BF704730B511F0B0
:10507000004502D5404261EB41014FF4806404F1E8
:1050800032045FEA915C3FF4D8AE4FF003025FEA6E
:10509000DC0C18BF03325FEADC0C18BF033202EBF2
:1050A000DC02C2F1200300FA03FC20FA02F001FA4C
:1050B00003FE40EA0E0021FA02F11444BDE600BFEF
:1050C00070B54FF0FF0C4CF4E06C1CEA11541DBF9E
:1050D0001CEA135594EA0C0F95EA0C0F00F0DEF869
:1050E0002C4481EA030621EA4C5123EA4C5350EA4E
:1050F000013518BF52EA033541F4801143F480139F
:1051000038D0A0FB02CE4FF00005E1FB02E506F02F
:105110000042E0FB03E54FF00006E1FB03569CF084
:10512000000F18BF4EF0010EA4F1FF04B6F5007F8A
:1051300064F5407404D25FEA4E0E6D4146EB0606FC
:1051400042EAC62141EA55514FEAC52040EA5E5085
:105150004FEACE2EB4F1FD0C88BFBCF5E06F1ED82F
:10516000BEF1004F08BF5FEA500E50F1000041EB66
:10517000045170BD06F0004646EA010140EA020013
:1051800081EA0301B4EB5C04C2BFD4EB0C0541EA35
:10519000045170BD41F480114FF0000E013C00F34A
:1051A000AB8014F1360FDEBF002001F0004170BD6E
:1051B000C4F10004203C35DA0C341BDC04F1140487
:1051C000C4F1200500FA05F320FA04F001FA05F213
:1051D00040EA020001F0004221F0004110EBD370E0
:1051E00021FA04F642EB06015EEA430E08BF20EA0C
:1051F000D37070BDC4F10C04C4F1200500FA04F3AF
:1052000020FA05F001FA04F240EA020001F0004140
:1052100010EBD37041F100015EEA430E08BF20EAB3
:10522000D37070BDC4F1200500FA05F24EEA020EFB
:1052300020FA04F301FA05F243EA020321FA04F02A
:1052400001F0004121FA04F220EA020000EBD370E1
:105250005EEA430E08BF20EAD37070BD94F0000FE1
:105260000FD101F00046400041EB010111F4801F15
:1052700008BF013CF7D041EA060195F0000F18BFC6
:10528000704703F00046520043EB030313F4801F02
:1052900008BF013DF7D043EA0603704794EA0C0FBC
:1052A0000CEA135518BF95EA0C0F0CD050EA4106D2
:1052B00018BF52EA4306D1D181EA030101F000414F
:1052C0004FF0000070BD50EA410606BF1046194677
:1052D00052EA430619D094EA0C0F02D150EA013683
:1052E00013D195EA0C0F05D152EA03361CBF1046C4
:1052F00019460AD181EA030101F0004141F0FE4163
:1053000041F470014FF0000070BD41F0FE4141F4E6
:10531000780170BD70B54FF0FF0C4CF4E06C1CEAE6
:1053200011541DBF1CEA135594EA0C0F95EA0C0F9B
:1053300000F0A7F8A4EB050481EA030E52EA033556
:105340004FEA013100F088804FEA03334FF0805577
:1053500045EA131343EA12634FEA022245EA1115A4
:1053600045EA10654FEA00260EF000419D4208BF55
:10537000964244F1FD0404F5407402D25B084FEA02
:105380003202B61A65EB03055B084FEA32024FF4AE
:1053900080104FF4002CB6EB020E75EB030E22BF0B
:1053A000B61A754640EA0C005B084FEA3202B6EBCB
:1053B000020E75EB030E22BFB61A754640EA5C007A
:1053C0005B084FEA3202B6EB020E75EB030E22BF0A
:1053D000B61A754640EA9C005B084FEA3202B6EB0B
:1053E000020E75EB030E22BFB61A754640EADC00CA
:1053F00055EA060E18D04FEA051545EA16754FEA2C
:1054000006164FEAC30343EA52734FEAC2025FEA49
:105410001C1CC0D111F4801F0BD141EA00014FF0D8
:1054200000004FF0004CB6E711F4801F04BF0143A9
:105430000020B4F1FD0C88BFBCF5E06F3FF6AFAEC5
:10544000B5EB030C04BFB6EB020C5FEA500C50F155
:10545000000041EB045170BD0EF0004E4EEA1131D8
:1054600014EB5C04C2BFD4EB0C0541EA045170BDDF
:1054700041F480114FF0000E013C90E645EA060E23
:105480008DE60CEA135594EA0C0F08BF95EA0C0F51
:105490003FF43BAF94EA0C0F0AD150EA01347FF499
:1054A00034AF95EA0C0F7FF425AF104619462CE770
:1054B00095EA0C0F06D152EA03353FF4FDAE1046D3
:1054C000194622E750EA410618BF52EA43067FF424
:1054D000C5AE50EA41047FF40DAF52EA43057FF4B4
:1054E000EBAE12E74FF0FF3C06E000BF4FF0010CBF
:1054F00002E000BF4FF0010C4DF804CD4FEA410C23
:105500007FEA6C5C4FEA430C18BF7FEA6C5C1BD0EF
:1055100001B050EA410C0CBF52EA430C91EA030F70
:1055200002BF90EA020F0020704710F1000F91EACD
:10553000030F58BF994208BF90422CBFD8176FEA9B
:10554000E37040F0010070474FEA410C7FEA6C5C69
:1055500002D150EA013C07D14FEA430C7FEA6C5C70
:10556000D6D152EA033CD3D05DF8040B704700BF9C
:105570008446104662468C461946634600E000BFEA
:1055800001B5FFF7B7FF002848BF10F1000F01BDBC
:105590004DF808EDFFF7F4FF0CBF012000205DF887
:1055A00008FB00BF4DF808EDFFF7EAFF34BF01200C
:1055B00000205DF808FB00BF4DF808EDFFF7E0FFA5
:1055C00094BF012000205DF808FB00BF4DF808EDF6
:1055D000FFF7CEFF94BF012000205DF808FB00BF5D
:1055E0004DF808EDFFF7C4FF34BF012000205DF83F
:1055F00008FB00BF4FEA410C7FEA6C5C02D150EA25
:10560000013C0AD14FEA430C7FEA6C5C02D152EABA
:10561000033C02D14FF0000070474FF0010070478B
:105620004A0011D212F5001211D20DD56FF4787321
:10563000B3EB62520ED44FEAC12343F0004343EA76
:10564000505323FA02F070474FF00000704750EAC1
:10565000013002D14FF0FF3070474FF0000070472B
:105660004FEA4102B2F1E04324BFB3F5001CDCF184
:10567000FE5C0DD901F0004C4FEAC0024CEA5070BC
:10568000B2F1004F40EB830008BF20F001007047EB
:1056900011F0804F21D113F13872BCBF01F00040EE
:1056A000704741F480114FEA5252C2F11802C2F120
:1056B000200C10FA0CF320FA02F018BF40F00100A1
:1056C0004FEAC1234FEAD32303FA0CFC40EA0C0053
:1056D00023FA02F34FEA4303CCE77FEA625307D190
:1056E00050EA01331EBF4FF0FE4040F440007047C7
:1056F00001F0004040F0FE4040F40000704700BF61
:1057000080F0004002E000BF81F0004142001FBF76
:105710005FEA410392EA030F7FEA226C7FEA236C7F
:105720006AD04FEA1262D2EB1363C1BFD218414074
:1057300048404140B8BF5B42192B88BF704710F00A
:10574000004F40F4000020F07F4018BF404211F0AD
:10575000004F41F4000121F07F4118BF494292EA15
:10576000030F3FD0A2F1010241FA03FC10EB0C0041
:10577000C3F1200301FA03F100F0004302D54942CE
:1057800060EB4000B0F5000F13D3B0F1807F06D37B
:1057900040084FEA310102F10102FE2A51D2B1F173
:1057A000004F40EBC25008BF20F0010040EA030068
:1057B0007047490040EB0000013A28BFB0F5000FE8
:1057C000EDD2B0FA80FCACF1080CB2EB0C0200FA9E
:1057D0000CF0AABF00EBC25052421843BCBFD040ED
:1057E0001843704792F0000F81F4000106BF80F467
:1057F00000000132013BB5E74FEA41037FEA226C2A
:1058000018BF7FEA236C21D092EA030F04D092F0F4
:10581000000F08BF0846704790EA010F1CBF002028
:10582000704712F07F4F04D1400028BF40F0004085
:10583000704712F100723CBF00F50000704700F0A5
:10584000004343F0FE4040F4000070477FEA2262CC
:1058500016BF08467FEA23630146420206BF5FEA9D
:10586000412390EA010F40F4800070474FF000039D
:1058700004E000BF10F0004348BF40425FEA000C64
:1058800008BF704743F0964301464FF000001CE00C
:1058900050EA010208BF70474FF000030AE000BF62
:1058A00050EA010208BF704711F0004302D54042A0
:1058B00061EB41015FEA010C02BF84460146002012
:1058C00043F0B64308BFA3F18053A3F50003BCFA2D
:1058D0008CF2083AA3EBC25310DB01FA02FC6344DA
:1058E00000FA02FCC2F12002BCF1004F20FA02F2E1
:1058F00043EB020008BF20F00100704702F12002D4
:1059000001FA02FCC2F1200250EA4C0021FA02F234
:1059100043EB020008BF20EADC7070474FF0FF0C39
:105920001CEAD0521EBF1CEAD15392EA0C0F93EA34
:105930000C0F6FD01A4480EA010C400218BF5FEAD6
:1059400041211ED04FF0006343EA501043EA511149
:10595000A0FB01310CF00040B1F5000F3EBF490043
:1059600041EAD3715B0040EA010062F17F02FD2A47
:105970001DD8B3F1004F40EBC25008BF20F001002A
:10598000704790F0000F0CF0004C08BF49024CEA41
:10599000502040EA51207F3AC2BFD2F1FF0340EAD3
:1059A000C250704740F400004FF00003013A5DDC44
:1059B00012F1190FDCBF00F000407047C2F1000285
:1059C000410021FA02F1C2F1200200FA02FC5FEA72
:1059D000310040F1000053EA4C0308BF20EADC70BC
:1059E000704792F0000F00F0004C02BF400010F42E
:1059F000000F013AF9D040EA0C0093F0000F01F0DB
:105A0000004C02BF490011F4000F013BF9D041EAFC
:105A10000C018FE70CEAD15392EA0C0F18BF93EAFE
:105A20000C0F0AD030F0004C18BF31F0004CD8D128
:105A300080EA010000F00040704790F0000F17BFAF
:105A400090F0004F084691F0000F91F0004F14D0F5
:105A500092EA0C0F01D142020FD193EA0C0F03D14D
:105A60004B0218BF084608D180EA010000F0004050
:105A700040F0FE4040F40000704740F0FE4040F42B
:105A8000400070474FF0FF0C1CEAD0521EBF1CEACA
:105A9000D15392EA0C0F93EA0C0F69D0A2EB0302E8
:105AA00080EA010C49024FEA402037D04FF0805382
:105AB00043EA111143EA10130CF000408B4238BF47
:105AC0005B0042F17D024FF4000C8B4224BF5B1A55
:105AD00040EA0C00B3EB510F24BFA3EB510340EAA3
:105AE0005C00B3EB910F24BFA3EB910340EA9C0051
:105AF000B3EBD10F24BFA3EBD10340EADC001B01C1
:105B000018BF5FEA1C1CE0D1FD2A3FF650AF8B4264
:105B100040EBC25008BF20F0010070470CF0004C71
:105B20004CEA50207F32C2BFD2F1FF0340EAC2509C
:105B3000704740F400004FF00003013A37E792F05D
:105B4000000F00F0004C02BF400010F4000F013ABB
:105B5000F9D040EA0C0093F0000F01F0004C02BFB6
:105B6000490011F4000F013BF9D041EA0C0195E71F
:105B70000CEAD15392EA0C0F08D142027FF47DAFB8
:105B800093EA0C0F7FF470AF084676E793EA0C0FA8
:105B900004D14B023FF44CAF08466EE730F0004CA6
:105BA00018BF31F0004CCAD130F000427FF45CAF36
:105BB00031F000437FF43CAF5FE700BF4FF0FF3CA4
:105BC00006E000BF4FF0010C02E000BF4FF0010CF7
:105BD0004DF804CD4FEA40024FEA41037FEA226CC0
:105BE00018BF7FEA236C11D001B052EA530C18BFE2
:105BF00090EA010F58BFB2EB030088BFC81738BF47
:105C00006FEAE17018BF40F0010070477FEA226C34
:105C100002D15FEA402C05D17FEA236CE4D15FEA30
:105C2000412CE1D05DF8040B704700BF8446084664
:105C30006146FFE70FB5FFF7C9FF002848BF10F125
:105C4000000F0FBD4DF808EDFFF7F4FF0CBF01206A
:105C500000205DF808FB00BF4DF808EDFFF7EAFFF4
:105C600034BF012000205DF808FB00BF4DF808EDAF
:105C7000FFF7E0FF94BF012000205DF808FB00BFA4
:105C80004DF808EDFFF7D2FF94BF012000205DF82A
:105C900008FB00BF4DF808EDFFF7C8FF34BF012037
:105CA00000205DF808FB00BF4FEA40024FEA4103C5
:105CB0007FEA226C02D15FEA402C08D17FEA236C94
:105CC00002D15FEA412C02D14FF0000070474FF043
:105CD000010070474FEA4002B2F1FE4F0FD34FF080
:105CE0009E03B3EB12620DD94FEA002343F0004349
:105CF00010F0004F23FA02F018BF404270474FF0F7
:105D00000000704712F1610F01D1420205D110F07D
:105D1000004008BF6FF0004070474FF00000704730
:105D200010B5054C237833B9044B13B10448AFF3D5
:105D300000800123237010BD3C04002000000000FF
:105D400070A6000808B5034B1BB103490348AFF325
:105D5000008008BD000000004004002070A600087C
:105D600072B6FEE700B591B02822002106A8FBF725
:105D7000C9FC002301930293039304930593022328
:105D8000069301220A9210220B920D934FF4601396
:105D90000F9306A802F0C8FF80B90F2301930221D8
:105DA0000291002303934FF480620492059301A8AB
:105DB00003F0ECF920B911B05DF804FBFFF7D0FF58
:105DC000FFF7CEFF08B501F0B7FFFFF7CBFF00F0FC
:105DD000DBF900F029FAFCE7024A536803435360F9
:105DE000704700BFB0040020034B5A6822F00E0237
:105DF0005A6000229A727047B004002010B5044621
:105E00000949FFF747FF48B908492046FFF724FF33
:105E100030B92046FFF75EFF00B210BD6420FCE7FA
:105E20006FF06300F9E700BF0000C8420000C8C27D
:105E300070B584B0002300930193029303934FF451
:105E4000005500950126019602230393054C6946EF
:105E5000204603F077FA32462946204603F087FBB6
:105E600004B070BD0010014000B583B0094B9A69C1
:105E700042F010029A619B6903F010030193019BA9
:105E8000FFF7D6FF044B00229A731A735A7303B0BC
:105E90005DF804FB00100240B004002008B5054B7B
:105EA0001A78B2FA82F252094FF40051024803F014
:105EB0005EFB08BD7C0200200010014008B5FFF722
:105EC000EDFF08BD08B5094801F078FA084801F06F
:105ED00075FA084801F072FA074B00221A60074B66
:105EE00000221A875A879A87DA8708BD4002002065
:105EF00004020020C80100205C040020B00400203F
:105F000008B5054B00221A721A875A879A87DA87D2
:105F100000F0A8FF08BD00BFB00400202DE9F04349
:105F200085B001A801F0D0F800286FD15A4C0123A8
:105F30006372BDF904702782BDF906306382BDF932
:105F40000860A682BDF90A30E382BDF90C00208307
:105F5000BDF90E306383FFF78DFCDFF84081D8F880
:105F60000C10FFF7D1FB05463046FFF783FC0646D1
:105F70003846FFF77FFC3146FEF744FD00F1004054
:105F80004749FFF77FFD4749FFF7C8FCD8F81010D5
:105F9000FFF7BCFB07464FF060512846FFF7BEFCF9
:105FA0004149FFF7BBFC4149FFF7B8FCDFF800911E
:105FB000D9F80010FFF7AAFB06463C493846FFF720
:105FC000ADFC05463B493046FFF7A8FC0146284694
:105FD000FFF79CFB0546C9F80000E7612662606296
:105FE000D8F81410FFF756FED8B9D8F8141001F1FC
:105FF00000412846FFF730FE98B9284B1B7813B1B3
:10600000254B5B7AB3B9FFF77BFF07E00220FFF770
:10601000E3FE214B00225A72FFF772FF05B0BDE884
:10602000F0830420FFF7D8FE1C4B00221A70FFF704
:1060300067FFF3E7184C012323721F4E756030464B
:1060400001F0C5F9F7681D4BD3F800804FF07C5183
:106050004046FFF763FC06463946FFF757FB054607
:1060600031463846FFF750FB06462846FFF7C6FE86
:1060700005463046FFF7C2FE06463846FFF7BEFE2D
:10608000A0874046FFF7BAFEE0872587668731463E
:10609000284600F095FEC1E7B00400207C020020F5
:1060A000D00F4940000034430000FA440AD7233C93
:1060B00060040020A4707D3F400200205C040020AA
:1060C000F8B500F0B5FC054600F0BCFC04462846D7
:1060D000FFF7D0FB2349FFF7D5FC2349FFF7D2FC9C
:1060E0002249FFF7CFFC05462046FFF7C3FB1D49B9
:1060F000FFF7C8FC1C49FFF7C5FC1C49FFF7C2FCB1
:10610000044601462846FFF701FB4FF07C51FFF79C
:1061100005FC074621462846FFF7F6FA144B9D6218
:10612000DC621F635863134B1B781BB10646104B90
:106130001B7A03B9F8BD0F4D6B680F4C2360676085
:10614000204601F044F9E2680C4B1A60AB680C4C35
:1061500023606660204601F03AF9E268094B1A6054
:10616000E8E700BF00005041CDCC4C3D0000F041BD
:10617000B00400207C020020040200204002002025
:10618000C80100205C04002010B5FFF76DFEFFF78A
:1061900099FE00F08FFE044668BB00F02BFC78BB34
:1061A00000F052FF88BB1D4B01225A7200F0CCFF59
:1061B0001A4BD87200F09EF900F050FA01F0B4FCCE
:1061C0001748184B03603F2343600023836040F26D
:1061D000E732C2600361836103F0C2FA18B9104864
:1061E00003F048FA18B14020FFF7F6FD0124FFF74D
:1061F00087FE204610BD1020FFF7EEFD0124CCE7FE
:106200002020FFF7E9FD0124CAE70120FFF7E4FDA4
:10621000024B00225A720124C8E700BFB0040020DC
:10622000680400200008004008B500F085F900F07F
:106230004DFA01F09BFC234B9B7823B10023214AAC
:106240009370214A53601F4B5B7853B91D4B1B78E9
:1062500013B11E4B1B7853B11A4B1A781B4B1A7093
:1062600017E0184B00225A70FFF72CFEEEE7FFF7FD
:10627000BBFDFFF727FE144B5A6A154B1A60EBE77C
:1062800072B6144A1378013BDBB2137062B6FFF7A3
:1062900045FE104B1B78002BF2D108E072B60E4A77
:1062A0001378013BDBB2137062B6FFF709FF0A4BAC
:1062B0001B78002BF2D1034B1B7803B108BDFFF70D
:1062C0001FFEFBE77C020020B004002064040020D5
:1062D00060040020660400206504002008B51E4A02
:1062E000136801331360FFF7E9FD1C4A137801338B
:1062F000DBB21370092B0CD9134600221A70184B0D
:106300001B78DBB2FF2B19D0154A13780133DBB2AF
:106310001370144A13780133DBB21370312B0CD98C
:10632000134600221A70104B1B78DBB2FF2B0CD0E7
:106330000D4A13780133DBB2137008BD0820FFF754
:106340004BFD054B01229A72E3E70820FFF744FD5D
:10635000014B01229A72F0E7B0040020590400209A
:1063600066040020580400206504002002680E4BDB
:106370009A4200D0704700B583B003F50233DA6962
:1063800042F00402DA61DB6903F004030193019B2C
:10639000002202211E2004F07FF81E2004F08CF859
:1063A00003B05DF804FB00BF0008004008B5084BCF
:1063B0001B681A6912F0010F03D0DA6812F0010F9E
:1063C00000D108BD6FF001021A61FFF787FFF8E7FF
:1063D00068040020024A936903439361704700BF39
:1063E00094020020024A936923EA000393617047F4
:1063F0009402002010B582B001A800F0BFFB00BBE2
:106400000820FFF7EFFF134A01235377019B9360A6
:10641000114A127822B90F4A13610F4A01211170F3
:106420000C4C2069181AFFF725FA6169FFF776FA14
:1064300004460021FFF710FC50B9064BDC6002B0A7
:1064400010BD0820FFF7C6FF024B00225A77F6E77F
:106450000024F2E794020020F004002000B583B08D
:10646000204B1B784BB101F085FC1F4B1B68C01AF9
:10647000112817D803B05DF804FB00F0E9F938B92A
:1064800001F078FC184B1860164B01221A70F1E7E6
:106490000220FFF79FFF01F06DFC00F5FA60134B3F
:1064A0001860E7E70F4B00221A7001F063FC00F55B
:1064B000FA600E4B1860684600F0D8F950B9022017
:1064C000FFF790FF0A4B01221A77009A1A60019A8F
:1064D0005A60CFE70220FFF77DFF054B00221A77B5
:1064E000C8E700BFF1040020F4040020F8040020F5
:1064F0009402002010B500F095F9044670B900F040
:1065000001FB80B901F036FC094B186001F032FC48
:1065100000F57A70074B1860204610BD0120FFF788
:1065200059FF0124EBE70420FFF754FF0124E9E7BA
:10653000FC040020F804002010B501F01BFC044608
:106540000B4B1B68C31A002B0ADA0A4B1B7823B9C2
:10655000094B1B68E41A002C01DBFFF77FFF10BD1D
:1065600000F16403024A1360FFF744FFEDE700BF48
:10657000FC040020F1040020F804002030B589B0AC
:106580002F4D28682F49FFF7C9F9FFF7A3FB0446F1
:10659000E8684FF07C51FFF7B9F8FFF79BFB054621
:1065A00000F04CFE284A82FB0432E317C3EBA2033F
:1065B000002C3FDB244981FB0421E217C2EBA1023E
:1065C00002EB8202A4EB42020092204A162102A8AA
:1065D000FBF708F802AA0021084600F0A9FE184CB3
:1065E00060684FF07C51FFF791F8FFF773FB0346AB
:1065F000174A162102A8FAF7F5FF02AA0221002085
:1066000000F096FE2B46134A162102A8FAF7EAFF7D
:1066100002AA0421002000F08BFEA3680E4A162176
:1066200002A8FAF7DFFF02AA0621002000F080FE90
:1066300009B030BD03EB8302C4EB4202C4E700BFE4
:106640009402002000002041676666663CAA0008AC
:106650004CAA000858AA000868AA000838B500F03B
:10666000F7FD0546D0B91020FFF7BCFE144C0123FE
:10667000A37700F0D1FDE07700F0D4FD84F820008E
:1066800000F0D6FD84F8210001F074FB0D4B18607A
:1066900001F070FB0C4B1860284638BD1020FFF746
:1066A00099FE074C0023A37700F0B6FDE07700F0D9
:1066B000B9FD84F8200000F0BBFD84F82100EBE771
:1066C000940200200405002000050020174B9B7F4A
:1066D00003B9704710B501F04DFB0446144B1B681D
:1066E000C31A002B05DA134B1B68E31A002B07DAD9
:1066F00010BD00F5FA730E4A1360FFF73FFFF2E793
:1067000014340C4B1C6000F04FFD50B12020FFF7FB
:1067100061FE064C0023A37700F08AFD84F8210077
:10672000E6E72020FFF75EFEE2E700BF94020020CC
:1067300004050020000500200A4B1B7883B90A4A93
:10674000D2F8FC3043F08073C2F8FC30074B0022D3
:106750005A601A6842F001021A60024B01221A7054
:10676000704700BF0805002000ED00E0001000E0C9
:1067700000B585B0002300930193029303934FF477
:106780008043009301230293032303936946034844
:1067900002F0D8FD05B05DF804FB00BF0010014019
:1067A00000B585B0002300930193029303934FF447
:1067B0008043009311230193012302930323039346
:1067C0006946034802F0BEFD05B05DF804FB00BF5A
:1067D0000010014010B5054B5C6802F08DFD044BC4
:1067E000A3FB0030800CB4FBF0F010BD001000E003
:1067F00083DE1B4370B504460E46FFF7EBFF0546EC
:106800004FF48041064802F0ABFEA04206D0FFF7ED
:10681000E1FF401BB042F3D9032000E0002070BD2F
:106820000010014000B583B0084B9A6942F0100295
:106830009A619B6903F010030193019BFFF77CFFB2
:10684000FFF796FF002003B05DF804FB0010024044
:1068500008B5FFF7A5FF00224FF48041024802F07F
:1068600086FE002008BD00BF001001402DE9F04366
:1068700083B0002300938DF8043000286FD00646C3
:10688000FFF776FF64210020FFF7B4FF00286BD1EB
:1068900064210120FFF7AEFF002867D16421FFF7D4
:1068A000A9FF0546002863D1044601E00134E4B2A3
:1068B000272C24D850210120FFF79CFF002859D114
:1068C000FFF788FF074678210020FFF793FF002895
:1068D00052D1FFF77FFFC01BC4F3C70202F10803C8
:1068E0000DEB030111F8083C5B00DBB201F8083C3A
:1068F0002D28DBD943F0010301F8083CD6E79DF8C9
:1069000000009DF80170C319DBB29DF802402344DA
:10691000DBB29DF803804344DBB29DF80420934230
:106920002CD1FEF7A3FF81463846FEF79FFF14499E
:10693000FEF7F4FF01464846FEF7E8FE7060204689
:10694000FEF794FF04464046FEF790FF0C49FEF721
:10695000E5FF01462046FEF7D9FE306000E0012544
:10696000284603B0BDE8F0830325F9E70325F7E7E0
:106970000325F5E70325F3E70325F1E70125EFE715
:10698000CDCCCC3D30B58DB004460D46242200213F
:1069900003A8FAF7B7FE0023019302932560636012
:1069A000A3604FF6FF72E2602361A36103220392AA
:1069B00004930121059106930F22079208930991F0
:1069C0000A930B9203A9204602F022FF10B1012086
:1069D0000DB030BD00230193029301A9204603F0BE
:1069E000F3F808B10120F3E73C21204603F086F8D4
:1069F000EEE7000008B50B490B48FFF7C3FF08B1ED
:106A0000012008BD4FF080410848FFF7BBFF38B9AF
:106A1000054B1A6800235362044A12685362F0E778
:106A20000120EEE7002C0140540500200C05002059
:106A3000034B1B68586A00225A62404200B27047FA
:106A400054050020034B1B68586A00225A6200B2AA
:106A5000704700BF0C05002000B589B000230493E7
:106A600005930693079303F1804303F504339A6972
:106A700042F004029A619B6903F004030193019BB5
:106A80000368164A93421AD0B3F1804F14D103F52C
:106A90000433DA6942F00102DA61DB6903F00103D1
:106AA0000393039B03230493012306930323079378
:106AB00004A90B4802F046FC09B05DF804FB094B41
:106AC0009A6942F400629A619B6903F4006302933D
:106AD000029B4FF440730493E6E700BF002C014093
:106AE000000801400010024082B00023019303E03F
:106AF00000BF019B01330193019B0F2BF8D902B01A
:106B00007047000070B586B000240294039404948A
:106B10000594174B9A6942F004029A619A6902F04F
:106B200004020092009A9A6942F008029A619B69F5
:106B300003F008030193019B0423029301250495AC
:106B400002A90C4802F0FEFB4FF480560296039512
:106B5000049402230593084D02A9284602F0F2FB93
:106B600022463146284602F002FD204606B070BD9E
:106B70000010024000080140000C014000284CD0E9
:106B800070B5064601F0F6F804460421244802F0E8
:106B9000E7FC012806D101F0EDF8001B6428F4D9C8
:106BA000032039E072B6002425460BE001231D4383
:106BB00000224FF480511B4802F0D9FCFFF794FFEC
:106BC0000134E4B2172C10D801224FF4805115483B
:106BD00002F0CDFCFFF788FF6D000421104802F0A1
:106BE000BFFC0128E2D00023E1E70E4C01224FF464
:106BF0008051204602F0BBFCFFF776FF00224FF4E5
:106C00008051204602F0B3FC62B615F4000F01D0AB
:106C100045F07F453560002070BD0120704700BF02
:106C200000080140000C014008B50E4B1B780BB169
:106C3000002008BD0C480D4B03600D4B4360002342
:106C40008360C3604FF48042026143618361C3612A
:106C5000036201F08FFB18B9024B01221A70E8E7BA
:106C60000120E6E79D050020F405002000540040C7
:106C7000801A060000487047F405002008B50E4B46
:106C80001B780BB1002008BD0C480D4B03600D4B69
:106C9000436000238360C3604FF48042026143611C
:106CA0008361C361036201F065FB18B9024B0122E5
:106CB0001A70E8E70120E6E79C050020A005002007
:106CC00000580040801A060000487047A0050020C8
:106CD00000B589B00023049305930693079303F14D
:106CE000804303F504339A6942F008029A619B6974
:106CF00003F008030093009B03681E4A93421AD0D6
:106D00001D4A934214D11D4BDA6942F48002DA61C4
:106D1000DB6903F480030393039B4FF44063049304
:106D2000122305930323079304A9154802F00AFBD5
:106D300009B05DF804FB114B9A6942F001029A61B7
:106D40009A6902F001020192019ADA6942F4001292
:106D5000DA61DB6903F400130293029B094A53686A
:106D600043F0E06343F0020353604FF44073049335
:106D7000D6E700BF00540040005800400010024019
:106D8000000C014000000140642803DC10F1640F96
:106D900002DB7047642070476FF0630070470000AB
:106DA0000028B8BF404200B24FF47A7303FB00F0F2
:106DB000024BA3FB00304009704700BF1F85EB5119
:106DC00070B50C46FFF7E0FF06462046FFF7DCFFF4
:106DD000044601220821204802F0C9FB002E22DBD4
:106DE0001D4D01221021284602F0C1FB0022202166
:106DF000284602F0BCFB002C21DB184D01220221A9
:106E0000284602F0B4FB00220121284602F0AFFB25
:106E1000134B1D683046FFF7C3FF68632046FFF73A
:106E2000BFFFA86370BD0C4D00221021284602F060
:106E30009EFB01222021284602F099FBDBE7074D4B
:106E400000220221284602F092FB01221146284628
:106E500002F08DFBDCE700BF00080140000C0140A0
:106E60004806002070B5104B1B6800245C639C63CF
:106E70000E4D22461021284602F079FB22462021A1
:106E8000284602F074FB0A4E22460221304602F0E8
:106E90006EFB22460121304602F069FB22460821A2
:106EA000284602F064FB70BD48060020000801403F
:106EB000000C014070B58EB000240A940B940C9421
:106EC0000D94304B9A6942F004029A619A6902F07B
:106ED00004020192019A9A6942F008029A619B6940
:106EE00003F008030293029B38230A9301260B96B2
:106EF00003250D950AA9244802F024FA0A950B9659
:106F00000D950AA9214802F01DFA2148214B036082
:106F10003F23436084604FF47A73C36004618461EB
:106F200002F04AFC18B1012420460EB070BD224682
:106F30000394049405940694079408940994602398
:106F4000039303A9124802F0EDFC08B10124EBE71A
:106F5000042203A90E4802F0E5FC08B10124E3E78E
:106F600021460B4802F05CFD08B10124DCE7042156
:106F7000074802F055FD044608B10124D4E7FFF7A5
:106F800071FFD1E70010024000080140000C0140F1
:106F9000480600200004004000B587B0002302939B
:106FA0000393049305930268124B9A4202D007B0F0
:106FB0005DF804FB03F50333DA6942F00202DA619B
:106FC000DA6902F002020092009A9A6942F0040221
:106FD0009A619B6903F004030193019BC023029310
:106FE000022303930323059302A9034802F0AAF99D
:106FF000DDE700BF000400400008014030B585B067
:1070000004460D46FFF736FE0A230293012301933F
:1070100000952246D02101F0F9FB05B030BD10B536
:1070200086B004468DF81710FFF724FE0A2302935A
:10703000012301930DF1170200922246D02101F0A5
:1070400033FB06B010BD000008B5FFF7EDFD08B139
:10705000012008BD1B497520FFF7D0FF80BB194BED
:107060001B78682B01D00120F3E701216B20FFF78B
:10707000D6FF08B10120ECE700216C20FFF7CFFF1D
:1070800008B10120E5E707211920FFF7C8FF08B183
:107090000120DEE700211A20FFF7C1FF08B101201F
:1070A000D7E718211B20FFF7BAFF08B10120D0E76E
:1070B00018211C20FFF7B3FF0028CAD00120C8E721
:1070C0000120C6E79006002010B588B00446FFF7FF
:1070D000D1FD052302930E23019304AB00930123FA
:1070E0003B22D02101F092FB58BB9DF810209DF867
:1070F000113043EA022323809DF812209DF81330BB
:1071000043EA022363809DF814209DF8153043EA7A
:107110000223A3809DF818209DF8193043EA02232A
:10712000E3809DF81A209DF81B3043EA0223238157
:107130009DF81C209DF81D3043EA0223638108B0AE
:1071400010BD0120FBE70000014B1878704700BF1D
:107150009006002000B585B000238DF80C308DF826
:107160000D00FFF7B1FD064B19780A2300930223A7
:1071700003AA490001F0DCF905B05DF804FB00BF8B
:107180009306002008B540F0B000FFF7E3FF08B118
:10719000012008BDFFF7DEFF08B10120F9E710204C
:1071A000FFF7D8FFF5E7000000B5A5B0174B18783A
:1071B000FFF7E8FF18B1012025B05DF804FB40237C
:1071C0008DF80C30114B19788022114B03EBC11153
:1071D0000DF10D00FAF7D6FCFFF776FD0D4B19788F
:1071E00014230093812303AA490001F0A1F950B9A7
:1071F000064A13780133DBB21370072BDCD9134630
:1072000000221A70D8E70120D6E700BF94060020BC
:107210009806002093060020014B1878704700BFA5
:1072200093060020014B1878704700BF920600209B
:10723000014B1878704700BF9106002008B54FF445
:10724000806200210148FAF75DFA08BD9806002027
:1072500038B50023314A1370314A1370314A137024
:10726000FFF70CFD20B101252E4B1D70284638BDBF
:107270000546142000F084FDFFF726FD0A230222B4
:10728000782101F071FC38B9254A137843F00103E5
:107290001370224B3C221A70FFF716FD0A230222BC
:1072A0007A2101F061FC50B91D4A137843F00203C2
:1072B00013701A4B1B7813B9184B3D221A70174BD9
:1072C0001B7853B12C461B2C11D8174B185DFFF7B8
:1072D00041FF38B90134E4B2F5E7124B02221A70CB
:1072E0000125C3E70F4B03221A700125BEE7FFF704
:1072F000A5FF2C46072C0CD80C4B1C70FFF754FF35
:1073000010B90134E4B2F5E7064B04221A700125E6
:10731000ACE7064B00221A70A8E700BF93060020D6
:10732000920600209106002064AC0008940600201C
:1073300007293ED810F0800F3BD1002A39D000EB4E
:10734000C11C1378ABB37A2832D830B521E00CF1E8
:10735000010ECD5C174C04F80C500130C0B2013363
:10736000DBB21FFA8EFC042B02D810F0800FEED097
:1073700010F0800F09D10CF101030E49002401F82F
:107380000C400130C0B21FFA83FC13787BB17A281D
:107390000DD80132A3F12001C9B25E2900D93F23E3
:1073A000203B03EB8303044919440023DBE730BD92
:1073B000704770479806002080AC000800230360E7
:1073C00043608360C360C3610362436270472DE919
:1073D000F0410446C3690362466831460068FEF71F
:1073E00093F90546E061676900213846FEF72AFCFB
:1073F000B0B9616A2846FEF789F96062D4F828803E
:107400004146FEF747FC08B1C4F82480D4F82C802C
:107410004146606AFEF720FC20B1C4F8248001E0F8
:107420000023636221692846FEF778FA0546616AFF
:107430003846FEF773FA01462846FEF767F9054617
:10744000A769A1683046FEF75FF901463846FEF7A6
:1074500065FA01462846FEF757F90546E060002127
:10746000FEF718FC20B1A16B2846FEF74FF9E0604B
:10747000E56800212846FEF7EFFB80B9256B294619
:10748000E068FEF707FC00B1E560656B2946E0683F
:10749000FEF7E2FB00B1E560A660BDE8F081A16BFC
:1074A0002846FEF731F9E060E8E7000010B5044631
:1074B0000021FEF7E5FB50B90A492046FEF72EFAF7
:1074C0004FF07C51FEF720F9FEF704FC10BD054992
:1074D0002046FEF723FA4FF07C51FEF717F9FEF72E
:1074E000F9FBF3E700007A4438B505460C46002165
:1074F0002046FEF7B1FB70B929462046FEF7ACFBEB
:1075000038B904F1004429462046FEF7C3FB00B910
:107510002C46204638BD04F10044EDE7024A936949
:1075200003439361704700BF2C0B002010B50E4B36
:10753000DC689B781BB114B10C4B1B7803B910BDF0
:1075400000F018FC094B5B69C01AA042F7D9074B41
:1075500000221A701A6901321A61054900224A6034
:107560008A60DA611A62EAE7B80200202C0B002078
:107570007C02002070B588B0002404940594069421
:1075800007942C4B9A6942F008029A619A6902F0BA
:1075900008020192019A9A6942F001029A619A697D
:1075A00002F001020292029A9A6942F480429A61C0
:1075B0009B6903F480430393039B1F4A536843F082
:1075C000E06343F0040353604023049302230593D4
:1075D00003260796194D04A9284601F0B3FE80231F
:1075E0000493059401230693079604A9284601F005
:1075F000A9FE1348134B03604FF416534360846095
:10760000C46004610C2343618461C46102F0FEFB29
:1076100058B9044600220221252002F03DFF252012
:1076200002F04AFF204608B070BD0120FFF776FF48
:107630000124F7E70010024000000140000C014067
:10764000E40A00200038014008B501220449054839
:1076500002F059FE00B908BD0220FFF75FFFFAE70C
:10766000E00A0020E40A002070B50546094CA36832
:107670000133A3600026A67000F07CFB6061204609
:10768000012300F8243B1F222946FAF7D1F884F899
:10769000436070BD2C0B002038B50546094CE368EB
:1076A0000133E3600123A3700820FFF737FF1F2297
:1076B000294604F12400FAF7BBF8002384F843308C
:1076C00038BD00BF2C0B0020B8B130B583B00C46DC
:1076D0000546A1B101A9F9F755FD019BAB4203D1C4
:1076E000002008E001330193019B1A78202AF9D089
:1076F0003AB92060012003B030BD0020704700205F
:10770000F9E70020F7E7002839D0F0B583B00C4640
:1077100015461E460746002933D0002A33D0002BD9
:1077200033D001A9F9F72EFD2060019CBC4202D1A3
:1077300000202BE0013421782029FBD001A920462C
:10774000F9F720FD2860019DA54202D100201DE02F
:1077500001352A78202AFBD001A92846F9F712FD25
:107760003060019BAB4203D100200FE00133019355
:10777000019B1A78202AF9D052B9012006E0002096
:107780007047002002E0002000E0002003B0F0BDC0
:107790000020FBE710B584B0044604221649FAF72E
:1077A00001F848B9201D154C01AB02AA03A9FFF747
:1077B000AAFF98B904B010BD042211492046F9F778
:1077C000F1FF10B9201D0F4CEEE705220E492046AF
:1077D000F9F7E8FF68B9601D0C4CE5E7039B2361EE
:1077E000029B6361019BA3612046FFF7E7FD012037
:1077F000E0E70020DEE700BF70AA000804020020D6
:1078000078AA00084002002080AA0008C8010020D1
:107810000378002B00F0A98030B583B00446534BA9
:107820001B78002B41D05249FAF7CEF800283FD000
:1078300050492046FAF7C8F8002844D04E4920465F
:10784000FAF7C2F8002842D004224C492046F9F742
:10785000A9FF60B9251D4A492846FAF7B5F800285E
:107860003CD048492846FAF7AFF8002840D0042217
:1078700045492046F9F796FF00284AD0052243499A
:107880002046F9F78FFF002857D0042240492046B0
:10789000F9F788FF20B9201DFFF77CFF002860D191
:1078A0002046FFF7F9FE03B030BDFFF7DDFEFAE733
:1078B000384A002353609360374AD36113622046ED
:1078C000FFF7D2FEEFE72046FFF7CEFEEBE7314BA6
:1078D00001225A702046FFF7C7FEE4E7234B5B788E
:1078E00013B12C4B01221A702046FFF7BDFEDAE7D8
:1078F0001E4B5B7813B1274B00221A70254A0023D8
:1079000053609360244AD36113622046FFF7ACFEB4
:10791000C9E701A9201DFFF7D7FE0028AED0134B01
:1079200059680198FFF7E0FD01901A4B58601A4B17
:10793000D8612046FFF798FEB5E701A9601DFFF763
:10794000C3FE0028A1D0094B99680198FFF7CCFD30
:107950000190104B9860104B18622046FFF784FE90
:10796000A1E72046FFF780FE9DE77047B8020020A0
:1079700088AA000890AA000898AA0008A0AA0008EF
:10798000A8AA0008ACAA000870AA000880AA0008EB
:10799000B0AA00087C0200202C0B0020002908DD82
:1079A00008B54B1D5B008AB20146024802F05EFA40
:1079B00008BD7047E40A0020F0B593B006461546AE
:1079C0000846FFF773FD04462846FFF76FFD84EA7B
:1079D000E472A2EBE47280EAE071A1EBE071002CAA
:1079E0002CDB184F184B83FB0243D417C4EBA314B2
:1079F0004FF47A7303FB1422002821DB1148124B49
:107A000083FB0153CD17C5EBA3154FF47A7303FB2A
:107A10001511059104950390029201940097334645
:107A20000A4A302106A8F9F7DDFD01462F2800DDBE
:107A30002F2106A8FFF7B2FF13B0F0BD044FD1E726
:107A40000348DCE70CAB0008D34D6210BCAA000869
:107A5000B8AA000870B59CB0294E30682949FDF7D6
:107A60005DFFFEF737F9044670684FF07C51FDF773
:107A70004DFEFEF72FF90546F0684FF07C51FDF7FB
:107A800045FEFEF727F9204A82FB0432E317C3EBD9
:107A9000A203002C2FDB1C4981FB0421E217C2EB5F
:107AA000A10202EB8202A4EB42021549896803910C
:107AB000029001950092154A602104A8F9F792FD01
:107AC00001465F2800DD5F2104A8FFF767FF104B28
:107AD0005A6819680F48FFF76FFF0F4B5A6819680B
:107AE0000E48FFF769FF0E4B5A6819680D48FFF7FB
:107AF00063FF1CB070BD03EB8302C4EB4202D4E70A
:107B0000940200200000204167666666DCAA000837
:107B10000402002010AB00084002002014AB000853
:107B2000C801002018AB000810B5442200210B4802
:107B3000F9F7E8FD00230A4A13700A4A137000F0AF
:107B400019F900F5FA70084B1860FFF713FD0446A9
:107B500008B1204610BDFFF777FDFAE72C0B002097
:107B6000BD0A0020BC0A0020980A002010B5134B63
:107B70001B784BB9FFF7DAFC00F0FCF8104B1B68E0
:107B8000C31A002B12DA10BD72B60E4C1F220E491A
:107B90002046F9F74DFE0023E377084A13700B4A9D
:107BA000537062B62046FFF733FEE3E700F5FA7044
:107BB000034B1860FFF74EFFE5E700BFBC0A00204B
:107BC000980A00209C0A0020C00A00202C0B0020EC
:107BD00008B5024802F03AFA08BD00BFE40A0020E6
:107BE00008B502681C4B9A4200D008BD1B4B1A789E
:107BF0001B494B6801334B600D2A11D00A2A12D061
:107C0000184B1B78DBB21E2B1CD816490B78D8B248
:107C10000133DBB20B70144B1A54FFF715FDE4E788
:107C2000FFF712FDE1E70F4A1378DBB200210E489F
:107C3000C154117001230D4A1370094A5370FFF7A4
:107C400003FDD2E70023074A1370074A137004208C
:107C5000FFF764FCE1E700BF00380140E00A0020C4
:107C60002C0B0020BD0A0020C00A0020BC0A002006
:107C700008B50268034B9A4200D008BDFFF7E4FC48
:107C8000FBE700BF00380140FEE7FEE7FEE7FEE746
:107C9000FEE770477047704708B500F05FF808BD11
:107CA00008B5FFF795FF08BD82B00E4B9A6942F008
:107CB00001029A619A6902F001020092009ADA695F
:107CC00042F08052DA61DB6903F080530193019B3B
:107CD000054A536823F0E06343F00073536002B039
:107CE000704700BF001002400000014010B504467C
:107CF0000E4B1A784FF47A73B3FBF2F30C4A106808
:107D0000B0FBF3F002F0E6FB68B90F2C01D90120BB
:107D10000AE0002221464FF0FF3002F0BDFB054B88
:107D20001C60002000E0012010BD00BFC802002040
:107D3000D0020020CC02002008B5074A136843F0A7
:107D400010031360032002F095FB0F20FFF7CEFF16
:107D5000FFF7AAFF002008BD00200240034A116877
:107D6000034B1B780B441360704700BF700B00205F
:107D7000C8020020014B1868704700BF700B00203C
:107D800038B50446FFF7F6FF0546B4F1FF3F02D0D1
:107D9000044B1B781C44FFF7EDFF401BA042FAD3B5
:107DA00038BD00BFC802002003685A6912F4806F12
:107DB00001D1002070476FF480625A610023036391
:107DC000202280F83D2080F83E30026C42F0040210
:107DD000026480F83C30012070472DE9F0410646EE
:107DE0000C46174698463BE0FFF7C4FF069BC01AB7
:107DF000404502D8B8F1000F32D1012D18D03368B8
:107E00009B6924EA03039BB2B3FA83F35B099F42A5
:107E100026D100233363202286F83D2086F83E30A9
:107E2000326C42F02002326486F83C30012027E0B8
:107E300033685B6924EA03039BB2B3FA83F35B09FB
:107E4000E5E733685B6924EA030C1FFA8CFCBCFA93
:107E50008CFC4FEA5C1C674511D1B8F1FF3FC3D1E0
:107E6000C4F30745012DECD033689B6924EA030C69
:107E70001FFA8CFCBCFA8CFC4FEA5C1CEBE7002080
:107E8000BDE8F0812DE9F84305460E469046994637
:107E900053E01A6842F400721A602B686FF4806233
:107EA0005A6100232B63202285F83D2085F83E305F
:107EB0002A6C42F004022A6485F83C3001204AE032
:107EC000FFF758FFA0EB0900404502D8B8F1000FBA
:107ED00033D1012F17D02B689B6926EA03039BB28D
:107EE000003B18BF012343B300232B63202285F8F6
:107EF0003D2085F83E302A6C42F020022A6485F845
:107F00003C30012027E02B685B6926EA03039BB223
:107F1000003B18BF0123E6E72B689C6926EA0404AE
:107F2000A4B2003C18BF0124A4B12B685A6912F412
:107F3000806FAED1B8F1FF3FC2D1C6F30747012F22
:107F4000EAD12B685C6926EA0404A4B2003C18BF9D
:107F50000124E9E70020BDE8F8830000F0B583B014
:107F600004460D4616461F46C36A082B0DD0012B4A
:107F70000BD013F5803F08D0036B122B0AD1026897
:107F8000136843F48073136004E02268136843F4B9
:107F9000807313600097334600224FF00111204692
:107FA000FFF71BFF80B92369B3F5804F16D1236813
:107FB00005F0FE051D613B46324613492046FFF79A
:107FC00061FFF8B903B0F0BD23681B6813F4807F2C
:107FD00002D04FF4007323640320F3E7EB1122680F
:107FE00003F0060343F0F00313613B4632460749B2
:107FF0002046FFF747FF18B92368EDB21D61DAE7A5
:108000000120DFE70120DDE7020001000800010098
:1080100070B504460D46164623685B6913F0800F61
:1080200021D12046FFF7C0FEF8B9B5F1FF3FF3D0EC
:10803000FFF7A0FE801BA84201D8002DECD12368D9
:108040005B6913F0800FE7D100232363202284F8BB
:108050003D2084F83E30226C42F02002226484F8F5
:108060003C30012000E0002070BD0120FCE7000052
:108070002DE9F04385B004460D4691461F46DDF8D4
:1080800030800D9E0368196841F480711960009674
:10809000434600224FF00111FFF79FFE60B92368AD
:1080A00005F0FE051D613346424626492046FFF78E
:1080B000E9FE68B1012008E023681B6813F4807FA3
:1080C00002D04FF400732364032005B0BDE8F083B1
:1080D0000023039323685A6903929B690393039BCC
:1080E000324641462046FFF793FF30B9012F0FD1AA
:1080F00023685FFA89F61E61E7E7236C042B01D041
:108100000120E2E72268136843F400731360F7E785
:1081100023684FEA19221A61324641462046FFF78A
:1081200077FF20B923685FFA89F61E61CDE7236CDB
:10813000042B01D00120C8E72268136843F40073C0
:108140001360F7E7020001002DE9F04784B0044610
:108150000D46164699460C9FDDF834800268136878
:1081600043F4806313600368196841F480711960F7
:10817000CDF800803B4600224FF00111FFF72DFEA5
:1081800070B95FFA85FA236805F0FE051D61434664
:108190003A4641492046FFF775FE68B1012008E0E4
:1081A00023681B6813F4807F02D04FF400732364AC
:1081B000032004B0BDE8F0870023039323685A69C5
:1081C00003929B690393039B424639462046FFF77F
:1081D0001FFF80B9B9F1010F18D12368F6B21E61F3
:1081E000424639462046FFF713FF68B3236C042B41
:1081F00024D00120DDE7236C042B01D00120D8E737
:108200002268136843F400731360F7E72368320AA7
:108210001A61424639462046FFF7FAFE18B923682C
:10822000F6B21E61DCE7236C042B01D00120C0E70D
:108230002268136843F400731360F7E72268136839
:1082400043F400731360D4E72268136843F4807327
:108250001360CDF800803B4600224FF0011120460C
:10826000FFF7BBFD68B922684AF00103136143467A
:108270003A4609492046FFF705FE002899D001201B
:1082800097E723681B6813F4807F02D04FF40073D4
:10829000236403208DE700BF0200010070B504468F
:1082A0000D46164623685B6913F0040F21D1204662
:1082B000FFF77AFDF8B9B5F1FF3FF3D0FFF75AFDAC
:1082C000801BA84201D8002DECD123685B6913F014
:1082D000040FE7D100232363202284F83D2084F893
:1082E0003E30226C42F02002226484F83C300120AF
:1082F00000E0002070BD0120FCE770B504460D468B
:10830000164614E06FF010025A6100232363202206
:1083100084F83D2084F83E30226C226484F83C309E
:10832000012025E023685B6913F0400F10D023681B
:10833000586910F0400F1AD1586910F0100FE1D1B0
:10834000FFF718FD801BA842ECD8002DEFD1E9E71C
:1083500000232363202284F83D2084F83E30226CE1
:1083600042F02002226484F83C30012000E000202A
:1083700070BD0000002800F0CC8070B5044690F875
:108380003D30002B77D0242384F83D3022681368D9
:1083900023F0010313602268136843F40043136061
:1083A0002268136823F40043136000F0ABFF626897
:1083B0005A4B9A4264D85A4B98428CBF00230123EF
:1083C000002B40F0A8805749A1FB00318B0C256899
:1083D0006A6822F03F0242EA91426A6021680A6AB2
:1083E00022F03F0266684D4DAE424FD80133134331
:1083F0000B622168CA6922F44F4222F0FF026568CD
:10840000464B9D424CD8431E6D00B3FBF5F3013340
:1084100040F6FC70034278D0C3F30B031A43CA61E1
:1084200021680B6823F0C003E269206A024313430A
:108430000B6021688B6823F4034323F0FF03226958
:10844000E068024313438B602168CB6823F0FF038D
:108450006269A06902431343CB602268136843F04A
:108460000103136000202064202384F83D30206342
:1084700084F83E0070BD80F83C30FEF729FC82E7AE
:10848000294B98428CBF0023012399E74FF496753E
:1084900005FB03F3254DA5FB03539B090133A6E719
:1084A000A668BEB9431E05EB450CB3FBFCF30133D4
:1084B000C3F30B03B3FA83F35B0943BBC6B9431E93
:1084C00005EB4505B3FBF5F30133C3F30B0343F4AD
:1084D0000043A3E7431E05EB850C0CEB8C0CB3FBB0
:1084E000FCF30133C3F30B03B3FA83F35B09E4E753
:1084F000431E05EB850505EB8505B3FBF5F301335D
:10850000C3F30B0343F4404388E7042386E70123C6
:1085100084E7012070470120ACE700BFA08601007E
:108520007F841E0083DE1B43FF083D00D34D621095
:108530002DE9F04385B004460F46914698460C9EBF
:10854000FFF718FC054694F83D00C0B2202804D07F
:108550000227384605B0BDE8F083009519230122B3
:108560004F492046FFF739FC002840F0928094F8EC
:108570003C30012B00F08F80012384F83C302368CD
:108580001A6812F0010F03D11A6842F001021A6052
:108590002268136823F400631360212384F83D30BC
:1085A000102384F83E3000232364C4F82490A4F8F8
:1085B0002A80638D23853B4BE3622B463246394646
:1085C0002046FFF7CBFC0746002866D10023039323
:1085D00023685A6903929B690393039B11E0236C00
:1085E000042B01D00127B4E72268136843F4007319
:1085F0001360F7E72A4631462046FFF74FFE002872
:108600002ED1238D002B36D02A4631462046FFF747
:10861000FFFC0028E3D1626A236812781A61606A5D
:10862000431C6362618D89B2013989B26185238DF2
:10863000013B9BB223852268516911F0040FD9D008
:10864000002BD7D043781361636A01336362638D73
:108650009BB2013B9BB26385238D013B2385C9E718
:10866000236C042B01D0012773E72268136843F4BD
:1086700000731360F7E72268136843F40073136014
:10868000202384F83D30002384F83E3084F83C30C9
:108690005FE702275DE702275BE7012759E700BF95
:1086A000020010000000FFFF2DE9F04383B00446F4
:1086B0000F46904699460C9EFFF75CFB054694F8E2
:1086C0003D00C0B2202803D0022003B0BDE8F083F3
:1086D0000095192301224B492046FFF77EFB002815
:1086E00040F0898094F83C30012B00F08680012313
:1086F00084F83C3023681A6812F0010F03D11A681D
:1087000042F001021A602268136823F400631360C8
:10871000212384F83D30402384F83E300023236435
:108720000A9B6362BDF82C306385638D2385364BCD
:10873000E362019500964B46424639462046FFF7D4
:1087400097FC00285BD1238D002B35D02A4631467B
:108750002046FFF75DFC20BB626A236812781A612D
:10876000626A531C6362218D013989B22185638D50
:108770009BB2013B9BB263852368586910F0040FDC
:10878000E1D00029DFD052781A61636A0133636255
:10879000238D013B2385638D9BB2013B9BB2638597
:1087A000D1E7236C042B01D001208EE722681368E7
:1087B00043F400731360F7E72A4631462046FFF77B
:1087C0006DFD50B1236C042B01D001207DE72268A0
:1087D000136843F400731360F7E72268136843F4E7
:1087E00000731360202384F83D30002384F83E306A
:1087F00084F83C3069E7022067E7022065E7012042
:1088000063E700BF020010000000FFFF2DE9F04306
:1088100089B004460F4690469946129E002307935E
:10882000FFF7A8FA054694F83D00C0B2202804D00E
:108830000227384609B0BDE8F083009519230122CC
:1088400081492046FFF7C9FA002840F07C8194F85E
:108850003C30012B00F07981012384F83C302368FF
:108860001A6812F0010F03D11A6842F001021A606F
:108870002268136823F400631360222384F83D30D8
:10888000402384F83E3000232364109B6362BDF8CC
:1088900044306385638D23856C4BE36201950096BC
:1088A0004B46424639462046FFF74EFC0746002815
:1088B00040F04D81238D5BB9039323685A6903927D
:1088C0009A690392039A1A6842F400721A60F2E0FD
:1088D000012B0FD0022B21D02268136843F4806350
:1088E00013600023069323685A6906929B690693D6
:1088F000069BE0E02268136823F48063136072B67D
:108900000023049323685A6904929A690492049A92
:108910001A6842F400721A6062B6CCE022681368EA
:1089200043F40063136072B60023059323685A6909
:1089300005929A690592059A1A6822F480621A6073
:1089400062B6B8E02A4631462046FFF7D6FC00283A
:1089500040F0FF8023681A69636A1A70636A013302
:108960006362238D013B2385638D9BB2013B9BB2E8
:108970006385A0E000953346002235492046FFF785
:108980002CFA002840F0E9802268136823F4806301
:10899000136072B623681A69636A1A70636A0133D6
:1089A0006362238D013B2385638D9BB2013B9BB2A8
:1089B0006385284B1B68DB08274AA2FB03231B0A9D
:1089C00003EB8303C3EBC3030793079B013B0793AD
:1089D000079B002B28D023685A6912F0040FF4D0AB
:1089E0001A6842F400721A6023681A69636A1A707E
:1089F000636A01336362238D013B2385638D9BB2E0
:108A0000013B9BB2638562B623681A69636A1A7078
:108A1000636A01336362238D013B2385638D9BB2BF
:108A2000013B9BB2638546E02363202284F83D200E
:108A300084F83E30226C42F02002226462B684F850
:108A40003C300127F5E600BF020010000000FFFFE8
:108A500004000100D002002089B5F8142A463146EE
:108A60002046FFF74AFC002879D123681A69636A17
:108A70001A70636A01336362228D013A92B22285D1
:108A8000638D9BB2013B9BB263852368596911F0EA
:108A9000040F10D0032A48D023681A69636A1A7039
:108AA000636A01336362238D013B2385638D9BB22F
:108AB000013B9BB26385238D002B3BD0032BCDD88C
:108AC000012B3FF43FAF022B7FF454AF00953346A8
:108AD000002224492046FFF780F900283BD172B6D6
:108AE0002268136843F40073136023681A69636A89
:108AF0001A70636A01336362238D013B2385638DA2
:108B00009BB2013B9BB2638562B623681A69636AB4
:108B10001A70636A01336362238D013B2385638D81
:108B20009BB2013B9BB26385C5E71A6822F4806261
:108B30001A60B1E7202384F83D30002384F83E30EA
:108B400084F83C3075E6022773E6022771E60127B8
:108B50006FE601276DE601276BE6012769E601272D
:108B600067E600BF040001002DE9F04385B004462C
:108B7000884691461D46FFF7FDF894F83D30DBB27C
:108B8000202B03D0022005B0BDE8F08306460090FC
:108B90001923012257492046FFF71FF9002840F00A
:108BA000A08094F83C30012B00F09D80012384F8D4
:108BB0003C3023681A6812F0010F03D11A6842F0A2
:108BC00001021A602268136823F4006313602423EF
:108BD00084F83D3000272764474BE36240E0236878
:108BE0001B6813F4807F02D04FF4007323640320CA
:108BF000C9E7A02384F83D3022685369C3F34003DA
:108C00005269C2F3802294F83DC05FFA8CFCBCF13B
:108C1000A00F09D043B93AB9FFF7ACF8801BA842BE
:108C2000E7D8002DE8D1E4E7202384F83D3023681D
:108C30005A6912F0020F31D11A6842F400721A60B8
:108C400023686FF480625A61009619230122294932
:108C50002046FFF7C2F8002849D101374F4538D2E6
:108C60002268136843F48073136000962B46002239
:108C70004FF001112046FFF7B0F80028AFD123686C
:108C800008F0FE021A61FFF775F80646226853697C
:108C9000C3F340035269C2F38022B4E71A6842F476
:108CA00000721A600023039323685A6903929B6938
:108CB0000393039B0096192301220E492046FFF7D8
:108CC0008CF890B9202384F83D30002384F83C30A0
:108CD00059E7202384F83D30002384F83C300120FC
:108CE00051E702204FE702204DE701204BE701202A
:108CF00049E700BF020010000000FFFF82B0084BF0
:108D00001B68084AA2FB03235B0A00FB03F30193E1
:108D100000BF019B5A1E0192002BF9D102B070478F
:108D2000D0020020D34D6210002800F0F18170B510
:108D300082B00446036813F0010F2CD0994B5B6896
:108D400003F00C03042B1DD0964B5B6803F00C035F
:108D5000082B12D06368B3F5803F41D0002B55D16A
:108D600003F1804303F504331A6822F480321A6059
:108D70001A6822F480221A6037E08A4B5B6813F489
:108D8000803FE7D0874B1B6813F4003F03D0636834
:108D9000002B00F0BF81236813F0020F75D0814BC8
:108DA0005B6813F00C0F5FD07E4B5B6803F00C0325
:108DB000082B54D02369002B00F08A807A4B0122C3
:108DC0001A60FEF7D7FF0546764B1B6813F0020FBB
:108DD00075D1FEF7CFFF401B0228F5D903209EE195
:108DE000704A136843F480331360636843B3FEF73B
:108DF000C1FF05466B4B1B6813F4003FCBD1FEF758
:108E0000B9FF401B6428F5D9032088E1B3F5A02FF2
:108E100009D0644B1A6822F480321A601A6822F46E
:108E200080221A60E1E703F18043A3F53C331A681E
:108E300042F480221A601A6842F480321A60D4E741
:108E4000FEF798FF0546574B1B6813F4003FA2D06E
:108E5000FEF790FF401B6428F5D903205FE1514BDA
:108E60005B6813F4803FA5D14E4B1B6813F0020FD3
:108E700003D02369012B40F04F814A4A136823F045
:108E8000F803616943EAC1031360236813F0080F14
:108E900033D0A369002B5CD0434B0122C3F880245C
:108EA000FEF768FF05463F4B5B6A13F0020F21D1C6
:108EB000FEF760FF401B0228F5D903202FE1394A55
:108EC000136823F0F803616943EAC1031360DCE728
:108ED000354B00221A60FEF74DFF0546314B1B68EB
:108EE00013F0020FD1D0FEF745FF401B0228F5D941
:108EF000032014E10120FFF701FF236813F0040FA2
:108F000000F09680274BDB6913F0805F34D1254B4E
:108F1000DA6942F08052DA61DB6903F08053019331
:108F2000019B0125214B1B6813F4807F26D0E36849
:108F3000012B3DD0002B53D103F1804303F50433C3
:108F40001A6A22F001021A621A6A22F004021A62F4
:108F500033E0154B0022C3F88024FEF70BFF0546D3
:108F6000104B5B6A13F0020FC7D0FEF703FF401BE4
:108F70000228F5D90320D2E00025D3E70B4A136875
:108F800043F480731360FEF7F5FE0646074B1B683B
:108F900013F4807FCBD1FEF7EDFE801B6428F5D95A
:108FA0000320BCE00010024000004242007000407C
:108FB0005F4A136A43F001031362E36833B3FEF7B9
:108FC000D9FE06465A4B1B6A13F0020F2FD1FEF74B
:108FD000D1FE801B41F288339842F3D903209EE0F2
:108FE000052B09D0524B1A6A22F001021A621A6A42
:108FF00022F004021A62E0E74D4B1A6A42F00402C2
:109000001A621A6A42F001021A62D6E7FEF7B2FE4D
:109010000646474B1B6A13F0020F08D0FEF7AAFE64
:10902000801B41F288339842F3D9032077E0E5B9F9
:10903000E369002B72D03E4A526802F00C02082A03
:1090400056D0022B17D03B4B00221A66FEF792FE39
:109050000446374B1B6813F0007F47D0FEF78AFEAB
:10906000001B0228F5D9032059E0314AD36923F0C7
:109070008053D361DCE72F4B00221A66FEF77AFE9D
:1090800005462B4B1B6813F0007F06D0FEF772FEDF
:10909000401B0228F5D9032041E0236AB3F5803F45
:1090A0001AD023494B6823F47413226A606A02437E
:1090B00013434B601F4B01221A66FEF75BFE04460A
:1090C0001B4B1B6813F0007F0ED1FEF753FE001BF5
:1090D0000228F5D9032022E0154A536823F400330F
:1090E000A1680B435360DCE7002018E0002016E085
:1090F000012B16D00E4B5B6803F48031226A91423B
:1091000011D103F47013626A93420ED1002006E07D
:1091100001207047012002E0012000E0002002B0A1
:1091200070BD0120FBE70120F9E70120F7E700BF50
:1091300000100240000042420F4B5B6803F00C023B
:10914000082A01D00D487047C3F383420C49885C5C
:1091500013F4803F0BD0084B5B68C3F34043094ACC
:10916000D35C064A02FB00F0B0FBF3F07047064BFD
:1091700003FB00F0704700BF0010024000127A00AD
:1091800060AE00085CAE000800093D00002800F059
:10919000A08070B50D460446524B1B6803F00703D0
:1091A0008B420BD24F4A136823F007030B43136023
:1091B000136803F007038B4240F08D80236813F09F
:1091C000020F17D013F0040F04D0474A536843F43A
:1091D000E0635360236813F0080F04D0424A5368D9
:1091E00043F460535360404A536823F0F003A1688E
:1091F0000B435360236813F0010F31D06368012BD8
:1092000020D0022B25D0384A126812F0020F64D009
:1092100035494A6822F0030213434B60FEF7AAFD6A
:109220000646314B5B6803F00C036268B3EB820FB8
:1092300016D0FEF79FFD801B41F288339842F0D98B
:10924000032045E0284A126812F4003FE0D10120D3
:109250003EE0254A126812F0007FD9D1012037E0A4
:10926000204B1B6803F00703AB420AD91D4A136861
:1092700023F007032B431360136803F00703AB428B
:109280002DD1236813F0040F06D0174A536823F436
:10929000E063E1680B435360236813F0080F07D0C5
:1092A000114A536823F46053216943EAC1035360B0
:1092B000FFF742FF0C4B5B68C3F303130B4AD35C0D
:1092C000D8400B4B18600B4B1868FEF70FFD0020C1
:1092D00070BD012070470120FAE70120F8E7012066
:1092E000F6E700BF002002400010024078AE000800
:1092F000D0020020CC020020014B1868704700BF4C
:10930000D002002008B5FFF7F7FF044B5B68C3F3FA
:109310000223034AD35CD84008BD00BF00100240BE
:1093200070AE000808B5FFF7E7FF044B5B68C3F3B6
:10933000C223034AD35CD84008BD00BF00100240DE
:1093400070AE000870B582B00024A446A1E07E4D46
:10935000AB4214D00CD8A5F58015AB420FD005F563
:109360007025AB420BD0A5F58015AB4210D106E0BD
:10937000764DAB4203D005F58035AB4208D18B6802
:10938000002B50D0012B49D04261082400E0CC686A
:10939000BEF1FF0F49D806464FEA8C0233680F250D
:1093A000954023EA050304FA02F2134333604B6845
:1093B00013F0805F6BD0664B9A6942F001029A61AC
:1093C0009B6903F001030193019B4FEA9C02951CEA
:1093D000604B53F825600CF00305AD000F23AB4044
:1093E00026EA03065C4B984226D003F58063984238
:1093F00000F08C8003F58063984200F0898003F5CB
:109400008063984216D0042317E0CC680434BFE789
:10941000CC680834BCE7CC680C34B9E70261082496
:10942000B6E70024B4E70424B2E7061DACF1080255
:109430009200B3E7032300E00023AB403343023242
:10944000444D45F822304B6813F4801F62D0434AE4
:10945000936843EA0E0393604B6813F4001F5FD0D8
:109460003E4AD36843EA0E03D3604B6813F4003FCF
:109470005CD03A4A536843EA0E0353604B6813F4D6
:10948000803F59D0354A136843EA0E0313600CF14C
:10949000010C0B6833FA0CF254D0012202FA0CF2E0
:1094A00003EA020E32EA0303F1D14B68122B3FF6B6
:1094B0004EAF122B3FF66CAF01A555F823F000BF5D
:1094C0007F9300088F9300081194000823940008EC
:1094D00091930008919300089193000891930008DC
:1094E00091930008919300089193000891930008CC
:1094F00091930008919300089193000891930008BC
:10950000919300080B94000817940008012394E736
:10951000022392E7114A936823EA0E0393609BE7C4
:109520000E4AD36823EA0E03D3609EE70B4A5368C2
:1095300023EA0E035360A1E7084A136823EA0E03E7
:109540001360A4E702B070BD0000221000003110CB
:1095500000100240000001400008014000040140EA
:109560008368194201D001207047002070470AB17A
:1095700001617047090401617047000030B4026A5C
:10958000036A23F0010303624568836923F07303D0
:109590000C681C4322F002028B6813430B4A904272
:1095A00006D0456084614A684263036230BC7047FC
:1095B00023F00803CA681A4322F0040325F4407517
:1095C0004A692A438D691543EBE700BF002C01402F
:1095D00030B4036A026A22F4807202624468C2698B
:1095E00022F073020D68154323F400738A6843EA7E
:1095F00002230D4A904206D04460C5614A68C263A6
:10960000036230BC704723F40063CA6843EA022354
:1096100023F4806324F440544A6944EA02148A69BA
:1096200044EA0214E8E700BF002C014030B4036AAA
:10963000026A22F4805202624468C26922F4E6425D
:109640000D6842EA052223F400538D6843EA05338E
:10965000074DA84206D04460C2614A6802640362B2
:1096600030BC704724F480444D6944EA8514F2E725
:10967000002C014090F83D30DBB2012B27D10223B2
:1096800080F83D300268D36843F00103D36003687B
:10969000114A934210D0B3F1804F0DD0A2F594320D
:1096A000934209D002F58062934205D01A6842F0D5
:1096B00001021A60002070479A6802F00702062A29
:1096C00007D01A6842F001021A600020704701209A
:1096D00070470020704700BF002C014003681F4AFC
:1096E00090420AD0B0F1804F07D0A2F59432904258
:1096F00003D002F58062904203D123F070034A68E0
:109700001343164A90420AD0B0F1804F07D0A2F519
:109710009432904203D002F58062904203D123F448
:109720004073CA68134323F080034A6913430360FC
:109730008B68C3620B688362084B98420AD001238E
:109740004361036913F0010F03D0036923F00103A0
:10975000036170470B690363F1E700BF002C014010
:1097600040B310B5044690F83D30F3B1022384F8BD
:109770003D30214651F8040BFFF7B0FF012384F878
:10978000463084F83E3084F83F3084F8403084F826
:10979000413084F8423084F8433084F8443084F80F
:1097A000453084F83D30002010BD80F83C30FCF797
:1097B000DDFDDBE70120704740B310B5044690F8AB
:1097C0003D30F3B1022384F83D30214651F8040BBB
:1097D000FFF784FF012384F8463084F83E3084F894
:1097E0003F3084F8403084F8413084F8423084F8C7
:1097F000433084F8443084F8453084F83D3000200C
:1098000010BD80F83C30FDF7C7FBDBE70120704757
:10981000002856D070B50D46044690F83D30002B18
:109820004AD0022384F83D302268936823F48043B1
:1098300023F007039360214651F8040BFFF74EFF16
:1098400021688B688A690E6A2868184322F440727E
:1098500022F00302AB68D5F818C043EA0C23134387
:1098600023F47C4323F0FC03EA68D5F81CC042EAE9
:109870000C221A432B6A1B03D5F810C043EA0C13C1
:10988000134326F022066A686D6942EA05123243E4
:10989000886021688B6123681A62012384F846304E
:1098A00084F83E3084F83F3084F8423084F8433006
:1098B00084F83D30002070BD80F83C30FDF7CCF8D6
:1098C000AFE701207047000030B4036A026A22F05B
:1098D000100202624468826922F4E6420D6842EA9C
:1098E000052223F020038D6843EA05130C4DA8429E
:1098F00006D0446082614A688263036230BC70476C
:1099000023F08003CD6843EA051323F0400324F4D9
:1099100040644D6944EA85048D6944EA8504E8E7BA
:10992000002C014038B590F83C30012B66D004463D
:109930000D46012380F83C300C2A5AD8DFE802F0AB
:10994000075959591B5959593059595944000068F8
:10995000FFF714FE2268936943F0080393612268BD
:10996000936923F0040393612268936929690B4387
:10997000936100203EE00068FFF7A6FF226893692C
:1099800043F4006393612268936923F480639361D5
:1099900022689369296943EA01239361002029E041
:1099A0000068FFF715FE2268D36943F00803D3610E
:1099B0002268D36923F00403D3612268D36929693B
:1099C0000B43D361002015E00068FFF72FFE2268EB
:1099D000D36943F40063D3612268D36923F48063BD
:1099E000D3612268D369296943EA0123D361002046
:1099F00000E00120002384F83C3038BD0220FCE761
:109A000001F01F014FF0010C0CFA01FC036A23EA7C
:109A10000C030362036A8A40134303627047000029
:109A200010B50446084651BB94F83E30DBB2013B0A
:109A300018BF0123002B5BD1002839D1022384F801
:109A40003E30012201462068FFF7DAFF23682A4AE8
:109A500093423DD02368284A93423ED0B3F1804FD1
:109A60003BD0A2F59432934237D002F58062934204
:109A700033D01A6842F001021A60002039E004294C
:109A800008D008290DD094F84130DBB2013B18BF53
:109A90000123CFE794F83F30DBB2013B18BF01232D
:109AA000C8E794F84030DBB2013B18BF0123C1E79F
:109AB000042805D0082807D0022384F84130C0E7E5
:109AC000022384F83F30BCE7022384F84030B8E733
:109AD0005A6C42F400425A64BCE79A6802F00702EA
:109AE000062A07D01A6842F001021A60002000E03E
:109AF000012010BD0020FCE7002C014038B50446D1
:109B000090F83E00C0B294F83F3094F84220D2B2B0
:109B100094F843C00D46B1B9012849D1012A48D172
:109B2000022384F83E3084F842307DB3042D39D0CE
:109B3000012200212068FFF763FF01220421206831
:109B4000FFF75EFF27E0DBB25FFA8CFC042912D03E
:109B5000012833D1012B2CD1012A31D1BCF1010FC5
:109B600030D1022384F83E3084F83F3084F842300C
:109B700084F84330D9E7012B1CD1BCF1010F1BD174
:109B8000022384F83F3084F84330CEE701220021DD
:109B90002068FFF735FF2268136843F00103136064
:109BA000002006E0012204212068FFF729FFF2E7E8
:109BB000012038BD0120FCE71846FAE70120F8E74C
:109BC0001846F6E71046F4E790F83C20012A2CD01E
:109BD00010B40346012280F83C20022280F83D2088
:109BE00002685068946820F0700C086840EA0C0025
:109BF00050601A680E4882420AD0B2F1804F07D0F6
:109C0000A0F59430824203D000F58060824204D1F6
:109C100024F08004496821439160012283F83D20AB
:109C2000002083F83C0010BC70470220704700BF42
:109C3000002C0140026802F10C0353E8003F23F4BA
:109C400090730C3242E800310029F3D1026802F12E
:109C5000140353E8003F23F00103143242E80031BB
:109C60000029F3D1036B012B05D0202380F842306B
:109C7000002303637047026802F10C0353E8003FBE
:109C800023F010030C3242E800310029F3D1ECE755
:109C900090F84130DBB2212B01D00220704783685D
:109CA000B3F5805F17D0036A5A1C02621A78036802
:109CB0005A60C38C9BB2013B9BB2C3844BB9026810
:109CC000D36823F08003D3600268D36843F0400375
:109CD000D360002070470369002BE4D1036A1B881E
:109CE0000268C3F308035360036A02330362E0E7C8
:109CF00010B504460268136923F44053C1680B434E
:109D0000136183680269134342691A430168CB688F
:109D100023F4B05323F00C031343CB600268536960
:109D200023F4407381690B4353610268134B9A42D9
:109D300020D0FFF7E7FA024602EB820202EB820232
:109D400063689B00B2FBF3F20D48A0FB02314909A6
:109D5000642303FB11231B013233A0FB03035B09C4
:109D600003F0F00202EB011203F00F032168134429
:109D70008B6010BDFFF7D6FA0246DDE700380140E0
:109D80001F85EB512DE9F04383B005460E4617467B
:109D90009946DDF828802B681C6836EA04040CBF5D
:109DA00001240024BC4228D1B8F1FF3FF3D0FDF7D5
:109DB000E1FFA0EB0900404523D8B8F1000F22D005
:109DC0002B68DA6812F0040FE5D0802EE3D0402E25
:109DD000E1D01A6812F0080FDDD0002401941A684F
:109DE00001925B680193019B2846FFF723FF08233C
:109DF0006B6485F84040012000E0002003B0BDE81E
:109E0000F0830320FAE70320F8E7704760B310B54A
:109E1000044690F8413013B3242384F8413022687B
:109E2000D36823F40053D3602046FFF761FF226814
:109E3000136923F4904313612268536923F02A03C2
:109E400053612268D36843F40053D36000206064F8
:109E5000202384F8413084F84230606310BD80F8DC
:109E60004030FFF7D2FFD7E7012070472DE9F041DE
:109E700082B01E4690F84130DBB2202B56D104460A
:109E80000D469046002955D00AB901204FE0002325
:109E90004364212380F84130FDF76CFF0746A4F8A6
:109EA0002480A4F82680A368B3F5805F02D04FF029
:109EB000000814E023692BB34FF000080FE02023C3
:109EC00084F84130032032E038F8023B2268C3F3C3
:109ED00008035360E28C92B2013A92B2E284E38CBE
:109EE0009BB293B100963B46002280212046FFF7AB
:109EF00049FF0028E3D1002DE6D015F8012B236897
:109F00005A60E7E7A8460025E9E700963B460022AD
:109F100040212046FFF736FF18B9202384F841304E
:109F200005E0202384F84130032000E0022002B045
:109F3000BDE8F0810120FAE7704708B50168CA68FA
:109F400022F04002CA60202280F84120FFF7F4FF8F
:109F5000002008BD08B5406A0023C385C384FDF70F
:109F600087FE08BD704790F84230DBB2222B69D1E2
:109F70008368B3F5805F4FD0826AB3F5805F04D009
:109F8000002B56D10369002B53D103685B68137013
:109F9000836A01338362C38D9BB2013B9BB2C3854D
:109FA000002B51D100B583B00268D36823F02003A1
:109FB000D3600268D36823F48073D3600268536966
:109FC00023F001035361202380F8423000234363D0
:109FD000036B012B33D100230363026802F10C03EE
:109FE00053E8003F23F010030C3242E8003100290F
:109FF000F3D103681A6812F0100F06D00022019204
:10A000001A6801925B680193019B818DFFF7AAFF9B
:10A01000002003B05DF804FB0269002AACD1826A1B
:10A0200003685B68C3F308031380836A02338362A7
:10A03000B1E703685B6803F07F031370A8E7FDF7DF
:10A04000CFFDE5E7022070470020704710B582B0D1
:10A05000044602681368D068516913F00F0F09D1E4
:10A0600013F0200F0CD010F0200F09D02046FFF77E
:10A070007AFF16E011F0010115D110F4907F12D192
:10A08000216B012979D013F0800F03D010F0800FDD
:10A0900040F0138113F0400F03D010F0400F40F058
:10A0A000108102B010BD13F0010F06D010F4807FB4
:10A0B00003D0626C42F00102626413F0040F04D01A
:10A0C00019B1626C42F00202626413F0020F04D014
:10A0D00019B1626C42F00402626413F0080F07D0F9
:10A0E00010F0200F00D119B1626C42F008026264D6
:10A0F000626C002AD5D013F0200F02D010F0200F90
:10A1000029D123685B6903F04003626C12F0080FE9
:10A1100000D163B32046FFF78DFD23685B6913F020
:10A12000400F20D0226802F1140353E8003F23F0CF
:10A130004003143242E800310029F3D1E36B73B1DC
:10A14000624A5A63E06B00F015F90028A9D0E06B71
:10A15000436B9847A5E72046FFF705FFD1E7204668
:10A16000FDF786FD9DE72046FDF782FD99E7204635
:10A17000FDF77EFD0023636493E713F0100F82D098
:10A1800010F0100F3FF47FAF002301931368019389
:10A1900053680193019B536913F0400F51D0E26B58
:10A1A00013685B689BB2002B3FF47BAFA18D994293
:10A1B0007FF677AFE3859369202B37D0226802F1D1
:10A1C0000C0353E8003F23F480730C3242E8003163
:10A1D0000029F3D1226802F1140353E8003F23F071
:10A1E0000103143242E800310029F3D1226802F160
:10A1F000140353E8003F23F04003143242E80031D7
:10A200000029F3D1202384F84230002323632268FD
:10A2100002F10C0353E8003F23F010030C3242E834
:10A2200000310029F3D1E06B00F080F80223636372
:10A23000A18DE38D9BB2C91A89B22046FFF792FE29
:10A240002FE7A18DE38D9BB2C91A89B2E38D9BB232
:10A25000002B3FF426AF00293FF423AF226802F120
:10A260000C0353E8003F23F490730C3242E80030B3
:10A270000028F3D1226802F1140353E8003F23F0D1
:10A280000103143242E800300028F3D1202384F87F
:10A29000423000232363226802F10C0353E8003F9D
:10A2A00023F010030C3242E800300028F3D10223DF
:10A2B00063632046FFF756FEF3E62046FFF7E8FC0F
:10A2C000EFE62046FFF739FEEBE600BF559F00089A
:10A2D00081628285C28500234364222380F8423054
:10A2E000036923B10268D36843F48073D3600268C2
:10A2F000536943F0010353610268D36843F02003BC
:10A30000D3600020704708B590F84230DBB2202BB4
:10A3100008D149B10AB9012008BD00230363FFF742
:10A32000D7FFF9E70220F7E70120F5E7034690F8A9
:10A330002120D2B2022A06D004228263002280F8B1
:10A3400020200120704701680A6822F00E020A608E
:10A3500001680A6822F001020A60026CC06B0121E8
:10A3600001FA02F2426083F82110002083F82000F5
:10A370007047000008B590F82130DBB2022B03D003
:10A3800004238363012008BD0268136823F00E03D1
:10A3900013600268136823F0010313600368194A0D
:10A3A000934214D0143293421FD0143293421ED0E1
:10A3B000143293421ED0143293421ED01432934270
:10A3C00002D04FF0807203E04FF4801200E00122CF
:10A3D0000D4B5A60012380F82130002380F8203093
:10A3E000436B6BB198470020CDE71022F0E74FF4A4
:10A3F0008072EDE74FF48052EAE74FF48032E7E7EE
:10A400000020C0E70800024000000240002808DBEE
:10A410000901C9B200F1604000F5614080F8001305
:10A42000704700F00F000901C9B2014B1954704781
:10A4300014ED00E000B500F00700C0F1070CBCF11E
:10A44000040F28BF4FF0040C031D062B0FD9C31EA9
:10A450004FF0FF3E0EFA0CF021EA000199400EFA8F
:10A4600003FE22EA0E0241EA02005DF804FB00232B
:10A47000EEE70000074AD36823F4E0631B041B0CDB
:10A48000000200F4E060034343F0BF6343F4003391
:10A49000D360704700ED00E010B50446054BD86866
:10A4A000C0F30220FFF7C6FF01462046FFF7AEFFCC
:10A4B00010BD00BF00ED00E0002807DB00F01F0228
:10A4C000400901239340024A42F82030704700BF00
:10A4D00000E100E00138B0F1807F0BD24FF0E023C3
:10A4E0005861054AF02182F8231000209861072264
:10A4F0001A6170470120704700ED00E070470000CE
:10A5000010B503460C4A0D490D48006840B10C488F
:10A5100000680344521A934206D8094A136010BDDA
:10A520000748084C0460F2E7F7F70CFA0C230360C5
:10A530004FF0FF30F3E700BF0050002000040000A0
:10A54000740B0020780B00200120704708B5F7F746
:10A55000F9F9162303604FF0FF3008BD08B54FF03E
:10A56000FF31FFF7F3FFFEE770B50C4616460025F6
:10A5700006E0AFF30080214601F8010B01350C46DF
:10A58000B542F6DB304670BD70B50C461646002568
:10A5900004E014F8010BAFF300800135B542F8DB9D
:10A5A000304670BD4FF0FF3070474FF400534B60A2
:10A5B000002070470120704700207047FFF79EFF82
:10A5C0000B480C490C4A002302E0D458C450043311
:10A5D000C4188C42F9D3094A094C002301E01360E6
:10A5E0000432A242FBD3F7F7B3F9FBF7EBFB70475A
:10A5F00000000020D402002098AE0008D402002001
:10A60000780B0020FEE738B50022002304460D46F3
:10A61000FAF7C8FF28B920462946BDE8384000F0BF
:10A6200009B8204605F1004100F004F8404261EB12
:10A63000410138BDD0B500220B4B06460F46FAF754
:10A640003FFDFAF7EDFF0446FAF7C0FC0022074B86
:10A65000FAF736FD02460B4630463946FAF778FBE4
:10A66000FAF7DEFF2146D0BD0000F03D0000F041CA
:10A67000F8B500BFF8BC08BC9E467047F8B500BFEF
:08A68000F8BC08BC9E467047BF
:10A6880035000000CEFBFFFFCB03000001000000F7
:10A698000000000034000000CEFBFFFFCB030000E9
:10A6A8000100000000000000BC89D897B2D29C3C91
:10A6B80033A7A8D523F649393DA7F444FD0FA532A1
:10A6C8009D978CCF08BA5B25436FAC642806681148
:10A6D8000000000000000000000000000000000072
:10A6E8000000000000000000000000000000000062
:10A6F8000000000000000000000000000000000052
:10A708001011121314151617181900000000000074
:10A71800001A1B1C1D1E1F00000000000000000086
:10A728000000000000000000000000000000000021
:10A73800001A1B1C1D1E1F00000000000000000066
:10A748000000000000000000000000000000000001
:10A7580000000000000000000000000000000000F1
:10A7680000000000000000000000000000000000E1
:10A7780000000000000000000000000000000000D1
:10A7880000000000000000000000000000000000C1
:10A7980000000000000000000000000000000000B1
:10A7A80000000000000000000000000000000000A1
:10A7B8000000000000000000000000000000000091
:10A7C8000000000000000000000000000000000081
:10A7D80005000000190000007D00000000000000D6
:10A7E800000000000000F03F0000000000002440CE
:10A7F80000000000000059400000000000408F40A9
:10A80800000000000088C34000000000006AF84013
:10A818000000000080842E4100000000D012634137
:10A828000000000084D797410000000065CDCD41AD
:10A83800000000205FA00242000000E8764837428E
:10A84800000000A2941A6D42000040E59C30A2422C
:10A858000000901EC4BCD64200003426F56B0C43A1
:10A868000080E03779C3414300A0D8855734764348
:10A8780000C84E676DC1AB43003D9160E458E143A9
:10A88800408CB5781DAF154450EFE2D6E41A4B441E
:10A8980092D54D06CFF08044F64AE1C7022DB54463
:10A8A800B49DD9794378EA44BC89D897B2D29C3C04
:10A8B80033A7A8D523F649393DA7F444FD0FA5329F
:10A8C8009D978CCF08BA5B25436FAC642806C80AED
:10A8D8000080E03779C34143176E05B5B5B8934694
:10A8E800F5F93FE9034F384D321D30F94877825A60
:10A8F8003CBF737FDD4F15750020202020202020CD
:10A908002020282828282820202020202020202017
:10A918002020202020202020208810101010101027
:10A928001010101010101010100404040404040473
:10A93800040404101010101010104141414141410D
:10A9480001010101010101010101010101010101EF
:10A9580001010101101010101010424242424242FF
:10A9680002020202020202020202020202020202BF
:10A978000202020210101010200000000000000067
:10A9880000000000000000000000000000000000BF
:10A9980000000000000000000000000000000000AF
:10A9A800000000000000000000000000000000009F
:10A9B800000000000000000000000000000000008F
:10A9C800000000000000000000000000000000007F
:10A9D800000000000000000000000000000000006F
:10A9E800000000000000000000000000000000005F
:10A9F800000000000000000000000000DB0F49BF5D
:10AA0800E4CB1640E4CB16C000000080DB0F4940C1
:10AA1800DB0F49C03863ED3EDA0F493F5E987B3F54
:10AA2800DA0FC93F6937AC3168212233B40F1433C8
:10AA38006821A23354656D703A2025642E25642060
:10AA48004300000048756D693A20256420252500DB
:10AA58005765696768743A2025642067000000001C
:10AA680048583A20256C64005350442000000000E8
:10AA7800414E4720000000005455524E200000006F
:10AA880053544F500000000050494E47000000004A
:10AA9800504944525354000052554E2000000000C3
:10AAA8003100000030000000504944200000000040
:10AAB8002D000000444247202573202573256C642F
:10AAC8002E2530336C64202573256C642E25303395
:10AAD8006C640A004F4C45442054656D703A2564F7
:10AAE8002E256420437C48756D693A256420252508
:10AAF8007C5765696768743A256420677C48583ACA
:10AB0800256C640A0000000053504400414E470081
:10AB18005455524E000000002E0000006E660000E2
:10AB2800696E697479000000616E0000504F5349E6
:10AB38005800000042616C6C6F6320737563636535
:10AB48006564656400000000433A2F4D2F422F735F
:10AB580072632F6E65776C69622D342E352E302E18
:10AB680032303234313233312F6E65776C69622F6F
:10AB78006C6962632F7374646C69622F6764746FA5
:10AB8800612D6765746865782E6300005245454EEF
:10AB980054206D616C6C6F632073756363656564C5
:10ABA80065640000433A2F4D2F422F7372632F6E56
:10ABB80065776C69622D342E352E302E3230323462
:10ABC800313233312F6E65776C69622F6C6962633D
:10ABD8002F7374646C69622F6D707265632E6300E5
:10ABE800232D302B20000000686C4C0065666745FB
:10ABF8004647000030313233343536373839414230
:10AC0800434445460000000030313233343536378E
:10AC18003839616263646566000000002C2066753F
:10AC28006E6374696F6E3A2000000000617373658B
:10AC38007274696F6E2022257322206661696C65C3
:10AC4800643A2066696C6520222573222C206C6981
:10AC58006E65202564257325730A0000AE2002B0B6
:10AC6800C8001040817FA1A6A83FA4D300D580D9F1
:10AC7800F1DA12DB408D14AF000000000000005F25
:10AC880000000007000700147F147F14242A7F2A7D
:10AC98001223130864623649552250000503000048
:10ACA800001C2241000041221C0014083E08140820
:10ACB800083E08080050300000080808080800602E
:10ACC80060000020100804023E5149453E00427FC2
:10ACD800400042615149462141454B311814127FC9
:10ACE8001027454545393C4A494930017109050352
:10ACF8003649494936064949291E003636000000BA
:10AD0800563600000814224100141414141400418B
:10AD18002214080201510906324979413E7E111177
:10AD2800117E7F494949363E414141227F414122B6
:10AD38001C7F494949417F090909013E4149497A2E
:10AD48007F0808087F00417F41002040413F017F84
:10AD5800081422417F404040407F020C027F7F045C
:10AD680008107F3E4141413E7F090909063E415195
:10AD7800215E7F09192946464949493101017F0168
:10AD8800013F4040403F1F2040201F3F4038403F88
:10AD980063140814630708700807615149454300A4
:10ADA8007F41410002040810200041417F00040255
:10ADB8000102044040404040000102040020545475
:10ADC80054787F48444438384444442038444448FC
:10ADD8007F3854545418087E0901020C5252523ECE
:10ADE8007F0804047800447D40002040443D007FF3
:10ADF8001028440000417F40007C041804787C0837
:10AE080004047838444444387C141414080814148E
:10AE1800187C7C080404084854545420043F4440D7
:10AE2800203C4040207C1C2040201C3C4030403CC2
:10AE380044281028440C5050503C4464544C44005E
:10AE48000836410000007F00000041360800100865
:10AE5800081008000102000002030405060708099B
:10AE68000A0B0C0D0E0F1010000000000102030465
:10AE780000000000000000000102030406070809A2
:08AE8800406BFF7F0100000098
:04AE9000455D000814
:04AE9400215D000834
:10AE98000000000003000000D4020020430000006E
:10AEA800000000000000000000000000000000009A
:10AEB8000000000000000000000000004300000047
:10AEC800000000000000000000000000000000007A
:10AED8000000000000000000000000004300000027
:10AEE800000000000000000000000000000000005A
:10AEF8000000000000000000000000004300000007
:10AF08000000000000000000000000000000000039
:10AF180000000000000000000000000043000000E6
:10AF28000000000000000000000000000000000019
:10AF380000000000000000000000000043000000C6
:10AF480000000000000000000000000000000000F9
:10AF580000000000000000000000000043000000A6
:10AF680000000000000000000000000000000000D9
:10AF78000000000000000000000000001932000876
:10AF8800F12600080000000000A9000820AB000816
:10AF98000CAB00080CAB00080CAB00080CAB0008AD
:10AFA8000CAB00080CAB00080CAB00080CAB00089D
:10AFB8000CAB0008FFFFFFFFFFFFFFFFFFFFFFFFD6
:10AFC800FFFF000001004153434949000000000011
:10AFD8000000000000000000000000000000000069
:10AFE80000000000000041534349490000000000F0
:10AFF8000000000000000000000000000000000049
:10B0080000000000000000007C010020000000009B
:10B01800D40200203C030020A4030020000000000C
:10B028000000000000000000000000000000000018
:10B038000000000000000000000000000000000008
:10B0480000000000000000000000000000000000F8
:10B0580000000000000000000000000000000000E8
:10B0680000000000000000000000000000000000D8
:10B0780000000000000000000000000000000000C8
:10B088000000A0410000A0C100004842000048C2E2
:10B0980000000000000000000000000000000000A8
:10B0A80000000000CDCC4C3F9A99993E000000006A
:10B0B800000000000000000000000000000016432F
:10B0C800000016C300004040000040C0000000001F
:10B0D8000000000000000000000000000000000068
:10B0E800000030410000803E0000004100000000E8
:10B0F800000000000000000000001644000016C414
:10B108000000C8420000C8C2000040400000000023
:10B1180000000000000000000000A0419A991940BA
:10B128000000A04100000000000000000000000036
:10B1380000000000000000006F12833A00000000C9
:10B148000000000000000000010101000000803F35
:10B15800CDCC4C3FF40100000100000010000000BD
:04B1680000127A0057
:040000050800A5BD8D
:00000001FF
