ARM GAS  D:\TMP\ccghNG8s.s 			page 1


   1              		.cpu cortex-m3
   2              		.arch armv7-m
   3              		.fpu softvfp
   4              		.eabi_attribute 20, 1
   5              		.eabi_attribute 21, 1
   6              		.eabi_attribute 23, 3
   7              		.eabi_attribute 24, 1
   8              		.eabi_attribute 25, 1
   9              		.eabi_attribute 26, 1
  10              		.eabi_attribute 30, 1
  11              		.eabi_attribute 34, 1
  12              		.eabi_attribute 18, 4
  13              		.file	"cmsis_os.c"
  14              		.text
  15              	.Ltext0:
  16              		.cfi_sections	.debug_frame
  17              		.file 1 "Middlewares/Third_Party/FreeRTOS/Source/CMSIS_RTOS/cmsis_os.c"
  18              		.section	.text.makeFreeRtosPriority,"ax",%progbits
  19              		.align	1
  20              		.syntax unified
  21              		.thumb
  22              		.thumb_func
  24              	makeFreeRtosPriority:
  25              	.LVL0:
  26              	.LFB49:
   1:Middlewares/Third_Party/FreeRTOS/Source/CMSIS_RTOS/cmsis_os.c **** /* ----------------------------------------------------------------------
   2:Middlewares/Third_Party/FreeRTOS/Source/CMSIS_RTOS/cmsis_os.c ****  * $Date:        5. February 2013
   3:Middlewares/Third_Party/FreeRTOS/Source/CMSIS_RTOS/cmsis_os.c ****  * $Revision:    V1.02
   4:Middlewares/Third_Party/FreeRTOS/Source/CMSIS_RTOS/cmsis_os.c ****  *
   5:Middlewares/Third_Party/FreeRTOS/Source/CMSIS_RTOS/cmsis_os.c ****  * Project:      CMSIS-RTOS API
   6:Middlewares/Third_Party/FreeRTOS/Source/CMSIS_RTOS/cmsis_os.c ****  * Title:        cmsis_os.c
   7:Middlewares/Third_Party/FreeRTOS/Source/CMSIS_RTOS/cmsis_os.c ****  *
   8:Middlewares/Third_Party/FreeRTOS/Source/CMSIS_RTOS/cmsis_os.c ****  * Version 0.02
   9:Middlewares/Third_Party/FreeRTOS/Source/CMSIS_RTOS/cmsis_os.c ****  *    Initial Proposal Phase
  10:Middlewares/Third_Party/FreeRTOS/Source/CMSIS_RTOS/cmsis_os.c ****  * Version 0.03
  11:Middlewares/Third_Party/FreeRTOS/Source/CMSIS_RTOS/cmsis_os.c ****  *    osKernelStart added, optional feature: main started as thread
  12:Middlewares/Third_Party/FreeRTOS/Source/CMSIS_RTOS/cmsis_os.c ****  *    osSemaphores have standard behavior
  13:Middlewares/Third_Party/FreeRTOS/Source/CMSIS_RTOS/cmsis_os.c ****  *    osTimerCreate does not start the timer, added osTimerStart
  14:Middlewares/Third_Party/FreeRTOS/Source/CMSIS_RTOS/cmsis_os.c ****  *    osThreadPass is renamed to osThreadYield
  15:Middlewares/Third_Party/FreeRTOS/Source/CMSIS_RTOS/cmsis_os.c ****  * Version 1.01
  16:Middlewares/Third_Party/FreeRTOS/Source/CMSIS_RTOS/cmsis_os.c ****  *    Support for C++ interface
  17:Middlewares/Third_Party/FreeRTOS/Source/CMSIS_RTOS/cmsis_os.c ****  *     - const attribute removed from the osXxxxDef_t typedef's
  18:Middlewares/Third_Party/FreeRTOS/Source/CMSIS_RTOS/cmsis_os.c ****  *     - const attribute added to the osXxxxDef macros
  19:Middlewares/Third_Party/FreeRTOS/Source/CMSIS_RTOS/cmsis_os.c ****  *    Added: osTimerDelete, osMutexDelete, osSemaphoreDelete
  20:Middlewares/Third_Party/FreeRTOS/Source/CMSIS_RTOS/cmsis_os.c ****  *    Added: osKernelInitialize
  21:Middlewares/Third_Party/FreeRTOS/Source/CMSIS_RTOS/cmsis_os.c ****  * Version 1.02
  22:Middlewares/Third_Party/FreeRTOS/Source/CMSIS_RTOS/cmsis_os.c ****  *    Control functions for short timeouts in microsecond resolution:
  23:Middlewares/Third_Party/FreeRTOS/Source/CMSIS_RTOS/cmsis_os.c ****  *    Added: osKernelSysTick, osKernelSysTickFrequency, osKernelSysTickMicroSec
  24:Middlewares/Third_Party/FreeRTOS/Source/CMSIS_RTOS/cmsis_os.c ****  *    Removed: osSignalGet 
  25:Middlewares/Third_Party/FreeRTOS/Source/CMSIS_RTOS/cmsis_os.c ****  *    
  26:Middlewares/Third_Party/FreeRTOS/Source/CMSIS_RTOS/cmsis_os.c ****  *  
  27:Middlewares/Third_Party/FreeRTOS/Source/CMSIS_RTOS/cmsis_os.c ****  *----------------------------------------------------------------------------
  28:Middlewares/Third_Party/FreeRTOS/Source/CMSIS_RTOS/cmsis_os.c ****  *
  29:Middlewares/Third_Party/FreeRTOS/Source/CMSIS_RTOS/cmsis_os.c ****  * Portions Copyright © 2016 STMicroelectronics International N.V. All rights reserved.
  30:Middlewares/Third_Party/FreeRTOS/Source/CMSIS_RTOS/cmsis_os.c ****  * Portions Copyright (c) 2013 ARM LIMITED
  31:Middlewares/Third_Party/FreeRTOS/Source/CMSIS_RTOS/cmsis_os.c ****  * All rights reserved.
  32:Middlewares/Third_Party/FreeRTOS/Source/CMSIS_RTOS/cmsis_os.c ****  * Redistribution and use in source and binary forms, with or without
ARM GAS  D:\TMP\ccghNG8s.s 			page 2


  33:Middlewares/Third_Party/FreeRTOS/Source/CMSIS_RTOS/cmsis_os.c ****  * modification, are permitted provided that the following conditions are met:
  34:Middlewares/Third_Party/FreeRTOS/Source/CMSIS_RTOS/cmsis_os.c ****  *  - Redistributions of source code must retain the above copyright
  35:Middlewares/Third_Party/FreeRTOS/Source/CMSIS_RTOS/cmsis_os.c ****  *    notice, this list of conditions and the following disclaimer.
  36:Middlewares/Third_Party/FreeRTOS/Source/CMSIS_RTOS/cmsis_os.c ****  *  - Redistributions in binary form must reproduce the above copyright
  37:Middlewares/Third_Party/FreeRTOS/Source/CMSIS_RTOS/cmsis_os.c ****  *    notice, this list of conditions and the following disclaimer in the
  38:Middlewares/Third_Party/FreeRTOS/Source/CMSIS_RTOS/cmsis_os.c ****  *    documentation and/or other materials provided with the distribution.
  39:Middlewares/Third_Party/FreeRTOS/Source/CMSIS_RTOS/cmsis_os.c ****  *  - Neither the name of ARM  nor the names of its contributors may be used
  40:Middlewares/Third_Party/FreeRTOS/Source/CMSIS_RTOS/cmsis_os.c ****  *    to endorse or promote products derived from this software without
  41:Middlewares/Third_Party/FreeRTOS/Source/CMSIS_RTOS/cmsis_os.c ****  *    specific prior written permission.
  42:Middlewares/Third_Party/FreeRTOS/Source/CMSIS_RTOS/cmsis_os.c ****  *
  43:Middlewares/Third_Party/FreeRTOS/Source/CMSIS_RTOS/cmsis_os.c ****  * THIS SOFTWARE IS PROVIDED BY THE COPYRIGHT HOLDERS AND CONTRIBUTORS "AS IS"
  44:Middlewares/Third_Party/FreeRTOS/Source/CMSIS_RTOS/cmsis_os.c ****  * AND ANY EXPRESS OR IMPLIED WARRANTIES, INCLUDING, BUT NOT LIMITED TO, THE
  45:Middlewares/Third_Party/FreeRTOS/Source/CMSIS_RTOS/cmsis_os.c ****  * IMPLIED WARRANTIES OF MERCHANTABILITY AND FITNESS FOR A PARTICULAR PURPOSE
  46:Middlewares/Third_Party/FreeRTOS/Source/CMSIS_RTOS/cmsis_os.c ****  * ARE DISCLAIMED. IN NO EVENT SHALL COPYRIGHT HOLDERS AND CONTRIBUTORS BE
  47:Middlewares/Third_Party/FreeRTOS/Source/CMSIS_RTOS/cmsis_os.c ****  * LIABLE FOR ANY DIRECT, INDIRECT, INCIDENTAL, SPECIAL, EXEMPLARY, OR
  48:Middlewares/Third_Party/FreeRTOS/Source/CMSIS_RTOS/cmsis_os.c ****  * CONSEQUENTIAL DAMAGES (INCLUDING, BUT NOT LIMITED TO, PROCUREMENT OF
  49:Middlewares/Third_Party/FreeRTOS/Source/CMSIS_RTOS/cmsis_os.c ****  * SUBSTITUTE GOODS OR SERVICES; LOSS OF USE, DATA, OR PROFITS; OR BUSINESS
  50:Middlewares/Third_Party/FreeRTOS/Source/CMSIS_RTOS/cmsis_os.c ****  * INTERRUPTION) HOWEVER CAUSED AND ON ANY THEORY OF LIABILITY, WHETHER IN
  51:Middlewares/Third_Party/FreeRTOS/Source/CMSIS_RTOS/cmsis_os.c ****  * CONTRACT, STRICT LIABILITY, OR TORT (INCLUDING NEGLIGENCE OR OTHERWISE)
  52:Middlewares/Third_Party/FreeRTOS/Source/CMSIS_RTOS/cmsis_os.c ****  * ARISING IN ANY WAY OUT OF THE USE OF THIS SOFTWARE, EVEN IF ADVISED OF THE
  53:Middlewares/Third_Party/FreeRTOS/Source/CMSIS_RTOS/cmsis_os.c ****  * POSSIBILITY OF SUCH DAMAGE.
  54:Middlewares/Third_Party/FreeRTOS/Source/CMSIS_RTOS/cmsis_os.c ****  *---------------------------------------------------------------------------*/
  55:Middlewares/Third_Party/FreeRTOS/Source/CMSIS_RTOS/cmsis_os.c **** 
  56:Middlewares/Third_Party/FreeRTOS/Source/CMSIS_RTOS/cmsis_os.c **** #include <string.h>
  57:Middlewares/Third_Party/FreeRTOS/Source/CMSIS_RTOS/cmsis_os.c **** #include "cmsis_os.h"
  58:Middlewares/Third_Party/FreeRTOS/Source/CMSIS_RTOS/cmsis_os.c **** 
  59:Middlewares/Third_Party/FreeRTOS/Source/CMSIS_RTOS/cmsis_os.c **** /*
  60:Middlewares/Third_Party/FreeRTOS/Source/CMSIS_RTOS/cmsis_os.c ****  * ARM Compiler 4/5
  61:Middlewares/Third_Party/FreeRTOS/Source/CMSIS_RTOS/cmsis_os.c ****  */
  62:Middlewares/Third_Party/FreeRTOS/Source/CMSIS_RTOS/cmsis_os.c **** #if   defined ( __CC_ARM )
  63:Middlewares/Third_Party/FreeRTOS/Source/CMSIS_RTOS/cmsis_os.c **** 
  64:Middlewares/Third_Party/FreeRTOS/Source/CMSIS_RTOS/cmsis_os.c ****   #define __ASM            __asm                                      
  65:Middlewares/Third_Party/FreeRTOS/Source/CMSIS_RTOS/cmsis_os.c ****   #define __INLINE         __inline                                     
  66:Middlewares/Third_Party/FreeRTOS/Source/CMSIS_RTOS/cmsis_os.c ****   #define __STATIC_INLINE  static __inline
  67:Middlewares/Third_Party/FreeRTOS/Source/CMSIS_RTOS/cmsis_os.c **** 
  68:Middlewares/Third_Party/FreeRTOS/Source/CMSIS_RTOS/cmsis_os.c ****   #include "cmsis_armcc.h"
  69:Middlewares/Third_Party/FreeRTOS/Source/CMSIS_RTOS/cmsis_os.c **** 
  70:Middlewares/Third_Party/FreeRTOS/Source/CMSIS_RTOS/cmsis_os.c **** /*
  71:Middlewares/Third_Party/FreeRTOS/Source/CMSIS_RTOS/cmsis_os.c ****  * GNU Compiler
  72:Middlewares/Third_Party/FreeRTOS/Source/CMSIS_RTOS/cmsis_os.c ****  */
  73:Middlewares/Third_Party/FreeRTOS/Source/CMSIS_RTOS/cmsis_os.c **** #elif defined ( __GNUC__ )
  74:Middlewares/Third_Party/FreeRTOS/Source/CMSIS_RTOS/cmsis_os.c **** 
  75:Middlewares/Third_Party/FreeRTOS/Source/CMSIS_RTOS/cmsis_os.c ****   #define __ASM            __asm                                      /*!< asm keyword for GNU Comp
  76:Middlewares/Third_Party/FreeRTOS/Source/CMSIS_RTOS/cmsis_os.c ****   #define __INLINE         inline                                     /*!< inline keyword for GNU C
  77:Middlewares/Third_Party/FreeRTOS/Source/CMSIS_RTOS/cmsis_os.c ****   #define __STATIC_INLINE  static inline
  78:Middlewares/Third_Party/FreeRTOS/Source/CMSIS_RTOS/cmsis_os.c **** 
  79:Middlewares/Third_Party/FreeRTOS/Source/CMSIS_RTOS/cmsis_os.c ****   #include "cmsis_gcc.h"
  80:Middlewares/Third_Party/FreeRTOS/Source/CMSIS_RTOS/cmsis_os.c **** 
  81:Middlewares/Third_Party/FreeRTOS/Source/CMSIS_RTOS/cmsis_os.c **** 
  82:Middlewares/Third_Party/FreeRTOS/Source/CMSIS_RTOS/cmsis_os.c **** /*
  83:Middlewares/Third_Party/FreeRTOS/Source/CMSIS_RTOS/cmsis_os.c ****  * IAR Compiler
  84:Middlewares/Third_Party/FreeRTOS/Source/CMSIS_RTOS/cmsis_os.c ****  */
  85:Middlewares/Third_Party/FreeRTOS/Source/CMSIS_RTOS/cmsis_os.c **** #elif defined ( __ICCARM__ )
  86:Middlewares/Third_Party/FreeRTOS/Source/CMSIS_RTOS/cmsis_os.c **** 
  87:Middlewares/Third_Party/FreeRTOS/Source/CMSIS_RTOS/cmsis_os.c ****   #ifndef   __ASM
  88:Middlewares/Third_Party/FreeRTOS/Source/CMSIS_RTOS/cmsis_os.c ****     #define __ASM                     __asm
  89:Middlewares/Third_Party/FreeRTOS/Source/CMSIS_RTOS/cmsis_os.c ****   #endif
ARM GAS  D:\TMP\ccghNG8s.s 			page 3


  90:Middlewares/Third_Party/FreeRTOS/Source/CMSIS_RTOS/cmsis_os.c ****   #ifndef   __INLINE
  91:Middlewares/Third_Party/FreeRTOS/Source/CMSIS_RTOS/cmsis_os.c ****     #define __INLINE                  inline
  92:Middlewares/Third_Party/FreeRTOS/Source/CMSIS_RTOS/cmsis_os.c ****   #endif
  93:Middlewares/Third_Party/FreeRTOS/Source/CMSIS_RTOS/cmsis_os.c ****   #ifndef   __STATIC_INLINE
  94:Middlewares/Third_Party/FreeRTOS/Source/CMSIS_RTOS/cmsis_os.c ****     #define __STATIC_INLINE           static inline
  95:Middlewares/Third_Party/FreeRTOS/Source/CMSIS_RTOS/cmsis_os.c ****   #endif
  96:Middlewares/Third_Party/FreeRTOS/Source/CMSIS_RTOS/cmsis_os.c **** 
  97:Middlewares/Third_Party/FreeRTOS/Source/CMSIS_RTOS/cmsis_os.c ****   #include <cmsis_iar.h>
  98:Middlewares/Third_Party/FreeRTOS/Source/CMSIS_RTOS/cmsis_os.c **** #endif
  99:Middlewares/Third_Party/FreeRTOS/Source/CMSIS_RTOS/cmsis_os.c **** 
 100:Middlewares/Third_Party/FreeRTOS/Source/CMSIS_RTOS/cmsis_os.c **** extern void xPortSysTickHandler(void);
 101:Middlewares/Third_Party/FreeRTOS/Source/CMSIS_RTOS/cmsis_os.c **** 
 102:Middlewares/Third_Party/FreeRTOS/Source/CMSIS_RTOS/cmsis_os.c **** /* Convert from CMSIS type osPriority to FreeRTOS priority number */
 103:Middlewares/Third_Party/FreeRTOS/Source/CMSIS_RTOS/cmsis_os.c **** static unsigned portBASE_TYPE makeFreeRtosPriority (osPriority priority)
 104:Middlewares/Third_Party/FreeRTOS/Source/CMSIS_RTOS/cmsis_os.c **** {
  27              		.loc 1 104 1 view -0
  28              		.cfi_startproc
  29              		@ args = 0, pretend = 0, frame = 0
  30              		@ frame_needed = 0, uses_anonymous_args = 0
  31              		@ link register save eliminated.
 105:Middlewares/Third_Party/FreeRTOS/Source/CMSIS_RTOS/cmsis_os.c ****   unsigned portBASE_TYPE fpriority = tskIDLE_PRIORITY;
  32              		.loc 1 105 3 view .LVU1
 106:Middlewares/Third_Party/FreeRTOS/Source/CMSIS_RTOS/cmsis_os.c ****   
 107:Middlewares/Third_Party/FreeRTOS/Source/CMSIS_RTOS/cmsis_os.c ****   if (priority != osPriorityError) {
  33              		.loc 1 107 3 view .LVU2
  34              		.loc 1 107 6 is_stmt 0 view .LVU3
  35 0000 8428     		cmp	r0, #132
  36 0002 01D0     		beq	.L3
 108:Middlewares/Third_Party/FreeRTOS/Source/CMSIS_RTOS/cmsis_os.c ****     fpriority += (priority - osPriorityIdle);
  37              		.loc 1 108 5 is_stmt 1 view .LVU4
  38              		.loc 1 108 15 is_stmt 0 view .LVU5
  39 0004 0330     		adds	r0, r0, #3
  40              	.LVL1:
  41              		.loc 1 108 15 view .LVU6
  42 0006 7047     		bx	lr
  43              	.LVL2:
  44              	.L3:
 105:Middlewares/Third_Party/FreeRTOS/Source/CMSIS_RTOS/cmsis_os.c ****   unsigned portBASE_TYPE fpriority = tskIDLE_PRIORITY;
  45              		.loc 1 105 26 view .LVU7
  46 0008 0020     		movs	r0, #0
  47              	.LVL3:
 109:Middlewares/Third_Party/FreeRTOS/Source/CMSIS_RTOS/cmsis_os.c ****   }
 110:Middlewares/Third_Party/FreeRTOS/Source/CMSIS_RTOS/cmsis_os.c ****   
 111:Middlewares/Third_Party/FreeRTOS/Source/CMSIS_RTOS/cmsis_os.c ****   return fpriority;
  48              		.loc 1 111 3 is_stmt 1 view .LVU8
 112:Middlewares/Third_Party/FreeRTOS/Source/CMSIS_RTOS/cmsis_os.c **** }
  49              		.loc 1 112 1 is_stmt 0 view .LVU9
  50 000a 7047     		bx	lr
  51              		.cfi_endproc
  52              	.LFE49:
  54              		.section	.text.makeCmsisPriority,"ax",%progbits
  55              		.align	1
  56              		.syntax unified
  57              		.thumb
  58              		.thumb_func
  60              	makeCmsisPriority:
  61              	.LVL4:
ARM GAS  D:\TMP\ccghNG8s.s 			page 4


  62              	.LFB50:
 113:Middlewares/Third_Party/FreeRTOS/Source/CMSIS_RTOS/cmsis_os.c **** 
 114:Middlewares/Third_Party/FreeRTOS/Source/CMSIS_RTOS/cmsis_os.c **** #if (INCLUDE_uxTaskPriorityGet == 1)
 115:Middlewares/Third_Party/FreeRTOS/Source/CMSIS_RTOS/cmsis_os.c **** /* Convert from FreeRTOS priority number to CMSIS type osPriority */
 116:Middlewares/Third_Party/FreeRTOS/Source/CMSIS_RTOS/cmsis_os.c **** static osPriority makeCmsisPriority (unsigned portBASE_TYPE fpriority)
 117:Middlewares/Third_Party/FreeRTOS/Source/CMSIS_RTOS/cmsis_os.c **** {
  63              		.loc 1 117 1 is_stmt 1 view -0
  64              		.cfi_startproc
  65              		@ args = 0, pretend = 0, frame = 0
  66              		@ frame_needed = 0, uses_anonymous_args = 0
  67              		@ link register save eliminated.
 118:Middlewares/Third_Party/FreeRTOS/Source/CMSIS_RTOS/cmsis_os.c ****   osPriority priority = osPriorityError;
  68              		.loc 1 118 3 view .LVU11
 119:Middlewares/Third_Party/FreeRTOS/Source/CMSIS_RTOS/cmsis_os.c ****   
 120:Middlewares/Third_Party/FreeRTOS/Source/CMSIS_RTOS/cmsis_os.c ****   if ((fpriority - tskIDLE_PRIORITY) <= (osPriorityRealtime - osPriorityIdle)) {
  69              		.loc 1 120 3 view .LVU12
  70              		.loc 1 120 6 is_stmt 0 view .LVU13
  71 0000 0628     		cmp	r0, #6
  72 0002 02D8     		bhi	.L6
 121:Middlewares/Third_Party/FreeRTOS/Source/CMSIS_RTOS/cmsis_os.c ****     priority = (osPriority)((int)osPriorityIdle + (int)(fpriority - tskIDLE_PRIORITY));
  73              		.loc 1 121 5 is_stmt 1 view .LVU14
  74              		.loc 1 121 49 is_stmt 0 view .LVU15
  75 0004 0338     		subs	r0, r0, #3
  76              	.LVL5:
  77              		.loc 1 121 14 view .LVU16
  78 0006 00B2     		sxth	r0, r0
  79              	.LVL6:
  80              		.loc 1 121 14 view .LVU17
  81 0008 7047     		bx	lr
  82              	.LVL7:
  83              	.L6:
 118:Middlewares/Third_Party/FreeRTOS/Source/CMSIS_RTOS/cmsis_os.c ****   osPriority priority = osPriorityError;
  84              		.loc 1 118 14 view .LVU18
  85 000a 8420     		movs	r0, #132
  86              	.LVL8:
 122:Middlewares/Third_Party/FreeRTOS/Source/CMSIS_RTOS/cmsis_os.c ****   }
 123:Middlewares/Third_Party/FreeRTOS/Source/CMSIS_RTOS/cmsis_os.c ****   
 124:Middlewares/Third_Party/FreeRTOS/Source/CMSIS_RTOS/cmsis_os.c ****   return priority;
  87              		.loc 1 124 3 is_stmt 1 view .LVU19
 125:Middlewares/Third_Party/FreeRTOS/Source/CMSIS_RTOS/cmsis_os.c **** }
  88              		.loc 1 125 1 is_stmt 0 view .LVU20
  89 000c 7047     		bx	lr
  90              		.cfi_endproc
  91              	.LFE50:
  93              		.section	.text.inHandlerMode,"ax",%progbits
  94              		.align	1
  95              		.syntax unified
  96              		.thumb
  97              		.thumb_func
  99              	inHandlerMode:
 100              	.LFB51:
 126:Middlewares/Third_Party/FreeRTOS/Source/CMSIS_RTOS/cmsis_os.c **** #endif
 127:Middlewares/Third_Party/FreeRTOS/Source/CMSIS_RTOS/cmsis_os.c **** 
 128:Middlewares/Third_Party/FreeRTOS/Source/CMSIS_RTOS/cmsis_os.c **** 
 129:Middlewares/Third_Party/FreeRTOS/Source/CMSIS_RTOS/cmsis_os.c **** /* Determine whether we are in thread mode or handler mode. */
 130:Middlewares/Third_Party/FreeRTOS/Source/CMSIS_RTOS/cmsis_os.c **** static int inHandlerMode (void)
 131:Middlewares/Third_Party/FreeRTOS/Source/CMSIS_RTOS/cmsis_os.c **** {
ARM GAS  D:\TMP\ccghNG8s.s 			page 5


 101              		.loc 1 131 1 is_stmt 1 view -0
 102              		.cfi_startproc
 103              		@ args = 0, pretend = 0, frame = 0
 104              		@ frame_needed = 0, uses_anonymous_args = 0
 105              		@ link register save eliminated.
 132:Middlewares/Third_Party/FreeRTOS/Source/CMSIS_RTOS/cmsis_os.c ****   return __get_IPSR() != 0;
 106              		.loc 1 132 3 view .LVU22
 107              	.LBB8:
 108              	.LBI8:
 109              		.file 2 "Drivers/CMSIS/Include/cmsis_gcc.h"
   1:Drivers/CMSIS/Include/cmsis_gcc.h **** /**************************************************************************//**
   2:Drivers/CMSIS/Include/cmsis_gcc.h ****  * @file     cmsis_gcc.h
   3:Drivers/CMSIS/Include/cmsis_gcc.h ****  * @brief    CMSIS compiler GCC header file
   4:Drivers/CMSIS/Include/cmsis_gcc.h ****  * @version  V5.0.4
   5:Drivers/CMSIS/Include/cmsis_gcc.h ****  * @date     09. April 2018
   6:Drivers/CMSIS/Include/cmsis_gcc.h ****  ******************************************************************************/
   7:Drivers/CMSIS/Include/cmsis_gcc.h **** /*
   8:Drivers/CMSIS/Include/cmsis_gcc.h ****  * Copyright (c) 2009-2018 Arm Limited. All rights reserved.
   9:Drivers/CMSIS/Include/cmsis_gcc.h ****  *
  10:Drivers/CMSIS/Include/cmsis_gcc.h ****  * SPDX-License-Identifier: Apache-2.0
  11:Drivers/CMSIS/Include/cmsis_gcc.h ****  *
  12:Drivers/CMSIS/Include/cmsis_gcc.h ****  * Licensed under the Apache License, Version 2.0 (the License); you may
  13:Drivers/CMSIS/Include/cmsis_gcc.h ****  * not use this file except in compliance with the License.
  14:Drivers/CMSIS/Include/cmsis_gcc.h ****  * You may obtain a copy of the License at
  15:Drivers/CMSIS/Include/cmsis_gcc.h ****  *
  16:Drivers/CMSIS/Include/cmsis_gcc.h ****  * www.apache.org/licenses/LICENSE-2.0
  17:Drivers/CMSIS/Include/cmsis_gcc.h ****  *
  18:Drivers/CMSIS/Include/cmsis_gcc.h ****  * Unless required by applicable law or agreed to in writing, software
  19:Drivers/CMSIS/Include/cmsis_gcc.h ****  * distributed under the License is distributed on an AS IS BASIS, WITHOUT
  20:Drivers/CMSIS/Include/cmsis_gcc.h ****  * WARRANTIES OR CONDITIONS OF ANY KIND, either express or implied.
  21:Drivers/CMSIS/Include/cmsis_gcc.h ****  * See the License for the specific language governing permissions and
  22:Drivers/CMSIS/Include/cmsis_gcc.h ****  * limitations under the License.
  23:Drivers/CMSIS/Include/cmsis_gcc.h ****  */
  24:Drivers/CMSIS/Include/cmsis_gcc.h **** 
  25:Drivers/CMSIS/Include/cmsis_gcc.h **** #ifndef __CMSIS_GCC_H
  26:Drivers/CMSIS/Include/cmsis_gcc.h **** #define __CMSIS_GCC_H
  27:Drivers/CMSIS/Include/cmsis_gcc.h **** 
  28:Drivers/CMSIS/Include/cmsis_gcc.h **** /* ignore some GCC warnings */
  29:Drivers/CMSIS/Include/cmsis_gcc.h **** #pragma GCC diagnostic push
  30:Drivers/CMSIS/Include/cmsis_gcc.h **** #pragma GCC diagnostic ignored "-Wsign-conversion"
  31:Drivers/CMSIS/Include/cmsis_gcc.h **** #pragma GCC diagnostic ignored "-Wconversion"
  32:Drivers/CMSIS/Include/cmsis_gcc.h **** #pragma GCC diagnostic ignored "-Wunused-parameter"
  33:Drivers/CMSIS/Include/cmsis_gcc.h **** 
  34:Drivers/CMSIS/Include/cmsis_gcc.h **** /* Fallback for __has_builtin */
  35:Drivers/CMSIS/Include/cmsis_gcc.h **** #ifndef __has_builtin
  36:Drivers/CMSIS/Include/cmsis_gcc.h ****   #define __has_builtin(x) (0)
  37:Drivers/CMSIS/Include/cmsis_gcc.h **** #endif
  38:Drivers/CMSIS/Include/cmsis_gcc.h **** 
  39:Drivers/CMSIS/Include/cmsis_gcc.h **** /* CMSIS compiler specific defines */
  40:Drivers/CMSIS/Include/cmsis_gcc.h **** #ifndef   __ASM
  41:Drivers/CMSIS/Include/cmsis_gcc.h ****   #define __ASM                                  __asm
  42:Drivers/CMSIS/Include/cmsis_gcc.h **** #endif
  43:Drivers/CMSIS/Include/cmsis_gcc.h **** #ifndef   __INLINE
  44:Drivers/CMSIS/Include/cmsis_gcc.h ****   #define __INLINE                               inline
  45:Drivers/CMSIS/Include/cmsis_gcc.h **** #endif
  46:Drivers/CMSIS/Include/cmsis_gcc.h **** #ifndef   __STATIC_INLINE
  47:Drivers/CMSIS/Include/cmsis_gcc.h ****   #define __STATIC_INLINE                        static inline
ARM GAS  D:\TMP\ccghNG8s.s 			page 6


  48:Drivers/CMSIS/Include/cmsis_gcc.h **** #endif
  49:Drivers/CMSIS/Include/cmsis_gcc.h **** #ifndef   __STATIC_FORCEINLINE                 
  50:Drivers/CMSIS/Include/cmsis_gcc.h ****   #define __STATIC_FORCEINLINE                   __attribute__((always_inline)) static inline
  51:Drivers/CMSIS/Include/cmsis_gcc.h **** #endif                                           
  52:Drivers/CMSIS/Include/cmsis_gcc.h **** #ifndef   __NO_RETURN
  53:Drivers/CMSIS/Include/cmsis_gcc.h ****   #define __NO_RETURN                            __attribute__((__noreturn__))
  54:Drivers/CMSIS/Include/cmsis_gcc.h **** #endif
  55:Drivers/CMSIS/Include/cmsis_gcc.h **** #ifndef   __USED
  56:Drivers/CMSIS/Include/cmsis_gcc.h ****   #define __USED                                 __attribute__((used))
  57:Drivers/CMSIS/Include/cmsis_gcc.h **** #endif
  58:Drivers/CMSIS/Include/cmsis_gcc.h **** #ifndef   __WEAK
  59:Drivers/CMSIS/Include/cmsis_gcc.h ****   #define __WEAK                                 __attribute__((weak))
  60:Drivers/CMSIS/Include/cmsis_gcc.h **** #endif
  61:Drivers/CMSIS/Include/cmsis_gcc.h **** #ifndef   __PACKED
  62:Drivers/CMSIS/Include/cmsis_gcc.h ****   #define __PACKED                               __attribute__((packed, aligned(1)))
  63:Drivers/CMSIS/Include/cmsis_gcc.h **** #endif
  64:Drivers/CMSIS/Include/cmsis_gcc.h **** #ifndef   __PACKED_STRUCT
  65:Drivers/CMSIS/Include/cmsis_gcc.h ****   #define __PACKED_STRUCT                        struct __attribute__((packed, aligned(1)))
  66:Drivers/CMSIS/Include/cmsis_gcc.h **** #endif
  67:Drivers/CMSIS/Include/cmsis_gcc.h **** #ifndef   __PACKED_UNION
  68:Drivers/CMSIS/Include/cmsis_gcc.h ****   #define __PACKED_UNION                         union __attribute__((packed, aligned(1)))
  69:Drivers/CMSIS/Include/cmsis_gcc.h **** #endif
  70:Drivers/CMSIS/Include/cmsis_gcc.h **** #ifndef   __UNALIGNED_UINT32        /* deprecated */
  71:Drivers/CMSIS/Include/cmsis_gcc.h ****   #pragma GCC diagnostic push
  72:Drivers/CMSIS/Include/cmsis_gcc.h ****   #pragma GCC diagnostic ignored "-Wpacked"
  73:Drivers/CMSIS/Include/cmsis_gcc.h ****   #pragma GCC diagnostic ignored "-Wattributes"
  74:Drivers/CMSIS/Include/cmsis_gcc.h ****   struct __attribute__((packed)) T_UINT32 { uint32_t v; };
  75:Drivers/CMSIS/Include/cmsis_gcc.h ****   #pragma GCC diagnostic pop
  76:Drivers/CMSIS/Include/cmsis_gcc.h ****   #define __UNALIGNED_UINT32(x)                  (((struct T_UINT32 *)(x))->v)
  77:Drivers/CMSIS/Include/cmsis_gcc.h **** #endif
  78:Drivers/CMSIS/Include/cmsis_gcc.h **** #ifndef   __UNALIGNED_UINT16_WRITE
  79:Drivers/CMSIS/Include/cmsis_gcc.h ****   #pragma GCC diagnostic push
  80:Drivers/CMSIS/Include/cmsis_gcc.h ****   #pragma GCC diagnostic ignored "-Wpacked"
  81:Drivers/CMSIS/Include/cmsis_gcc.h ****   #pragma GCC diagnostic ignored "-Wattributes"
  82:Drivers/CMSIS/Include/cmsis_gcc.h ****   __PACKED_STRUCT T_UINT16_WRITE { uint16_t v; };
  83:Drivers/CMSIS/Include/cmsis_gcc.h ****   #pragma GCC diagnostic pop
  84:Drivers/CMSIS/Include/cmsis_gcc.h ****   #define __UNALIGNED_UINT16_WRITE(addr, val)    (void)((((struct T_UINT16_WRITE *)(void *)(addr))-
  85:Drivers/CMSIS/Include/cmsis_gcc.h **** #endif
  86:Drivers/CMSIS/Include/cmsis_gcc.h **** #ifndef   __UNALIGNED_UINT16_READ
  87:Drivers/CMSIS/Include/cmsis_gcc.h ****   #pragma GCC diagnostic push
  88:Drivers/CMSIS/Include/cmsis_gcc.h ****   #pragma GCC diagnostic ignored "-Wpacked"
  89:Drivers/CMSIS/Include/cmsis_gcc.h ****   #pragma GCC diagnostic ignored "-Wattributes"
  90:Drivers/CMSIS/Include/cmsis_gcc.h ****   __PACKED_STRUCT T_UINT16_READ { uint16_t v; };
  91:Drivers/CMSIS/Include/cmsis_gcc.h ****   #pragma GCC diagnostic pop
  92:Drivers/CMSIS/Include/cmsis_gcc.h ****   #define __UNALIGNED_UINT16_READ(addr)          (((const struct T_UINT16_READ *)(const void *)(add
  93:Drivers/CMSIS/Include/cmsis_gcc.h **** #endif
  94:Drivers/CMSIS/Include/cmsis_gcc.h **** #ifndef   __UNALIGNED_UINT32_WRITE
  95:Drivers/CMSIS/Include/cmsis_gcc.h ****   #pragma GCC diagnostic push
  96:Drivers/CMSIS/Include/cmsis_gcc.h ****   #pragma GCC diagnostic ignored "-Wpacked"
  97:Drivers/CMSIS/Include/cmsis_gcc.h ****   #pragma GCC diagnostic ignored "-Wattributes"
  98:Drivers/CMSIS/Include/cmsis_gcc.h ****   __PACKED_STRUCT T_UINT32_WRITE { uint32_t v; };
  99:Drivers/CMSIS/Include/cmsis_gcc.h ****   #pragma GCC diagnostic pop
 100:Drivers/CMSIS/Include/cmsis_gcc.h ****   #define __UNALIGNED_UINT32_WRITE(addr, val)    (void)((((struct T_UINT32_WRITE *)(void *)(addr))-
 101:Drivers/CMSIS/Include/cmsis_gcc.h **** #endif
 102:Drivers/CMSIS/Include/cmsis_gcc.h **** #ifndef   __UNALIGNED_UINT32_READ
 103:Drivers/CMSIS/Include/cmsis_gcc.h ****   #pragma GCC diagnostic push
 104:Drivers/CMSIS/Include/cmsis_gcc.h ****   #pragma GCC diagnostic ignored "-Wpacked"
ARM GAS  D:\TMP\ccghNG8s.s 			page 7


 105:Drivers/CMSIS/Include/cmsis_gcc.h ****   #pragma GCC diagnostic ignored "-Wattributes"
 106:Drivers/CMSIS/Include/cmsis_gcc.h ****   __PACKED_STRUCT T_UINT32_READ { uint32_t v; };
 107:Drivers/CMSIS/Include/cmsis_gcc.h ****   #pragma GCC diagnostic pop
 108:Drivers/CMSIS/Include/cmsis_gcc.h ****   #define __UNALIGNED_UINT32_READ(addr)          (((const struct T_UINT32_READ *)(const void *)(add
 109:Drivers/CMSIS/Include/cmsis_gcc.h **** #endif
 110:Drivers/CMSIS/Include/cmsis_gcc.h **** #ifndef   __ALIGNED
 111:Drivers/CMSIS/Include/cmsis_gcc.h ****   #define __ALIGNED(x)                           __attribute__((aligned(x)))
 112:Drivers/CMSIS/Include/cmsis_gcc.h **** #endif
 113:Drivers/CMSIS/Include/cmsis_gcc.h **** #ifndef   __RESTRICT
 114:Drivers/CMSIS/Include/cmsis_gcc.h ****   #define __RESTRICT                             __restrict
 115:Drivers/CMSIS/Include/cmsis_gcc.h **** #endif
 116:Drivers/CMSIS/Include/cmsis_gcc.h **** 
 117:Drivers/CMSIS/Include/cmsis_gcc.h **** 
 118:Drivers/CMSIS/Include/cmsis_gcc.h **** /* ###########################  Core Function Access  ########################### */
 119:Drivers/CMSIS/Include/cmsis_gcc.h **** /** \ingroup  CMSIS_Core_FunctionInterface
 120:Drivers/CMSIS/Include/cmsis_gcc.h ****     \defgroup CMSIS_Core_RegAccFunctions CMSIS Core Register Access Functions
 121:Drivers/CMSIS/Include/cmsis_gcc.h ****   @{
 122:Drivers/CMSIS/Include/cmsis_gcc.h ****  */
 123:Drivers/CMSIS/Include/cmsis_gcc.h **** 
 124:Drivers/CMSIS/Include/cmsis_gcc.h **** /**
 125:Drivers/CMSIS/Include/cmsis_gcc.h ****   \brief   Enable IRQ Interrupts
 126:Drivers/CMSIS/Include/cmsis_gcc.h ****   \details Enables IRQ interrupts by clearing the I-bit in the CPSR.
 127:Drivers/CMSIS/Include/cmsis_gcc.h ****            Can only be executed in Privileged modes.
 128:Drivers/CMSIS/Include/cmsis_gcc.h ****  */
 129:Drivers/CMSIS/Include/cmsis_gcc.h **** __STATIC_FORCEINLINE void __enable_irq(void)
 130:Drivers/CMSIS/Include/cmsis_gcc.h **** {
 131:Drivers/CMSIS/Include/cmsis_gcc.h ****   __ASM volatile ("cpsie i" : : : "memory");
 132:Drivers/CMSIS/Include/cmsis_gcc.h **** }
 133:Drivers/CMSIS/Include/cmsis_gcc.h **** 
 134:Drivers/CMSIS/Include/cmsis_gcc.h **** 
 135:Drivers/CMSIS/Include/cmsis_gcc.h **** /**
 136:Drivers/CMSIS/Include/cmsis_gcc.h ****   \brief   Disable IRQ Interrupts
 137:Drivers/CMSIS/Include/cmsis_gcc.h ****   \details Disables IRQ interrupts by setting the I-bit in the CPSR.
 138:Drivers/CMSIS/Include/cmsis_gcc.h ****            Can only be executed in Privileged modes.
 139:Drivers/CMSIS/Include/cmsis_gcc.h ****  */
 140:Drivers/CMSIS/Include/cmsis_gcc.h **** __STATIC_FORCEINLINE void __disable_irq(void)
 141:Drivers/CMSIS/Include/cmsis_gcc.h **** {
 142:Drivers/CMSIS/Include/cmsis_gcc.h ****   __ASM volatile ("cpsid i" : : : "memory");
 143:Drivers/CMSIS/Include/cmsis_gcc.h **** }
 144:Drivers/CMSIS/Include/cmsis_gcc.h **** 
 145:Drivers/CMSIS/Include/cmsis_gcc.h **** 
 146:Drivers/CMSIS/Include/cmsis_gcc.h **** /**
 147:Drivers/CMSIS/Include/cmsis_gcc.h ****   \brief   Get Control Register
 148:Drivers/CMSIS/Include/cmsis_gcc.h ****   \details Returns the content of the Control Register.
 149:Drivers/CMSIS/Include/cmsis_gcc.h ****   \return               Control Register value
 150:Drivers/CMSIS/Include/cmsis_gcc.h ****  */
 151:Drivers/CMSIS/Include/cmsis_gcc.h **** __STATIC_FORCEINLINE uint32_t __get_CONTROL(void)
 152:Drivers/CMSIS/Include/cmsis_gcc.h **** {
 153:Drivers/CMSIS/Include/cmsis_gcc.h ****   uint32_t result;
 154:Drivers/CMSIS/Include/cmsis_gcc.h **** 
 155:Drivers/CMSIS/Include/cmsis_gcc.h ****   __ASM volatile ("MRS %0, control" : "=r" (result) );
 156:Drivers/CMSIS/Include/cmsis_gcc.h ****   return(result);
 157:Drivers/CMSIS/Include/cmsis_gcc.h **** }
 158:Drivers/CMSIS/Include/cmsis_gcc.h **** 
 159:Drivers/CMSIS/Include/cmsis_gcc.h **** 
 160:Drivers/CMSIS/Include/cmsis_gcc.h **** #if (defined (__ARM_FEATURE_CMSE ) && (__ARM_FEATURE_CMSE == 3))
 161:Drivers/CMSIS/Include/cmsis_gcc.h **** /**
ARM GAS  D:\TMP\ccghNG8s.s 			page 8


 162:Drivers/CMSIS/Include/cmsis_gcc.h ****   \brief   Get Control Register (non-secure)
 163:Drivers/CMSIS/Include/cmsis_gcc.h ****   \details Returns the content of the non-secure Control Register when in secure mode.
 164:Drivers/CMSIS/Include/cmsis_gcc.h ****   \return               non-secure Control Register value
 165:Drivers/CMSIS/Include/cmsis_gcc.h ****  */
 166:Drivers/CMSIS/Include/cmsis_gcc.h **** __STATIC_FORCEINLINE uint32_t __TZ_get_CONTROL_NS(void)
 167:Drivers/CMSIS/Include/cmsis_gcc.h **** {
 168:Drivers/CMSIS/Include/cmsis_gcc.h ****   uint32_t result;
 169:Drivers/CMSIS/Include/cmsis_gcc.h **** 
 170:Drivers/CMSIS/Include/cmsis_gcc.h ****   __ASM volatile ("MRS %0, control_ns" : "=r" (result) );
 171:Drivers/CMSIS/Include/cmsis_gcc.h ****   return(result);
 172:Drivers/CMSIS/Include/cmsis_gcc.h **** }
 173:Drivers/CMSIS/Include/cmsis_gcc.h **** #endif
 174:Drivers/CMSIS/Include/cmsis_gcc.h **** 
 175:Drivers/CMSIS/Include/cmsis_gcc.h **** 
 176:Drivers/CMSIS/Include/cmsis_gcc.h **** /**
 177:Drivers/CMSIS/Include/cmsis_gcc.h ****   \brief   Set Control Register
 178:Drivers/CMSIS/Include/cmsis_gcc.h ****   \details Writes the given value to the Control Register.
 179:Drivers/CMSIS/Include/cmsis_gcc.h ****   \param [in]    control  Control Register value to set
 180:Drivers/CMSIS/Include/cmsis_gcc.h ****  */
 181:Drivers/CMSIS/Include/cmsis_gcc.h **** __STATIC_FORCEINLINE void __set_CONTROL(uint32_t control)
 182:Drivers/CMSIS/Include/cmsis_gcc.h **** {
 183:Drivers/CMSIS/Include/cmsis_gcc.h ****   __ASM volatile ("MSR control, %0" : : "r" (control) : "memory");
 184:Drivers/CMSIS/Include/cmsis_gcc.h **** }
 185:Drivers/CMSIS/Include/cmsis_gcc.h **** 
 186:Drivers/CMSIS/Include/cmsis_gcc.h **** 
 187:Drivers/CMSIS/Include/cmsis_gcc.h **** #if (defined (__ARM_FEATURE_CMSE ) && (__ARM_FEATURE_CMSE == 3))
 188:Drivers/CMSIS/Include/cmsis_gcc.h **** /**
 189:Drivers/CMSIS/Include/cmsis_gcc.h ****   \brief   Set Control Register (non-secure)
 190:Drivers/CMSIS/Include/cmsis_gcc.h ****   \details Writes the given value to the non-secure Control Register when in secure state.
 191:Drivers/CMSIS/Include/cmsis_gcc.h ****   \param [in]    control  Control Register value to set
 192:Drivers/CMSIS/Include/cmsis_gcc.h ****  */
 193:Drivers/CMSIS/Include/cmsis_gcc.h **** __STATIC_FORCEINLINE void __TZ_set_CONTROL_NS(uint32_t control)
 194:Drivers/CMSIS/Include/cmsis_gcc.h **** {
 195:Drivers/CMSIS/Include/cmsis_gcc.h ****   __ASM volatile ("MSR control_ns, %0" : : "r" (control) : "memory");
 196:Drivers/CMSIS/Include/cmsis_gcc.h **** }
 197:Drivers/CMSIS/Include/cmsis_gcc.h **** #endif
 198:Drivers/CMSIS/Include/cmsis_gcc.h **** 
 199:Drivers/CMSIS/Include/cmsis_gcc.h **** 
 200:Drivers/CMSIS/Include/cmsis_gcc.h **** /**
 201:Drivers/CMSIS/Include/cmsis_gcc.h ****   \brief   Get IPSR Register
 202:Drivers/CMSIS/Include/cmsis_gcc.h ****   \details Returns the content of the IPSR Register.
 203:Drivers/CMSIS/Include/cmsis_gcc.h ****   \return               IPSR Register value
 204:Drivers/CMSIS/Include/cmsis_gcc.h ****  */
 205:Drivers/CMSIS/Include/cmsis_gcc.h **** __STATIC_FORCEINLINE uint32_t __get_IPSR(void)
 110              		.loc 2 205 31 view .LVU23
 111              	.LBB9:
 206:Drivers/CMSIS/Include/cmsis_gcc.h **** {
 207:Drivers/CMSIS/Include/cmsis_gcc.h ****   uint32_t result;
 112              		.loc 2 207 3 view .LVU24
 208:Drivers/CMSIS/Include/cmsis_gcc.h **** 
 209:Drivers/CMSIS/Include/cmsis_gcc.h ****   __ASM volatile ("MRS %0, ipsr" : "=r" (result) );
 113              		.loc 2 209 3 view .LVU25
 114              		.syntax unified
 115              	@ 209 "Drivers/CMSIS/Include/cmsis_gcc.h" 1
 116 0000 EFF30580 		MRS r0, ipsr
 117              	@ 0 "" 2
 118              	.LVL9:
ARM GAS  D:\TMP\ccghNG8s.s 			page 9


 210:Drivers/CMSIS/Include/cmsis_gcc.h ****   return(result);
 119              		.loc 2 210 3 view .LVU26
 120              		.loc 2 210 3 is_stmt 0 view .LVU27
 121              		.thumb
 122              		.syntax unified
 123              	.LBE9:
 124              	.LBE8:
 133:Middlewares/Third_Party/FreeRTOS/Source/CMSIS_RTOS/cmsis_os.c **** }
 125              		.loc 1 133 1 view .LVU28
 126 0004 0038     		subs	r0, r0, #0
 127 0006 18BF     		it	ne
 128 0008 0120     		movne	r0, #1
 129 000a 7047     		bx	lr
 130              		.cfi_endproc
 131              	.LFE51:
 133              		.section	.text.osKernelStart,"ax",%progbits
 134              		.align	1
 135              		.global	osKernelStart
 136              		.syntax unified
 137              		.thumb
 138              		.thumb_func
 140              	osKernelStart:
 141              	.LFB52:
 134:Middlewares/Third_Party/FreeRTOS/Source/CMSIS_RTOS/cmsis_os.c **** 
 135:Middlewares/Third_Party/FreeRTOS/Source/CMSIS_RTOS/cmsis_os.c **** /*********************** Kernel Control Functions *****************************/
 136:Middlewares/Third_Party/FreeRTOS/Source/CMSIS_RTOS/cmsis_os.c **** /**
 137:Middlewares/Third_Party/FreeRTOS/Source/CMSIS_RTOS/cmsis_os.c **** * @brief  Initialize the RTOS Kernel for creating objects.
 138:Middlewares/Third_Party/FreeRTOS/Source/CMSIS_RTOS/cmsis_os.c **** * @retval status code that indicates the execution status of the function.
 139:Middlewares/Third_Party/FreeRTOS/Source/CMSIS_RTOS/cmsis_os.c **** * @note   MUST REMAIN UNCHANGED: \b osKernelInitialize shall be consistent in every CMSIS-RTOS.
 140:Middlewares/Third_Party/FreeRTOS/Source/CMSIS_RTOS/cmsis_os.c **** */
 141:Middlewares/Third_Party/FreeRTOS/Source/CMSIS_RTOS/cmsis_os.c **** osStatus osKernelInitialize (void);
 142:Middlewares/Third_Party/FreeRTOS/Source/CMSIS_RTOS/cmsis_os.c **** 
 143:Middlewares/Third_Party/FreeRTOS/Source/CMSIS_RTOS/cmsis_os.c **** /**
 144:Middlewares/Third_Party/FreeRTOS/Source/CMSIS_RTOS/cmsis_os.c **** * @brief  Start the RTOS Kernel with executing the specified thread.
 145:Middlewares/Third_Party/FreeRTOS/Source/CMSIS_RTOS/cmsis_os.c **** * @param  thread_def    thread definition referenced with \ref osThread.
 146:Middlewares/Third_Party/FreeRTOS/Source/CMSIS_RTOS/cmsis_os.c **** * @param  argument      pointer that is passed to the thread function as start argument.
 147:Middlewares/Third_Party/FreeRTOS/Source/CMSIS_RTOS/cmsis_os.c **** * @retval status code that indicates the execution status of the function
 148:Middlewares/Third_Party/FreeRTOS/Source/CMSIS_RTOS/cmsis_os.c **** * @note   MUST REMAIN UNCHANGED: \b osKernelStart shall be consistent in every CMSIS-RTOS.
 149:Middlewares/Third_Party/FreeRTOS/Source/CMSIS_RTOS/cmsis_os.c **** */
 150:Middlewares/Third_Party/FreeRTOS/Source/CMSIS_RTOS/cmsis_os.c **** osStatus osKernelStart (void)
 151:Middlewares/Third_Party/FreeRTOS/Source/CMSIS_RTOS/cmsis_os.c **** {
 142              		.loc 1 151 1 is_stmt 1 view -0
 143              		.cfi_startproc
 144              		@ args = 0, pretend = 0, frame = 0
 145              		@ frame_needed = 0, uses_anonymous_args = 0
 146 0000 08B5     		push	{r3, lr}
 147              	.LCFI0:
 148              		.cfi_def_cfa_offset 8
 149              		.cfi_offset 3, -8
 150              		.cfi_offset 14, -4
 152:Middlewares/Third_Party/FreeRTOS/Source/CMSIS_RTOS/cmsis_os.c ****   vTaskStartScheduler();
 151              		.loc 1 152 3 view .LVU30
 152 0002 FFF7FEFF 		bl	vTaskStartScheduler
 153              	.LVL10:
 153:Middlewares/Third_Party/FreeRTOS/Source/CMSIS_RTOS/cmsis_os.c ****   
 154:Middlewares/Third_Party/FreeRTOS/Source/CMSIS_RTOS/cmsis_os.c ****   return osOK;
 154              		.loc 1 154 3 view .LVU31
ARM GAS  D:\TMP\ccghNG8s.s 			page 10


 155:Middlewares/Third_Party/FreeRTOS/Source/CMSIS_RTOS/cmsis_os.c **** }
 155              		.loc 1 155 1 is_stmt 0 view .LVU32
 156 0006 0020     		movs	r0, #0
 157 0008 08BD     		pop	{r3, pc}
 158              		.cfi_endproc
 159              	.LFE52:
 161              		.section	.text.osKernelRunning,"ax",%progbits
 162              		.align	1
 163              		.global	osKernelRunning
 164              		.syntax unified
 165              		.thumb
 166              		.thumb_func
 168              	osKernelRunning:
 169              	.LFB53:
 156:Middlewares/Third_Party/FreeRTOS/Source/CMSIS_RTOS/cmsis_os.c **** 
 157:Middlewares/Third_Party/FreeRTOS/Source/CMSIS_RTOS/cmsis_os.c **** /**
 158:Middlewares/Third_Party/FreeRTOS/Source/CMSIS_RTOS/cmsis_os.c **** * @brief  Check if the RTOS kernel is already started
 159:Middlewares/Third_Party/FreeRTOS/Source/CMSIS_RTOS/cmsis_os.c **** * @param  None
 160:Middlewares/Third_Party/FreeRTOS/Source/CMSIS_RTOS/cmsis_os.c **** * @retval (0) RTOS is not started
 161:Middlewares/Third_Party/FreeRTOS/Source/CMSIS_RTOS/cmsis_os.c **** *         (1) RTOS is started
 162:Middlewares/Third_Party/FreeRTOS/Source/CMSIS_RTOS/cmsis_os.c **** *         (-1) if this feature is disabled in FreeRTOSConfig.h 
 163:Middlewares/Third_Party/FreeRTOS/Source/CMSIS_RTOS/cmsis_os.c **** * @note  MUST REMAIN UNCHANGED: \b osKernelRunning shall be consistent in every CMSIS-RTOS.
 164:Middlewares/Third_Party/FreeRTOS/Source/CMSIS_RTOS/cmsis_os.c **** */
 165:Middlewares/Third_Party/FreeRTOS/Source/CMSIS_RTOS/cmsis_os.c **** int32_t osKernelRunning(void)
 166:Middlewares/Third_Party/FreeRTOS/Source/CMSIS_RTOS/cmsis_os.c **** {
 170              		.loc 1 166 1 is_stmt 1 view -0
 171              		.cfi_startproc
 172              		@ args = 0, pretend = 0, frame = 0
 173              		@ frame_needed = 0, uses_anonymous_args = 0
 174 0000 08B5     		push	{r3, lr}
 175              	.LCFI1:
 176              		.cfi_def_cfa_offset 8
 177              		.cfi_offset 3, -8
 178              		.cfi_offset 14, -4
 167:Middlewares/Third_Party/FreeRTOS/Source/CMSIS_RTOS/cmsis_os.c **** #if ( ( INCLUDE_xTaskGetSchedulerState == 1 ) || ( configUSE_TIMERS == 1 ) )
 168:Middlewares/Third_Party/FreeRTOS/Source/CMSIS_RTOS/cmsis_os.c ****   if (xTaskGetSchedulerState() == taskSCHEDULER_NOT_STARTED)
 179              		.loc 1 168 3 view .LVU34
 180              		.loc 1 168 7 is_stmt 0 view .LVU35
 181 0002 FFF7FEFF 		bl	xTaskGetSchedulerState
 182              	.LVL11:
 183              		.loc 1 168 6 discriminator 1 view .LVU36
 184 0006 0128     		cmp	r0, #1
 185 0008 01D0     		beq	.L14
 169:Middlewares/Third_Party/FreeRTOS/Source/CMSIS_RTOS/cmsis_os.c ****     return 0;
 170:Middlewares/Third_Party/FreeRTOS/Source/CMSIS_RTOS/cmsis_os.c ****   else
 171:Middlewares/Third_Party/FreeRTOS/Source/CMSIS_RTOS/cmsis_os.c ****     return 1;
 186              		.loc 1 171 12 view .LVU37
 187 000a 0120     		movs	r0, #1
 188              	.L10:
 172:Middlewares/Third_Party/FreeRTOS/Source/CMSIS_RTOS/cmsis_os.c **** #else
 173:Middlewares/Third_Party/FreeRTOS/Source/CMSIS_RTOS/cmsis_os.c **** 	return (-1);
 174:Middlewares/Third_Party/FreeRTOS/Source/CMSIS_RTOS/cmsis_os.c **** #endif	
 175:Middlewares/Third_Party/FreeRTOS/Source/CMSIS_RTOS/cmsis_os.c **** }
 189              		.loc 1 175 1 view .LVU38
 190 000c 08BD     		pop	{r3, pc}
 191              	.L14:
 169:Middlewares/Third_Party/FreeRTOS/Source/CMSIS_RTOS/cmsis_os.c ****     return 0;
ARM GAS  D:\TMP\ccghNG8s.s 			page 11


 192              		.loc 1 169 12 view .LVU39
 193 000e 0020     		movs	r0, #0
 194 0010 FCE7     		b	.L10
 195              		.cfi_endproc
 196              	.LFE53:
 198              		.section	.text.osKernelSysTick,"ax",%progbits
 199              		.align	1
 200              		.global	osKernelSysTick
 201              		.syntax unified
 202              		.thumb
 203              		.thumb_func
 205              	osKernelSysTick:
 206              	.LFB54:
 176:Middlewares/Third_Party/FreeRTOS/Source/CMSIS_RTOS/cmsis_os.c **** 
 177:Middlewares/Third_Party/FreeRTOS/Source/CMSIS_RTOS/cmsis_os.c **** #if (defined (osFeature_SysTick)  &&  (osFeature_SysTick != 0))     // System Timer available
 178:Middlewares/Third_Party/FreeRTOS/Source/CMSIS_RTOS/cmsis_os.c **** /**
 179:Middlewares/Third_Party/FreeRTOS/Source/CMSIS_RTOS/cmsis_os.c **** * @brief  Get the value of the Kernel SysTick timer
 180:Middlewares/Third_Party/FreeRTOS/Source/CMSIS_RTOS/cmsis_os.c **** * @param  None
 181:Middlewares/Third_Party/FreeRTOS/Source/CMSIS_RTOS/cmsis_os.c **** * @retval None
 182:Middlewares/Third_Party/FreeRTOS/Source/CMSIS_RTOS/cmsis_os.c **** * @note   MUST REMAIN UNCHANGED: \b osKernelSysTick shall be consistent in every CMSIS-RTOS.
 183:Middlewares/Third_Party/FreeRTOS/Source/CMSIS_RTOS/cmsis_os.c **** */
 184:Middlewares/Third_Party/FreeRTOS/Source/CMSIS_RTOS/cmsis_os.c **** uint32_t osKernelSysTick(void)
 185:Middlewares/Third_Party/FreeRTOS/Source/CMSIS_RTOS/cmsis_os.c **** {
 207              		.loc 1 185 1 is_stmt 1 view -0
 208              		.cfi_startproc
 209              		@ args = 0, pretend = 0, frame = 0
 210              		@ frame_needed = 0, uses_anonymous_args = 0
 211 0000 08B5     		push	{r3, lr}
 212              	.LCFI2:
 213              		.cfi_def_cfa_offset 8
 214              		.cfi_offset 3, -8
 215              		.cfi_offset 14, -4
 186:Middlewares/Third_Party/FreeRTOS/Source/CMSIS_RTOS/cmsis_os.c ****   if (inHandlerMode()) {
 216              		.loc 1 186 3 view .LVU41
 217              		.loc 1 186 7 is_stmt 0 view .LVU42
 218 0002 FFF7FEFF 		bl	inHandlerMode
 219              	.LVL12:
 220              		.loc 1 186 6 discriminator 1 view .LVU43
 221 0006 10B1     		cbz	r0, .L16
 187:Middlewares/Third_Party/FreeRTOS/Source/CMSIS_RTOS/cmsis_os.c ****     return xTaskGetTickCountFromISR();
 222              		.loc 1 187 5 is_stmt 1 view .LVU44
 223              		.loc 1 187 12 is_stmt 0 view .LVU45
 224 0008 FFF7FEFF 		bl	xTaskGetTickCountFromISR
 225              	.LVL13:
 226              	.L15:
 188:Middlewares/Third_Party/FreeRTOS/Source/CMSIS_RTOS/cmsis_os.c ****   }
 189:Middlewares/Third_Party/FreeRTOS/Source/CMSIS_RTOS/cmsis_os.c ****   else {
 190:Middlewares/Third_Party/FreeRTOS/Source/CMSIS_RTOS/cmsis_os.c ****     return xTaskGetTickCount();
 191:Middlewares/Third_Party/FreeRTOS/Source/CMSIS_RTOS/cmsis_os.c ****   }
 192:Middlewares/Third_Party/FreeRTOS/Source/CMSIS_RTOS/cmsis_os.c **** }
 227              		.loc 1 192 1 view .LVU46
 228 000c 08BD     		pop	{r3, pc}
 229              	.L16:
 190:Middlewares/Third_Party/FreeRTOS/Source/CMSIS_RTOS/cmsis_os.c ****   }
 230              		.loc 1 190 5 is_stmt 1 view .LVU47
 190:Middlewares/Third_Party/FreeRTOS/Source/CMSIS_RTOS/cmsis_os.c ****   }
 231              		.loc 1 190 12 is_stmt 0 view .LVU48
ARM GAS  D:\TMP\ccghNG8s.s 			page 12


 232 000e FFF7FEFF 		bl	xTaskGetTickCount
 233              	.LVL14:
 234 0012 FBE7     		b	.L15
 235              		.cfi_endproc
 236              	.LFE54:
 238              		.section	.text.osThreadCreate,"ax",%progbits
 239              		.align	1
 240              		.global	osThreadCreate
 241              		.syntax unified
 242              		.thumb
 243              		.thumb_func
 245              	osThreadCreate:
 246              	.LVL15:
 247              	.LFB55:
 193:Middlewares/Third_Party/FreeRTOS/Source/CMSIS_RTOS/cmsis_os.c **** #endif    // System Timer available
 194:Middlewares/Third_Party/FreeRTOS/Source/CMSIS_RTOS/cmsis_os.c **** /*********************** Thread Management *****************************/
 195:Middlewares/Third_Party/FreeRTOS/Source/CMSIS_RTOS/cmsis_os.c **** /**
 196:Middlewares/Third_Party/FreeRTOS/Source/CMSIS_RTOS/cmsis_os.c **** * @brief  Create a thread and add it to Active Threads and set it to state READY.
 197:Middlewares/Third_Party/FreeRTOS/Source/CMSIS_RTOS/cmsis_os.c **** * @param  thread_def    thread definition referenced with \ref osThread.
 198:Middlewares/Third_Party/FreeRTOS/Source/CMSIS_RTOS/cmsis_os.c **** * @param  argument      pointer that is passed to the thread function as start argument.
 199:Middlewares/Third_Party/FreeRTOS/Source/CMSIS_RTOS/cmsis_os.c **** * @retval thread ID for reference by other functions or NULL in case of error.
 200:Middlewares/Third_Party/FreeRTOS/Source/CMSIS_RTOS/cmsis_os.c **** * @note   MUST REMAIN UNCHANGED: \b osThreadCreate shall be consistent in every CMSIS-RTOS.
 201:Middlewares/Third_Party/FreeRTOS/Source/CMSIS_RTOS/cmsis_os.c **** */
 202:Middlewares/Third_Party/FreeRTOS/Source/CMSIS_RTOS/cmsis_os.c **** osThreadId osThreadCreate (const osThreadDef_t *thread_def, void *argument)
 203:Middlewares/Third_Party/FreeRTOS/Source/CMSIS_RTOS/cmsis_os.c **** {
 248              		.loc 1 203 1 is_stmt 1 view -0
 249              		.cfi_startproc
 250              		@ args = 0, pretend = 0, frame = 8
 251              		@ frame_needed = 0, uses_anonymous_args = 0
 252              		.loc 1 203 1 is_stmt 0 view .LVU50
 253 0000 F0B5     		push	{r4, r5, r6, r7, lr}
 254              	.LCFI3:
 255              		.cfi_def_cfa_offset 20
 256              		.cfi_offset 4, -20
 257              		.cfi_offset 5, -16
 258              		.cfi_offset 6, -12
 259              		.cfi_offset 7, -8
 260              		.cfi_offset 14, -4
 261 0002 85B0     		sub	sp, sp, #20
 262              	.LCFI4:
 263              		.cfi_def_cfa_offset 40
 264 0004 0C46     		mov	r4, r1
 204:Middlewares/Third_Party/FreeRTOS/Source/CMSIS_RTOS/cmsis_os.c ****   TaskHandle_t handle;
 265              		.loc 1 204 3 is_stmt 1 view .LVU51
 205:Middlewares/Third_Party/FreeRTOS/Source/CMSIS_RTOS/cmsis_os.c ****   
 206:Middlewares/Third_Party/FreeRTOS/Source/CMSIS_RTOS/cmsis_os.c **** #if( configSUPPORT_STATIC_ALLOCATION == 1 ) &&  ( configSUPPORT_DYNAMIC_ALLOCATION == 1 )
 207:Middlewares/Third_Party/FreeRTOS/Source/CMSIS_RTOS/cmsis_os.c ****   if((thread_def->buffer != NULL) && (thread_def->controlblock != NULL)) {
 208:Middlewares/Third_Party/FreeRTOS/Source/CMSIS_RTOS/cmsis_os.c ****     handle = xTaskCreateStatic((TaskFunction_t)thread_def->pthread,(const portCHAR *)thread_def->na
 209:Middlewares/Third_Party/FreeRTOS/Source/CMSIS_RTOS/cmsis_os.c ****               thread_def->stacksize, argument, makeFreeRtosPriority(thread_def->tpriority),
 210:Middlewares/Third_Party/FreeRTOS/Source/CMSIS_RTOS/cmsis_os.c ****               thread_def->buffer, thread_def->controlblock);
 211:Middlewares/Third_Party/FreeRTOS/Source/CMSIS_RTOS/cmsis_os.c ****   }
 212:Middlewares/Third_Party/FreeRTOS/Source/CMSIS_RTOS/cmsis_os.c ****   else {
 213:Middlewares/Third_Party/FreeRTOS/Source/CMSIS_RTOS/cmsis_os.c ****     if (xTaskCreate((TaskFunction_t)thread_def->pthread,(const portCHAR *)thread_def->name,
 214:Middlewares/Third_Party/FreeRTOS/Source/CMSIS_RTOS/cmsis_os.c ****               thread_def->stacksize, argument, makeFreeRtosPriority(thread_def->tpriority),
 215:Middlewares/Third_Party/FreeRTOS/Source/CMSIS_RTOS/cmsis_os.c ****               &handle) != pdPASS)  {
 216:Middlewares/Third_Party/FreeRTOS/Source/CMSIS_RTOS/cmsis_os.c ****       return NULL;
 217:Middlewares/Third_Party/FreeRTOS/Source/CMSIS_RTOS/cmsis_os.c ****     } 
ARM GAS  D:\TMP\ccghNG8s.s 			page 13


 218:Middlewares/Third_Party/FreeRTOS/Source/CMSIS_RTOS/cmsis_os.c ****   }
 219:Middlewares/Third_Party/FreeRTOS/Source/CMSIS_RTOS/cmsis_os.c **** #elif( configSUPPORT_STATIC_ALLOCATION == 1 )
 220:Middlewares/Third_Party/FreeRTOS/Source/CMSIS_RTOS/cmsis_os.c **** 
 221:Middlewares/Third_Party/FreeRTOS/Source/CMSIS_RTOS/cmsis_os.c ****     handle = xTaskCreateStatic((TaskFunction_t)thread_def->pthread,(const portCHAR *)thread_def->na
 222:Middlewares/Third_Party/FreeRTOS/Source/CMSIS_RTOS/cmsis_os.c ****               thread_def->stacksize, argument, makeFreeRtosPriority(thread_def->tpriority),
 223:Middlewares/Third_Party/FreeRTOS/Source/CMSIS_RTOS/cmsis_os.c ****               thread_def->buffer, thread_def->controlblock);
 224:Middlewares/Third_Party/FreeRTOS/Source/CMSIS_RTOS/cmsis_os.c **** #else
 225:Middlewares/Third_Party/FreeRTOS/Source/CMSIS_RTOS/cmsis_os.c ****   if (xTaskCreate((TaskFunction_t)thread_def->pthread,(const portCHAR *)thread_def->name,
 266              		.loc 1 225 3 view .LVU52
 267              		.loc 1 225 45 is_stmt 0 view .LVU53
 268 0006 4568     		ldr	r5, [r0, #4]
 269              		.loc 1 225 83 view .LVU54
 270 0008 0668     		ldr	r6, [r0]
 226:Middlewares/Third_Party/FreeRTOS/Source/CMSIS_RTOS/cmsis_os.c ****                    thread_def->stacksize, argument, makeFreeRtosPriority(thread_def->tpriority),
 271              		.loc 1 226 30 view .LVU55
 272 000a 0769     		ldr	r7, [r0, #16]
 225:Middlewares/Third_Party/FreeRTOS/Source/CMSIS_RTOS/cmsis_os.c ****                    thread_def->stacksize, argument, makeFreeRtosPriority(thread_def->tpriority),
 273              		.loc 1 225 7 view .LVU56
 274 000c B0F90800 		ldrsh	r0, [r0, #8]
 275              	.LVL16:
 225:Middlewares/Third_Party/FreeRTOS/Source/CMSIS_RTOS/cmsis_os.c ****                    thread_def->stacksize, argument, makeFreeRtosPriority(thread_def->tpriority),
 276              		.loc 1 225 7 view .LVU57
 277 0010 FFF7FEFF 		bl	makeFreeRtosPriority
 278              	.LVL17:
 225:Middlewares/Third_Party/FreeRTOS/Source/CMSIS_RTOS/cmsis_os.c ****                    thread_def->stacksize, argument, makeFreeRtosPriority(thread_def->tpriority),
 279              		.loc 1 225 7 discriminator 1 view .LVU58
 280 0014 03AB     		add	r3, sp, #12
 281 0016 0193     		str	r3, [sp, #4]
 282 0018 0090     		str	r0, [sp]
 283 001a 2346     		mov	r3, r4
 284 001c BAB2     		uxth	r2, r7
 285 001e 3146     		mov	r1, r6
 286 0020 2846     		mov	r0, r5
 287 0022 FFF7FEFF 		bl	xTaskCreate
 288              	.LVL18:
 225:Middlewares/Third_Party/FreeRTOS/Source/CMSIS_RTOS/cmsis_os.c ****                    thread_def->stacksize, argument, makeFreeRtosPriority(thread_def->tpriority),
 289              		.loc 1 225 6 discriminator 2 view .LVU59
 290 0026 0128     		cmp	r0, #1
 291 0028 02D1     		bne	.L21
 227:Middlewares/Third_Party/FreeRTOS/Source/CMSIS_RTOS/cmsis_os.c ****                    &handle) != pdPASS)  {
 228:Middlewares/Third_Party/FreeRTOS/Source/CMSIS_RTOS/cmsis_os.c ****     return NULL;
 229:Middlewares/Third_Party/FreeRTOS/Source/CMSIS_RTOS/cmsis_os.c ****   }     
 230:Middlewares/Third_Party/FreeRTOS/Source/CMSIS_RTOS/cmsis_os.c **** #endif
 231:Middlewares/Third_Party/FreeRTOS/Source/CMSIS_RTOS/cmsis_os.c ****   
 232:Middlewares/Third_Party/FreeRTOS/Source/CMSIS_RTOS/cmsis_os.c ****   return handle;
 292              		.loc 1 232 3 is_stmt 1 view .LVU60
 293              		.loc 1 232 10 is_stmt 0 view .LVU61
 294 002a 0398     		ldr	r0, [sp, #12]
 295              	.L19:
 233:Middlewares/Third_Party/FreeRTOS/Source/CMSIS_RTOS/cmsis_os.c **** }
 296              		.loc 1 233 1 view .LVU62
 297 002c 05B0     		add	sp, sp, #20
 298              	.LCFI5:
 299              		.cfi_remember_state
 300              		.cfi_def_cfa_offset 20
 301              		@ sp needed
 302 002e F0BD     		pop	{r4, r5, r6, r7, pc}
ARM GAS  D:\TMP\ccghNG8s.s 			page 14


 303              	.LVL19:
 304              	.L21:
 305              	.LCFI6:
 306              		.cfi_restore_state
 228:Middlewares/Third_Party/FreeRTOS/Source/CMSIS_RTOS/cmsis_os.c ****   }     
 307              		.loc 1 228 12 view .LVU63
 308 0030 0020     		movs	r0, #0
 309 0032 FBE7     		b	.L19
 310              		.cfi_endproc
 311              	.LFE55:
 313              		.section	.text.osThreadGetId,"ax",%progbits
 314              		.align	1
 315              		.global	osThreadGetId
 316              		.syntax unified
 317              		.thumb
 318              		.thumb_func
 320              	osThreadGetId:
 321              	.LFB56:
 234:Middlewares/Third_Party/FreeRTOS/Source/CMSIS_RTOS/cmsis_os.c **** 
 235:Middlewares/Third_Party/FreeRTOS/Source/CMSIS_RTOS/cmsis_os.c **** /**
 236:Middlewares/Third_Party/FreeRTOS/Source/CMSIS_RTOS/cmsis_os.c **** * @brief  Return the thread ID of the current running thread.
 237:Middlewares/Third_Party/FreeRTOS/Source/CMSIS_RTOS/cmsis_os.c **** * @retval thread ID for reference by other functions or NULL in case of error.
 238:Middlewares/Third_Party/FreeRTOS/Source/CMSIS_RTOS/cmsis_os.c **** * @note   MUST REMAIN UNCHANGED: \b osThreadGetId shall be consistent in every CMSIS-RTOS.
 239:Middlewares/Third_Party/FreeRTOS/Source/CMSIS_RTOS/cmsis_os.c **** */
 240:Middlewares/Third_Party/FreeRTOS/Source/CMSIS_RTOS/cmsis_os.c **** osThreadId osThreadGetId (void)
 241:Middlewares/Third_Party/FreeRTOS/Source/CMSIS_RTOS/cmsis_os.c **** {
 322              		.loc 1 241 1 is_stmt 1 view -0
 323              		.cfi_startproc
 324              		@ args = 0, pretend = 0, frame = 0
 325              		@ frame_needed = 0, uses_anonymous_args = 0
 326 0000 08B5     		push	{r3, lr}
 327              	.LCFI7:
 328              		.cfi_def_cfa_offset 8
 329              		.cfi_offset 3, -8
 330              		.cfi_offset 14, -4
 242:Middlewares/Third_Party/FreeRTOS/Source/CMSIS_RTOS/cmsis_os.c **** #if ( ( INCLUDE_xTaskGetCurrentTaskHandle == 1 ) || ( configUSE_MUTEXES == 1 ) )
 243:Middlewares/Third_Party/FreeRTOS/Source/CMSIS_RTOS/cmsis_os.c ****   return xTaskGetCurrentTaskHandle();
 331              		.loc 1 243 3 view .LVU65
 332              		.loc 1 243 10 is_stmt 0 view .LVU66
 333 0002 FFF7FEFF 		bl	xTaskGetCurrentTaskHandle
 334              	.LVL20:
 244:Middlewares/Third_Party/FreeRTOS/Source/CMSIS_RTOS/cmsis_os.c **** #else
 245:Middlewares/Third_Party/FreeRTOS/Source/CMSIS_RTOS/cmsis_os.c **** 	return NULL;
 246:Middlewares/Third_Party/FreeRTOS/Source/CMSIS_RTOS/cmsis_os.c **** #endif
 247:Middlewares/Third_Party/FreeRTOS/Source/CMSIS_RTOS/cmsis_os.c **** }
 335              		.loc 1 247 1 view .LVU67
 336 0006 08BD     		pop	{r3, pc}
 337              		.cfi_endproc
 338              	.LFE56:
 340              		.section	.text.osThreadTerminate,"ax",%progbits
 341              		.align	1
 342              		.global	osThreadTerminate
 343              		.syntax unified
 344              		.thumb
 345              		.thumb_func
 347              	osThreadTerminate:
 348              	.LVL21:
ARM GAS  D:\TMP\ccghNG8s.s 			page 15


 349              	.LFB57:
 248:Middlewares/Third_Party/FreeRTOS/Source/CMSIS_RTOS/cmsis_os.c **** 
 249:Middlewares/Third_Party/FreeRTOS/Source/CMSIS_RTOS/cmsis_os.c **** /**
 250:Middlewares/Third_Party/FreeRTOS/Source/CMSIS_RTOS/cmsis_os.c **** * @brief  Terminate execution of a thread and remove it from Active Threads.
 251:Middlewares/Third_Party/FreeRTOS/Source/CMSIS_RTOS/cmsis_os.c **** * @param   thread_id   thread ID obtained by \ref osThreadCreate or \ref osThreadGetId.
 252:Middlewares/Third_Party/FreeRTOS/Source/CMSIS_RTOS/cmsis_os.c **** * @retval  status code that indicates the execution status of the function.
 253:Middlewares/Third_Party/FreeRTOS/Source/CMSIS_RTOS/cmsis_os.c **** * @note   MUST REMAIN UNCHANGED: \b osThreadTerminate shall be consistent in every CMSIS-RTOS.
 254:Middlewares/Third_Party/FreeRTOS/Source/CMSIS_RTOS/cmsis_os.c **** */
 255:Middlewares/Third_Party/FreeRTOS/Source/CMSIS_RTOS/cmsis_os.c **** osStatus osThreadTerminate (osThreadId thread_id)
 256:Middlewares/Third_Party/FreeRTOS/Source/CMSIS_RTOS/cmsis_os.c **** {
 350              		.loc 1 256 1 is_stmt 1 view -0
 351              		.cfi_startproc
 352              		@ args = 0, pretend = 0, frame = 0
 353              		@ frame_needed = 0, uses_anonymous_args = 0
 354              		.loc 1 256 1 is_stmt 0 view .LVU69
 355 0000 08B5     		push	{r3, lr}
 356              	.LCFI8:
 357              		.cfi_def_cfa_offset 8
 358              		.cfi_offset 3, -8
 359              		.cfi_offset 14, -4
 257:Middlewares/Third_Party/FreeRTOS/Source/CMSIS_RTOS/cmsis_os.c **** #if (INCLUDE_vTaskDelete == 1)
 258:Middlewares/Third_Party/FreeRTOS/Source/CMSIS_RTOS/cmsis_os.c ****   vTaskDelete(thread_id);
 360              		.loc 1 258 3 is_stmt 1 view .LVU70
 361 0002 FFF7FEFF 		bl	vTaskDelete
 362              	.LVL22:
 259:Middlewares/Third_Party/FreeRTOS/Source/CMSIS_RTOS/cmsis_os.c ****   return osOK;
 363              		.loc 1 259 3 view .LVU71
 260:Middlewares/Third_Party/FreeRTOS/Source/CMSIS_RTOS/cmsis_os.c **** #else
 261:Middlewares/Third_Party/FreeRTOS/Source/CMSIS_RTOS/cmsis_os.c ****   return osErrorOS;
 262:Middlewares/Third_Party/FreeRTOS/Source/CMSIS_RTOS/cmsis_os.c **** #endif
 263:Middlewares/Third_Party/FreeRTOS/Source/CMSIS_RTOS/cmsis_os.c **** }
 364              		.loc 1 263 1 is_stmt 0 view .LVU72
 365 0006 0020     		movs	r0, #0
 366 0008 08BD     		pop	{r3, pc}
 367              		.cfi_endproc
 368              	.LFE57:
 370              		.section	.text.osThreadYield,"ax",%progbits
 371              		.align	1
 372              		.global	osThreadYield
 373              		.syntax unified
 374              		.thumb
 375              		.thumb_func
 377              	osThreadYield:
 378              	.LFB58:
 264:Middlewares/Third_Party/FreeRTOS/Source/CMSIS_RTOS/cmsis_os.c **** 
 265:Middlewares/Third_Party/FreeRTOS/Source/CMSIS_RTOS/cmsis_os.c **** /**
 266:Middlewares/Third_Party/FreeRTOS/Source/CMSIS_RTOS/cmsis_os.c **** * @brief  Pass control to next thread that is in state \b READY.
 267:Middlewares/Third_Party/FreeRTOS/Source/CMSIS_RTOS/cmsis_os.c **** * @retval status code that indicates the execution status of the function.
 268:Middlewares/Third_Party/FreeRTOS/Source/CMSIS_RTOS/cmsis_os.c **** * @note   MUST REMAIN UNCHANGED: \b osThreadYield shall be consistent in every CMSIS-RTOS.
 269:Middlewares/Third_Party/FreeRTOS/Source/CMSIS_RTOS/cmsis_os.c **** */
 270:Middlewares/Third_Party/FreeRTOS/Source/CMSIS_RTOS/cmsis_os.c **** osStatus osThreadYield (void)
 271:Middlewares/Third_Party/FreeRTOS/Source/CMSIS_RTOS/cmsis_os.c **** {
 379              		.loc 1 271 1 is_stmt 1 view -0
 380              		.cfi_startproc
 381              		@ args = 0, pretend = 0, frame = 0
 382              		@ frame_needed = 0, uses_anonymous_args = 0
 383              		@ link register save eliminated.
ARM GAS  D:\TMP\ccghNG8s.s 			page 16


 272:Middlewares/Third_Party/FreeRTOS/Source/CMSIS_RTOS/cmsis_os.c ****   taskYIELD();
 384              		.loc 1 272 3 view .LVU74
 385 0000 4FF0E023 		mov	r3, #-536813568
 386 0004 4FF08052 		mov	r2, #268435456
 387 0008 C3F8042D 		str	r2, [r3, #3332]
 388              		.loc 1 272 3 view .LVU75
 389              		.syntax unified
 390              	@ 272 "Middlewares/Third_Party/FreeRTOS/Source/CMSIS_RTOS/cmsis_os.c" 1
 391 000c BFF34F8F 		dsb
 392              	@ 0 "" 2
 393              		.loc 1 272 3 view .LVU76
 394              	@ 272 "Middlewares/Third_Party/FreeRTOS/Source/CMSIS_RTOS/cmsis_os.c" 1
 395 0010 BFF36F8F 		isb
 396              	@ 0 "" 2
 397              		.loc 1 272 14 view .LVU77
 273:Middlewares/Third_Party/FreeRTOS/Source/CMSIS_RTOS/cmsis_os.c ****   
 274:Middlewares/Third_Party/FreeRTOS/Source/CMSIS_RTOS/cmsis_os.c ****   return osOK;
 398              		.loc 1 274 3 view .LVU78
 275:Middlewares/Third_Party/FreeRTOS/Source/CMSIS_RTOS/cmsis_os.c **** }
 399              		.loc 1 275 1 is_stmt 0 view .LVU79
 400              		.thumb
 401              		.syntax unified
 402 0014 0020     		movs	r0, #0
 403 0016 7047     		bx	lr
 404              		.cfi_endproc
 405              	.LFE58:
 407              		.section	.text.osThreadSetPriority,"ax",%progbits
 408              		.align	1
 409              		.global	osThreadSetPriority
 410              		.syntax unified
 411              		.thumb
 412              		.thumb_func
 414              	osThreadSetPriority:
 415              	.LVL23:
 416              	.LFB59:
 276:Middlewares/Third_Party/FreeRTOS/Source/CMSIS_RTOS/cmsis_os.c **** 
 277:Middlewares/Third_Party/FreeRTOS/Source/CMSIS_RTOS/cmsis_os.c **** /**
 278:Middlewares/Third_Party/FreeRTOS/Source/CMSIS_RTOS/cmsis_os.c **** * @brief   Change priority of an active thread.
 279:Middlewares/Third_Party/FreeRTOS/Source/CMSIS_RTOS/cmsis_os.c **** * @param   thread_id     thread ID obtained by \ref osThreadCreate or \ref osThreadGetId.
 280:Middlewares/Third_Party/FreeRTOS/Source/CMSIS_RTOS/cmsis_os.c **** * @param   priority      new priority value for the thread function.
 281:Middlewares/Third_Party/FreeRTOS/Source/CMSIS_RTOS/cmsis_os.c **** * @retval  status code that indicates the execution status of the function.
 282:Middlewares/Third_Party/FreeRTOS/Source/CMSIS_RTOS/cmsis_os.c **** * @note   MUST REMAIN UNCHANGED: \b osThreadSetPriority shall be consistent in every CMSIS-RTOS.
 283:Middlewares/Third_Party/FreeRTOS/Source/CMSIS_RTOS/cmsis_os.c **** */
 284:Middlewares/Third_Party/FreeRTOS/Source/CMSIS_RTOS/cmsis_os.c **** osStatus osThreadSetPriority (osThreadId thread_id, osPriority priority)
 285:Middlewares/Third_Party/FreeRTOS/Source/CMSIS_RTOS/cmsis_os.c **** {
 417              		.loc 1 285 1 is_stmt 1 view -0
 418              		.cfi_startproc
 419              		@ args = 0, pretend = 0, frame = 0
 420              		@ frame_needed = 0, uses_anonymous_args = 0
 421              		.loc 1 285 1 is_stmt 0 view .LVU81
 422 0000 10B5     		push	{r4, lr}
 423              	.LCFI9:
 424              		.cfi_def_cfa_offset 8
 425              		.cfi_offset 4, -8
 426              		.cfi_offset 14, -4
 427 0002 0446     		mov	r4, r0
 286:Middlewares/Third_Party/FreeRTOS/Source/CMSIS_RTOS/cmsis_os.c **** #if (INCLUDE_vTaskPrioritySet == 1)
ARM GAS  D:\TMP\ccghNG8s.s 			page 17


 287:Middlewares/Third_Party/FreeRTOS/Source/CMSIS_RTOS/cmsis_os.c ****   vTaskPrioritySet(thread_id, makeFreeRtosPriority(priority));
 428              		.loc 1 287 3 is_stmt 1 view .LVU82
 429 0004 0846     		mov	r0, r1
 430              	.LVL24:
 431              		.loc 1 287 3 is_stmt 0 view .LVU83
 432 0006 FFF7FEFF 		bl	makeFreeRtosPriority
 433              	.LVL25:
 434              		.loc 1 287 3 view .LVU84
 435 000a 0146     		mov	r1, r0
 436              		.loc 1 287 3 discriminator 1 view .LVU85
 437 000c 2046     		mov	r0, r4
 438 000e FFF7FEFF 		bl	vTaskPrioritySet
 439              	.LVL26:
 288:Middlewares/Third_Party/FreeRTOS/Source/CMSIS_RTOS/cmsis_os.c ****   return osOK;
 440              		.loc 1 288 3 is_stmt 1 view .LVU86
 289:Middlewares/Third_Party/FreeRTOS/Source/CMSIS_RTOS/cmsis_os.c **** #else
 290:Middlewares/Third_Party/FreeRTOS/Source/CMSIS_RTOS/cmsis_os.c ****   return osErrorOS;
 291:Middlewares/Third_Party/FreeRTOS/Source/CMSIS_RTOS/cmsis_os.c **** #endif
 292:Middlewares/Third_Party/FreeRTOS/Source/CMSIS_RTOS/cmsis_os.c **** }
 441              		.loc 1 292 1 is_stmt 0 view .LVU87
 442 0012 0020     		movs	r0, #0
 443 0014 10BD     		pop	{r4, pc}
 444              		.loc 1 292 1 view .LVU88
 445              		.cfi_endproc
 446              	.LFE59:
 448              		.section	.text.osThreadGetPriority,"ax",%progbits
 449              		.align	1
 450              		.global	osThreadGetPriority
 451              		.syntax unified
 452              		.thumb
 453              		.thumb_func
 455              	osThreadGetPriority:
 456              	.LVL27:
 457              	.LFB60:
 293:Middlewares/Third_Party/FreeRTOS/Source/CMSIS_RTOS/cmsis_os.c **** 
 294:Middlewares/Third_Party/FreeRTOS/Source/CMSIS_RTOS/cmsis_os.c **** /**
 295:Middlewares/Third_Party/FreeRTOS/Source/CMSIS_RTOS/cmsis_os.c **** * @brief   Get current priority of an active thread.
 296:Middlewares/Third_Party/FreeRTOS/Source/CMSIS_RTOS/cmsis_os.c **** * @param   thread_id     thread ID obtained by \ref osThreadCreate or \ref osThreadGetId.
 297:Middlewares/Third_Party/FreeRTOS/Source/CMSIS_RTOS/cmsis_os.c **** * @retval  current priority value of the thread function.
 298:Middlewares/Third_Party/FreeRTOS/Source/CMSIS_RTOS/cmsis_os.c **** * @note   MUST REMAIN UNCHANGED: \b osThreadGetPriority shall be consistent in every CMSIS-RTOS.
 299:Middlewares/Third_Party/FreeRTOS/Source/CMSIS_RTOS/cmsis_os.c **** */
 300:Middlewares/Third_Party/FreeRTOS/Source/CMSIS_RTOS/cmsis_os.c **** osPriority osThreadGetPriority (osThreadId thread_id)
 301:Middlewares/Third_Party/FreeRTOS/Source/CMSIS_RTOS/cmsis_os.c **** {
 458              		.loc 1 301 1 is_stmt 1 view -0
 459              		.cfi_startproc
 460              		@ args = 0, pretend = 0, frame = 0
 461              		@ frame_needed = 0, uses_anonymous_args = 0
 462              		.loc 1 301 1 is_stmt 0 view .LVU90
 463 0000 10B5     		push	{r4, lr}
 464              	.LCFI10:
 465              		.cfi_def_cfa_offset 8
 466              		.cfi_offset 4, -8
 467              		.cfi_offset 14, -4
 468 0002 0446     		mov	r4, r0
 302:Middlewares/Third_Party/FreeRTOS/Source/CMSIS_RTOS/cmsis_os.c **** #if (INCLUDE_uxTaskPriorityGet == 1)
 303:Middlewares/Third_Party/FreeRTOS/Source/CMSIS_RTOS/cmsis_os.c ****   if (inHandlerMode())
 469              		.loc 1 303 3 is_stmt 1 view .LVU91
ARM GAS  D:\TMP\ccghNG8s.s 			page 18


 470              		.loc 1 303 7 is_stmt 0 view .LVU92
 471 0004 FFF7FEFF 		bl	inHandlerMode
 472              	.LVL28:
 473              		.loc 1 303 6 discriminator 1 view .LVU93
 474 0008 28B1     		cbz	r0, .L31
 304:Middlewares/Third_Party/FreeRTOS/Source/CMSIS_RTOS/cmsis_os.c ****   {
 305:Middlewares/Third_Party/FreeRTOS/Source/CMSIS_RTOS/cmsis_os.c ****     return makeCmsisPriority(uxTaskPriorityGetFromISR(thread_id));  
 475              		.loc 1 305 5 is_stmt 1 view .LVU94
 476              		.loc 1 305 12 is_stmt 0 view .LVU95
 477 000a 2046     		mov	r0, r4
 478 000c FFF7FEFF 		bl	uxTaskPriorityGetFromISR
 479              	.LVL29:
 480              		.loc 1 305 12 discriminator 1 view .LVU96
 481 0010 FFF7FEFF 		bl	makeCmsisPriority
 482              	.LVL30:
 483              	.L32:
 306:Middlewares/Third_Party/FreeRTOS/Source/CMSIS_RTOS/cmsis_os.c ****   }
 307:Middlewares/Third_Party/FreeRTOS/Source/CMSIS_RTOS/cmsis_os.c ****   else
 308:Middlewares/Third_Party/FreeRTOS/Source/CMSIS_RTOS/cmsis_os.c ****   {  
 309:Middlewares/Third_Party/FreeRTOS/Source/CMSIS_RTOS/cmsis_os.c ****     return makeCmsisPriority(uxTaskPriorityGet(thread_id));
 310:Middlewares/Third_Party/FreeRTOS/Source/CMSIS_RTOS/cmsis_os.c ****   }
 311:Middlewares/Third_Party/FreeRTOS/Source/CMSIS_RTOS/cmsis_os.c **** #else
 312:Middlewares/Third_Party/FreeRTOS/Source/CMSIS_RTOS/cmsis_os.c ****   return osPriorityError;
 313:Middlewares/Third_Party/FreeRTOS/Source/CMSIS_RTOS/cmsis_os.c **** #endif
 314:Middlewares/Third_Party/FreeRTOS/Source/CMSIS_RTOS/cmsis_os.c **** }
 484              		.loc 1 314 1 view .LVU97
 485 0014 10BD     		pop	{r4, pc}
 486              	.LVL31:
 487              	.L31:
 309:Middlewares/Third_Party/FreeRTOS/Source/CMSIS_RTOS/cmsis_os.c ****   }
 488              		.loc 1 309 5 is_stmt 1 view .LVU98
 309:Middlewares/Third_Party/FreeRTOS/Source/CMSIS_RTOS/cmsis_os.c ****   }
 489              		.loc 1 309 12 is_stmt 0 view .LVU99
 490 0016 2046     		mov	r0, r4
 491 0018 FFF7FEFF 		bl	uxTaskPriorityGet
 492              	.LVL32:
 309:Middlewares/Third_Party/FreeRTOS/Source/CMSIS_RTOS/cmsis_os.c ****   }
 493              		.loc 1 309 12 discriminator 1 view .LVU100
 494 001c FFF7FEFF 		bl	makeCmsisPriority
 495              	.LVL33:
 309:Middlewares/Third_Party/FreeRTOS/Source/CMSIS_RTOS/cmsis_os.c ****   }
 496              		.loc 1 309 12 view .LVU101
 497 0020 F8E7     		b	.L32
 498              		.cfi_endproc
 499              	.LFE60:
 501              		.section	.text.osDelay,"ax",%progbits
 502              		.align	1
 503              		.global	osDelay
 504              		.syntax unified
 505              		.thumb
 506              		.thumb_func
 508              	osDelay:
 509              	.LVL34:
 510              	.LFB61:
 315:Middlewares/Third_Party/FreeRTOS/Source/CMSIS_RTOS/cmsis_os.c **** 
 316:Middlewares/Third_Party/FreeRTOS/Source/CMSIS_RTOS/cmsis_os.c **** /*********************** Generic Wait Functions *******************************/
 317:Middlewares/Third_Party/FreeRTOS/Source/CMSIS_RTOS/cmsis_os.c **** /**
ARM GAS  D:\TMP\ccghNG8s.s 			page 19


 318:Middlewares/Third_Party/FreeRTOS/Source/CMSIS_RTOS/cmsis_os.c **** * @brief   Wait for Timeout (Time Delay)
 319:Middlewares/Third_Party/FreeRTOS/Source/CMSIS_RTOS/cmsis_os.c **** * @param   millisec      time delay value
 320:Middlewares/Third_Party/FreeRTOS/Source/CMSIS_RTOS/cmsis_os.c **** * @retval  status code that indicates the execution status of the function.
 321:Middlewares/Third_Party/FreeRTOS/Source/CMSIS_RTOS/cmsis_os.c **** */
 322:Middlewares/Third_Party/FreeRTOS/Source/CMSIS_RTOS/cmsis_os.c **** osStatus osDelay (uint32_t millisec)
 323:Middlewares/Third_Party/FreeRTOS/Source/CMSIS_RTOS/cmsis_os.c **** {
 511              		.loc 1 323 1 is_stmt 1 view -0
 512              		.cfi_startproc
 513              		@ args = 0, pretend = 0, frame = 0
 514              		@ frame_needed = 0, uses_anonymous_args = 0
 515              		.loc 1 323 1 is_stmt 0 view .LVU103
 516 0000 08B5     		push	{r3, lr}
 517              	.LCFI11:
 518              		.cfi_def_cfa_offset 8
 519              		.cfi_offset 3, -8
 520              		.cfi_offset 14, -4
 324:Middlewares/Third_Party/FreeRTOS/Source/CMSIS_RTOS/cmsis_os.c **** #if INCLUDE_vTaskDelay
 325:Middlewares/Third_Party/FreeRTOS/Source/CMSIS_RTOS/cmsis_os.c ****   TickType_t ticks = millisec / portTICK_PERIOD_MS;
 521              		.loc 1 325 3 is_stmt 1 view .LVU104
 522              	.LVL35:
 326:Middlewares/Third_Party/FreeRTOS/Source/CMSIS_RTOS/cmsis_os.c ****   
 327:Middlewares/Third_Party/FreeRTOS/Source/CMSIS_RTOS/cmsis_os.c ****   vTaskDelay(ticks ? ticks : 1);          /* Minimum delay = 1 tick */
 523              		.loc 1 327 3 view .LVU105
 524 0002 00B9     		cbnz	r0, .L35
 525              		.loc 1 327 3 is_stmt 0 discriminator 2 view .LVU106
 526 0004 0120     		movs	r0, #1
 527              	.LVL36:
 528              	.L35:
 529              		.loc 1 327 3 discriminator 4 view .LVU107
 530 0006 FFF7FEFF 		bl	vTaskDelay
 531              	.LVL37:
 328:Middlewares/Third_Party/FreeRTOS/Source/CMSIS_RTOS/cmsis_os.c ****   
 329:Middlewares/Third_Party/FreeRTOS/Source/CMSIS_RTOS/cmsis_os.c ****   return osOK;
 532              		.loc 1 329 3 is_stmt 1 view .LVU108
 330:Middlewares/Third_Party/FreeRTOS/Source/CMSIS_RTOS/cmsis_os.c **** #else
 331:Middlewares/Third_Party/FreeRTOS/Source/CMSIS_RTOS/cmsis_os.c ****   (void) millisec;
 332:Middlewares/Third_Party/FreeRTOS/Source/CMSIS_RTOS/cmsis_os.c ****   
 333:Middlewares/Third_Party/FreeRTOS/Source/CMSIS_RTOS/cmsis_os.c ****   return osErrorResource;
 334:Middlewares/Third_Party/FreeRTOS/Source/CMSIS_RTOS/cmsis_os.c **** #endif
 335:Middlewares/Third_Party/FreeRTOS/Source/CMSIS_RTOS/cmsis_os.c **** }
 533              		.loc 1 335 1 is_stmt 0 view .LVU109
 534 000a 0020     		movs	r0, #0
 535 000c 08BD     		pop	{r3, pc}
 536              		.cfi_endproc
 537              	.LFE61:
 539              		.section	.text.osTimerCreate,"ax",%progbits
 540              		.align	1
 541              		.global	osTimerCreate
 542              		.syntax unified
 543              		.thumb
 544              		.thumb_func
 546              	osTimerCreate:
 547              	.LVL38:
 548              	.LFB62:
 336:Middlewares/Third_Party/FreeRTOS/Source/CMSIS_RTOS/cmsis_os.c **** 
 337:Middlewares/Third_Party/FreeRTOS/Source/CMSIS_RTOS/cmsis_os.c **** #if (defined (osFeature_Wait)  &&  (osFeature_Wait != 0)) /* Generic Wait available */
 338:Middlewares/Third_Party/FreeRTOS/Source/CMSIS_RTOS/cmsis_os.c **** /**
ARM GAS  D:\TMP\ccghNG8s.s 			page 20


 339:Middlewares/Third_Party/FreeRTOS/Source/CMSIS_RTOS/cmsis_os.c **** * @brief  Wait for Signal, Message, Mail, or Timeout
 340:Middlewares/Third_Party/FreeRTOS/Source/CMSIS_RTOS/cmsis_os.c **** * @param   millisec  timeout value or 0 in case of no time-out
 341:Middlewares/Third_Party/FreeRTOS/Source/CMSIS_RTOS/cmsis_os.c **** * @retval  event that contains signal, message, or mail information or error code.
 342:Middlewares/Third_Party/FreeRTOS/Source/CMSIS_RTOS/cmsis_os.c **** * @note   MUST REMAIN UNCHANGED: \b osWait shall be consistent in every CMSIS-RTOS.
 343:Middlewares/Third_Party/FreeRTOS/Source/CMSIS_RTOS/cmsis_os.c **** */
 344:Middlewares/Third_Party/FreeRTOS/Source/CMSIS_RTOS/cmsis_os.c **** osEvent osWait (uint32_t millisec);
 345:Middlewares/Third_Party/FreeRTOS/Source/CMSIS_RTOS/cmsis_os.c **** 
 346:Middlewares/Third_Party/FreeRTOS/Source/CMSIS_RTOS/cmsis_os.c **** #endif  /* Generic Wait available */
 347:Middlewares/Third_Party/FreeRTOS/Source/CMSIS_RTOS/cmsis_os.c **** 
 348:Middlewares/Third_Party/FreeRTOS/Source/CMSIS_RTOS/cmsis_os.c **** /***********************  Timer Management Functions ***************************/
 349:Middlewares/Third_Party/FreeRTOS/Source/CMSIS_RTOS/cmsis_os.c **** /**
 350:Middlewares/Third_Party/FreeRTOS/Source/CMSIS_RTOS/cmsis_os.c **** * @brief  Create a timer.
 351:Middlewares/Third_Party/FreeRTOS/Source/CMSIS_RTOS/cmsis_os.c **** * @param  timer_def     timer object referenced with \ref osTimer.
 352:Middlewares/Third_Party/FreeRTOS/Source/CMSIS_RTOS/cmsis_os.c **** * @param  type          osTimerOnce for one-shot or osTimerPeriodic for periodic behavior.
 353:Middlewares/Third_Party/FreeRTOS/Source/CMSIS_RTOS/cmsis_os.c **** * @param  argument      argument to the timer call back function.
 354:Middlewares/Third_Party/FreeRTOS/Source/CMSIS_RTOS/cmsis_os.c **** * @retval  timer ID for reference by other functions or NULL in case of error.
 355:Middlewares/Third_Party/FreeRTOS/Source/CMSIS_RTOS/cmsis_os.c **** * @note   MUST REMAIN UNCHANGED: \b osTimerCreate shall be consistent in every CMSIS-RTOS.
 356:Middlewares/Third_Party/FreeRTOS/Source/CMSIS_RTOS/cmsis_os.c **** */
 357:Middlewares/Third_Party/FreeRTOS/Source/CMSIS_RTOS/cmsis_os.c **** osTimerId osTimerCreate (const osTimerDef_t *timer_def, os_timer_type type, void *argument)
 358:Middlewares/Third_Party/FreeRTOS/Source/CMSIS_RTOS/cmsis_os.c **** {
 549              		.loc 1 358 1 is_stmt 1 view -0
 550              		.cfi_startproc
 551              		@ args = 0, pretend = 0, frame = 0
 552              		@ frame_needed = 0, uses_anonymous_args = 0
 553              		@ link register save eliminated.
 359:Middlewares/Third_Party/FreeRTOS/Source/CMSIS_RTOS/cmsis_os.c **** #if (configUSE_TIMERS == 1)
 360:Middlewares/Third_Party/FreeRTOS/Source/CMSIS_RTOS/cmsis_os.c **** 
 361:Middlewares/Third_Party/FreeRTOS/Source/CMSIS_RTOS/cmsis_os.c **** #if( ( configSUPPORT_STATIC_ALLOCATION == 1 ) && ( configSUPPORT_DYNAMIC_ALLOCATION == 1 ) ) 
 362:Middlewares/Third_Party/FreeRTOS/Source/CMSIS_RTOS/cmsis_os.c ****   if(timer_def->controlblock != NULL) {
 363:Middlewares/Third_Party/FreeRTOS/Source/CMSIS_RTOS/cmsis_os.c ****     return xTimerCreateStatic((const char *)"",
 364:Middlewares/Third_Party/FreeRTOS/Source/CMSIS_RTOS/cmsis_os.c ****                       1, // period should be filled when starting the Timer using osTimerStart
 365:Middlewares/Third_Party/FreeRTOS/Source/CMSIS_RTOS/cmsis_os.c ****                       (type == osTimerPeriodic) ? pdTRUE : pdFALSE,
 366:Middlewares/Third_Party/FreeRTOS/Source/CMSIS_RTOS/cmsis_os.c ****                       (void *) argument,
 367:Middlewares/Third_Party/FreeRTOS/Source/CMSIS_RTOS/cmsis_os.c ****                       (TimerCallbackFunction_t)timer_def->ptimer,
 368:Middlewares/Third_Party/FreeRTOS/Source/CMSIS_RTOS/cmsis_os.c ****                       (StaticTimer_t *)timer_def->controlblock);
 369:Middlewares/Third_Party/FreeRTOS/Source/CMSIS_RTOS/cmsis_os.c ****   }
 370:Middlewares/Third_Party/FreeRTOS/Source/CMSIS_RTOS/cmsis_os.c ****   else {
 371:Middlewares/Third_Party/FreeRTOS/Source/CMSIS_RTOS/cmsis_os.c ****     return xTimerCreate((const char *)"",
 372:Middlewares/Third_Party/FreeRTOS/Source/CMSIS_RTOS/cmsis_os.c ****                       1, // period should be filled when starting the Timer using osTimerStart
 373:Middlewares/Third_Party/FreeRTOS/Source/CMSIS_RTOS/cmsis_os.c ****                       (type == osTimerPeriodic) ? pdTRUE : pdFALSE,
 374:Middlewares/Third_Party/FreeRTOS/Source/CMSIS_RTOS/cmsis_os.c ****                       (void *) argument,
 375:Middlewares/Third_Party/FreeRTOS/Source/CMSIS_RTOS/cmsis_os.c ****                       (TimerCallbackFunction_t)timer_def->ptimer);
 376:Middlewares/Third_Party/FreeRTOS/Source/CMSIS_RTOS/cmsis_os.c ****  }
 377:Middlewares/Third_Party/FreeRTOS/Source/CMSIS_RTOS/cmsis_os.c **** #elif( configSUPPORT_STATIC_ALLOCATION == 1 )
 378:Middlewares/Third_Party/FreeRTOS/Source/CMSIS_RTOS/cmsis_os.c ****   return xTimerCreateStatic((const char *)"",
 379:Middlewares/Third_Party/FreeRTOS/Source/CMSIS_RTOS/cmsis_os.c ****                       1, // period should be filled when starting the Timer using osTimerStart
 380:Middlewares/Third_Party/FreeRTOS/Source/CMSIS_RTOS/cmsis_os.c ****                       (type == osTimerPeriodic) ? pdTRUE : pdFALSE,
 381:Middlewares/Third_Party/FreeRTOS/Source/CMSIS_RTOS/cmsis_os.c ****                       (void *) argument,
 382:Middlewares/Third_Party/FreeRTOS/Source/CMSIS_RTOS/cmsis_os.c ****                       (TimerCallbackFunction_t)timer_def->ptimer,
 383:Middlewares/Third_Party/FreeRTOS/Source/CMSIS_RTOS/cmsis_os.c ****                       (StaticTimer_t *)timer_def->controlblock);  
 384:Middlewares/Third_Party/FreeRTOS/Source/CMSIS_RTOS/cmsis_os.c **** #else
 385:Middlewares/Third_Party/FreeRTOS/Source/CMSIS_RTOS/cmsis_os.c ****   return xTimerCreate((const char *)"",
 386:Middlewares/Third_Party/FreeRTOS/Source/CMSIS_RTOS/cmsis_os.c ****                       1, // period should be filled when starting the Timer using osTimerStart
 387:Middlewares/Third_Party/FreeRTOS/Source/CMSIS_RTOS/cmsis_os.c ****                       (type == osTimerPeriodic) ? pdTRUE : pdFALSE,
 388:Middlewares/Third_Party/FreeRTOS/Source/CMSIS_RTOS/cmsis_os.c ****                       (void *) argument,
 389:Middlewares/Third_Party/FreeRTOS/Source/CMSIS_RTOS/cmsis_os.c ****                       (TimerCallbackFunction_t)timer_def->ptimer);
 390:Middlewares/Third_Party/FreeRTOS/Source/CMSIS_RTOS/cmsis_os.c **** #endif
ARM GAS  D:\TMP\ccghNG8s.s 			page 21


 391:Middlewares/Third_Party/FreeRTOS/Source/CMSIS_RTOS/cmsis_os.c **** 
 392:Middlewares/Third_Party/FreeRTOS/Source/CMSIS_RTOS/cmsis_os.c **** #else 
 393:Middlewares/Third_Party/FreeRTOS/Source/CMSIS_RTOS/cmsis_os.c **** 	return NULL;
 554              		.loc 1 393 2 view .LVU111
 394:Middlewares/Third_Party/FreeRTOS/Source/CMSIS_RTOS/cmsis_os.c **** #endif
 395:Middlewares/Third_Party/FreeRTOS/Source/CMSIS_RTOS/cmsis_os.c **** }
 555              		.loc 1 395 1 is_stmt 0 view .LVU112
 556 0000 0020     		movs	r0, #0
 557              	.LVL39:
 558              		.loc 1 395 1 view .LVU113
 559 0002 7047     		bx	lr
 560              		.cfi_endproc
 561              	.LFE62:
 563              		.section	.text.osTimerStart,"ax",%progbits
 564              		.align	1
 565              		.global	osTimerStart
 566              		.syntax unified
 567              		.thumb
 568              		.thumb_func
 570              	osTimerStart:
 571              	.LVL40:
 572              	.LFB63:
 396:Middlewares/Third_Party/FreeRTOS/Source/CMSIS_RTOS/cmsis_os.c **** 
 397:Middlewares/Third_Party/FreeRTOS/Source/CMSIS_RTOS/cmsis_os.c **** /**
 398:Middlewares/Third_Party/FreeRTOS/Source/CMSIS_RTOS/cmsis_os.c **** * @brief  Start or restart a timer.
 399:Middlewares/Third_Party/FreeRTOS/Source/CMSIS_RTOS/cmsis_os.c **** * @param  timer_id      timer ID obtained by \ref osTimerCreate.
 400:Middlewares/Third_Party/FreeRTOS/Source/CMSIS_RTOS/cmsis_os.c **** * @param  millisec      time delay value of the timer.
 401:Middlewares/Third_Party/FreeRTOS/Source/CMSIS_RTOS/cmsis_os.c **** * @retval  status code that indicates the execution status of the function
 402:Middlewares/Third_Party/FreeRTOS/Source/CMSIS_RTOS/cmsis_os.c **** * @note   MUST REMAIN UNCHANGED: \b osTimerStart shall be consistent in every CMSIS-RTOS.
 403:Middlewares/Third_Party/FreeRTOS/Source/CMSIS_RTOS/cmsis_os.c **** */
 404:Middlewares/Third_Party/FreeRTOS/Source/CMSIS_RTOS/cmsis_os.c **** osStatus osTimerStart (osTimerId timer_id, uint32_t millisec)
 405:Middlewares/Third_Party/FreeRTOS/Source/CMSIS_RTOS/cmsis_os.c **** {
 573              		.loc 1 405 1 is_stmt 1 view -0
 574              		.cfi_startproc
 575              		@ args = 0, pretend = 0, frame = 0
 576              		@ frame_needed = 0, uses_anonymous_args = 0
 577              		@ link register save eliminated.
 406:Middlewares/Third_Party/FreeRTOS/Source/CMSIS_RTOS/cmsis_os.c ****   osStatus result = osOK;
 578              		.loc 1 406 3 view .LVU115
 407:Middlewares/Third_Party/FreeRTOS/Source/CMSIS_RTOS/cmsis_os.c **** #if (configUSE_TIMERS == 1)  
 408:Middlewares/Third_Party/FreeRTOS/Source/CMSIS_RTOS/cmsis_os.c ****   portBASE_TYPE taskWoken = pdFALSE;
 409:Middlewares/Third_Party/FreeRTOS/Source/CMSIS_RTOS/cmsis_os.c ****   TickType_t ticks = millisec / portTICK_PERIOD_MS;
 410:Middlewares/Third_Party/FreeRTOS/Source/CMSIS_RTOS/cmsis_os.c **** 
 411:Middlewares/Third_Party/FreeRTOS/Source/CMSIS_RTOS/cmsis_os.c ****   if (ticks == 0)
 412:Middlewares/Third_Party/FreeRTOS/Source/CMSIS_RTOS/cmsis_os.c ****     ticks = 1;
 413:Middlewares/Third_Party/FreeRTOS/Source/CMSIS_RTOS/cmsis_os.c ****     
 414:Middlewares/Third_Party/FreeRTOS/Source/CMSIS_RTOS/cmsis_os.c ****   if (inHandlerMode()) 
 415:Middlewares/Third_Party/FreeRTOS/Source/CMSIS_RTOS/cmsis_os.c ****   {
 416:Middlewares/Third_Party/FreeRTOS/Source/CMSIS_RTOS/cmsis_os.c ****     if (xTimerChangePeriodFromISR(timer_id, ticks, &taskWoken) != pdPASS)
 417:Middlewares/Third_Party/FreeRTOS/Source/CMSIS_RTOS/cmsis_os.c ****     {
 418:Middlewares/Third_Party/FreeRTOS/Source/CMSIS_RTOS/cmsis_os.c ****       result = osErrorOS;
 419:Middlewares/Third_Party/FreeRTOS/Source/CMSIS_RTOS/cmsis_os.c ****     }
 420:Middlewares/Third_Party/FreeRTOS/Source/CMSIS_RTOS/cmsis_os.c ****     else
 421:Middlewares/Third_Party/FreeRTOS/Source/CMSIS_RTOS/cmsis_os.c ****     {
 422:Middlewares/Third_Party/FreeRTOS/Source/CMSIS_RTOS/cmsis_os.c ****       portEND_SWITCHING_ISR(taskWoken);     
 423:Middlewares/Third_Party/FreeRTOS/Source/CMSIS_RTOS/cmsis_os.c ****     }
 424:Middlewares/Third_Party/FreeRTOS/Source/CMSIS_RTOS/cmsis_os.c ****   }
ARM GAS  D:\TMP\ccghNG8s.s 			page 22


 425:Middlewares/Third_Party/FreeRTOS/Source/CMSIS_RTOS/cmsis_os.c ****   else 
 426:Middlewares/Third_Party/FreeRTOS/Source/CMSIS_RTOS/cmsis_os.c ****   {
 427:Middlewares/Third_Party/FreeRTOS/Source/CMSIS_RTOS/cmsis_os.c ****     if (xTimerChangePeriod(timer_id, ticks, 0) != pdPASS)
 428:Middlewares/Third_Party/FreeRTOS/Source/CMSIS_RTOS/cmsis_os.c ****       result = osErrorOS;
 429:Middlewares/Third_Party/FreeRTOS/Source/CMSIS_RTOS/cmsis_os.c ****   }
 430:Middlewares/Third_Party/FreeRTOS/Source/CMSIS_RTOS/cmsis_os.c **** 
 431:Middlewares/Third_Party/FreeRTOS/Source/CMSIS_RTOS/cmsis_os.c **** #else 
 432:Middlewares/Third_Party/FreeRTOS/Source/CMSIS_RTOS/cmsis_os.c ****   result = osErrorOS;
 579              		.loc 1 432 3 view .LVU116
 433:Middlewares/Third_Party/FreeRTOS/Source/CMSIS_RTOS/cmsis_os.c **** #endif
 434:Middlewares/Third_Party/FreeRTOS/Source/CMSIS_RTOS/cmsis_os.c ****   return result;
 580              		.loc 1 434 3 view .LVU117
 435:Middlewares/Third_Party/FreeRTOS/Source/CMSIS_RTOS/cmsis_os.c **** }
 581              		.loc 1 435 1 is_stmt 0 view .LVU118
 582 0000 FF20     		movs	r0, #255
 583              	.LVL41:
 584              		.loc 1 435 1 view .LVU119
 585 0002 7047     		bx	lr
 586              		.cfi_endproc
 587              	.LFE63:
 589              		.section	.text.osTimerStop,"ax",%progbits
 590              		.align	1
 591              		.global	osTimerStop
 592              		.syntax unified
 593              		.thumb
 594              		.thumb_func
 596              	osTimerStop:
 597              	.LVL42:
 598              	.LFB64:
 436:Middlewares/Third_Party/FreeRTOS/Source/CMSIS_RTOS/cmsis_os.c **** 
 437:Middlewares/Third_Party/FreeRTOS/Source/CMSIS_RTOS/cmsis_os.c **** /**
 438:Middlewares/Third_Party/FreeRTOS/Source/CMSIS_RTOS/cmsis_os.c **** * @brief  Stop a timer.
 439:Middlewares/Third_Party/FreeRTOS/Source/CMSIS_RTOS/cmsis_os.c **** * @param  timer_id      timer ID obtained by \ref osTimerCreate
 440:Middlewares/Third_Party/FreeRTOS/Source/CMSIS_RTOS/cmsis_os.c **** * @retval  status code that indicates the execution status of the function.
 441:Middlewares/Third_Party/FreeRTOS/Source/CMSIS_RTOS/cmsis_os.c **** * @note   MUST REMAIN UNCHANGED: \b osTimerStop shall be consistent in every CMSIS-RTOS.
 442:Middlewares/Third_Party/FreeRTOS/Source/CMSIS_RTOS/cmsis_os.c **** */
 443:Middlewares/Third_Party/FreeRTOS/Source/CMSIS_RTOS/cmsis_os.c **** osStatus osTimerStop (osTimerId timer_id)
 444:Middlewares/Third_Party/FreeRTOS/Source/CMSIS_RTOS/cmsis_os.c **** {
 599              		.loc 1 444 1 is_stmt 1 view -0
 600              		.cfi_startproc
 601              		@ args = 0, pretend = 0, frame = 0
 602              		@ frame_needed = 0, uses_anonymous_args = 0
 603              		@ link register save eliminated.
 445:Middlewares/Third_Party/FreeRTOS/Source/CMSIS_RTOS/cmsis_os.c ****   osStatus result = osOK;
 604              		.loc 1 445 3 view .LVU121
 446:Middlewares/Third_Party/FreeRTOS/Source/CMSIS_RTOS/cmsis_os.c **** #if (configUSE_TIMERS == 1)  
 447:Middlewares/Third_Party/FreeRTOS/Source/CMSIS_RTOS/cmsis_os.c ****   portBASE_TYPE taskWoken = pdFALSE;
 448:Middlewares/Third_Party/FreeRTOS/Source/CMSIS_RTOS/cmsis_os.c **** 
 449:Middlewares/Third_Party/FreeRTOS/Source/CMSIS_RTOS/cmsis_os.c ****   if (inHandlerMode()) {
 450:Middlewares/Third_Party/FreeRTOS/Source/CMSIS_RTOS/cmsis_os.c ****     if (xTimerStopFromISR(timer_id, &taskWoken) != pdPASS) {
 451:Middlewares/Third_Party/FreeRTOS/Source/CMSIS_RTOS/cmsis_os.c ****       return osErrorOS;
 452:Middlewares/Third_Party/FreeRTOS/Source/CMSIS_RTOS/cmsis_os.c ****     }
 453:Middlewares/Third_Party/FreeRTOS/Source/CMSIS_RTOS/cmsis_os.c ****     portEND_SWITCHING_ISR(taskWoken);
 454:Middlewares/Third_Party/FreeRTOS/Source/CMSIS_RTOS/cmsis_os.c ****   }
 455:Middlewares/Third_Party/FreeRTOS/Source/CMSIS_RTOS/cmsis_os.c ****   else {
 456:Middlewares/Third_Party/FreeRTOS/Source/CMSIS_RTOS/cmsis_os.c ****     if (xTimerStop(timer_id, 0) != pdPASS) {
 457:Middlewares/Third_Party/FreeRTOS/Source/CMSIS_RTOS/cmsis_os.c ****       result = osErrorOS;
ARM GAS  D:\TMP\ccghNG8s.s 			page 23


 458:Middlewares/Third_Party/FreeRTOS/Source/CMSIS_RTOS/cmsis_os.c ****     }
 459:Middlewares/Third_Party/FreeRTOS/Source/CMSIS_RTOS/cmsis_os.c ****   }
 460:Middlewares/Third_Party/FreeRTOS/Source/CMSIS_RTOS/cmsis_os.c **** #else 
 461:Middlewares/Third_Party/FreeRTOS/Source/CMSIS_RTOS/cmsis_os.c ****   result = osErrorOS;
 605              		.loc 1 461 3 view .LVU122
 462:Middlewares/Third_Party/FreeRTOS/Source/CMSIS_RTOS/cmsis_os.c **** #endif 
 463:Middlewares/Third_Party/FreeRTOS/Source/CMSIS_RTOS/cmsis_os.c ****   return result;
 606              		.loc 1 463 3 view .LVU123
 464:Middlewares/Third_Party/FreeRTOS/Source/CMSIS_RTOS/cmsis_os.c **** }
 607              		.loc 1 464 1 is_stmt 0 view .LVU124
 608 0000 FF20     		movs	r0, #255
 609              	.LVL43:
 610              		.loc 1 464 1 view .LVU125
 611 0002 7047     		bx	lr
 612              		.cfi_endproc
 613              	.LFE64:
 615              		.section	.text.osTimerDelete,"ax",%progbits
 616              		.align	1
 617              		.global	osTimerDelete
 618              		.syntax unified
 619              		.thumb
 620              		.thumb_func
 622              	osTimerDelete:
 623              	.LVL44:
 624              	.LFB65:
 465:Middlewares/Third_Party/FreeRTOS/Source/CMSIS_RTOS/cmsis_os.c **** 
 466:Middlewares/Third_Party/FreeRTOS/Source/CMSIS_RTOS/cmsis_os.c **** /**
 467:Middlewares/Third_Party/FreeRTOS/Source/CMSIS_RTOS/cmsis_os.c **** * @brief  Delete a timer.
 468:Middlewares/Third_Party/FreeRTOS/Source/CMSIS_RTOS/cmsis_os.c **** * @param  timer_id      timer ID obtained by \ref osTimerCreate
 469:Middlewares/Third_Party/FreeRTOS/Source/CMSIS_RTOS/cmsis_os.c **** * @retval  status code that indicates the execution status of the function.
 470:Middlewares/Third_Party/FreeRTOS/Source/CMSIS_RTOS/cmsis_os.c **** * @note   MUST REMAIN UNCHANGED: \b osTimerDelete shall be consistent in every CMSIS-RTOS.
 471:Middlewares/Third_Party/FreeRTOS/Source/CMSIS_RTOS/cmsis_os.c **** */
 472:Middlewares/Third_Party/FreeRTOS/Source/CMSIS_RTOS/cmsis_os.c **** osStatus osTimerDelete (osTimerId timer_id)
 473:Middlewares/Third_Party/FreeRTOS/Source/CMSIS_RTOS/cmsis_os.c **** {
 625              		.loc 1 473 1 is_stmt 1 view -0
 626              		.cfi_startproc
 627              		@ args = 0, pretend = 0, frame = 0
 628              		@ frame_needed = 0, uses_anonymous_args = 0
 629              		@ link register save eliminated.
 474:Middlewares/Third_Party/FreeRTOS/Source/CMSIS_RTOS/cmsis_os.c **** osStatus result = osOK;
 630              		.loc 1 474 1 view .LVU127
 475:Middlewares/Third_Party/FreeRTOS/Source/CMSIS_RTOS/cmsis_os.c **** 
 476:Middlewares/Third_Party/FreeRTOS/Source/CMSIS_RTOS/cmsis_os.c **** #if (configUSE_TIMERS == 1)
 477:Middlewares/Third_Party/FreeRTOS/Source/CMSIS_RTOS/cmsis_os.c **** 
 478:Middlewares/Third_Party/FreeRTOS/Source/CMSIS_RTOS/cmsis_os.c ****    if (inHandlerMode()) {
 479:Middlewares/Third_Party/FreeRTOS/Source/CMSIS_RTOS/cmsis_os.c ****      return osErrorISR;
 480:Middlewares/Third_Party/FreeRTOS/Source/CMSIS_RTOS/cmsis_os.c ****   }
 481:Middlewares/Third_Party/FreeRTOS/Source/CMSIS_RTOS/cmsis_os.c ****   else { 
 482:Middlewares/Third_Party/FreeRTOS/Source/CMSIS_RTOS/cmsis_os.c ****     if ((xTimerDelete(timer_id, osWaitForever )) != pdPASS) {
 483:Middlewares/Third_Party/FreeRTOS/Source/CMSIS_RTOS/cmsis_os.c ****       result = osErrorOS;
 484:Middlewares/Third_Party/FreeRTOS/Source/CMSIS_RTOS/cmsis_os.c ****     }
 485:Middlewares/Third_Party/FreeRTOS/Source/CMSIS_RTOS/cmsis_os.c ****   } 
 486:Middlewares/Third_Party/FreeRTOS/Source/CMSIS_RTOS/cmsis_os.c ****     
 487:Middlewares/Third_Party/FreeRTOS/Source/CMSIS_RTOS/cmsis_os.c **** #else 
 488:Middlewares/Third_Party/FreeRTOS/Source/CMSIS_RTOS/cmsis_os.c ****   result = osErrorOS;
 631              		.loc 1 488 3 view .LVU128
 489:Middlewares/Third_Party/FreeRTOS/Source/CMSIS_RTOS/cmsis_os.c **** #endif 
ARM GAS  D:\TMP\ccghNG8s.s 			page 24


 490:Middlewares/Third_Party/FreeRTOS/Source/CMSIS_RTOS/cmsis_os.c ****  
 491:Middlewares/Third_Party/FreeRTOS/Source/CMSIS_RTOS/cmsis_os.c ****   return result;
 632              		.loc 1 491 3 view .LVU129
 492:Middlewares/Third_Party/FreeRTOS/Source/CMSIS_RTOS/cmsis_os.c **** }
 633              		.loc 1 492 1 is_stmt 0 view .LVU130
 634 0000 FF20     		movs	r0, #255
 635              	.LVL45:
 636              		.loc 1 492 1 view .LVU131
 637 0002 7047     		bx	lr
 638              		.cfi_endproc
 639              	.LFE65:
 641              		.section	.text.osSignalSet,"ax",%progbits
 642              		.align	1
 643              		.global	osSignalSet
 644              		.syntax unified
 645              		.thumb
 646              		.thumb_func
 648              	osSignalSet:
 649              	.LVL46:
 650              	.LFB66:
 493:Middlewares/Third_Party/FreeRTOS/Source/CMSIS_RTOS/cmsis_os.c **** 
 494:Middlewares/Third_Party/FreeRTOS/Source/CMSIS_RTOS/cmsis_os.c **** /***************************  Signal Management ********************************/
 495:Middlewares/Third_Party/FreeRTOS/Source/CMSIS_RTOS/cmsis_os.c **** /**
 496:Middlewares/Third_Party/FreeRTOS/Source/CMSIS_RTOS/cmsis_os.c **** * @brief  Set the specified Signal Flags of an active thread.
 497:Middlewares/Third_Party/FreeRTOS/Source/CMSIS_RTOS/cmsis_os.c **** * @param  thread_id     thread ID obtained by \ref osThreadCreate or \ref osThreadGetId.
 498:Middlewares/Third_Party/FreeRTOS/Source/CMSIS_RTOS/cmsis_os.c **** * @param  signals       specifies the signal flags of the thread that should be set.
 499:Middlewares/Third_Party/FreeRTOS/Source/CMSIS_RTOS/cmsis_os.c **** * @retval previous signal flags of the specified thread or 0x80000000 in case of incorrect paramete
 500:Middlewares/Third_Party/FreeRTOS/Source/CMSIS_RTOS/cmsis_os.c **** * @note   MUST REMAIN UNCHANGED: \b osSignalSet shall be consistent in every CMSIS-RTOS.
 501:Middlewares/Third_Party/FreeRTOS/Source/CMSIS_RTOS/cmsis_os.c **** */
 502:Middlewares/Third_Party/FreeRTOS/Source/CMSIS_RTOS/cmsis_os.c **** int32_t osSignalSet (osThreadId thread_id, int32_t signal)
 503:Middlewares/Third_Party/FreeRTOS/Source/CMSIS_RTOS/cmsis_os.c **** {
 651              		.loc 1 503 1 is_stmt 1 view -0
 652              		.cfi_startproc
 653              		@ args = 0, pretend = 0, frame = 8
 654              		@ frame_needed = 0, uses_anonymous_args = 0
 655              		.loc 1 503 1 is_stmt 0 view .LVU133
 656 0000 30B5     		push	{r4, r5, lr}
 657              	.LCFI12:
 658              		.cfi_def_cfa_offset 12
 659              		.cfi_offset 4, -12
 660              		.cfi_offset 5, -8
 661              		.cfi_offset 14, -4
 662 0002 85B0     		sub	sp, sp, #20
 663              	.LCFI13:
 664              		.cfi_def_cfa_offset 32
 665 0004 0446     		mov	r4, r0
 666 0006 0D46     		mov	r5, r1
 504:Middlewares/Third_Party/FreeRTOS/Source/CMSIS_RTOS/cmsis_os.c **** #if( configUSE_TASK_NOTIFICATIONS == 1 )	
 505:Middlewares/Third_Party/FreeRTOS/Source/CMSIS_RTOS/cmsis_os.c ****   BaseType_t xHigherPriorityTaskWoken = pdFALSE;
 667              		.loc 1 505 3 is_stmt 1 view .LVU134
 668              		.loc 1 505 14 is_stmt 0 view .LVU135
 669 0008 0023     		movs	r3, #0
 670 000a 0393     		str	r3, [sp, #12]
 506:Middlewares/Third_Party/FreeRTOS/Source/CMSIS_RTOS/cmsis_os.c ****   uint32_t ulPreviousNotificationValue = 0;
 671              		.loc 1 506 3 is_stmt 1 view .LVU136
 672              		.loc 1 506 12 is_stmt 0 view .LVU137
 673 000c 0293     		str	r3, [sp, #8]
ARM GAS  D:\TMP\ccghNG8s.s 			page 25


 507:Middlewares/Third_Party/FreeRTOS/Source/CMSIS_RTOS/cmsis_os.c ****   
 508:Middlewares/Third_Party/FreeRTOS/Source/CMSIS_RTOS/cmsis_os.c ****   if (inHandlerMode())
 674              		.loc 1 508 3 is_stmt 1 view .LVU138
 675              		.loc 1 508 7 is_stmt 0 view .LVU139
 676 000e FFF7FEFF 		bl	inHandlerMode
 677              	.LVL47:
 678              		.loc 1 508 6 discriminator 1 view .LVU140
 679 0012 B0B1     		cbz	r0, .L43
 509:Middlewares/Third_Party/FreeRTOS/Source/CMSIS_RTOS/cmsis_os.c ****   {
 510:Middlewares/Third_Party/FreeRTOS/Source/CMSIS_RTOS/cmsis_os.c ****     if(xTaskGenericNotifyFromISR( thread_id , (uint32_t)signal, eSetBits, &ulPreviousNotificationVa
 680              		.loc 1 510 5 is_stmt 1 view .LVU141
 681              		.loc 1 510 8 is_stmt 0 view .LVU142
 682 0014 03AB     		add	r3, sp, #12
 683 0016 0093     		str	r3, [sp]
 684 0018 02AB     		add	r3, sp, #8
 685 001a 0122     		movs	r2, #1
 686 001c 2946     		mov	r1, r5
 687 001e 2046     		mov	r0, r4
 688 0020 FFF7FEFF 		bl	xTaskGenericNotifyFromISR
 689              	.LVL48:
 690              		.loc 1 510 7 discriminator 1 view .LVU143
 691 0024 0128     		cmp	r0, #1
 692 0026 17D1     		bne	.L46
 511:Middlewares/Third_Party/FreeRTOS/Source/CMSIS_RTOS/cmsis_os.c ****       return 0x80000000;
 512:Middlewares/Third_Party/FreeRTOS/Source/CMSIS_RTOS/cmsis_os.c ****     
 513:Middlewares/Third_Party/FreeRTOS/Source/CMSIS_RTOS/cmsis_os.c ****     portYIELD_FROM_ISR( xHigherPriorityTaskWoken );
 693              		.loc 1 513 5 is_stmt 1 view .LVU144
 694 0028 039B     		ldr	r3, [sp, #12]
 695 002a 93B1     		cbz	r3, .L45
 696              		.loc 1 513 5 discriminator 1 view .LVU145
 697 002c 4FF0E023 		mov	r3, #-536813568
 698 0030 4FF08052 		mov	r2, #268435456
 699 0034 C3F8042D 		str	r2, [r3, #3332]
 700              		.loc 1 513 5 discriminator 1 view .LVU146
 701              		.syntax unified
 702              	@ 513 "Middlewares/Third_Party/FreeRTOS/Source/CMSIS_RTOS/cmsis_os.c" 1
 703 0038 BFF34F8F 		dsb
 704              	@ 0 "" 2
 705              		.loc 1 513 5 discriminator 1 view .LVU147
 706              	@ 513 "Middlewares/Third_Party/FreeRTOS/Source/CMSIS_RTOS/cmsis_os.c" 1
 707 003c BFF36F8F 		isb
 708              	@ 0 "" 2
 709              		.thumb
 710              		.syntax unified
 711 0040 07E0     		b	.L45
 712              	.L43:
 514:Middlewares/Third_Party/FreeRTOS/Source/CMSIS_RTOS/cmsis_os.c ****   }  
 515:Middlewares/Third_Party/FreeRTOS/Source/CMSIS_RTOS/cmsis_os.c ****   else if(xTaskGenericNotify( thread_id , (uint32_t)signal, eSetBits, &ulPreviousNotificationValue)
 713              		.loc 1 515 8 view .LVU148
 714              		.loc 1 515 11 is_stmt 0 view .LVU149
 715 0042 02AB     		add	r3, sp, #8
 716 0044 0122     		movs	r2, #1
 717 0046 2946     		mov	r1, r5
 718 0048 2046     		mov	r0, r4
 719 004a FFF7FEFF 		bl	xTaskGenericNotify
 720              	.LVL49:
 721              		.loc 1 515 10 discriminator 1 view .LVU150
ARM GAS  D:\TMP\ccghNG8s.s 			page 26


 722 004e 0128     		cmp	r0, #1
 723 0050 05D1     		bne	.L47
 724              	.L45:
 516:Middlewares/Third_Party/FreeRTOS/Source/CMSIS_RTOS/cmsis_os.c ****     return 0x80000000;
 517:Middlewares/Third_Party/FreeRTOS/Source/CMSIS_RTOS/cmsis_os.c ****   
 518:Middlewares/Third_Party/FreeRTOS/Source/CMSIS_RTOS/cmsis_os.c ****   return ulPreviousNotificationValue;
 725              		.loc 1 518 3 is_stmt 1 view .LVU151
 726              		.loc 1 518 10 is_stmt 0 view .LVU152
 727 0052 0298     		ldr	r0, [sp, #8]
 728              	.L42:
 519:Middlewares/Third_Party/FreeRTOS/Source/CMSIS_RTOS/cmsis_os.c **** #else
 520:Middlewares/Third_Party/FreeRTOS/Source/CMSIS_RTOS/cmsis_os.c ****   (void) thread_id;
 521:Middlewares/Third_Party/FreeRTOS/Source/CMSIS_RTOS/cmsis_os.c ****   (void) signal;
 522:Middlewares/Third_Party/FreeRTOS/Source/CMSIS_RTOS/cmsis_os.c **** 
 523:Middlewares/Third_Party/FreeRTOS/Source/CMSIS_RTOS/cmsis_os.c ****   return 0x80000000; /* Task Notification not supported */ 	
 524:Middlewares/Third_Party/FreeRTOS/Source/CMSIS_RTOS/cmsis_os.c **** #endif
 525:Middlewares/Third_Party/FreeRTOS/Source/CMSIS_RTOS/cmsis_os.c **** }
 729              		.loc 1 525 1 view .LVU153
 730 0054 05B0     		add	sp, sp, #20
 731              	.LCFI14:
 732              		.cfi_remember_state
 733              		.cfi_def_cfa_offset 12
 734              		@ sp needed
 735 0056 30BD     		pop	{r4, r5, pc}
 736              	.LVL50:
 737              	.L46:
 738              	.LCFI15:
 739              		.cfi_restore_state
 511:Middlewares/Third_Party/FreeRTOS/Source/CMSIS_RTOS/cmsis_os.c ****     
 740              		.loc 1 511 14 view .LVU154
 741 0058 4FF00040 		mov	r0, #-2147483648
 742 005c FAE7     		b	.L42
 743              	.L47:
 516:Middlewares/Third_Party/FreeRTOS/Source/CMSIS_RTOS/cmsis_os.c ****     return 0x80000000;
 744              		.loc 1 516 12 view .LVU155
 745 005e 4FF00040 		mov	r0, #-2147483648
 746 0062 F7E7     		b	.L42
 747              		.cfi_endproc
 748              	.LFE66:
 750              		.section	.text.osSignalWait,"ax",%progbits
 751              		.align	1
 752              		.global	osSignalWait
 753              		.syntax unified
 754              		.thumb
 755              		.thumb_func
 757              	osSignalWait:
 758              	.LVL51:
 759              	.LFB67:
 526:Middlewares/Third_Party/FreeRTOS/Source/CMSIS_RTOS/cmsis_os.c **** 
 527:Middlewares/Third_Party/FreeRTOS/Source/CMSIS_RTOS/cmsis_os.c **** /**
 528:Middlewares/Third_Party/FreeRTOS/Source/CMSIS_RTOS/cmsis_os.c **** * @brief  Clear the specified Signal Flags of an active thread.
 529:Middlewares/Third_Party/FreeRTOS/Source/CMSIS_RTOS/cmsis_os.c **** * @param  thread_id  thread ID obtained by \ref osThreadCreate or \ref osThreadGetId.
 530:Middlewares/Third_Party/FreeRTOS/Source/CMSIS_RTOS/cmsis_os.c **** * @param  signals    specifies the signal flags of the thread that shall be cleared.
 531:Middlewares/Third_Party/FreeRTOS/Source/CMSIS_RTOS/cmsis_os.c **** * @retval  previous signal flags of the specified thread or 0x80000000 in case of incorrect paramet
 532:Middlewares/Third_Party/FreeRTOS/Source/CMSIS_RTOS/cmsis_os.c **** * @note   MUST REMAIN UNCHANGED: \b osSignalClear shall be consistent in every CMSIS-RTOS.
 533:Middlewares/Third_Party/FreeRTOS/Source/CMSIS_RTOS/cmsis_os.c **** */
 534:Middlewares/Third_Party/FreeRTOS/Source/CMSIS_RTOS/cmsis_os.c **** int32_t osSignalClear (osThreadId thread_id, int32_t signal);
ARM GAS  D:\TMP\ccghNG8s.s 			page 27


 535:Middlewares/Third_Party/FreeRTOS/Source/CMSIS_RTOS/cmsis_os.c **** 
 536:Middlewares/Third_Party/FreeRTOS/Source/CMSIS_RTOS/cmsis_os.c **** /**
 537:Middlewares/Third_Party/FreeRTOS/Source/CMSIS_RTOS/cmsis_os.c **** * @brief  Wait for one or more Signal Flags to become signaled for the current \b RUNNING thread.
 538:Middlewares/Third_Party/FreeRTOS/Source/CMSIS_RTOS/cmsis_os.c **** * @param  signals   wait until all specified signal flags set or 0 for any single signal flag.
 539:Middlewares/Third_Party/FreeRTOS/Source/CMSIS_RTOS/cmsis_os.c **** * @param  millisec  timeout value or 0 in case of no time-out.
 540:Middlewares/Third_Party/FreeRTOS/Source/CMSIS_RTOS/cmsis_os.c **** * @retval  event flag information or error code.
 541:Middlewares/Third_Party/FreeRTOS/Source/CMSIS_RTOS/cmsis_os.c **** * @note   MUST REMAIN UNCHANGED: \b osSignalWait shall be consistent in every CMSIS-RTOS.
 542:Middlewares/Third_Party/FreeRTOS/Source/CMSIS_RTOS/cmsis_os.c **** */
 543:Middlewares/Third_Party/FreeRTOS/Source/CMSIS_RTOS/cmsis_os.c **** osEvent osSignalWait (int32_t signals, uint32_t millisec)
 544:Middlewares/Third_Party/FreeRTOS/Source/CMSIS_RTOS/cmsis_os.c **** {
 760              		.loc 1 544 1 is_stmt 1 view -0
 761              		.cfi_startproc
 762              		@ args = 0, pretend = 0, frame = 16
 763              		@ frame_needed = 0, uses_anonymous_args = 0
 764              		.loc 1 544 1 is_stmt 0 view .LVU157
 765 0000 70B5     		push	{r4, r5, r6, lr}
 766              	.LCFI16:
 767              		.cfi_def_cfa_offset 16
 768              		.cfi_offset 4, -16
 769              		.cfi_offset 5, -12
 770              		.cfi_offset 6, -8
 771              		.cfi_offset 14, -4
 772 0002 84B0     		sub	sp, sp, #16
 773              	.LCFI17:
 774              		.cfi_def_cfa_offset 32
 775 0004 0446     		mov	r4, r0
 776 0006 0E46     		mov	r6, r1
 777 0008 1546     		mov	r5, r2
 545:Middlewares/Third_Party/FreeRTOS/Source/CMSIS_RTOS/cmsis_os.c ****   osEvent ret;
 778              		.loc 1 545 3 is_stmt 1 view .LVU158
 546:Middlewares/Third_Party/FreeRTOS/Source/CMSIS_RTOS/cmsis_os.c **** 
 547:Middlewares/Third_Party/FreeRTOS/Source/CMSIS_RTOS/cmsis_os.c **** #if( configUSE_TASK_NOTIFICATIONS == 1 )
 548:Middlewares/Third_Party/FreeRTOS/Source/CMSIS_RTOS/cmsis_os.c **** 	
 549:Middlewares/Third_Party/FreeRTOS/Source/CMSIS_RTOS/cmsis_os.c ****   TickType_t ticks;
 779              		.loc 1 549 3 view .LVU159
 550:Middlewares/Third_Party/FreeRTOS/Source/CMSIS_RTOS/cmsis_os.c **** 
 551:Middlewares/Third_Party/FreeRTOS/Source/CMSIS_RTOS/cmsis_os.c ****   ret.value.signals = 0;  
 780              		.loc 1 551 3 view .LVU160
 781              		.loc 1 551 21 is_stmt 0 view .LVU161
 782 000a 0023     		movs	r3, #0
 783 000c 0293     		str	r3, [sp, #8]
 552:Middlewares/Third_Party/FreeRTOS/Source/CMSIS_RTOS/cmsis_os.c ****   ticks = 0;
 784              		.loc 1 552 3 is_stmt 1 view .LVU162
 785              	.LVL52:
 553:Middlewares/Third_Party/FreeRTOS/Source/CMSIS_RTOS/cmsis_os.c ****   if (millisec == osWaitForever) {
 786              		.loc 1 553 3 view .LVU163
 554:Middlewares/Third_Party/FreeRTOS/Source/CMSIS_RTOS/cmsis_os.c ****     ticks = portMAX_DELAY;
 555:Middlewares/Third_Party/FreeRTOS/Source/CMSIS_RTOS/cmsis_os.c ****   }
 556:Middlewares/Third_Party/FreeRTOS/Source/CMSIS_RTOS/cmsis_os.c ****   else if (millisec != 0) {
 787              		.loc 1 556 8 view .LVU164
 557:Middlewares/Third_Party/FreeRTOS/Source/CMSIS_RTOS/cmsis_os.c ****     ticks = millisec / portTICK_PERIOD_MS;
 558:Middlewares/Third_Party/FreeRTOS/Source/CMSIS_RTOS/cmsis_os.c ****     if (ticks == 0) {
 559:Middlewares/Third_Party/FreeRTOS/Source/CMSIS_RTOS/cmsis_os.c ****       ticks = 1;
 560:Middlewares/Third_Party/FreeRTOS/Source/CMSIS_RTOS/cmsis_os.c ****     }
 561:Middlewares/Third_Party/FreeRTOS/Source/CMSIS_RTOS/cmsis_os.c ****   }  
 562:Middlewares/Third_Party/FreeRTOS/Source/CMSIS_RTOS/cmsis_os.c ****   
 563:Middlewares/Third_Party/FreeRTOS/Source/CMSIS_RTOS/cmsis_os.c ****   if (inHandlerMode())
ARM GAS  D:\TMP\ccghNG8s.s 			page 28


 788              		.loc 1 563 3 view .LVU165
 789              		.loc 1 563 7 is_stmt 0 view .LVU166
 790 000e FFF7FEFF 		bl	inHandlerMode
 791              	.LVL53:
 792              		.loc 1 563 6 discriminator 1 view .LVU167
 793 0012 48B1     		cbz	r0, .L50
 564:Middlewares/Third_Party/FreeRTOS/Source/CMSIS_RTOS/cmsis_os.c ****   {
 565:Middlewares/Third_Party/FreeRTOS/Source/CMSIS_RTOS/cmsis_os.c ****     ret.status = osErrorISR;  /*Not allowed in ISR*/
 794              		.loc 1 565 5 is_stmt 1 view .LVU168
 795              		.loc 1 565 16 is_stmt 0 view .LVU169
 796 0014 8223     		movs	r3, #130
 797 0016 0193     		str	r3, [sp, #4]
 798              	.L51:
 566:Middlewares/Third_Party/FreeRTOS/Source/CMSIS_RTOS/cmsis_os.c ****   }
 567:Middlewares/Third_Party/FreeRTOS/Source/CMSIS_RTOS/cmsis_os.c ****   else
 568:Middlewares/Third_Party/FreeRTOS/Source/CMSIS_RTOS/cmsis_os.c ****   {
 569:Middlewares/Third_Party/FreeRTOS/Source/CMSIS_RTOS/cmsis_os.c ****     if(xTaskNotifyWait( 0,(uint32_t) signals, (uint32_t *)&ret.value.signals, ticks) != pdTRUE)
 570:Middlewares/Third_Party/FreeRTOS/Source/CMSIS_RTOS/cmsis_os.c ****     {
 571:Middlewares/Third_Party/FreeRTOS/Source/CMSIS_RTOS/cmsis_os.c ****       if(ticks == 0)  ret.status = osOK;
 572:Middlewares/Third_Party/FreeRTOS/Source/CMSIS_RTOS/cmsis_os.c ****       else  ret.status = osEventTimeout;
 573:Middlewares/Third_Party/FreeRTOS/Source/CMSIS_RTOS/cmsis_os.c ****     }
 574:Middlewares/Third_Party/FreeRTOS/Source/CMSIS_RTOS/cmsis_os.c ****     else if(ret.value.signals < 0)
 575:Middlewares/Third_Party/FreeRTOS/Source/CMSIS_RTOS/cmsis_os.c ****     {
 576:Middlewares/Third_Party/FreeRTOS/Source/CMSIS_RTOS/cmsis_os.c ****       ret.status =  osErrorValue;     
 577:Middlewares/Third_Party/FreeRTOS/Source/CMSIS_RTOS/cmsis_os.c ****     }
 578:Middlewares/Third_Party/FreeRTOS/Source/CMSIS_RTOS/cmsis_os.c ****     else  ret.status =  osEventSignal;
 579:Middlewares/Third_Party/FreeRTOS/Source/CMSIS_RTOS/cmsis_os.c ****   }
 580:Middlewares/Third_Party/FreeRTOS/Source/CMSIS_RTOS/cmsis_os.c **** #else
 581:Middlewares/Third_Party/FreeRTOS/Source/CMSIS_RTOS/cmsis_os.c ****   (void) signals;
 582:Middlewares/Third_Party/FreeRTOS/Source/CMSIS_RTOS/cmsis_os.c ****   (void) millisec;
 583:Middlewares/Third_Party/FreeRTOS/Source/CMSIS_RTOS/cmsis_os.c **** 	
 584:Middlewares/Third_Party/FreeRTOS/Source/CMSIS_RTOS/cmsis_os.c ****   ret.status =  osErrorOS;	/* Task Notification not supported */
 585:Middlewares/Third_Party/FreeRTOS/Source/CMSIS_RTOS/cmsis_os.c **** #endif
 586:Middlewares/Third_Party/FreeRTOS/Source/CMSIS_RTOS/cmsis_os.c ****   
 587:Middlewares/Third_Party/FreeRTOS/Source/CMSIS_RTOS/cmsis_os.c ****   return ret;
 799              		.loc 1 587 3 is_stmt 1 view .LVU170
 800              		.loc 1 587 10 is_stmt 0 view .LVU171
 801 0018 04AB     		add	r3, sp, #16
 802 001a 13E90700 		ldmdb	r3, {r0, r1, r2}
 803 001e 84E80700 		stm	r4, {r0, r1, r2}
 588:Middlewares/Third_Party/FreeRTOS/Source/CMSIS_RTOS/cmsis_os.c **** }
 804              		.loc 1 588 1 view .LVU172
 805 0022 2046     		mov	r0, r4
 806 0024 04B0     		add	sp, sp, #16
 807              	.LCFI18:
 808              		.cfi_remember_state
 809              		.cfi_def_cfa_offset 16
 810              		@ sp needed
 811 0026 70BD     		pop	{r4, r5, r6, pc}
 812              	.LVL54:
 813              	.L50:
 814              	.LCFI19:
 815              		.cfi_restore_state
 569:Middlewares/Third_Party/FreeRTOS/Source/CMSIS_RTOS/cmsis_os.c ****     {
 816              		.loc 1 569 5 is_stmt 1 view .LVU173
 569:Middlewares/Third_Party/FreeRTOS/Source/CMSIS_RTOS/cmsis_os.c ****     {
 817              		.loc 1 569 8 is_stmt 0 view .LVU174
ARM GAS  D:\TMP\ccghNG8s.s 			page 29


 818 0028 2B46     		mov	r3, r5
 819 002a 02AA     		add	r2, sp, #8
 820 002c 3146     		mov	r1, r6
 821 002e 0020     		movs	r0, #0
 822 0030 FFF7FEFF 		bl	xTaskNotifyWait
 823              	.LVL55:
 569:Middlewares/Third_Party/FreeRTOS/Source/CMSIS_RTOS/cmsis_os.c ****     {
 824              		.loc 1 569 7 discriminator 1 view .LVU175
 825 0034 0128     		cmp	r0, #1
 826 0036 06D0     		beq	.L52
 571:Middlewares/Third_Party/FreeRTOS/Source/CMSIS_RTOS/cmsis_os.c ****       else  ret.status = osEventTimeout;
 827              		.loc 1 571 7 is_stmt 1 view .LVU176
 571:Middlewares/Third_Party/FreeRTOS/Source/CMSIS_RTOS/cmsis_os.c ****       else  ret.status = osEventTimeout;
 828              		.loc 1 571 9 is_stmt 0 view .LVU177
 829 0038 15B9     		cbnz	r5, .L53
 571:Middlewares/Third_Party/FreeRTOS/Source/CMSIS_RTOS/cmsis_os.c ****       else  ret.status = osEventTimeout;
 830              		.loc 1 571 23 is_stmt 1 discriminator 1 view .LVU178
 571:Middlewares/Third_Party/FreeRTOS/Source/CMSIS_RTOS/cmsis_os.c ****       else  ret.status = osEventTimeout;
 831              		.loc 1 571 34 is_stmt 0 discriminator 1 view .LVU179
 832 003a 0023     		movs	r3, #0
 833 003c 0193     		str	r3, [sp, #4]
 834 003e EBE7     		b	.L51
 835              	.L53:
 572:Middlewares/Third_Party/FreeRTOS/Source/CMSIS_RTOS/cmsis_os.c ****     }
 836              		.loc 1 572 13 is_stmt 1 view .LVU180
 572:Middlewares/Third_Party/FreeRTOS/Source/CMSIS_RTOS/cmsis_os.c ****     }
 837              		.loc 1 572 24 is_stmt 0 view .LVU181
 838 0040 4023     		movs	r3, #64
 839 0042 0193     		str	r3, [sp, #4]
 840 0044 E8E7     		b	.L51
 841              	.L52:
 574:Middlewares/Third_Party/FreeRTOS/Source/CMSIS_RTOS/cmsis_os.c ****     {
 842              		.loc 1 574 10 is_stmt 1 view .LVU182
 574:Middlewares/Third_Party/FreeRTOS/Source/CMSIS_RTOS/cmsis_os.c ****     {
 843              		.loc 1 574 22 is_stmt 0 view .LVU183
 844 0046 029B     		ldr	r3, [sp, #8]
 574:Middlewares/Third_Party/FreeRTOS/Source/CMSIS_RTOS/cmsis_os.c ****     {
 845              		.loc 1 574 12 view .LVU184
 846 0048 002B     		cmp	r3, #0
 847 004a 02DB     		blt	.L56
 578:Middlewares/Third_Party/FreeRTOS/Source/CMSIS_RTOS/cmsis_os.c ****   }
 848              		.loc 1 578 11 is_stmt 1 view .LVU185
 578:Middlewares/Third_Party/FreeRTOS/Source/CMSIS_RTOS/cmsis_os.c ****   }
 849              		.loc 1 578 22 is_stmt 0 view .LVU186
 850 004c 0823     		movs	r3, #8
 851 004e 0193     		str	r3, [sp, #4]
 852 0050 E2E7     		b	.L51
 853              	.L56:
 576:Middlewares/Third_Party/FreeRTOS/Source/CMSIS_RTOS/cmsis_os.c ****     }
 854              		.loc 1 576 7 is_stmt 1 view .LVU187
 576:Middlewares/Third_Party/FreeRTOS/Source/CMSIS_RTOS/cmsis_os.c ****     }
 855              		.loc 1 576 18 is_stmt 0 view .LVU188
 856 0052 8623     		movs	r3, #134
 857 0054 0193     		str	r3, [sp, #4]
 858 0056 DFE7     		b	.L51
 859              		.cfi_endproc
 860              	.LFE67:
ARM GAS  D:\TMP\ccghNG8s.s 			page 30


 862              		.section	.text.osMutexCreate,"ax",%progbits
 863              		.align	1
 864              		.global	osMutexCreate
 865              		.syntax unified
 866              		.thumb
 867              		.thumb_func
 869              	osMutexCreate:
 870              	.LVL56:
 871              	.LFB68:
 589:Middlewares/Third_Party/FreeRTOS/Source/CMSIS_RTOS/cmsis_os.c **** 
 590:Middlewares/Third_Party/FreeRTOS/Source/CMSIS_RTOS/cmsis_os.c **** /****************************  Mutex Management ********************************/
 591:Middlewares/Third_Party/FreeRTOS/Source/CMSIS_RTOS/cmsis_os.c **** /**
 592:Middlewares/Third_Party/FreeRTOS/Source/CMSIS_RTOS/cmsis_os.c **** * @brief  Create and Initialize a Mutex object
 593:Middlewares/Third_Party/FreeRTOS/Source/CMSIS_RTOS/cmsis_os.c **** * @param  mutex_def     mutex definition referenced with \ref osMutex.
 594:Middlewares/Third_Party/FreeRTOS/Source/CMSIS_RTOS/cmsis_os.c **** * @retval  mutex ID for reference by other functions or NULL in case of error.
 595:Middlewares/Third_Party/FreeRTOS/Source/CMSIS_RTOS/cmsis_os.c **** * @note   MUST REMAIN UNCHANGED: \b osMutexCreate shall be consistent in every CMSIS-RTOS.
 596:Middlewares/Third_Party/FreeRTOS/Source/CMSIS_RTOS/cmsis_os.c **** */
 597:Middlewares/Third_Party/FreeRTOS/Source/CMSIS_RTOS/cmsis_os.c **** osMutexId osMutexCreate (const osMutexDef_t *mutex_def)
 598:Middlewares/Third_Party/FreeRTOS/Source/CMSIS_RTOS/cmsis_os.c **** {
 872              		.loc 1 598 1 is_stmt 1 view -0
 873              		.cfi_startproc
 874              		@ args = 0, pretend = 0, frame = 0
 875              		@ frame_needed = 0, uses_anonymous_args = 0
 876              		.loc 1 598 1 is_stmt 0 view .LVU190
 877 0000 08B5     		push	{r3, lr}
 878              	.LCFI20:
 879              		.cfi_def_cfa_offset 8
 880              		.cfi_offset 3, -8
 881              		.cfi_offset 14, -4
 599:Middlewares/Third_Party/FreeRTOS/Source/CMSIS_RTOS/cmsis_os.c **** #if ( configUSE_MUTEXES == 1)
 600:Middlewares/Third_Party/FreeRTOS/Source/CMSIS_RTOS/cmsis_os.c **** 
 601:Middlewares/Third_Party/FreeRTOS/Source/CMSIS_RTOS/cmsis_os.c **** #if( configSUPPORT_STATIC_ALLOCATION == 1 ) && ( configSUPPORT_DYNAMIC_ALLOCATION == 1 )
 602:Middlewares/Third_Party/FreeRTOS/Source/CMSIS_RTOS/cmsis_os.c **** 
 603:Middlewares/Third_Party/FreeRTOS/Source/CMSIS_RTOS/cmsis_os.c ****   if (mutex_def->controlblock != NULL) {
 604:Middlewares/Third_Party/FreeRTOS/Source/CMSIS_RTOS/cmsis_os.c ****     return xSemaphoreCreateMutexStatic( mutex_def->controlblock );
 605:Middlewares/Third_Party/FreeRTOS/Source/CMSIS_RTOS/cmsis_os.c ****      }
 606:Middlewares/Third_Party/FreeRTOS/Source/CMSIS_RTOS/cmsis_os.c ****   else {
 607:Middlewares/Third_Party/FreeRTOS/Source/CMSIS_RTOS/cmsis_os.c ****     return xSemaphoreCreateMutex(); 
 608:Middlewares/Third_Party/FreeRTOS/Source/CMSIS_RTOS/cmsis_os.c ****   }
 609:Middlewares/Third_Party/FreeRTOS/Source/CMSIS_RTOS/cmsis_os.c **** #elif ( configSUPPORT_STATIC_ALLOCATION == 1 )
 610:Middlewares/Third_Party/FreeRTOS/Source/CMSIS_RTOS/cmsis_os.c ****   return xSemaphoreCreateMutexStatic( mutex_def->controlblock );
 611:Middlewares/Third_Party/FreeRTOS/Source/CMSIS_RTOS/cmsis_os.c **** #else  
 612:Middlewares/Third_Party/FreeRTOS/Source/CMSIS_RTOS/cmsis_os.c ****     return xSemaphoreCreateMutex(); 
 882              		.loc 1 612 5 is_stmt 1 view .LVU191
 883              		.loc 1 612 12 is_stmt 0 view .LVU192
 884 0002 0120     		movs	r0, #1
 885              	.LVL57:
 886              		.loc 1 612 12 view .LVU193
 887 0004 FFF7FEFF 		bl	xQueueCreateMutex
 888              	.LVL58:
 613:Middlewares/Third_Party/FreeRTOS/Source/CMSIS_RTOS/cmsis_os.c **** #endif
 614:Middlewares/Third_Party/FreeRTOS/Source/CMSIS_RTOS/cmsis_os.c **** #else
 615:Middlewares/Third_Party/FreeRTOS/Source/CMSIS_RTOS/cmsis_os.c ****   return NULL;
 616:Middlewares/Third_Party/FreeRTOS/Source/CMSIS_RTOS/cmsis_os.c **** #endif
 617:Middlewares/Third_Party/FreeRTOS/Source/CMSIS_RTOS/cmsis_os.c **** }
 889              		.loc 1 617 1 view .LVU194
 890 0008 08BD     		pop	{r3, pc}
ARM GAS  D:\TMP\ccghNG8s.s 			page 31


 891              		.cfi_endproc
 892              	.LFE68:
 894              		.section	.text.osMutexWait,"ax",%progbits
 895              		.align	1
 896              		.global	osMutexWait
 897              		.syntax unified
 898              		.thumb
 899              		.thumb_func
 901              	osMutexWait:
 902              	.LVL59:
 903              	.LFB69:
 618:Middlewares/Third_Party/FreeRTOS/Source/CMSIS_RTOS/cmsis_os.c **** 
 619:Middlewares/Third_Party/FreeRTOS/Source/CMSIS_RTOS/cmsis_os.c **** /**
 620:Middlewares/Third_Party/FreeRTOS/Source/CMSIS_RTOS/cmsis_os.c **** * @brief Wait until a Mutex becomes available
 621:Middlewares/Third_Party/FreeRTOS/Source/CMSIS_RTOS/cmsis_os.c **** * @param mutex_id      mutex ID obtained by \ref osMutexCreate.
 622:Middlewares/Third_Party/FreeRTOS/Source/CMSIS_RTOS/cmsis_os.c **** * @param millisec      timeout value or 0 in case of no time-out.
 623:Middlewares/Third_Party/FreeRTOS/Source/CMSIS_RTOS/cmsis_os.c **** * @retval  status code that indicates the execution status of the function.
 624:Middlewares/Third_Party/FreeRTOS/Source/CMSIS_RTOS/cmsis_os.c **** * @note   MUST REMAIN UNCHANGED: \b osMutexWait shall be consistent in every CMSIS-RTOS.
 625:Middlewares/Third_Party/FreeRTOS/Source/CMSIS_RTOS/cmsis_os.c **** */
 626:Middlewares/Third_Party/FreeRTOS/Source/CMSIS_RTOS/cmsis_os.c **** osStatus osMutexWait (osMutexId mutex_id, uint32_t millisec)
 627:Middlewares/Third_Party/FreeRTOS/Source/CMSIS_RTOS/cmsis_os.c **** {
 904              		.loc 1 627 1 is_stmt 1 view -0
 905              		.cfi_startproc
 906              		@ args = 0, pretend = 0, frame = 8
 907              		@ frame_needed = 0, uses_anonymous_args = 0
 908              		.loc 1 627 1 is_stmt 0 view .LVU196
 909 0000 30B5     		push	{r4, r5, lr}
 910              	.LCFI21:
 911              		.cfi_def_cfa_offset 12
 912              		.cfi_offset 4, -12
 913              		.cfi_offset 5, -8
 914              		.cfi_offset 14, -4
 915 0002 83B0     		sub	sp, sp, #12
 916              	.LCFI22:
 917              		.cfi_def_cfa_offset 24
 628:Middlewares/Third_Party/FreeRTOS/Source/CMSIS_RTOS/cmsis_os.c ****   TickType_t ticks;
 918              		.loc 1 628 3 is_stmt 1 view .LVU197
 629:Middlewares/Third_Party/FreeRTOS/Source/CMSIS_RTOS/cmsis_os.c ****   portBASE_TYPE taskWoken = pdFALSE;  
 919              		.loc 1 629 3 view .LVU198
 920              		.loc 1 629 17 is_stmt 0 view .LVU199
 921 0004 0023     		movs	r3, #0
 922 0006 0193     		str	r3, [sp, #4]
 630:Middlewares/Third_Party/FreeRTOS/Source/CMSIS_RTOS/cmsis_os.c ****   
 631:Middlewares/Third_Party/FreeRTOS/Source/CMSIS_RTOS/cmsis_os.c ****   
 632:Middlewares/Third_Party/FreeRTOS/Source/CMSIS_RTOS/cmsis_os.c ****   if (mutex_id == NULL) {
 923              		.loc 1 632 3 is_stmt 1 view .LVU200
 924              		.loc 1 632 6 is_stmt 0 view .LVU201
 925 0008 10B3     		cbz	r0, .L62
 926 000a 0C46     		mov	r4, r1
 927 000c 0546     		mov	r5, r0
 633:Middlewares/Third_Party/FreeRTOS/Source/CMSIS_RTOS/cmsis_os.c ****     return osErrorParameter;
 634:Middlewares/Third_Party/FreeRTOS/Source/CMSIS_RTOS/cmsis_os.c ****   }
 635:Middlewares/Third_Party/FreeRTOS/Source/CMSIS_RTOS/cmsis_os.c ****   
 636:Middlewares/Third_Party/FreeRTOS/Source/CMSIS_RTOS/cmsis_os.c ****   ticks = 0;
 928              		.loc 1 636 3 is_stmt 1 view .LVU202
 929              	.LVL60:
 637:Middlewares/Third_Party/FreeRTOS/Source/CMSIS_RTOS/cmsis_os.c ****   if (millisec == osWaitForever) {
ARM GAS  D:\TMP\ccghNG8s.s 			page 32


 930              		.loc 1 637 3 view .LVU203
 638:Middlewares/Third_Party/FreeRTOS/Source/CMSIS_RTOS/cmsis_os.c ****     ticks = portMAX_DELAY;
 639:Middlewares/Third_Party/FreeRTOS/Source/CMSIS_RTOS/cmsis_os.c ****   }
 640:Middlewares/Third_Party/FreeRTOS/Source/CMSIS_RTOS/cmsis_os.c ****   else if (millisec != 0) {
 931              		.loc 1 640 8 view .LVU204
 641:Middlewares/Third_Party/FreeRTOS/Source/CMSIS_RTOS/cmsis_os.c ****     ticks = millisec / portTICK_PERIOD_MS;
 642:Middlewares/Third_Party/FreeRTOS/Source/CMSIS_RTOS/cmsis_os.c ****     if (ticks == 0) {
 643:Middlewares/Third_Party/FreeRTOS/Source/CMSIS_RTOS/cmsis_os.c ****       ticks = 1;
 644:Middlewares/Third_Party/FreeRTOS/Source/CMSIS_RTOS/cmsis_os.c ****     }
 645:Middlewares/Third_Party/FreeRTOS/Source/CMSIS_RTOS/cmsis_os.c ****   }
 646:Middlewares/Third_Party/FreeRTOS/Source/CMSIS_RTOS/cmsis_os.c ****   
 647:Middlewares/Third_Party/FreeRTOS/Source/CMSIS_RTOS/cmsis_os.c ****   if (inHandlerMode()) {
 932              		.loc 1 647 3 view .LVU205
 933              		.loc 1 647 7 is_stmt 0 view .LVU206
 934 000e FFF7FEFF 		bl	inHandlerMode
 935              	.LVL61:
 936              		.loc 1 647 6 discriminator 1 view .LVU207
 937 0012 A0B1     		cbz	r0, .L61
 648:Middlewares/Third_Party/FreeRTOS/Source/CMSIS_RTOS/cmsis_os.c ****     if (xSemaphoreTakeFromISR(mutex_id, &taskWoken) != pdTRUE) {
 938              		.loc 1 648 5 is_stmt 1 view .LVU208
 939              		.loc 1 648 9 is_stmt 0 view .LVU209
 940 0014 01AA     		add	r2, sp, #4
 941 0016 0021     		movs	r1, #0
 942 0018 2846     		mov	r0, r5
 943 001a FFF7FEFF 		bl	xQueueReceiveFromISR
 944              	.LVL62:
 945              		.loc 1 648 8 discriminator 1 view .LVU210
 946 001e 0128     		cmp	r0, #1
 947 0020 18D1     		bne	.L63
 649:Middlewares/Third_Party/FreeRTOS/Source/CMSIS_RTOS/cmsis_os.c ****       return osErrorOS;
 650:Middlewares/Third_Party/FreeRTOS/Source/CMSIS_RTOS/cmsis_os.c ****     }
 651:Middlewares/Third_Party/FreeRTOS/Source/CMSIS_RTOS/cmsis_os.c **** 	portEND_SWITCHING_ISR(taskWoken);
 948              		.loc 1 651 2 is_stmt 1 view .LVU211
 949 0022 019B     		ldr	r3, [sp, #4]
 950 0024 C3B1     		cbz	r3, .L64
 951              		.loc 1 651 2 discriminator 1 view .LVU212
 952 0026 4FF0E023 		mov	r3, #-536813568
 953 002a 4FF08052 		mov	r2, #268435456
 954 002e C3F8042D 		str	r2, [r3, #3332]
 955              		.loc 1 651 2 discriminator 1 view .LVU213
 956              		.syntax unified
 957              	@ 651 "Middlewares/Third_Party/FreeRTOS/Source/CMSIS_RTOS/cmsis_os.c" 1
 958 0032 BFF34F8F 		dsb
 959              	@ 0 "" 2
 960              		.loc 1 651 2 discriminator 1 view .LVU214
 961              	@ 651 "Middlewares/Third_Party/FreeRTOS/Source/CMSIS_RTOS/cmsis_os.c" 1
 962 0036 BFF36F8F 		isb
 963              	@ 0 "" 2
 652:Middlewares/Third_Party/FreeRTOS/Source/CMSIS_RTOS/cmsis_os.c ****   } 
 653:Middlewares/Third_Party/FreeRTOS/Source/CMSIS_RTOS/cmsis_os.c ****   else if (xSemaphoreTake(mutex_id, ticks) != pdTRUE) {
 654:Middlewares/Third_Party/FreeRTOS/Source/CMSIS_RTOS/cmsis_os.c ****     return osErrorOS;
 655:Middlewares/Third_Party/FreeRTOS/Source/CMSIS_RTOS/cmsis_os.c ****   }
 656:Middlewares/Third_Party/FreeRTOS/Source/CMSIS_RTOS/cmsis_os.c ****   
 657:Middlewares/Third_Party/FreeRTOS/Source/CMSIS_RTOS/cmsis_os.c ****   return osOK;
 964              		.loc 1 657 10 is_stmt 0 view .LVU215
 965              		.thumb
 966              		.syntax unified
ARM GAS  D:\TMP\ccghNG8s.s 			page 33


 967 003a 0020     		movs	r0, #0
 968 003c 06E0     		b	.L59
 969              	.L61:
 653:Middlewares/Third_Party/FreeRTOS/Source/CMSIS_RTOS/cmsis_os.c ****     return osErrorOS;
 970              		.loc 1 653 8 is_stmt 1 view .LVU216
 653:Middlewares/Third_Party/FreeRTOS/Source/CMSIS_RTOS/cmsis_os.c ****     return osErrorOS;
 971              		.loc 1 653 12 is_stmt 0 view .LVU217
 972 003e 2146     		mov	r1, r4
 973 0040 2846     		mov	r0, r5
 974 0042 FFF7FEFF 		bl	xQueueSemaphoreTake
 975              	.LVL63:
 653:Middlewares/Third_Party/FreeRTOS/Source/CMSIS_RTOS/cmsis_os.c ****     return osErrorOS;
 976              		.loc 1 653 11 discriminator 1 view .LVU218
 977 0046 0128     		cmp	r0, #1
 978 0048 08D1     		bne	.L65
 979              		.loc 1 657 10 view .LVU219
 980 004a 0020     		movs	r0, #0
 981              	.LVL64:
 982              	.L59:
 658:Middlewares/Third_Party/FreeRTOS/Source/CMSIS_RTOS/cmsis_os.c **** }
 983              		.loc 1 658 1 view .LVU220
 984 004c 03B0     		add	sp, sp, #12
 985              	.LCFI23:
 986              		.cfi_remember_state
 987              		.cfi_def_cfa_offset 12
 988              		@ sp needed
 989 004e 30BD     		pop	{r4, r5, pc}
 990              	.LVL65:
 991              	.L62:
 992              	.LCFI24:
 993              		.cfi_restore_state
 633:Middlewares/Third_Party/FreeRTOS/Source/CMSIS_RTOS/cmsis_os.c ****   }
 994              		.loc 1 633 12 view .LVU221
 995 0050 8020     		movs	r0, #128
 996              	.LVL66:
 633:Middlewares/Third_Party/FreeRTOS/Source/CMSIS_RTOS/cmsis_os.c ****   }
 997              		.loc 1 633 12 view .LVU222
 998 0052 FBE7     		b	.L59
 999              	.LVL67:
 1000              	.L63:
 649:Middlewares/Third_Party/FreeRTOS/Source/CMSIS_RTOS/cmsis_os.c ****     }
 1001              		.loc 1 649 14 view .LVU223
 1002 0054 FF20     		movs	r0, #255
 1003 0056 F9E7     		b	.L59
 1004              	.L64:
 657:Middlewares/Third_Party/FreeRTOS/Source/CMSIS_RTOS/cmsis_os.c **** }
 1005              		.loc 1 657 10 view .LVU224
 1006 0058 0020     		movs	r0, #0
 1007 005a F7E7     		b	.L59
 1008              	.L65:
 654:Middlewares/Third_Party/FreeRTOS/Source/CMSIS_RTOS/cmsis_os.c ****   }
 1009              		.loc 1 654 12 view .LVU225
 1010 005c FF20     		movs	r0, #255
 1011 005e F5E7     		b	.L59
 1012              		.cfi_endproc
 1013              	.LFE69:
 1015              		.section	.text.osMutexRelease,"ax",%progbits
ARM GAS  D:\TMP\ccghNG8s.s 			page 34


 1016              		.align	1
 1017              		.global	osMutexRelease
 1018              		.syntax unified
 1019              		.thumb
 1020              		.thumb_func
 1022              	osMutexRelease:
 1023              	.LVL68:
 1024              	.LFB70:
 659:Middlewares/Third_Party/FreeRTOS/Source/CMSIS_RTOS/cmsis_os.c **** 
 660:Middlewares/Third_Party/FreeRTOS/Source/CMSIS_RTOS/cmsis_os.c **** /**
 661:Middlewares/Third_Party/FreeRTOS/Source/CMSIS_RTOS/cmsis_os.c **** * @brief Release a Mutex that was obtained by \ref osMutexWait
 662:Middlewares/Third_Party/FreeRTOS/Source/CMSIS_RTOS/cmsis_os.c **** * @param mutex_id      mutex ID obtained by \ref osMutexCreate.
 663:Middlewares/Third_Party/FreeRTOS/Source/CMSIS_RTOS/cmsis_os.c **** * @retval  status code that indicates the execution status of the function.
 664:Middlewares/Third_Party/FreeRTOS/Source/CMSIS_RTOS/cmsis_os.c **** * @note   MUST REMAIN UNCHANGED: \b osMutexRelease shall be consistent in every CMSIS-RTOS.
 665:Middlewares/Third_Party/FreeRTOS/Source/CMSIS_RTOS/cmsis_os.c **** */
 666:Middlewares/Third_Party/FreeRTOS/Source/CMSIS_RTOS/cmsis_os.c **** osStatus osMutexRelease (osMutexId mutex_id)
 667:Middlewares/Third_Party/FreeRTOS/Source/CMSIS_RTOS/cmsis_os.c **** {
 1025              		.loc 1 667 1 is_stmt 1 view -0
 1026              		.cfi_startproc
 1027              		@ args = 0, pretend = 0, frame = 8
 1028              		@ frame_needed = 0, uses_anonymous_args = 0
 1029              		.loc 1 667 1 is_stmt 0 view .LVU227
 1030 0000 10B5     		push	{r4, lr}
 1031              	.LCFI25:
 1032              		.cfi_def_cfa_offset 8
 1033              		.cfi_offset 4, -8
 1034              		.cfi_offset 14, -4
 1035 0002 82B0     		sub	sp, sp, #8
 1036              	.LCFI26:
 1037              		.cfi_def_cfa_offset 16
 1038 0004 0446     		mov	r4, r0
 668:Middlewares/Third_Party/FreeRTOS/Source/CMSIS_RTOS/cmsis_os.c ****   osStatus result = osOK;
 1039              		.loc 1 668 3 is_stmt 1 view .LVU228
 1040              	.LVL69:
 669:Middlewares/Third_Party/FreeRTOS/Source/CMSIS_RTOS/cmsis_os.c ****   portBASE_TYPE taskWoken = pdFALSE;
 1041              		.loc 1 669 3 view .LVU229
 1042              		.loc 1 669 17 is_stmt 0 view .LVU230
 1043 0006 0023     		movs	r3, #0
 1044 0008 0193     		str	r3, [sp, #4]
 670:Middlewares/Third_Party/FreeRTOS/Source/CMSIS_RTOS/cmsis_os.c ****   
 671:Middlewares/Third_Party/FreeRTOS/Source/CMSIS_RTOS/cmsis_os.c ****   if (inHandlerMode()) {
 1045              		.loc 1 671 3 is_stmt 1 view .LVU231
 1046              		.loc 1 671 7 is_stmt 0 view .LVU232
 1047 000a FFF7FEFF 		bl	inHandlerMode
 1048              	.LVL70:
 1049              		.loc 1 671 6 discriminator 1 view .LVU233
 1050 000e 98B1     		cbz	r0, .L68
 672:Middlewares/Third_Party/FreeRTOS/Source/CMSIS_RTOS/cmsis_os.c ****     if (xSemaphoreGiveFromISR(mutex_id, &taskWoken) != pdTRUE) {
 1051              		.loc 1 672 5 is_stmt 1 view .LVU234
 1052              		.loc 1 672 9 is_stmt 0 view .LVU235
 1053 0010 01A9     		add	r1, sp, #4
 1054 0012 2046     		mov	r0, r4
 1055 0014 FFF7FEFF 		bl	xQueueGiveFromISR
 1056              	.LVL71:
 1057              		.loc 1 672 8 discriminator 1 view .LVU236
 1058 0018 0128     		cmp	r0, #1
 1059 001a 1AD1     		bne	.L70
ARM GAS  D:\TMP\ccghNG8s.s 			page 35


 673:Middlewares/Third_Party/FreeRTOS/Source/CMSIS_RTOS/cmsis_os.c ****       return osErrorOS;
 674:Middlewares/Third_Party/FreeRTOS/Source/CMSIS_RTOS/cmsis_os.c ****     }
 675:Middlewares/Third_Party/FreeRTOS/Source/CMSIS_RTOS/cmsis_os.c ****     portEND_SWITCHING_ISR(taskWoken);
 1060              		.loc 1 675 5 is_stmt 1 view .LVU237
 1061 001c 019B     		ldr	r3, [sp, #4]
 1062 001e D3B1     		cbz	r3, .L71
 1063              		.loc 1 675 5 discriminator 1 view .LVU238
 1064 0020 4FF0E023 		mov	r3, #-536813568
 1065 0024 4FF08052 		mov	r2, #268435456
 1066 0028 C3F8042D 		str	r2, [r3, #3332]
 1067              		.loc 1 675 5 discriminator 1 view .LVU239
 1068              		.syntax unified
 1069              	@ 675 "Middlewares/Third_Party/FreeRTOS/Source/CMSIS_RTOS/cmsis_os.c" 1
 1070 002c BFF34F8F 		dsb
 1071              	@ 0 "" 2
 1072              		.loc 1 675 5 discriminator 1 view .LVU240
 1073              	@ 675 "Middlewares/Third_Party/FreeRTOS/Source/CMSIS_RTOS/cmsis_os.c" 1
 1074 0030 BFF36F8F 		isb
 1075              	@ 0 "" 2
 668:Middlewares/Third_Party/FreeRTOS/Source/CMSIS_RTOS/cmsis_os.c ****   portBASE_TYPE taskWoken = pdFALSE;
 1076              		.loc 1 668 12 is_stmt 0 view .LVU241
 1077              		.thumb
 1078              		.syntax unified
 1079 0034 0020     		movs	r0, #0
 1080 0036 08E0     		b	.L67
 1081              	.L68:
 676:Middlewares/Third_Party/FreeRTOS/Source/CMSIS_RTOS/cmsis_os.c ****   }
 677:Middlewares/Third_Party/FreeRTOS/Source/CMSIS_RTOS/cmsis_os.c ****   else if (xSemaphoreGive(mutex_id) != pdTRUE) 
 1082              		.loc 1 677 8 is_stmt 1 view .LVU242
 1083              		.loc 1 677 12 is_stmt 0 view .LVU243
 1084 0038 0023     		movs	r3, #0
 1085 003a 1A46     		mov	r2, r3
 1086 003c 1946     		mov	r1, r3
 1087 003e 2046     		mov	r0, r4
 1088 0040 FFF7FEFF 		bl	xQueueGenericSend
 1089              	.LVL72:
 1090              		.loc 1 677 11 discriminator 1 view .LVU244
 1091 0044 0128     		cmp	r0, #1
 1092 0046 02D0     		beq	.L74
 678:Middlewares/Third_Party/FreeRTOS/Source/CMSIS_RTOS/cmsis_os.c ****   {
 679:Middlewares/Third_Party/FreeRTOS/Source/CMSIS_RTOS/cmsis_os.c ****     result = osErrorOS;
 1093              		.loc 1 679 12 view .LVU245
 1094 0048 FF20     		movs	r0, #255
 1095              	.LVL73:
 1096              	.L67:
 680:Middlewares/Third_Party/FreeRTOS/Source/CMSIS_RTOS/cmsis_os.c ****   }
 681:Middlewares/Third_Party/FreeRTOS/Source/CMSIS_RTOS/cmsis_os.c ****   return result;
 682:Middlewares/Third_Party/FreeRTOS/Source/CMSIS_RTOS/cmsis_os.c **** }
 1097              		.loc 1 682 1 view .LVU246
 1098 004a 02B0     		add	sp, sp, #8
 1099              	.LCFI27:
 1100              		.cfi_remember_state
 1101              		.cfi_def_cfa_offset 8
 1102              		@ sp needed
 1103 004c 10BD     		pop	{r4, pc}
 1104              	.LVL74:
 1105              	.L74:
ARM GAS  D:\TMP\ccghNG8s.s 			page 36


 1106              	.LCFI28:
 1107              		.cfi_restore_state
 668:Middlewares/Third_Party/FreeRTOS/Source/CMSIS_RTOS/cmsis_os.c ****   portBASE_TYPE taskWoken = pdFALSE;
 1108              		.loc 1 668 12 view .LVU247
 1109 004e 0020     		movs	r0, #0
 1110 0050 FBE7     		b	.L67
 1111              	.L70:
 673:Middlewares/Third_Party/FreeRTOS/Source/CMSIS_RTOS/cmsis_os.c ****     }
 1112              		.loc 1 673 14 view .LVU248
 1113 0052 FF20     		movs	r0, #255
 1114 0054 F9E7     		b	.L67
 1115              	.L71:
 668:Middlewares/Third_Party/FreeRTOS/Source/CMSIS_RTOS/cmsis_os.c ****   portBASE_TYPE taskWoken = pdFALSE;
 1116              		.loc 1 668 12 view .LVU249
 1117 0056 0020     		movs	r0, #0
 1118 0058 F7E7     		b	.L67
 1119              		.cfi_endproc
 1120              	.LFE70:
 1122              		.section	.text.osMutexDelete,"ax",%progbits
 1123              		.align	1
 1124              		.global	osMutexDelete
 1125              		.syntax unified
 1126              		.thumb
 1127              		.thumb_func
 1129              	osMutexDelete:
 1130              	.LVL75:
 1131              	.LFB71:
 683:Middlewares/Third_Party/FreeRTOS/Source/CMSIS_RTOS/cmsis_os.c **** 
 684:Middlewares/Third_Party/FreeRTOS/Source/CMSIS_RTOS/cmsis_os.c **** /**
 685:Middlewares/Third_Party/FreeRTOS/Source/CMSIS_RTOS/cmsis_os.c **** * @brief Delete a Mutex
 686:Middlewares/Third_Party/FreeRTOS/Source/CMSIS_RTOS/cmsis_os.c **** * @param mutex_id  mutex ID obtained by \ref osMutexCreate.
 687:Middlewares/Third_Party/FreeRTOS/Source/CMSIS_RTOS/cmsis_os.c **** * @retval  status code that indicates the execution status of the function.
 688:Middlewares/Third_Party/FreeRTOS/Source/CMSIS_RTOS/cmsis_os.c **** * @note   MUST REMAIN UNCHANGED: \b osMutexDelete shall be consistent in every CMSIS-RTOS.
 689:Middlewares/Third_Party/FreeRTOS/Source/CMSIS_RTOS/cmsis_os.c **** */
 690:Middlewares/Third_Party/FreeRTOS/Source/CMSIS_RTOS/cmsis_os.c **** osStatus osMutexDelete (osMutexId mutex_id)
 691:Middlewares/Third_Party/FreeRTOS/Source/CMSIS_RTOS/cmsis_os.c **** {
 1132              		.loc 1 691 1 is_stmt 1 view -0
 1133              		.cfi_startproc
 1134              		@ args = 0, pretend = 0, frame = 0
 1135              		@ frame_needed = 0, uses_anonymous_args = 0
 1136              		.loc 1 691 1 is_stmt 0 view .LVU251
 1137 0000 10B5     		push	{r4, lr}
 1138              	.LCFI29:
 1139              		.cfi_def_cfa_offset 8
 1140              		.cfi_offset 4, -8
 1141              		.cfi_offset 14, -4
 1142 0002 0446     		mov	r4, r0
 692:Middlewares/Third_Party/FreeRTOS/Source/CMSIS_RTOS/cmsis_os.c ****   if (inHandlerMode()) {
 1143              		.loc 1 692 3 is_stmt 1 view .LVU252
 1144              		.loc 1 692 7 is_stmt 0 view .LVU253
 1145 0004 FFF7FEFF 		bl	inHandlerMode
 1146              	.LVL76:
 1147              		.loc 1 692 6 discriminator 1 view .LVU254
 1148 0008 20B9     		cbnz	r0, .L77
 693:Middlewares/Third_Party/FreeRTOS/Source/CMSIS_RTOS/cmsis_os.c ****     return osErrorISR;
 694:Middlewares/Third_Party/FreeRTOS/Source/CMSIS_RTOS/cmsis_os.c ****   }
 695:Middlewares/Third_Party/FreeRTOS/Source/CMSIS_RTOS/cmsis_os.c **** 
ARM GAS  D:\TMP\ccghNG8s.s 			page 37


 696:Middlewares/Third_Party/FreeRTOS/Source/CMSIS_RTOS/cmsis_os.c ****   vQueueDelete(mutex_id);
 1149              		.loc 1 696 3 is_stmt 1 view .LVU255
 1150 000a 2046     		mov	r0, r4
 1151 000c FFF7FEFF 		bl	vQueueDelete
 1152              	.LVL77:
 697:Middlewares/Third_Party/FreeRTOS/Source/CMSIS_RTOS/cmsis_os.c **** 
 698:Middlewares/Third_Party/FreeRTOS/Source/CMSIS_RTOS/cmsis_os.c ****   return osOK;
 1153              		.loc 1 698 3 view .LVU256
 1154              		.loc 1 698 10 is_stmt 0 view .LVU257
 1155 0010 0020     		movs	r0, #0
 1156              	.L75:
 699:Middlewares/Third_Party/FreeRTOS/Source/CMSIS_RTOS/cmsis_os.c **** }
 1157              		.loc 1 699 1 view .LVU258
 1158 0012 10BD     		pop	{r4, pc}
 1159              	.LVL78:
 1160              	.L77:
 693:Middlewares/Third_Party/FreeRTOS/Source/CMSIS_RTOS/cmsis_os.c ****     return osErrorISR;
 1161              		.loc 1 693 12 view .LVU259
 1162 0014 8220     		movs	r0, #130
 1163 0016 FCE7     		b	.L75
 1164              		.cfi_endproc
 1165              	.LFE71:
 1167              		.section	.text.osSemaphoreCreate,"ax",%progbits
 1168              		.align	1
 1169              		.global	osSemaphoreCreate
 1170              		.syntax unified
 1171              		.thumb
 1172              		.thumb_func
 1174              	osSemaphoreCreate:
 1175              	.LVL79:
 1176              	.LFB72:
 700:Middlewares/Third_Party/FreeRTOS/Source/CMSIS_RTOS/cmsis_os.c **** 
 701:Middlewares/Third_Party/FreeRTOS/Source/CMSIS_RTOS/cmsis_os.c **** /********************  Semaphore Management Functions **************************/
 702:Middlewares/Third_Party/FreeRTOS/Source/CMSIS_RTOS/cmsis_os.c **** 
 703:Middlewares/Third_Party/FreeRTOS/Source/CMSIS_RTOS/cmsis_os.c **** #if (defined (osFeature_Semaphore)  &&  (osFeature_Semaphore != 0))
 704:Middlewares/Third_Party/FreeRTOS/Source/CMSIS_RTOS/cmsis_os.c **** 
 705:Middlewares/Third_Party/FreeRTOS/Source/CMSIS_RTOS/cmsis_os.c **** /**
 706:Middlewares/Third_Party/FreeRTOS/Source/CMSIS_RTOS/cmsis_os.c **** * @brief Create and Initialize a Semaphore object used for managing resources
 707:Middlewares/Third_Party/FreeRTOS/Source/CMSIS_RTOS/cmsis_os.c **** * @param semaphore_def semaphore definition referenced with \ref osSemaphore.
 708:Middlewares/Third_Party/FreeRTOS/Source/CMSIS_RTOS/cmsis_os.c **** * @param count         number of available resources.
 709:Middlewares/Third_Party/FreeRTOS/Source/CMSIS_RTOS/cmsis_os.c **** * @retval  semaphore ID for reference by other functions or NULL in case of error.
 710:Middlewares/Third_Party/FreeRTOS/Source/CMSIS_RTOS/cmsis_os.c **** * @note   MUST REMAIN UNCHANGED: \b osSemaphoreCreate shall be consistent in every CMSIS-RTOS.
 711:Middlewares/Third_Party/FreeRTOS/Source/CMSIS_RTOS/cmsis_os.c **** */
 712:Middlewares/Third_Party/FreeRTOS/Source/CMSIS_RTOS/cmsis_os.c **** osSemaphoreId osSemaphoreCreate (const osSemaphoreDef_t *semaphore_def, int32_t count)
 713:Middlewares/Third_Party/FreeRTOS/Source/CMSIS_RTOS/cmsis_os.c **** { 
 1177              		.loc 1 713 1 is_stmt 1 view -0
 1178              		.cfi_startproc
 1179              		@ args = 0, pretend = 0, frame = 0
 1180              		@ frame_needed = 0, uses_anonymous_args = 0
 1181              		.loc 1 713 1 is_stmt 0 view .LVU261
 1182 0000 10B5     		push	{r4, lr}
 1183              	.LCFI30:
 1184              		.cfi_def_cfa_offset 8
 1185              		.cfi_offset 4, -8
 1186              		.cfi_offset 14, -4
 714:Middlewares/Third_Party/FreeRTOS/Source/CMSIS_RTOS/cmsis_os.c **** #if( configSUPPORT_STATIC_ALLOCATION == 1 ) && ( configSUPPORT_DYNAMIC_ALLOCATION == 1 )
 715:Middlewares/Third_Party/FreeRTOS/Source/CMSIS_RTOS/cmsis_os.c **** 
ARM GAS  D:\TMP\ccghNG8s.s 			page 38


 716:Middlewares/Third_Party/FreeRTOS/Source/CMSIS_RTOS/cmsis_os.c ****   osSemaphoreId sema;
 717:Middlewares/Third_Party/FreeRTOS/Source/CMSIS_RTOS/cmsis_os.c ****   
 718:Middlewares/Third_Party/FreeRTOS/Source/CMSIS_RTOS/cmsis_os.c ****   if (semaphore_def->controlblock != NULL){
 719:Middlewares/Third_Party/FreeRTOS/Source/CMSIS_RTOS/cmsis_os.c ****     if (count == 1) {
 720:Middlewares/Third_Party/FreeRTOS/Source/CMSIS_RTOS/cmsis_os.c ****       return xSemaphoreCreateBinaryStatic( semaphore_def->controlblock );
 721:Middlewares/Third_Party/FreeRTOS/Source/CMSIS_RTOS/cmsis_os.c ****     }
 722:Middlewares/Third_Party/FreeRTOS/Source/CMSIS_RTOS/cmsis_os.c ****     else {
 723:Middlewares/Third_Party/FreeRTOS/Source/CMSIS_RTOS/cmsis_os.c **** #if (configUSE_COUNTING_SEMAPHORES == 1 )
 724:Middlewares/Third_Party/FreeRTOS/Source/CMSIS_RTOS/cmsis_os.c ****       return xSemaphoreCreateCountingStatic( count, count, semaphore_def->controlblock );
 725:Middlewares/Third_Party/FreeRTOS/Source/CMSIS_RTOS/cmsis_os.c **** #else
 726:Middlewares/Third_Party/FreeRTOS/Source/CMSIS_RTOS/cmsis_os.c ****       return NULL;
 727:Middlewares/Third_Party/FreeRTOS/Source/CMSIS_RTOS/cmsis_os.c **** #endif
 728:Middlewares/Third_Party/FreeRTOS/Source/CMSIS_RTOS/cmsis_os.c ****     }
 729:Middlewares/Third_Party/FreeRTOS/Source/CMSIS_RTOS/cmsis_os.c ****   }
 730:Middlewares/Third_Party/FreeRTOS/Source/CMSIS_RTOS/cmsis_os.c ****   else {
 731:Middlewares/Third_Party/FreeRTOS/Source/CMSIS_RTOS/cmsis_os.c ****     if (count == 1) {
 732:Middlewares/Third_Party/FreeRTOS/Source/CMSIS_RTOS/cmsis_os.c ****       vSemaphoreCreateBinary(sema);
 733:Middlewares/Third_Party/FreeRTOS/Source/CMSIS_RTOS/cmsis_os.c ****       return sema;
 734:Middlewares/Third_Party/FreeRTOS/Source/CMSIS_RTOS/cmsis_os.c ****     }
 735:Middlewares/Third_Party/FreeRTOS/Source/CMSIS_RTOS/cmsis_os.c ****     else {
 736:Middlewares/Third_Party/FreeRTOS/Source/CMSIS_RTOS/cmsis_os.c **** #if (configUSE_COUNTING_SEMAPHORES == 1 )	
 737:Middlewares/Third_Party/FreeRTOS/Source/CMSIS_RTOS/cmsis_os.c ****       return xSemaphoreCreateCounting(count, count);
 738:Middlewares/Third_Party/FreeRTOS/Source/CMSIS_RTOS/cmsis_os.c **** #else
 739:Middlewares/Third_Party/FreeRTOS/Source/CMSIS_RTOS/cmsis_os.c ****       return NULL;
 740:Middlewares/Third_Party/FreeRTOS/Source/CMSIS_RTOS/cmsis_os.c **** #endif    
 741:Middlewares/Third_Party/FreeRTOS/Source/CMSIS_RTOS/cmsis_os.c ****     }
 742:Middlewares/Third_Party/FreeRTOS/Source/CMSIS_RTOS/cmsis_os.c ****   }
 743:Middlewares/Third_Party/FreeRTOS/Source/CMSIS_RTOS/cmsis_os.c **** #elif ( configSUPPORT_STATIC_ALLOCATION == 1 ) // configSUPPORT_DYNAMIC_ALLOCATION == 0
 744:Middlewares/Third_Party/FreeRTOS/Source/CMSIS_RTOS/cmsis_os.c ****   if(count == 1) {
 745:Middlewares/Third_Party/FreeRTOS/Source/CMSIS_RTOS/cmsis_os.c ****     return xSemaphoreCreateBinaryStatic( semaphore_def->controlblock );
 746:Middlewares/Third_Party/FreeRTOS/Source/CMSIS_RTOS/cmsis_os.c ****   }
 747:Middlewares/Third_Party/FreeRTOS/Source/CMSIS_RTOS/cmsis_os.c ****   else
 748:Middlewares/Third_Party/FreeRTOS/Source/CMSIS_RTOS/cmsis_os.c ****   {
 749:Middlewares/Third_Party/FreeRTOS/Source/CMSIS_RTOS/cmsis_os.c **** #if (configUSE_COUNTING_SEMAPHORES == 1 )
 750:Middlewares/Third_Party/FreeRTOS/Source/CMSIS_RTOS/cmsis_os.c ****       return xSemaphoreCreateCountingStatic( count, count, semaphore_def->controlblock );
 751:Middlewares/Third_Party/FreeRTOS/Source/CMSIS_RTOS/cmsis_os.c **** #else
 752:Middlewares/Third_Party/FreeRTOS/Source/CMSIS_RTOS/cmsis_os.c ****       return NULL;
 753:Middlewares/Third_Party/FreeRTOS/Source/CMSIS_RTOS/cmsis_os.c **** #endif    
 754:Middlewares/Third_Party/FreeRTOS/Source/CMSIS_RTOS/cmsis_os.c ****   }
 755:Middlewares/Third_Party/FreeRTOS/Source/CMSIS_RTOS/cmsis_os.c **** #else  // configSUPPORT_STATIC_ALLOCATION == 0  && configSUPPORT_DYNAMIC_ALLOCATION == 1
 756:Middlewares/Third_Party/FreeRTOS/Source/CMSIS_RTOS/cmsis_os.c ****   osSemaphoreId sema;
 1187              		.loc 1 756 3 is_stmt 1 view .LVU262
 757:Middlewares/Third_Party/FreeRTOS/Source/CMSIS_RTOS/cmsis_os.c ****  
 758:Middlewares/Third_Party/FreeRTOS/Source/CMSIS_RTOS/cmsis_os.c ****   if (count == 1) {
 1188              		.loc 1 758 3 view .LVU263
 1189              		.loc 1 758 6 is_stmt 0 view .LVU264
 1190 0002 0129     		cmp	r1, #1
 1191 0004 05D0     		beq	.L84
 759:Middlewares/Third_Party/FreeRTOS/Source/CMSIS_RTOS/cmsis_os.c ****     vSemaphoreCreateBinary(sema);
 760:Middlewares/Third_Party/FreeRTOS/Source/CMSIS_RTOS/cmsis_os.c ****     return sema;
 761:Middlewares/Third_Party/FreeRTOS/Source/CMSIS_RTOS/cmsis_os.c ****   }
 762:Middlewares/Third_Party/FreeRTOS/Source/CMSIS_RTOS/cmsis_os.c ****   else {
 763:Middlewares/Third_Party/FreeRTOS/Source/CMSIS_RTOS/cmsis_os.c **** #if (configUSE_COUNTING_SEMAPHORES == 1 )	
 764:Middlewares/Third_Party/FreeRTOS/Source/CMSIS_RTOS/cmsis_os.c ****     return xSemaphoreCreateCounting(count, count);
 1192              		.loc 1 764 5 is_stmt 1 view .LVU265
 1193              		.loc 1 764 12 is_stmt 0 view .LVU266
 1194 0006 0846     		mov	r0, r1
ARM GAS  D:\TMP\ccghNG8s.s 			page 39


 1195              	.LVL80:
 1196              		.loc 1 764 12 view .LVU267
 1197 0008 FFF7FEFF 		bl	xQueueCreateCountingSemaphore
 1198              	.LVL81:
 1199              		.loc 1 764 12 view .LVU268
 1200 000c 0446     		mov	r4, r0
 1201              	.L79:
 765:Middlewares/Third_Party/FreeRTOS/Source/CMSIS_RTOS/cmsis_os.c **** #else
 766:Middlewares/Third_Party/FreeRTOS/Source/CMSIS_RTOS/cmsis_os.c ****     return NULL;
 767:Middlewares/Third_Party/FreeRTOS/Source/CMSIS_RTOS/cmsis_os.c **** #endif
 768:Middlewares/Third_Party/FreeRTOS/Source/CMSIS_RTOS/cmsis_os.c ****   }
 769:Middlewares/Third_Party/FreeRTOS/Source/CMSIS_RTOS/cmsis_os.c **** #endif
 770:Middlewares/Third_Party/FreeRTOS/Source/CMSIS_RTOS/cmsis_os.c **** }
 1202              		.loc 1 770 1 view .LVU269
 1203 000e 2046     		mov	r0, r4
 1204 0010 10BD     		pop	{r4, pc}
 1205              	.LVL82:
 1206              	.L84:
 759:Middlewares/Third_Party/FreeRTOS/Source/CMSIS_RTOS/cmsis_os.c ****     vSemaphoreCreateBinary(sema);
 1207              		.loc 1 759 5 is_stmt 1 view .LVU270
 1208 0012 0322     		movs	r2, #3
 1209 0014 0021     		movs	r1, #0
 1210              	.LVL83:
 759:Middlewares/Third_Party/FreeRTOS/Source/CMSIS_RTOS/cmsis_os.c ****     vSemaphoreCreateBinary(sema);
 1211              		.loc 1 759 5 is_stmt 0 view .LVU271
 1212 0016 0120     		movs	r0, #1
 1213              	.LVL84:
 759:Middlewares/Third_Party/FreeRTOS/Source/CMSIS_RTOS/cmsis_os.c ****     vSemaphoreCreateBinary(sema);
 1214              		.loc 1 759 5 view .LVU272
 1215 0018 FFF7FEFF 		bl	xQueueGenericCreate
 1216              	.LVL85:
 759:Middlewares/Third_Party/FreeRTOS/Source/CMSIS_RTOS/cmsis_os.c ****     vSemaphoreCreateBinary(sema);
 1217              		.loc 1 759 5 is_stmt 1 discriminator 1 view .LVU273
 1218 001c 0446     		mov	r4, r0
 1219 001e 0028     		cmp	r0, #0
 1220 0020 F5D0     		beq	.L79
 759:Middlewares/Third_Party/FreeRTOS/Source/CMSIS_RTOS/cmsis_os.c ****     vSemaphoreCreateBinary(sema);
 1221              		.loc 1 759 5 discriminator 1 view .LVU274
 1222 0022 0023     		movs	r3, #0
 1223 0024 1A46     		mov	r2, r3
 1224 0026 1946     		mov	r1, r3
 1225 0028 FFF7FEFF 		bl	xQueueGenericSend
 1226              	.LVL86:
 759:Middlewares/Third_Party/FreeRTOS/Source/CMSIS_RTOS/cmsis_os.c ****     vSemaphoreCreateBinary(sema);
 1227              		.loc 1 759 33 discriminator 3 view .LVU275
 760:Middlewares/Third_Party/FreeRTOS/Source/CMSIS_RTOS/cmsis_os.c ****   }
 1228              		.loc 1 760 5 view .LVU276
 760:Middlewares/Third_Party/FreeRTOS/Source/CMSIS_RTOS/cmsis_os.c ****   }
 1229              		.loc 1 760 12 is_stmt 0 view .LVU277
 1230 002c EFE7     		b	.L79
 1231              		.cfi_endproc
 1232              	.LFE72:
 1234              		.section	.text.osSemaphoreWait,"ax",%progbits
 1235              		.align	1
 1236              		.global	osSemaphoreWait
 1237              		.syntax unified
 1238              		.thumb
ARM GAS  D:\TMP\ccghNG8s.s 			page 40


 1239              		.thumb_func
 1241              	osSemaphoreWait:
 1242              	.LVL87:
 1243              	.LFB73:
 771:Middlewares/Third_Party/FreeRTOS/Source/CMSIS_RTOS/cmsis_os.c **** 
 772:Middlewares/Third_Party/FreeRTOS/Source/CMSIS_RTOS/cmsis_os.c **** /**
 773:Middlewares/Third_Party/FreeRTOS/Source/CMSIS_RTOS/cmsis_os.c **** * @brief Wait until a Semaphore token becomes available
 774:Middlewares/Third_Party/FreeRTOS/Source/CMSIS_RTOS/cmsis_os.c **** * @param  semaphore_id  semaphore object referenced with \ref osSemaphore.
 775:Middlewares/Third_Party/FreeRTOS/Source/CMSIS_RTOS/cmsis_os.c **** * @param  millisec      timeout value or 0 in case of no time-out.
 776:Middlewares/Third_Party/FreeRTOS/Source/CMSIS_RTOS/cmsis_os.c **** * @retval  number of available tokens, or -1 in case of incorrect parameters.
 777:Middlewares/Third_Party/FreeRTOS/Source/CMSIS_RTOS/cmsis_os.c **** * @note   MUST REMAIN UNCHANGED: \b osSemaphoreWait shall be consistent in every CMSIS-RTOS.
 778:Middlewares/Third_Party/FreeRTOS/Source/CMSIS_RTOS/cmsis_os.c **** */
 779:Middlewares/Third_Party/FreeRTOS/Source/CMSIS_RTOS/cmsis_os.c **** int32_t osSemaphoreWait (osSemaphoreId semaphore_id, uint32_t millisec)
 780:Middlewares/Third_Party/FreeRTOS/Source/CMSIS_RTOS/cmsis_os.c **** {
 1244              		.loc 1 780 1 is_stmt 1 view -0
 1245              		.cfi_startproc
 1246              		@ args = 0, pretend = 0, frame = 8
 1247              		@ frame_needed = 0, uses_anonymous_args = 0
 1248              		.loc 1 780 1 is_stmt 0 view .LVU279
 1249 0000 70B5     		push	{r4, r5, r6, lr}
 1250              	.LCFI31:
 1251              		.cfi_def_cfa_offset 16
 1252              		.cfi_offset 4, -16
 1253              		.cfi_offset 5, -12
 1254              		.cfi_offset 6, -8
 1255              		.cfi_offset 14, -4
 1256 0002 82B0     		sub	sp, sp, #8
 1257              	.LCFI32:
 1258              		.cfi_def_cfa_offset 24
 781:Middlewares/Third_Party/FreeRTOS/Source/CMSIS_RTOS/cmsis_os.c ****   TickType_t ticks;
 1259              		.loc 1 781 3 is_stmt 1 view .LVU280
 782:Middlewares/Third_Party/FreeRTOS/Source/CMSIS_RTOS/cmsis_os.c ****   portBASE_TYPE taskWoken = pdFALSE;  
 1260              		.loc 1 782 3 view .LVU281
 1261              		.loc 1 782 17 is_stmt 0 view .LVU282
 1262 0004 0023     		movs	r3, #0
 1263 0006 0193     		str	r3, [sp, #4]
 783:Middlewares/Third_Party/FreeRTOS/Source/CMSIS_RTOS/cmsis_os.c ****   
 784:Middlewares/Third_Party/FreeRTOS/Source/CMSIS_RTOS/cmsis_os.c ****   
 785:Middlewares/Third_Party/FreeRTOS/Source/CMSIS_RTOS/cmsis_os.c ****   if (semaphore_id == NULL) {
 1264              		.loc 1 785 3 is_stmt 1 view .LVU283
 1265              		.loc 1 785 6 is_stmt 0 view .LVU284
 1266 0008 18B3     		cbz	r0, .L88
 1267 000a 0C46     		mov	r4, r1
 1268 000c 0646     		mov	r6, r0
 786:Middlewares/Third_Party/FreeRTOS/Source/CMSIS_RTOS/cmsis_os.c ****     return osErrorParameter;
 787:Middlewares/Third_Party/FreeRTOS/Source/CMSIS_RTOS/cmsis_os.c ****   }
 788:Middlewares/Third_Party/FreeRTOS/Source/CMSIS_RTOS/cmsis_os.c ****   
 789:Middlewares/Third_Party/FreeRTOS/Source/CMSIS_RTOS/cmsis_os.c ****   ticks = 0;
 1269              		.loc 1 789 3 is_stmt 1 view .LVU285
 1270              	.LVL88:
 790:Middlewares/Third_Party/FreeRTOS/Source/CMSIS_RTOS/cmsis_os.c ****   if (millisec == osWaitForever) {
 1271              		.loc 1 790 3 view .LVU286
 791:Middlewares/Third_Party/FreeRTOS/Source/CMSIS_RTOS/cmsis_os.c ****     ticks = portMAX_DELAY;
 792:Middlewares/Third_Party/FreeRTOS/Source/CMSIS_RTOS/cmsis_os.c ****   }
 793:Middlewares/Third_Party/FreeRTOS/Source/CMSIS_RTOS/cmsis_os.c ****   else if (millisec != 0) {
 1272              		.loc 1 793 8 view .LVU287
 794:Middlewares/Third_Party/FreeRTOS/Source/CMSIS_RTOS/cmsis_os.c ****     ticks = millisec / portTICK_PERIOD_MS;
ARM GAS  D:\TMP\ccghNG8s.s 			page 41


 795:Middlewares/Third_Party/FreeRTOS/Source/CMSIS_RTOS/cmsis_os.c ****     if (ticks == 0) {
 796:Middlewares/Third_Party/FreeRTOS/Source/CMSIS_RTOS/cmsis_os.c ****       ticks = 1;
 797:Middlewares/Third_Party/FreeRTOS/Source/CMSIS_RTOS/cmsis_os.c ****     }
 798:Middlewares/Third_Party/FreeRTOS/Source/CMSIS_RTOS/cmsis_os.c ****   }
 799:Middlewares/Third_Party/FreeRTOS/Source/CMSIS_RTOS/cmsis_os.c ****   
 800:Middlewares/Third_Party/FreeRTOS/Source/CMSIS_RTOS/cmsis_os.c ****   if (inHandlerMode()) {
 1273              		.loc 1 800 3 view .LVU288
 1274              		.loc 1 800 7 is_stmt 0 view .LVU289
 1275 000e FFF7FEFF 		bl	inHandlerMode
 1276              	.LVL89:
 1277              		.loc 1 800 6 discriminator 1 view .LVU290
 1278 0012 0546     		mov	r5, r0
 1279 0014 A0B1     		cbz	r0, .L87
 801:Middlewares/Third_Party/FreeRTOS/Source/CMSIS_RTOS/cmsis_os.c ****     if (xSemaphoreTakeFromISR(semaphore_id, &taskWoken) != pdTRUE) {
 1280              		.loc 1 801 5 is_stmt 1 view .LVU291
 1281              		.loc 1 801 9 is_stmt 0 view .LVU292
 1282 0016 01AA     		add	r2, sp, #4
 1283 0018 0021     		movs	r1, #0
 1284 001a 3046     		mov	r0, r6
 1285 001c FFF7FEFF 		bl	xQueueReceiveFromISR
 1286              	.LVL90:
 1287              		.loc 1 801 8 discriminator 1 view .LVU293
 1288 0020 0128     		cmp	r0, #1
 1289 0022 18D1     		bne	.L89
 802:Middlewares/Third_Party/FreeRTOS/Source/CMSIS_RTOS/cmsis_os.c ****       return osErrorOS;
 803:Middlewares/Third_Party/FreeRTOS/Source/CMSIS_RTOS/cmsis_os.c ****     }
 804:Middlewares/Third_Party/FreeRTOS/Source/CMSIS_RTOS/cmsis_os.c **** 	portEND_SWITCHING_ISR(taskWoken);
 1290              		.loc 1 804 2 is_stmt 1 view .LVU294
 1291 0024 019D     		ldr	r5, [sp, #4]
 1292 0026 8DB1     		cbz	r5, .L85
 1293              		.loc 1 804 2 discriminator 1 view .LVU295
 1294 0028 4FF0E023 		mov	r3, #-536813568
 1295 002c 4FF08052 		mov	r2, #268435456
 1296 0030 C3F8042D 		str	r2, [r3, #3332]
 1297              		.loc 1 804 2 discriminator 1 view .LVU296
 1298              		.syntax unified
 1299              	@ 804 "Middlewares/Third_Party/FreeRTOS/Source/CMSIS_RTOS/cmsis_os.c" 1
 1300 0034 BFF34F8F 		dsb
 1301              	@ 0 "" 2
 1302              		.loc 1 804 2 discriminator 1 view .LVU297
 1303              	@ 804 "Middlewares/Third_Party/FreeRTOS/Source/CMSIS_RTOS/cmsis_os.c" 1
 1304 0038 BFF36F8F 		isb
 1305              	@ 0 "" 2
 805:Middlewares/Third_Party/FreeRTOS/Source/CMSIS_RTOS/cmsis_os.c ****   }  
 806:Middlewares/Third_Party/FreeRTOS/Source/CMSIS_RTOS/cmsis_os.c ****   else if (xSemaphoreTake(semaphore_id, ticks) != pdTRUE) {
 807:Middlewares/Third_Party/FreeRTOS/Source/CMSIS_RTOS/cmsis_os.c ****     return osErrorOS;
 808:Middlewares/Third_Party/FreeRTOS/Source/CMSIS_RTOS/cmsis_os.c ****   }
 809:Middlewares/Third_Party/FreeRTOS/Source/CMSIS_RTOS/cmsis_os.c ****   
 810:Middlewares/Third_Party/FreeRTOS/Source/CMSIS_RTOS/cmsis_os.c ****   return osOK;
 1306              		.loc 1 810 10 is_stmt 0 view .LVU298
 1307              		.thumb
 1308              		.syntax unified
 1309 003c 0025     		movs	r5, #0
 1310 003e 05E0     		b	.L85
 1311              	.L87:
 806:Middlewares/Third_Party/FreeRTOS/Source/CMSIS_RTOS/cmsis_os.c ****     return osErrorOS;
 1312              		.loc 1 806 8 is_stmt 1 view .LVU299
ARM GAS  D:\TMP\ccghNG8s.s 			page 42


 806:Middlewares/Third_Party/FreeRTOS/Source/CMSIS_RTOS/cmsis_os.c ****     return osErrorOS;
 1313              		.loc 1 806 12 is_stmt 0 view .LVU300
 1314 0040 2146     		mov	r1, r4
 1315 0042 3046     		mov	r0, r6
 1316 0044 FFF7FEFF 		bl	xQueueSemaphoreTake
 1317              	.LVL91:
 806:Middlewares/Third_Party/FreeRTOS/Source/CMSIS_RTOS/cmsis_os.c ****     return osErrorOS;
 1318              		.loc 1 806 11 discriminator 1 view .LVU301
 1319 0048 0128     		cmp	r0, #1
 1320 004a 06D1     		bne	.L92
 1321              	.LVL92:
 1322              	.L85:
 811:Middlewares/Third_Party/FreeRTOS/Source/CMSIS_RTOS/cmsis_os.c **** }
 1323              		.loc 1 811 1 view .LVU302
 1324 004c 2846     		mov	r0, r5
 1325 004e 02B0     		add	sp, sp, #8
 1326              	.LCFI33:
 1327              		.cfi_remember_state
 1328              		.cfi_def_cfa_offset 16
 1329              		@ sp needed
 1330 0050 70BD     		pop	{r4, r5, r6, pc}
 1331              	.LVL93:
 1332              	.L88:
 1333              	.LCFI34:
 1334              		.cfi_restore_state
 786:Middlewares/Third_Party/FreeRTOS/Source/CMSIS_RTOS/cmsis_os.c ****   }
 1335              		.loc 1 786 12 view .LVU303
 1336 0052 8025     		movs	r5, #128
 1337 0054 FAE7     		b	.L85
 1338              	.LVL94:
 1339              	.L89:
 802:Middlewares/Third_Party/FreeRTOS/Source/CMSIS_RTOS/cmsis_os.c ****     }
 1340              		.loc 1 802 14 view .LVU304
 1341 0056 FF25     		movs	r5, #255
 1342 0058 F8E7     		b	.L85
 1343              	.L92:
 807:Middlewares/Third_Party/FreeRTOS/Source/CMSIS_RTOS/cmsis_os.c ****   }
 1344              		.loc 1 807 12 view .LVU305
 1345 005a FF25     		movs	r5, #255
 1346 005c F6E7     		b	.L85
 1347              		.cfi_endproc
 1348              	.LFE73:
 1350              		.section	.text.osSemaphoreRelease,"ax",%progbits
 1351              		.align	1
 1352              		.global	osSemaphoreRelease
 1353              		.syntax unified
 1354              		.thumb
 1355              		.thumb_func
 1357              	osSemaphoreRelease:
 1358              	.LVL95:
 1359              	.LFB74:
 812:Middlewares/Third_Party/FreeRTOS/Source/CMSIS_RTOS/cmsis_os.c **** 
 813:Middlewares/Third_Party/FreeRTOS/Source/CMSIS_RTOS/cmsis_os.c **** /**
 814:Middlewares/Third_Party/FreeRTOS/Source/CMSIS_RTOS/cmsis_os.c **** * @brief Release a Semaphore token
 815:Middlewares/Third_Party/FreeRTOS/Source/CMSIS_RTOS/cmsis_os.c **** * @param  semaphore_id  semaphore object referenced with \ref osSemaphore.
 816:Middlewares/Third_Party/FreeRTOS/Source/CMSIS_RTOS/cmsis_os.c **** * @retval  status code that indicates the execution status of the function.
 817:Middlewares/Third_Party/FreeRTOS/Source/CMSIS_RTOS/cmsis_os.c **** * @note   MUST REMAIN UNCHANGED: \b osSemaphoreRelease shall be consistent in every CMSIS-RTOS.
ARM GAS  D:\TMP\ccghNG8s.s 			page 43


 818:Middlewares/Third_Party/FreeRTOS/Source/CMSIS_RTOS/cmsis_os.c **** */
 819:Middlewares/Third_Party/FreeRTOS/Source/CMSIS_RTOS/cmsis_os.c **** osStatus osSemaphoreRelease (osSemaphoreId semaphore_id)
 820:Middlewares/Third_Party/FreeRTOS/Source/CMSIS_RTOS/cmsis_os.c **** {
 1360              		.loc 1 820 1 is_stmt 1 view -0
 1361              		.cfi_startproc
 1362              		@ args = 0, pretend = 0, frame = 8
 1363              		@ frame_needed = 0, uses_anonymous_args = 0
 1364              		.loc 1 820 1 is_stmt 0 view .LVU307
 1365 0000 10B5     		push	{r4, lr}
 1366              	.LCFI35:
 1367              		.cfi_def_cfa_offset 8
 1368              		.cfi_offset 4, -8
 1369              		.cfi_offset 14, -4
 1370 0002 82B0     		sub	sp, sp, #8
 1371              	.LCFI36:
 1372              		.cfi_def_cfa_offset 16
 1373 0004 0446     		mov	r4, r0
 821:Middlewares/Third_Party/FreeRTOS/Source/CMSIS_RTOS/cmsis_os.c ****   osStatus result = osOK;
 1374              		.loc 1 821 3 is_stmt 1 view .LVU308
 1375              	.LVL96:
 822:Middlewares/Third_Party/FreeRTOS/Source/CMSIS_RTOS/cmsis_os.c ****   portBASE_TYPE taskWoken = pdFALSE;
 1376              		.loc 1 822 3 view .LVU309
 1377              		.loc 1 822 17 is_stmt 0 view .LVU310
 1378 0006 0023     		movs	r3, #0
 1379 0008 0193     		str	r3, [sp, #4]
 823:Middlewares/Third_Party/FreeRTOS/Source/CMSIS_RTOS/cmsis_os.c ****   
 824:Middlewares/Third_Party/FreeRTOS/Source/CMSIS_RTOS/cmsis_os.c ****   
 825:Middlewares/Third_Party/FreeRTOS/Source/CMSIS_RTOS/cmsis_os.c ****   if (inHandlerMode()) {
 1380              		.loc 1 825 3 is_stmt 1 view .LVU311
 1381              		.loc 1 825 7 is_stmt 0 view .LVU312
 1382 000a FFF7FEFF 		bl	inHandlerMode
 1383              	.LVL97:
 1384              		.loc 1 825 6 discriminator 1 view .LVU313
 1385 000e 98B1     		cbz	r0, .L94
 826:Middlewares/Third_Party/FreeRTOS/Source/CMSIS_RTOS/cmsis_os.c ****     if (xSemaphoreGiveFromISR(semaphore_id, &taskWoken) != pdTRUE) {
 1386              		.loc 1 826 5 is_stmt 1 view .LVU314
 1387              		.loc 1 826 9 is_stmt 0 view .LVU315
 1388 0010 01A9     		add	r1, sp, #4
 1389 0012 2046     		mov	r0, r4
 1390 0014 FFF7FEFF 		bl	xQueueGiveFromISR
 1391              	.LVL98:
 1392              		.loc 1 826 8 discriminator 1 view .LVU316
 1393 0018 0128     		cmp	r0, #1
 1394 001a 1AD1     		bne	.L96
 827:Middlewares/Third_Party/FreeRTOS/Source/CMSIS_RTOS/cmsis_os.c ****       return osErrorOS;
 828:Middlewares/Third_Party/FreeRTOS/Source/CMSIS_RTOS/cmsis_os.c ****     }
 829:Middlewares/Third_Party/FreeRTOS/Source/CMSIS_RTOS/cmsis_os.c ****     portEND_SWITCHING_ISR(taskWoken);
 1395              		.loc 1 829 5 is_stmt 1 view .LVU317
 1396 001c 019B     		ldr	r3, [sp, #4]
 1397 001e D3B1     		cbz	r3, .L97
 1398              		.loc 1 829 5 discriminator 1 view .LVU318
 1399 0020 4FF0E023 		mov	r3, #-536813568
 1400 0024 4FF08052 		mov	r2, #268435456
 1401 0028 C3F8042D 		str	r2, [r3, #3332]
 1402              		.loc 1 829 5 discriminator 1 view .LVU319
 1403              		.syntax unified
 1404              	@ 829 "Middlewares/Third_Party/FreeRTOS/Source/CMSIS_RTOS/cmsis_os.c" 1
ARM GAS  D:\TMP\ccghNG8s.s 			page 44


 1405 002c BFF34F8F 		dsb
 1406              	@ 0 "" 2
 1407              		.loc 1 829 5 discriminator 1 view .LVU320
 1408              	@ 829 "Middlewares/Third_Party/FreeRTOS/Source/CMSIS_RTOS/cmsis_os.c" 1
 1409 0030 BFF36F8F 		isb
 1410              	@ 0 "" 2
 821:Middlewares/Third_Party/FreeRTOS/Source/CMSIS_RTOS/cmsis_os.c ****   portBASE_TYPE taskWoken = pdFALSE;
 1411              		.loc 1 821 12 is_stmt 0 view .LVU321
 1412              		.thumb
 1413              		.syntax unified
 1414 0034 0020     		movs	r0, #0
 1415 0036 08E0     		b	.L93
 1416              	.L94:
 830:Middlewares/Third_Party/FreeRTOS/Source/CMSIS_RTOS/cmsis_os.c ****   }
 831:Middlewares/Third_Party/FreeRTOS/Source/CMSIS_RTOS/cmsis_os.c ****   else {
 832:Middlewares/Third_Party/FreeRTOS/Source/CMSIS_RTOS/cmsis_os.c ****     if (xSemaphoreGive(semaphore_id) != pdTRUE) {
 1417              		.loc 1 832 5 is_stmt 1 view .LVU322
 1418              		.loc 1 832 9 is_stmt 0 view .LVU323
 1419 0038 0023     		movs	r3, #0
 1420 003a 1A46     		mov	r2, r3
 1421 003c 1946     		mov	r1, r3
 1422 003e 2046     		mov	r0, r4
 1423 0040 FFF7FEFF 		bl	xQueueGenericSend
 1424              	.LVL99:
 1425              		.loc 1 832 8 discriminator 1 view .LVU324
 1426 0044 0128     		cmp	r0, #1
 1427 0046 02D0     		beq	.L100
 833:Middlewares/Third_Party/FreeRTOS/Source/CMSIS_RTOS/cmsis_os.c ****       result = osErrorOS;
 1428              		.loc 1 833 14 view .LVU325
 1429 0048 FF20     		movs	r0, #255
 1430              	.LVL100:
 1431              	.L93:
 834:Middlewares/Third_Party/FreeRTOS/Source/CMSIS_RTOS/cmsis_os.c ****     }
 835:Middlewares/Third_Party/FreeRTOS/Source/CMSIS_RTOS/cmsis_os.c ****   }
 836:Middlewares/Third_Party/FreeRTOS/Source/CMSIS_RTOS/cmsis_os.c ****   
 837:Middlewares/Third_Party/FreeRTOS/Source/CMSIS_RTOS/cmsis_os.c ****   return result;
 838:Middlewares/Third_Party/FreeRTOS/Source/CMSIS_RTOS/cmsis_os.c **** }
 1432              		.loc 1 838 1 view .LVU326
 1433 004a 02B0     		add	sp, sp, #8
 1434              	.LCFI37:
 1435              		.cfi_remember_state
 1436              		.cfi_def_cfa_offset 8
 1437              		@ sp needed
 1438 004c 10BD     		pop	{r4, pc}
 1439              	.LVL101:
 1440              	.L100:
 1441              	.LCFI38:
 1442              		.cfi_restore_state
 821:Middlewares/Third_Party/FreeRTOS/Source/CMSIS_RTOS/cmsis_os.c ****   portBASE_TYPE taskWoken = pdFALSE;
 1443              		.loc 1 821 12 view .LVU327
 1444 004e 0020     		movs	r0, #0
 1445 0050 FBE7     		b	.L93
 1446              	.L96:
 827:Middlewares/Third_Party/FreeRTOS/Source/CMSIS_RTOS/cmsis_os.c ****     }
 1447              		.loc 1 827 14 view .LVU328
 1448 0052 FF20     		movs	r0, #255
 1449 0054 F9E7     		b	.L93
ARM GAS  D:\TMP\ccghNG8s.s 			page 45


 1450              	.L97:
 821:Middlewares/Third_Party/FreeRTOS/Source/CMSIS_RTOS/cmsis_os.c ****   portBASE_TYPE taskWoken = pdFALSE;
 1451              		.loc 1 821 12 view .LVU329
 1452 0056 0020     		movs	r0, #0
 1453 0058 F7E7     		b	.L93
 1454              		.cfi_endproc
 1455              	.LFE74:
 1457              		.section	.text.osSemaphoreDelete,"ax",%progbits
 1458              		.align	1
 1459              		.global	osSemaphoreDelete
 1460              		.syntax unified
 1461              		.thumb
 1462              		.thumb_func
 1464              	osSemaphoreDelete:
 1465              	.LVL102:
 1466              	.LFB75:
 839:Middlewares/Third_Party/FreeRTOS/Source/CMSIS_RTOS/cmsis_os.c **** 
 840:Middlewares/Third_Party/FreeRTOS/Source/CMSIS_RTOS/cmsis_os.c **** /**
 841:Middlewares/Third_Party/FreeRTOS/Source/CMSIS_RTOS/cmsis_os.c **** * @brief Delete a Semaphore
 842:Middlewares/Third_Party/FreeRTOS/Source/CMSIS_RTOS/cmsis_os.c **** * @param  semaphore_id  semaphore object referenced with \ref osSemaphore.
 843:Middlewares/Third_Party/FreeRTOS/Source/CMSIS_RTOS/cmsis_os.c **** * @retval  status code that indicates the execution status of the function.
 844:Middlewares/Third_Party/FreeRTOS/Source/CMSIS_RTOS/cmsis_os.c **** * @note   MUST REMAIN UNCHANGED: \b osSemaphoreDelete shall be consistent in every CMSIS-RTOS.
 845:Middlewares/Third_Party/FreeRTOS/Source/CMSIS_RTOS/cmsis_os.c **** */
 846:Middlewares/Third_Party/FreeRTOS/Source/CMSIS_RTOS/cmsis_os.c **** osStatus osSemaphoreDelete (osSemaphoreId semaphore_id)
 847:Middlewares/Third_Party/FreeRTOS/Source/CMSIS_RTOS/cmsis_os.c **** {
 1467              		.loc 1 847 1 is_stmt 1 view -0
 1468              		.cfi_startproc
 1469              		@ args = 0, pretend = 0, frame = 0
 1470              		@ frame_needed = 0, uses_anonymous_args = 0
 1471              		.loc 1 847 1 is_stmt 0 view .LVU331
 1472 0000 10B5     		push	{r4, lr}
 1473              	.LCFI39:
 1474              		.cfi_def_cfa_offset 8
 1475              		.cfi_offset 4, -8
 1476              		.cfi_offset 14, -4
 1477 0002 0446     		mov	r4, r0
 848:Middlewares/Third_Party/FreeRTOS/Source/CMSIS_RTOS/cmsis_os.c ****   if (inHandlerMode()) {
 1478              		.loc 1 848 3 is_stmt 1 view .LVU332
 1479              		.loc 1 848 7 is_stmt 0 view .LVU333
 1480 0004 FFF7FEFF 		bl	inHandlerMode
 1481              	.LVL103:
 1482              		.loc 1 848 6 discriminator 1 view .LVU334
 1483 0008 20B9     		cbnz	r0, .L103
 849:Middlewares/Third_Party/FreeRTOS/Source/CMSIS_RTOS/cmsis_os.c ****     return osErrorISR;
 850:Middlewares/Third_Party/FreeRTOS/Source/CMSIS_RTOS/cmsis_os.c ****   }
 851:Middlewares/Third_Party/FreeRTOS/Source/CMSIS_RTOS/cmsis_os.c **** 
 852:Middlewares/Third_Party/FreeRTOS/Source/CMSIS_RTOS/cmsis_os.c ****   vSemaphoreDelete(semaphore_id);
 1484              		.loc 1 852 3 is_stmt 1 view .LVU335
 1485 000a 2046     		mov	r0, r4
 1486 000c FFF7FEFF 		bl	vQueueDelete
 1487              	.LVL104:
 853:Middlewares/Third_Party/FreeRTOS/Source/CMSIS_RTOS/cmsis_os.c **** 
 854:Middlewares/Third_Party/FreeRTOS/Source/CMSIS_RTOS/cmsis_os.c ****   return osOK; 
 1488              		.loc 1 854 3 view .LVU336
 1489              		.loc 1 854 10 is_stmt 0 view .LVU337
 1490 0010 0020     		movs	r0, #0
 1491              	.L101:
ARM GAS  D:\TMP\ccghNG8s.s 			page 46


 855:Middlewares/Third_Party/FreeRTOS/Source/CMSIS_RTOS/cmsis_os.c **** }
 1492              		.loc 1 855 1 view .LVU338
 1493 0012 10BD     		pop	{r4, pc}
 1494              	.LVL105:
 1495              	.L103:
 849:Middlewares/Third_Party/FreeRTOS/Source/CMSIS_RTOS/cmsis_os.c ****     return osErrorISR;
 1496              		.loc 1 849 12 view .LVU339
 1497 0014 8220     		movs	r0, #130
 1498 0016 FCE7     		b	.L101
 1499              		.cfi_endproc
 1500              	.LFE75:
 1502              		.section	.text.osPoolCreate,"ax",%progbits
 1503              		.align	1
 1504              		.global	osPoolCreate
 1505              		.syntax unified
 1506              		.thumb
 1507              		.thumb_func
 1509              	osPoolCreate:
 1510              	.LVL106:
 1511              	.LFB76:
 856:Middlewares/Third_Party/FreeRTOS/Source/CMSIS_RTOS/cmsis_os.c **** 
 857:Middlewares/Third_Party/FreeRTOS/Source/CMSIS_RTOS/cmsis_os.c **** #endif    /* Use Semaphores */
 858:Middlewares/Third_Party/FreeRTOS/Source/CMSIS_RTOS/cmsis_os.c **** 
 859:Middlewares/Third_Party/FreeRTOS/Source/CMSIS_RTOS/cmsis_os.c **** /*******************   Memory Pool Management Functions  ***********************/
 860:Middlewares/Third_Party/FreeRTOS/Source/CMSIS_RTOS/cmsis_os.c **** 
 861:Middlewares/Third_Party/FreeRTOS/Source/CMSIS_RTOS/cmsis_os.c **** #if (defined (osFeature_Pool)  &&  (osFeature_Pool != 0)) 
 862:Middlewares/Third_Party/FreeRTOS/Source/CMSIS_RTOS/cmsis_os.c **** 
 863:Middlewares/Third_Party/FreeRTOS/Source/CMSIS_RTOS/cmsis_os.c **** //TODO
 864:Middlewares/Third_Party/FreeRTOS/Source/CMSIS_RTOS/cmsis_os.c **** //This is a primitive and inefficient wrapper around the existing FreeRTOS memory management.
 865:Middlewares/Third_Party/FreeRTOS/Source/CMSIS_RTOS/cmsis_os.c **** //A better implementation will have to modify heap_x.c!
 866:Middlewares/Third_Party/FreeRTOS/Source/CMSIS_RTOS/cmsis_os.c **** 
 867:Middlewares/Third_Party/FreeRTOS/Source/CMSIS_RTOS/cmsis_os.c **** 
 868:Middlewares/Third_Party/FreeRTOS/Source/CMSIS_RTOS/cmsis_os.c **** typedef struct os_pool_cb {
 869:Middlewares/Third_Party/FreeRTOS/Source/CMSIS_RTOS/cmsis_os.c ****   void *pool;
 870:Middlewares/Third_Party/FreeRTOS/Source/CMSIS_RTOS/cmsis_os.c ****   uint8_t *markers;
 871:Middlewares/Third_Party/FreeRTOS/Source/CMSIS_RTOS/cmsis_os.c ****   uint32_t pool_sz;
 872:Middlewares/Third_Party/FreeRTOS/Source/CMSIS_RTOS/cmsis_os.c ****   uint32_t item_sz;
 873:Middlewares/Third_Party/FreeRTOS/Source/CMSIS_RTOS/cmsis_os.c ****   uint32_t currentIndex;
 874:Middlewares/Third_Party/FreeRTOS/Source/CMSIS_RTOS/cmsis_os.c **** } os_pool_cb_t;
 875:Middlewares/Third_Party/FreeRTOS/Source/CMSIS_RTOS/cmsis_os.c **** 
 876:Middlewares/Third_Party/FreeRTOS/Source/CMSIS_RTOS/cmsis_os.c **** 
 877:Middlewares/Third_Party/FreeRTOS/Source/CMSIS_RTOS/cmsis_os.c **** /**
 878:Middlewares/Third_Party/FreeRTOS/Source/CMSIS_RTOS/cmsis_os.c **** * @brief Create and Initialize a memory pool
 879:Middlewares/Third_Party/FreeRTOS/Source/CMSIS_RTOS/cmsis_os.c **** * @param  pool_def      memory pool definition referenced with \ref osPool.
 880:Middlewares/Third_Party/FreeRTOS/Source/CMSIS_RTOS/cmsis_os.c **** * @retval  memory pool ID for reference by other functions or NULL in case of error.
 881:Middlewares/Third_Party/FreeRTOS/Source/CMSIS_RTOS/cmsis_os.c **** * @note   MUST REMAIN UNCHANGED: \b osPoolCreate shall be consistent in every CMSIS-RTOS.
 882:Middlewares/Third_Party/FreeRTOS/Source/CMSIS_RTOS/cmsis_os.c **** */
 883:Middlewares/Third_Party/FreeRTOS/Source/CMSIS_RTOS/cmsis_os.c **** osPoolId osPoolCreate (const osPoolDef_t *pool_def)
 884:Middlewares/Third_Party/FreeRTOS/Source/CMSIS_RTOS/cmsis_os.c **** {
 1512              		.loc 1 884 1 is_stmt 1 view -0
 1513              		.cfi_startproc
 1514              		@ args = 0, pretend = 0, frame = 0
 1515              		@ frame_needed = 0, uses_anonymous_args = 0
 1516              		.loc 1 884 1 is_stmt 0 view .LVU341
 1517 0000 F8B5     		push	{r3, r4, r5, r6, r7, lr}
 1518              	.LCFI40:
 1519              		.cfi_def_cfa_offset 24
ARM GAS  D:\TMP\ccghNG8s.s 			page 47


 1520              		.cfi_offset 3, -24
 1521              		.cfi_offset 4, -20
 1522              		.cfi_offset 5, -16
 1523              		.cfi_offset 6, -12
 1524              		.cfi_offset 7, -8
 1525              		.cfi_offset 14, -4
 1526 0002 0446     		mov	r4, r0
 885:Middlewares/Third_Party/FreeRTOS/Source/CMSIS_RTOS/cmsis_os.c **** #if (configSUPPORT_DYNAMIC_ALLOCATION == 1)
 886:Middlewares/Third_Party/FreeRTOS/Source/CMSIS_RTOS/cmsis_os.c ****   osPoolId thePool;
 1527              		.loc 1 886 3 is_stmt 1 view .LVU342
 887:Middlewares/Third_Party/FreeRTOS/Source/CMSIS_RTOS/cmsis_os.c ****   int itemSize = 4 * ((pool_def->item_sz + 3) / 4);
 1528              		.loc 1 887 3 view .LVU343
 1529              		.loc 1 887 32 is_stmt 0 view .LVU344
 1530 0004 4368     		ldr	r3, [r0, #4]
 1531              		.loc 1 887 42 view .LVU345
 1532 0006 0333     		adds	r3, r3, #3
 1533 0008 23F00306 		bic	r6, r3, #3
 1534              	.LVL107:
 888:Middlewares/Third_Party/FreeRTOS/Source/CMSIS_RTOS/cmsis_os.c ****   uint32_t i;
 1535              		.loc 1 888 3 is_stmt 1 view .LVU346
 889:Middlewares/Third_Party/FreeRTOS/Source/CMSIS_RTOS/cmsis_os.c ****   
 890:Middlewares/Third_Party/FreeRTOS/Source/CMSIS_RTOS/cmsis_os.c ****   /* First have to allocate memory for the pool control block. */
 891:Middlewares/Third_Party/FreeRTOS/Source/CMSIS_RTOS/cmsis_os.c ****  thePool = pvPortMalloc(sizeof(os_pool_cb_t));
 1536              		.loc 1 891 2 view .LVU347
 1537              		.loc 1 891 12 is_stmt 0 view .LVU348
 1538 000c 1420     		movs	r0, #20
 1539              	.LVL108:
 1540              		.loc 1 891 12 view .LVU349
 1541 000e FFF7FEFF 		bl	pvPortMalloc
 1542              	.LVL109:
 892:Middlewares/Third_Party/FreeRTOS/Source/CMSIS_RTOS/cmsis_os.c **** 
 893:Middlewares/Third_Party/FreeRTOS/Source/CMSIS_RTOS/cmsis_os.c ****   
 894:Middlewares/Third_Party/FreeRTOS/Source/CMSIS_RTOS/cmsis_os.c ****   if (thePool) {
 1543              		.loc 1 894 3 is_stmt 1 view .LVU350
 1544              		.loc 1 894 6 is_stmt 0 view .LVU351
 1545 0012 0546     		mov	r5, r0
 1546 0014 D8B1     		cbz	r0, .L105
 895:Middlewares/Third_Party/FreeRTOS/Source/CMSIS_RTOS/cmsis_os.c ****     thePool->pool_sz = pool_def->pool_sz;
 1547              		.loc 1 895 5 is_stmt 1 view .LVU352
 1548              		.loc 1 895 32 is_stmt 0 view .LVU353
 1549 0016 2368     		ldr	r3, [r4]
 1550              		.loc 1 895 22 view .LVU354
 1551 0018 8360     		str	r3, [r0, #8]
 896:Middlewares/Third_Party/FreeRTOS/Source/CMSIS_RTOS/cmsis_os.c ****     thePool->item_sz = itemSize;
 1552              		.loc 1 896 5 is_stmt 1 view .LVU355
 1553              		.loc 1 896 22 is_stmt 0 view .LVU356
 1554 001a C660     		str	r6, [r0, #12]
 897:Middlewares/Third_Party/FreeRTOS/Source/CMSIS_RTOS/cmsis_os.c ****     thePool->currentIndex = 0;
 1555              		.loc 1 897 5 is_stmt 1 view .LVU357
 1556              		.loc 1 897 27 is_stmt 0 view .LVU358
 1557 001c 0023     		movs	r3, #0
 1558 001e 0361     		str	r3, [r0, #16]
 898:Middlewares/Third_Party/FreeRTOS/Source/CMSIS_RTOS/cmsis_os.c ****     
 899:Middlewares/Third_Party/FreeRTOS/Source/CMSIS_RTOS/cmsis_os.c ****     /* Memory for markers */
 900:Middlewares/Third_Party/FreeRTOS/Source/CMSIS_RTOS/cmsis_os.c ****     thePool->markers = pvPortMalloc(pool_def->pool_sz);
 1559              		.loc 1 900 5 is_stmt 1 view .LVU359
 1560              		.loc 1 900 24 is_stmt 0 view .LVU360
ARM GAS  D:\TMP\ccghNG8s.s 			page 48


 1561 0020 2068     		ldr	r0, [r4]
 1562              	.LVL110:
 1563              		.loc 1 900 24 view .LVU361
 1564 0022 FFF7FEFF 		bl	pvPortMalloc
 1565              	.LVL111:
 1566 0026 0746     		mov	r7, r0
 1567              		.loc 1 900 22 discriminator 1 view .LVU362
 1568 0028 6860     		str	r0, [r5, #4]
 901:Middlewares/Third_Party/FreeRTOS/Source/CMSIS_RTOS/cmsis_os.c ****    
 902:Middlewares/Third_Party/FreeRTOS/Source/CMSIS_RTOS/cmsis_os.c ****     if (thePool->markers) {
 1569              		.loc 1 902 5 is_stmt 1 view .LVU363
 1570              		.loc 1 902 8 is_stmt 0 view .LVU364
 1571 002a D0B1     		cbz	r0, .L107
 903:Middlewares/Third_Party/FreeRTOS/Source/CMSIS_RTOS/cmsis_os.c ****       /* Now allocate the pool itself. */
 904:Middlewares/Third_Party/FreeRTOS/Source/CMSIS_RTOS/cmsis_os.c ****      thePool->pool = pvPortMalloc(pool_def->pool_sz * itemSize);
 1572              		.loc 1 904 6 is_stmt 1 view .LVU365
 1573              		.loc 1 904 43 is_stmt 0 view .LVU366
 1574 002c 2068     		ldr	r0, [r4]
 1575              		.loc 1 904 22 view .LVU367
 1576 002e 06FB00F0 		mul	r0, r6, r0
 1577 0032 FFF7FEFF 		bl	pvPortMalloc
 1578              	.LVL112:
 1579 0036 0646     		mov	r6, r0
 1580              	.LVL113:
 1581              		.loc 1 904 20 discriminator 1 view .LVU368
 1582 0038 2860     		str	r0, [r5]
 905:Middlewares/Third_Party/FreeRTOS/Source/CMSIS_RTOS/cmsis_os.c ****       
 906:Middlewares/Third_Party/FreeRTOS/Source/CMSIS_RTOS/cmsis_os.c ****       if (thePool->pool) {
 1583              		.loc 1 906 7 is_stmt 1 view .LVU369
 1584              		.loc 1 906 10 is_stmt 0 view .LVU370
 1585 003a 50B1     		cbz	r0, .L114
 907:Middlewares/Third_Party/FreeRTOS/Source/CMSIS_RTOS/cmsis_os.c ****         for (i = 0; i < pool_def->pool_sz; i++) {
 1586              		.loc 1 907 16 view .LVU371
 1587 003c 0023     		movs	r3, #0
 1588 003e 03E0     		b	.L108
 1589              	.LVL114:
 1590              	.L110:
 908:Middlewares/Third_Party/FreeRTOS/Source/CMSIS_RTOS/cmsis_os.c ****           thePool->markers[i] = 0;
 1591              		.loc 1 908 11 is_stmt 1 view .LVU372
 1592              		.loc 1 908 18 is_stmt 0 view .LVU373
 1593 0040 6A68     		ldr	r2, [r5, #4]
 1594              		.loc 1 908 31 view .LVU374
 1595 0042 0021     		movs	r1, #0
 1596 0044 D154     		strb	r1, [r2, r3]
 907:Middlewares/Third_Party/FreeRTOS/Source/CMSIS_RTOS/cmsis_os.c ****         for (i = 0; i < pool_def->pool_sz; i++) {
 1597              		.loc 1 907 45 is_stmt 1 discriminator 3 view .LVU375
 1598 0046 0133     		adds	r3, r3, #1
 1599              	.LVL115:
 1600              	.L108:
 907:Middlewares/Third_Party/FreeRTOS/Source/CMSIS_RTOS/cmsis_os.c ****         for (i = 0; i < pool_def->pool_sz; i++) {
 1601              		.loc 1 907 23 discriminator 1 view .LVU376
 907:Middlewares/Third_Party/FreeRTOS/Source/CMSIS_RTOS/cmsis_os.c ****         for (i = 0; i < pool_def->pool_sz; i++) {
 1602              		.loc 1 907 33 is_stmt 0 discriminator 1 view .LVU377
 1603 0048 2268     		ldr	r2, [r4]
 907:Middlewares/Third_Party/FreeRTOS/Source/CMSIS_RTOS/cmsis_os.c ****         for (i = 0; i < pool_def->pool_sz; i++) {
 1604              		.loc 1 907 23 discriminator 1 view .LVU378
 1605 004a 9A42     		cmp	r2, r3
ARM GAS  D:\TMP\ccghNG8s.s 			page 49


 1606 004c F8D8     		bhi	.L110
 1607              	.LVL116:
 1608              	.L105:
 909:Middlewares/Third_Party/FreeRTOS/Source/CMSIS_RTOS/cmsis_os.c ****         }
 910:Middlewares/Third_Party/FreeRTOS/Source/CMSIS_RTOS/cmsis_os.c ****       }
 911:Middlewares/Third_Party/FreeRTOS/Source/CMSIS_RTOS/cmsis_os.c ****       else {
 912:Middlewares/Third_Party/FreeRTOS/Source/CMSIS_RTOS/cmsis_os.c ****         vPortFree(thePool->markers);
 913:Middlewares/Third_Party/FreeRTOS/Source/CMSIS_RTOS/cmsis_os.c ****         vPortFree(thePool);
 914:Middlewares/Third_Party/FreeRTOS/Source/CMSIS_RTOS/cmsis_os.c ****         thePool = NULL;
 915:Middlewares/Third_Party/FreeRTOS/Source/CMSIS_RTOS/cmsis_os.c ****       }
 916:Middlewares/Third_Party/FreeRTOS/Source/CMSIS_RTOS/cmsis_os.c ****     }
 917:Middlewares/Third_Party/FreeRTOS/Source/CMSIS_RTOS/cmsis_os.c ****     else {
 918:Middlewares/Third_Party/FreeRTOS/Source/CMSIS_RTOS/cmsis_os.c ****       vPortFree(thePool);
 919:Middlewares/Third_Party/FreeRTOS/Source/CMSIS_RTOS/cmsis_os.c ****       thePool = NULL;
 920:Middlewares/Third_Party/FreeRTOS/Source/CMSIS_RTOS/cmsis_os.c ****     }
 921:Middlewares/Third_Party/FreeRTOS/Source/CMSIS_RTOS/cmsis_os.c ****   }
 922:Middlewares/Third_Party/FreeRTOS/Source/CMSIS_RTOS/cmsis_os.c **** 
 923:Middlewares/Third_Party/FreeRTOS/Source/CMSIS_RTOS/cmsis_os.c ****   return thePool;
 924:Middlewares/Third_Party/FreeRTOS/Source/CMSIS_RTOS/cmsis_os.c ****  
 925:Middlewares/Third_Party/FreeRTOS/Source/CMSIS_RTOS/cmsis_os.c **** #else
 926:Middlewares/Third_Party/FreeRTOS/Source/CMSIS_RTOS/cmsis_os.c ****   return NULL;
 927:Middlewares/Third_Party/FreeRTOS/Source/CMSIS_RTOS/cmsis_os.c **** #endif
 928:Middlewares/Third_Party/FreeRTOS/Source/CMSIS_RTOS/cmsis_os.c **** }
 1609              		.loc 1 928 1 view .LVU379
 1610 004e 2846     		mov	r0, r5
 1611 0050 F8BD     		pop	{r3, r4, r5, r6, r7, pc}
 1612              	.LVL117:
 1613              	.L114:
 912:Middlewares/Third_Party/FreeRTOS/Source/CMSIS_RTOS/cmsis_os.c ****         vPortFree(thePool);
 1614              		.loc 1 912 9 is_stmt 1 view .LVU380
 1615 0052 6868     		ldr	r0, [r5, #4]
 1616 0054 FFF7FEFF 		bl	vPortFree
 1617              	.LVL118:
 913:Middlewares/Third_Party/FreeRTOS/Source/CMSIS_RTOS/cmsis_os.c ****         thePool = NULL;
 1618              		.loc 1 913 9 view .LVU381
 1619 0058 2846     		mov	r0, r5
 1620 005a FFF7FEFF 		bl	vPortFree
 1621              	.LVL119:
 914:Middlewares/Third_Party/FreeRTOS/Source/CMSIS_RTOS/cmsis_os.c ****       }
 1622              		.loc 1 914 9 view .LVU382
 914:Middlewares/Third_Party/FreeRTOS/Source/CMSIS_RTOS/cmsis_os.c ****       }
 1623              		.loc 1 914 17 is_stmt 0 view .LVU383
 1624 005e 3546     		mov	r5, r6
 1625 0060 F5E7     		b	.L105
 1626              	.LVL120:
 1627              	.L107:
 918:Middlewares/Third_Party/FreeRTOS/Source/CMSIS_RTOS/cmsis_os.c ****       thePool = NULL;
 1628              		.loc 1 918 7 is_stmt 1 view .LVU384
 1629 0062 2846     		mov	r0, r5
 1630 0064 FFF7FEFF 		bl	vPortFree
 1631              	.LVL121:
 919:Middlewares/Third_Party/FreeRTOS/Source/CMSIS_RTOS/cmsis_os.c ****     }
 1632              		.loc 1 919 7 view .LVU385
 919:Middlewares/Third_Party/FreeRTOS/Source/CMSIS_RTOS/cmsis_os.c ****     }
 1633              		.loc 1 919 15 is_stmt 0 view .LVU386
 1634 0068 3D46     		mov	r5, r7
 1635              	.LVL122:
ARM GAS  D:\TMP\ccghNG8s.s 			page 50


 923:Middlewares/Third_Party/FreeRTOS/Source/CMSIS_RTOS/cmsis_os.c ****  
 1636              		.loc 1 923 3 is_stmt 1 view .LVU387
 923:Middlewares/Third_Party/FreeRTOS/Source/CMSIS_RTOS/cmsis_os.c ****  
 1637              		.loc 1 923 10 is_stmt 0 view .LVU388
 1638 006a F0E7     		b	.L105
 1639              		.cfi_endproc
 1640              	.LFE76:
 1642              		.section	.text.osPoolAlloc,"ax",%progbits
 1643              		.align	1
 1644              		.global	osPoolAlloc
 1645              		.syntax unified
 1646              		.thumb
 1647              		.thumb_func
 1649              	osPoolAlloc:
 1650              	.LVL123:
 1651              	.LFB77:
 929:Middlewares/Third_Party/FreeRTOS/Source/CMSIS_RTOS/cmsis_os.c **** 
 930:Middlewares/Third_Party/FreeRTOS/Source/CMSIS_RTOS/cmsis_os.c **** /**
 931:Middlewares/Third_Party/FreeRTOS/Source/CMSIS_RTOS/cmsis_os.c **** * @brief Allocate a memory block from a memory pool
 932:Middlewares/Third_Party/FreeRTOS/Source/CMSIS_RTOS/cmsis_os.c **** * @param pool_id       memory pool ID obtain referenced with \ref osPoolCreate.
 933:Middlewares/Third_Party/FreeRTOS/Source/CMSIS_RTOS/cmsis_os.c **** * @retval  address of the allocated memory block or NULL in case of no memory available.
 934:Middlewares/Third_Party/FreeRTOS/Source/CMSIS_RTOS/cmsis_os.c **** * @note   MUST REMAIN UNCHANGED: \b osPoolAlloc shall be consistent in every CMSIS-RTOS.
 935:Middlewares/Third_Party/FreeRTOS/Source/CMSIS_RTOS/cmsis_os.c **** */
 936:Middlewares/Third_Party/FreeRTOS/Source/CMSIS_RTOS/cmsis_os.c **** void *osPoolAlloc (osPoolId pool_id)
 937:Middlewares/Third_Party/FreeRTOS/Source/CMSIS_RTOS/cmsis_os.c **** {
 1652              		.loc 1 937 1 is_stmt 1 view -0
 1653              		.cfi_startproc
 1654              		@ args = 0, pretend = 0, frame = 0
 1655              		@ frame_needed = 0, uses_anonymous_args = 0
 1656              		.loc 1 937 1 is_stmt 0 view .LVU390
 1657 0000 70B5     		push	{r4, r5, r6, lr}
 1658              	.LCFI41:
 1659              		.cfi_def_cfa_offset 16
 1660              		.cfi_offset 4, -16
 1661              		.cfi_offset 5, -12
 1662              		.cfi_offset 6, -8
 1663              		.cfi_offset 14, -4
 1664 0002 0446     		mov	r4, r0
 938:Middlewares/Third_Party/FreeRTOS/Source/CMSIS_RTOS/cmsis_os.c ****   int dummy = 0;
 1665              		.loc 1 938 3 is_stmt 1 view .LVU391
 1666              	.LVL124:
 939:Middlewares/Third_Party/FreeRTOS/Source/CMSIS_RTOS/cmsis_os.c ****   void *p = NULL;
 1667              		.loc 1 939 3 view .LVU392
 940:Middlewares/Third_Party/FreeRTOS/Source/CMSIS_RTOS/cmsis_os.c ****   uint32_t i;
 1668              		.loc 1 940 3 view .LVU393
 941:Middlewares/Third_Party/FreeRTOS/Source/CMSIS_RTOS/cmsis_os.c ****   uint32_t index;
 1669              		.loc 1 941 3 view .LVU394
 942:Middlewares/Third_Party/FreeRTOS/Source/CMSIS_RTOS/cmsis_os.c ****   
 943:Middlewares/Third_Party/FreeRTOS/Source/CMSIS_RTOS/cmsis_os.c ****   if (inHandlerMode()) {
 1670              		.loc 1 943 3 view .LVU395
 1671              		.loc 1 943 7 is_stmt 0 view .LVU396
 1672 0004 FFF7FEFF 		bl	inHandlerMode
 1673              	.LVL125:
 1674              		.loc 1 943 6 discriminator 1 view .LVU397
 1675 0008 58B1     		cbz	r0, .L116
 944:Middlewares/Third_Party/FreeRTOS/Source/CMSIS_RTOS/cmsis_os.c ****     dummy = portSET_INTERRUPT_MASK_FROM_ISR();
 1676              		.loc 1 944 5 is_stmt 1 view .LVU398
ARM GAS  D:\TMP\ccghNG8s.s 			page 51


 1677              	.LBB10:
 1678              	.LBI10:
 1679              		.file 3 "Middlewares/Third_Party/FreeRTOS/Source/portable/GCC/ARM_CM3/portmacro.h"
   1:Middlewares/Third_Party/FreeRTOS/Source/portable/GCC/ARM_CM3/portmacro.h **** /*
   2:Middlewares/Third_Party/FreeRTOS/Source/portable/GCC/ARM_CM3/portmacro.h ****  * FreeRTOS Kernel V10.3.1
   3:Middlewares/Third_Party/FreeRTOS/Source/portable/GCC/ARM_CM3/portmacro.h ****  * Copyright (C) 2020 Amazon.com, Inc. or its affiliates.  All Rights Reserved.
   4:Middlewares/Third_Party/FreeRTOS/Source/portable/GCC/ARM_CM3/portmacro.h ****  *
   5:Middlewares/Third_Party/FreeRTOS/Source/portable/GCC/ARM_CM3/portmacro.h ****  * Permission is hereby granted, free of charge, to any person obtaining a copy of
   6:Middlewares/Third_Party/FreeRTOS/Source/portable/GCC/ARM_CM3/portmacro.h ****  * this software and associated documentation files (the "Software"), to deal in
   7:Middlewares/Third_Party/FreeRTOS/Source/portable/GCC/ARM_CM3/portmacro.h ****  * the Software without restriction, including without limitation the rights to
   8:Middlewares/Third_Party/FreeRTOS/Source/portable/GCC/ARM_CM3/portmacro.h ****  * use, copy, modify, merge, publish, distribute, sublicense, and/or sell copies of
   9:Middlewares/Third_Party/FreeRTOS/Source/portable/GCC/ARM_CM3/portmacro.h ****  * the Software, and to permit persons to whom the Software is furnished to do so,
  10:Middlewares/Third_Party/FreeRTOS/Source/portable/GCC/ARM_CM3/portmacro.h ****  * subject to the following conditions:
  11:Middlewares/Third_Party/FreeRTOS/Source/portable/GCC/ARM_CM3/portmacro.h ****  *
  12:Middlewares/Third_Party/FreeRTOS/Source/portable/GCC/ARM_CM3/portmacro.h ****  * The above copyright notice and this permission notice shall be included in all
  13:Middlewares/Third_Party/FreeRTOS/Source/portable/GCC/ARM_CM3/portmacro.h ****  * copies or substantial portions of the Software.
  14:Middlewares/Third_Party/FreeRTOS/Source/portable/GCC/ARM_CM3/portmacro.h ****  *
  15:Middlewares/Third_Party/FreeRTOS/Source/portable/GCC/ARM_CM3/portmacro.h ****  * THE SOFTWARE IS PROVIDED "AS IS", WITHOUT WARRANTY OF ANY KIND, EXPRESS OR
  16:Middlewares/Third_Party/FreeRTOS/Source/portable/GCC/ARM_CM3/portmacro.h ****  * IMPLIED, INCLUDING BUT NOT LIMITED TO THE WARRANTIES OF MERCHANTABILITY, FITNESS
  17:Middlewares/Third_Party/FreeRTOS/Source/portable/GCC/ARM_CM3/portmacro.h ****  * FOR A PARTICULAR PURPOSE AND NONINFRINGEMENT. IN NO EVENT SHALL THE AUTHORS OR
  18:Middlewares/Third_Party/FreeRTOS/Source/portable/GCC/ARM_CM3/portmacro.h ****  * COPYRIGHT HOLDERS BE LIABLE FOR ANY CLAIM, DAMAGES OR OTHER LIABILITY, WHETHER
  19:Middlewares/Third_Party/FreeRTOS/Source/portable/GCC/ARM_CM3/portmacro.h ****  * IN AN ACTION OF CONTRACT, TORT OR OTHERWISE, ARISING FROM, OUT OF OR IN
  20:Middlewares/Third_Party/FreeRTOS/Source/portable/GCC/ARM_CM3/portmacro.h ****  * CONNECTION WITH THE SOFTWARE OR THE USE OR OTHER DEALINGS IN THE SOFTWARE.
  21:Middlewares/Third_Party/FreeRTOS/Source/portable/GCC/ARM_CM3/portmacro.h ****  *
  22:Middlewares/Third_Party/FreeRTOS/Source/portable/GCC/ARM_CM3/portmacro.h ****  * http://www.FreeRTOS.org
  23:Middlewares/Third_Party/FreeRTOS/Source/portable/GCC/ARM_CM3/portmacro.h ****  * http://aws.amazon.com/freertos
  24:Middlewares/Third_Party/FreeRTOS/Source/portable/GCC/ARM_CM3/portmacro.h ****  *
  25:Middlewares/Third_Party/FreeRTOS/Source/portable/GCC/ARM_CM3/portmacro.h ****  * 1 tab == 4 spaces!
  26:Middlewares/Third_Party/FreeRTOS/Source/portable/GCC/ARM_CM3/portmacro.h ****  */
  27:Middlewares/Third_Party/FreeRTOS/Source/portable/GCC/ARM_CM3/portmacro.h **** 
  28:Middlewares/Third_Party/FreeRTOS/Source/portable/GCC/ARM_CM3/portmacro.h **** 
  29:Middlewares/Third_Party/FreeRTOS/Source/portable/GCC/ARM_CM3/portmacro.h **** #ifndef PORTMACRO_H
  30:Middlewares/Third_Party/FreeRTOS/Source/portable/GCC/ARM_CM3/portmacro.h **** #define PORTMACRO_H
  31:Middlewares/Third_Party/FreeRTOS/Source/portable/GCC/ARM_CM3/portmacro.h **** 
  32:Middlewares/Third_Party/FreeRTOS/Source/portable/GCC/ARM_CM3/portmacro.h **** #ifdef __cplusplus
  33:Middlewares/Third_Party/FreeRTOS/Source/portable/GCC/ARM_CM3/portmacro.h **** extern "C" {
  34:Middlewares/Third_Party/FreeRTOS/Source/portable/GCC/ARM_CM3/portmacro.h **** #endif
  35:Middlewares/Third_Party/FreeRTOS/Source/portable/GCC/ARM_CM3/portmacro.h **** 
  36:Middlewares/Third_Party/FreeRTOS/Source/portable/GCC/ARM_CM3/portmacro.h **** /*-----------------------------------------------------------
  37:Middlewares/Third_Party/FreeRTOS/Source/portable/GCC/ARM_CM3/portmacro.h ****  * Port specific definitions.
  38:Middlewares/Third_Party/FreeRTOS/Source/portable/GCC/ARM_CM3/portmacro.h ****  *
  39:Middlewares/Third_Party/FreeRTOS/Source/portable/GCC/ARM_CM3/portmacro.h ****  * The settings in this file configure FreeRTOS correctly for the
  40:Middlewares/Third_Party/FreeRTOS/Source/portable/GCC/ARM_CM3/portmacro.h ****  * given hardware and compiler.
  41:Middlewares/Third_Party/FreeRTOS/Source/portable/GCC/ARM_CM3/portmacro.h ****  *
  42:Middlewares/Third_Party/FreeRTOS/Source/portable/GCC/ARM_CM3/portmacro.h ****  * These settings should not be altered.
  43:Middlewares/Third_Party/FreeRTOS/Source/portable/GCC/ARM_CM3/portmacro.h ****  *-----------------------------------------------------------
  44:Middlewares/Third_Party/FreeRTOS/Source/portable/GCC/ARM_CM3/portmacro.h ****  */
  45:Middlewares/Third_Party/FreeRTOS/Source/portable/GCC/ARM_CM3/portmacro.h **** 
  46:Middlewares/Third_Party/FreeRTOS/Source/portable/GCC/ARM_CM3/portmacro.h **** /* Type definitions. */
  47:Middlewares/Third_Party/FreeRTOS/Source/portable/GCC/ARM_CM3/portmacro.h **** #define portCHAR		char
  48:Middlewares/Third_Party/FreeRTOS/Source/portable/GCC/ARM_CM3/portmacro.h **** #define portFLOAT		float
  49:Middlewares/Third_Party/FreeRTOS/Source/portable/GCC/ARM_CM3/portmacro.h **** #define portDOUBLE		double
  50:Middlewares/Third_Party/FreeRTOS/Source/portable/GCC/ARM_CM3/portmacro.h **** #define portLONG		long
  51:Middlewares/Third_Party/FreeRTOS/Source/portable/GCC/ARM_CM3/portmacro.h **** #define portSHORT		short
  52:Middlewares/Third_Party/FreeRTOS/Source/portable/GCC/ARM_CM3/portmacro.h **** #define portSTACK_TYPE	uint32_t
  53:Middlewares/Third_Party/FreeRTOS/Source/portable/GCC/ARM_CM3/portmacro.h **** #define portBASE_TYPE	long
  54:Middlewares/Third_Party/FreeRTOS/Source/portable/GCC/ARM_CM3/portmacro.h **** 
ARM GAS  D:\TMP\ccghNG8s.s 			page 52


  55:Middlewares/Third_Party/FreeRTOS/Source/portable/GCC/ARM_CM3/portmacro.h **** typedef portSTACK_TYPE StackType_t;
  56:Middlewares/Third_Party/FreeRTOS/Source/portable/GCC/ARM_CM3/portmacro.h **** typedef long BaseType_t;
  57:Middlewares/Third_Party/FreeRTOS/Source/portable/GCC/ARM_CM3/portmacro.h **** typedef unsigned long UBaseType_t;
  58:Middlewares/Third_Party/FreeRTOS/Source/portable/GCC/ARM_CM3/portmacro.h **** 
  59:Middlewares/Third_Party/FreeRTOS/Source/portable/GCC/ARM_CM3/portmacro.h **** #if( configUSE_16_BIT_TICKS == 1 )
  60:Middlewares/Third_Party/FreeRTOS/Source/portable/GCC/ARM_CM3/portmacro.h **** 	typedef uint16_t TickType_t;
  61:Middlewares/Third_Party/FreeRTOS/Source/portable/GCC/ARM_CM3/portmacro.h **** 	#define portMAX_DELAY ( TickType_t ) 0xffff
  62:Middlewares/Third_Party/FreeRTOS/Source/portable/GCC/ARM_CM3/portmacro.h **** #else
  63:Middlewares/Third_Party/FreeRTOS/Source/portable/GCC/ARM_CM3/portmacro.h **** 	typedef uint32_t TickType_t;
  64:Middlewares/Third_Party/FreeRTOS/Source/portable/GCC/ARM_CM3/portmacro.h **** 	#define portMAX_DELAY ( TickType_t ) 0xffffffffUL
  65:Middlewares/Third_Party/FreeRTOS/Source/portable/GCC/ARM_CM3/portmacro.h **** 
  66:Middlewares/Third_Party/FreeRTOS/Source/portable/GCC/ARM_CM3/portmacro.h **** 	/* 32-bit tick type on a 32-bit architecture, so reads of the tick count do
  67:Middlewares/Third_Party/FreeRTOS/Source/portable/GCC/ARM_CM3/portmacro.h **** 	not need to be guarded with a critical section. */
  68:Middlewares/Third_Party/FreeRTOS/Source/portable/GCC/ARM_CM3/portmacro.h **** 	#define portTICK_TYPE_IS_ATOMIC 1
  69:Middlewares/Third_Party/FreeRTOS/Source/portable/GCC/ARM_CM3/portmacro.h **** #endif
  70:Middlewares/Third_Party/FreeRTOS/Source/portable/GCC/ARM_CM3/portmacro.h **** /*-----------------------------------------------------------*/
  71:Middlewares/Third_Party/FreeRTOS/Source/portable/GCC/ARM_CM3/portmacro.h **** 
  72:Middlewares/Third_Party/FreeRTOS/Source/portable/GCC/ARM_CM3/portmacro.h **** /* Architecture specifics. */
  73:Middlewares/Third_Party/FreeRTOS/Source/portable/GCC/ARM_CM3/portmacro.h **** #define portSTACK_GROWTH			( -1 )
  74:Middlewares/Third_Party/FreeRTOS/Source/portable/GCC/ARM_CM3/portmacro.h **** #define portTICK_PERIOD_MS			( ( TickType_t ) 1000 / configTICK_RATE_HZ )
  75:Middlewares/Third_Party/FreeRTOS/Source/portable/GCC/ARM_CM3/portmacro.h **** #define portBYTE_ALIGNMENT			8
  76:Middlewares/Third_Party/FreeRTOS/Source/portable/GCC/ARM_CM3/portmacro.h **** /*-----------------------------------------------------------*/
  77:Middlewares/Third_Party/FreeRTOS/Source/portable/GCC/ARM_CM3/portmacro.h **** 
  78:Middlewares/Third_Party/FreeRTOS/Source/portable/GCC/ARM_CM3/portmacro.h **** /* Scheduler utilities. */
  79:Middlewares/Third_Party/FreeRTOS/Source/portable/GCC/ARM_CM3/portmacro.h **** #define portYIELD() 															\
  80:Middlewares/Third_Party/FreeRTOS/Source/portable/GCC/ARM_CM3/portmacro.h **** {																				\
  81:Middlewares/Third_Party/FreeRTOS/Source/portable/GCC/ARM_CM3/portmacro.h **** 	/* Set a PendSV to request a context switch. */								\
  82:Middlewares/Third_Party/FreeRTOS/Source/portable/GCC/ARM_CM3/portmacro.h **** 	portNVIC_INT_CTRL_REG = portNVIC_PENDSVSET_BIT;								\
  83:Middlewares/Third_Party/FreeRTOS/Source/portable/GCC/ARM_CM3/portmacro.h **** 																				\
  84:Middlewares/Third_Party/FreeRTOS/Source/portable/GCC/ARM_CM3/portmacro.h **** 	/* Barriers are normally not required but do ensure the code is completely	\
  85:Middlewares/Third_Party/FreeRTOS/Source/portable/GCC/ARM_CM3/portmacro.h **** 	within the specified behaviour for the architecture. */						\
  86:Middlewares/Third_Party/FreeRTOS/Source/portable/GCC/ARM_CM3/portmacro.h **** 	__asm volatile( "dsb" ::: "memory" );										\
  87:Middlewares/Third_Party/FreeRTOS/Source/portable/GCC/ARM_CM3/portmacro.h **** 	__asm volatile( "isb" );													\
  88:Middlewares/Third_Party/FreeRTOS/Source/portable/GCC/ARM_CM3/portmacro.h **** }
  89:Middlewares/Third_Party/FreeRTOS/Source/portable/GCC/ARM_CM3/portmacro.h **** 
  90:Middlewares/Third_Party/FreeRTOS/Source/portable/GCC/ARM_CM3/portmacro.h **** #define portNVIC_INT_CTRL_REG		( * ( ( volatile uint32_t * ) 0xe000ed04 ) )
  91:Middlewares/Third_Party/FreeRTOS/Source/portable/GCC/ARM_CM3/portmacro.h **** #define portNVIC_PENDSVSET_BIT		( 1UL << 28UL )
  92:Middlewares/Third_Party/FreeRTOS/Source/portable/GCC/ARM_CM3/portmacro.h **** #define portEND_SWITCHING_ISR( xSwitchRequired ) if( xSwitchRequired != pdFALSE ) portYIELD()
  93:Middlewares/Third_Party/FreeRTOS/Source/portable/GCC/ARM_CM3/portmacro.h **** #define portYIELD_FROM_ISR( x ) portEND_SWITCHING_ISR( x )
  94:Middlewares/Third_Party/FreeRTOS/Source/portable/GCC/ARM_CM3/portmacro.h **** /*-----------------------------------------------------------*/
  95:Middlewares/Third_Party/FreeRTOS/Source/portable/GCC/ARM_CM3/portmacro.h **** 
  96:Middlewares/Third_Party/FreeRTOS/Source/portable/GCC/ARM_CM3/portmacro.h **** /* Critical section management. */
  97:Middlewares/Third_Party/FreeRTOS/Source/portable/GCC/ARM_CM3/portmacro.h **** extern void vPortEnterCritical( void );
  98:Middlewares/Third_Party/FreeRTOS/Source/portable/GCC/ARM_CM3/portmacro.h **** extern void vPortExitCritical( void );
  99:Middlewares/Third_Party/FreeRTOS/Source/portable/GCC/ARM_CM3/portmacro.h **** #define portSET_INTERRUPT_MASK_FROM_ISR()		ulPortRaiseBASEPRI()
 100:Middlewares/Third_Party/FreeRTOS/Source/portable/GCC/ARM_CM3/portmacro.h **** #define portCLEAR_INTERRUPT_MASK_FROM_ISR(x)	vPortSetBASEPRI(x)
 101:Middlewares/Third_Party/FreeRTOS/Source/portable/GCC/ARM_CM3/portmacro.h **** #define portDISABLE_INTERRUPTS()				vPortRaiseBASEPRI()
 102:Middlewares/Third_Party/FreeRTOS/Source/portable/GCC/ARM_CM3/portmacro.h **** #define portENABLE_INTERRUPTS()					vPortSetBASEPRI(0)
 103:Middlewares/Third_Party/FreeRTOS/Source/portable/GCC/ARM_CM3/portmacro.h **** #define portENTER_CRITICAL()					vPortEnterCritical()
 104:Middlewares/Third_Party/FreeRTOS/Source/portable/GCC/ARM_CM3/portmacro.h **** #define portEXIT_CRITICAL()						vPortExitCritical()
 105:Middlewares/Third_Party/FreeRTOS/Source/portable/GCC/ARM_CM3/portmacro.h **** 
 106:Middlewares/Third_Party/FreeRTOS/Source/portable/GCC/ARM_CM3/portmacro.h **** /*-----------------------------------------------------------*/
 107:Middlewares/Third_Party/FreeRTOS/Source/portable/GCC/ARM_CM3/portmacro.h **** 
 108:Middlewares/Third_Party/FreeRTOS/Source/portable/GCC/ARM_CM3/portmacro.h **** /* Task function macros as described on the FreeRTOS.org WEB site.  These are
 109:Middlewares/Third_Party/FreeRTOS/Source/portable/GCC/ARM_CM3/portmacro.h **** not necessary for to use this port.  They are defined so the common demo files
 110:Middlewares/Third_Party/FreeRTOS/Source/portable/GCC/ARM_CM3/portmacro.h **** (which build with all the ports) will build. */
 111:Middlewares/Third_Party/FreeRTOS/Source/portable/GCC/ARM_CM3/portmacro.h **** #define portTASK_FUNCTION_PROTO( vFunction, pvParameters ) void vFunction( void *pvParameters )
ARM GAS  D:\TMP\ccghNG8s.s 			page 53


 112:Middlewares/Third_Party/FreeRTOS/Source/portable/GCC/ARM_CM3/portmacro.h **** #define portTASK_FUNCTION( vFunction, pvParameters ) void vFunction( void *pvParameters )
 113:Middlewares/Third_Party/FreeRTOS/Source/portable/GCC/ARM_CM3/portmacro.h **** /*-----------------------------------------------------------*/
 114:Middlewares/Third_Party/FreeRTOS/Source/portable/GCC/ARM_CM3/portmacro.h **** 
 115:Middlewares/Third_Party/FreeRTOS/Source/portable/GCC/ARM_CM3/portmacro.h **** /* Tickless idle/low power functionality. */
 116:Middlewares/Third_Party/FreeRTOS/Source/portable/GCC/ARM_CM3/portmacro.h **** #ifndef portSUPPRESS_TICKS_AND_SLEEP
 117:Middlewares/Third_Party/FreeRTOS/Source/portable/GCC/ARM_CM3/portmacro.h **** 	extern void vPortSuppressTicksAndSleep( TickType_t xExpectedIdleTime );
 118:Middlewares/Third_Party/FreeRTOS/Source/portable/GCC/ARM_CM3/portmacro.h **** 	#define portSUPPRESS_TICKS_AND_SLEEP( xExpectedIdleTime ) vPortSuppressTicksAndSleep( xExpectedIdl
 119:Middlewares/Third_Party/FreeRTOS/Source/portable/GCC/ARM_CM3/portmacro.h **** #endif
 120:Middlewares/Third_Party/FreeRTOS/Source/portable/GCC/ARM_CM3/portmacro.h **** /*-----------------------------------------------------------*/
 121:Middlewares/Third_Party/FreeRTOS/Source/portable/GCC/ARM_CM3/portmacro.h **** 
 122:Middlewares/Third_Party/FreeRTOS/Source/portable/GCC/ARM_CM3/portmacro.h **** /* Architecture specific optimisations. */
 123:Middlewares/Third_Party/FreeRTOS/Source/portable/GCC/ARM_CM3/portmacro.h **** #ifndef configUSE_PORT_OPTIMISED_TASK_SELECTION
 124:Middlewares/Third_Party/FreeRTOS/Source/portable/GCC/ARM_CM3/portmacro.h **** 	#define configUSE_PORT_OPTIMISED_TASK_SELECTION 1
 125:Middlewares/Third_Party/FreeRTOS/Source/portable/GCC/ARM_CM3/portmacro.h **** #endif
 126:Middlewares/Third_Party/FreeRTOS/Source/portable/GCC/ARM_CM3/portmacro.h **** 
 127:Middlewares/Third_Party/FreeRTOS/Source/portable/GCC/ARM_CM3/portmacro.h **** #if configUSE_PORT_OPTIMISED_TASK_SELECTION == 1
 128:Middlewares/Third_Party/FreeRTOS/Source/portable/GCC/ARM_CM3/portmacro.h **** 
 129:Middlewares/Third_Party/FreeRTOS/Source/portable/GCC/ARM_CM3/portmacro.h **** 	/* Generic helper function. */
 130:Middlewares/Third_Party/FreeRTOS/Source/portable/GCC/ARM_CM3/portmacro.h **** 	__attribute__( ( always_inline ) ) static inline uint8_t ucPortCountLeadingZeros( uint32_t ulBitma
 131:Middlewares/Third_Party/FreeRTOS/Source/portable/GCC/ARM_CM3/portmacro.h **** 	{
 132:Middlewares/Third_Party/FreeRTOS/Source/portable/GCC/ARM_CM3/portmacro.h **** 	uint8_t ucReturn;
 133:Middlewares/Third_Party/FreeRTOS/Source/portable/GCC/ARM_CM3/portmacro.h **** 
 134:Middlewares/Third_Party/FreeRTOS/Source/portable/GCC/ARM_CM3/portmacro.h **** 		__asm volatile ( "clz %0, %1" : "=r" ( ucReturn ) : "r" ( ulBitmap ) : "memory" );
 135:Middlewares/Third_Party/FreeRTOS/Source/portable/GCC/ARM_CM3/portmacro.h **** 		return ucReturn;
 136:Middlewares/Third_Party/FreeRTOS/Source/portable/GCC/ARM_CM3/portmacro.h **** 	}
 137:Middlewares/Third_Party/FreeRTOS/Source/portable/GCC/ARM_CM3/portmacro.h **** 
 138:Middlewares/Third_Party/FreeRTOS/Source/portable/GCC/ARM_CM3/portmacro.h **** 	/* Check the configuration. */
 139:Middlewares/Third_Party/FreeRTOS/Source/portable/GCC/ARM_CM3/portmacro.h **** 	#if( configMAX_PRIORITIES > 32 )
 140:Middlewares/Third_Party/FreeRTOS/Source/portable/GCC/ARM_CM3/portmacro.h **** 		#error configUSE_PORT_OPTIMISED_TASK_SELECTION can only be set to 1 when configMAX_PRIORITIES is 
 141:Middlewares/Third_Party/FreeRTOS/Source/portable/GCC/ARM_CM3/portmacro.h **** 	#endif
 142:Middlewares/Third_Party/FreeRTOS/Source/portable/GCC/ARM_CM3/portmacro.h **** 
 143:Middlewares/Third_Party/FreeRTOS/Source/portable/GCC/ARM_CM3/portmacro.h **** 	/* Store/clear the ready priorities in a bit map. */
 144:Middlewares/Third_Party/FreeRTOS/Source/portable/GCC/ARM_CM3/portmacro.h **** 	#define portRECORD_READY_PRIORITY( uxPriority, uxReadyPriorities ) ( uxReadyPriorities ) |= ( 1UL 
 145:Middlewares/Third_Party/FreeRTOS/Source/portable/GCC/ARM_CM3/portmacro.h **** 	#define portRESET_READY_PRIORITY( uxPriority, uxReadyPriorities ) ( uxReadyPriorities ) &= ~( 1UL 
 146:Middlewares/Third_Party/FreeRTOS/Source/portable/GCC/ARM_CM3/portmacro.h **** 
 147:Middlewares/Third_Party/FreeRTOS/Source/portable/GCC/ARM_CM3/portmacro.h **** 	/*-----------------------------------------------------------*/
 148:Middlewares/Third_Party/FreeRTOS/Source/portable/GCC/ARM_CM3/portmacro.h **** 
 149:Middlewares/Third_Party/FreeRTOS/Source/portable/GCC/ARM_CM3/portmacro.h **** 	#define portGET_HIGHEST_PRIORITY( uxTopPriority, uxReadyPriorities ) uxTopPriority = ( 31UL - ( ui
 150:Middlewares/Third_Party/FreeRTOS/Source/portable/GCC/ARM_CM3/portmacro.h **** 
 151:Middlewares/Third_Party/FreeRTOS/Source/portable/GCC/ARM_CM3/portmacro.h **** #endif /* configUSE_PORT_OPTIMISED_TASK_SELECTION */
 152:Middlewares/Third_Party/FreeRTOS/Source/portable/GCC/ARM_CM3/portmacro.h **** 
 153:Middlewares/Third_Party/FreeRTOS/Source/portable/GCC/ARM_CM3/portmacro.h **** /*-----------------------------------------------------------*/
 154:Middlewares/Third_Party/FreeRTOS/Source/portable/GCC/ARM_CM3/portmacro.h **** 
 155:Middlewares/Third_Party/FreeRTOS/Source/portable/GCC/ARM_CM3/portmacro.h **** #ifdef configASSERT
 156:Middlewares/Third_Party/FreeRTOS/Source/portable/GCC/ARM_CM3/portmacro.h **** 	void vPortValidateInterruptPriority( void );
 157:Middlewares/Third_Party/FreeRTOS/Source/portable/GCC/ARM_CM3/portmacro.h **** 	#define portASSERT_IF_INTERRUPT_PRIORITY_INVALID() 	vPortValidateInterruptPriority()
 158:Middlewares/Third_Party/FreeRTOS/Source/portable/GCC/ARM_CM3/portmacro.h **** #endif
 159:Middlewares/Third_Party/FreeRTOS/Source/portable/GCC/ARM_CM3/portmacro.h **** 
 160:Middlewares/Third_Party/FreeRTOS/Source/portable/GCC/ARM_CM3/portmacro.h **** /* portNOP() is not required by this port. */
 161:Middlewares/Third_Party/FreeRTOS/Source/portable/GCC/ARM_CM3/portmacro.h **** #define portNOP()
 162:Middlewares/Third_Party/FreeRTOS/Source/portable/GCC/ARM_CM3/portmacro.h **** 
 163:Middlewares/Third_Party/FreeRTOS/Source/portable/GCC/ARM_CM3/portmacro.h **** #define portINLINE	__inline
 164:Middlewares/Third_Party/FreeRTOS/Source/portable/GCC/ARM_CM3/portmacro.h **** 
 165:Middlewares/Third_Party/FreeRTOS/Source/portable/GCC/ARM_CM3/portmacro.h **** #ifndef portFORCE_INLINE
 166:Middlewares/Third_Party/FreeRTOS/Source/portable/GCC/ARM_CM3/portmacro.h **** 	#define portFORCE_INLINE inline __attribute__(( always_inline))
 167:Middlewares/Third_Party/FreeRTOS/Source/portable/GCC/ARM_CM3/portmacro.h **** #endif
 168:Middlewares/Third_Party/FreeRTOS/Source/portable/GCC/ARM_CM3/portmacro.h **** 
ARM GAS  D:\TMP\ccghNG8s.s 			page 54


 169:Middlewares/Third_Party/FreeRTOS/Source/portable/GCC/ARM_CM3/portmacro.h **** /*-----------------------------------------------------------*/
 170:Middlewares/Third_Party/FreeRTOS/Source/portable/GCC/ARM_CM3/portmacro.h **** 
 171:Middlewares/Third_Party/FreeRTOS/Source/portable/GCC/ARM_CM3/portmacro.h **** portFORCE_INLINE static BaseType_t xPortIsInsideInterrupt( void )
 172:Middlewares/Third_Party/FreeRTOS/Source/portable/GCC/ARM_CM3/portmacro.h **** {
 173:Middlewares/Third_Party/FreeRTOS/Source/portable/GCC/ARM_CM3/portmacro.h **** uint32_t ulCurrentInterrupt;
 174:Middlewares/Third_Party/FreeRTOS/Source/portable/GCC/ARM_CM3/portmacro.h **** BaseType_t xReturn;
 175:Middlewares/Third_Party/FreeRTOS/Source/portable/GCC/ARM_CM3/portmacro.h **** 
 176:Middlewares/Third_Party/FreeRTOS/Source/portable/GCC/ARM_CM3/portmacro.h **** 	/* Obtain the number of the currently executing interrupt. */
 177:Middlewares/Third_Party/FreeRTOS/Source/portable/GCC/ARM_CM3/portmacro.h **** 	__asm volatile( "mrs %0, ipsr" : "=r"( ulCurrentInterrupt ) :: "memory" );
 178:Middlewares/Third_Party/FreeRTOS/Source/portable/GCC/ARM_CM3/portmacro.h **** 
 179:Middlewares/Third_Party/FreeRTOS/Source/portable/GCC/ARM_CM3/portmacro.h **** 	if( ulCurrentInterrupt == 0 )
 180:Middlewares/Third_Party/FreeRTOS/Source/portable/GCC/ARM_CM3/portmacro.h **** 	{
 181:Middlewares/Third_Party/FreeRTOS/Source/portable/GCC/ARM_CM3/portmacro.h **** 		xReturn = pdFALSE;
 182:Middlewares/Third_Party/FreeRTOS/Source/portable/GCC/ARM_CM3/portmacro.h **** 	}
 183:Middlewares/Third_Party/FreeRTOS/Source/portable/GCC/ARM_CM3/portmacro.h **** 	else
 184:Middlewares/Third_Party/FreeRTOS/Source/portable/GCC/ARM_CM3/portmacro.h **** 	{
 185:Middlewares/Third_Party/FreeRTOS/Source/portable/GCC/ARM_CM3/portmacro.h **** 		xReturn = pdTRUE;
 186:Middlewares/Third_Party/FreeRTOS/Source/portable/GCC/ARM_CM3/portmacro.h **** 	}
 187:Middlewares/Third_Party/FreeRTOS/Source/portable/GCC/ARM_CM3/portmacro.h **** 
 188:Middlewares/Third_Party/FreeRTOS/Source/portable/GCC/ARM_CM3/portmacro.h **** 	return xReturn;
 189:Middlewares/Third_Party/FreeRTOS/Source/portable/GCC/ARM_CM3/portmacro.h **** }
 190:Middlewares/Third_Party/FreeRTOS/Source/portable/GCC/ARM_CM3/portmacro.h **** 
 191:Middlewares/Third_Party/FreeRTOS/Source/portable/GCC/ARM_CM3/portmacro.h **** /*-----------------------------------------------------------*/
 192:Middlewares/Third_Party/FreeRTOS/Source/portable/GCC/ARM_CM3/portmacro.h **** 
 193:Middlewares/Third_Party/FreeRTOS/Source/portable/GCC/ARM_CM3/portmacro.h **** portFORCE_INLINE static void vPortRaiseBASEPRI( void )
 194:Middlewares/Third_Party/FreeRTOS/Source/portable/GCC/ARM_CM3/portmacro.h **** {
 195:Middlewares/Third_Party/FreeRTOS/Source/portable/GCC/ARM_CM3/portmacro.h **** uint32_t ulNewBASEPRI;
 196:Middlewares/Third_Party/FreeRTOS/Source/portable/GCC/ARM_CM3/portmacro.h **** 
 197:Middlewares/Third_Party/FreeRTOS/Source/portable/GCC/ARM_CM3/portmacro.h **** 	__asm volatile
 198:Middlewares/Third_Party/FreeRTOS/Source/portable/GCC/ARM_CM3/portmacro.h **** 	(
 199:Middlewares/Third_Party/FreeRTOS/Source/portable/GCC/ARM_CM3/portmacro.h **** 		"	mov %0, %1												\n" \
 200:Middlewares/Third_Party/FreeRTOS/Source/portable/GCC/ARM_CM3/portmacro.h **** 		"	msr basepri, %0											\n" \
 201:Middlewares/Third_Party/FreeRTOS/Source/portable/GCC/ARM_CM3/portmacro.h **** 		"	isb														\n" \
 202:Middlewares/Third_Party/FreeRTOS/Source/portable/GCC/ARM_CM3/portmacro.h **** 		"	dsb														\n" \
 203:Middlewares/Third_Party/FreeRTOS/Source/portable/GCC/ARM_CM3/portmacro.h **** 		:"=r" (ulNewBASEPRI) : "i" ( configMAX_SYSCALL_INTERRUPT_PRIORITY ) : "memory"
 204:Middlewares/Third_Party/FreeRTOS/Source/portable/GCC/ARM_CM3/portmacro.h **** 	);
 205:Middlewares/Third_Party/FreeRTOS/Source/portable/GCC/ARM_CM3/portmacro.h **** }
 206:Middlewares/Third_Party/FreeRTOS/Source/portable/GCC/ARM_CM3/portmacro.h **** 
 207:Middlewares/Third_Party/FreeRTOS/Source/portable/GCC/ARM_CM3/portmacro.h **** /*-----------------------------------------------------------*/
 208:Middlewares/Third_Party/FreeRTOS/Source/portable/GCC/ARM_CM3/portmacro.h **** 
 209:Middlewares/Third_Party/FreeRTOS/Source/portable/GCC/ARM_CM3/portmacro.h **** portFORCE_INLINE static uint32_t ulPortRaiseBASEPRI( void )
 1680              		.loc 3 209 34 view .LVU399
 1681              	.LBB11:
 210:Middlewares/Third_Party/FreeRTOS/Source/portable/GCC/ARM_CM3/portmacro.h **** {
 211:Middlewares/Third_Party/FreeRTOS/Source/portable/GCC/ARM_CM3/portmacro.h **** uint32_t ulOriginalBASEPRI, ulNewBASEPRI;
 1682              		.loc 3 211 1 view .LVU400
 212:Middlewares/Third_Party/FreeRTOS/Source/portable/GCC/ARM_CM3/portmacro.h **** 
 213:Middlewares/Third_Party/FreeRTOS/Source/portable/GCC/ARM_CM3/portmacro.h **** 	__asm volatile
 1683              		.loc 3 213 2 view .LVU401
 1684              		.syntax unified
 1685              	@ 213 "Middlewares/Third_Party/FreeRTOS/Source/portable/GCC/ARM_CM3/portmacro.h" 1
 1686 000a EFF31185 			mrs r5, basepri											
 1687 000e 4FF02003 		mov r3, #32												
 1688 0012 83F31188 		msr basepri, r3											
 1689 0016 BFF36F8F 		isb														
 1690 001a BFF34F8F 		dsb														
 1691              	
ARM GAS  D:\TMP\ccghNG8s.s 			page 55


 1692              	@ 0 "" 2
 1693              	.LVL126:
 214:Middlewares/Third_Party/FreeRTOS/Source/portable/GCC/ARM_CM3/portmacro.h **** 	(
 215:Middlewares/Third_Party/FreeRTOS/Source/portable/GCC/ARM_CM3/portmacro.h **** 		"	mrs %0, basepri											\n" \
 216:Middlewares/Third_Party/FreeRTOS/Source/portable/GCC/ARM_CM3/portmacro.h **** 		"	mov %1, %2												\n" \
 217:Middlewares/Third_Party/FreeRTOS/Source/portable/GCC/ARM_CM3/portmacro.h **** 		"	msr basepri, %1											\n" \
 218:Middlewares/Third_Party/FreeRTOS/Source/portable/GCC/ARM_CM3/portmacro.h **** 		"	isb														\n" \
 219:Middlewares/Third_Party/FreeRTOS/Source/portable/GCC/ARM_CM3/portmacro.h **** 		"	dsb														\n" \
 220:Middlewares/Third_Party/FreeRTOS/Source/portable/GCC/ARM_CM3/portmacro.h **** 		:"=r" (ulOriginalBASEPRI), "=r" (ulNewBASEPRI) : "i" ( configMAX_SYSCALL_INTERRUPT_PRIORITY ) : "
 221:Middlewares/Third_Party/FreeRTOS/Source/portable/GCC/ARM_CM3/portmacro.h **** 	);
 222:Middlewares/Third_Party/FreeRTOS/Source/portable/GCC/ARM_CM3/portmacro.h **** 
 223:Middlewares/Third_Party/FreeRTOS/Source/portable/GCC/ARM_CM3/portmacro.h **** 	/* This return will not be reached but is necessary to prevent compiler
 224:Middlewares/Third_Party/FreeRTOS/Source/portable/GCC/ARM_CM3/portmacro.h **** 	warnings. */
 225:Middlewares/Third_Party/FreeRTOS/Source/portable/GCC/ARM_CM3/portmacro.h **** 	return ulOriginalBASEPRI;
 1694              		.loc 3 225 2 view .LVU402
 1695              		.thumb
 1696              		.syntax unified
 1697              	.L117:
 1698              		.loc 3 225 2 is_stmt 0 view .LVU403
 1699              	.LBE11:
 1700              	.LBE10:
 945:Middlewares/Third_Party/FreeRTOS/Source/CMSIS_RTOS/cmsis_os.c ****   }
 946:Middlewares/Third_Party/FreeRTOS/Source/CMSIS_RTOS/cmsis_os.c ****   else {
 947:Middlewares/Third_Party/FreeRTOS/Source/CMSIS_RTOS/cmsis_os.c ****     vPortEnterCritical();
 948:Middlewares/Third_Party/FreeRTOS/Source/CMSIS_RTOS/cmsis_os.c ****   }
 949:Middlewares/Third_Party/FreeRTOS/Source/CMSIS_RTOS/cmsis_os.c ****   
 950:Middlewares/Third_Party/FreeRTOS/Source/CMSIS_RTOS/cmsis_os.c ****   for (i = 0; i < pool_id->pool_sz; i++) {
 1701              		.loc 1 950 3 is_stmt 1 view .LVU404
 1702              		.loc 1 950 10 is_stmt 0 view .LVU405
 1703 001e 0021     		movs	r1, #0
 1704              		.loc 1 950 3 view .LVU406
 1705 0020 04E0     		b	.L118
 1706              	.LVL127:
 1707              	.L116:
 1708              		.loc 1 950 3 view .LVU407
 1709 0022 0546     		mov	r5, r0
 947:Middlewares/Third_Party/FreeRTOS/Source/CMSIS_RTOS/cmsis_os.c ****   }
 1710              		.loc 1 947 5 is_stmt 1 view .LVU408
 1711 0024 FFF7FEFF 		bl	vPortEnterCritical
 1712              	.LVL128:
 1713 0028 F9E7     		b	.L117
 1714              	.LVL129:
 1715              	.L119:
 1716              		.loc 1 950 38 discriminator 2 view .LVU409
 1717 002a 0131     		adds	r1, r1, #1
 1718              	.LVL130:
 1719              	.L118:
 1720              		.loc 1 950 17 discriminator 1 view .LVU410
 1721              		.loc 1 950 26 is_stmt 0 discriminator 1 view .LVU411
 1722 002c A268     		ldr	r2, [r4, #8]
 1723              		.loc 1 950 17 discriminator 1 view .LVU412
 1724 002e 8A42     		cmp	r2, r1
 1725 0030 11D9     		bls	.L125
 951:Middlewares/Third_Party/FreeRTOS/Source/CMSIS_RTOS/cmsis_os.c ****     index = (pool_id->currentIndex + i) % pool_id->pool_sz;
 1726              		.loc 1 951 5 is_stmt 1 view .LVU413
 1727              		.loc 1 951 21 is_stmt 0 view .LVU414
 1728 0032 2369     		ldr	r3, [r4, #16]
ARM GAS  D:\TMP\ccghNG8s.s 			page 56


 1729              		.loc 1 951 36 view .LVU415
 1730 0034 0B44     		add	r3, r3, r1
 1731              		.loc 1 951 11 view .LVU416
 1732 0036 B3FBF2F0 		udiv	r0, r3, r2
 1733 003a 02FB1033 		mls	r3, r2, r0, r3
 1734              	.LVL131:
 952:Middlewares/Third_Party/FreeRTOS/Source/CMSIS_RTOS/cmsis_os.c ****     
 953:Middlewares/Third_Party/FreeRTOS/Source/CMSIS_RTOS/cmsis_os.c ****     if (pool_id->markers[index] == 0) {
 1735              		.loc 1 953 5 is_stmt 1 view .LVU417
 1736              		.loc 1 953 16 is_stmt 0 view .LVU418
 1737 003e 6268     		ldr	r2, [r4, #4]
 1738              		.loc 1 953 25 view .LVU419
 1739 0040 D05C     		ldrb	r0, [r2, r3]	@ zero_extendqisi2
 1740              		.loc 1 953 8 view .LVU420
 1741 0042 0028     		cmp	r0, #0
 1742 0044 F1D1     		bne	.L119
 954:Middlewares/Third_Party/FreeRTOS/Source/CMSIS_RTOS/cmsis_os.c ****       pool_id->markers[index] = 1;
 1743              		.loc 1 954 7 is_stmt 1 view .LVU421
 1744              		.loc 1 954 31 is_stmt 0 view .LVU422
 1745 0046 0121     		movs	r1, #1
 1746              	.LVL132:
 1747              		.loc 1 954 31 view .LVU423
 1748 0048 D154     		strb	r1, [r2, r3]
 955:Middlewares/Third_Party/FreeRTOS/Source/CMSIS_RTOS/cmsis_os.c ****       p = (void *)((uint32_t)(pool_id->pool) + (index * pool_id->item_sz));
 1749              		.loc 1 955 7 is_stmt 1 view .LVU424
 1750              		.loc 1 955 38 is_stmt 0 view .LVU425
 1751 004a 2668     		ldr	r6, [r4]
 1752              		.loc 1 955 64 view .LVU426
 1753 004c E268     		ldr	r2, [r4, #12]
 1754              		.loc 1 955 46 view .LVU427
 1755 004e 03FB0266 		mla	r6, r3, r2, r6
 1756              	.LVL133:
 956:Middlewares/Third_Party/FreeRTOS/Source/CMSIS_RTOS/cmsis_os.c ****       pool_id->currentIndex = index;
 1757              		.loc 1 956 7 is_stmt 1 view .LVU428
 1758              		.loc 1 956 29 is_stmt 0 view .LVU429
 1759 0052 2361     		str	r3, [r4, #16]
 957:Middlewares/Third_Party/FreeRTOS/Source/CMSIS_RTOS/cmsis_os.c ****       break;
 1760              		.loc 1 957 7 is_stmt 1 view .LVU430
 1761 0054 00E0     		b	.L120
 1762              	.LVL134:
 1763              	.L125:
 939:Middlewares/Third_Party/FreeRTOS/Source/CMSIS_RTOS/cmsis_os.c ****   uint32_t i;
 1764              		.loc 1 939 9 is_stmt 0 view .LVU431
 1765 0056 0026     		movs	r6, #0
 1766              	.LVL135:
 1767              	.L120:
 958:Middlewares/Third_Party/FreeRTOS/Source/CMSIS_RTOS/cmsis_os.c ****     }
 959:Middlewares/Third_Party/FreeRTOS/Source/CMSIS_RTOS/cmsis_os.c ****   }
 960:Middlewares/Third_Party/FreeRTOS/Source/CMSIS_RTOS/cmsis_os.c ****   
 961:Middlewares/Third_Party/FreeRTOS/Source/CMSIS_RTOS/cmsis_os.c ****   if (inHandlerMode()) {
 1768              		.loc 1 961 3 is_stmt 1 view .LVU432
 1769              		.loc 1 961 7 is_stmt 0 view .LVU433
 1770 0058 FFF7FEFF 		bl	inHandlerMode
 1771              	.LVL136:
 1772              		.loc 1 961 6 discriminator 1 view .LVU434
 1773 005c 18B1     		cbz	r0, .L122
 962:Middlewares/Third_Party/FreeRTOS/Source/CMSIS_RTOS/cmsis_os.c ****     portCLEAR_INTERRUPT_MASK_FROM_ISR(dummy);
ARM GAS  D:\TMP\ccghNG8s.s 			page 57


 1774              		.loc 1 962 5 is_stmt 1 view .LVU435
 1775              	.LVL137:
 1776              	.LBB12:
 1777              	.LBI12:
 226:Middlewares/Third_Party/FreeRTOS/Source/portable/GCC/ARM_CM3/portmacro.h **** }
 227:Middlewares/Third_Party/FreeRTOS/Source/portable/GCC/ARM_CM3/portmacro.h **** /*-----------------------------------------------------------*/
 228:Middlewares/Third_Party/FreeRTOS/Source/portable/GCC/ARM_CM3/portmacro.h **** 
 229:Middlewares/Third_Party/FreeRTOS/Source/portable/GCC/ARM_CM3/portmacro.h **** portFORCE_INLINE static void vPortSetBASEPRI( uint32_t ulNewMaskValue )
 1778              		.loc 3 229 30 view .LVU436
 1779              	.LBB13:
 230:Middlewares/Third_Party/FreeRTOS/Source/portable/GCC/ARM_CM3/portmacro.h **** {
 231:Middlewares/Third_Party/FreeRTOS/Source/portable/GCC/ARM_CM3/portmacro.h **** 	__asm volatile
 1780              		.loc 3 231 2 view .LVU437
 1781              		.syntax unified
 1782              	@ 231 "Middlewares/Third_Party/FreeRTOS/Source/portable/GCC/ARM_CM3/portmacro.h" 1
 1783 005e 85F31188 			msr basepri, r5	
 1784              	@ 0 "" 2
 1785              	.LVL138:
 1786              		.thumb
 1787              		.syntax unified
 1788              	.L115:
 1789              		.loc 3 231 2 is_stmt 0 view .LVU438
 1790              	.LBE13:
 1791              	.LBE12:
 963:Middlewares/Third_Party/FreeRTOS/Source/CMSIS_RTOS/cmsis_os.c ****   }
 964:Middlewares/Third_Party/FreeRTOS/Source/CMSIS_RTOS/cmsis_os.c ****   else {
 965:Middlewares/Third_Party/FreeRTOS/Source/CMSIS_RTOS/cmsis_os.c ****     vPortExitCritical();
 966:Middlewares/Third_Party/FreeRTOS/Source/CMSIS_RTOS/cmsis_os.c ****   }
 967:Middlewares/Third_Party/FreeRTOS/Source/CMSIS_RTOS/cmsis_os.c ****   
 968:Middlewares/Third_Party/FreeRTOS/Source/CMSIS_RTOS/cmsis_os.c ****   return p;
 969:Middlewares/Third_Party/FreeRTOS/Source/CMSIS_RTOS/cmsis_os.c **** }
 1792              		.loc 1 969 1 view .LVU439
 1793 0062 3046     		mov	r0, r6
 1794 0064 70BD     		pop	{r4, r5, r6, pc}
 1795              	.LVL139:
 1796              	.L122:
 965:Middlewares/Third_Party/FreeRTOS/Source/CMSIS_RTOS/cmsis_os.c ****   }
 1797              		.loc 1 965 5 is_stmt 1 view .LVU440
 1798 0066 FFF7FEFF 		bl	vPortExitCritical
 1799              	.LVL140:
 968:Middlewares/Third_Party/FreeRTOS/Source/CMSIS_RTOS/cmsis_os.c **** }
 1800              		.loc 1 968 3 view .LVU441
 968:Middlewares/Third_Party/FreeRTOS/Source/CMSIS_RTOS/cmsis_os.c **** }
 1801              		.loc 1 968 10 is_stmt 0 view .LVU442
 1802 006a FAE7     		b	.L115
 1803              		.cfi_endproc
 1804              	.LFE77:
 1806              		.section	.text.osPoolCAlloc,"ax",%progbits
 1807              		.align	1
 1808              		.global	osPoolCAlloc
 1809              		.syntax unified
 1810              		.thumb
 1811              		.thumb_func
 1813              	osPoolCAlloc:
 1814              	.LVL141:
 1815              	.LFB78:
 970:Middlewares/Third_Party/FreeRTOS/Source/CMSIS_RTOS/cmsis_os.c **** 
ARM GAS  D:\TMP\ccghNG8s.s 			page 58


 971:Middlewares/Third_Party/FreeRTOS/Source/CMSIS_RTOS/cmsis_os.c **** /**
 972:Middlewares/Third_Party/FreeRTOS/Source/CMSIS_RTOS/cmsis_os.c **** * @brief Allocate a memory block from a memory pool and set memory block to zero
 973:Middlewares/Third_Party/FreeRTOS/Source/CMSIS_RTOS/cmsis_os.c **** * @param  pool_id       memory pool ID obtain referenced with \ref osPoolCreate.
 974:Middlewares/Third_Party/FreeRTOS/Source/CMSIS_RTOS/cmsis_os.c **** * @retval  address of the allocated memory block or NULL in case of no memory available.
 975:Middlewares/Third_Party/FreeRTOS/Source/CMSIS_RTOS/cmsis_os.c **** * @note   MUST REMAIN UNCHANGED: \b osPoolCAlloc shall be consistent in every CMSIS-RTOS.
 976:Middlewares/Third_Party/FreeRTOS/Source/CMSIS_RTOS/cmsis_os.c **** */
 977:Middlewares/Third_Party/FreeRTOS/Source/CMSIS_RTOS/cmsis_os.c **** void *osPoolCAlloc (osPoolId pool_id)
 978:Middlewares/Third_Party/FreeRTOS/Source/CMSIS_RTOS/cmsis_os.c **** {
 1816              		.loc 1 978 1 is_stmt 1 view -0
 1817              		.cfi_startproc
 1818              		@ args = 0, pretend = 0, frame = 0
 1819              		@ frame_needed = 0, uses_anonymous_args = 0
 1820              		.loc 1 978 1 is_stmt 0 view .LVU444
 1821 0000 08B5     		push	{r3, lr}
 1822              	.LCFI42:
 1823              		.cfi_def_cfa_offset 8
 1824              		.cfi_offset 3, -8
 1825              		.cfi_offset 14, -4
 979:Middlewares/Third_Party/FreeRTOS/Source/CMSIS_RTOS/cmsis_os.c ****   void *p = osPoolAlloc(pool_id);
 1826              		.loc 1 979 3 is_stmt 1 view .LVU445
 1827              		.loc 1 979 13 is_stmt 0 view .LVU446
 1828 0002 FFF7FEFF 		bl	osPoolAlloc
 1829              	.LVL142:
 980:Middlewares/Third_Party/FreeRTOS/Source/CMSIS_RTOS/cmsis_os.c ****   
 981:Middlewares/Third_Party/FreeRTOS/Source/CMSIS_RTOS/cmsis_os.c ****   if (p != NULL)
 1830              		.loc 1 981 3 is_stmt 1 view .LVU447
 1831              		.loc 1 981 6 is_stmt 0 view .LVU448
 1832 0006 08B1     		cbz	r0, .L126
 982:Middlewares/Third_Party/FreeRTOS/Source/CMSIS_RTOS/cmsis_os.c ****   {
 983:Middlewares/Third_Party/FreeRTOS/Source/CMSIS_RTOS/cmsis_os.c ****     memset(p, 0, sizeof(pool_id->pool_sz));
 1833              		.loc 1 983 5 is_stmt 1 view .LVU449
 1834 0008 0023     		movs	r3, #0
 1835 000a 0360     		str	r3, [r0]	@ unaligned
 984:Middlewares/Third_Party/FreeRTOS/Source/CMSIS_RTOS/cmsis_os.c ****   }
 985:Middlewares/Third_Party/FreeRTOS/Source/CMSIS_RTOS/cmsis_os.c ****   
 986:Middlewares/Third_Party/FreeRTOS/Source/CMSIS_RTOS/cmsis_os.c ****   return p;
 1836              		.loc 1 986 3 view .LVU450
 1837              	.L126:
 987:Middlewares/Third_Party/FreeRTOS/Source/CMSIS_RTOS/cmsis_os.c **** }
 1838              		.loc 1 987 1 is_stmt 0 view .LVU451
 1839 000c 08BD     		pop	{r3, pc}
 1840              		.cfi_endproc
 1841              	.LFE78:
 1843              		.section	.text.osPoolFree,"ax",%progbits
 1844              		.align	1
 1845              		.global	osPoolFree
 1846              		.syntax unified
 1847              		.thumb
 1848              		.thumb_func
 1850              	osPoolFree:
 1851              	.LVL143:
 1852              	.LFB79:
 988:Middlewares/Third_Party/FreeRTOS/Source/CMSIS_RTOS/cmsis_os.c **** 
 989:Middlewares/Third_Party/FreeRTOS/Source/CMSIS_RTOS/cmsis_os.c **** /**
 990:Middlewares/Third_Party/FreeRTOS/Source/CMSIS_RTOS/cmsis_os.c **** * @brief Return an allocated memory block back to a specific memory pool
 991:Middlewares/Third_Party/FreeRTOS/Source/CMSIS_RTOS/cmsis_os.c **** * @param  pool_id       memory pool ID obtain referenced with \ref osPoolCreate.
 992:Middlewares/Third_Party/FreeRTOS/Source/CMSIS_RTOS/cmsis_os.c **** * @param  block         address of the allocated memory block that is returned to the memory pool.
ARM GAS  D:\TMP\ccghNG8s.s 			page 59


 993:Middlewares/Third_Party/FreeRTOS/Source/CMSIS_RTOS/cmsis_os.c **** * @retval  status code that indicates the execution status of the function.
 994:Middlewares/Third_Party/FreeRTOS/Source/CMSIS_RTOS/cmsis_os.c **** * @note   MUST REMAIN UNCHANGED: \b osPoolFree shall be consistent in every CMSIS-RTOS.
 995:Middlewares/Third_Party/FreeRTOS/Source/CMSIS_RTOS/cmsis_os.c **** */
 996:Middlewares/Third_Party/FreeRTOS/Source/CMSIS_RTOS/cmsis_os.c **** osStatus osPoolFree (osPoolId pool_id, void *block)
 997:Middlewares/Third_Party/FreeRTOS/Source/CMSIS_RTOS/cmsis_os.c **** {
 1853              		.loc 1 997 1 is_stmt 1 view -0
 1854              		.cfi_startproc
 1855              		@ args = 0, pretend = 0, frame = 0
 1856              		@ frame_needed = 0, uses_anonymous_args = 0
 1857              		@ link register save eliminated.
 998:Middlewares/Third_Party/FreeRTOS/Source/CMSIS_RTOS/cmsis_os.c ****   uint32_t index;
 1858              		.loc 1 998 3 view .LVU453
 999:Middlewares/Third_Party/FreeRTOS/Source/CMSIS_RTOS/cmsis_os.c ****   
1000:Middlewares/Third_Party/FreeRTOS/Source/CMSIS_RTOS/cmsis_os.c ****   if (pool_id == NULL) {
 1859              		.loc 1 1000 3 view .LVU454
 1860              		.loc 1 1000 6 is_stmt 0 view .LVU455
 1861 0000 0346     		mov	r3, r0
 1862 0002 98B1     		cbz	r0, .L131
1001:Middlewares/Third_Party/FreeRTOS/Source/CMSIS_RTOS/cmsis_os.c ****     return osErrorParameter;
1002:Middlewares/Third_Party/FreeRTOS/Source/CMSIS_RTOS/cmsis_os.c ****   }
1003:Middlewares/Third_Party/FreeRTOS/Source/CMSIS_RTOS/cmsis_os.c ****   
1004:Middlewares/Third_Party/FreeRTOS/Source/CMSIS_RTOS/cmsis_os.c ****   if (block == NULL) {
 1863              		.loc 1 1004 3 is_stmt 1 view .LVU456
 1864              		.loc 1 1004 6 is_stmt 0 view .LVU457
 1865 0004 A1B1     		cbz	r1, .L132
1005:Middlewares/Third_Party/FreeRTOS/Source/CMSIS_RTOS/cmsis_os.c ****     return osErrorParameter;
1006:Middlewares/Third_Party/FreeRTOS/Source/CMSIS_RTOS/cmsis_os.c ****   }
1007:Middlewares/Third_Party/FreeRTOS/Source/CMSIS_RTOS/cmsis_os.c ****   
1008:Middlewares/Third_Party/FreeRTOS/Source/CMSIS_RTOS/cmsis_os.c ****   if (block < pool_id->pool) {
 1866              		.loc 1 1008 3 is_stmt 1 view .LVU458
 1867              		.loc 1 1008 22 is_stmt 0 view .LVU459
 1868 0006 0268     		ldr	r2, [r0]
 1869              		.loc 1 1008 6 view .LVU460
 1870 0008 8A42     		cmp	r2, r1
 1871 000a 13D8     		bhi	.L133
1009:Middlewares/Third_Party/FreeRTOS/Source/CMSIS_RTOS/cmsis_os.c ****     return osErrorParameter;
1010:Middlewares/Third_Party/FreeRTOS/Source/CMSIS_RTOS/cmsis_os.c ****   }
1011:Middlewares/Third_Party/FreeRTOS/Source/CMSIS_RTOS/cmsis_os.c ****   
1012:Middlewares/Third_Party/FreeRTOS/Source/CMSIS_RTOS/cmsis_os.c ****   index = (uint32_t)block - (uint32_t)(pool_id->pool);
 1872              		.loc 1 1012 3 is_stmt 1 view .LVU461
 1873              		.loc 1 1012 9 is_stmt 0 view .LVU462
 1874 000c 891A     		subs	r1, r1, r2
 1875              	.LVL144:
1013:Middlewares/Third_Party/FreeRTOS/Source/CMSIS_RTOS/cmsis_os.c ****   if (index % pool_id->item_sz) {
 1876              		.loc 1 1013 3 is_stmt 1 view .LVU463
 1877              		.loc 1 1013 22 is_stmt 0 view .LVU464
 1878 000e C268     		ldr	r2, [r0, #12]
 1879              		.loc 1 1013 13 view .LVU465
 1880 0010 B1FBF2F0 		udiv	r0, r1, r2
 1881              	.LVL145:
 1882              		.loc 1 1013 13 view .LVU466
 1883 0014 02FB1010 		mls	r0, r2, r0, r1
 1884              		.loc 1 1013 6 view .LVU467
 1885 0018 70B9     		cbnz	r0, .L134
1014:Middlewares/Third_Party/FreeRTOS/Source/CMSIS_RTOS/cmsis_os.c ****     return osErrorParameter;
1015:Middlewares/Third_Party/FreeRTOS/Source/CMSIS_RTOS/cmsis_os.c ****   }
1016:Middlewares/Third_Party/FreeRTOS/Source/CMSIS_RTOS/cmsis_os.c ****   index = index / pool_id->item_sz;
ARM GAS  D:\TMP\ccghNG8s.s 			page 60


 1886              		.loc 1 1016 3 is_stmt 1 view .LVU468
 1887              		.loc 1 1016 9 is_stmt 0 view .LVU469
 1888 001a B1FBF2F1 		udiv	r1, r1, r2
 1889              	.LVL146:
1017:Middlewares/Third_Party/FreeRTOS/Source/CMSIS_RTOS/cmsis_os.c ****   if (index >= pool_id->pool_sz) {
 1890              		.loc 1 1017 3 is_stmt 1 view .LVU470
 1891              		.loc 1 1017 23 is_stmt 0 view .LVU471
 1892 001e 9A68     		ldr	r2, [r3, #8]
 1893              		.loc 1 1017 6 view .LVU472
 1894 0020 8A42     		cmp	r2, r1
 1895 0022 0BD9     		bls	.L135
1018:Middlewares/Third_Party/FreeRTOS/Source/CMSIS_RTOS/cmsis_os.c ****     return osErrorParameter;
1019:Middlewares/Third_Party/FreeRTOS/Source/CMSIS_RTOS/cmsis_os.c ****   }
1020:Middlewares/Third_Party/FreeRTOS/Source/CMSIS_RTOS/cmsis_os.c ****   
1021:Middlewares/Third_Party/FreeRTOS/Source/CMSIS_RTOS/cmsis_os.c ****   pool_id->markers[index] = 0;
 1896              		.loc 1 1021 3 is_stmt 1 view .LVU473
 1897              		.loc 1 1021 10 is_stmt 0 view .LVU474
 1898 0024 5B68     		ldr	r3, [r3, #4]
 1899              	.LVL147:
 1900              		.loc 1 1021 27 view .LVU475
 1901 0026 0022     		movs	r2, #0
 1902 0028 5A54     		strb	r2, [r3, r1]
1022:Middlewares/Third_Party/FreeRTOS/Source/CMSIS_RTOS/cmsis_os.c ****   
1023:Middlewares/Third_Party/FreeRTOS/Source/CMSIS_RTOS/cmsis_os.c ****   return osOK;
 1903              		.loc 1 1023 3 is_stmt 1 view .LVU476
 1904              		.loc 1 1023 10 is_stmt 0 view .LVU477
 1905 002a 7047     		bx	lr
 1906              	.LVL148:
 1907              	.L131:
1001:Middlewares/Third_Party/FreeRTOS/Source/CMSIS_RTOS/cmsis_os.c ****   }
 1908              		.loc 1 1001 12 view .LVU478
 1909 002c 8020     		movs	r0, #128
 1910              	.LVL149:
1001:Middlewares/Third_Party/FreeRTOS/Source/CMSIS_RTOS/cmsis_os.c ****   }
 1911              		.loc 1 1001 12 view .LVU479
 1912 002e 7047     		bx	lr
 1913              	.LVL150:
 1914              	.L132:
1005:Middlewares/Third_Party/FreeRTOS/Source/CMSIS_RTOS/cmsis_os.c ****   }
 1915              		.loc 1 1005 12 view .LVU480
 1916 0030 8020     		movs	r0, #128
 1917              	.LVL151:
1005:Middlewares/Third_Party/FreeRTOS/Source/CMSIS_RTOS/cmsis_os.c ****   }
 1918              		.loc 1 1005 12 view .LVU481
 1919 0032 7047     		bx	lr
 1920              	.LVL152:
 1921              	.L133:
1009:Middlewares/Third_Party/FreeRTOS/Source/CMSIS_RTOS/cmsis_os.c ****   }
 1922              		.loc 1 1009 12 view .LVU482
 1923 0034 8020     		movs	r0, #128
 1924              	.LVL153:
1009:Middlewares/Third_Party/FreeRTOS/Source/CMSIS_RTOS/cmsis_os.c ****   }
 1925              		.loc 1 1009 12 view .LVU483
 1926 0036 7047     		bx	lr
 1927              	.LVL154:
 1928              	.L134:
1014:Middlewares/Third_Party/FreeRTOS/Source/CMSIS_RTOS/cmsis_os.c ****   }
ARM GAS  D:\TMP\ccghNG8s.s 			page 61


 1929              		.loc 1 1014 12 view .LVU484
 1930 0038 8020     		movs	r0, #128
 1931 003a 7047     		bx	lr
 1932              	.L135:
1018:Middlewares/Third_Party/FreeRTOS/Source/CMSIS_RTOS/cmsis_os.c ****   }
 1933              		.loc 1 1018 12 view .LVU485
 1934 003c 8020     		movs	r0, #128
1024:Middlewares/Third_Party/FreeRTOS/Source/CMSIS_RTOS/cmsis_os.c **** }
 1935              		.loc 1 1024 1 view .LVU486
 1936 003e 7047     		bx	lr
 1937              		.cfi_endproc
 1938              	.LFE79:
 1940              		.section	.text.osMessageCreate,"ax",%progbits
 1941              		.align	1
 1942              		.global	osMessageCreate
 1943              		.syntax unified
 1944              		.thumb
 1945              		.thumb_func
 1947              	osMessageCreate:
 1948              	.LVL155:
 1949              	.LFB80:
1025:Middlewares/Third_Party/FreeRTOS/Source/CMSIS_RTOS/cmsis_os.c **** 
1026:Middlewares/Third_Party/FreeRTOS/Source/CMSIS_RTOS/cmsis_os.c **** 
1027:Middlewares/Third_Party/FreeRTOS/Source/CMSIS_RTOS/cmsis_os.c **** #endif   /* Use Memory Pool Management */
1028:Middlewares/Third_Party/FreeRTOS/Source/CMSIS_RTOS/cmsis_os.c **** 
1029:Middlewares/Third_Party/FreeRTOS/Source/CMSIS_RTOS/cmsis_os.c **** /*******************   Message Queue Management Functions  *********************/
1030:Middlewares/Third_Party/FreeRTOS/Source/CMSIS_RTOS/cmsis_os.c **** 
1031:Middlewares/Third_Party/FreeRTOS/Source/CMSIS_RTOS/cmsis_os.c **** #if (defined (osFeature_MessageQ)  &&  (osFeature_MessageQ != 0)) /* Use Message Queues */
1032:Middlewares/Third_Party/FreeRTOS/Source/CMSIS_RTOS/cmsis_os.c **** 
1033:Middlewares/Third_Party/FreeRTOS/Source/CMSIS_RTOS/cmsis_os.c **** /**
1034:Middlewares/Third_Party/FreeRTOS/Source/CMSIS_RTOS/cmsis_os.c **** * @brief Create and Initialize a Message Queue
1035:Middlewares/Third_Party/FreeRTOS/Source/CMSIS_RTOS/cmsis_os.c **** * @param queue_def     queue definition referenced with \ref osMessageQ.
1036:Middlewares/Third_Party/FreeRTOS/Source/CMSIS_RTOS/cmsis_os.c **** * @param  thread_id     thread ID (obtained by \ref osThreadCreate or \ref osThreadGetId) or NULL.
1037:Middlewares/Third_Party/FreeRTOS/Source/CMSIS_RTOS/cmsis_os.c **** * @retval  message queue ID for reference by other functions or NULL in case of error.
1038:Middlewares/Third_Party/FreeRTOS/Source/CMSIS_RTOS/cmsis_os.c **** * @note   MUST REMAIN UNCHANGED: \b osMessageCreate shall be consistent in every CMSIS-RTOS.
1039:Middlewares/Third_Party/FreeRTOS/Source/CMSIS_RTOS/cmsis_os.c **** */
1040:Middlewares/Third_Party/FreeRTOS/Source/CMSIS_RTOS/cmsis_os.c **** osMessageQId osMessageCreate (const osMessageQDef_t *queue_def, osThreadId thread_id)
1041:Middlewares/Third_Party/FreeRTOS/Source/CMSIS_RTOS/cmsis_os.c **** {
 1950              		.loc 1 1041 1 is_stmt 1 view -0
 1951              		.cfi_startproc
 1952              		@ args = 0, pretend = 0, frame = 0
 1953              		@ frame_needed = 0, uses_anonymous_args = 0
 1954              		.loc 1 1041 1 is_stmt 0 view .LVU488
 1955 0000 08B5     		push	{r3, lr}
 1956              	.LCFI43:
 1957              		.cfi_def_cfa_offset 8
 1958              		.cfi_offset 3, -8
 1959              		.cfi_offset 14, -4
1042:Middlewares/Third_Party/FreeRTOS/Source/CMSIS_RTOS/cmsis_os.c ****   (void) thread_id;
 1960              		.loc 1 1042 3 is_stmt 1 view .LVU489
1043:Middlewares/Third_Party/FreeRTOS/Source/CMSIS_RTOS/cmsis_os.c ****   
1044:Middlewares/Third_Party/FreeRTOS/Source/CMSIS_RTOS/cmsis_os.c **** #if( configSUPPORT_STATIC_ALLOCATION == 1 ) && ( configSUPPORT_DYNAMIC_ALLOCATION == 1 )
1045:Middlewares/Third_Party/FreeRTOS/Source/CMSIS_RTOS/cmsis_os.c **** 
1046:Middlewares/Third_Party/FreeRTOS/Source/CMSIS_RTOS/cmsis_os.c ****   if ((queue_def->buffer != NULL) && (queue_def->controlblock != NULL)) {
1047:Middlewares/Third_Party/FreeRTOS/Source/CMSIS_RTOS/cmsis_os.c ****     return xQueueCreateStatic(queue_def->queue_sz, queue_def->item_sz, queue_def->buffer, queue_def
1048:Middlewares/Third_Party/FreeRTOS/Source/CMSIS_RTOS/cmsis_os.c ****   }
1049:Middlewares/Third_Party/FreeRTOS/Source/CMSIS_RTOS/cmsis_os.c ****   else {
ARM GAS  D:\TMP\ccghNG8s.s 			page 62


1050:Middlewares/Third_Party/FreeRTOS/Source/CMSIS_RTOS/cmsis_os.c ****     return xQueueCreate(queue_def->queue_sz, queue_def->item_sz);
1051:Middlewares/Third_Party/FreeRTOS/Source/CMSIS_RTOS/cmsis_os.c ****   }
1052:Middlewares/Third_Party/FreeRTOS/Source/CMSIS_RTOS/cmsis_os.c **** #elif ( configSUPPORT_STATIC_ALLOCATION == 1 )
1053:Middlewares/Third_Party/FreeRTOS/Source/CMSIS_RTOS/cmsis_os.c ****   return xQueueCreateStatic(queue_def->queue_sz, queue_def->item_sz, queue_def->buffer, queue_def->
1054:Middlewares/Third_Party/FreeRTOS/Source/CMSIS_RTOS/cmsis_os.c **** #else  
1055:Middlewares/Third_Party/FreeRTOS/Source/CMSIS_RTOS/cmsis_os.c ****   return xQueueCreate(queue_def->queue_sz, queue_def->item_sz);
 1961              		.loc 1 1055 3 view .LVU490
 1962              		.loc 1 1055 10 is_stmt 0 view .LVU491
 1963 0002 0022     		movs	r2, #0
 1964 0004 4168     		ldr	r1, [r0, #4]
 1965              	.LVL156:
 1966              		.loc 1 1055 10 view .LVU492
 1967 0006 0068     		ldr	r0, [r0]
 1968              	.LVL157:
 1969              		.loc 1 1055 10 view .LVU493
 1970 0008 FFF7FEFF 		bl	xQueueGenericCreate
 1971              	.LVL158:
1056:Middlewares/Third_Party/FreeRTOS/Source/CMSIS_RTOS/cmsis_os.c **** #endif
1057:Middlewares/Third_Party/FreeRTOS/Source/CMSIS_RTOS/cmsis_os.c **** }
 1972              		.loc 1 1057 1 view .LVU494
 1973 000c 08BD     		pop	{r3, pc}
 1974              		.cfi_endproc
 1975              	.LFE80:
 1977              		.section	.text.osMessagePut,"ax",%progbits
 1978              		.align	1
 1979              		.global	osMessagePut
 1980              		.syntax unified
 1981              		.thumb
 1982              		.thumb_func
 1984              	osMessagePut:
 1985              	.LVL159:
 1986              	.LFB81:
1058:Middlewares/Third_Party/FreeRTOS/Source/CMSIS_RTOS/cmsis_os.c **** 
1059:Middlewares/Third_Party/FreeRTOS/Source/CMSIS_RTOS/cmsis_os.c **** /**
1060:Middlewares/Third_Party/FreeRTOS/Source/CMSIS_RTOS/cmsis_os.c **** * @brief Put a Message to a Queue.
1061:Middlewares/Third_Party/FreeRTOS/Source/CMSIS_RTOS/cmsis_os.c **** * @param  queue_id  message queue ID obtained with \ref osMessageCreate.
1062:Middlewares/Third_Party/FreeRTOS/Source/CMSIS_RTOS/cmsis_os.c **** * @param  info      message information.
1063:Middlewares/Third_Party/FreeRTOS/Source/CMSIS_RTOS/cmsis_os.c **** * @param  millisec  timeout value or 0 in case of no time-out.
1064:Middlewares/Third_Party/FreeRTOS/Source/CMSIS_RTOS/cmsis_os.c **** * @retval status code that indicates the execution status of the function.
1065:Middlewares/Third_Party/FreeRTOS/Source/CMSIS_RTOS/cmsis_os.c **** * @note   MUST REMAIN UNCHANGED: \b osMessagePut shall be consistent in every CMSIS-RTOS.
1066:Middlewares/Third_Party/FreeRTOS/Source/CMSIS_RTOS/cmsis_os.c **** */
1067:Middlewares/Third_Party/FreeRTOS/Source/CMSIS_RTOS/cmsis_os.c **** osStatus osMessagePut (osMessageQId queue_id, uint32_t info, uint32_t millisec)
1068:Middlewares/Third_Party/FreeRTOS/Source/CMSIS_RTOS/cmsis_os.c **** {
 1987              		.loc 1 1068 1 is_stmt 1 view -0
 1988              		.cfi_startproc
 1989              		@ args = 0, pretend = 0, frame = 16
 1990              		@ frame_needed = 0, uses_anonymous_args = 0
 1991              		.loc 1 1068 1 is_stmt 0 view .LVU496
 1992 0000 30B5     		push	{r4, r5, lr}
 1993              	.LCFI44:
 1994              		.cfi_def_cfa_offset 12
 1995              		.cfi_offset 4, -12
 1996              		.cfi_offset 5, -8
 1997              		.cfi_offset 14, -4
 1998 0002 85B0     		sub	sp, sp, #20
 1999              	.LCFI45:
 2000              		.cfi_def_cfa_offset 32
ARM GAS  D:\TMP\ccghNG8s.s 			page 63


 2001 0004 0446     		mov	r4, r0
 2002 0006 0191     		str	r1, [sp, #4]
1069:Middlewares/Third_Party/FreeRTOS/Source/CMSIS_RTOS/cmsis_os.c ****   portBASE_TYPE taskWoken = pdFALSE;
 2003              		.loc 1 1069 3 is_stmt 1 view .LVU497
 2004              		.loc 1 1069 17 is_stmt 0 view .LVU498
 2005 0008 0023     		movs	r3, #0
 2006 000a 0393     		str	r3, [sp, #12]
1070:Middlewares/Third_Party/FreeRTOS/Source/CMSIS_RTOS/cmsis_os.c ****   TickType_t ticks;
 2007              		.loc 1 1070 3 is_stmt 1 view .LVU499
1071:Middlewares/Third_Party/FreeRTOS/Source/CMSIS_RTOS/cmsis_os.c ****   
1072:Middlewares/Third_Party/FreeRTOS/Source/CMSIS_RTOS/cmsis_os.c ****   ticks = millisec / portTICK_PERIOD_MS;
 2008              		.loc 1 1072 3 view .LVU500
 2009              	.LVL160:
1073:Middlewares/Third_Party/FreeRTOS/Source/CMSIS_RTOS/cmsis_os.c ****   if (ticks == 0) {
 2010              		.loc 1 1073 3 view .LVU501
 2011              		.loc 1 1073 6 is_stmt 0 view .LVU502
 2012 000c 1546     		mov	r5, r2
 2013 000e 02B9     		cbnz	r2, .L139
1074:Middlewares/Third_Party/FreeRTOS/Source/CMSIS_RTOS/cmsis_os.c ****     ticks = 1;
 2014              		.loc 1 1074 11 view .LVU503
 2015 0010 0125     		movs	r5, #1
 2016              	.L139:
 2017              	.LVL161:
1075:Middlewares/Third_Party/FreeRTOS/Source/CMSIS_RTOS/cmsis_os.c ****   }
1076:Middlewares/Third_Party/FreeRTOS/Source/CMSIS_RTOS/cmsis_os.c ****   
1077:Middlewares/Third_Party/FreeRTOS/Source/CMSIS_RTOS/cmsis_os.c ****   if (inHandlerMode()) {
 2018              		.loc 1 1077 3 is_stmt 1 view .LVU504
 2019              		.loc 1 1077 7 is_stmt 0 view .LVU505
 2020 0012 FFF7FEFF 		bl	inHandlerMode
 2021              	.LVL162:
 2022              		.loc 1 1077 6 discriminator 1 view .LVU506
 2023 0016 A8B1     		cbz	r0, .L140
1078:Middlewares/Third_Party/FreeRTOS/Source/CMSIS_RTOS/cmsis_os.c ****     if (xQueueSendFromISR(queue_id, &info, &taskWoken) != pdTRUE) {
 2024              		.loc 1 1078 5 is_stmt 1 view .LVU507
 2025              		.loc 1 1078 9 is_stmt 0 view .LVU508
 2026 0018 0023     		movs	r3, #0
 2027 001a 03AA     		add	r2, sp, #12
 2028 001c 01A9     		add	r1, sp, #4
 2029 001e 2046     		mov	r0, r4
 2030 0020 FFF7FEFF 		bl	xQueueGenericSendFromISR
 2031              	.LVL163:
 2032              		.loc 1 1078 8 discriminator 1 view .LVU509
 2033 0024 0128     		cmp	r0, #1
 2034 0026 18D1     		bne	.L143
1079:Middlewares/Third_Party/FreeRTOS/Source/CMSIS_RTOS/cmsis_os.c ****       return osErrorOS;
1080:Middlewares/Third_Party/FreeRTOS/Source/CMSIS_RTOS/cmsis_os.c ****     }
1081:Middlewares/Third_Party/FreeRTOS/Source/CMSIS_RTOS/cmsis_os.c ****     portEND_SWITCHING_ISR(taskWoken);
 2035              		.loc 1 1081 5 is_stmt 1 view .LVU510
 2036 0028 039B     		ldr	r3, [sp, #12]
 2037 002a C3B1     		cbz	r3, .L144
 2038              		.loc 1 1081 5 discriminator 1 view .LVU511
 2039 002c 4FF0E023 		mov	r3, #-536813568
 2040 0030 4FF08052 		mov	r2, #268435456
 2041 0034 C3F8042D 		str	r2, [r3, #3332]
 2042              		.loc 1 1081 5 discriminator 1 view .LVU512
 2043              		.syntax unified
 2044              	@ 1081 "Middlewares/Third_Party/FreeRTOS/Source/CMSIS_RTOS/cmsis_os.c" 1
ARM GAS  D:\TMP\ccghNG8s.s 			page 64


 2045 0038 BFF34F8F 		dsb
 2046              	@ 0 "" 2
 2047              		.loc 1 1081 5 discriminator 1 view .LVU513
 2048              	@ 1081 "Middlewares/Third_Party/FreeRTOS/Source/CMSIS_RTOS/cmsis_os.c" 1
 2049 003c BFF36F8F 		isb
 2050              	@ 0 "" 2
1082:Middlewares/Third_Party/FreeRTOS/Source/CMSIS_RTOS/cmsis_os.c ****   }
1083:Middlewares/Third_Party/FreeRTOS/Source/CMSIS_RTOS/cmsis_os.c ****   else {
1084:Middlewares/Third_Party/FreeRTOS/Source/CMSIS_RTOS/cmsis_os.c ****     if (xQueueSend(queue_id, &info, ticks) != pdTRUE) {
1085:Middlewares/Third_Party/FreeRTOS/Source/CMSIS_RTOS/cmsis_os.c ****       return osErrorOS;
1086:Middlewares/Third_Party/FreeRTOS/Source/CMSIS_RTOS/cmsis_os.c ****     }
1087:Middlewares/Third_Party/FreeRTOS/Source/CMSIS_RTOS/cmsis_os.c ****   }
1088:Middlewares/Third_Party/FreeRTOS/Source/CMSIS_RTOS/cmsis_os.c ****   
1089:Middlewares/Third_Party/FreeRTOS/Source/CMSIS_RTOS/cmsis_os.c ****   return osOK;
 2051              		.loc 1 1089 10 is_stmt 0 view .LVU514
 2052              		.thumb
 2053              		.syntax unified
 2054 0040 0020     		movs	r0, #0
 2055 0042 08E0     		b	.L138
 2056              	.L140:
1084:Middlewares/Third_Party/FreeRTOS/Source/CMSIS_RTOS/cmsis_os.c ****       return osErrorOS;
 2057              		.loc 1 1084 5 is_stmt 1 view .LVU515
1084:Middlewares/Third_Party/FreeRTOS/Source/CMSIS_RTOS/cmsis_os.c ****       return osErrorOS;
 2058              		.loc 1 1084 9 is_stmt 0 view .LVU516
 2059 0044 0023     		movs	r3, #0
 2060 0046 2A46     		mov	r2, r5
 2061 0048 01A9     		add	r1, sp, #4
 2062 004a 2046     		mov	r0, r4
 2063 004c FFF7FEFF 		bl	xQueueGenericSend
 2064              	.LVL164:
1084:Middlewares/Third_Party/FreeRTOS/Source/CMSIS_RTOS/cmsis_os.c ****       return osErrorOS;
 2065              		.loc 1 1084 8 discriminator 1 view .LVU517
 2066 0050 0128     		cmp	r0, #1
 2067 0052 06D1     		bne	.L145
 2068              		.loc 1 1089 10 view .LVU518
 2069 0054 0020     		movs	r0, #0
 2070              	.L138:
1090:Middlewares/Third_Party/FreeRTOS/Source/CMSIS_RTOS/cmsis_os.c **** }
 2071              		.loc 1 1090 1 view .LVU519
 2072 0056 05B0     		add	sp, sp, #20
 2073              	.LCFI46:
 2074              		.cfi_remember_state
 2075              		.cfi_def_cfa_offset 12
 2076              		@ sp needed
 2077 0058 30BD     		pop	{r4, r5, pc}
 2078              	.LVL165:
 2079              	.L143:
 2080              	.LCFI47:
 2081              		.cfi_restore_state
1079:Middlewares/Third_Party/FreeRTOS/Source/CMSIS_RTOS/cmsis_os.c ****     }
 2082              		.loc 1 1079 14 view .LVU520
 2083 005a FF20     		movs	r0, #255
 2084 005c FBE7     		b	.L138
 2085              	.L144:
1089:Middlewares/Third_Party/FreeRTOS/Source/CMSIS_RTOS/cmsis_os.c **** }
 2086              		.loc 1 1089 10 view .LVU521
 2087 005e 0020     		movs	r0, #0
ARM GAS  D:\TMP\ccghNG8s.s 			page 65


 2088 0060 F9E7     		b	.L138
 2089              	.L145:
1085:Middlewares/Third_Party/FreeRTOS/Source/CMSIS_RTOS/cmsis_os.c ****     }
 2090              		.loc 1 1085 14 view .LVU522
 2091 0062 FF20     		movs	r0, #255
 2092 0064 F7E7     		b	.L138
 2093              		.cfi_endproc
 2094              	.LFE81:
 2096              		.section	.text.osMessageGet,"ax",%progbits
 2097              		.align	1
 2098              		.global	osMessageGet
 2099              		.syntax unified
 2100              		.thumb
 2101              		.thumb_func
 2103              	osMessageGet:
 2104              	.LVL166:
 2105              	.LFB82:
1091:Middlewares/Third_Party/FreeRTOS/Source/CMSIS_RTOS/cmsis_os.c **** 
1092:Middlewares/Third_Party/FreeRTOS/Source/CMSIS_RTOS/cmsis_os.c **** /**
1093:Middlewares/Third_Party/FreeRTOS/Source/CMSIS_RTOS/cmsis_os.c **** * @brief Get a Message or Wait for a Message from a Queue.
1094:Middlewares/Third_Party/FreeRTOS/Source/CMSIS_RTOS/cmsis_os.c **** * @param  queue_id  message queue ID obtained with \ref osMessageCreate.
1095:Middlewares/Third_Party/FreeRTOS/Source/CMSIS_RTOS/cmsis_os.c **** * @param  millisec  timeout value or 0 in case of no time-out.
1096:Middlewares/Third_Party/FreeRTOS/Source/CMSIS_RTOS/cmsis_os.c **** * @retval event information that includes status code.
1097:Middlewares/Third_Party/FreeRTOS/Source/CMSIS_RTOS/cmsis_os.c **** * @note   MUST REMAIN UNCHANGED: \b osMessageGet shall be consistent in every CMSIS-RTOS.
1098:Middlewares/Third_Party/FreeRTOS/Source/CMSIS_RTOS/cmsis_os.c **** */
1099:Middlewares/Third_Party/FreeRTOS/Source/CMSIS_RTOS/cmsis_os.c **** osEvent osMessageGet (osMessageQId queue_id, uint32_t millisec)
1100:Middlewares/Third_Party/FreeRTOS/Source/CMSIS_RTOS/cmsis_os.c **** {
 2106              		.loc 1 1100 1 is_stmt 1 view -0
 2107              		.cfi_startproc
 2108              		@ args = 0, pretend = 0, frame = 16
 2109              		@ frame_needed = 0, uses_anonymous_args = 0
 2110              		.loc 1 1100 1 is_stmt 0 view .LVU524
 2111 0000 70B5     		push	{r4, r5, r6, lr}
 2112              	.LCFI48:
 2113              		.cfi_def_cfa_offset 16
 2114              		.cfi_offset 4, -16
 2115              		.cfi_offset 5, -12
 2116              		.cfi_offset 6, -8
 2117              		.cfi_offset 14, -4
 2118 0002 84B0     		sub	sp, sp, #16
 2119              	.LCFI49:
 2120              		.cfi_def_cfa_offset 32
 2121 0004 0446     		mov	r4, r0
1101:Middlewares/Third_Party/FreeRTOS/Source/CMSIS_RTOS/cmsis_os.c ****   portBASE_TYPE taskWoken;
 2122              		.loc 1 1101 3 is_stmt 1 view .LVU525
1102:Middlewares/Third_Party/FreeRTOS/Source/CMSIS_RTOS/cmsis_os.c ****   TickType_t ticks;
 2123              		.loc 1 1102 3 view .LVU526
1103:Middlewares/Third_Party/FreeRTOS/Source/CMSIS_RTOS/cmsis_os.c ****   osEvent event;
 2124              		.loc 1 1103 3 view .LVU527
1104:Middlewares/Third_Party/FreeRTOS/Source/CMSIS_RTOS/cmsis_os.c ****   
1105:Middlewares/Third_Party/FreeRTOS/Source/CMSIS_RTOS/cmsis_os.c ****   event.def.message_id = queue_id;
 2125              		.loc 1 1105 3 view .LVU528
 2126              		.loc 1 1105 24 is_stmt 0 view .LVU529
 2127 0006 0291     		str	r1, [sp, #8]
1106:Middlewares/Third_Party/FreeRTOS/Source/CMSIS_RTOS/cmsis_os.c ****   event.value.v = 0;
 2128              		.loc 1 1106 3 is_stmt 1 view .LVU530
 2129              		.loc 1 1106 17 is_stmt 0 view .LVU531
ARM GAS  D:\TMP\ccghNG8s.s 			page 66


 2130 0008 0023     		movs	r3, #0
 2131 000a 0193     		str	r3, [sp, #4]
1107:Middlewares/Third_Party/FreeRTOS/Source/CMSIS_RTOS/cmsis_os.c ****   
1108:Middlewares/Third_Party/FreeRTOS/Source/CMSIS_RTOS/cmsis_os.c ****   if (queue_id == NULL) {
 2132              		.loc 1 1108 3 is_stmt 1 view .LVU532
 2133              		.loc 1 1108 6 is_stmt 0 view .LVU533
 2134 000c E1B1     		cbz	r1, .L158
 2135 000e 0D46     		mov	r5, r1
 2136 0010 1646     		mov	r6, r2
1109:Middlewares/Third_Party/FreeRTOS/Source/CMSIS_RTOS/cmsis_os.c ****     event.status = osErrorParameter;
1110:Middlewares/Third_Party/FreeRTOS/Source/CMSIS_RTOS/cmsis_os.c ****     return event;
1111:Middlewares/Third_Party/FreeRTOS/Source/CMSIS_RTOS/cmsis_os.c ****   }
1112:Middlewares/Third_Party/FreeRTOS/Source/CMSIS_RTOS/cmsis_os.c ****   
1113:Middlewares/Third_Party/FreeRTOS/Source/CMSIS_RTOS/cmsis_os.c ****   taskWoken = pdFALSE;
 2137              		.loc 1 1113 3 is_stmt 1 view .LVU534
 2138              		.loc 1 1113 13 is_stmt 0 view .LVU535
 2139 0012 0023     		movs	r3, #0
 2140 0014 0393     		str	r3, [sp, #12]
1114:Middlewares/Third_Party/FreeRTOS/Source/CMSIS_RTOS/cmsis_os.c ****   
1115:Middlewares/Third_Party/FreeRTOS/Source/CMSIS_RTOS/cmsis_os.c ****   ticks = 0;
 2141              		.loc 1 1115 3 is_stmt 1 view .LVU536
 2142              	.LVL167:
1116:Middlewares/Third_Party/FreeRTOS/Source/CMSIS_RTOS/cmsis_os.c ****   if (millisec == osWaitForever) {
 2143              		.loc 1 1116 3 view .LVU537
1117:Middlewares/Third_Party/FreeRTOS/Source/CMSIS_RTOS/cmsis_os.c ****     ticks = portMAX_DELAY;
1118:Middlewares/Third_Party/FreeRTOS/Source/CMSIS_RTOS/cmsis_os.c ****   }
1119:Middlewares/Third_Party/FreeRTOS/Source/CMSIS_RTOS/cmsis_os.c ****   else if (millisec != 0) {
 2144              		.loc 1 1119 8 view .LVU538
1120:Middlewares/Third_Party/FreeRTOS/Source/CMSIS_RTOS/cmsis_os.c ****     ticks = millisec / portTICK_PERIOD_MS;
1121:Middlewares/Third_Party/FreeRTOS/Source/CMSIS_RTOS/cmsis_os.c ****     if (ticks == 0) {
1122:Middlewares/Third_Party/FreeRTOS/Source/CMSIS_RTOS/cmsis_os.c ****       ticks = 1;
1123:Middlewares/Third_Party/FreeRTOS/Source/CMSIS_RTOS/cmsis_os.c ****     }
1124:Middlewares/Third_Party/FreeRTOS/Source/CMSIS_RTOS/cmsis_os.c ****   }
1125:Middlewares/Third_Party/FreeRTOS/Source/CMSIS_RTOS/cmsis_os.c ****   
1126:Middlewares/Third_Party/FreeRTOS/Source/CMSIS_RTOS/cmsis_os.c ****   if (inHandlerMode()) {
 2145              		.loc 1 1126 3 view .LVU539
 2146              		.loc 1 1126 7 is_stmt 0 view .LVU540
 2147 0016 FFF7FEFF 		bl	inHandlerMode
 2148              	.LVL168:
 2149              		.loc 1 1126 6 discriminator 1 view .LVU541
 2150 001a 00B3     		cbz	r0, .L150
1127:Middlewares/Third_Party/FreeRTOS/Source/CMSIS_RTOS/cmsis_os.c ****     if (xQueueReceiveFromISR(queue_id, &event.value.v, &taskWoken) == pdTRUE) {
 2151              		.loc 1 1127 5 is_stmt 1 view .LVU542
 2152              		.loc 1 1127 9 is_stmt 0 view .LVU543
 2153 001c 03AA     		add	r2, sp, #12
 2154 001e 01A9     		add	r1, sp, #4
 2155 0020 2846     		mov	r0, r5
 2156 0022 FFF7FEFF 		bl	xQueueReceiveFromISR
 2157              	.LVL169:
 2158              		.loc 1 1127 8 discriminator 1 view .LVU544
 2159 0026 0128     		cmp	r0, #1
 2160 0028 16D0     		beq	.L159
1128:Middlewares/Third_Party/FreeRTOS/Source/CMSIS_RTOS/cmsis_os.c ****       /* We have mail */
1129:Middlewares/Third_Party/FreeRTOS/Source/CMSIS_RTOS/cmsis_os.c ****       event.status = osEventMessage;
1130:Middlewares/Third_Party/FreeRTOS/Source/CMSIS_RTOS/cmsis_os.c ****     }
1131:Middlewares/Third_Party/FreeRTOS/Source/CMSIS_RTOS/cmsis_os.c ****     else {
1132:Middlewares/Third_Party/FreeRTOS/Source/CMSIS_RTOS/cmsis_os.c ****       event.status = osOK;
ARM GAS  D:\TMP\ccghNG8s.s 			page 67


 2161              		.loc 1 1132 7 is_stmt 1 view .LVU545
 2162              		.loc 1 1132 20 is_stmt 0 view .LVU546
 2163 002a 0023     		movs	r3, #0
 2164 002c 0093     		str	r3, [sp]
 2165              	.L152:
1133:Middlewares/Third_Party/FreeRTOS/Source/CMSIS_RTOS/cmsis_os.c ****     }
1134:Middlewares/Third_Party/FreeRTOS/Source/CMSIS_RTOS/cmsis_os.c ****     portEND_SWITCHING_ISR(taskWoken);
 2166              		.loc 1 1134 5 is_stmt 1 view .LVU547
 2167 002e 039B     		ldr	r3, [sp, #12]
 2168 0030 FBB1     		cbz	r3, .L153
 2169              		.loc 1 1134 5 discriminator 1 view .LVU548
 2170 0032 4FF0E023 		mov	r3, #-536813568
 2171 0036 4FF08052 		mov	r2, #268435456
 2172 003a C3F8042D 		str	r2, [r3, #3332]
 2173              		.loc 1 1134 5 discriminator 1 view .LVU549
 2174              		.syntax unified
 2175              	@ 1134 "Middlewares/Third_Party/FreeRTOS/Source/CMSIS_RTOS/cmsis_os.c" 1
 2176 003e BFF34F8F 		dsb
 2177              	@ 0 "" 2
 2178              		.loc 1 1134 5 discriminator 1 view .LVU550
 2179              	@ 1134 "Middlewares/Third_Party/FreeRTOS/Source/CMSIS_RTOS/cmsis_os.c" 1
 2180 0042 BFF36F8F 		isb
 2181              	@ 0 "" 2
 2182              		.thumb
 2183              		.syntax unified
 2184 0046 14E0     		b	.L153
 2185              	.LVL170:
 2186              	.L158:
1109:Middlewares/Third_Party/FreeRTOS/Source/CMSIS_RTOS/cmsis_os.c ****     return event;
 2187              		.loc 1 1109 5 view .LVU551
1109:Middlewares/Third_Party/FreeRTOS/Source/CMSIS_RTOS/cmsis_os.c ****     return event;
 2188              		.loc 1 1109 18 is_stmt 0 view .LVU552
 2189 0048 8023     		movs	r3, #128
 2190 004a 0093     		str	r3, [sp]
1110:Middlewares/Third_Party/FreeRTOS/Source/CMSIS_RTOS/cmsis_os.c ****   }
 2191              		.loc 1 1110 5 is_stmt 1 view .LVU553
1110:Middlewares/Third_Party/FreeRTOS/Source/CMSIS_RTOS/cmsis_os.c ****   }
 2192              		.loc 1 1110 12 is_stmt 0 view .LVU554
 2193 004c 6B46     		mov	r3, sp
 2194 004e 93E80700 		ldm	r3, {r0, r1, r2}
 2195              	.LVL171:
1110:Middlewares/Third_Party/FreeRTOS/Source/CMSIS_RTOS/cmsis_os.c ****   }
 2196              		.loc 1 1110 12 view .LVU555
 2197 0052 84E80700 		stm	r4, {r0, r1, r2}
 2198 0056 11E0     		b	.L147
 2199              	.LVL172:
 2200              	.L159:
1129:Middlewares/Third_Party/FreeRTOS/Source/CMSIS_RTOS/cmsis_os.c ****     }
 2201              		.loc 1 1129 7 is_stmt 1 view .LVU556
1129:Middlewares/Third_Party/FreeRTOS/Source/CMSIS_RTOS/cmsis_os.c ****     }
 2202              		.loc 1 1129 20 is_stmt 0 view .LVU557
 2203 0058 1023     		movs	r3, #16
 2204 005a 0093     		str	r3, [sp]
 2205 005c E7E7     		b	.L152
 2206              	.L150:
1135:Middlewares/Third_Party/FreeRTOS/Source/CMSIS_RTOS/cmsis_os.c ****   }
1136:Middlewares/Third_Party/FreeRTOS/Source/CMSIS_RTOS/cmsis_os.c ****   else {
ARM GAS  D:\TMP\ccghNG8s.s 			page 68


1137:Middlewares/Third_Party/FreeRTOS/Source/CMSIS_RTOS/cmsis_os.c ****     if (xQueueReceive(queue_id, &event.value.v, ticks) == pdTRUE) {
 2207              		.loc 1 1137 5 is_stmt 1 view .LVU558
 2208              		.loc 1 1137 9 is_stmt 0 view .LVU559
 2209 005e 3246     		mov	r2, r6
 2210 0060 01A9     		add	r1, sp, #4
 2211 0062 2846     		mov	r0, r5
 2212 0064 FFF7FEFF 		bl	xQueueReceive
 2213              	.LVL173:
 2214              		.loc 1 1137 8 discriminator 1 view .LVU560
 2215 0068 0128     		cmp	r0, #1
 2216 006a 0AD0     		beq	.L160
1138:Middlewares/Third_Party/FreeRTOS/Source/CMSIS_RTOS/cmsis_os.c ****       /* We have mail */
1139:Middlewares/Third_Party/FreeRTOS/Source/CMSIS_RTOS/cmsis_os.c ****       event.status = osEventMessage;
1140:Middlewares/Third_Party/FreeRTOS/Source/CMSIS_RTOS/cmsis_os.c ****     }
1141:Middlewares/Third_Party/FreeRTOS/Source/CMSIS_RTOS/cmsis_os.c ****     else {
1142:Middlewares/Third_Party/FreeRTOS/Source/CMSIS_RTOS/cmsis_os.c ****       event.status = (ticks == 0) ? osOK : osEventTimeout;
 2217              		.loc 1 1142 7 is_stmt 1 view .LVU561
 2218              		.loc 1 1142 42 is_stmt 0 view .LVU562
 2219 006c 06B1     		cbz	r6, .L155
 2220              		.loc 1 1142 42 discriminator 2 view .LVU563
 2221 006e 4026     		movs	r6, #64
 2222              	.LVL174:
 2223              	.L155:
 2224              		.loc 1 1142 20 discriminator 4 view .LVU564
 2225 0070 0096     		str	r6, [sp]
 2226              	.L153:
1143:Middlewares/Third_Party/FreeRTOS/Source/CMSIS_RTOS/cmsis_os.c ****     }
1144:Middlewares/Third_Party/FreeRTOS/Source/CMSIS_RTOS/cmsis_os.c ****   }
1145:Middlewares/Third_Party/FreeRTOS/Source/CMSIS_RTOS/cmsis_os.c ****   
1146:Middlewares/Third_Party/FreeRTOS/Source/CMSIS_RTOS/cmsis_os.c ****   return event;
 2227              		.loc 1 1146 3 is_stmt 1 view .LVU565
 2228              		.loc 1 1146 10 is_stmt 0 view .LVU566
 2229 0072 6B46     		mov	r3, sp
 2230 0074 93E80700 		ldm	r3, {r0, r1, r2}
 2231 0078 84E80700 		stm	r4, {r0, r1, r2}
 2232              	.LVL175:
 2233              	.L147:
1147:Middlewares/Third_Party/FreeRTOS/Source/CMSIS_RTOS/cmsis_os.c **** }
 2234              		.loc 1 1147 1 view .LVU567
 2235 007c 2046     		mov	r0, r4
 2236 007e 04B0     		add	sp, sp, #16
 2237              	.LCFI50:
 2238              		.cfi_remember_state
 2239              		.cfi_def_cfa_offset 16
 2240              		@ sp needed
 2241 0080 70BD     		pop	{r4, r5, r6, pc}
 2242              	.LVL176:
 2243              	.L160:
 2244              	.LCFI51:
 2245              		.cfi_restore_state
1139:Middlewares/Third_Party/FreeRTOS/Source/CMSIS_RTOS/cmsis_os.c ****     }
 2246              		.loc 1 1139 7 is_stmt 1 view .LVU568
1139:Middlewares/Third_Party/FreeRTOS/Source/CMSIS_RTOS/cmsis_os.c ****     }
 2247              		.loc 1 1139 20 is_stmt 0 view .LVU569
 2248 0082 1023     		movs	r3, #16
 2249 0084 0093     		str	r3, [sp]
 2250 0086 F4E7     		b	.L153
ARM GAS  D:\TMP\ccghNG8s.s 			page 69


 2251              		.cfi_endproc
 2252              	.LFE82:
 2254              		.section	.text.osMailCreate,"ax",%progbits
 2255              		.align	1
 2256              		.global	osMailCreate
 2257              		.syntax unified
 2258              		.thumb
 2259              		.thumb_func
 2261              	osMailCreate:
 2262              	.LVL177:
 2263              	.LFB83:
1148:Middlewares/Third_Party/FreeRTOS/Source/CMSIS_RTOS/cmsis_os.c **** 
1149:Middlewares/Third_Party/FreeRTOS/Source/CMSIS_RTOS/cmsis_os.c **** #endif     /* Use Message Queues */
1150:Middlewares/Third_Party/FreeRTOS/Source/CMSIS_RTOS/cmsis_os.c **** 
1151:Middlewares/Third_Party/FreeRTOS/Source/CMSIS_RTOS/cmsis_os.c **** /********************   Mail Queue Management Functions  ***********************/
1152:Middlewares/Third_Party/FreeRTOS/Source/CMSIS_RTOS/cmsis_os.c **** #if (defined (osFeature_MailQ)  &&  (osFeature_MailQ != 0))  /* Use Mail Queues */
1153:Middlewares/Third_Party/FreeRTOS/Source/CMSIS_RTOS/cmsis_os.c **** 
1154:Middlewares/Third_Party/FreeRTOS/Source/CMSIS_RTOS/cmsis_os.c **** 
1155:Middlewares/Third_Party/FreeRTOS/Source/CMSIS_RTOS/cmsis_os.c **** typedef struct os_mailQ_cb {
1156:Middlewares/Third_Party/FreeRTOS/Source/CMSIS_RTOS/cmsis_os.c ****   const osMailQDef_t *queue_def;
1157:Middlewares/Third_Party/FreeRTOS/Source/CMSIS_RTOS/cmsis_os.c ****   QueueHandle_t handle;
1158:Middlewares/Third_Party/FreeRTOS/Source/CMSIS_RTOS/cmsis_os.c ****   osPoolId pool;
1159:Middlewares/Third_Party/FreeRTOS/Source/CMSIS_RTOS/cmsis_os.c **** } os_mailQ_cb_t;
1160:Middlewares/Third_Party/FreeRTOS/Source/CMSIS_RTOS/cmsis_os.c **** 
1161:Middlewares/Third_Party/FreeRTOS/Source/CMSIS_RTOS/cmsis_os.c **** /**
1162:Middlewares/Third_Party/FreeRTOS/Source/CMSIS_RTOS/cmsis_os.c **** * @brief Create and Initialize mail queue
1163:Middlewares/Third_Party/FreeRTOS/Source/CMSIS_RTOS/cmsis_os.c **** * @param  queue_def     reference to the mail queue definition obtain with \ref osMailQ
1164:Middlewares/Third_Party/FreeRTOS/Source/CMSIS_RTOS/cmsis_os.c **** * @param   thread_id     thread ID (obtained by \ref osThreadCreate or \ref osThreadGetId) or NULL.
1165:Middlewares/Third_Party/FreeRTOS/Source/CMSIS_RTOS/cmsis_os.c **** * @retval mail queue ID for reference by other functions or NULL in case of error.
1166:Middlewares/Third_Party/FreeRTOS/Source/CMSIS_RTOS/cmsis_os.c **** * @note   MUST REMAIN UNCHANGED: \b osMailCreate shall be consistent in every CMSIS-RTOS.
1167:Middlewares/Third_Party/FreeRTOS/Source/CMSIS_RTOS/cmsis_os.c **** */
1168:Middlewares/Third_Party/FreeRTOS/Source/CMSIS_RTOS/cmsis_os.c **** osMailQId osMailCreate (const osMailQDef_t *queue_def, osThreadId thread_id)
1169:Middlewares/Third_Party/FreeRTOS/Source/CMSIS_RTOS/cmsis_os.c **** {
 2264              		.loc 1 1169 1 is_stmt 1 view -0
 2265              		.cfi_startproc
 2266              		@ args = 0, pretend = 0, frame = 16
 2267              		@ frame_needed = 0, uses_anonymous_args = 0
 2268              		.loc 1 1169 1 is_stmt 0 view .LVU571
 2269 0000 70B5     		push	{r4, r5, r6, lr}
 2270              	.LCFI52:
 2271              		.cfi_def_cfa_offset 16
 2272              		.cfi_offset 4, -16
 2273              		.cfi_offset 5, -12
 2274              		.cfi_offset 6, -8
 2275              		.cfi_offset 14, -4
 2276 0002 84B0     		sub	sp, sp, #16
 2277              	.LCFI53:
 2278              		.cfi_def_cfa_offset 32
 2279 0004 0446     		mov	r4, r0
1170:Middlewares/Third_Party/FreeRTOS/Source/CMSIS_RTOS/cmsis_os.c **** #if (configSUPPORT_DYNAMIC_ALLOCATION == 1)
1171:Middlewares/Third_Party/FreeRTOS/Source/CMSIS_RTOS/cmsis_os.c ****   (void) thread_id;
 2280              		.loc 1 1171 3 is_stmt 1 view .LVU572
1172:Middlewares/Third_Party/FreeRTOS/Source/CMSIS_RTOS/cmsis_os.c ****   
1173:Middlewares/Third_Party/FreeRTOS/Source/CMSIS_RTOS/cmsis_os.c ****   osPoolDef_t pool_def = {queue_def->queue_sz, queue_def->item_sz, NULL};
 2281              		.loc 1 1173 3 view .LVU573
 2282              		.loc 1 1173 36 is_stmt 0 view .LVU574
 2283 0006 0368     		ldr	r3, [r0]
ARM GAS  D:\TMP\ccghNG8s.s 			page 70


 2284              		.loc 1 1173 15 view .LVU575
 2285 0008 0193     		str	r3, [sp, #4]
 2286              		.loc 1 1173 57 view .LVU576
 2287 000a 4368     		ldr	r3, [r0, #4]
 2288              		.loc 1 1173 15 view .LVU577
 2289 000c 0293     		str	r3, [sp, #8]
 2290 000e 0023     		movs	r3, #0
 2291 0010 0393     		str	r3, [sp, #12]
1174:Middlewares/Third_Party/FreeRTOS/Source/CMSIS_RTOS/cmsis_os.c ****   
1175:Middlewares/Third_Party/FreeRTOS/Source/CMSIS_RTOS/cmsis_os.c ****   /* Create a mail queue control block */
1176:Middlewares/Third_Party/FreeRTOS/Source/CMSIS_RTOS/cmsis_os.c **** 
1177:Middlewares/Third_Party/FreeRTOS/Source/CMSIS_RTOS/cmsis_os.c ****   *(queue_def->cb) = pvPortMalloc(sizeof(struct os_mailQ_cb));
 2292              		.loc 1 1177 3 is_stmt 1 view .LVU578
 2293              		.loc 1 1177 14 is_stmt 0 view .LVU579
 2294 0012 8568     		ldr	r5, [r0, #8]
 2295              		.loc 1 1177 22 view .LVU580
 2296 0014 0C20     		movs	r0, #12
 2297              	.LVL178:
 2298              		.loc 1 1177 22 view .LVU581
 2299 0016 FFF7FEFF 		bl	pvPortMalloc
 2300              	.LVL179:
 2301              		.loc 1 1177 20 discriminator 1 view .LVU582
 2302 001a 2860     		str	r0, [r5]
1178:Middlewares/Third_Party/FreeRTOS/Source/CMSIS_RTOS/cmsis_os.c **** 
1179:Middlewares/Third_Party/FreeRTOS/Source/CMSIS_RTOS/cmsis_os.c ****   if (*(queue_def->cb) == NULL) {
 2303              		.loc 1 1179 3 is_stmt 1 view .LVU583
 2304              		.loc 1 1179 18 is_stmt 0 view .LVU584
 2305 001c A368     		ldr	r3, [r4, #8]
 2306              		.loc 1 1179 7 view .LVU585
 2307 001e 1D68     		ldr	r5, [r3]
 2308              		.loc 1 1179 6 view .LVU586
 2309 0020 A5B1     		cbz	r5, .L161
1180:Middlewares/Third_Party/FreeRTOS/Source/CMSIS_RTOS/cmsis_os.c ****     return NULL;
1181:Middlewares/Third_Party/FreeRTOS/Source/CMSIS_RTOS/cmsis_os.c ****   }
1182:Middlewares/Third_Party/FreeRTOS/Source/CMSIS_RTOS/cmsis_os.c ****   (*(queue_def->cb))->queue_def = queue_def;
 2310              		.loc 1 1182 3 is_stmt 1 view .LVU587
 2311              		.loc 1 1182 33 is_stmt 0 view .LVU588
 2312 0022 2C60     		str	r4, [r5]
1183:Middlewares/Third_Party/FreeRTOS/Source/CMSIS_RTOS/cmsis_os.c ****   
1184:Middlewares/Third_Party/FreeRTOS/Source/CMSIS_RTOS/cmsis_os.c ****   /* Create a queue in FreeRTOS */
1185:Middlewares/Third_Party/FreeRTOS/Source/CMSIS_RTOS/cmsis_os.c ****   (*(queue_def->cb))->handle = xQueueCreate(queue_def->queue_sz, sizeof(void *));
 2313              		.loc 1 1185 3 is_stmt 1 view .LVU589
 2314              		.loc 1 1185 15 is_stmt 0 view .LVU590
 2315 0024 A368     		ldr	r3, [r4, #8]
 2316              		.loc 1 1185 4 view .LVU591
 2317 0026 1D68     		ldr	r5, [r3]
 2318              		.loc 1 1185 32 view .LVU592
 2319 0028 0022     		movs	r2, #0
 2320 002a 0421     		movs	r1, #4
 2321 002c 2068     		ldr	r0, [r4]
 2322 002e FFF7FEFF 		bl	xQueueGenericCreate
 2323              	.LVL180:
 2324              		.loc 1 1185 30 discriminator 1 view .LVU593
 2325 0032 6860     		str	r0, [r5, #4]
1186:Middlewares/Third_Party/FreeRTOS/Source/CMSIS_RTOS/cmsis_os.c **** 
1187:Middlewares/Third_Party/FreeRTOS/Source/CMSIS_RTOS/cmsis_os.c **** 
1188:Middlewares/Third_Party/FreeRTOS/Source/CMSIS_RTOS/cmsis_os.c ****   if ((*(queue_def->cb))->handle == NULL) {
ARM GAS  D:\TMP\ccghNG8s.s 			page 71


 2326              		.loc 1 1188 3 is_stmt 1 view .LVU594
 2327              		.loc 1 1188 19 is_stmt 0 view .LVU595
 2328 0034 A368     		ldr	r3, [r4, #8]
 2329              		.loc 1 1188 8 view .LVU596
 2330 0036 1E68     		ldr	r6, [r3]
 2331              		.loc 1 1188 25 view .LVU597
 2332 0038 7568     		ldr	r5, [r6, #4]
 2333              		.loc 1 1188 6 view .LVU598
 2334 003a 55B1     		cbz	r5, .L165
1189:Middlewares/Third_Party/FreeRTOS/Source/CMSIS_RTOS/cmsis_os.c ****     vPortFree(*(queue_def->cb));
1190:Middlewares/Third_Party/FreeRTOS/Source/CMSIS_RTOS/cmsis_os.c ****     return NULL;
1191:Middlewares/Third_Party/FreeRTOS/Source/CMSIS_RTOS/cmsis_os.c ****   }
1192:Middlewares/Third_Party/FreeRTOS/Source/CMSIS_RTOS/cmsis_os.c ****   
1193:Middlewares/Third_Party/FreeRTOS/Source/CMSIS_RTOS/cmsis_os.c ****   /* Create a mail pool */
1194:Middlewares/Third_Party/FreeRTOS/Source/CMSIS_RTOS/cmsis_os.c ****   (*(queue_def->cb))->pool = osPoolCreate(&pool_def);
 2335              		.loc 1 1194 3 is_stmt 1 view .LVU599
 2336              		.loc 1 1194 30 is_stmt 0 view .LVU600
 2337 003c 01A8     		add	r0, sp, #4
 2338 003e FFF7FEFF 		bl	osPoolCreate
 2339              	.LVL181:
 2340              		.loc 1 1194 28 discriminator 1 view .LVU601
 2341 0042 B060     		str	r0, [r6, #8]
1195:Middlewares/Third_Party/FreeRTOS/Source/CMSIS_RTOS/cmsis_os.c ****   if ((*(queue_def->cb))->pool == NULL) {
 2342              		.loc 1 1195 3 is_stmt 1 view .LVU602
 2343              		.loc 1 1195 19 is_stmt 0 view .LVU603
 2344 0044 A368     		ldr	r3, [r4, #8]
 2345              		.loc 1 1195 8 view .LVU604
 2346 0046 1D68     		ldr	r5, [r3]
 2347              		.loc 1 1195 25 view .LVU605
 2348 0048 AC68     		ldr	r4, [r5, #8]
 2349              	.LVL182:
 2350              		.loc 1 1195 6 view .LVU606
 2351 004a 34B1     		cbz	r4, .L166
 2352              	.L161:
1196:Middlewares/Third_Party/FreeRTOS/Source/CMSIS_RTOS/cmsis_os.c ****     //TODO: Delete queue. How to do it in FreeRTOS?
1197:Middlewares/Third_Party/FreeRTOS/Source/CMSIS_RTOS/cmsis_os.c ****     vPortFree(*(queue_def->cb));
1198:Middlewares/Third_Party/FreeRTOS/Source/CMSIS_RTOS/cmsis_os.c ****     return NULL;
1199:Middlewares/Third_Party/FreeRTOS/Source/CMSIS_RTOS/cmsis_os.c ****   }
1200:Middlewares/Third_Party/FreeRTOS/Source/CMSIS_RTOS/cmsis_os.c ****   
1201:Middlewares/Third_Party/FreeRTOS/Source/CMSIS_RTOS/cmsis_os.c ****   return *(queue_def->cb);
1202:Middlewares/Third_Party/FreeRTOS/Source/CMSIS_RTOS/cmsis_os.c **** #else
1203:Middlewares/Third_Party/FreeRTOS/Source/CMSIS_RTOS/cmsis_os.c ****   return NULL;
1204:Middlewares/Third_Party/FreeRTOS/Source/CMSIS_RTOS/cmsis_os.c **** #endif
1205:Middlewares/Third_Party/FreeRTOS/Source/CMSIS_RTOS/cmsis_os.c **** }
 2353              		.loc 1 1205 1 view .LVU607
 2354 004c 2846     		mov	r0, r5
 2355 004e 04B0     		add	sp, sp, #16
 2356              	.LCFI54:
 2357              		.cfi_remember_state
 2358              		.cfi_def_cfa_offset 16
 2359              		@ sp needed
 2360 0050 70BD     		pop	{r4, r5, r6, pc}
 2361              	.LVL183:
 2362              	.L165:
 2363              	.LCFI55:
 2364              		.cfi_restore_state
1189:Middlewares/Third_Party/FreeRTOS/Source/CMSIS_RTOS/cmsis_os.c ****     return NULL;
ARM GAS  D:\TMP\ccghNG8s.s 			page 72


 2365              		.loc 1 1189 5 is_stmt 1 view .LVU608
 2366 0052 3046     		mov	r0, r6
 2367 0054 FFF7FEFF 		bl	vPortFree
 2368              	.LVL184:
1190:Middlewares/Third_Party/FreeRTOS/Source/CMSIS_RTOS/cmsis_os.c ****   }
 2369              		.loc 1 1190 5 view .LVU609
1190:Middlewares/Third_Party/FreeRTOS/Source/CMSIS_RTOS/cmsis_os.c ****   }
 2370              		.loc 1 1190 12 is_stmt 0 view .LVU610
 2371 0058 F8E7     		b	.L161
 2372              	.LVL185:
 2373              	.L166:
1197:Middlewares/Third_Party/FreeRTOS/Source/CMSIS_RTOS/cmsis_os.c ****     return NULL;
 2374              		.loc 1 1197 5 is_stmt 1 view .LVU611
 2375 005a 2846     		mov	r0, r5
 2376 005c FFF7FEFF 		bl	vPortFree
 2377              	.LVL186:
1198:Middlewares/Third_Party/FreeRTOS/Source/CMSIS_RTOS/cmsis_os.c ****   }
 2378              		.loc 1 1198 5 view .LVU612
1198:Middlewares/Third_Party/FreeRTOS/Source/CMSIS_RTOS/cmsis_os.c ****   }
 2379              		.loc 1 1198 12 is_stmt 0 view .LVU613
 2380 0060 2546     		mov	r5, r4
 2381 0062 F3E7     		b	.L161
 2382              		.cfi_endproc
 2383              	.LFE83:
 2385              		.section	.text.osMailAlloc,"ax",%progbits
 2386              		.align	1
 2387              		.global	osMailAlloc
 2388              		.syntax unified
 2389              		.thumb
 2390              		.thumb_func
 2392              	osMailAlloc:
 2393              	.LVL187:
 2394              	.LFB84:
1206:Middlewares/Third_Party/FreeRTOS/Source/CMSIS_RTOS/cmsis_os.c **** 
1207:Middlewares/Third_Party/FreeRTOS/Source/CMSIS_RTOS/cmsis_os.c **** /**
1208:Middlewares/Third_Party/FreeRTOS/Source/CMSIS_RTOS/cmsis_os.c **** * @brief Allocate a memory block from a mail
1209:Middlewares/Third_Party/FreeRTOS/Source/CMSIS_RTOS/cmsis_os.c **** * @param  queue_id      mail queue ID obtained with \ref osMailCreate.
1210:Middlewares/Third_Party/FreeRTOS/Source/CMSIS_RTOS/cmsis_os.c **** * @param  millisec      timeout value or 0 in case of no time-out.
1211:Middlewares/Third_Party/FreeRTOS/Source/CMSIS_RTOS/cmsis_os.c **** * @retval pointer to memory block that can be filled with mail or NULL in case error.
1212:Middlewares/Third_Party/FreeRTOS/Source/CMSIS_RTOS/cmsis_os.c **** * @note   MUST REMAIN UNCHANGED: \b osMailAlloc shall be consistent in every CMSIS-RTOS.
1213:Middlewares/Third_Party/FreeRTOS/Source/CMSIS_RTOS/cmsis_os.c **** */
1214:Middlewares/Third_Party/FreeRTOS/Source/CMSIS_RTOS/cmsis_os.c **** void *osMailAlloc (osMailQId queue_id, uint32_t millisec)
1215:Middlewares/Third_Party/FreeRTOS/Source/CMSIS_RTOS/cmsis_os.c **** {
 2395              		.loc 1 1215 1 is_stmt 1 view -0
 2396              		.cfi_startproc
 2397              		@ args = 0, pretend = 0, frame = 0
 2398              		@ frame_needed = 0, uses_anonymous_args = 0
 2399              		.loc 1 1215 1 is_stmt 0 view .LVU615
 2400 0000 08B5     		push	{r3, lr}
 2401              	.LCFI56:
 2402              		.cfi_def_cfa_offset 8
 2403              		.cfi_offset 3, -8
 2404              		.cfi_offset 14, -4
1216:Middlewares/Third_Party/FreeRTOS/Source/CMSIS_RTOS/cmsis_os.c ****   (void) millisec;
 2405              		.loc 1 1216 3 is_stmt 1 view .LVU616
1217:Middlewares/Third_Party/FreeRTOS/Source/CMSIS_RTOS/cmsis_os.c ****   void *p;
 2406              		.loc 1 1217 3 view .LVU617
ARM GAS  D:\TMP\ccghNG8s.s 			page 73


1218:Middlewares/Third_Party/FreeRTOS/Source/CMSIS_RTOS/cmsis_os.c ****   
1219:Middlewares/Third_Party/FreeRTOS/Source/CMSIS_RTOS/cmsis_os.c ****   
1220:Middlewares/Third_Party/FreeRTOS/Source/CMSIS_RTOS/cmsis_os.c ****   if (queue_id == NULL) {
 2407              		.loc 1 1220 3 view .LVU618
 2408              		.loc 1 1220 6 is_stmt 0 view .LVU619
 2409 0002 10B1     		cbz	r0, .L167
1221:Middlewares/Third_Party/FreeRTOS/Source/CMSIS_RTOS/cmsis_os.c ****     return NULL;
1222:Middlewares/Third_Party/FreeRTOS/Source/CMSIS_RTOS/cmsis_os.c ****   }
1223:Middlewares/Third_Party/FreeRTOS/Source/CMSIS_RTOS/cmsis_os.c ****   
1224:Middlewares/Third_Party/FreeRTOS/Source/CMSIS_RTOS/cmsis_os.c ****   p = osPoolAlloc(queue_id->pool);
 2410              		.loc 1 1224 3 is_stmt 1 view .LVU620
 2411              		.loc 1 1224 7 is_stmt 0 view .LVU621
 2412 0004 8068     		ldr	r0, [r0, #8]
 2413              	.LVL188:
 2414              		.loc 1 1224 7 view .LVU622
 2415 0006 FFF7FEFF 		bl	osPoolAlloc
 2416              	.LVL189:
1225:Middlewares/Third_Party/FreeRTOS/Source/CMSIS_RTOS/cmsis_os.c ****   
1226:Middlewares/Third_Party/FreeRTOS/Source/CMSIS_RTOS/cmsis_os.c ****   return p;
 2417              		.loc 1 1226 3 is_stmt 1 view .LVU623
 2418              	.L167:
1227:Middlewares/Third_Party/FreeRTOS/Source/CMSIS_RTOS/cmsis_os.c **** }
 2419              		.loc 1 1227 1 is_stmt 0 view .LVU624
 2420 000a 08BD     		pop	{r3, pc}
 2421              		.cfi_endproc
 2422              	.LFE84:
 2424              		.section	.text.osMailCAlloc,"ax",%progbits
 2425              		.align	1
 2426              		.global	osMailCAlloc
 2427              		.syntax unified
 2428              		.thumb
 2429              		.thumb_func
 2431              	osMailCAlloc:
 2432              	.LVL190:
 2433              	.LFB85:
1228:Middlewares/Third_Party/FreeRTOS/Source/CMSIS_RTOS/cmsis_os.c **** 
1229:Middlewares/Third_Party/FreeRTOS/Source/CMSIS_RTOS/cmsis_os.c **** /**
1230:Middlewares/Third_Party/FreeRTOS/Source/CMSIS_RTOS/cmsis_os.c **** * @brief Allocate a memory block from a mail and set memory block to zero
1231:Middlewares/Third_Party/FreeRTOS/Source/CMSIS_RTOS/cmsis_os.c **** * @param  queue_id      mail queue ID obtained with \ref osMailCreate.
1232:Middlewares/Third_Party/FreeRTOS/Source/CMSIS_RTOS/cmsis_os.c **** * @param  millisec      timeout value or 0 in case of no time-out.
1233:Middlewares/Third_Party/FreeRTOS/Source/CMSIS_RTOS/cmsis_os.c **** * @retval pointer to memory block that can be filled with mail or NULL in case error.
1234:Middlewares/Third_Party/FreeRTOS/Source/CMSIS_RTOS/cmsis_os.c **** * @note   MUST REMAIN UNCHANGED: \b osMailCAlloc shall be consistent in every CMSIS-RTOS.
1235:Middlewares/Third_Party/FreeRTOS/Source/CMSIS_RTOS/cmsis_os.c **** */
1236:Middlewares/Third_Party/FreeRTOS/Source/CMSIS_RTOS/cmsis_os.c **** void *osMailCAlloc (osMailQId queue_id, uint32_t millisec)
1237:Middlewares/Third_Party/FreeRTOS/Source/CMSIS_RTOS/cmsis_os.c **** {
 2434              		.loc 1 1237 1 is_stmt 1 view -0
 2435              		.cfi_startproc
 2436              		@ args = 0, pretend = 0, frame = 0
 2437              		@ frame_needed = 0, uses_anonymous_args = 0
 2438              		.loc 1 1237 1 is_stmt 0 view .LVU626
 2439 0000 10B5     		push	{r4, lr}
 2440              	.LCFI57:
 2441              		.cfi_def_cfa_offset 8
 2442              		.cfi_offset 4, -8
 2443              		.cfi_offset 14, -4
 2444 0002 0446     		mov	r4, r0
1238:Middlewares/Third_Party/FreeRTOS/Source/CMSIS_RTOS/cmsis_os.c ****   uint32_t i;
ARM GAS  D:\TMP\ccghNG8s.s 			page 74


 2445              		.loc 1 1238 3 is_stmt 1 view .LVU627
1239:Middlewares/Third_Party/FreeRTOS/Source/CMSIS_RTOS/cmsis_os.c ****   void *p = osMailAlloc(queue_id, millisec);
 2446              		.loc 1 1239 3 view .LVU628
 2447              		.loc 1 1239 13 is_stmt 0 view .LVU629
 2448 0004 FFF7FEFF 		bl	osMailAlloc
 2449              	.LVL191:
1240:Middlewares/Third_Party/FreeRTOS/Source/CMSIS_RTOS/cmsis_os.c ****   
1241:Middlewares/Third_Party/FreeRTOS/Source/CMSIS_RTOS/cmsis_os.c ****   if (p) {
 2450              		.loc 1 1241 3 is_stmt 1 view .LVU630
 2451              		.loc 1 1241 6 is_stmt 0 view .LVU631
 2452 0008 0146     		mov	r1, r0
 2453 000a 40B1     		cbz	r0, .L171
1242:Middlewares/Third_Party/FreeRTOS/Source/CMSIS_RTOS/cmsis_os.c ****     for (i = 0; i < queue_id->queue_def->item_sz; i++) {
 2454              		.loc 1 1242 12 view .LVU632
 2455 000c 0023     		movs	r3, #0
 2456 000e 02E0     		b	.L172
 2457              	.LVL192:
 2458              	.L174:
1243:Middlewares/Third_Party/FreeRTOS/Source/CMSIS_RTOS/cmsis_os.c ****       ((uint8_t *)p)[i] = 0;
 2459              		.loc 1 1243 7 is_stmt 1 view .LVU633
 2460              		.loc 1 1243 25 is_stmt 0 view .LVU634
 2461 0010 0022     		movs	r2, #0
 2462 0012 CA54     		strb	r2, [r1, r3]
1242:Middlewares/Third_Party/FreeRTOS/Source/CMSIS_RTOS/cmsis_os.c ****     for (i = 0; i < queue_id->queue_def->item_sz; i++) {
 2463              		.loc 1 1242 52 is_stmt 1 discriminator 3 view .LVU635
 2464 0014 0133     		adds	r3, r3, #1
 2465              	.LVL193:
 2466              	.L172:
1242:Middlewares/Third_Party/FreeRTOS/Source/CMSIS_RTOS/cmsis_os.c ****     for (i = 0; i < queue_id->queue_def->item_sz; i++) {
 2467              		.loc 1 1242 19 discriminator 1 view .LVU636
1242:Middlewares/Third_Party/FreeRTOS/Source/CMSIS_RTOS/cmsis_os.c ****     for (i = 0; i < queue_id->queue_def->item_sz; i++) {
 2468              		.loc 1 1242 29 is_stmt 0 discriminator 1 view .LVU637
 2469 0016 2268     		ldr	r2, [r4]
1242:Middlewares/Third_Party/FreeRTOS/Source/CMSIS_RTOS/cmsis_os.c ****     for (i = 0; i < queue_id->queue_def->item_sz; i++) {
 2470              		.loc 1 1242 40 discriminator 1 view .LVU638
 2471 0018 5268     		ldr	r2, [r2, #4]
1242:Middlewares/Third_Party/FreeRTOS/Source/CMSIS_RTOS/cmsis_os.c ****     for (i = 0; i < queue_id->queue_def->item_sz; i++) {
 2472              		.loc 1 1242 19 discriminator 1 view .LVU639
 2473 001a 9A42     		cmp	r2, r3
 2474 001c F8D8     		bhi	.L174
 2475              	.LVL194:
 2476              	.L171:
1244:Middlewares/Third_Party/FreeRTOS/Source/CMSIS_RTOS/cmsis_os.c ****     }
1245:Middlewares/Third_Party/FreeRTOS/Source/CMSIS_RTOS/cmsis_os.c ****   }
1246:Middlewares/Third_Party/FreeRTOS/Source/CMSIS_RTOS/cmsis_os.c ****   
1247:Middlewares/Third_Party/FreeRTOS/Source/CMSIS_RTOS/cmsis_os.c ****   return p;
1248:Middlewares/Third_Party/FreeRTOS/Source/CMSIS_RTOS/cmsis_os.c **** }
 2477              		.loc 1 1248 1 view .LVU640
 2478 001e 0846     		mov	r0, r1
 2479              	.LVL195:
 2480              		.loc 1 1248 1 view .LVU641
 2481 0020 10BD     		pop	{r4, pc}
 2482              		.loc 1 1248 1 view .LVU642
 2483              		.cfi_endproc
 2484              	.LFE85:
 2486              		.section	.text.osMailPut,"ax",%progbits
 2487              		.align	1
ARM GAS  D:\TMP\ccghNG8s.s 			page 75


 2488              		.global	osMailPut
 2489              		.syntax unified
 2490              		.thumb
 2491              		.thumb_func
 2493              	osMailPut:
 2494              	.LVL196:
 2495              	.LFB86:
1249:Middlewares/Third_Party/FreeRTOS/Source/CMSIS_RTOS/cmsis_os.c **** 
1250:Middlewares/Third_Party/FreeRTOS/Source/CMSIS_RTOS/cmsis_os.c **** /**
1251:Middlewares/Third_Party/FreeRTOS/Source/CMSIS_RTOS/cmsis_os.c **** * @brief Put a mail to a queue
1252:Middlewares/Third_Party/FreeRTOS/Source/CMSIS_RTOS/cmsis_os.c **** * @param  queue_id      mail queue ID obtained with \ref osMailCreate.
1253:Middlewares/Third_Party/FreeRTOS/Source/CMSIS_RTOS/cmsis_os.c **** * @param  mail          memory block previously allocated with \ref osMailAlloc or \ref osMailCAllo
1254:Middlewares/Third_Party/FreeRTOS/Source/CMSIS_RTOS/cmsis_os.c **** * @retval status code that indicates the execution status of the function.
1255:Middlewares/Third_Party/FreeRTOS/Source/CMSIS_RTOS/cmsis_os.c **** * @note   MUST REMAIN UNCHANGED: \b osMailPut shall be consistent in every CMSIS-RTOS.
1256:Middlewares/Third_Party/FreeRTOS/Source/CMSIS_RTOS/cmsis_os.c **** */
1257:Middlewares/Third_Party/FreeRTOS/Source/CMSIS_RTOS/cmsis_os.c **** osStatus osMailPut (osMailQId queue_id, void *mail)
1258:Middlewares/Third_Party/FreeRTOS/Source/CMSIS_RTOS/cmsis_os.c **** {
 2496              		.loc 1 1258 1 is_stmt 1 view -0
 2497              		.cfi_startproc
 2498              		@ args = 0, pretend = 0, frame = 16
 2499              		@ frame_needed = 0, uses_anonymous_args = 0
 2500              		.loc 1 1258 1 is_stmt 0 view .LVU644
 2501 0000 10B5     		push	{r4, lr}
 2502              	.LCFI58:
 2503              		.cfi_def_cfa_offset 8
 2504              		.cfi_offset 4, -8
 2505              		.cfi_offset 14, -4
 2506 0002 84B0     		sub	sp, sp, #16
 2507              	.LCFI59:
 2508              		.cfi_def_cfa_offset 24
 2509 0004 0191     		str	r1, [sp, #4]
1259:Middlewares/Third_Party/FreeRTOS/Source/CMSIS_RTOS/cmsis_os.c ****   portBASE_TYPE taskWoken;
 2510              		.loc 1 1259 3 is_stmt 1 view .LVU645
1260:Middlewares/Third_Party/FreeRTOS/Source/CMSIS_RTOS/cmsis_os.c ****   
1261:Middlewares/Third_Party/FreeRTOS/Source/CMSIS_RTOS/cmsis_os.c ****   
1262:Middlewares/Third_Party/FreeRTOS/Source/CMSIS_RTOS/cmsis_os.c ****   if (queue_id == NULL) {
 2511              		.loc 1 1262 3 view .LVU646
 2512              		.loc 1 1262 6 is_stmt 0 view .LVU647
 2513 0006 30B3     		cbz	r0, .L180
 2514 0008 0446     		mov	r4, r0
1263:Middlewares/Third_Party/FreeRTOS/Source/CMSIS_RTOS/cmsis_os.c ****     return osErrorParameter;
1264:Middlewares/Third_Party/FreeRTOS/Source/CMSIS_RTOS/cmsis_os.c ****   }
1265:Middlewares/Third_Party/FreeRTOS/Source/CMSIS_RTOS/cmsis_os.c ****   
1266:Middlewares/Third_Party/FreeRTOS/Source/CMSIS_RTOS/cmsis_os.c ****   taskWoken = pdFALSE;
 2515              		.loc 1 1266 3 is_stmt 1 view .LVU648
 2516              		.loc 1 1266 13 is_stmt 0 view .LVU649
 2517 000a 0023     		movs	r3, #0
 2518 000c 0393     		str	r3, [sp, #12]
1267:Middlewares/Third_Party/FreeRTOS/Source/CMSIS_RTOS/cmsis_os.c ****   
1268:Middlewares/Third_Party/FreeRTOS/Source/CMSIS_RTOS/cmsis_os.c ****   if (inHandlerMode()) {
 2519              		.loc 1 1268 3 is_stmt 1 view .LVU650
 2520              		.loc 1 1268 7 is_stmt 0 view .LVU651
 2521 000e FFF7FEFF 		bl	inHandlerMode
 2522              	.LVL197:
 2523              		.loc 1 1268 6 discriminator 1 view .LVU652
 2524 0012 A8B1     		cbz	r0, .L179
1269:Middlewares/Third_Party/FreeRTOS/Source/CMSIS_RTOS/cmsis_os.c ****     if (xQueueSendFromISR(queue_id->handle, &mail, &taskWoken) != pdTRUE) {
ARM GAS  D:\TMP\ccghNG8s.s 			page 76


 2525              		.loc 1 1269 5 is_stmt 1 view .LVU653
 2526              		.loc 1 1269 9 is_stmt 0 view .LVU654
 2527 0014 0023     		movs	r3, #0
 2528 0016 03AA     		add	r2, sp, #12
 2529 0018 01A9     		add	r1, sp, #4
 2530 001a 6068     		ldr	r0, [r4, #4]
 2531 001c FFF7FEFF 		bl	xQueueGenericSendFromISR
 2532              	.LVL198:
 2533              		.loc 1 1269 8 discriminator 1 view .LVU655
 2534 0020 0128     		cmp	r0, #1
 2535 0022 1AD1     		bne	.L181
1270:Middlewares/Third_Party/FreeRTOS/Source/CMSIS_RTOS/cmsis_os.c ****       return osErrorOS;
1271:Middlewares/Third_Party/FreeRTOS/Source/CMSIS_RTOS/cmsis_os.c ****     }
1272:Middlewares/Third_Party/FreeRTOS/Source/CMSIS_RTOS/cmsis_os.c ****     portEND_SWITCHING_ISR(taskWoken);
 2536              		.loc 1 1272 5 is_stmt 1 view .LVU656
 2537 0024 039B     		ldr	r3, [sp, #12]
 2538 0026 D3B1     		cbz	r3, .L182
 2539              		.loc 1 1272 5 discriminator 1 view .LVU657
 2540 0028 4FF0E023 		mov	r3, #-536813568
 2541 002c 4FF08052 		mov	r2, #268435456
 2542 0030 C3F8042D 		str	r2, [r3, #3332]
 2543              		.loc 1 1272 5 discriminator 1 view .LVU658
 2544              		.syntax unified
 2545              	@ 1272 "Middlewares/Third_Party/FreeRTOS/Source/CMSIS_RTOS/cmsis_os.c" 1
 2546 0034 BFF34F8F 		dsb
 2547              	@ 0 "" 2
 2548              		.loc 1 1272 5 discriminator 1 view .LVU659
 2549              	@ 1272 "Middlewares/Third_Party/FreeRTOS/Source/CMSIS_RTOS/cmsis_os.c" 1
 2550 0038 BFF36F8F 		isb
 2551              	@ 0 "" 2
1273:Middlewares/Third_Party/FreeRTOS/Source/CMSIS_RTOS/cmsis_os.c ****   }
1274:Middlewares/Third_Party/FreeRTOS/Source/CMSIS_RTOS/cmsis_os.c ****   else {
1275:Middlewares/Third_Party/FreeRTOS/Source/CMSIS_RTOS/cmsis_os.c ****     if (xQueueSend(queue_id->handle, &mail, 0) != pdTRUE) { 
1276:Middlewares/Third_Party/FreeRTOS/Source/CMSIS_RTOS/cmsis_os.c ****       return osErrorOS;
1277:Middlewares/Third_Party/FreeRTOS/Source/CMSIS_RTOS/cmsis_os.c ****     }
1278:Middlewares/Third_Party/FreeRTOS/Source/CMSIS_RTOS/cmsis_os.c ****   }
1279:Middlewares/Third_Party/FreeRTOS/Source/CMSIS_RTOS/cmsis_os.c ****   
1280:Middlewares/Third_Party/FreeRTOS/Source/CMSIS_RTOS/cmsis_os.c ****   return osOK;
 2552              		.loc 1 1280 10 is_stmt 0 view .LVU660
 2553              		.thumb
 2554              		.syntax unified
 2555 003c 0020     		movs	r0, #0
 2556 003e 08E0     		b	.L177
 2557              	.L179:
1275:Middlewares/Third_Party/FreeRTOS/Source/CMSIS_RTOS/cmsis_os.c ****       return osErrorOS;
 2558              		.loc 1 1275 5 is_stmt 1 view .LVU661
1275:Middlewares/Third_Party/FreeRTOS/Source/CMSIS_RTOS/cmsis_os.c ****       return osErrorOS;
 2559              		.loc 1 1275 9 is_stmt 0 view .LVU662
 2560 0040 0023     		movs	r3, #0
 2561 0042 1A46     		mov	r2, r3
 2562 0044 01A9     		add	r1, sp, #4
 2563 0046 6068     		ldr	r0, [r4, #4]
 2564 0048 FFF7FEFF 		bl	xQueueGenericSend
 2565              	.LVL199:
1275:Middlewares/Third_Party/FreeRTOS/Source/CMSIS_RTOS/cmsis_os.c ****       return osErrorOS;
 2566              		.loc 1 1275 8 discriminator 1 view .LVU663
 2567 004c 0128     		cmp	r0, #1
ARM GAS  D:\TMP\ccghNG8s.s 			page 77


 2568 004e 08D1     		bne	.L183
 2569              		.loc 1 1280 10 view .LVU664
 2570 0050 0020     		movs	r0, #0
 2571              	.LVL200:
 2572              	.L177:
1281:Middlewares/Third_Party/FreeRTOS/Source/CMSIS_RTOS/cmsis_os.c **** }
 2573              		.loc 1 1281 1 view .LVU665
 2574 0052 04B0     		add	sp, sp, #16
 2575              	.LCFI60:
 2576              		.cfi_remember_state
 2577              		.cfi_def_cfa_offset 8
 2578              		@ sp needed
 2579 0054 10BD     		pop	{r4, pc}
 2580              	.LVL201:
 2581              	.L180:
 2582              	.LCFI61:
 2583              		.cfi_restore_state
1263:Middlewares/Third_Party/FreeRTOS/Source/CMSIS_RTOS/cmsis_os.c ****   }
 2584              		.loc 1 1263 12 view .LVU666
 2585 0056 8020     		movs	r0, #128
 2586              	.LVL202:
1263:Middlewares/Third_Party/FreeRTOS/Source/CMSIS_RTOS/cmsis_os.c ****   }
 2587              		.loc 1 1263 12 view .LVU667
 2588 0058 FBE7     		b	.L177
 2589              	.LVL203:
 2590              	.L181:
1270:Middlewares/Third_Party/FreeRTOS/Source/CMSIS_RTOS/cmsis_os.c ****     }
 2591              		.loc 1 1270 14 view .LVU668
 2592 005a FF20     		movs	r0, #255
 2593 005c F9E7     		b	.L177
 2594              	.L182:
1280:Middlewares/Third_Party/FreeRTOS/Source/CMSIS_RTOS/cmsis_os.c **** }
 2595              		.loc 1 1280 10 view .LVU669
 2596 005e 0020     		movs	r0, #0
 2597 0060 F7E7     		b	.L177
 2598              	.L183:
1276:Middlewares/Third_Party/FreeRTOS/Source/CMSIS_RTOS/cmsis_os.c ****     }
 2599              		.loc 1 1276 14 view .LVU670
 2600 0062 FF20     		movs	r0, #255
 2601 0064 F5E7     		b	.L177
 2602              		.cfi_endproc
 2603              	.LFE86:
 2605              		.section	.text.osMailGet,"ax",%progbits
 2606              		.align	1
 2607              		.global	osMailGet
 2608              		.syntax unified
 2609              		.thumb
 2610              		.thumb_func
 2612              	osMailGet:
 2613              	.LVL204:
 2614              	.LFB87:
1282:Middlewares/Third_Party/FreeRTOS/Source/CMSIS_RTOS/cmsis_os.c **** 
1283:Middlewares/Third_Party/FreeRTOS/Source/CMSIS_RTOS/cmsis_os.c **** /**
1284:Middlewares/Third_Party/FreeRTOS/Source/CMSIS_RTOS/cmsis_os.c **** * @brief Get a mail from a queue
1285:Middlewares/Third_Party/FreeRTOS/Source/CMSIS_RTOS/cmsis_os.c **** * @param  queue_id   mail queue ID obtained with \ref osMailCreate.
1286:Middlewares/Third_Party/FreeRTOS/Source/CMSIS_RTOS/cmsis_os.c **** * @param millisec    timeout value or 0 in case of no time-out
1287:Middlewares/Third_Party/FreeRTOS/Source/CMSIS_RTOS/cmsis_os.c **** * @retval event that contains mail information or error code.
ARM GAS  D:\TMP\ccghNG8s.s 			page 78


1288:Middlewares/Third_Party/FreeRTOS/Source/CMSIS_RTOS/cmsis_os.c **** * @note   MUST REMAIN UNCHANGED: \b osMailGet shall be consistent in every CMSIS-RTOS.
1289:Middlewares/Third_Party/FreeRTOS/Source/CMSIS_RTOS/cmsis_os.c **** */
1290:Middlewares/Third_Party/FreeRTOS/Source/CMSIS_RTOS/cmsis_os.c **** osEvent osMailGet (osMailQId queue_id, uint32_t millisec)
1291:Middlewares/Third_Party/FreeRTOS/Source/CMSIS_RTOS/cmsis_os.c **** {
 2615              		.loc 1 1291 1 is_stmt 1 view -0
 2616              		.cfi_startproc
 2617              		@ args = 0, pretend = 0, frame = 16
 2618              		@ frame_needed = 0, uses_anonymous_args = 0
 2619              		.loc 1 1291 1 is_stmt 0 view .LVU672
 2620 0000 70B5     		push	{r4, r5, r6, lr}
 2621              	.LCFI62:
 2622              		.cfi_def_cfa_offset 16
 2623              		.cfi_offset 4, -16
 2624              		.cfi_offset 5, -12
 2625              		.cfi_offset 6, -8
 2626              		.cfi_offset 14, -4
 2627 0002 84B0     		sub	sp, sp, #16
 2628              	.LCFI63:
 2629              		.cfi_def_cfa_offset 32
 2630 0004 0446     		mov	r4, r0
1292:Middlewares/Third_Party/FreeRTOS/Source/CMSIS_RTOS/cmsis_os.c ****   portBASE_TYPE taskWoken;
 2631              		.loc 1 1292 3 is_stmt 1 view .LVU673
1293:Middlewares/Third_Party/FreeRTOS/Source/CMSIS_RTOS/cmsis_os.c ****   TickType_t ticks;
 2632              		.loc 1 1293 3 view .LVU674
1294:Middlewares/Third_Party/FreeRTOS/Source/CMSIS_RTOS/cmsis_os.c ****   osEvent event;
 2633              		.loc 1 1294 3 view .LVU675
1295:Middlewares/Third_Party/FreeRTOS/Source/CMSIS_RTOS/cmsis_os.c ****   
1296:Middlewares/Third_Party/FreeRTOS/Source/CMSIS_RTOS/cmsis_os.c ****   event.def.mail_id = queue_id;
 2634              		.loc 1 1296 3 view .LVU676
 2635              		.loc 1 1296 21 is_stmt 0 view .LVU677
 2636 0006 0291     		str	r1, [sp, #8]
1297:Middlewares/Third_Party/FreeRTOS/Source/CMSIS_RTOS/cmsis_os.c ****   
1298:Middlewares/Third_Party/FreeRTOS/Source/CMSIS_RTOS/cmsis_os.c ****   if (queue_id == NULL) {
 2637              		.loc 1 1298 3 is_stmt 1 view .LVU678
 2638              		.loc 1 1298 6 is_stmt 0 view .LVU679
 2639 0008 E1B1     		cbz	r1, .L196
 2640 000a 0D46     		mov	r5, r1
 2641 000c 1646     		mov	r6, r2
1299:Middlewares/Third_Party/FreeRTOS/Source/CMSIS_RTOS/cmsis_os.c ****     event.status = osErrorParameter;
1300:Middlewares/Third_Party/FreeRTOS/Source/CMSIS_RTOS/cmsis_os.c ****     return event;
1301:Middlewares/Third_Party/FreeRTOS/Source/CMSIS_RTOS/cmsis_os.c ****   }
1302:Middlewares/Third_Party/FreeRTOS/Source/CMSIS_RTOS/cmsis_os.c ****   
1303:Middlewares/Third_Party/FreeRTOS/Source/CMSIS_RTOS/cmsis_os.c ****   taskWoken = pdFALSE;
 2642              		.loc 1 1303 3 is_stmt 1 view .LVU680
 2643              		.loc 1 1303 13 is_stmt 0 view .LVU681
 2644 000e 0023     		movs	r3, #0
 2645 0010 0393     		str	r3, [sp, #12]
1304:Middlewares/Third_Party/FreeRTOS/Source/CMSIS_RTOS/cmsis_os.c ****   
1305:Middlewares/Third_Party/FreeRTOS/Source/CMSIS_RTOS/cmsis_os.c ****   ticks = 0;
 2646              		.loc 1 1305 3 is_stmt 1 view .LVU682
 2647              	.LVL205:
1306:Middlewares/Third_Party/FreeRTOS/Source/CMSIS_RTOS/cmsis_os.c ****   if (millisec == osWaitForever) {
 2648              		.loc 1 1306 3 view .LVU683
1307:Middlewares/Third_Party/FreeRTOS/Source/CMSIS_RTOS/cmsis_os.c ****     ticks = portMAX_DELAY;
1308:Middlewares/Third_Party/FreeRTOS/Source/CMSIS_RTOS/cmsis_os.c ****   }
1309:Middlewares/Third_Party/FreeRTOS/Source/CMSIS_RTOS/cmsis_os.c ****   else if (millisec != 0) {
 2649              		.loc 1 1309 8 view .LVU684
ARM GAS  D:\TMP\ccghNG8s.s 			page 79


1310:Middlewares/Third_Party/FreeRTOS/Source/CMSIS_RTOS/cmsis_os.c ****     ticks = millisec / portTICK_PERIOD_MS;
1311:Middlewares/Third_Party/FreeRTOS/Source/CMSIS_RTOS/cmsis_os.c ****     if (ticks == 0) {
1312:Middlewares/Third_Party/FreeRTOS/Source/CMSIS_RTOS/cmsis_os.c ****       ticks = 1;
1313:Middlewares/Third_Party/FreeRTOS/Source/CMSIS_RTOS/cmsis_os.c ****     }
1314:Middlewares/Third_Party/FreeRTOS/Source/CMSIS_RTOS/cmsis_os.c ****   }
1315:Middlewares/Third_Party/FreeRTOS/Source/CMSIS_RTOS/cmsis_os.c ****   
1316:Middlewares/Third_Party/FreeRTOS/Source/CMSIS_RTOS/cmsis_os.c ****   if (inHandlerMode()) {
 2650              		.loc 1 1316 3 view .LVU685
 2651              		.loc 1 1316 7 is_stmt 0 view .LVU686
 2652 0012 FFF7FEFF 		bl	inHandlerMode
 2653              	.LVL206:
 2654              		.loc 1 1316 6 discriminator 1 view .LVU687
 2655 0016 00B3     		cbz	r0, .L188
1317:Middlewares/Third_Party/FreeRTOS/Source/CMSIS_RTOS/cmsis_os.c ****     if (xQueueReceiveFromISR(queue_id->handle, &event.value.p, &taskWoken) == pdTRUE) {
 2656              		.loc 1 1317 5 is_stmt 1 view .LVU688
 2657              		.loc 1 1317 9 is_stmt 0 view .LVU689
 2658 0018 03AA     		add	r2, sp, #12
 2659 001a 01A9     		add	r1, sp, #4
 2660 001c 6868     		ldr	r0, [r5, #4]
 2661 001e FFF7FEFF 		bl	xQueueReceiveFromISR
 2662              	.LVL207:
 2663              		.loc 1 1317 8 discriminator 1 view .LVU690
 2664 0022 0128     		cmp	r0, #1
 2665 0024 16D0     		beq	.L197
1318:Middlewares/Third_Party/FreeRTOS/Source/CMSIS_RTOS/cmsis_os.c ****       /* We have mail */
1319:Middlewares/Third_Party/FreeRTOS/Source/CMSIS_RTOS/cmsis_os.c ****       event.status = osEventMail;
1320:Middlewares/Third_Party/FreeRTOS/Source/CMSIS_RTOS/cmsis_os.c ****     }
1321:Middlewares/Third_Party/FreeRTOS/Source/CMSIS_RTOS/cmsis_os.c ****     else {
1322:Middlewares/Third_Party/FreeRTOS/Source/CMSIS_RTOS/cmsis_os.c ****       event.status = osOK;
 2666              		.loc 1 1322 7 is_stmt 1 view .LVU691
 2667              		.loc 1 1322 20 is_stmt 0 view .LVU692
 2668 0026 0023     		movs	r3, #0
 2669 0028 0093     		str	r3, [sp]
 2670              	.L190:
1323:Middlewares/Third_Party/FreeRTOS/Source/CMSIS_RTOS/cmsis_os.c ****     }
1324:Middlewares/Third_Party/FreeRTOS/Source/CMSIS_RTOS/cmsis_os.c ****     portEND_SWITCHING_ISR(taskWoken);
 2671              		.loc 1 1324 5 is_stmt 1 view .LVU693
 2672 002a 039B     		ldr	r3, [sp, #12]
 2673 002c FBB1     		cbz	r3, .L191
 2674              		.loc 1 1324 5 discriminator 1 view .LVU694
 2675 002e 4FF0E023 		mov	r3, #-536813568
 2676 0032 4FF08052 		mov	r2, #268435456
 2677 0036 C3F8042D 		str	r2, [r3, #3332]
 2678              		.loc 1 1324 5 discriminator 1 view .LVU695
 2679              		.syntax unified
 2680              	@ 1324 "Middlewares/Third_Party/FreeRTOS/Source/CMSIS_RTOS/cmsis_os.c" 1
 2681 003a BFF34F8F 		dsb
 2682              	@ 0 "" 2
 2683              		.loc 1 1324 5 discriminator 1 view .LVU696
 2684              	@ 1324 "Middlewares/Third_Party/FreeRTOS/Source/CMSIS_RTOS/cmsis_os.c" 1
 2685 003e BFF36F8F 		isb
 2686              	@ 0 "" 2
 2687              		.thumb
 2688              		.syntax unified
 2689 0042 14E0     		b	.L191
 2690              	.LVL208:
 2691              	.L196:
ARM GAS  D:\TMP\ccghNG8s.s 			page 80


1299:Middlewares/Third_Party/FreeRTOS/Source/CMSIS_RTOS/cmsis_os.c ****     return event;
 2692              		.loc 1 1299 5 view .LVU697
1299:Middlewares/Third_Party/FreeRTOS/Source/CMSIS_RTOS/cmsis_os.c ****     return event;
 2693              		.loc 1 1299 18 is_stmt 0 view .LVU698
 2694 0044 8023     		movs	r3, #128
 2695 0046 0093     		str	r3, [sp]
1300:Middlewares/Third_Party/FreeRTOS/Source/CMSIS_RTOS/cmsis_os.c ****   }
 2696              		.loc 1 1300 5 is_stmt 1 view .LVU699
1300:Middlewares/Third_Party/FreeRTOS/Source/CMSIS_RTOS/cmsis_os.c ****   }
 2697              		.loc 1 1300 12 is_stmt 0 view .LVU700
 2698 0048 6B46     		mov	r3, sp
 2699 004a 93E80700 		ldm	r3, {r0, r1, r2}
 2700              	.LVL209:
1300:Middlewares/Third_Party/FreeRTOS/Source/CMSIS_RTOS/cmsis_os.c ****   }
 2701              		.loc 1 1300 12 view .LVU701
 2702 004e 84E80700 		stm	r4, {r0, r1, r2}
 2703 0052 11E0     		b	.L185
 2704              	.LVL210:
 2705              	.L197:
1319:Middlewares/Third_Party/FreeRTOS/Source/CMSIS_RTOS/cmsis_os.c ****     }
 2706              		.loc 1 1319 7 is_stmt 1 view .LVU702
1319:Middlewares/Third_Party/FreeRTOS/Source/CMSIS_RTOS/cmsis_os.c ****     }
 2707              		.loc 1 1319 20 is_stmt 0 view .LVU703
 2708 0054 2023     		movs	r3, #32
 2709 0056 0093     		str	r3, [sp]
 2710 0058 E7E7     		b	.L190
 2711              	.L188:
1325:Middlewares/Third_Party/FreeRTOS/Source/CMSIS_RTOS/cmsis_os.c ****   }
1326:Middlewares/Third_Party/FreeRTOS/Source/CMSIS_RTOS/cmsis_os.c ****   else {
1327:Middlewares/Third_Party/FreeRTOS/Source/CMSIS_RTOS/cmsis_os.c ****     if (xQueueReceive(queue_id->handle, &event.value.p, ticks) == pdTRUE) {
 2712              		.loc 1 1327 5 is_stmt 1 view .LVU704
 2713              		.loc 1 1327 9 is_stmt 0 view .LVU705
 2714 005a 3246     		mov	r2, r6
 2715 005c 01A9     		add	r1, sp, #4
 2716 005e 6868     		ldr	r0, [r5, #4]
 2717 0060 FFF7FEFF 		bl	xQueueReceive
 2718              	.LVL211:
 2719              		.loc 1 1327 8 discriminator 1 view .LVU706
 2720 0064 0128     		cmp	r0, #1
 2721 0066 0AD0     		beq	.L198
1328:Middlewares/Third_Party/FreeRTOS/Source/CMSIS_RTOS/cmsis_os.c ****       /* We have mail */
1329:Middlewares/Third_Party/FreeRTOS/Source/CMSIS_RTOS/cmsis_os.c ****       event.status = osEventMail;
1330:Middlewares/Third_Party/FreeRTOS/Source/CMSIS_RTOS/cmsis_os.c ****     }
1331:Middlewares/Third_Party/FreeRTOS/Source/CMSIS_RTOS/cmsis_os.c ****     else {
1332:Middlewares/Third_Party/FreeRTOS/Source/CMSIS_RTOS/cmsis_os.c ****       event.status = (ticks == 0) ? osOK : osEventTimeout;
 2722              		.loc 1 1332 7 is_stmt 1 view .LVU707
 2723              		.loc 1 1332 42 is_stmt 0 view .LVU708
 2724 0068 06B1     		cbz	r6, .L193
 2725              		.loc 1 1332 42 discriminator 2 view .LVU709
 2726 006a 4026     		movs	r6, #64
 2727              	.LVL212:
 2728              	.L193:
 2729              		.loc 1 1332 20 discriminator 4 view .LVU710
 2730 006c 0096     		str	r6, [sp]
 2731              	.L191:
1333:Middlewares/Third_Party/FreeRTOS/Source/CMSIS_RTOS/cmsis_os.c ****     }
1334:Middlewares/Third_Party/FreeRTOS/Source/CMSIS_RTOS/cmsis_os.c ****   }
ARM GAS  D:\TMP\ccghNG8s.s 			page 81


1335:Middlewares/Third_Party/FreeRTOS/Source/CMSIS_RTOS/cmsis_os.c ****   
1336:Middlewares/Third_Party/FreeRTOS/Source/CMSIS_RTOS/cmsis_os.c ****   return event;
 2732              		.loc 1 1336 3 is_stmt 1 view .LVU711
 2733              		.loc 1 1336 10 is_stmt 0 view .LVU712
 2734 006e 6B46     		mov	r3, sp
 2735 0070 93E80700 		ldm	r3, {r0, r1, r2}
 2736 0074 84E80700 		stm	r4, {r0, r1, r2}
 2737              	.LVL213:
 2738              	.L185:
1337:Middlewares/Third_Party/FreeRTOS/Source/CMSIS_RTOS/cmsis_os.c **** }
 2739              		.loc 1 1337 1 view .LVU713
 2740 0078 2046     		mov	r0, r4
 2741 007a 04B0     		add	sp, sp, #16
 2742              	.LCFI64:
 2743              		.cfi_remember_state
 2744              		.cfi_def_cfa_offset 16
 2745              		@ sp needed
 2746 007c 70BD     		pop	{r4, r5, r6, pc}
 2747              	.LVL214:
 2748              	.L198:
 2749              	.LCFI65:
 2750              		.cfi_restore_state
1329:Middlewares/Third_Party/FreeRTOS/Source/CMSIS_RTOS/cmsis_os.c ****     }
 2751              		.loc 1 1329 7 is_stmt 1 view .LVU714
1329:Middlewares/Third_Party/FreeRTOS/Source/CMSIS_RTOS/cmsis_os.c ****     }
 2752              		.loc 1 1329 20 is_stmt 0 view .LVU715
 2753 007e 2023     		movs	r3, #32
 2754 0080 0093     		str	r3, [sp]
 2755 0082 F4E7     		b	.L191
 2756              		.cfi_endproc
 2757              	.LFE87:
 2759              		.section	.text.osMailFree,"ax",%progbits
 2760              		.align	1
 2761              		.global	osMailFree
 2762              		.syntax unified
 2763              		.thumb
 2764              		.thumb_func
 2766              	osMailFree:
 2767              	.LVL215:
 2768              	.LFB88:
1338:Middlewares/Third_Party/FreeRTOS/Source/CMSIS_RTOS/cmsis_os.c **** 
1339:Middlewares/Third_Party/FreeRTOS/Source/CMSIS_RTOS/cmsis_os.c **** /**
1340:Middlewares/Third_Party/FreeRTOS/Source/CMSIS_RTOS/cmsis_os.c **** * @brief Free a memory block from a mail
1341:Middlewares/Third_Party/FreeRTOS/Source/CMSIS_RTOS/cmsis_os.c **** * @param  queue_id mail queue ID obtained with \ref osMailCreate.
1342:Middlewares/Third_Party/FreeRTOS/Source/CMSIS_RTOS/cmsis_os.c **** * @param  mail     pointer to the memory block that was obtained with \ref osMailGet.
1343:Middlewares/Third_Party/FreeRTOS/Source/CMSIS_RTOS/cmsis_os.c **** * @retval status code that indicates the execution status of the function.
1344:Middlewares/Third_Party/FreeRTOS/Source/CMSIS_RTOS/cmsis_os.c **** * @note   MUST REMAIN UNCHANGED: \b osMailFree shall be consistent in every CMSIS-RTOS.
1345:Middlewares/Third_Party/FreeRTOS/Source/CMSIS_RTOS/cmsis_os.c **** */
1346:Middlewares/Third_Party/FreeRTOS/Source/CMSIS_RTOS/cmsis_os.c **** osStatus osMailFree (osMailQId queue_id, void *mail)
1347:Middlewares/Third_Party/FreeRTOS/Source/CMSIS_RTOS/cmsis_os.c **** {
 2769              		.loc 1 1347 1 is_stmt 1 view -0
 2770              		.cfi_startproc
 2771              		@ args = 0, pretend = 0, frame = 0
 2772              		@ frame_needed = 0, uses_anonymous_args = 0
1348:Middlewares/Third_Party/FreeRTOS/Source/CMSIS_RTOS/cmsis_os.c ****   if (queue_id == NULL) {
 2773              		.loc 1 1348 3 view .LVU717
 2774              		.loc 1 1348 6 is_stmt 0 view .LVU718
ARM GAS  D:\TMP\ccghNG8s.s 			page 82


 2775 0000 20B1     		cbz	r0, .L201
1347:Middlewares/Third_Party/FreeRTOS/Source/CMSIS_RTOS/cmsis_os.c ****   if (queue_id == NULL) {
 2776              		.loc 1 1347 1 view .LVU719
 2777 0002 08B5     		push	{r3, lr}
 2778              	.LCFI66:
 2779              		.cfi_def_cfa_offset 8
 2780              		.cfi_offset 3, -8
 2781              		.cfi_offset 14, -4
1349:Middlewares/Third_Party/FreeRTOS/Source/CMSIS_RTOS/cmsis_os.c ****     return osErrorParameter;
1350:Middlewares/Third_Party/FreeRTOS/Source/CMSIS_RTOS/cmsis_os.c ****   }
1351:Middlewares/Third_Party/FreeRTOS/Source/CMSIS_RTOS/cmsis_os.c ****   
1352:Middlewares/Third_Party/FreeRTOS/Source/CMSIS_RTOS/cmsis_os.c ****   return osPoolFree(queue_id->pool, mail);
 2782              		.loc 1 1352 3 is_stmt 1 view .LVU720
 2783              		.loc 1 1352 10 is_stmt 0 view .LVU721
 2784 0004 8068     		ldr	r0, [r0, #8]
 2785              	.LVL216:
 2786              		.loc 1 1352 10 view .LVU722
 2787 0006 FFF7FEFF 		bl	osPoolFree
 2788              	.LVL217:
1353:Middlewares/Third_Party/FreeRTOS/Source/CMSIS_RTOS/cmsis_os.c **** }
 2789              		.loc 1 1353 1 view .LVU723
 2790 000a 08BD     		pop	{r3, pc}
 2791              	.LVL218:
 2792              	.L201:
 2793              	.LCFI67:
 2794              		.cfi_def_cfa_offset 0
 2795              		.cfi_restore 3
 2796              		.cfi_restore 14
1349:Middlewares/Third_Party/FreeRTOS/Source/CMSIS_RTOS/cmsis_os.c ****     return osErrorParameter;
 2797              		.loc 1 1349 12 view .LVU724
 2798 000c 8020     		movs	r0, #128
 2799              	.LVL219:
 2800              		.loc 1 1353 1 view .LVU725
 2801 000e 7047     		bx	lr
 2802              		.cfi_endproc
 2803              	.LFE88:
 2805              		.section	.text.osSystickHandler,"ax",%progbits
 2806              		.align	1
 2807              		.global	osSystickHandler
 2808              		.syntax unified
 2809              		.thumb
 2810              		.thumb_func
 2812              	osSystickHandler:
 2813              	.LFB89:
1354:Middlewares/Third_Party/FreeRTOS/Source/CMSIS_RTOS/cmsis_os.c **** #endif  /* Use Mail Queues */
1355:Middlewares/Third_Party/FreeRTOS/Source/CMSIS_RTOS/cmsis_os.c **** 
1356:Middlewares/Third_Party/FreeRTOS/Source/CMSIS_RTOS/cmsis_os.c **** /*************************** Additional specific APIs to Free RTOS ************/
1357:Middlewares/Third_Party/FreeRTOS/Source/CMSIS_RTOS/cmsis_os.c **** /**
1358:Middlewares/Third_Party/FreeRTOS/Source/CMSIS_RTOS/cmsis_os.c **** * @brief  Handles the tick increment
1359:Middlewares/Third_Party/FreeRTOS/Source/CMSIS_RTOS/cmsis_os.c **** * @param  none.
1360:Middlewares/Third_Party/FreeRTOS/Source/CMSIS_RTOS/cmsis_os.c **** * @retval none.
1361:Middlewares/Third_Party/FreeRTOS/Source/CMSIS_RTOS/cmsis_os.c **** */
1362:Middlewares/Third_Party/FreeRTOS/Source/CMSIS_RTOS/cmsis_os.c **** void osSystickHandler(void)
1363:Middlewares/Third_Party/FreeRTOS/Source/CMSIS_RTOS/cmsis_os.c **** {
 2814              		.loc 1 1363 1 is_stmt 1 view -0
 2815              		.cfi_startproc
 2816              		@ args = 0, pretend = 0, frame = 0
ARM GAS  D:\TMP\ccghNG8s.s 			page 83


 2817              		@ frame_needed = 0, uses_anonymous_args = 0
 2818 0000 08B5     		push	{r3, lr}
 2819              	.LCFI68:
 2820              		.cfi_def_cfa_offset 8
 2821              		.cfi_offset 3, -8
 2822              		.cfi_offset 14, -4
1364:Middlewares/Third_Party/FreeRTOS/Source/CMSIS_RTOS/cmsis_os.c **** 
1365:Middlewares/Third_Party/FreeRTOS/Source/CMSIS_RTOS/cmsis_os.c **** #if (INCLUDE_xTaskGetSchedulerState  == 1 )
1366:Middlewares/Third_Party/FreeRTOS/Source/CMSIS_RTOS/cmsis_os.c ****   if (xTaskGetSchedulerState() != taskSCHEDULER_NOT_STARTED)
 2823              		.loc 1 1366 3 view .LVU727
 2824              		.loc 1 1366 7 is_stmt 0 view .LVU728
 2825 0002 FFF7FEFF 		bl	xTaskGetSchedulerState
 2826              	.LVL220:
 2827              		.loc 1 1366 6 discriminator 1 view .LVU729
 2828 0006 0128     		cmp	r0, #1
 2829 0008 00D1     		bne	.L209
 2830              	.L206:
1367:Middlewares/Third_Party/FreeRTOS/Source/CMSIS_RTOS/cmsis_os.c ****   {
1368:Middlewares/Third_Party/FreeRTOS/Source/CMSIS_RTOS/cmsis_os.c **** #endif  /* INCLUDE_xTaskGetSchedulerState */  
1369:Middlewares/Third_Party/FreeRTOS/Source/CMSIS_RTOS/cmsis_os.c ****     xPortSysTickHandler();
1370:Middlewares/Third_Party/FreeRTOS/Source/CMSIS_RTOS/cmsis_os.c **** #if (INCLUDE_xTaskGetSchedulerState  == 1 )
1371:Middlewares/Third_Party/FreeRTOS/Source/CMSIS_RTOS/cmsis_os.c ****   }
1372:Middlewares/Third_Party/FreeRTOS/Source/CMSIS_RTOS/cmsis_os.c **** #endif  /* INCLUDE_xTaskGetSchedulerState */  
1373:Middlewares/Third_Party/FreeRTOS/Source/CMSIS_RTOS/cmsis_os.c **** }
 2831              		.loc 1 1373 1 view .LVU730
 2832 000a 08BD     		pop	{r3, pc}
 2833              	.L209:
1369:Middlewares/Third_Party/FreeRTOS/Source/CMSIS_RTOS/cmsis_os.c **** #if (INCLUDE_xTaskGetSchedulerState  == 1 )
 2834              		.loc 1 1369 5 is_stmt 1 view .LVU731
 2835 000c FFF7FEFF 		bl	xPortSysTickHandler
 2836              	.LVL221:
 2837              		.loc 1 1373 1 is_stmt 0 view .LVU732
 2838 0010 FBE7     		b	.L206
 2839              		.cfi_endproc
 2840              	.LFE89:
 2842              		.section	.text.osThreadGetState,"ax",%progbits
 2843              		.align	1
 2844              		.global	osThreadGetState
 2845              		.syntax unified
 2846              		.thumb
 2847              		.thumb_func
 2849              	osThreadGetState:
 2850              	.LVL222:
 2851              	.LFB90:
1374:Middlewares/Third_Party/FreeRTOS/Source/CMSIS_RTOS/cmsis_os.c **** 
1375:Middlewares/Third_Party/FreeRTOS/Source/CMSIS_RTOS/cmsis_os.c **** #if ( INCLUDE_eTaskGetState == 1 )
1376:Middlewares/Third_Party/FreeRTOS/Source/CMSIS_RTOS/cmsis_os.c **** /**
1377:Middlewares/Third_Party/FreeRTOS/Source/CMSIS_RTOS/cmsis_os.c **** * @brief  Obtain the state of any thread.
1378:Middlewares/Third_Party/FreeRTOS/Source/CMSIS_RTOS/cmsis_os.c **** * @param   thread_id   thread ID obtained by \ref osThreadCreate or \ref osThreadGetId.
1379:Middlewares/Third_Party/FreeRTOS/Source/CMSIS_RTOS/cmsis_os.c **** * @retval  the stae of the thread, states are encoded by the osThreadState enumerated type.
1380:Middlewares/Third_Party/FreeRTOS/Source/CMSIS_RTOS/cmsis_os.c **** */
1381:Middlewares/Third_Party/FreeRTOS/Source/CMSIS_RTOS/cmsis_os.c **** osThreadState osThreadGetState(osThreadId thread_id)
1382:Middlewares/Third_Party/FreeRTOS/Source/CMSIS_RTOS/cmsis_os.c **** {
 2852              		.loc 1 1382 1 is_stmt 1 view -0
 2853              		.cfi_startproc
 2854              		@ args = 0, pretend = 0, frame = 0
 2855              		@ frame_needed = 0, uses_anonymous_args = 0
ARM GAS  D:\TMP\ccghNG8s.s 			page 84


 2856              		.loc 1 1382 1 is_stmt 0 view .LVU734
 2857 0000 08B5     		push	{r3, lr}
 2858              	.LCFI69:
 2859              		.cfi_def_cfa_offset 8
 2860              		.cfi_offset 3, -8
 2861              		.cfi_offset 14, -4
1383:Middlewares/Third_Party/FreeRTOS/Source/CMSIS_RTOS/cmsis_os.c ****   eTaskState ThreadState;
 2862              		.loc 1 1383 3 is_stmt 1 view .LVU735
1384:Middlewares/Third_Party/FreeRTOS/Source/CMSIS_RTOS/cmsis_os.c ****   osThreadState result;
 2863              		.loc 1 1384 3 view .LVU736
1385:Middlewares/Third_Party/FreeRTOS/Source/CMSIS_RTOS/cmsis_os.c ****   
1386:Middlewares/Third_Party/FreeRTOS/Source/CMSIS_RTOS/cmsis_os.c ****   ThreadState = eTaskGetState(thread_id);
 2864              		.loc 1 1386 3 view .LVU737
 2865              		.loc 1 1386 17 is_stmt 0 view .LVU738
 2866 0002 FFF7FEFF 		bl	eTaskGetState
 2867              	.LVL223:
1387:Middlewares/Third_Party/FreeRTOS/Source/CMSIS_RTOS/cmsis_os.c ****   
1388:Middlewares/Third_Party/FreeRTOS/Source/CMSIS_RTOS/cmsis_os.c ****   switch (ThreadState)
 2868              		.loc 1 1388 3 is_stmt 1 view .LVU739
 2869 0006 0428     		cmp	r0, #4
 2870 0008 0CD8     		bhi	.L211
 2871 000a DFE800F0 		tbb	[pc, r0]
 2872              	.L213:
 2873 000e 03       		.byte	(.L217-.L213)/2
 2874 000f 0E       		.byte	(.L218-.L213)/2
 2875 0010 05       		.byte	(.L215-.L213)/2
 2876 0011 07       		.byte	(.L214-.L213)/2
 2877 0012 09       		.byte	(.L212-.L213)/2
 2878 0013 00       		.p2align 1
 2879              	.L217:
 2880 0014 0020     		movs	r0, #0
 2881              	.LVL224:
 2882              	.L210:
1389:Middlewares/Third_Party/FreeRTOS/Source/CMSIS_RTOS/cmsis_os.c ****   {
1390:Middlewares/Third_Party/FreeRTOS/Source/CMSIS_RTOS/cmsis_os.c ****   case eRunning :
1391:Middlewares/Third_Party/FreeRTOS/Source/CMSIS_RTOS/cmsis_os.c ****     result = osThreadRunning;
1392:Middlewares/Third_Party/FreeRTOS/Source/CMSIS_RTOS/cmsis_os.c ****     break;
1393:Middlewares/Third_Party/FreeRTOS/Source/CMSIS_RTOS/cmsis_os.c ****   case eReady :
1394:Middlewares/Third_Party/FreeRTOS/Source/CMSIS_RTOS/cmsis_os.c ****     result = osThreadReady;
1395:Middlewares/Third_Party/FreeRTOS/Source/CMSIS_RTOS/cmsis_os.c ****     break;
1396:Middlewares/Third_Party/FreeRTOS/Source/CMSIS_RTOS/cmsis_os.c ****   case eBlocked :
1397:Middlewares/Third_Party/FreeRTOS/Source/CMSIS_RTOS/cmsis_os.c ****     result = osThreadBlocked;
1398:Middlewares/Third_Party/FreeRTOS/Source/CMSIS_RTOS/cmsis_os.c ****     break;
1399:Middlewares/Third_Party/FreeRTOS/Source/CMSIS_RTOS/cmsis_os.c ****   case eSuspended :
1400:Middlewares/Third_Party/FreeRTOS/Source/CMSIS_RTOS/cmsis_os.c ****     result = osThreadSuspended;
1401:Middlewares/Third_Party/FreeRTOS/Source/CMSIS_RTOS/cmsis_os.c ****     break;
1402:Middlewares/Third_Party/FreeRTOS/Source/CMSIS_RTOS/cmsis_os.c ****   case eDeleted :
1403:Middlewares/Third_Party/FreeRTOS/Source/CMSIS_RTOS/cmsis_os.c ****     result = osThreadDeleted;
1404:Middlewares/Third_Party/FreeRTOS/Source/CMSIS_RTOS/cmsis_os.c ****     break;
1405:Middlewares/Third_Party/FreeRTOS/Source/CMSIS_RTOS/cmsis_os.c ****   default:
1406:Middlewares/Third_Party/FreeRTOS/Source/CMSIS_RTOS/cmsis_os.c ****     result = osThreadError;
1407:Middlewares/Third_Party/FreeRTOS/Source/CMSIS_RTOS/cmsis_os.c ****   } 
1408:Middlewares/Third_Party/FreeRTOS/Source/CMSIS_RTOS/cmsis_os.c ****   
1409:Middlewares/Third_Party/FreeRTOS/Source/CMSIS_RTOS/cmsis_os.c ****   return result;
1410:Middlewares/Third_Party/FreeRTOS/Source/CMSIS_RTOS/cmsis_os.c **** }
 2883              		.loc 1 1410 1 is_stmt 0 view .LVU740
 2884 0016 08BD     		pop	{r3, pc}
ARM GAS  D:\TMP\ccghNG8s.s 			page 85


 2885              	.LVL225:
 2886              	.L215:
1397:Middlewares/Third_Party/FreeRTOS/Source/CMSIS_RTOS/cmsis_os.c ****     break;
 2887              		.loc 1 1397 5 is_stmt 1 view .LVU741
1398:Middlewares/Third_Party/FreeRTOS/Source/CMSIS_RTOS/cmsis_os.c ****   case eSuspended :
 2888              		.loc 1 1398 5 view .LVU742
1397:Middlewares/Third_Party/FreeRTOS/Source/CMSIS_RTOS/cmsis_os.c ****     break;
 2889              		.loc 1 1397 12 is_stmt 0 view .LVU743
 2890 0018 0220     		movs	r0, #2
 2891              	.LVL226:
1398:Middlewares/Third_Party/FreeRTOS/Source/CMSIS_RTOS/cmsis_os.c ****   case eSuspended :
 2892              		.loc 1 1398 5 view .LVU744
 2893 001a FCE7     		b	.L210
 2894              	.LVL227:
 2895              	.L214:
1400:Middlewares/Third_Party/FreeRTOS/Source/CMSIS_RTOS/cmsis_os.c ****     break;
 2896              		.loc 1 1400 5 is_stmt 1 view .LVU745
1401:Middlewares/Third_Party/FreeRTOS/Source/CMSIS_RTOS/cmsis_os.c ****   case eDeleted :
 2897              		.loc 1 1401 5 view .LVU746
1400:Middlewares/Third_Party/FreeRTOS/Source/CMSIS_RTOS/cmsis_os.c ****     break;
 2898              		.loc 1 1400 12 is_stmt 0 view .LVU747
 2899 001c 0320     		movs	r0, #3
 2900              	.LVL228:
1401:Middlewares/Third_Party/FreeRTOS/Source/CMSIS_RTOS/cmsis_os.c ****   case eDeleted :
 2901              		.loc 1 1401 5 view .LVU748
 2902 001e FAE7     		b	.L210
 2903              	.LVL229:
 2904              	.L212:
1403:Middlewares/Third_Party/FreeRTOS/Source/CMSIS_RTOS/cmsis_os.c ****     break;
 2905              		.loc 1 1403 5 is_stmt 1 view .LVU749
1404:Middlewares/Third_Party/FreeRTOS/Source/CMSIS_RTOS/cmsis_os.c ****   default:
 2906              		.loc 1 1404 5 view .LVU750
1403:Middlewares/Third_Party/FreeRTOS/Source/CMSIS_RTOS/cmsis_os.c ****     break;
 2907              		.loc 1 1403 12 is_stmt 0 view .LVU751
 2908 0020 0420     		movs	r0, #4
 2909              	.LVL230:
1404:Middlewares/Third_Party/FreeRTOS/Source/CMSIS_RTOS/cmsis_os.c ****   default:
 2910              		.loc 1 1404 5 view .LVU752
 2911 0022 F8E7     		b	.L210
 2912              	.LVL231:
 2913              	.L211:
1406:Middlewares/Third_Party/FreeRTOS/Source/CMSIS_RTOS/cmsis_os.c ****   } 
 2914              		.loc 1 1406 5 is_stmt 1 view .LVU753
1406:Middlewares/Third_Party/FreeRTOS/Source/CMSIS_RTOS/cmsis_os.c ****   } 
 2915              		.loc 1 1406 12 is_stmt 0 view .LVU754
 2916 0024 6FF00040 		mvn	r0, #-2147483648
 2917              	.LVL232:
1406:Middlewares/Third_Party/FreeRTOS/Source/CMSIS_RTOS/cmsis_os.c ****   } 
 2918              		.loc 1 1406 12 view .LVU755
 2919 0028 F5E7     		b	.L210
 2920              	.LVL233:
 2921              	.L218:
1394:Middlewares/Third_Party/FreeRTOS/Source/CMSIS_RTOS/cmsis_os.c ****     break;
 2922              		.loc 1 1394 12 view .LVU756
 2923 002a 0120     		movs	r0, #1
 2924              	.LVL234:
1409:Middlewares/Third_Party/FreeRTOS/Source/CMSIS_RTOS/cmsis_os.c **** }
ARM GAS  D:\TMP\ccghNG8s.s 			page 86


 2925              		.loc 1 1409 3 is_stmt 1 view .LVU757
1409:Middlewares/Third_Party/FreeRTOS/Source/CMSIS_RTOS/cmsis_os.c **** }
 2926              		.loc 1 1409 10 is_stmt 0 view .LVU758
 2927 002c F3E7     		b	.L210
 2928              		.cfi_endproc
 2929              	.LFE90:
 2931              		.section	.text.osThreadIsSuspended,"ax",%progbits
 2932              		.align	1
 2933              		.global	osThreadIsSuspended
 2934              		.syntax unified
 2935              		.thumb
 2936              		.thumb_func
 2938              	osThreadIsSuspended:
 2939              	.LVL235:
 2940              	.LFB91:
1411:Middlewares/Third_Party/FreeRTOS/Source/CMSIS_RTOS/cmsis_os.c **** #endif /* INCLUDE_eTaskGetState */
1412:Middlewares/Third_Party/FreeRTOS/Source/CMSIS_RTOS/cmsis_os.c **** 
1413:Middlewares/Third_Party/FreeRTOS/Source/CMSIS_RTOS/cmsis_os.c **** #if (INCLUDE_eTaskGetState == 1)
1414:Middlewares/Third_Party/FreeRTOS/Source/CMSIS_RTOS/cmsis_os.c **** /**
1415:Middlewares/Third_Party/FreeRTOS/Source/CMSIS_RTOS/cmsis_os.c **** * @brief Check if a thread is already suspended or not.
1416:Middlewares/Third_Party/FreeRTOS/Source/CMSIS_RTOS/cmsis_os.c **** * @param thread_id thread ID obtained by \ref osThreadCreate or \ref osThreadGetId.
1417:Middlewares/Third_Party/FreeRTOS/Source/CMSIS_RTOS/cmsis_os.c **** * @retval status code that indicates the execution status of the function.
1418:Middlewares/Third_Party/FreeRTOS/Source/CMSIS_RTOS/cmsis_os.c **** */
1419:Middlewares/Third_Party/FreeRTOS/Source/CMSIS_RTOS/cmsis_os.c **** osStatus osThreadIsSuspended(osThreadId thread_id)
1420:Middlewares/Third_Party/FreeRTOS/Source/CMSIS_RTOS/cmsis_os.c **** {
 2941              		.loc 1 1420 1 is_stmt 1 view -0
 2942              		.cfi_startproc
 2943              		@ args = 0, pretend = 0, frame = 0
 2944              		@ frame_needed = 0, uses_anonymous_args = 0
 2945              		.loc 1 1420 1 is_stmt 0 view .LVU760
 2946 0000 08B5     		push	{r3, lr}
 2947              	.LCFI70:
 2948              		.cfi_def_cfa_offset 8
 2949              		.cfi_offset 3, -8
 2950              		.cfi_offset 14, -4
1421:Middlewares/Third_Party/FreeRTOS/Source/CMSIS_RTOS/cmsis_os.c ****   if (eTaskGetState(thread_id) == eSuspended)
 2951              		.loc 1 1421 3 is_stmt 1 view .LVU761
 2952              		.loc 1 1421 7 is_stmt 0 view .LVU762
 2953 0002 FFF7FEFF 		bl	eTaskGetState
 2954              	.LVL236:
 2955              		.loc 1 1421 6 discriminator 1 view .LVU763
 2956 0006 0328     		cmp	r0, #3
 2957 0008 01D0     		beq	.L224
1422:Middlewares/Third_Party/FreeRTOS/Source/CMSIS_RTOS/cmsis_os.c ****     return osOK;
1423:Middlewares/Third_Party/FreeRTOS/Source/CMSIS_RTOS/cmsis_os.c ****   else
1424:Middlewares/Third_Party/FreeRTOS/Source/CMSIS_RTOS/cmsis_os.c ****     return osErrorOS;
 2958              		.loc 1 1424 12 view .LVU764
 2959 000a FF20     		movs	r0, #255
 2960              	.L220:
1425:Middlewares/Third_Party/FreeRTOS/Source/CMSIS_RTOS/cmsis_os.c **** }
 2961              		.loc 1 1425 1 view .LVU765
 2962 000c 08BD     		pop	{r3, pc}
 2963              	.L224:
1422:Middlewares/Third_Party/FreeRTOS/Source/CMSIS_RTOS/cmsis_os.c ****     return osOK;
 2964              		.loc 1 1422 12 view .LVU766
 2965 000e 0020     		movs	r0, #0
 2966 0010 FCE7     		b	.L220
ARM GAS  D:\TMP\ccghNG8s.s 			page 87


 2967              		.cfi_endproc
 2968              	.LFE91:
 2970              		.section	.text.osThreadSuspend,"ax",%progbits
 2971              		.align	1
 2972              		.global	osThreadSuspend
 2973              		.syntax unified
 2974              		.thumb
 2975              		.thumb_func
 2977              	osThreadSuspend:
 2978              	.LVL237:
 2979              	.LFB92:
1426:Middlewares/Third_Party/FreeRTOS/Source/CMSIS_RTOS/cmsis_os.c **** #endif /* INCLUDE_eTaskGetState */
1427:Middlewares/Third_Party/FreeRTOS/Source/CMSIS_RTOS/cmsis_os.c **** /**
1428:Middlewares/Third_Party/FreeRTOS/Source/CMSIS_RTOS/cmsis_os.c **** * @brief  Suspend execution of a thread.
1429:Middlewares/Third_Party/FreeRTOS/Source/CMSIS_RTOS/cmsis_os.c **** * @param   thread_id   thread ID obtained by \ref osThreadCreate or \ref osThreadGetId.
1430:Middlewares/Third_Party/FreeRTOS/Source/CMSIS_RTOS/cmsis_os.c **** * @retval  status code that indicates the execution status of the function.
1431:Middlewares/Third_Party/FreeRTOS/Source/CMSIS_RTOS/cmsis_os.c **** */
1432:Middlewares/Third_Party/FreeRTOS/Source/CMSIS_RTOS/cmsis_os.c **** osStatus osThreadSuspend (osThreadId thread_id)
1433:Middlewares/Third_Party/FreeRTOS/Source/CMSIS_RTOS/cmsis_os.c **** {
 2980              		.loc 1 1433 1 is_stmt 1 view -0
 2981              		.cfi_startproc
 2982              		@ args = 0, pretend = 0, frame = 0
 2983              		@ frame_needed = 0, uses_anonymous_args = 0
 2984              		.loc 1 1433 1 is_stmt 0 view .LVU768
 2985 0000 08B5     		push	{r3, lr}
 2986              	.LCFI71:
 2987              		.cfi_def_cfa_offset 8
 2988              		.cfi_offset 3, -8
 2989              		.cfi_offset 14, -4
1434:Middlewares/Third_Party/FreeRTOS/Source/CMSIS_RTOS/cmsis_os.c **** #if (INCLUDE_vTaskSuspend == 1)
1435:Middlewares/Third_Party/FreeRTOS/Source/CMSIS_RTOS/cmsis_os.c ****     vTaskSuspend(thread_id);
 2990              		.loc 1 1435 5 is_stmt 1 view .LVU769
 2991 0002 FFF7FEFF 		bl	vTaskSuspend
 2992              	.LVL238:
1436:Middlewares/Third_Party/FreeRTOS/Source/CMSIS_RTOS/cmsis_os.c ****   
1437:Middlewares/Third_Party/FreeRTOS/Source/CMSIS_RTOS/cmsis_os.c ****   return osOK;
 2993              		.loc 1 1437 3 view .LVU770
1438:Middlewares/Third_Party/FreeRTOS/Source/CMSIS_RTOS/cmsis_os.c **** #else
1439:Middlewares/Third_Party/FreeRTOS/Source/CMSIS_RTOS/cmsis_os.c ****   return osErrorResource;
1440:Middlewares/Third_Party/FreeRTOS/Source/CMSIS_RTOS/cmsis_os.c **** #endif
1441:Middlewares/Third_Party/FreeRTOS/Source/CMSIS_RTOS/cmsis_os.c **** }
 2994              		.loc 1 1441 1 is_stmt 0 view .LVU771
 2995 0006 0020     		movs	r0, #0
 2996 0008 08BD     		pop	{r3, pc}
 2997              		.cfi_endproc
 2998              	.LFE92:
 3000              		.section	.text.osThreadResume,"ax",%progbits
 3001              		.align	1
 3002              		.global	osThreadResume
 3003              		.syntax unified
 3004              		.thumb
 3005              		.thumb_func
 3007              	osThreadResume:
 3008              	.LVL239:
 3009              	.LFB93:
1442:Middlewares/Third_Party/FreeRTOS/Source/CMSIS_RTOS/cmsis_os.c **** 
1443:Middlewares/Third_Party/FreeRTOS/Source/CMSIS_RTOS/cmsis_os.c **** /**
ARM GAS  D:\TMP\ccghNG8s.s 			page 88


1444:Middlewares/Third_Party/FreeRTOS/Source/CMSIS_RTOS/cmsis_os.c **** * @brief  Resume execution of a suspended thread.
1445:Middlewares/Third_Party/FreeRTOS/Source/CMSIS_RTOS/cmsis_os.c **** * @param   thread_id   thread ID obtained by \ref osThreadCreate or \ref osThreadGetId.
1446:Middlewares/Third_Party/FreeRTOS/Source/CMSIS_RTOS/cmsis_os.c **** * @retval  status code that indicates the execution status of the function.
1447:Middlewares/Third_Party/FreeRTOS/Source/CMSIS_RTOS/cmsis_os.c **** */
1448:Middlewares/Third_Party/FreeRTOS/Source/CMSIS_RTOS/cmsis_os.c **** osStatus osThreadResume (osThreadId thread_id)
1449:Middlewares/Third_Party/FreeRTOS/Source/CMSIS_RTOS/cmsis_os.c **** {
 3010              		.loc 1 1449 1 is_stmt 1 view -0
 3011              		.cfi_startproc
 3012              		@ args = 0, pretend = 0, frame = 0
 3013              		@ frame_needed = 0, uses_anonymous_args = 0
 3014              		.loc 1 1449 1 is_stmt 0 view .LVU773
 3015 0000 10B5     		push	{r4, lr}
 3016              	.LCFI72:
 3017              		.cfi_def_cfa_offset 8
 3018              		.cfi_offset 4, -8
 3019              		.cfi_offset 14, -4
 3020 0002 0446     		mov	r4, r0
1450:Middlewares/Third_Party/FreeRTOS/Source/CMSIS_RTOS/cmsis_os.c **** #if (INCLUDE_vTaskSuspend == 1)  
1451:Middlewares/Third_Party/FreeRTOS/Source/CMSIS_RTOS/cmsis_os.c ****   if(inHandlerMode())
 3021              		.loc 1 1451 3 is_stmt 1 view .LVU774
 3022              		.loc 1 1451 6 is_stmt 0 view .LVU775
 3023 0004 FFF7FEFF 		bl	inHandlerMode
 3024              	.LVL240:
 3025              		.loc 1 1451 5 discriminator 1 view .LVU776
 3026 0008 78B1     		cbz	r0, .L228
1452:Middlewares/Third_Party/FreeRTOS/Source/CMSIS_RTOS/cmsis_os.c ****   {
1453:Middlewares/Third_Party/FreeRTOS/Source/CMSIS_RTOS/cmsis_os.c ****     if (xTaskResumeFromISR(thread_id) == pdTRUE)
 3027              		.loc 1 1453 5 is_stmt 1 view .LVU777
 3028              		.loc 1 1453 9 is_stmt 0 view .LVU778
 3029 000a 2046     		mov	r0, r4
 3030 000c FFF7FEFF 		bl	xTaskResumeFromISR
 3031              	.LVL241:
 3032              		.loc 1 1453 8 discriminator 1 view .LVU779
 3033 0010 0128     		cmp	r0, #1
 3034 0012 0DD1     		bne	.L229
1454:Middlewares/Third_Party/FreeRTOS/Source/CMSIS_RTOS/cmsis_os.c ****     {
1455:Middlewares/Third_Party/FreeRTOS/Source/CMSIS_RTOS/cmsis_os.c ****       portYIELD_FROM_ISR(pdTRUE);
 3035              		.loc 1 1455 7 is_stmt 1 view .LVU780
 3036              		.loc 1 1455 7 discriminator 1 view .LVU781
 3037 0014 4FF0E023 		mov	r3, #-536813568
 3038 0018 4FF08052 		mov	r2, #268435456
 3039 001c C3F8042D 		str	r2, [r3, #3332]
 3040              		.loc 1 1455 7 discriminator 1 view .LVU782
 3041              		.syntax unified
 3042              	@ 1455 "Middlewares/Third_Party/FreeRTOS/Source/CMSIS_RTOS/cmsis_os.c" 1
 3043 0020 BFF34F8F 		dsb
 3044              	@ 0 "" 2
 3045              		.loc 1 1455 7 discriminator 1 view .LVU783
 3046              	@ 1455 "Middlewares/Third_Party/FreeRTOS/Source/CMSIS_RTOS/cmsis_os.c" 1
 3047 0024 BFF36F8F 		isb
 3048              	@ 0 "" 2
 3049              		.thumb
 3050              		.syntax unified
 3051 0028 02E0     		b	.L229
 3052              	.L228:
1456:Middlewares/Third_Party/FreeRTOS/Source/CMSIS_RTOS/cmsis_os.c ****     }
1457:Middlewares/Third_Party/FreeRTOS/Source/CMSIS_RTOS/cmsis_os.c ****   }
ARM GAS  D:\TMP\ccghNG8s.s 			page 89


1458:Middlewares/Third_Party/FreeRTOS/Source/CMSIS_RTOS/cmsis_os.c ****   else
1459:Middlewares/Third_Party/FreeRTOS/Source/CMSIS_RTOS/cmsis_os.c ****   {
1460:Middlewares/Third_Party/FreeRTOS/Source/CMSIS_RTOS/cmsis_os.c ****     vTaskResume(thread_id);
 3053              		.loc 1 1460 5 view .LVU784
 3054 002a 2046     		mov	r0, r4
 3055 002c FFF7FEFF 		bl	vTaskResume
 3056              	.LVL242:
 3057              	.L229:
1461:Middlewares/Third_Party/FreeRTOS/Source/CMSIS_RTOS/cmsis_os.c ****   }
1462:Middlewares/Third_Party/FreeRTOS/Source/CMSIS_RTOS/cmsis_os.c ****   return osOK;
 3058              		.loc 1 1462 3 view .LVU785
1463:Middlewares/Third_Party/FreeRTOS/Source/CMSIS_RTOS/cmsis_os.c **** #else
1464:Middlewares/Third_Party/FreeRTOS/Source/CMSIS_RTOS/cmsis_os.c ****   return osErrorResource;
1465:Middlewares/Third_Party/FreeRTOS/Source/CMSIS_RTOS/cmsis_os.c **** #endif
1466:Middlewares/Third_Party/FreeRTOS/Source/CMSIS_RTOS/cmsis_os.c **** }
 3059              		.loc 1 1466 1 is_stmt 0 view .LVU786
 3060 0030 0020     		movs	r0, #0
 3061 0032 10BD     		pop	{r4, pc}
 3062              		.loc 1 1466 1 view .LVU787
 3063              		.cfi_endproc
 3064              	.LFE93:
 3066              		.section	.text.osThreadSuspendAll,"ax",%progbits
 3067              		.align	1
 3068              		.global	osThreadSuspendAll
 3069              		.syntax unified
 3070              		.thumb
 3071              		.thumb_func
 3073              	osThreadSuspendAll:
 3074              	.LFB94:
1467:Middlewares/Third_Party/FreeRTOS/Source/CMSIS_RTOS/cmsis_os.c **** 
1468:Middlewares/Third_Party/FreeRTOS/Source/CMSIS_RTOS/cmsis_os.c **** /**
1469:Middlewares/Third_Party/FreeRTOS/Source/CMSIS_RTOS/cmsis_os.c **** * @brief  Suspend execution of a all active threads.
1470:Middlewares/Third_Party/FreeRTOS/Source/CMSIS_RTOS/cmsis_os.c **** * @retval  status code that indicates the execution status of the function.
1471:Middlewares/Third_Party/FreeRTOS/Source/CMSIS_RTOS/cmsis_os.c **** */
1472:Middlewares/Third_Party/FreeRTOS/Source/CMSIS_RTOS/cmsis_os.c **** osStatus osThreadSuspendAll (void)
1473:Middlewares/Third_Party/FreeRTOS/Source/CMSIS_RTOS/cmsis_os.c **** {
 3075              		.loc 1 1473 1 is_stmt 1 view -0
 3076              		.cfi_startproc
 3077              		@ args = 0, pretend = 0, frame = 0
 3078              		@ frame_needed = 0, uses_anonymous_args = 0
 3079 0000 08B5     		push	{r3, lr}
 3080              	.LCFI73:
 3081              		.cfi_def_cfa_offset 8
 3082              		.cfi_offset 3, -8
 3083              		.cfi_offset 14, -4
1474:Middlewares/Third_Party/FreeRTOS/Source/CMSIS_RTOS/cmsis_os.c ****   vTaskSuspendAll();
 3084              		.loc 1 1474 3 view .LVU789
 3085 0002 FFF7FEFF 		bl	vTaskSuspendAll
 3086              	.LVL243:
1475:Middlewares/Third_Party/FreeRTOS/Source/CMSIS_RTOS/cmsis_os.c ****   
1476:Middlewares/Third_Party/FreeRTOS/Source/CMSIS_RTOS/cmsis_os.c ****   return osOK;
 3087              		.loc 1 1476 3 view .LVU790
1477:Middlewares/Third_Party/FreeRTOS/Source/CMSIS_RTOS/cmsis_os.c **** }
 3088              		.loc 1 1477 1 is_stmt 0 view .LVU791
 3089 0006 0020     		movs	r0, #0
 3090 0008 08BD     		pop	{r3, pc}
 3091              		.cfi_endproc
ARM GAS  D:\TMP\ccghNG8s.s 			page 90


 3092              	.LFE94:
 3094              		.section	.text.osThreadResumeAll,"ax",%progbits
 3095              		.align	1
 3096              		.global	osThreadResumeAll
 3097              		.syntax unified
 3098              		.thumb
 3099              		.thumb_func
 3101              	osThreadResumeAll:
 3102              	.LFB95:
1478:Middlewares/Third_Party/FreeRTOS/Source/CMSIS_RTOS/cmsis_os.c **** 
1479:Middlewares/Third_Party/FreeRTOS/Source/CMSIS_RTOS/cmsis_os.c **** /**
1480:Middlewares/Third_Party/FreeRTOS/Source/CMSIS_RTOS/cmsis_os.c **** * @brief  Resume execution of a all suspended threads.
1481:Middlewares/Third_Party/FreeRTOS/Source/CMSIS_RTOS/cmsis_os.c **** * @retval  status code that indicates the execution status of the function.
1482:Middlewares/Third_Party/FreeRTOS/Source/CMSIS_RTOS/cmsis_os.c **** */
1483:Middlewares/Third_Party/FreeRTOS/Source/CMSIS_RTOS/cmsis_os.c **** osStatus osThreadResumeAll (void)
1484:Middlewares/Third_Party/FreeRTOS/Source/CMSIS_RTOS/cmsis_os.c **** {
 3103              		.loc 1 1484 1 is_stmt 1 view -0
 3104              		.cfi_startproc
 3105              		@ args = 0, pretend = 0, frame = 0
 3106              		@ frame_needed = 0, uses_anonymous_args = 0
 3107 0000 08B5     		push	{r3, lr}
 3108              	.LCFI74:
 3109              		.cfi_def_cfa_offset 8
 3110              		.cfi_offset 3, -8
 3111              		.cfi_offset 14, -4
1485:Middlewares/Third_Party/FreeRTOS/Source/CMSIS_RTOS/cmsis_os.c ****   if (xTaskResumeAll() == pdTRUE)
 3112              		.loc 1 1485 3 view .LVU793
 3113              		.loc 1 1485 7 is_stmt 0 view .LVU794
 3114 0002 FFF7FEFF 		bl	xTaskResumeAll
 3115              	.LVL244:
 3116              		.loc 1 1485 6 discriminator 1 view .LVU795
 3117 0006 0128     		cmp	r0, #1
 3118 0008 01D0     		beq	.L237
1486:Middlewares/Third_Party/FreeRTOS/Source/CMSIS_RTOS/cmsis_os.c ****     return osOK;
1487:Middlewares/Third_Party/FreeRTOS/Source/CMSIS_RTOS/cmsis_os.c ****   else
1488:Middlewares/Third_Party/FreeRTOS/Source/CMSIS_RTOS/cmsis_os.c ****     return osErrorOS;
 3119              		.loc 1 1488 12 view .LVU796
 3120 000a FF20     		movs	r0, #255
 3121              	.L233:
1489:Middlewares/Third_Party/FreeRTOS/Source/CMSIS_RTOS/cmsis_os.c ****   
1490:Middlewares/Third_Party/FreeRTOS/Source/CMSIS_RTOS/cmsis_os.c **** }
 3122              		.loc 1 1490 1 view .LVU797
 3123 000c 08BD     		pop	{r3, pc}
 3124              	.L237:
1486:Middlewares/Third_Party/FreeRTOS/Source/CMSIS_RTOS/cmsis_os.c ****     return osOK;
 3125              		.loc 1 1486 12 view .LVU798
 3126 000e 0020     		movs	r0, #0
 3127 0010 FCE7     		b	.L233
 3128              		.cfi_endproc
 3129              	.LFE95:
 3131              		.section	.text.osDelayUntil,"ax",%progbits
 3132              		.align	1
 3133              		.global	osDelayUntil
 3134              		.syntax unified
 3135              		.thumb
 3136              		.thumb_func
 3138              	osDelayUntil:
ARM GAS  D:\TMP\ccghNG8s.s 			page 91


 3139              	.LVL245:
 3140              	.LFB96:
1491:Middlewares/Third_Party/FreeRTOS/Source/CMSIS_RTOS/cmsis_os.c **** 
1492:Middlewares/Third_Party/FreeRTOS/Source/CMSIS_RTOS/cmsis_os.c **** /**
1493:Middlewares/Third_Party/FreeRTOS/Source/CMSIS_RTOS/cmsis_os.c **** * @brief  Delay a task until a specified time
1494:Middlewares/Third_Party/FreeRTOS/Source/CMSIS_RTOS/cmsis_os.c **** * @param   PreviousWakeTime   Pointer to a variable that holds the time at which the 
1495:Middlewares/Third_Party/FreeRTOS/Source/CMSIS_RTOS/cmsis_os.c **** *          task was last unblocked. PreviousWakeTime must be initialised with the current time
1496:Middlewares/Third_Party/FreeRTOS/Source/CMSIS_RTOS/cmsis_os.c **** *          prior to its first use (PreviousWakeTime = osKernelSysTick() )
1497:Middlewares/Third_Party/FreeRTOS/Source/CMSIS_RTOS/cmsis_os.c **** * @param   millisec    time delay value
1498:Middlewares/Third_Party/FreeRTOS/Source/CMSIS_RTOS/cmsis_os.c **** * @retval  status code that indicates the execution status of the function.
1499:Middlewares/Third_Party/FreeRTOS/Source/CMSIS_RTOS/cmsis_os.c **** */
1500:Middlewares/Third_Party/FreeRTOS/Source/CMSIS_RTOS/cmsis_os.c **** osStatus osDelayUntil (uint32_t *PreviousWakeTime, uint32_t millisec)
1501:Middlewares/Third_Party/FreeRTOS/Source/CMSIS_RTOS/cmsis_os.c **** {
 3141              		.loc 1 1501 1 is_stmt 1 view -0
 3142              		.cfi_startproc
 3143              		@ args = 0, pretend = 0, frame = 0
 3144              		@ frame_needed = 0, uses_anonymous_args = 0
 3145              		.loc 1 1501 1 is_stmt 0 view .LVU800
 3146 0000 08B5     		push	{r3, lr}
 3147              	.LCFI75:
 3148              		.cfi_def_cfa_offset 8
 3149              		.cfi_offset 3, -8
 3150              		.cfi_offset 14, -4
1502:Middlewares/Third_Party/FreeRTOS/Source/CMSIS_RTOS/cmsis_os.c **** #if INCLUDE_vTaskDelayUntil
1503:Middlewares/Third_Party/FreeRTOS/Source/CMSIS_RTOS/cmsis_os.c ****   TickType_t ticks = (millisec / portTICK_PERIOD_MS);
 3151              		.loc 1 1503 3 is_stmt 1 view .LVU801
 3152              	.LVL246:
1504:Middlewares/Third_Party/FreeRTOS/Source/CMSIS_RTOS/cmsis_os.c ****   vTaskDelayUntil((TickType_t *) PreviousWakeTime, ticks ? ticks : 1);
 3153              		.loc 1 1504 3 view .LVU802
 3154 0002 01B9     		cbnz	r1, .L239
 3155              		.loc 1 1504 3 is_stmt 0 discriminator 2 view .LVU803
 3156 0004 0121     		movs	r1, #1
 3157              	.LVL247:
 3158              	.L239:
 3159              		.loc 1 1504 3 discriminator 4 view .LVU804
 3160 0006 FFF7FEFF 		bl	vTaskDelayUntil
 3161              	.LVL248:
1505:Middlewares/Third_Party/FreeRTOS/Source/CMSIS_RTOS/cmsis_os.c ****   
1506:Middlewares/Third_Party/FreeRTOS/Source/CMSIS_RTOS/cmsis_os.c ****   return osOK;
 3162              		.loc 1 1506 3 is_stmt 1 view .LVU805
1507:Middlewares/Third_Party/FreeRTOS/Source/CMSIS_RTOS/cmsis_os.c **** #else
1508:Middlewares/Third_Party/FreeRTOS/Source/CMSIS_RTOS/cmsis_os.c ****   (void) millisec;
1509:Middlewares/Third_Party/FreeRTOS/Source/CMSIS_RTOS/cmsis_os.c ****   (void) PreviousWakeTime;
1510:Middlewares/Third_Party/FreeRTOS/Source/CMSIS_RTOS/cmsis_os.c ****   
1511:Middlewares/Third_Party/FreeRTOS/Source/CMSIS_RTOS/cmsis_os.c ****   return osErrorResource;
1512:Middlewares/Third_Party/FreeRTOS/Source/CMSIS_RTOS/cmsis_os.c **** #endif
1513:Middlewares/Third_Party/FreeRTOS/Source/CMSIS_RTOS/cmsis_os.c **** }
 3163              		.loc 1 1513 1 is_stmt 0 view .LVU806
 3164 000a 0020     		movs	r0, #0
 3165 000c 08BD     		pop	{r3, pc}
 3166              		.cfi_endproc
 3167              	.LFE96:
 3169              		.section	.text.osAbortDelay,"ax",%progbits
 3170              		.align	1
 3171              		.global	osAbortDelay
 3172              		.syntax unified
 3173              		.thumb
ARM GAS  D:\TMP\ccghNG8s.s 			page 92


 3174              		.thumb_func
 3176              	osAbortDelay:
 3177              	.LVL249:
 3178              	.LFB97:
1514:Middlewares/Third_Party/FreeRTOS/Source/CMSIS_RTOS/cmsis_os.c **** 
1515:Middlewares/Third_Party/FreeRTOS/Source/CMSIS_RTOS/cmsis_os.c **** /**
1516:Middlewares/Third_Party/FreeRTOS/Source/CMSIS_RTOS/cmsis_os.c **** * @brief   Abort the delay for a specific thread
1517:Middlewares/Third_Party/FreeRTOS/Source/CMSIS_RTOS/cmsis_os.c **** * @param   thread_id   thread ID obtained by \ref osThreadCreate or \ref osThreadGetId   
1518:Middlewares/Third_Party/FreeRTOS/Source/CMSIS_RTOS/cmsis_os.c **** * @retval  status code that indicates the execution status of the function.
1519:Middlewares/Third_Party/FreeRTOS/Source/CMSIS_RTOS/cmsis_os.c **** */
1520:Middlewares/Third_Party/FreeRTOS/Source/CMSIS_RTOS/cmsis_os.c **** osStatus osAbortDelay(osThreadId thread_id)
1521:Middlewares/Third_Party/FreeRTOS/Source/CMSIS_RTOS/cmsis_os.c **** {
 3179              		.loc 1 1521 1 is_stmt 1 view -0
 3180              		.cfi_startproc
 3181              		@ args = 0, pretend = 0, frame = 0
 3182              		@ frame_needed = 0, uses_anonymous_args = 0
 3183              		@ link register save eliminated.
1522:Middlewares/Third_Party/FreeRTOS/Source/CMSIS_RTOS/cmsis_os.c **** #if INCLUDE_xTaskAbortDelay
1523:Middlewares/Third_Party/FreeRTOS/Source/CMSIS_RTOS/cmsis_os.c ****   
1524:Middlewares/Third_Party/FreeRTOS/Source/CMSIS_RTOS/cmsis_os.c ****   xTaskAbortDelay(thread_id);
1525:Middlewares/Third_Party/FreeRTOS/Source/CMSIS_RTOS/cmsis_os.c ****   
1526:Middlewares/Third_Party/FreeRTOS/Source/CMSIS_RTOS/cmsis_os.c ****   return osOK;
1527:Middlewares/Third_Party/FreeRTOS/Source/CMSIS_RTOS/cmsis_os.c **** #else
1528:Middlewares/Third_Party/FreeRTOS/Source/CMSIS_RTOS/cmsis_os.c ****   (void) thread_id;
 3184              		.loc 1 1528 3 view .LVU808
1529:Middlewares/Third_Party/FreeRTOS/Source/CMSIS_RTOS/cmsis_os.c ****   
1530:Middlewares/Third_Party/FreeRTOS/Source/CMSIS_RTOS/cmsis_os.c ****   return osErrorResource;
 3185              		.loc 1 1530 3 view .LVU809
1531:Middlewares/Third_Party/FreeRTOS/Source/CMSIS_RTOS/cmsis_os.c **** #endif
1532:Middlewares/Third_Party/FreeRTOS/Source/CMSIS_RTOS/cmsis_os.c **** }
 3186              		.loc 1 1532 1 is_stmt 0 view .LVU810
 3187 0000 8120     		movs	r0, #129
 3188              	.LVL250:
 3189              		.loc 1 1532 1 view .LVU811
 3190 0002 7047     		bx	lr
 3191              		.cfi_endproc
 3192              	.LFE97:
 3194              		.section	.text.osThreadList,"ax",%progbits
 3195              		.align	1
 3196              		.global	osThreadList
 3197              		.syntax unified
 3198              		.thumb
 3199              		.thumb_func
 3201              	osThreadList:
 3202              	.LVL251:
 3203              	.LFB98:
1533:Middlewares/Third_Party/FreeRTOS/Source/CMSIS_RTOS/cmsis_os.c **** 
1534:Middlewares/Third_Party/FreeRTOS/Source/CMSIS_RTOS/cmsis_os.c **** /**
1535:Middlewares/Third_Party/FreeRTOS/Source/CMSIS_RTOS/cmsis_os.c **** * @brief   Lists all the current threads, along with their current state 
1536:Middlewares/Third_Party/FreeRTOS/Source/CMSIS_RTOS/cmsis_os.c **** *          and stack usage high water mark.
1537:Middlewares/Third_Party/FreeRTOS/Source/CMSIS_RTOS/cmsis_os.c **** * @param   buffer   A buffer into which the above mentioned details
1538:Middlewares/Third_Party/FreeRTOS/Source/CMSIS_RTOS/cmsis_os.c **** *          will be written
1539:Middlewares/Third_Party/FreeRTOS/Source/CMSIS_RTOS/cmsis_os.c **** * @retval  status code that indicates the execution status of the function.
1540:Middlewares/Third_Party/FreeRTOS/Source/CMSIS_RTOS/cmsis_os.c **** */
1541:Middlewares/Third_Party/FreeRTOS/Source/CMSIS_RTOS/cmsis_os.c **** osStatus osThreadList (uint8_t *buffer)
1542:Middlewares/Third_Party/FreeRTOS/Source/CMSIS_RTOS/cmsis_os.c **** {
 3204              		.loc 1 1542 1 is_stmt 1 view -0
ARM GAS  D:\TMP\ccghNG8s.s 			page 93


 3205              		.cfi_startproc
 3206              		@ args = 0, pretend = 0, frame = 0
 3207              		@ frame_needed = 0, uses_anonymous_args = 0
 3208              		@ link register save eliminated.
1543:Middlewares/Third_Party/FreeRTOS/Source/CMSIS_RTOS/cmsis_os.c **** #if ( ( configUSE_TRACE_FACILITY == 1 ) && ( configUSE_STATS_FORMATTING_FUNCTIONS == 1 ) )
1544:Middlewares/Third_Party/FreeRTOS/Source/CMSIS_RTOS/cmsis_os.c ****   vTaskList((char *)buffer);
1545:Middlewares/Third_Party/FreeRTOS/Source/CMSIS_RTOS/cmsis_os.c **** #endif
1546:Middlewares/Third_Party/FreeRTOS/Source/CMSIS_RTOS/cmsis_os.c ****   return osOK;
 3209              		.loc 1 1546 3 view .LVU813
1547:Middlewares/Third_Party/FreeRTOS/Source/CMSIS_RTOS/cmsis_os.c **** }
 3210              		.loc 1 1547 1 is_stmt 0 view .LVU814
 3211 0000 0020     		movs	r0, #0
 3212              	.LVL252:
 3213              		.loc 1 1547 1 view .LVU815
 3214 0002 7047     		bx	lr
 3215              		.cfi_endproc
 3216              	.LFE98:
 3218              		.section	.text.osMessagePeek,"ax",%progbits
 3219              		.align	1
 3220              		.global	osMessagePeek
 3221              		.syntax unified
 3222              		.thumb
 3223              		.thumb_func
 3225              	osMessagePeek:
 3226              	.LVL253:
 3227              	.LFB99:
1548:Middlewares/Third_Party/FreeRTOS/Source/CMSIS_RTOS/cmsis_os.c **** 
1549:Middlewares/Third_Party/FreeRTOS/Source/CMSIS_RTOS/cmsis_os.c **** /**
1550:Middlewares/Third_Party/FreeRTOS/Source/CMSIS_RTOS/cmsis_os.c **** * @brief  Receive an item from a queue without removing the item from the queue.
1551:Middlewares/Third_Party/FreeRTOS/Source/CMSIS_RTOS/cmsis_os.c **** * @param  queue_id  message queue ID obtained with \ref osMessageCreate.
1552:Middlewares/Third_Party/FreeRTOS/Source/CMSIS_RTOS/cmsis_os.c **** * @param  millisec  timeout value or 0 in case of no time-out.
1553:Middlewares/Third_Party/FreeRTOS/Source/CMSIS_RTOS/cmsis_os.c **** * @retval event information that includes status code.
1554:Middlewares/Third_Party/FreeRTOS/Source/CMSIS_RTOS/cmsis_os.c **** */
1555:Middlewares/Third_Party/FreeRTOS/Source/CMSIS_RTOS/cmsis_os.c **** osEvent osMessagePeek (osMessageQId queue_id, uint32_t millisec)
1556:Middlewares/Third_Party/FreeRTOS/Source/CMSIS_RTOS/cmsis_os.c **** {
 3228              		.loc 1 1556 1 is_stmt 1 view -0
 3229              		.cfi_startproc
 3230              		@ args = 0, pretend = 0, frame = 16
 3231              		@ frame_needed = 0, uses_anonymous_args = 0
 3232              		.loc 1 1556 1 is_stmt 0 view .LVU817
 3233 0000 30B5     		push	{r4, r5, lr}
 3234              	.LCFI76:
 3235              		.cfi_def_cfa_offset 12
 3236              		.cfi_offset 4, -12
 3237              		.cfi_offset 5, -8
 3238              		.cfi_offset 14, -4
 3239 0002 85B0     		sub	sp, sp, #20
 3240              	.LCFI77:
 3241              		.cfi_def_cfa_offset 32
 3242 0004 0446     		mov	r4, r0
1557:Middlewares/Third_Party/FreeRTOS/Source/CMSIS_RTOS/cmsis_os.c ****   TickType_t ticks;
 3243              		.loc 1 1557 3 is_stmt 1 view .LVU818
1558:Middlewares/Third_Party/FreeRTOS/Source/CMSIS_RTOS/cmsis_os.c ****   osEvent event;
 3244              		.loc 1 1558 3 view .LVU819
1559:Middlewares/Third_Party/FreeRTOS/Source/CMSIS_RTOS/cmsis_os.c ****   
1560:Middlewares/Third_Party/FreeRTOS/Source/CMSIS_RTOS/cmsis_os.c ****   event.def.message_id = queue_id;
 3245              		.loc 1 1560 3 view .LVU820
ARM GAS  D:\TMP\ccghNG8s.s 			page 94


 3246              		.loc 1 1560 24 is_stmt 0 view .LVU821
 3247 0006 0391     		str	r1, [sp, #12]
1561:Middlewares/Third_Party/FreeRTOS/Source/CMSIS_RTOS/cmsis_os.c ****   
1562:Middlewares/Third_Party/FreeRTOS/Source/CMSIS_RTOS/cmsis_os.c ****   if (queue_id == NULL) {
 3248              		.loc 1 1562 3 is_stmt 1 view .LVU822
 3249              		.loc 1 1562 6 is_stmt 0 view .LVU823
 3250 0008 89B1     		cbz	r1, .L252
 3251 000a 0846     		mov	r0, r1
 3252              	.LVL254:
 3253              		.loc 1 1562 6 view .LVU824
 3254 000c 1546     		mov	r5, r2
1563:Middlewares/Third_Party/FreeRTOS/Source/CMSIS_RTOS/cmsis_os.c ****     event.status = osErrorParameter;
1564:Middlewares/Third_Party/FreeRTOS/Source/CMSIS_RTOS/cmsis_os.c ****     return event;
1565:Middlewares/Third_Party/FreeRTOS/Source/CMSIS_RTOS/cmsis_os.c ****   }
1566:Middlewares/Third_Party/FreeRTOS/Source/CMSIS_RTOS/cmsis_os.c ****   
1567:Middlewares/Third_Party/FreeRTOS/Source/CMSIS_RTOS/cmsis_os.c ****   ticks = 0;
 3255              		.loc 1 1567 3 is_stmt 1 view .LVU825
 3256              	.LVL255:
1568:Middlewares/Third_Party/FreeRTOS/Source/CMSIS_RTOS/cmsis_os.c ****   if (millisec == osWaitForever) {
 3257              		.loc 1 1568 3 view .LVU826
1569:Middlewares/Third_Party/FreeRTOS/Source/CMSIS_RTOS/cmsis_os.c ****     ticks = portMAX_DELAY;
1570:Middlewares/Third_Party/FreeRTOS/Source/CMSIS_RTOS/cmsis_os.c ****   }
1571:Middlewares/Third_Party/FreeRTOS/Source/CMSIS_RTOS/cmsis_os.c ****   else if (millisec != 0) {
 3258              		.loc 1 1571 8 view .LVU827
1572:Middlewares/Third_Party/FreeRTOS/Source/CMSIS_RTOS/cmsis_os.c ****     ticks = millisec / portTICK_PERIOD_MS;
1573:Middlewares/Third_Party/FreeRTOS/Source/CMSIS_RTOS/cmsis_os.c ****     if (ticks == 0) {
1574:Middlewares/Third_Party/FreeRTOS/Source/CMSIS_RTOS/cmsis_os.c ****       ticks = 1;
1575:Middlewares/Third_Party/FreeRTOS/Source/CMSIS_RTOS/cmsis_os.c ****     }
1576:Middlewares/Third_Party/FreeRTOS/Source/CMSIS_RTOS/cmsis_os.c ****   }
1577:Middlewares/Third_Party/FreeRTOS/Source/CMSIS_RTOS/cmsis_os.c ****   
1578:Middlewares/Third_Party/FreeRTOS/Source/CMSIS_RTOS/cmsis_os.c ****   if (xQueuePeek(queue_id, &event.value.v, ticks) == pdTRUE) 
 3259              		.loc 1 1578 3 view .LVU828
 3260              		.loc 1 1578 7 is_stmt 0 view .LVU829
 3261 000e 02A9     		add	r1, sp, #8
 3262              	.LVL256:
 3263              		.loc 1 1578 7 view .LVU830
 3264 0010 FFF7FEFF 		bl	xQueuePeek
 3265              	.LVL257:
 3266              		.loc 1 1578 6 discriminator 1 view .LVU831
 3267 0014 0128     		cmp	r0, #1
 3268 0016 12D0     		beq	.L253
1579:Middlewares/Third_Party/FreeRTOS/Source/CMSIS_RTOS/cmsis_os.c ****   {
1580:Middlewares/Third_Party/FreeRTOS/Source/CMSIS_RTOS/cmsis_os.c ****     /* We have mail */
1581:Middlewares/Third_Party/FreeRTOS/Source/CMSIS_RTOS/cmsis_os.c ****     event.status = osEventMessage;
1582:Middlewares/Third_Party/FreeRTOS/Source/CMSIS_RTOS/cmsis_os.c ****   }
1583:Middlewares/Third_Party/FreeRTOS/Source/CMSIS_RTOS/cmsis_os.c ****   else 
1584:Middlewares/Third_Party/FreeRTOS/Source/CMSIS_RTOS/cmsis_os.c ****   {
1585:Middlewares/Third_Party/FreeRTOS/Source/CMSIS_RTOS/cmsis_os.c ****     event.status = (ticks == 0) ? osOK : osEventTimeout;
 3269              		.loc 1 1585 5 is_stmt 1 view .LVU832
 3270              		.loc 1 1585 40 is_stmt 0 view .LVU833
 3271 0018 05B1     		cbz	r5, .L249
 3272              		.loc 1 1585 40 discriminator 2 view .LVU834
 3273 001a 4025     		movs	r5, #64
 3274              	.LVL258:
 3275              	.L249:
 3276              		.loc 1 1585 18 discriminator 4 view .LVU835
 3277 001c 0195     		str	r5, [sp, #4]
ARM GAS  D:\TMP\ccghNG8s.s 			page 95


 3278              	.L248:
1586:Middlewares/Third_Party/FreeRTOS/Source/CMSIS_RTOS/cmsis_os.c ****   }
1587:Middlewares/Third_Party/FreeRTOS/Source/CMSIS_RTOS/cmsis_os.c ****   
1588:Middlewares/Third_Party/FreeRTOS/Source/CMSIS_RTOS/cmsis_os.c ****   return event;
 3279              		.loc 1 1588 3 is_stmt 1 view .LVU836
 3280              		.loc 1 1588 10 is_stmt 0 view .LVU837
 3281 001e 04AB     		add	r3, sp, #16
 3282 0020 13E90700 		ldmdb	r3, {r0, r1, r2}
 3283 0024 84E80700 		stm	r4, {r0, r1, r2}
 3284              	.LVL259:
 3285              	.L244:
1589:Middlewares/Third_Party/FreeRTOS/Source/CMSIS_RTOS/cmsis_os.c **** }
 3286              		.loc 1 1589 1 view .LVU838
 3287 0028 2046     		mov	r0, r4
 3288 002a 05B0     		add	sp, sp, #20
 3289              	.LCFI78:
 3290              		.cfi_remember_state
 3291              		.cfi_def_cfa_offset 12
 3292              		@ sp needed
 3293 002c 30BD     		pop	{r4, r5, pc}
 3294              	.LVL260:
 3295              	.L252:
 3296              	.LCFI79:
 3297              		.cfi_restore_state
1563:Middlewares/Third_Party/FreeRTOS/Source/CMSIS_RTOS/cmsis_os.c ****     return event;
 3298              		.loc 1 1563 5 is_stmt 1 view .LVU839
1563:Middlewares/Third_Party/FreeRTOS/Source/CMSIS_RTOS/cmsis_os.c ****     return event;
 3299              		.loc 1 1563 18 is_stmt 0 view .LVU840
 3300 002e 8023     		movs	r3, #128
 3301 0030 0193     		str	r3, [sp, #4]
1564:Middlewares/Third_Party/FreeRTOS/Source/CMSIS_RTOS/cmsis_os.c ****   }
 3302              		.loc 1 1564 5 is_stmt 1 view .LVU841
1564:Middlewares/Third_Party/FreeRTOS/Source/CMSIS_RTOS/cmsis_os.c ****   }
 3303              		.loc 1 1564 12 is_stmt 0 view .LVU842
 3304 0032 04AB     		add	r3, sp, #16
 3305 0034 13E90700 		ldmdb	r3, {r0, r1, r2}
 3306              	.LVL261:
1564:Middlewares/Third_Party/FreeRTOS/Source/CMSIS_RTOS/cmsis_os.c ****   }
 3307              		.loc 1 1564 12 view .LVU843
 3308 0038 84E80700 		stm	r4, {r0, r1, r2}
 3309 003c F4E7     		b	.L244
 3310              	.LVL262:
 3311              	.L253:
1581:Middlewares/Third_Party/FreeRTOS/Source/CMSIS_RTOS/cmsis_os.c ****   }
 3312              		.loc 1 1581 5 is_stmt 1 view .LVU844
1581:Middlewares/Third_Party/FreeRTOS/Source/CMSIS_RTOS/cmsis_os.c ****   }
 3313              		.loc 1 1581 18 is_stmt 0 view .LVU845
 3314 003e 1023     		movs	r3, #16
 3315 0040 0193     		str	r3, [sp, #4]
 3316 0042 ECE7     		b	.L248
 3317              		.cfi_endproc
 3318              	.LFE99:
 3320              		.section	.text.osMessageWaiting,"ax",%progbits
 3321              		.align	1
 3322              		.global	osMessageWaiting
 3323              		.syntax unified
 3324              		.thumb
ARM GAS  D:\TMP\ccghNG8s.s 			page 96


 3325              		.thumb_func
 3327              	osMessageWaiting:
 3328              	.LVL263:
 3329              	.LFB100:
1590:Middlewares/Third_Party/FreeRTOS/Source/CMSIS_RTOS/cmsis_os.c **** 
1591:Middlewares/Third_Party/FreeRTOS/Source/CMSIS_RTOS/cmsis_os.c **** /**
1592:Middlewares/Third_Party/FreeRTOS/Source/CMSIS_RTOS/cmsis_os.c **** * @brief  Get the number of messaged stored in a queue.
1593:Middlewares/Third_Party/FreeRTOS/Source/CMSIS_RTOS/cmsis_os.c **** * @param  queue_id  message queue ID obtained with \ref osMessageCreate.
1594:Middlewares/Third_Party/FreeRTOS/Source/CMSIS_RTOS/cmsis_os.c **** * @retval number of messages stored in a queue.
1595:Middlewares/Third_Party/FreeRTOS/Source/CMSIS_RTOS/cmsis_os.c **** */
1596:Middlewares/Third_Party/FreeRTOS/Source/CMSIS_RTOS/cmsis_os.c **** uint32_t osMessageWaiting(osMessageQId queue_id)
1597:Middlewares/Third_Party/FreeRTOS/Source/CMSIS_RTOS/cmsis_os.c **** {
 3330              		.loc 1 1597 1 is_stmt 1 view -0
 3331              		.cfi_startproc
 3332              		@ args = 0, pretend = 0, frame = 0
 3333              		@ frame_needed = 0, uses_anonymous_args = 0
 3334              		.loc 1 1597 1 is_stmt 0 view .LVU847
 3335 0000 10B5     		push	{r4, lr}
 3336              	.LCFI80:
 3337              		.cfi_def_cfa_offset 8
 3338              		.cfi_offset 4, -8
 3339              		.cfi_offset 14, -4
 3340 0002 0446     		mov	r4, r0
1598:Middlewares/Third_Party/FreeRTOS/Source/CMSIS_RTOS/cmsis_os.c ****   if (inHandlerMode()) {
 3341              		.loc 1 1598 3 is_stmt 1 view .LVU848
 3342              		.loc 1 1598 7 is_stmt 0 view .LVU849
 3343 0004 FFF7FEFF 		bl	inHandlerMode
 3344              	.LVL264:
 3345              		.loc 1 1598 6 discriminator 1 view .LVU850
 3346 0008 18B1     		cbz	r0, .L255
1599:Middlewares/Third_Party/FreeRTOS/Source/CMSIS_RTOS/cmsis_os.c ****     return uxQueueMessagesWaitingFromISR(queue_id);
 3347              		.loc 1 1599 5 is_stmt 1 view .LVU851
 3348              		.loc 1 1599 12 is_stmt 0 view .LVU852
 3349 000a 2046     		mov	r0, r4
 3350 000c FFF7FEFF 		bl	uxQueueMessagesWaitingFromISR
 3351              	.LVL265:
 3352              	.L254:
1600:Middlewares/Third_Party/FreeRTOS/Source/CMSIS_RTOS/cmsis_os.c ****   }
1601:Middlewares/Third_Party/FreeRTOS/Source/CMSIS_RTOS/cmsis_os.c ****   else
1602:Middlewares/Third_Party/FreeRTOS/Source/CMSIS_RTOS/cmsis_os.c ****   {
1603:Middlewares/Third_Party/FreeRTOS/Source/CMSIS_RTOS/cmsis_os.c ****     return uxQueueMessagesWaiting(queue_id);
1604:Middlewares/Third_Party/FreeRTOS/Source/CMSIS_RTOS/cmsis_os.c ****   }
1605:Middlewares/Third_Party/FreeRTOS/Source/CMSIS_RTOS/cmsis_os.c **** }
 3353              		.loc 1 1605 1 view .LVU853
 3354 0010 10BD     		pop	{r4, pc}
 3355              	.LVL266:
 3356              	.L255:
1603:Middlewares/Third_Party/FreeRTOS/Source/CMSIS_RTOS/cmsis_os.c ****   }
 3357              		.loc 1 1603 5 is_stmt 1 view .LVU854
1603:Middlewares/Third_Party/FreeRTOS/Source/CMSIS_RTOS/cmsis_os.c ****   }
 3358              		.loc 1 1603 12 is_stmt 0 view .LVU855
 3359 0012 2046     		mov	r0, r4
 3360 0014 FFF7FEFF 		bl	uxQueueMessagesWaiting
 3361              	.LVL267:
 3362 0018 FAE7     		b	.L254
 3363              		.cfi_endproc
 3364              	.LFE100:
ARM GAS  D:\TMP\ccghNG8s.s 			page 97


 3366              		.section	.text.osMessageAvailableSpace,"ax",%progbits
 3367              		.align	1
 3368              		.global	osMessageAvailableSpace
 3369              		.syntax unified
 3370              		.thumb
 3371              		.thumb_func
 3373              	osMessageAvailableSpace:
 3374              	.LVL268:
 3375              	.LFB101:
1606:Middlewares/Third_Party/FreeRTOS/Source/CMSIS_RTOS/cmsis_os.c **** 
1607:Middlewares/Third_Party/FreeRTOS/Source/CMSIS_RTOS/cmsis_os.c **** /**
1608:Middlewares/Third_Party/FreeRTOS/Source/CMSIS_RTOS/cmsis_os.c **** * @brief  Get the available space in a message queue.
1609:Middlewares/Third_Party/FreeRTOS/Source/CMSIS_RTOS/cmsis_os.c **** * @param  queue_id  message queue ID obtained with \ref osMessageCreate.
1610:Middlewares/Third_Party/FreeRTOS/Source/CMSIS_RTOS/cmsis_os.c **** * @retval available space in a message queue.
1611:Middlewares/Third_Party/FreeRTOS/Source/CMSIS_RTOS/cmsis_os.c **** */
1612:Middlewares/Third_Party/FreeRTOS/Source/CMSIS_RTOS/cmsis_os.c **** uint32_t osMessageAvailableSpace(osMessageQId queue_id)  
1613:Middlewares/Third_Party/FreeRTOS/Source/CMSIS_RTOS/cmsis_os.c **** {
 3376              		.loc 1 1613 1 is_stmt 1 view -0
 3377              		.cfi_startproc
 3378              		@ args = 0, pretend = 0, frame = 0
 3379              		@ frame_needed = 0, uses_anonymous_args = 0
 3380              		.loc 1 1613 1 is_stmt 0 view .LVU857
 3381 0000 08B5     		push	{r3, lr}
 3382              	.LCFI81:
 3383              		.cfi_def_cfa_offset 8
 3384              		.cfi_offset 3, -8
 3385              		.cfi_offset 14, -4
1614:Middlewares/Third_Party/FreeRTOS/Source/CMSIS_RTOS/cmsis_os.c ****   return uxQueueSpacesAvailable(queue_id);
 3386              		.loc 1 1614 3 is_stmt 1 view .LVU858
 3387              		.loc 1 1614 10 is_stmt 0 view .LVU859
 3388 0002 FFF7FEFF 		bl	uxQueueSpacesAvailable
 3389              	.LVL269:
1615:Middlewares/Third_Party/FreeRTOS/Source/CMSIS_RTOS/cmsis_os.c **** }
 3390              		.loc 1 1615 1 view .LVU860
 3391 0006 08BD     		pop	{r3, pc}
 3392              		.cfi_endproc
 3393              	.LFE101:
 3395              		.section	.text.osMessageDelete,"ax",%progbits
 3396              		.align	1
 3397              		.global	osMessageDelete
 3398              		.syntax unified
 3399              		.thumb
 3400              		.thumb_func
 3402              	osMessageDelete:
 3403              	.LVL270:
 3404              	.LFB102:
1616:Middlewares/Third_Party/FreeRTOS/Source/CMSIS_RTOS/cmsis_os.c **** 
1617:Middlewares/Third_Party/FreeRTOS/Source/CMSIS_RTOS/cmsis_os.c **** /**
1618:Middlewares/Third_Party/FreeRTOS/Source/CMSIS_RTOS/cmsis_os.c **** * @brief Delete a Message Queue
1619:Middlewares/Third_Party/FreeRTOS/Source/CMSIS_RTOS/cmsis_os.c **** * @param  queue_id  message queue ID obtained with \ref osMessageCreate.
1620:Middlewares/Third_Party/FreeRTOS/Source/CMSIS_RTOS/cmsis_os.c **** * @retval  status code that indicates the execution status of the function.
1621:Middlewares/Third_Party/FreeRTOS/Source/CMSIS_RTOS/cmsis_os.c **** */
1622:Middlewares/Third_Party/FreeRTOS/Source/CMSIS_RTOS/cmsis_os.c **** osStatus osMessageDelete (osMessageQId queue_id)
1623:Middlewares/Third_Party/FreeRTOS/Source/CMSIS_RTOS/cmsis_os.c **** {
 3405              		.loc 1 1623 1 is_stmt 1 view -0
 3406              		.cfi_startproc
 3407              		@ args = 0, pretend = 0, frame = 0
ARM GAS  D:\TMP\ccghNG8s.s 			page 98


 3408              		@ frame_needed = 0, uses_anonymous_args = 0
 3409              		.loc 1 1623 1 is_stmt 0 view .LVU862
 3410 0000 10B5     		push	{r4, lr}
 3411              	.LCFI82:
 3412              		.cfi_def_cfa_offset 8
 3413              		.cfi_offset 4, -8
 3414              		.cfi_offset 14, -4
 3415 0002 0446     		mov	r4, r0
1624:Middlewares/Third_Party/FreeRTOS/Source/CMSIS_RTOS/cmsis_os.c ****   if (inHandlerMode()) {
 3416              		.loc 1 1624 3 is_stmt 1 view .LVU863
 3417              		.loc 1 1624 7 is_stmt 0 view .LVU864
 3418 0004 FFF7FEFF 		bl	inHandlerMode
 3419              	.LVL271:
 3420              		.loc 1 1624 6 discriminator 1 view .LVU865
 3421 0008 20B9     		cbnz	r0, .L262
1625:Middlewares/Third_Party/FreeRTOS/Source/CMSIS_RTOS/cmsis_os.c ****     return osErrorISR;
1626:Middlewares/Third_Party/FreeRTOS/Source/CMSIS_RTOS/cmsis_os.c ****   }
1627:Middlewares/Third_Party/FreeRTOS/Source/CMSIS_RTOS/cmsis_os.c **** 
1628:Middlewares/Third_Party/FreeRTOS/Source/CMSIS_RTOS/cmsis_os.c ****   vQueueDelete(queue_id);
 3422              		.loc 1 1628 3 is_stmt 1 view .LVU866
 3423 000a 2046     		mov	r0, r4
 3424 000c FFF7FEFF 		bl	vQueueDelete
 3425              	.LVL272:
1629:Middlewares/Third_Party/FreeRTOS/Source/CMSIS_RTOS/cmsis_os.c **** 
1630:Middlewares/Third_Party/FreeRTOS/Source/CMSIS_RTOS/cmsis_os.c ****   return osOK; 
 3426              		.loc 1 1630 3 view .LVU867
 3427              		.loc 1 1630 10 is_stmt 0 view .LVU868
 3428 0010 0020     		movs	r0, #0
 3429              	.L260:
1631:Middlewares/Third_Party/FreeRTOS/Source/CMSIS_RTOS/cmsis_os.c **** }
 3430              		.loc 1 1631 1 view .LVU869
 3431 0012 10BD     		pop	{r4, pc}
 3432              	.LVL273:
 3433              	.L262:
1625:Middlewares/Third_Party/FreeRTOS/Source/CMSIS_RTOS/cmsis_os.c ****     return osErrorISR;
 3434              		.loc 1 1625 12 view .LVU870
 3435 0014 8220     		movs	r0, #130
 3436 0016 FCE7     		b	.L260
 3437              		.cfi_endproc
 3438              	.LFE102:
 3440              		.section	.text.osRecursiveMutexCreate,"ax",%progbits
 3441              		.align	1
 3442              		.global	osRecursiveMutexCreate
 3443              		.syntax unified
 3444              		.thumb
 3445              		.thumb_func
 3447              	osRecursiveMutexCreate:
 3448              	.LVL274:
 3449              	.LFB103:
1632:Middlewares/Third_Party/FreeRTOS/Source/CMSIS_RTOS/cmsis_os.c **** 
1633:Middlewares/Third_Party/FreeRTOS/Source/CMSIS_RTOS/cmsis_os.c **** /**
1634:Middlewares/Third_Party/FreeRTOS/Source/CMSIS_RTOS/cmsis_os.c **** * @brief  Create and Initialize a Recursive Mutex
1635:Middlewares/Third_Party/FreeRTOS/Source/CMSIS_RTOS/cmsis_os.c **** * @param  mutex_def     mutex definition referenced with \ref osMutex.
1636:Middlewares/Third_Party/FreeRTOS/Source/CMSIS_RTOS/cmsis_os.c **** * @retval  mutex ID for reference by other functions or NULL in case of error..
1637:Middlewares/Third_Party/FreeRTOS/Source/CMSIS_RTOS/cmsis_os.c **** */
1638:Middlewares/Third_Party/FreeRTOS/Source/CMSIS_RTOS/cmsis_os.c **** osMutexId osRecursiveMutexCreate (const osMutexDef_t *mutex_def)
1639:Middlewares/Third_Party/FreeRTOS/Source/CMSIS_RTOS/cmsis_os.c **** {
ARM GAS  D:\TMP\ccghNG8s.s 			page 99


 3450              		.loc 1 1639 1 is_stmt 1 view -0
 3451              		.cfi_startproc
 3452              		@ args = 0, pretend = 0, frame = 0
 3453              		@ frame_needed = 0, uses_anonymous_args = 0
 3454              		.loc 1 1639 1 is_stmt 0 view .LVU872
 3455 0000 08B5     		push	{r3, lr}
 3456              	.LCFI83:
 3457              		.cfi_def_cfa_offset 8
 3458              		.cfi_offset 3, -8
 3459              		.cfi_offset 14, -4
1640:Middlewares/Third_Party/FreeRTOS/Source/CMSIS_RTOS/cmsis_os.c **** #if (configUSE_RECURSIVE_MUTEXES == 1)
1641:Middlewares/Third_Party/FreeRTOS/Source/CMSIS_RTOS/cmsis_os.c **** #if( configSUPPORT_STATIC_ALLOCATION == 1 ) && ( configSUPPORT_DYNAMIC_ALLOCATION == 1 )
1642:Middlewares/Third_Party/FreeRTOS/Source/CMSIS_RTOS/cmsis_os.c **** 
1643:Middlewares/Third_Party/FreeRTOS/Source/CMSIS_RTOS/cmsis_os.c ****   if (mutex_def->controlblock != NULL){
1644:Middlewares/Third_Party/FreeRTOS/Source/CMSIS_RTOS/cmsis_os.c ****     return xSemaphoreCreateRecursiveMutexStatic( mutex_def->controlblock );
1645:Middlewares/Third_Party/FreeRTOS/Source/CMSIS_RTOS/cmsis_os.c ****   }
1646:Middlewares/Third_Party/FreeRTOS/Source/CMSIS_RTOS/cmsis_os.c ****   else {
1647:Middlewares/Third_Party/FreeRTOS/Source/CMSIS_RTOS/cmsis_os.c ****     return xSemaphoreCreateRecursiveMutex();
1648:Middlewares/Third_Party/FreeRTOS/Source/CMSIS_RTOS/cmsis_os.c ****   }
1649:Middlewares/Third_Party/FreeRTOS/Source/CMSIS_RTOS/cmsis_os.c **** #elif ( configSUPPORT_STATIC_ALLOCATION == 1 )
1650:Middlewares/Third_Party/FreeRTOS/Source/CMSIS_RTOS/cmsis_os.c ****   return xSemaphoreCreateRecursiveMutexStatic( mutex_def->controlblock );
1651:Middlewares/Third_Party/FreeRTOS/Source/CMSIS_RTOS/cmsis_os.c **** #else 
1652:Middlewares/Third_Party/FreeRTOS/Source/CMSIS_RTOS/cmsis_os.c ****   return xSemaphoreCreateRecursiveMutex();
 3460              		.loc 1 1652 3 is_stmt 1 view .LVU873
 3461              		.loc 1 1652 10 is_stmt 0 view .LVU874
 3462 0002 0420     		movs	r0, #4
 3463              	.LVL275:
 3464              		.loc 1 1652 10 view .LVU875
 3465 0004 FFF7FEFF 		bl	xQueueCreateMutex
 3466              	.LVL276:
1653:Middlewares/Third_Party/FreeRTOS/Source/CMSIS_RTOS/cmsis_os.c **** #endif
1654:Middlewares/Third_Party/FreeRTOS/Source/CMSIS_RTOS/cmsis_os.c **** #else
1655:Middlewares/Third_Party/FreeRTOS/Source/CMSIS_RTOS/cmsis_os.c ****   return NULL;
1656:Middlewares/Third_Party/FreeRTOS/Source/CMSIS_RTOS/cmsis_os.c **** #endif	
1657:Middlewares/Third_Party/FreeRTOS/Source/CMSIS_RTOS/cmsis_os.c **** }
 3467              		.loc 1 1657 1 view .LVU876
 3468 0008 08BD     		pop	{r3, pc}
 3469              		.cfi_endproc
 3470              	.LFE103:
 3472              		.section	.text.osRecursiveMutexRelease,"ax",%progbits
 3473              		.align	1
 3474              		.global	osRecursiveMutexRelease
 3475              		.syntax unified
 3476              		.thumb
 3477              		.thumb_func
 3479              	osRecursiveMutexRelease:
 3480              	.LVL277:
 3481              	.LFB104:
1658:Middlewares/Third_Party/FreeRTOS/Source/CMSIS_RTOS/cmsis_os.c **** 
1659:Middlewares/Third_Party/FreeRTOS/Source/CMSIS_RTOS/cmsis_os.c **** /**
1660:Middlewares/Third_Party/FreeRTOS/Source/CMSIS_RTOS/cmsis_os.c **** * @brief  Release a Recursive Mutex
1661:Middlewares/Third_Party/FreeRTOS/Source/CMSIS_RTOS/cmsis_os.c **** * @param   mutex_id      mutex ID obtained by \ref osRecursiveMutexCreate.
1662:Middlewares/Third_Party/FreeRTOS/Source/CMSIS_RTOS/cmsis_os.c **** * @retval  status code that indicates the execution status of the function.
1663:Middlewares/Third_Party/FreeRTOS/Source/CMSIS_RTOS/cmsis_os.c **** */
1664:Middlewares/Third_Party/FreeRTOS/Source/CMSIS_RTOS/cmsis_os.c **** osStatus osRecursiveMutexRelease (osMutexId mutex_id)
1665:Middlewares/Third_Party/FreeRTOS/Source/CMSIS_RTOS/cmsis_os.c **** {
 3482              		.loc 1 1665 1 is_stmt 1 view -0
ARM GAS  D:\TMP\ccghNG8s.s 			page 100


 3483              		.cfi_startproc
 3484              		@ args = 0, pretend = 0, frame = 0
 3485              		@ frame_needed = 0, uses_anonymous_args = 0
 3486              		.loc 1 1665 1 is_stmt 0 view .LVU878
 3487 0000 08B5     		push	{r3, lr}
 3488              	.LCFI84:
 3489              		.cfi_def_cfa_offset 8
 3490              		.cfi_offset 3, -8
 3491              		.cfi_offset 14, -4
1666:Middlewares/Third_Party/FreeRTOS/Source/CMSIS_RTOS/cmsis_os.c **** #if (configUSE_RECURSIVE_MUTEXES == 1)
1667:Middlewares/Third_Party/FreeRTOS/Source/CMSIS_RTOS/cmsis_os.c ****   osStatus result = osOK;
 3492              		.loc 1 1667 3 is_stmt 1 view .LVU879
 3493              	.LVL278:
1668:Middlewares/Third_Party/FreeRTOS/Source/CMSIS_RTOS/cmsis_os.c ****  
1669:Middlewares/Third_Party/FreeRTOS/Source/CMSIS_RTOS/cmsis_os.c ****   if (xSemaphoreGiveRecursive(mutex_id) != pdTRUE) 
 3494              		.loc 1 1669 3 view .LVU880
 3495              		.loc 1 1669 7 is_stmt 0 view .LVU881
 3496 0002 FFF7FEFF 		bl	xQueueGiveMutexRecursive
 3497              	.LVL279:
 3498              		.loc 1 1669 6 discriminator 1 view .LVU882
 3499 0006 0128     		cmp	r0, #1
 3500 0008 01D0     		beq	.L270
1670:Middlewares/Third_Party/FreeRTOS/Source/CMSIS_RTOS/cmsis_os.c ****   {
1671:Middlewares/Third_Party/FreeRTOS/Source/CMSIS_RTOS/cmsis_os.c ****     result = osErrorOS;
 3501              		.loc 1 1671 12 view .LVU883
 3502 000a FF20     		movs	r0, #255
 3503              	.LVL280:
1672:Middlewares/Third_Party/FreeRTOS/Source/CMSIS_RTOS/cmsis_os.c ****   }
1673:Middlewares/Third_Party/FreeRTOS/Source/CMSIS_RTOS/cmsis_os.c ****   return result;
 3504              		.loc 1 1673 3 is_stmt 1 view .LVU884
 3505              	.L266:
1674:Middlewares/Third_Party/FreeRTOS/Source/CMSIS_RTOS/cmsis_os.c **** #else
1675:Middlewares/Third_Party/FreeRTOS/Source/CMSIS_RTOS/cmsis_os.c **** 	return osErrorResource;
1676:Middlewares/Third_Party/FreeRTOS/Source/CMSIS_RTOS/cmsis_os.c **** #endif
1677:Middlewares/Third_Party/FreeRTOS/Source/CMSIS_RTOS/cmsis_os.c **** }
 3506              		.loc 1 1677 1 is_stmt 0 view .LVU885
 3507 000c 08BD     		pop	{r3, pc}
 3508              	.LVL281:
 3509              	.L270:
1667:Middlewares/Third_Party/FreeRTOS/Source/CMSIS_RTOS/cmsis_os.c ****  
 3510              		.loc 1 1667 12 view .LVU886
 3511 000e 0020     		movs	r0, #0
 3512 0010 FCE7     		b	.L266
 3513              		.cfi_endproc
 3514              	.LFE104:
 3516              		.section	.text.osRecursiveMutexWait,"ax",%progbits
 3517              		.align	1
 3518              		.global	osRecursiveMutexWait
 3519              		.syntax unified
 3520              		.thumb
 3521              		.thumb_func
 3523              	osRecursiveMutexWait:
 3524              	.LVL282:
 3525              	.LFB105:
1678:Middlewares/Third_Party/FreeRTOS/Source/CMSIS_RTOS/cmsis_os.c **** 
1679:Middlewares/Third_Party/FreeRTOS/Source/CMSIS_RTOS/cmsis_os.c **** /**
1680:Middlewares/Third_Party/FreeRTOS/Source/CMSIS_RTOS/cmsis_os.c **** * @brief  Release a Recursive Mutex
ARM GAS  D:\TMP\ccghNG8s.s 			page 101


1681:Middlewares/Third_Party/FreeRTOS/Source/CMSIS_RTOS/cmsis_os.c **** * @param   mutex_id    mutex ID obtained by \ref osRecursiveMutexCreate.
1682:Middlewares/Third_Party/FreeRTOS/Source/CMSIS_RTOS/cmsis_os.c **** * @param millisec      timeout value or 0 in case of no time-out.
1683:Middlewares/Third_Party/FreeRTOS/Source/CMSIS_RTOS/cmsis_os.c **** * @retval  status code that indicates the execution status of the function.
1684:Middlewares/Third_Party/FreeRTOS/Source/CMSIS_RTOS/cmsis_os.c **** */
1685:Middlewares/Third_Party/FreeRTOS/Source/CMSIS_RTOS/cmsis_os.c **** osStatus osRecursiveMutexWait (osMutexId mutex_id, uint32_t millisec)
1686:Middlewares/Third_Party/FreeRTOS/Source/CMSIS_RTOS/cmsis_os.c **** {
 3526              		.loc 1 1686 1 is_stmt 1 view -0
 3527              		.cfi_startproc
 3528              		@ args = 0, pretend = 0, frame = 0
 3529              		@ frame_needed = 0, uses_anonymous_args = 0
1687:Middlewares/Third_Party/FreeRTOS/Source/CMSIS_RTOS/cmsis_os.c **** #if (configUSE_RECURSIVE_MUTEXES == 1)
1688:Middlewares/Third_Party/FreeRTOS/Source/CMSIS_RTOS/cmsis_os.c ****   TickType_t ticks;
 3530              		.loc 1 1688 3 view .LVU888
1689:Middlewares/Third_Party/FreeRTOS/Source/CMSIS_RTOS/cmsis_os.c ****   
1690:Middlewares/Third_Party/FreeRTOS/Source/CMSIS_RTOS/cmsis_os.c ****   if (mutex_id == NULL)
 3531              		.loc 1 1690 3 view .LVU889
 3532              		.loc 1 1690 6 is_stmt 0 view .LVU890
 3533 0000 30B1     		cbz	r0, .L273
1686:Middlewares/Third_Party/FreeRTOS/Source/CMSIS_RTOS/cmsis_os.c **** #if (configUSE_RECURSIVE_MUTEXES == 1)
 3534              		.loc 1 1686 1 view .LVU891
 3535 0002 08B5     		push	{r3, lr}
 3536              	.LCFI85:
 3537              		.cfi_def_cfa_offset 8
 3538              		.cfi_offset 3, -8
 3539              		.cfi_offset 14, -4
1691:Middlewares/Third_Party/FreeRTOS/Source/CMSIS_RTOS/cmsis_os.c ****   {
1692:Middlewares/Third_Party/FreeRTOS/Source/CMSIS_RTOS/cmsis_os.c ****     return osErrorParameter;
1693:Middlewares/Third_Party/FreeRTOS/Source/CMSIS_RTOS/cmsis_os.c ****   }
1694:Middlewares/Third_Party/FreeRTOS/Source/CMSIS_RTOS/cmsis_os.c ****   
1695:Middlewares/Third_Party/FreeRTOS/Source/CMSIS_RTOS/cmsis_os.c ****   ticks = 0;
 3540              		.loc 1 1695 3 is_stmt 1 view .LVU892
 3541              	.LVL283:
1696:Middlewares/Third_Party/FreeRTOS/Source/CMSIS_RTOS/cmsis_os.c ****   if (millisec == osWaitForever) 
 3542              		.loc 1 1696 3 view .LVU893
1697:Middlewares/Third_Party/FreeRTOS/Source/CMSIS_RTOS/cmsis_os.c ****   {
1698:Middlewares/Third_Party/FreeRTOS/Source/CMSIS_RTOS/cmsis_os.c ****     ticks = portMAX_DELAY;
1699:Middlewares/Third_Party/FreeRTOS/Source/CMSIS_RTOS/cmsis_os.c ****   }
1700:Middlewares/Third_Party/FreeRTOS/Source/CMSIS_RTOS/cmsis_os.c ****   else if (millisec != 0) 
 3543              		.loc 1 1700 8 view .LVU894
1701:Middlewares/Third_Party/FreeRTOS/Source/CMSIS_RTOS/cmsis_os.c ****   {
1702:Middlewares/Third_Party/FreeRTOS/Source/CMSIS_RTOS/cmsis_os.c ****     ticks = millisec / portTICK_PERIOD_MS;
1703:Middlewares/Third_Party/FreeRTOS/Source/CMSIS_RTOS/cmsis_os.c ****     if (ticks == 0) 
1704:Middlewares/Third_Party/FreeRTOS/Source/CMSIS_RTOS/cmsis_os.c ****     {
1705:Middlewares/Third_Party/FreeRTOS/Source/CMSIS_RTOS/cmsis_os.c ****       ticks = 1;
1706:Middlewares/Third_Party/FreeRTOS/Source/CMSIS_RTOS/cmsis_os.c ****     }
1707:Middlewares/Third_Party/FreeRTOS/Source/CMSIS_RTOS/cmsis_os.c ****   }
1708:Middlewares/Third_Party/FreeRTOS/Source/CMSIS_RTOS/cmsis_os.c ****   
1709:Middlewares/Third_Party/FreeRTOS/Source/CMSIS_RTOS/cmsis_os.c ****   if (xSemaphoreTakeRecursive(mutex_id, ticks) != pdTRUE) 
 3544              		.loc 1 1709 3 view .LVU895
 3545              		.loc 1 1709 7 is_stmt 0 view .LVU896
 3546 0004 FFF7FEFF 		bl	xQueueTakeMutexRecursive
 3547              	.LVL284:
 3548              		.loc 1 1709 6 discriminator 1 view .LVU897
 3549 0008 0128     		cmp	r0, #1
 3550 000a 03D1     		bne	.L274
1710:Middlewares/Third_Party/FreeRTOS/Source/CMSIS_RTOS/cmsis_os.c ****   {
1711:Middlewares/Third_Party/FreeRTOS/Source/CMSIS_RTOS/cmsis_os.c ****     return osErrorOS;
ARM GAS  D:\TMP\ccghNG8s.s 			page 102


1712:Middlewares/Third_Party/FreeRTOS/Source/CMSIS_RTOS/cmsis_os.c ****   }
1713:Middlewares/Third_Party/FreeRTOS/Source/CMSIS_RTOS/cmsis_os.c ****   return osOK;
 3551              		.loc 1 1713 10 view .LVU898
 3552 000c 0020     		movs	r0, #0
 3553              	.L271:
1714:Middlewares/Third_Party/FreeRTOS/Source/CMSIS_RTOS/cmsis_os.c **** #else
1715:Middlewares/Third_Party/FreeRTOS/Source/CMSIS_RTOS/cmsis_os.c **** 	return osErrorResource;
1716:Middlewares/Third_Party/FreeRTOS/Source/CMSIS_RTOS/cmsis_os.c **** #endif
1717:Middlewares/Third_Party/FreeRTOS/Source/CMSIS_RTOS/cmsis_os.c **** }
 3554              		.loc 1 1717 1 view .LVU899
 3555 000e 08BD     		pop	{r3, pc}
 3556              	.LVL285:
 3557              	.L273:
 3558              	.LCFI86:
 3559              		.cfi_def_cfa_offset 0
 3560              		.cfi_restore 3
 3561              		.cfi_restore 14
1692:Middlewares/Third_Party/FreeRTOS/Source/CMSIS_RTOS/cmsis_os.c ****   }
 3562              		.loc 1 1692 12 view .LVU900
 3563 0010 8020     		movs	r0, #128
 3564              	.LVL286:
 3565              		.loc 1 1717 1 view .LVU901
 3566 0012 7047     		bx	lr
 3567              	.LVL287:
 3568              	.L274:
 3569              	.LCFI87:
 3570              		.cfi_def_cfa_offset 8
 3571              		.cfi_offset 3, -8
 3572              		.cfi_offset 14, -4
1711:Middlewares/Third_Party/FreeRTOS/Source/CMSIS_RTOS/cmsis_os.c ****   }
 3573              		.loc 1 1711 12 view .LVU902
 3574 0014 FF20     		movs	r0, #255
 3575 0016 FAE7     		b	.L271
 3576              		.cfi_endproc
 3577              	.LFE105:
 3579              		.section	.text.osSemaphoreGetCount,"ax",%progbits
 3580              		.align	1
 3581              		.global	osSemaphoreGetCount
 3582              		.syntax unified
 3583              		.thumb
 3584              		.thumb_func
 3586              	osSemaphoreGetCount:
 3587              	.LVL288:
 3588              	.LFB106:
1718:Middlewares/Third_Party/FreeRTOS/Source/CMSIS_RTOS/cmsis_os.c **** 
1719:Middlewares/Third_Party/FreeRTOS/Source/CMSIS_RTOS/cmsis_os.c **** /**
1720:Middlewares/Third_Party/FreeRTOS/Source/CMSIS_RTOS/cmsis_os.c **** * @brief  Returns the current count value of a counting semaphore
1721:Middlewares/Third_Party/FreeRTOS/Source/CMSIS_RTOS/cmsis_os.c **** * @param  semaphore_id  semaphore_id ID obtained by \ref osSemaphoreCreate.
1722:Middlewares/Third_Party/FreeRTOS/Source/CMSIS_RTOS/cmsis_os.c **** * @retval  count value
1723:Middlewares/Third_Party/FreeRTOS/Source/CMSIS_RTOS/cmsis_os.c **** */
1724:Middlewares/Third_Party/FreeRTOS/Source/CMSIS_RTOS/cmsis_os.c **** uint32_t osSemaphoreGetCount(osSemaphoreId semaphore_id)
1725:Middlewares/Third_Party/FreeRTOS/Source/CMSIS_RTOS/cmsis_os.c **** {
 3589              		.loc 1 1725 1 is_stmt 1 view -0
 3590              		.cfi_startproc
 3591              		@ args = 0, pretend = 0, frame = 0
 3592              		@ frame_needed = 0, uses_anonymous_args = 0
 3593              		.loc 1 1725 1 is_stmt 0 view .LVU904
ARM GAS  D:\TMP\ccghNG8s.s 			page 103


 3594 0000 08B5     		push	{r3, lr}
 3595              	.LCFI88:
 3596              		.cfi_def_cfa_offset 8
 3597              		.cfi_offset 3, -8
 3598              		.cfi_offset 14, -4
1726:Middlewares/Third_Party/FreeRTOS/Source/CMSIS_RTOS/cmsis_os.c ****   return uxSemaphoreGetCount(semaphore_id);
 3599              		.loc 1 1726 3 is_stmt 1 view .LVU905
 3600              		.loc 1 1726 10 is_stmt 0 view .LVU906
 3601 0002 FFF7FEFF 		bl	uxQueueMessagesWaiting
 3602              	.LVL289:
1727:Middlewares/Third_Party/FreeRTOS/Source/CMSIS_RTOS/cmsis_os.c **** }
 3603              		.loc 1 1727 1 view .LVU907
 3604 0006 08BD     		pop	{r3, pc}
 3605              		.cfi_endproc
 3606              	.LFE106:
 3608              		.text
 3609              	.Letext0:
 3610              		.file 4 "F:/Msys2/mingw64/lib/gcc/arm-none-eabi/13.3.0/include/stddef.h"
 3611              		.file 5 "F:/Msys2/mingw64/arm-none-eabi/include/machine/_default_types.h"
 3612              		.file 6 "F:/Msys2/mingw64/arm-none-eabi/include/sys/_stdint.h"
 3613              		.file 7 "Middlewares/Third_Party/FreeRTOS/Source/include/projdefs.h"
 3614              		.file 8 "Middlewares/Third_Party/FreeRTOS/Source/include/task.h"
 3615              		.file 9 "Middlewares/Third_Party/FreeRTOS/Source/include/timers.h"
 3616              		.file 10 "Middlewares/Third_Party/FreeRTOS/Source/include/queue.h"
 3617              		.file 11 "Middlewares/Third_Party/FreeRTOS/Source/include/semphr.h"
 3618              		.file 12 "Middlewares/Third_Party/FreeRTOS/Source/CMSIS_RTOS/cmsis_os.h"
 3619              		.file 13 "F:/Msys2/mingw64/arm-none-eabi/include/string.h"
 3620              		.file 14 "Middlewares/Third_Party/FreeRTOS/Source/include/portable.h"
ARM GAS  D:\TMP\ccghNG8s.s 			page 104


DEFINED SYMBOLS
                            *ABS*:00000000 cmsis_os.c
   D:\TMP\ccghNG8s.s:19     .text.makeFreeRtosPriority:00000000 $t
   D:\TMP\ccghNG8s.s:24     .text.makeFreeRtosPriority:00000000 makeFreeRtosPriority
   D:\TMP\ccghNG8s.s:55     .text.makeCmsisPriority:00000000 $t
   D:\TMP\ccghNG8s.s:60     .text.makeCmsisPriority:00000000 makeCmsisPriority
   D:\TMP\ccghNG8s.s:94     .text.inHandlerMode:00000000 $t
   D:\TMP\ccghNG8s.s:99     .text.inHandlerMode:00000000 inHandlerMode
   D:\TMP\ccghNG8s.s:134    .text.osKernelStart:00000000 $t
   D:\TMP\ccghNG8s.s:140    .text.osKernelStart:00000000 osKernelStart
   D:\TMP\ccghNG8s.s:162    .text.osKernelRunning:00000000 $t
   D:\TMP\ccghNG8s.s:168    .text.osKernelRunning:00000000 osKernelRunning
   D:\TMP\ccghNG8s.s:199    .text.osKernelSysTick:00000000 $t
   D:\TMP\ccghNG8s.s:205    .text.osKernelSysTick:00000000 osKernelSysTick
   D:\TMP\ccghNG8s.s:239    .text.osThreadCreate:00000000 $t
   D:\TMP\ccghNG8s.s:245    .text.osThreadCreate:00000000 osThreadCreate
   D:\TMP\ccghNG8s.s:314    .text.osThreadGetId:00000000 $t
   D:\TMP\ccghNG8s.s:320    .text.osThreadGetId:00000000 osThreadGetId
   D:\TMP\ccghNG8s.s:341    .text.osThreadTerminate:00000000 $t
   D:\TMP\ccghNG8s.s:347    .text.osThreadTerminate:00000000 osThreadTerminate
   D:\TMP\ccghNG8s.s:371    .text.osThreadYield:00000000 $t
   D:\TMP\ccghNG8s.s:377    .text.osThreadYield:00000000 osThreadYield
   D:\TMP\ccghNG8s.s:408    .text.osThreadSetPriority:00000000 $t
   D:\TMP\ccghNG8s.s:414    .text.osThreadSetPriority:00000000 osThreadSetPriority
   D:\TMP\ccghNG8s.s:449    .text.osThreadGetPriority:00000000 $t
   D:\TMP\ccghNG8s.s:455    .text.osThreadGetPriority:00000000 osThreadGetPriority
   D:\TMP\ccghNG8s.s:502    .text.osDelay:00000000 $t
   D:\TMP\ccghNG8s.s:508    .text.osDelay:00000000 osDelay
   D:\TMP\ccghNG8s.s:540    .text.osTimerCreate:00000000 $t
   D:\TMP\ccghNG8s.s:546    .text.osTimerCreate:00000000 osTimerCreate
   D:\TMP\ccghNG8s.s:564    .text.osTimerStart:00000000 $t
   D:\TMP\ccghNG8s.s:570    .text.osTimerStart:00000000 osTimerStart
   D:\TMP\ccghNG8s.s:590    .text.osTimerStop:00000000 $t
   D:\TMP\ccghNG8s.s:596    .text.osTimerStop:00000000 osTimerStop
   D:\TMP\ccghNG8s.s:616    .text.osTimerDelete:00000000 $t
   D:\TMP\ccghNG8s.s:622    .text.osTimerDelete:00000000 osTimerDelete
   D:\TMP\ccghNG8s.s:642    .text.osSignalSet:00000000 $t
   D:\TMP\ccghNG8s.s:648    .text.osSignalSet:00000000 osSignalSet
   D:\TMP\ccghNG8s.s:751    .text.osSignalWait:00000000 $t
   D:\TMP\ccghNG8s.s:757    .text.osSignalWait:00000000 osSignalWait
   D:\TMP\ccghNG8s.s:863    .text.osMutexCreate:00000000 $t
   D:\TMP\ccghNG8s.s:869    .text.osMutexCreate:00000000 osMutexCreate
   D:\TMP\ccghNG8s.s:895    .text.osMutexWait:00000000 $t
   D:\TMP\ccghNG8s.s:901    .text.osMutexWait:00000000 osMutexWait
   D:\TMP\ccghNG8s.s:1016   .text.osMutexRelease:00000000 $t
   D:\TMP\ccghNG8s.s:1022   .text.osMutexRelease:00000000 osMutexRelease
   D:\TMP\ccghNG8s.s:1123   .text.osMutexDelete:00000000 $t
   D:\TMP\ccghNG8s.s:1129   .text.osMutexDelete:00000000 osMutexDelete
   D:\TMP\ccghNG8s.s:1168   .text.osSemaphoreCreate:00000000 $t
   D:\TMP\ccghNG8s.s:1174   .text.osSemaphoreCreate:00000000 osSemaphoreCreate
   D:\TMP\ccghNG8s.s:1235   .text.osSemaphoreWait:00000000 $t
   D:\TMP\ccghNG8s.s:1241   .text.osSemaphoreWait:00000000 osSemaphoreWait
   D:\TMP\ccghNG8s.s:1351   .text.osSemaphoreRelease:00000000 $t
   D:\TMP\ccghNG8s.s:1357   .text.osSemaphoreRelease:00000000 osSemaphoreRelease
   D:\TMP\ccghNG8s.s:1458   .text.osSemaphoreDelete:00000000 $t
   D:\TMP\ccghNG8s.s:1464   .text.osSemaphoreDelete:00000000 osSemaphoreDelete
   D:\TMP\ccghNG8s.s:1503   .text.osPoolCreate:00000000 $t
ARM GAS  D:\TMP\ccghNG8s.s 			page 105


   D:\TMP\ccghNG8s.s:1509   .text.osPoolCreate:00000000 osPoolCreate
   D:\TMP\ccghNG8s.s:1643   .text.osPoolAlloc:00000000 $t
   D:\TMP\ccghNG8s.s:1649   .text.osPoolAlloc:00000000 osPoolAlloc
   D:\TMP\ccghNG8s.s:1807   .text.osPoolCAlloc:00000000 $t
   D:\TMP\ccghNG8s.s:1813   .text.osPoolCAlloc:00000000 osPoolCAlloc
   D:\TMP\ccghNG8s.s:1844   .text.osPoolFree:00000000 $t
   D:\TMP\ccghNG8s.s:1850   .text.osPoolFree:00000000 osPoolFree
   D:\TMP\ccghNG8s.s:1941   .text.osMessageCreate:00000000 $t
   D:\TMP\ccghNG8s.s:1947   .text.osMessageCreate:00000000 osMessageCreate
   D:\TMP\ccghNG8s.s:1978   .text.osMessagePut:00000000 $t
   D:\TMP\ccghNG8s.s:1984   .text.osMessagePut:00000000 osMessagePut
   D:\TMP\ccghNG8s.s:2097   .text.osMessageGet:00000000 $t
   D:\TMP\ccghNG8s.s:2103   .text.osMessageGet:00000000 osMessageGet
   D:\TMP\ccghNG8s.s:2255   .text.osMailCreate:00000000 $t
   D:\TMP\ccghNG8s.s:2261   .text.osMailCreate:00000000 osMailCreate
   D:\TMP\ccghNG8s.s:2386   .text.osMailAlloc:00000000 $t
   D:\TMP\ccghNG8s.s:2392   .text.osMailAlloc:00000000 osMailAlloc
   D:\TMP\ccghNG8s.s:2425   .text.osMailCAlloc:00000000 $t
   D:\TMP\ccghNG8s.s:2431   .text.osMailCAlloc:00000000 osMailCAlloc
   D:\TMP\ccghNG8s.s:2487   .text.osMailPut:00000000 $t
   D:\TMP\ccghNG8s.s:2493   .text.osMailPut:00000000 osMailPut
   D:\TMP\ccghNG8s.s:2606   .text.osMailGet:00000000 $t
   D:\TMP\ccghNG8s.s:2612   .text.osMailGet:00000000 osMailGet
   D:\TMP\ccghNG8s.s:2760   .text.osMailFree:00000000 $t
   D:\TMP\ccghNG8s.s:2766   .text.osMailFree:00000000 osMailFree
   D:\TMP\ccghNG8s.s:2806   .text.osSystickHandler:00000000 $t
   D:\TMP\ccghNG8s.s:2812   .text.osSystickHandler:00000000 osSystickHandler
   D:\TMP\ccghNG8s.s:2843   .text.osThreadGetState:00000000 $t
   D:\TMP\ccghNG8s.s:2849   .text.osThreadGetState:00000000 osThreadGetState
   D:\TMP\ccghNG8s.s:2873   .text.osThreadGetState:0000000e $d
   D:\TMP\ccghNG8s.s:2932   .text.osThreadIsSuspended:00000000 $t
   D:\TMP\ccghNG8s.s:2938   .text.osThreadIsSuspended:00000000 osThreadIsSuspended
   D:\TMP\ccghNG8s.s:2971   .text.osThreadSuspend:00000000 $t
   D:\TMP\ccghNG8s.s:2977   .text.osThreadSuspend:00000000 osThreadSuspend
   D:\TMP\ccghNG8s.s:3001   .text.osThreadResume:00000000 $t
   D:\TMP\ccghNG8s.s:3007   .text.osThreadResume:00000000 osThreadResume
   D:\TMP\ccghNG8s.s:3067   .text.osThreadSuspendAll:00000000 $t
   D:\TMP\ccghNG8s.s:3073   .text.osThreadSuspendAll:00000000 osThreadSuspendAll
   D:\TMP\ccghNG8s.s:3095   .text.osThreadResumeAll:00000000 $t
   D:\TMP\ccghNG8s.s:3101   .text.osThreadResumeAll:00000000 osThreadResumeAll
   D:\TMP\ccghNG8s.s:3132   .text.osDelayUntil:00000000 $t
   D:\TMP\ccghNG8s.s:3138   .text.osDelayUntil:00000000 osDelayUntil
   D:\TMP\ccghNG8s.s:3170   .text.osAbortDelay:00000000 $t
   D:\TMP\ccghNG8s.s:3176   .text.osAbortDelay:00000000 osAbortDelay
   D:\TMP\ccghNG8s.s:3195   .text.osThreadList:00000000 $t
   D:\TMP\ccghNG8s.s:3201   .text.osThreadList:00000000 osThreadList
   D:\TMP\ccghNG8s.s:3219   .text.osMessagePeek:00000000 $t
   D:\TMP\ccghNG8s.s:3225   .text.osMessagePeek:00000000 osMessagePeek
   D:\TMP\ccghNG8s.s:3321   .text.osMessageWaiting:00000000 $t
   D:\TMP\ccghNG8s.s:3327   .text.osMessageWaiting:00000000 osMessageWaiting
   D:\TMP\ccghNG8s.s:3367   .text.osMessageAvailableSpace:00000000 $t
   D:\TMP\ccghNG8s.s:3373   .text.osMessageAvailableSpace:00000000 osMessageAvailableSpace
   D:\TMP\ccghNG8s.s:3396   .text.osMessageDelete:00000000 $t
   D:\TMP\ccghNG8s.s:3402   .text.osMessageDelete:00000000 osMessageDelete
   D:\TMP\ccghNG8s.s:3441   .text.osRecursiveMutexCreate:00000000 $t
   D:\TMP\ccghNG8s.s:3447   .text.osRecursiveMutexCreate:00000000 osRecursiveMutexCreate
   D:\TMP\ccghNG8s.s:3473   .text.osRecursiveMutexRelease:00000000 $t
ARM GAS  D:\TMP\ccghNG8s.s 			page 106


   D:\TMP\ccghNG8s.s:3479   .text.osRecursiveMutexRelease:00000000 osRecursiveMutexRelease
   D:\TMP\ccghNG8s.s:3517   .text.osRecursiveMutexWait:00000000 $t
   D:\TMP\ccghNG8s.s:3523   .text.osRecursiveMutexWait:00000000 osRecursiveMutexWait
   D:\TMP\ccghNG8s.s:3580   .text.osSemaphoreGetCount:00000000 $t
   D:\TMP\ccghNG8s.s:3586   .text.osSemaphoreGetCount:00000000 osSemaphoreGetCount
   D:\TMP\ccghNG8s.s:2878   .text.osThreadGetState:00000013 $d
   D:\TMP\ccghNG8s.s:2878   .text.osThreadGetState:00000014 $t

UNDEFINED SYMBOLS
vTaskStartScheduler
xTaskGetSchedulerState
xTaskGetTickCountFromISR
xTaskGetTickCount
xTaskCreate
xTaskGetCurrentTaskHandle
vTaskDelete
vTaskPrioritySet
uxTaskPriorityGetFromISR
uxTaskPriorityGet
vTaskDelay
xTaskGenericNotifyFromISR
xTaskGenericNotify
xTaskNotifyWait
xQueueCreateMutex
xQueueReceiveFromISR
xQueueSemaphoreTake
xQueueGiveFromISR
xQueueGenericSend
vQueueDelete
xQueueCreateCountingSemaphore
xQueueGenericCreate
pvPortMalloc
vPortFree
vPortEnterCritical
vPortExitCritical
xQueueGenericSendFromISR
xQueueReceive
xPortSysTickHandler
eTaskGetState
vTaskSuspend
xTaskResumeFromISR
vTaskResume
vTaskSuspendAll
xTaskResumeAll
vTaskDelayUntil
xQueuePeek
uxQueueMessagesWaitingFromISR
uxQueueMessagesWaiting
uxQueueSpacesAvailable
xQueueGiveMutexRecursive
xQueueTakeMutexRecursive
