ARM GAS  D:\TMP\ccOdTTHp.s 			page 1


   1              		.cpu cortex-m3
   2              		.arch armv7-m
   3              		.fpu softvfp
   4              		.eabi_attribute 20, 1
   5              		.eabi_attribute 21, 1
   6              		.eabi_attribute 23, 3
   7              		.eabi_attribute 24, 1
   8              		.eabi_attribute 25, 1
   9              		.eabi_attribute 26, 1
  10              		.eabi_attribute 30, 1
  11              		.eabi_attribute 34, 1
  12              		.eabi_attribute 18, 4
  13              		.file	"heap_4.c"
  14              		.text
  15              	.Ltext0:
  16              		.cfi_sections	.debug_frame
  17              		.file 1 "Middlewares/Third_Party/FreeRTOS/Source/portable/MemMang/heap_4.c"
  18              		.section	.text.prvHeapInit,"ax",%progbits
  19              		.align	1
  20              		.syntax unified
  21              		.thumb
  22              		.thumb_func
  24              	prvHeapInit:
  25              	.LFB10:
   1:Middlewares/Third_Party/FreeRTOS/Source/portable/MemMang/heap_4.c **** /*
   2:Middlewares/Third_Party/FreeRTOS/Source/portable/MemMang/heap_4.c ****  * FreeRTOS Kernel V10.3.1
   3:Middlewares/Third_Party/FreeRTOS/Source/portable/MemMang/heap_4.c ****  * Copyright (C) 2020 Amazon.com, Inc. or its affiliates.  All Rights Reserved.
   4:Middlewares/Third_Party/FreeRTOS/Source/portable/MemMang/heap_4.c ****  *
   5:Middlewares/Third_Party/FreeRTOS/Source/portable/MemMang/heap_4.c ****  * Permission is hereby granted, free of charge, to any person obtaining a copy of
   6:Middlewares/Third_Party/FreeRTOS/Source/portable/MemMang/heap_4.c ****  * this software and associated documentation files (the "Software"), to deal in
   7:Middlewares/Third_Party/FreeRTOS/Source/portable/MemMang/heap_4.c ****  * the Software without restriction, including without limitation the rights to
   8:Middlewares/Third_Party/FreeRTOS/Source/portable/MemMang/heap_4.c ****  * use, copy, modify, merge, publish, distribute, sublicense, and/or sell copies of
   9:Middlewares/Third_Party/FreeRTOS/Source/portable/MemMang/heap_4.c ****  * the Software, and to permit persons to whom the Software is furnished to do so,
  10:Middlewares/Third_Party/FreeRTOS/Source/portable/MemMang/heap_4.c ****  * subject to the following conditions:
  11:Middlewares/Third_Party/FreeRTOS/Source/portable/MemMang/heap_4.c ****  *
  12:Middlewares/Third_Party/FreeRTOS/Source/portable/MemMang/heap_4.c ****  * The above copyright notice and this permission notice shall be included in all
  13:Middlewares/Third_Party/FreeRTOS/Source/portable/MemMang/heap_4.c ****  * copies or substantial portions of the Software.
  14:Middlewares/Third_Party/FreeRTOS/Source/portable/MemMang/heap_4.c ****  *
  15:Middlewares/Third_Party/FreeRTOS/Source/portable/MemMang/heap_4.c ****  * THE SOFTWARE IS PROVIDED "AS IS", WITHOUT WARRANTY OF ANY KIND, EXPRESS OR
  16:Middlewares/Third_Party/FreeRTOS/Source/portable/MemMang/heap_4.c ****  * IMPLIED, INCLUDING BUT NOT LIMITED TO THE WARRANTIES OF MERCHANTABILITY, FITNESS
  17:Middlewares/Third_Party/FreeRTOS/Source/portable/MemMang/heap_4.c ****  * FOR A PARTICULAR PURPOSE AND NONINFRINGEMENT. IN NO EVENT SHALL THE AUTHORS OR
  18:Middlewares/Third_Party/FreeRTOS/Source/portable/MemMang/heap_4.c ****  * COPYRIGHT HOLDERS BE LIABLE FOR ANY CLAIM, DAMAGES OR OTHER LIABILITY, WHETHER
  19:Middlewares/Third_Party/FreeRTOS/Source/portable/MemMang/heap_4.c ****  * IN AN ACTION OF CONTRACT, TORT OR OTHERWISE, ARISING FROM, OUT OF OR IN
  20:Middlewares/Third_Party/FreeRTOS/Source/portable/MemMang/heap_4.c ****  * CONNECTION WITH THE SOFTWARE OR THE USE OR OTHER DEALINGS IN THE SOFTWARE.
  21:Middlewares/Third_Party/FreeRTOS/Source/portable/MemMang/heap_4.c ****  *
  22:Middlewares/Third_Party/FreeRTOS/Source/portable/MemMang/heap_4.c ****  * http://www.FreeRTOS.org
  23:Middlewares/Third_Party/FreeRTOS/Source/portable/MemMang/heap_4.c ****  * http://aws.amazon.com/freertos
  24:Middlewares/Third_Party/FreeRTOS/Source/portable/MemMang/heap_4.c ****  *
  25:Middlewares/Third_Party/FreeRTOS/Source/portable/MemMang/heap_4.c ****  * 1 tab == 4 spaces!
  26:Middlewares/Third_Party/FreeRTOS/Source/portable/MemMang/heap_4.c ****  */
  27:Middlewares/Third_Party/FreeRTOS/Source/portable/MemMang/heap_4.c **** 
  28:Middlewares/Third_Party/FreeRTOS/Source/portable/MemMang/heap_4.c **** /*
  29:Middlewares/Third_Party/FreeRTOS/Source/portable/MemMang/heap_4.c ****  * A sample implementation of pvPortMalloc() and vPortFree() that combines
  30:Middlewares/Third_Party/FreeRTOS/Source/portable/MemMang/heap_4.c ****  * (coalescences) adjacent memory blocks as they are freed, and in so doing
  31:Middlewares/Third_Party/FreeRTOS/Source/portable/MemMang/heap_4.c ****  * limits memory fragmentation.
  32:Middlewares/Third_Party/FreeRTOS/Source/portable/MemMang/heap_4.c ****  *
  33:Middlewares/Third_Party/FreeRTOS/Source/portable/MemMang/heap_4.c ****  * See heap_1.c, heap_2.c and heap_3.c for alternative implementations, and the
ARM GAS  D:\TMP\ccOdTTHp.s 			page 2


  34:Middlewares/Third_Party/FreeRTOS/Source/portable/MemMang/heap_4.c ****  * memory management pages of http://www.FreeRTOS.org for more information.
  35:Middlewares/Third_Party/FreeRTOS/Source/portable/MemMang/heap_4.c ****  */
  36:Middlewares/Third_Party/FreeRTOS/Source/portable/MemMang/heap_4.c **** #include <stdlib.h>
  37:Middlewares/Third_Party/FreeRTOS/Source/portable/MemMang/heap_4.c **** 
  38:Middlewares/Third_Party/FreeRTOS/Source/portable/MemMang/heap_4.c **** /* Defining MPU_WRAPPERS_INCLUDED_FROM_API_FILE prevents task.h from redefining
  39:Middlewares/Third_Party/FreeRTOS/Source/portable/MemMang/heap_4.c **** all the API functions to use the MPU wrappers.  That should only be done when
  40:Middlewares/Third_Party/FreeRTOS/Source/portable/MemMang/heap_4.c **** task.h is included from an application file. */
  41:Middlewares/Third_Party/FreeRTOS/Source/portable/MemMang/heap_4.c **** #define MPU_WRAPPERS_INCLUDED_FROM_API_FILE
  42:Middlewares/Third_Party/FreeRTOS/Source/portable/MemMang/heap_4.c **** 
  43:Middlewares/Third_Party/FreeRTOS/Source/portable/MemMang/heap_4.c **** #include "FreeRTOS.h"
  44:Middlewares/Third_Party/FreeRTOS/Source/portable/MemMang/heap_4.c **** #include "task.h"
  45:Middlewares/Third_Party/FreeRTOS/Source/portable/MemMang/heap_4.c **** 
  46:Middlewares/Third_Party/FreeRTOS/Source/portable/MemMang/heap_4.c **** #undef MPU_WRAPPERS_INCLUDED_FROM_API_FILE
  47:Middlewares/Third_Party/FreeRTOS/Source/portable/MemMang/heap_4.c **** 
  48:Middlewares/Third_Party/FreeRTOS/Source/portable/MemMang/heap_4.c **** #if( configSUPPORT_DYNAMIC_ALLOCATION == 0 )
  49:Middlewares/Third_Party/FreeRTOS/Source/portable/MemMang/heap_4.c **** 	#error This file must not be used if configSUPPORT_DYNAMIC_ALLOCATION is 0
  50:Middlewares/Third_Party/FreeRTOS/Source/portable/MemMang/heap_4.c **** #endif
  51:Middlewares/Third_Party/FreeRTOS/Source/portable/MemMang/heap_4.c **** 
  52:Middlewares/Third_Party/FreeRTOS/Source/portable/MemMang/heap_4.c **** /* Block sizes must not get too small. */
  53:Middlewares/Third_Party/FreeRTOS/Source/portable/MemMang/heap_4.c **** #define heapMINIMUM_BLOCK_SIZE	( ( size_t ) ( xHeapStructSize << 1 ) )
  54:Middlewares/Third_Party/FreeRTOS/Source/portable/MemMang/heap_4.c **** 
  55:Middlewares/Third_Party/FreeRTOS/Source/portable/MemMang/heap_4.c **** /* Assumes 8bit bytes! */
  56:Middlewares/Third_Party/FreeRTOS/Source/portable/MemMang/heap_4.c **** #define heapBITS_PER_BYTE		( ( size_t ) 8 )
  57:Middlewares/Third_Party/FreeRTOS/Source/portable/MemMang/heap_4.c **** 
  58:Middlewares/Third_Party/FreeRTOS/Source/portable/MemMang/heap_4.c **** /* Allocate the memory for the heap. */
  59:Middlewares/Third_Party/FreeRTOS/Source/portable/MemMang/heap_4.c **** #if( configAPPLICATION_ALLOCATED_HEAP == 1 )
  60:Middlewares/Third_Party/FreeRTOS/Source/portable/MemMang/heap_4.c **** 	/* The application writer has already defined the array used for the RTOS
  61:Middlewares/Third_Party/FreeRTOS/Source/portable/MemMang/heap_4.c **** 	heap - probably so it can be placed in a special segment or address. */
  62:Middlewares/Third_Party/FreeRTOS/Source/portable/MemMang/heap_4.c **** 	extern uint8_t ucHeap[ configTOTAL_HEAP_SIZE ];
  63:Middlewares/Third_Party/FreeRTOS/Source/portable/MemMang/heap_4.c **** #else
  64:Middlewares/Third_Party/FreeRTOS/Source/portable/MemMang/heap_4.c **** 	static uint8_t ucHeap[ configTOTAL_HEAP_SIZE ];
  65:Middlewares/Third_Party/FreeRTOS/Source/portable/MemMang/heap_4.c **** #endif /* configAPPLICATION_ALLOCATED_HEAP */
  66:Middlewares/Third_Party/FreeRTOS/Source/portable/MemMang/heap_4.c **** 
  67:Middlewares/Third_Party/FreeRTOS/Source/portable/MemMang/heap_4.c **** /* Define the linked list structure.  This is used to link free blocks in order
  68:Middlewares/Third_Party/FreeRTOS/Source/portable/MemMang/heap_4.c **** of their memory address. */
  69:Middlewares/Third_Party/FreeRTOS/Source/portable/MemMang/heap_4.c **** typedef struct A_BLOCK_LINK
  70:Middlewares/Third_Party/FreeRTOS/Source/portable/MemMang/heap_4.c **** {
  71:Middlewares/Third_Party/FreeRTOS/Source/portable/MemMang/heap_4.c **** 	struct A_BLOCK_LINK *pxNextFreeBlock;	/*<< The next free block in the list. */
  72:Middlewares/Third_Party/FreeRTOS/Source/portable/MemMang/heap_4.c **** 	size_t xBlockSize;						/*<< The size of the free block. */
  73:Middlewares/Third_Party/FreeRTOS/Source/portable/MemMang/heap_4.c **** } BlockLink_t;
  74:Middlewares/Third_Party/FreeRTOS/Source/portable/MemMang/heap_4.c **** 
  75:Middlewares/Third_Party/FreeRTOS/Source/portable/MemMang/heap_4.c **** /*-----------------------------------------------------------*/
  76:Middlewares/Third_Party/FreeRTOS/Source/portable/MemMang/heap_4.c **** 
  77:Middlewares/Third_Party/FreeRTOS/Source/portable/MemMang/heap_4.c **** /*
  78:Middlewares/Third_Party/FreeRTOS/Source/portable/MemMang/heap_4.c ****  * Inserts a block of memory that is being freed into the correct position in
  79:Middlewares/Third_Party/FreeRTOS/Source/portable/MemMang/heap_4.c ****  * the list of free memory blocks.  The block being freed will be merged with
  80:Middlewares/Third_Party/FreeRTOS/Source/portable/MemMang/heap_4.c ****  * the block in front it and/or the block behind it if the memory blocks are
  81:Middlewares/Third_Party/FreeRTOS/Source/portable/MemMang/heap_4.c ****  * adjacent to each other.
  82:Middlewares/Third_Party/FreeRTOS/Source/portable/MemMang/heap_4.c ****  */
  83:Middlewares/Third_Party/FreeRTOS/Source/portable/MemMang/heap_4.c **** static void prvInsertBlockIntoFreeList( BlockLink_t *pxBlockToInsert );
  84:Middlewares/Third_Party/FreeRTOS/Source/portable/MemMang/heap_4.c **** 
  85:Middlewares/Third_Party/FreeRTOS/Source/portable/MemMang/heap_4.c **** /*
  86:Middlewares/Third_Party/FreeRTOS/Source/portable/MemMang/heap_4.c ****  * Called automatically to setup the required heap structures the first time
  87:Middlewares/Third_Party/FreeRTOS/Source/portable/MemMang/heap_4.c ****  * pvPortMalloc() is called.
  88:Middlewares/Third_Party/FreeRTOS/Source/portable/MemMang/heap_4.c ****  */
  89:Middlewares/Third_Party/FreeRTOS/Source/portable/MemMang/heap_4.c **** static void prvHeapInit( void );
  90:Middlewares/Third_Party/FreeRTOS/Source/portable/MemMang/heap_4.c **** 
ARM GAS  D:\TMP\ccOdTTHp.s 			page 3


  91:Middlewares/Third_Party/FreeRTOS/Source/portable/MemMang/heap_4.c **** /*-----------------------------------------------------------*/
  92:Middlewares/Third_Party/FreeRTOS/Source/portable/MemMang/heap_4.c **** 
  93:Middlewares/Third_Party/FreeRTOS/Source/portable/MemMang/heap_4.c **** /* The size of the structure placed at the beginning of each allocated memory
  94:Middlewares/Third_Party/FreeRTOS/Source/portable/MemMang/heap_4.c **** block must by correctly byte aligned. */
  95:Middlewares/Third_Party/FreeRTOS/Source/portable/MemMang/heap_4.c **** static const size_t xHeapStructSize	= ( sizeof( BlockLink_t ) + ( ( size_t ) ( portBYTE_ALIGNMENT -
  96:Middlewares/Third_Party/FreeRTOS/Source/portable/MemMang/heap_4.c **** 
  97:Middlewares/Third_Party/FreeRTOS/Source/portable/MemMang/heap_4.c **** /* Create a couple of list links to mark the start and end of the list. */
  98:Middlewares/Third_Party/FreeRTOS/Source/portable/MemMang/heap_4.c **** static BlockLink_t xStart, *pxEnd = NULL;
  99:Middlewares/Third_Party/FreeRTOS/Source/portable/MemMang/heap_4.c **** 
 100:Middlewares/Third_Party/FreeRTOS/Source/portable/MemMang/heap_4.c **** /* Keeps track of the number of calls to allocate and free memory as well as the
 101:Middlewares/Third_Party/FreeRTOS/Source/portable/MemMang/heap_4.c **** number of free bytes remaining, but says nothing about fragmentation. */
 102:Middlewares/Third_Party/FreeRTOS/Source/portable/MemMang/heap_4.c **** static size_t xFreeBytesRemaining = 0U;
 103:Middlewares/Third_Party/FreeRTOS/Source/portable/MemMang/heap_4.c **** static size_t xMinimumEverFreeBytesRemaining = 0U;
 104:Middlewares/Third_Party/FreeRTOS/Source/portable/MemMang/heap_4.c **** static size_t xNumberOfSuccessfulAllocations = 0;
 105:Middlewares/Third_Party/FreeRTOS/Source/portable/MemMang/heap_4.c **** static size_t xNumberOfSuccessfulFrees = 0;
 106:Middlewares/Third_Party/FreeRTOS/Source/portable/MemMang/heap_4.c **** 
 107:Middlewares/Third_Party/FreeRTOS/Source/portable/MemMang/heap_4.c **** /* Gets set to the top bit of an size_t type.  When this bit in the xBlockSize
 108:Middlewares/Third_Party/FreeRTOS/Source/portable/MemMang/heap_4.c **** member of an BlockLink_t structure is set then the block belongs to the
 109:Middlewares/Third_Party/FreeRTOS/Source/portable/MemMang/heap_4.c **** application.  When the bit is free the block is still part of the free heap
 110:Middlewares/Third_Party/FreeRTOS/Source/portable/MemMang/heap_4.c **** space. */
 111:Middlewares/Third_Party/FreeRTOS/Source/portable/MemMang/heap_4.c **** static size_t xBlockAllocatedBit = 0;
 112:Middlewares/Third_Party/FreeRTOS/Source/portable/MemMang/heap_4.c **** 
 113:Middlewares/Third_Party/FreeRTOS/Source/portable/MemMang/heap_4.c **** /*-----------------------------------------------------------*/
 114:Middlewares/Third_Party/FreeRTOS/Source/portable/MemMang/heap_4.c **** 
 115:Middlewares/Third_Party/FreeRTOS/Source/portable/MemMang/heap_4.c **** void *pvPortMalloc( size_t xWantedSize )
 116:Middlewares/Third_Party/FreeRTOS/Source/portable/MemMang/heap_4.c **** {
 117:Middlewares/Third_Party/FreeRTOS/Source/portable/MemMang/heap_4.c **** BlockLink_t *pxBlock, *pxPreviousBlock, *pxNewBlockLink;
 118:Middlewares/Third_Party/FreeRTOS/Source/portable/MemMang/heap_4.c **** void *pvReturn = NULL;
 119:Middlewares/Third_Party/FreeRTOS/Source/portable/MemMang/heap_4.c **** 
 120:Middlewares/Third_Party/FreeRTOS/Source/portable/MemMang/heap_4.c **** 	vTaskSuspendAll();
 121:Middlewares/Third_Party/FreeRTOS/Source/portable/MemMang/heap_4.c **** 	{
 122:Middlewares/Third_Party/FreeRTOS/Source/portable/MemMang/heap_4.c **** 		/* If this is the first call to malloc then the heap will require
 123:Middlewares/Third_Party/FreeRTOS/Source/portable/MemMang/heap_4.c **** 		initialisation to setup the list of free blocks. */
 124:Middlewares/Third_Party/FreeRTOS/Source/portable/MemMang/heap_4.c **** 		if( pxEnd == NULL )
 125:Middlewares/Third_Party/FreeRTOS/Source/portable/MemMang/heap_4.c **** 		{
 126:Middlewares/Third_Party/FreeRTOS/Source/portable/MemMang/heap_4.c **** 			prvHeapInit();
 127:Middlewares/Third_Party/FreeRTOS/Source/portable/MemMang/heap_4.c **** 		}
 128:Middlewares/Third_Party/FreeRTOS/Source/portable/MemMang/heap_4.c **** 		else
 129:Middlewares/Third_Party/FreeRTOS/Source/portable/MemMang/heap_4.c **** 		{
 130:Middlewares/Third_Party/FreeRTOS/Source/portable/MemMang/heap_4.c **** 			mtCOVERAGE_TEST_MARKER();
 131:Middlewares/Third_Party/FreeRTOS/Source/portable/MemMang/heap_4.c **** 		}
 132:Middlewares/Third_Party/FreeRTOS/Source/portable/MemMang/heap_4.c **** 
 133:Middlewares/Third_Party/FreeRTOS/Source/portable/MemMang/heap_4.c **** 		/* Check the requested block size is not so large that the top bit is
 134:Middlewares/Third_Party/FreeRTOS/Source/portable/MemMang/heap_4.c **** 		set.  The top bit of the block size member of the BlockLink_t structure
 135:Middlewares/Third_Party/FreeRTOS/Source/portable/MemMang/heap_4.c **** 		is used to determine who owns the block - the application or the
 136:Middlewares/Third_Party/FreeRTOS/Source/portable/MemMang/heap_4.c **** 		kernel, so it must be free. */
 137:Middlewares/Third_Party/FreeRTOS/Source/portable/MemMang/heap_4.c **** 		if( ( xWantedSize & xBlockAllocatedBit ) == 0 )
 138:Middlewares/Third_Party/FreeRTOS/Source/portable/MemMang/heap_4.c **** 		{
 139:Middlewares/Third_Party/FreeRTOS/Source/portable/MemMang/heap_4.c **** 			/* The wanted size is increased so it can contain a BlockLink_t
 140:Middlewares/Third_Party/FreeRTOS/Source/portable/MemMang/heap_4.c **** 			structure in addition to the requested amount of bytes. */
 141:Middlewares/Third_Party/FreeRTOS/Source/portable/MemMang/heap_4.c **** 			if( xWantedSize > 0 )
 142:Middlewares/Third_Party/FreeRTOS/Source/portable/MemMang/heap_4.c **** 			{
 143:Middlewares/Third_Party/FreeRTOS/Source/portable/MemMang/heap_4.c **** 				xWantedSize += xHeapStructSize;
 144:Middlewares/Third_Party/FreeRTOS/Source/portable/MemMang/heap_4.c **** 
 145:Middlewares/Third_Party/FreeRTOS/Source/portable/MemMang/heap_4.c **** 				/* Ensure that blocks are always aligned to the required number
 146:Middlewares/Third_Party/FreeRTOS/Source/portable/MemMang/heap_4.c **** 				of bytes. */
 147:Middlewares/Third_Party/FreeRTOS/Source/portable/MemMang/heap_4.c **** 				if( ( xWantedSize & portBYTE_ALIGNMENT_MASK ) != 0x00 )
ARM GAS  D:\TMP\ccOdTTHp.s 			page 4


 148:Middlewares/Third_Party/FreeRTOS/Source/portable/MemMang/heap_4.c **** 				{
 149:Middlewares/Third_Party/FreeRTOS/Source/portable/MemMang/heap_4.c **** 					/* Byte alignment required. */
 150:Middlewares/Third_Party/FreeRTOS/Source/portable/MemMang/heap_4.c **** 					xWantedSize += ( portBYTE_ALIGNMENT - ( xWantedSize & portBYTE_ALIGNMENT_MASK ) );
 151:Middlewares/Third_Party/FreeRTOS/Source/portable/MemMang/heap_4.c **** 					configASSERT( ( xWantedSize & portBYTE_ALIGNMENT_MASK ) == 0 );
 152:Middlewares/Third_Party/FreeRTOS/Source/portable/MemMang/heap_4.c **** 				}
 153:Middlewares/Third_Party/FreeRTOS/Source/portable/MemMang/heap_4.c **** 				else
 154:Middlewares/Third_Party/FreeRTOS/Source/portable/MemMang/heap_4.c **** 				{
 155:Middlewares/Third_Party/FreeRTOS/Source/portable/MemMang/heap_4.c **** 					mtCOVERAGE_TEST_MARKER();
 156:Middlewares/Third_Party/FreeRTOS/Source/portable/MemMang/heap_4.c **** 				}
 157:Middlewares/Third_Party/FreeRTOS/Source/portable/MemMang/heap_4.c **** 			}
 158:Middlewares/Third_Party/FreeRTOS/Source/portable/MemMang/heap_4.c **** 			else
 159:Middlewares/Third_Party/FreeRTOS/Source/portable/MemMang/heap_4.c **** 			{
 160:Middlewares/Third_Party/FreeRTOS/Source/portable/MemMang/heap_4.c **** 				mtCOVERAGE_TEST_MARKER();
 161:Middlewares/Third_Party/FreeRTOS/Source/portable/MemMang/heap_4.c **** 			}
 162:Middlewares/Third_Party/FreeRTOS/Source/portable/MemMang/heap_4.c **** 
 163:Middlewares/Third_Party/FreeRTOS/Source/portable/MemMang/heap_4.c **** 			if( ( xWantedSize > 0 ) && ( xWantedSize <= xFreeBytesRemaining ) )
 164:Middlewares/Third_Party/FreeRTOS/Source/portable/MemMang/heap_4.c **** 			{
 165:Middlewares/Third_Party/FreeRTOS/Source/portable/MemMang/heap_4.c **** 				/* Traverse the list from the start	(lowest address) block until
 166:Middlewares/Third_Party/FreeRTOS/Source/portable/MemMang/heap_4.c **** 				one	of adequate size is found. */
 167:Middlewares/Third_Party/FreeRTOS/Source/portable/MemMang/heap_4.c **** 				pxPreviousBlock = &xStart;
 168:Middlewares/Third_Party/FreeRTOS/Source/portable/MemMang/heap_4.c **** 				pxBlock = xStart.pxNextFreeBlock;
 169:Middlewares/Third_Party/FreeRTOS/Source/portable/MemMang/heap_4.c **** 				while( ( pxBlock->xBlockSize < xWantedSize ) && ( pxBlock->pxNextFreeBlock != NULL ) )
 170:Middlewares/Third_Party/FreeRTOS/Source/portable/MemMang/heap_4.c **** 				{
 171:Middlewares/Third_Party/FreeRTOS/Source/portable/MemMang/heap_4.c **** 					pxPreviousBlock = pxBlock;
 172:Middlewares/Third_Party/FreeRTOS/Source/portable/MemMang/heap_4.c **** 					pxBlock = pxBlock->pxNextFreeBlock;
 173:Middlewares/Third_Party/FreeRTOS/Source/portable/MemMang/heap_4.c **** 				}
 174:Middlewares/Third_Party/FreeRTOS/Source/portable/MemMang/heap_4.c **** 
 175:Middlewares/Third_Party/FreeRTOS/Source/portable/MemMang/heap_4.c **** 				/* If the end marker was reached then a block of adequate size
 176:Middlewares/Third_Party/FreeRTOS/Source/portable/MemMang/heap_4.c **** 				was	not found. */
 177:Middlewares/Third_Party/FreeRTOS/Source/portable/MemMang/heap_4.c **** 				if( pxBlock != pxEnd )
 178:Middlewares/Third_Party/FreeRTOS/Source/portable/MemMang/heap_4.c **** 				{
 179:Middlewares/Third_Party/FreeRTOS/Source/portable/MemMang/heap_4.c **** 					/* Return the memory space pointed to - jumping over the
 180:Middlewares/Third_Party/FreeRTOS/Source/portable/MemMang/heap_4.c **** 					BlockLink_t structure at its start. */
 181:Middlewares/Third_Party/FreeRTOS/Source/portable/MemMang/heap_4.c **** 					pvReturn = ( void * ) ( ( ( uint8_t * ) pxPreviousBlock->pxNextFreeBlock ) + xHeapStructSize )
 182:Middlewares/Third_Party/FreeRTOS/Source/portable/MemMang/heap_4.c **** 
 183:Middlewares/Third_Party/FreeRTOS/Source/portable/MemMang/heap_4.c **** 					/* This block is being returned for use so must be taken out
 184:Middlewares/Third_Party/FreeRTOS/Source/portable/MemMang/heap_4.c **** 					of the list of free blocks. */
 185:Middlewares/Third_Party/FreeRTOS/Source/portable/MemMang/heap_4.c **** 					pxPreviousBlock->pxNextFreeBlock = pxBlock->pxNextFreeBlock;
 186:Middlewares/Third_Party/FreeRTOS/Source/portable/MemMang/heap_4.c **** 
 187:Middlewares/Third_Party/FreeRTOS/Source/portable/MemMang/heap_4.c **** 					/* If the block is larger than required it can be split into
 188:Middlewares/Third_Party/FreeRTOS/Source/portable/MemMang/heap_4.c **** 					two. */
 189:Middlewares/Third_Party/FreeRTOS/Source/portable/MemMang/heap_4.c **** 					if( ( pxBlock->xBlockSize - xWantedSize ) > heapMINIMUM_BLOCK_SIZE )
 190:Middlewares/Third_Party/FreeRTOS/Source/portable/MemMang/heap_4.c **** 					{
 191:Middlewares/Third_Party/FreeRTOS/Source/portable/MemMang/heap_4.c **** 						/* This block is to be split into two.  Create a new
 192:Middlewares/Third_Party/FreeRTOS/Source/portable/MemMang/heap_4.c **** 						block following the number of bytes requested. The void
 193:Middlewares/Third_Party/FreeRTOS/Source/portable/MemMang/heap_4.c **** 						cast is used to prevent byte alignment warnings from the
 194:Middlewares/Third_Party/FreeRTOS/Source/portable/MemMang/heap_4.c **** 						compiler. */
 195:Middlewares/Third_Party/FreeRTOS/Source/portable/MemMang/heap_4.c **** 						pxNewBlockLink = ( void * ) ( ( ( uint8_t * ) pxBlock ) + xWantedSize );
 196:Middlewares/Third_Party/FreeRTOS/Source/portable/MemMang/heap_4.c **** 						configASSERT( ( ( ( size_t ) pxNewBlockLink ) & portBYTE_ALIGNMENT_MASK ) == 0 );
 197:Middlewares/Third_Party/FreeRTOS/Source/portable/MemMang/heap_4.c **** 
 198:Middlewares/Third_Party/FreeRTOS/Source/portable/MemMang/heap_4.c **** 						/* Calculate the sizes of two blocks split from the
 199:Middlewares/Third_Party/FreeRTOS/Source/portable/MemMang/heap_4.c **** 						single block. */
 200:Middlewares/Third_Party/FreeRTOS/Source/portable/MemMang/heap_4.c **** 						pxNewBlockLink->xBlockSize = pxBlock->xBlockSize - xWantedSize;
 201:Middlewares/Third_Party/FreeRTOS/Source/portable/MemMang/heap_4.c **** 						pxBlock->xBlockSize = xWantedSize;
 202:Middlewares/Third_Party/FreeRTOS/Source/portable/MemMang/heap_4.c **** 
 203:Middlewares/Third_Party/FreeRTOS/Source/portable/MemMang/heap_4.c **** 						/* Insert the new block into the list of free blocks. */
 204:Middlewares/Third_Party/FreeRTOS/Source/portable/MemMang/heap_4.c **** 						prvInsertBlockIntoFreeList( pxNewBlockLink );
ARM GAS  D:\TMP\ccOdTTHp.s 			page 5


 205:Middlewares/Third_Party/FreeRTOS/Source/portable/MemMang/heap_4.c **** 					}
 206:Middlewares/Third_Party/FreeRTOS/Source/portable/MemMang/heap_4.c **** 					else
 207:Middlewares/Third_Party/FreeRTOS/Source/portable/MemMang/heap_4.c **** 					{
 208:Middlewares/Third_Party/FreeRTOS/Source/portable/MemMang/heap_4.c **** 						mtCOVERAGE_TEST_MARKER();
 209:Middlewares/Third_Party/FreeRTOS/Source/portable/MemMang/heap_4.c **** 					}
 210:Middlewares/Third_Party/FreeRTOS/Source/portable/MemMang/heap_4.c **** 
 211:Middlewares/Third_Party/FreeRTOS/Source/portable/MemMang/heap_4.c **** 					xFreeBytesRemaining -= pxBlock->xBlockSize;
 212:Middlewares/Third_Party/FreeRTOS/Source/portable/MemMang/heap_4.c **** 
 213:Middlewares/Third_Party/FreeRTOS/Source/portable/MemMang/heap_4.c **** 					if( xFreeBytesRemaining < xMinimumEverFreeBytesRemaining )
 214:Middlewares/Third_Party/FreeRTOS/Source/portable/MemMang/heap_4.c **** 					{
 215:Middlewares/Third_Party/FreeRTOS/Source/portable/MemMang/heap_4.c **** 						xMinimumEverFreeBytesRemaining = xFreeBytesRemaining;
 216:Middlewares/Third_Party/FreeRTOS/Source/portable/MemMang/heap_4.c **** 					}
 217:Middlewares/Third_Party/FreeRTOS/Source/portable/MemMang/heap_4.c **** 					else
 218:Middlewares/Third_Party/FreeRTOS/Source/portable/MemMang/heap_4.c **** 					{
 219:Middlewares/Third_Party/FreeRTOS/Source/portable/MemMang/heap_4.c **** 						mtCOVERAGE_TEST_MARKER();
 220:Middlewares/Third_Party/FreeRTOS/Source/portable/MemMang/heap_4.c **** 					}
 221:Middlewares/Third_Party/FreeRTOS/Source/portable/MemMang/heap_4.c **** 
 222:Middlewares/Third_Party/FreeRTOS/Source/portable/MemMang/heap_4.c **** 					/* The block is being returned - it is allocated and owned
 223:Middlewares/Third_Party/FreeRTOS/Source/portable/MemMang/heap_4.c **** 					by the application and has no "next" block. */
 224:Middlewares/Third_Party/FreeRTOS/Source/portable/MemMang/heap_4.c **** 					pxBlock->xBlockSize |= xBlockAllocatedBit;
 225:Middlewares/Third_Party/FreeRTOS/Source/portable/MemMang/heap_4.c **** 					pxBlock->pxNextFreeBlock = NULL;
 226:Middlewares/Third_Party/FreeRTOS/Source/portable/MemMang/heap_4.c **** 					xNumberOfSuccessfulAllocations++;
 227:Middlewares/Third_Party/FreeRTOS/Source/portable/MemMang/heap_4.c **** 				}
 228:Middlewares/Third_Party/FreeRTOS/Source/portable/MemMang/heap_4.c **** 				else
 229:Middlewares/Third_Party/FreeRTOS/Source/portable/MemMang/heap_4.c **** 				{
 230:Middlewares/Third_Party/FreeRTOS/Source/portable/MemMang/heap_4.c **** 					mtCOVERAGE_TEST_MARKER();
 231:Middlewares/Third_Party/FreeRTOS/Source/portable/MemMang/heap_4.c **** 				}
 232:Middlewares/Third_Party/FreeRTOS/Source/portable/MemMang/heap_4.c **** 			}
 233:Middlewares/Third_Party/FreeRTOS/Source/portable/MemMang/heap_4.c **** 			else
 234:Middlewares/Third_Party/FreeRTOS/Source/portable/MemMang/heap_4.c **** 			{
 235:Middlewares/Third_Party/FreeRTOS/Source/portable/MemMang/heap_4.c **** 				mtCOVERAGE_TEST_MARKER();
 236:Middlewares/Third_Party/FreeRTOS/Source/portable/MemMang/heap_4.c **** 			}
 237:Middlewares/Third_Party/FreeRTOS/Source/portable/MemMang/heap_4.c **** 		}
 238:Middlewares/Third_Party/FreeRTOS/Source/portable/MemMang/heap_4.c **** 		else
 239:Middlewares/Third_Party/FreeRTOS/Source/portable/MemMang/heap_4.c **** 		{
 240:Middlewares/Third_Party/FreeRTOS/Source/portable/MemMang/heap_4.c **** 			mtCOVERAGE_TEST_MARKER();
 241:Middlewares/Third_Party/FreeRTOS/Source/portable/MemMang/heap_4.c **** 		}
 242:Middlewares/Third_Party/FreeRTOS/Source/portable/MemMang/heap_4.c **** 
 243:Middlewares/Third_Party/FreeRTOS/Source/portable/MemMang/heap_4.c **** 		traceMALLOC( pvReturn, xWantedSize );
 244:Middlewares/Third_Party/FreeRTOS/Source/portable/MemMang/heap_4.c **** 	}
 245:Middlewares/Third_Party/FreeRTOS/Source/portable/MemMang/heap_4.c **** 	( void ) xTaskResumeAll();
 246:Middlewares/Third_Party/FreeRTOS/Source/portable/MemMang/heap_4.c **** 
 247:Middlewares/Third_Party/FreeRTOS/Source/portable/MemMang/heap_4.c **** 	#if( configUSE_MALLOC_FAILED_HOOK == 1 )
 248:Middlewares/Third_Party/FreeRTOS/Source/portable/MemMang/heap_4.c **** 	{
 249:Middlewares/Third_Party/FreeRTOS/Source/portable/MemMang/heap_4.c **** 		if( pvReturn == NULL )
 250:Middlewares/Third_Party/FreeRTOS/Source/portable/MemMang/heap_4.c **** 		{
 251:Middlewares/Third_Party/FreeRTOS/Source/portable/MemMang/heap_4.c **** 			extern void vApplicationMallocFailedHook( void );
 252:Middlewares/Third_Party/FreeRTOS/Source/portable/MemMang/heap_4.c **** 			vApplicationMallocFailedHook();
 253:Middlewares/Third_Party/FreeRTOS/Source/portable/MemMang/heap_4.c **** 		}
 254:Middlewares/Third_Party/FreeRTOS/Source/portable/MemMang/heap_4.c **** 		else
 255:Middlewares/Third_Party/FreeRTOS/Source/portable/MemMang/heap_4.c **** 		{
 256:Middlewares/Third_Party/FreeRTOS/Source/portable/MemMang/heap_4.c **** 			mtCOVERAGE_TEST_MARKER();
 257:Middlewares/Third_Party/FreeRTOS/Source/portable/MemMang/heap_4.c **** 		}
 258:Middlewares/Third_Party/FreeRTOS/Source/portable/MemMang/heap_4.c **** 	}
 259:Middlewares/Third_Party/FreeRTOS/Source/portable/MemMang/heap_4.c **** 	#endif
 260:Middlewares/Third_Party/FreeRTOS/Source/portable/MemMang/heap_4.c **** 
 261:Middlewares/Third_Party/FreeRTOS/Source/portable/MemMang/heap_4.c **** 	configASSERT( ( ( ( size_t ) pvReturn ) & ( size_t ) portBYTE_ALIGNMENT_MASK ) == 0 );
ARM GAS  D:\TMP\ccOdTTHp.s 			page 6


 262:Middlewares/Third_Party/FreeRTOS/Source/portable/MemMang/heap_4.c **** 	return pvReturn;
 263:Middlewares/Third_Party/FreeRTOS/Source/portable/MemMang/heap_4.c **** }
 264:Middlewares/Third_Party/FreeRTOS/Source/portable/MemMang/heap_4.c **** /*-----------------------------------------------------------*/
 265:Middlewares/Third_Party/FreeRTOS/Source/portable/MemMang/heap_4.c **** 
 266:Middlewares/Third_Party/FreeRTOS/Source/portable/MemMang/heap_4.c **** void vPortFree( void *pv )
 267:Middlewares/Third_Party/FreeRTOS/Source/portable/MemMang/heap_4.c **** {
 268:Middlewares/Third_Party/FreeRTOS/Source/portable/MemMang/heap_4.c **** uint8_t *puc = ( uint8_t * ) pv;
 269:Middlewares/Third_Party/FreeRTOS/Source/portable/MemMang/heap_4.c **** BlockLink_t *pxLink;
 270:Middlewares/Third_Party/FreeRTOS/Source/portable/MemMang/heap_4.c **** 
 271:Middlewares/Third_Party/FreeRTOS/Source/portable/MemMang/heap_4.c **** 	if( pv != NULL )
 272:Middlewares/Third_Party/FreeRTOS/Source/portable/MemMang/heap_4.c **** 	{
 273:Middlewares/Third_Party/FreeRTOS/Source/portable/MemMang/heap_4.c **** 		/* The memory being freed will have an BlockLink_t structure immediately
 274:Middlewares/Third_Party/FreeRTOS/Source/portable/MemMang/heap_4.c **** 		before it. */
 275:Middlewares/Third_Party/FreeRTOS/Source/portable/MemMang/heap_4.c **** 		puc -= xHeapStructSize;
 276:Middlewares/Third_Party/FreeRTOS/Source/portable/MemMang/heap_4.c **** 
 277:Middlewares/Third_Party/FreeRTOS/Source/portable/MemMang/heap_4.c **** 		/* This casting is to keep the compiler from issuing warnings. */
 278:Middlewares/Third_Party/FreeRTOS/Source/portable/MemMang/heap_4.c **** 		pxLink = ( void * ) puc;
 279:Middlewares/Third_Party/FreeRTOS/Source/portable/MemMang/heap_4.c **** 
 280:Middlewares/Third_Party/FreeRTOS/Source/portable/MemMang/heap_4.c **** 		/* Check the block is actually allocated. */
 281:Middlewares/Third_Party/FreeRTOS/Source/portable/MemMang/heap_4.c **** 		configASSERT( ( pxLink->xBlockSize & xBlockAllocatedBit ) != 0 );
 282:Middlewares/Third_Party/FreeRTOS/Source/portable/MemMang/heap_4.c **** 		configASSERT( pxLink->pxNextFreeBlock == NULL );
 283:Middlewares/Third_Party/FreeRTOS/Source/portable/MemMang/heap_4.c **** 
 284:Middlewares/Third_Party/FreeRTOS/Source/portable/MemMang/heap_4.c **** 		if( ( pxLink->xBlockSize & xBlockAllocatedBit ) != 0 )
 285:Middlewares/Third_Party/FreeRTOS/Source/portable/MemMang/heap_4.c **** 		{
 286:Middlewares/Third_Party/FreeRTOS/Source/portable/MemMang/heap_4.c **** 			if( pxLink->pxNextFreeBlock == NULL )
 287:Middlewares/Third_Party/FreeRTOS/Source/portable/MemMang/heap_4.c **** 			{
 288:Middlewares/Third_Party/FreeRTOS/Source/portable/MemMang/heap_4.c **** 				/* The block is being returned to the heap - it is no longer
 289:Middlewares/Third_Party/FreeRTOS/Source/portable/MemMang/heap_4.c **** 				allocated. */
 290:Middlewares/Third_Party/FreeRTOS/Source/portable/MemMang/heap_4.c **** 				pxLink->xBlockSize &= ~xBlockAllocatedBit;
 291:Middlewares/Third_Party/FreeRTOS/Source/portable/MemMang/heap_4.c **** 
 292:Middlewares/Third_Party/FreeRTOS/Source/portable/MemMang/heap_4.c **** 				vTaskSuspendAll();
 293:Middlewares/Third_Party/FreeRTOS/Source/portable/MemMang/heap_4.c **** 				{
 294:Middlewares/Third_Party/FreeRTOS/Source/portable/MemMang/heap_4.c **** 					/* Add this block to the list of free blocks. */
 295:Middlewares/Third_Party/FreeRTOS/Source/portable/MemMang/heap_4.c **** 					xFreeBytesRemaining += pxLink->xBlockSize;
 296:Middlewares/Third_Party/FreeRTOS/Source/portable/MemMang/heap_4.c **** 					traceFREE( pv, pxLink->xBlockSize );
 297:Middlewares/Third_Party/FreeRTOS/Source/portable/MemMang/heap_4.c **** 					prvInsertBlockIntoFreeList( ( ( BlockLink_t * ) pxLink ) );
 298:Middlewares/Third_Party/FreeRTOS/Source/portable/MemMang/heap_4.c **** 					xNumberOfSuccessfulFrees++;
 299:Middlewares/Third_Party/FreeRTOS/Source/portable/MemMang/heap_4.c **** 				}
 300:Middlewares/Third_Party/FreeRTOS/Source/portable/MemMang/heap_4.c **** 				( void ) xTaskResumeAll();
 301:Middlewares/Third_Party/FreeRTOS/Source/portable/MemMang/heap_4.c **** 			}
 302:Middlewares/Third_Party/FreeRTOS/Source/portable/MemMang/heap_4.c **** 			else
 303:Middlewares/Third_Party/FreeRTOS/Source/portable/MemMang/heap_4.c **** 			{
 304:Middlewares/Third_Party/FreeRTOS/Source/portable/MemMang/heap_4.c **** 				mtCOVERAGE_TEST_MARKER();
 305:Middlewares/Third_Party/FreeRTOS/Source/portable/MemMang/heap_4.c **** 			}
 306:Middlewares/Third_Party/FreeRTOS/Source/portable/MemMang/heap_4.c **** 		}
 307:Middlewares/Third_Party/FreeRTOS/Source/portable/MemMang/heap_4.c **** 		else
 308:Middlewares/Third_Party/FreeRTOS/Source/portable/MemMang/heap_4.c **** 		{
 309:Middlewares/Third_Party/FreeRTOS/Source/portable/MemMang/heap_4.c **** 			mtCOVERAGE_TEST_MARKER();
 310:Middlewares/Third_Party/FreeRTOS/Source/portable/MemMang/heap_4.c **** 		}
 311:Middlewares/Third_Party/FreeRTOS/Source/portable/MemMang/heap_4.c **** 	}
 312:Middlewares/Third_Party/FreeRTOS/Source/portable/MemMang/heap_4.c **** }
 313:Middlewares/Third_Party/FreeRTOS/Source/portable/MemMang/heap_4.c **** /*-----------------------------------------------------------*/
 314:Middlewares/Third_Party/FreeRTOS/Source/portable/MemMang/heap_4.c **** 
 315:Middlewares/Third_Party/FreeRTOS/Source/portable/MemMang/heap_4.c **** size_t xPortGetFreeHeapSize( void )
 316:Middlewares/Third_Party/FreeRTOS/Source/portable/MemMang/heap_4.c **** {
 317:Middlewares/Third_Party/FreeRTOS/Source/portable/MemMang/heap_4.c **** 	return xFreeBytesRemaining;
 318:Middlewares/Third_Party/FreeRTOS/Source/portable/MemMang/heap_4.c **** }
ARM GAS  D:\TMP\ccOdTTHp.s 			page 7


 319:Middlewares/Third_Party/FreeRTOS/Source/portable/MemMang/heap_4.c **** /*-----------------------------------------------------------*/
 320:Middlewares/Third_Party/FreeRTOS/Source/portable/MemMang/heap_4.c **** 
 321:Middlewares/Third_Party/FreeRTOS/Source/portable/MemMang/heap_4.c **** size_t xPortGetMinimumEverFreeHeapSize( void )
 322:Middlewares/Third_Party/FreeRTOS/Source/portable/MemMang/heap_4.c **** {
 323:Middlewares/Third_Party/FreeRTOS/Source/portable/MemMang/heap_4.c **** 	return xMinimumEverFreeBytesRemaining;
 324:Middlewares/Third_Party/FreeRTOS/Source/portable/MemMang/heap_4.c **** }
 325:Middlewares/Third_Party/FreeRTOS/Source/portable/MemMang/heap_4.c **** /*-----------------------------------------------------------*/
 326:Middlewares/Third_Party/FreeRTOS/Source/portable/MemMang/heap_4.c **** 
 327:Middlewares/Third_Party/FreeRTOS/Source/portable/MemMang/heap_4.c **** void vPortInitialiseBlocks( void )
 328:Middlewares/Third_Party/FreeRTOS/Source/portable/MemMang/heap_4.c **** {
 329:Middlewares/Third_Party/FreeRTOS/Source/portable/MemMang/heap_4.c **** 	/* This just exists to keep the linker quiet. */
 330:Middlewares/Third_Party/FreeRTOS/Source/portable/MemMang/heap_4.c **** }
 331:Middlewares/Third_Party/FreeRTOS/Source/portable/MemMang/heap_4.c **** /*-----------------------------------------------------------*/
 332:Middlewares/Third_Party/FreeRTOS/Source/portable/MemMang/heap_4.c **** 
 333:Middlewares/Third_Party/FreeRTOS/Source/portable/MemMang/heap_4.c **** static void prvHeapInit( void )
 334:Middlewares/Third_Party/FreeRTOS/Source/portable/MemMang/heap_4.c **** {
  26              		.loc 1 334 1 view -0
  27              		.cfi_startproc
  28              		@ args = 0, pretend = 0, frame = 0
  29              		@ frame_needed = 0, uses_anonymous_args = 0
  30              		@ link register save eliminated.
 335:Middlewares/Third_Party/FreeRTOS/Source/portable/MemMang/heap_4.c **** BlockLink_t *pxFirstFreeBlock;
  31              		.loc 1 335 1 view .LVU1
 336:Middlewares/Third_Party/FreeRTOS/Source/portable/MemMang/heap_4.c **** uint8_t *pucAlignedHeap;
  32              		.loc 1 336 1 view .LVU2
 337:Middlewares/Third_Party/FreeRTOS/Source/portable/MemMang/heap_4.c **** size_t uxAddress;
  33              		.loc 1 337 1 view .LVU3
 338:Middlewares/Third_Party/FreeRTOS/Source/portable/MemMang/heap_4.c **** size_t xTotalHeapSize = configTOTAL_HEAP_SIZE;
  34              		.loc 1 338 1 view .LVU4
  35              	.LVL0:
 339:Middlewares/Third_Party/FreeRTOS/Source/portable/MemMang/heap_4.c **** 
 340:Middlewares/Third_Party/FreeRTOS/Source/portable/MemMang/heap_4.c **** 	/* Ensure the heap starts on a correctly aligned boundary. */
 341:Middlewares/Third_Party/FreeRTOS/Source/portable/MemMang/heap_4.c **** 	uxAddress = ( size_t ) ucHeap;
  36              		.loc 1 341 2 view .LVU5
  37              		.loc 1 341 12 is_stmt 0 view .LVU6
  38 0000 124A     		ldr	r2, .L4
  39              	.LVL1:
 342:Middlewares/Third_Party/FreeRTOS/Source/portable/MemMang/heap_4.c **** 
 343:Middlewares/Third_Party/FreeRTOS/Source/portable/MemMang/heap_4.c **** 	if( ( uxAddress & portBYTE_ALIGNMENT_MASK ) != 0 )
  40              		.loc 1 343 2 is_stmt 1 view .LVU7
  41              		.loc 1 343 4 is_stmt 0 view .LVU8
  42 0002 12F0070F 		tst	r2, #7
  43 0006 1ED0     		beq	.L3
 344:Middlewares/Third_Party/FreeRTOS/Source/portable/MemMang/heap_4.c **** 	{
 345:Middlewares/Third_Party/FreeRTOS/Source/portable/MemMang/heap_4.c **** 		uxAddress += ( portBYTE_ALIGNMENT - 1 );
  44              		.loc 1 345 3 is_stmt 1 view .LVU9
  45              		.loc 1 345 13 is_stmt 0 view .LVU10
  46 0008 D11D     		adds	r1, r2, #7
  47              	.LVL2:
 346:Middlewares/Third_Party/FreeRTOS/Source/portable/MemMang/heap_4.c **** 		uxAddress &= ~( ( size_t ) portBYTE_ALIGNMENT_MASK );
  48              		.loc 1 346 3 is_stmt 1 view .LVU11
  49              		.loc 1 346 13 is_stmt 0 view .LVU12
  50 000a 21F00701 		bic	r1, r1, #7
  51              	.LVL3:
 347:Middlewares/Third_Party/FreeRTOS/Source/portable/MemMang/heap_4.c **** 		xTotalHeapSize -= uxAddress - ( size_t ) ucHeap;
  52              		.loc 1 347 3 is_stmt 1 view .LVU13
  53              		.loc 1 347 18 is_stmt 0 view .LVU14
ARM GAS  D:\TMP\ccOdTTHp.s 			page 8


  54 000e C1F54053 		rsb	r3, r1, #12288
  55 0012 1344     		add	r3, r3, r2
  56              	.LVL4:
 346:Middlewares/Third_Party/FreeRTOS/Source/portable/MemMang/heap_4.c **** 		uxAddress &= ~( ( size_t ) portBYTE_ALIGNMENT_MASK );
  57              		.loc 1 346 13 view .LVU15
  58 0014 0A46     		mov	r2, r1
  59              	.LVL5:
  60              	.L2:
 348:Middlewares/Third_Party/FreeRTOS/Source/portable/MemMang/heap_4.c **** 	}
 349:Middlewares/Third_Party/FreeRTOS/Source/portable/MemMang/heap_4.c **** 
 350:Middlewares/Third_Party/FreeRTOS/Source/portable/MemMang/heap_4.c **** 	pucAlignedHeap = ( uint8_t * ) uxAddress;
  61              		.loc 1 350 2 is_stmt 1 view .LVU16
 351:Middlewares/Third_Party/FreeRTOS/Source/portable/MemMang/heap_4.c **** 
 352:Middlewares/Third_Party/FreeRTOS/Source/portable/MemMang/heap_4.c **** 	/* xStart is used to hold a pointer to the first item in the list of free
 353:Middlewares/Third_Party/FreeRTOS/Source/portable/MemMang/heap_4.c **** 	blocks.  The void cast is used to prevent compiler warnings. */
 354:Middlewares/Third_Party/FreeRTOS/Source/portable/MemMang/heap_4.c **** 	xStart.pxNextFreeBlock = ( void * ) pucAlignedHeap;
  62              		.loc 1 354 2 view .LVU17
  63              		.loc 1 354 25 is_stmt 0 view .LVU18
  64 0016 0E48     		ldr	r0, .L4+4
  65 0018 0260     		str	r2, [r0]
 355:Middlewares/Third_Party/FreeRTOS/Source/portable/MemMang/heap_4.c **** 	xStart.xBlockSize = ( size_t ) 0;
  66              		.loc 1 355 2 is_stmt 1 view .LVU19
  67              		.loc 1 355 20 is_stmt 0 view .LVU20
  68 001a 0021     		movs	r1, #0
  69 001c 4160     		str	r1, [r0, #4]
 356:Middlewares/Third_Party/FreeRTOS/Source/portable/MemMang/heap_4.c **** 
 357:Middlewares/Third_Party/FreeRTOS/Source/portable/MemMang/heap_4.c **** 	/* pxEnd is used to mark the end of the list of free blocks and is inserted
 358:Middlewares/Third_Party/FreeRTOS/Source/portable/MemMang/heap_4.c **** 	at the end of the heap space. */
 359:Middlewares/Third_Party/FreeRTOS/Source/portable/MemMang/heap_4.c **** 	uxAddress = ( ( size_t ) pucAlignedHeap ) + xTotalHeapSize;
  70              		.loc 1 359 2 is_stmt 1 view .LVU21
  71              		.loc 1 359 12 is_stmt 0 view .LVU22
  72 001e 1344     		add	r3, r3, r2
  73              	.LVL6:
 360:Middlewares/Third_Party/FreeRTOS/Source/portable/MemMang/heap_4.c **** 	uxAddress -= xHeapStructSize;
  74              		.loc 1 360 2 is_stmt 1 view .LVU23
  75              		.loc 1 360 12 is_stmt 0 view .LVU24
  76 0020 083B     		subs	r3, r3, #8
  77              	.LVL7:
 361:Middlewares/Third_Party/FreeRTOS/Source/portable/MemMang/heap_4.c **** 	uxAddress &= ~( ( size_t ) portBYTE_ALIGNMENT_MASK );
  78              		.loc 1 361 2 is_stmt 1 view .LVU25
  79              		.loc 1 361 12 is_stmt 0 view .LVU26
  80 0022 23F00703 		bic	r3, r3, #7
  81              	.LVL8:
 362:Middlewares/Third_Party/FreeRTOS/Source/portable/MemMang/heap_4.c **** 	pxEnd = ( void * ) uxAddress;
  82              		.loc 1 362 2 is_stmt 1 view .LVU27
  83              		.loc 1 362 8 is_stmt 0 view .LVU28
  84 0026 0B48     		ldr	r0, .L4+8
  85 0028 0360     		str	r3, [r0]
 363:Middlewares/Third_Party/FreeRTOS/Source/portable/MemMang/heap_4.c **** 	pxEnd->xBlockSize = 0;
  86              		.loc 1 363 2 is_stmt 1 view .LVU29
  87              		.loc 1 363 20 is_stmt 0 view .LVU30
  88 002a 5960     		str	r1, [r3, #4]
 364:Middlewares/Third_Party/FreeRTOS/Source/portable/MemMang/heap_4.c **** 	pxEnd->pxNextFreeBlock = NULL;
  89              		.loc 1 364 2 is_stmt 1 view .LVU31
  90              		.loc 1 364 25 is_stmt 0 view .LVU32
  91 002c 1960     		str	r1, [r3]
 365:Middlewares/Third_Party/FreeRTOS/Source/portable/MemMang/heap_4.c **** 
ARM GAS  D:\TMP\ccOdTTHp.s 			page 9


 366:Middlewares/Third_Party/FreeRTOS/Source/portable/MemMang/heap_4.c **** 	/* To start with there is a single free block that is sized to take up the
 367:Middlewares/Third_Party/FreeRTOS/Source/portable/MemMang/heap_4.c **** 	entire heap space, minus the space taken by pxEnd. */
 368:Middlewares/Third_Party/FreeRTOS/Source/portable/MemMang/heap_4.c **** 	pxFirstFreeBlock = ( void * ) pucAlignedHeap;
  92              		.loc 1 368 2 is_stmt 1 view .LVU33
  93              	.LVL9:
 369:Middlewares/Third_Party/FreeRTOS/Source/portable/MemMang/heap_4.c **** 	pxFirstFreeBlock->xBlockSize = uxAddress - ( size_t ) pxFirstFreeBlock;
  94              		.loc 1 369 2 view .LVU34
  95              		.loc 1 369 43 is_stmt 0 view .LVU35
  96 002e 991A     		subs	r1, r3, r2
  97              		.loc 1 369 31 view .LVU36
  98 0030 5160     		str	r1, [r2, #4]
 370:Middlewares/Third_Party/FreeRTOS/Source/portable/MemMang/heap_4.c **** 	pxFirstFreeBlock->pxNextFreeBlock = pxEnd;
  99              		.loc 1 370 2 is_stmt 1 view .LVU37
 100              		.loc 1 370 36 is_stmt 0 view .LVU38
 101 0032 1360     		str	r3, [r2]
 371:Middlewares/Third_Party/FreeRTOS/Source/portable/MemMang/heap_4.c **** 
 372:Middlewares/Third_Party/FreeRTOS/Source/portable/MemMang/heap_4.c **** 	/* Only one block exists - and it covers the entire usable heap space. */
 373:Middlewares/Third_Party/FreeRTOS/Source/portable/MemMang/heap_4.c **** 	xMinimumEverFreeBytesRemaining = pxFirstFreeBlock->xBlockSize;
 102              		.loc 1 373 2 is_stmt 1 view .LVU39
 103              		.loc 1 373 33 is_stmt 0 view .LVU40
 104 0034 084B     		ldr	r3, .L4+12
 105              	.LVL10:
 106              		.loc 1 373 33 view .LVU41
 107 0036 1960     		str	r1, [r3]
 374:Middlewares/Third_Party/FreeRTOS/Source/portable/MemMang/heap_4.c **** 	xFreeBytesRemaining = pxFirstFreeBlock->xBlockSize;
 108              		.loc 1 374 2 is_stmt 1 view .LVU42
 109              		.loc 1 374 22 is_stmt 0 view .LVU43
 110 0038 084B     		ldr	r3, .L4+16
 111 003a 1960     		str	r1, [r3]
 375:Middlewares/Third_Party/FreeRTOS/Source/portable/MemMang/heap_4.c **** 
 376:Middlewares/Third_Party/FreeRTOS/Source/portable/MemMang/heap_4.c **** 	/* Work out the position of the top bit in a size_t variable. */
 377:Middlewares/Third_Party/FreeRTOS/Source/portable/MemMang/heap_4.c **** 	xBlockAllocatedBit = ( ( size_t ) 1 ) << ( ( sizeof( size_t ) * heapBITS_PER_BYTE ) - 1 );
 112              		.loc 1 377 2 is_stmt 1 view .LVU44
 113              		.loc 1 377 21 is_stmt 0 view .LVU45
 114 003c 084B     		ldr	r3, .L4+20
 115 003e 4FF00042 		mov	r2, #-2147483648
 116              	.LVL11:
 117              		.loc 1 377 21 view .LVU46
 118 0042 1A60     		str	r2, [r3]
 378:Middlewares/Third_Party/FreeRTOS/Source/portable/MemMang/heap_4.c **** }
 119              		.loc 1 378 1 view .LVU47
 120 0044 7047     		bx	lr
 121              	.LVL12:
 122              	.L3:
 338:Middlewares/Third_Party/FreeRTOS/Source/portable/MemMang/heap_4.c **** 
 123              		.loc 1 338 8 view .LVU48
 124 0046 4FF44053 		mov	r3, #12288
 125 004a E4E7     		b	.L2
 126              	.L5:
 127              		.align	2
 128              	.L4:
 129 004c 00000000 		.word	ucHeap
 130 0050 00000000 		.word	xStart
 131 0054 00000000 		.word	pxEnd
 132 0058 00000000 		.word	xMinimumEverFreeBytesRemaining
 133 005c 00000000 		.word	xFreeBytesRemaining
 134 0060 00000000 		.word	xBlockAllocatedBit
ARM GAS  D:\TMP\ccOdTTHp.s 			page 10


 135              		.cfi_endproc
 136              	.LFE10:
 138              		.section	.text.prvInsertBlockIntoFreeList,"ax",%progbits
 139              		.align	1
 140              		.syntax unified
 141              		.thumb
 142              		.thumb_func
 144              	prvInsertBlockIntoFreeList:
 145              	.LVL13:
 146              	.LFB11:
 379:Middlewares/Third_Party/FreeRTOS/Source/portable/MemMang/heap_4.c **** /*-----------------------------------------------------------*/
 380:Middlewares/Third_Party/FreeRTOS/Source/portable/MemMang/heap_4.c **** 
 381:Middlewares/Third_Party/FreeRTOS/Source/portable/MemMang/heap_4.c **** static void prvInsertBlockIntoFreeList( BlockLink_t *pxBlockToInsert )
 382:Middlewares/Third_Party/FreeRTOS/Source/portable/MemMang/heap_4.c **** {
 147              		.loc 1 382 1 is_stmt 1 view -0
 148              		.cfi_startproc
 149              		@ args = 0, pretend = 0, frame = 0
 150              		@ frame_needed = 0, uses_anonymous_args = 0
 151              		@ link register save eliminated.
 383:Middlewares/Third_Party/FreeRTOS/Source/portable/MemMang/heap_4.c **** BlockLink_t *pxIterator;
 152              		.loc 1 383 1 view .LVU50
 384:Middlewares/Third_Party/FreeRTOS/Source/portable/MemMang/heap_4.c **** uint8_t *puc;
 153              		.loc 1 384 1 view .LVU51
 385:Middlewares/Third_Party/FreeRTOS/Source/portable/MemMang/heap_4.c **** 
 386:Middlewares/Third_Party/FreeRTOS/Source/portable/MemMang/heap_4.c **** 	/* Iterate through the list until a block is found that has a higher address
 387:Middlewares/Third_Party/FreeRTOS/Source/portable/MemMang/heap_4.c **** 	than the block being inserted. */
 388:Middlewares/Third_Party/FreeRTOS/Source/portable/MemMang/heap_4.c **** 	for( pxIterator = &xStart; pxIterator->pxNextFreeBlock < pxBlockToInsert; pxIterator = pxIterator-
 154              		.loc 1 388 2 view .LVU52
 155              		.loc 1 388 18 is_stmt 0 view .LVU53
 156 0000 154B     		ldr	r3, .L21
 157              	.LVL14:
 158              	.L7:
 159              		.loc 1 388 57 is_stmt 1 discriminator 1 view .LVU54
 160 0002 1A46     		mov	r2, r3
 161              		.loc 1 388 39 is_stmt 0 discriminator 1 view .LVU55
 162 0004 1B68     		ldr	r3, [r3]
 163              	.LVL15:
 164              		.loc 1 388 57 discriminator 1 view .LVU56
 165 0006 8342     		cmp	r3, r0
 166 0008 FBD3     		bcc	.L7
 389:Middlewares/Third_Party/FreeRTOS/Source/portable/MemMang/heap_4.c **** 	{
 390:Middlewares/Third_Party/FreeRTOS/Source/portable/MemMang/heap_4.c **** 		/* Nothing to do here, just iterate to the right position. */
 391:Middlewares/Third_Party/FreeRTOS/Source/portable/MemMang/heap_4.c **** 	}
 392:Middlewares/Third_Party/FreeRTOS/Source/portable/MemMang/heap_4.c **** 
 393:Middlewares/Third_Party/FreeRTOS/Source/portable/MemMang/heap_4.c **** 	/* Do the block being inserted, and the block it is being inserted after
 394:Middlewares/Third_Party/FreeRTOS/Source/portable/MemMang/heap_4.c **** 	make a contiguous block of memory? */
 395:Middlewares/Third_Party/FreeRTOS/Source/portable/MemMang/heap_4.c **** 	puc = ( uint8_t * ) pxIterator;
 167              		.loc 1 395 2 is_stmt 1 view .LVU57
 168              	.LVL16:
 396:Middlewares/Third_Party/FreeRTOS/Source/portable/MemMang/heap_4.c **** 	if( ( puc + pxIterator->xBlockSize ) == ( uint8_t * ) pxBlockToInsert )
 169              		.loc 1 396 2 view .LVU58
 170              		.loc 1 396 24 is_stmt 0 view .LVU59
 171 000a 5168     		ldr	r1, [r2, #4]
 172              		.loc 1 396 12 view .LVU60
 173 000c 02EB010C 		add	ip, r2, r1
 174              		.loc 1 396 4 view .LVU61
 175 0010 8445     		cmp	ip, r0
ARM GAS  D:\TMP\ccOdTTHp.s 			page 11


 176 0012 09D0     		beq	.L19
 177              	.L8:
 397:Middlewares/Third_Party/FreeRTOS/Source/portable/MemMang/heap_4.c **** 	{
 398:Middlewares/Third_Party/FreeRTOS/Source/portable/MemMang/heap_4.c **** 		pxIterator->xBlockSize += pxBlockToInsert->xBlockSize;
 399:Middlewares/Third_Party/FreeRTOS/Source/portable/MemMang/heap_4.c **** 		pxBlockToInsert = pxIterator;
 400:Middlewares/Third_Party/FreeRTOS/Source/portable/MemMang/heap_4.c **** 	}
 401:Middlewares/Third_Party/FreeRTOS/Source/portable/MemMang/heap_4.c **** 	else
 402:Middlewares/Third_Party/FreeRTOS/Source/portable/MemMang/heap_4.c **** 	{
 403:Middlewares/Third_Party/FreeRTOS/Source/portable/MemMang/heap_4.c **** 		mtCOVERAGE_TEST_MARKER();
 178              		.loc 1 403 27 is_stmt 1 view .LVU62
 404:Middlewares/Third_Party/FreeRTOS/Source/portable/MemMang/heap_4.c **** 	}
 405:Middlewares/Third_Party/FreeRTOS/Source/portable/MemMang/heap_4.c **** 
 406:Middlewares/Third_Party/FreeRTOS/Source/portable/MemMang/heap_4.c **** 	/* Do the block being inserted, and the block it is being inserted before
 407:Middlewares/Third_Party/FreeRTOS/Source/portable/MemMang/heap_4.c **** 	make a contiguous block of memory? */
 408:Middlewares/Third_Party/FreeRTOS/Source/portable/MemMang/heap_4.c **** 	puc = ( uint8_t * ) pxBlockToInsert;
 179              		.loc 1 408 2 view .LVU63
 180              	.LVL17:
 409:Middlewares/Third_Party/FreeRTOS/Source/portable/MemMang/heap_4.c **** 	if( ( puc + pxBlockToInsert->xBlockSize ) == ( uint8_t * ) pxIterator->pxNextFreeBlock )
 181              		.loc 1 409 2 view .LVU64
 182              		.loc 1 409 29 is_stmt 0 view .LVU65
 183 0014 4168     		ldr	r1, [r0, #4]
 184              		.loc 1 409 12 view .LVU66
 185 0016 00EB010C 		add	ip, r0, r1
 186              		.loc 1 409 4 view .LVU67
 187 001a 6345     		cmp	r3, ip
 188 001c 09D0     		beq	.L20
 410:Middlewares/Third_Party/FreeRTOS/Source/portable/MemMang/heap_4.c **** 	{
 411:Middlewares/Third_Party/FreeRTOS/Source/portable/MemMang/heap_4.c **** 		if( pxIterator->pxNextFreeBlock != pxEnd )
 412:Middlewares/Third_Party/FreeRTOS/Source/portable/MemMang/heap_4.c **** 		{
 413:Middlewares/Third_Party/FreeRTOS/Source/portable/MemMang/heap_4.c **** 			/* Form one big block from the two blocks. */
 414:Middlewares/Third_Party/FreeRTOS/Source/portable/MemMang/heap_4.c **** 			pxBlockToInsert->xBlockSize += pxIterator->pxNextFreeBlock->xBlockSize;
 415:Middlewares/Third_Party/FreeRTOS/Source/portable/MemMang/heap_4.c **** 			pxBlockToInsert->pxNextFreeBlock = pxIterator->pxNextFreeBlock->pxNextFreeBlock;
 416:Middlewares/Third_Party/FreeRTOS/Source/portable/MemMang/heap_4.c **** 		}
 417:Middlewares/Third_Party/FreeRTOS/Source/portable/MemMang/heap_4.c **** 		else
 418:Middlewares/Third_Party/FreeRTOS/Source/portable/MemMang/heap_4.c **** 		{
 419:Middlewares/Third_Party/FreeRTOS/Source/portable/MemMang/heap_4.c **** 			pxBlockToInsert->pxNextFreeBlock = pxEnd;
 420:Middlewares/Third_Party/FreeRTOS/Source/portable/MemMang/heap_4.c **** 		}
 421:Middlewares/Third_Party/FreeRTOS/Source/portable/MemMang/heap_4.c **** 	}
 422:Middlewares/Third_Party/FreeRTOS/Source/portable/MemMang/heap_4.c **** 	else
 423:Middlewares/Third_Party/FreeRTOS/Source/portable/MemMang/heap_4.c **** 	{
 424:Middlewares/Third_Party/FreeRTOS/Source/portable/MemMang/heap_4.c **** 		pxBlockToInsert->pxNextFreeBlock = pxIterator->pxNextFreeBlock;
 189              		.loc 1 424 3 is_stmt 1 view .LVU68
 190              		.loc 1 424 36 is_stmt 0 view .LVU69
 191 001e 0360     		str	r3, [r0]
 425:Middlewares/Third_Party/FreeRTOS/Source/portable/MemMang/heap_4.c **** 	}
 426:Middlewares/Third_Party/FreeRTOS/Source/portable/MemMang/heap_4.c **** 
 427:Middlewares/Third_Party/FreeRTOS/Source/portable/MemMang/heap_4.c **** 	/* If the block being inserted plugged a gab, so was merged with the block
 428:Middlewares/Third_Party/FreeRTOS/Source/portable/MemMang/heap_4.c **** 	before and the block after, then it's pxNextFreeBlock pointer will have
 429:Middlewares/Third_Party/FreeRTOS/Source/portable/MemMang/heap_4.c **** 	already been set, and should not be set here as that would make it point
 430:Middlewares/Third_Party/FreeRTOS/Source/portable/MemMang/heap_4.c **** 	to itself. */
 431:Middlewares/Third_Party/FreeRTOS/Source/portable/MemMang/heap_4.c **** 	if( pxIterator != pxBlockToInsert )
 192              		.loc 1 431 2 is_stmt 1 view .LVU70
 193              		.loc 1 431 4 is_stmt 0 view .LVU71
 194 0020 9042     		cmp	r0, r2
 195 0022 18D0     		beq	.L16
 432:Middlewares/Third_Party/FreeRTOS/Source/portable/MemMang/heap_4.c **** 	{
 433:Middlewares/Third_Party/FreeRTOS/Source/portable/MemMang/heap_4.c **** 		pxIterator->pxNextFreeBlock = pxBlockToInsert;
ARM GAS  D:\TMP\ccOdTTHp.s 			page 12


 196              		.loc 1 433 3 is_stmt 1 view .LVU72
 197              		.loc 1 433 31 is_stmt 0 view .LVU73
 198 0024 1060     		str	r0, [r2]
 434:Middlewares/Third_Party/FreeRTOS/Source/portable/MemMang/heap_4.c **** 	}
 435:Middlewares/Third_Party/FreeRTOS/Source/portable/MemMang/heap_4.c **** 	else
 436:Middlewares/Third_Party/FreeRTOS/Source/portable/MemMang/heap_4.c **** 	{
 437:Middlewares/Third_Party/FreeRTOS/Source/portable/MemMang/heap_4.c **** 		mtCOVERAGE_TEST_MARKER();
 199              		.loc 1 437 27 is_stmt 1 view .LVU74
 200 0026 7047     		bx	lr
 201              	.LVL18:
 202              	.L19:
 398:Middlewares/Third_Party/FreeRTOS/Source/portable/MemMang/heap_4.c **** 		pxBlockToInsert = pxIterator;
 203              		.loc 1 398 3 view .LVU75
 398:Middlewares/Third_Party/FreeRTOS/Source/portable/MemMang/heap_4.c **** 		pxBlockToInsert = pxIterator;
 204              		.loc 1 398 44 is_stmt 0 view .LVU76
 205 0028 4068     		ldr	r0, [r0, #4]
 206              	.LVL19:
 398:Middlewares/Third_Party/FreeRTOS/Source/portable/MemMang/heap_4.c **** 		pxBlockToInsert = pxIterator;
 207              		.loc 1 398 26 view .LVU77
 208 002a 0144     		add	r1, r1, r0
 209 002c 5160     		str	r1, [r2, #4]
 399:Middlewares/Third_Party/FreeRTOS/Source/portable/MemMang/heap_4.c **** 	}
 210              		.loc 1 399 3 is_stmt 1 view .LVU78
 211              	.LVL20:
 399:Middlewares/Third_Party/FreeRTOS/Source/portable/MemMang/heap_4.c **** 	}
 212              		.loc 1 399 19 is_stmt 0 view .LVU79
 213 002e 1046     		mov	r0, r2
 214 0030 F0E7     		b	.L8
 215              	.LVL21:
 216              	.L20:
 382:Middlewares/Third_Party/FreeRTOS/Source/portable/MemMang/heap_4.c **** BlockLink_t *pxIterator;
 217              		.loc 1 382 1 view .LVU80
 218 0032 10B4     		push	{r4}
 219              	.LCFI0:
 220              		.cfi_def_cfa_offset 4
 221              		.cfi_offset 4, -4
 411:Middlewares/Third_Party/FreeRTOS/Source/portable/MemMang/heap_4.c **** 		{
 222              		.loc 1 411 3 is_stmt 1 view .LVU81
 411:Middlewares/Third_Party/FreeRTOS/Source/portable/MemMang/heap_4.c **** 		{
 223              		.loc 1 411 35 is_stmt 0 view .LVU82
 224 0034 094C     		ldr	r4, .L21+4
 225 0036 2468     		ldr	r4, [r4]
 411:Middlewares/Third_Party/FreeRTOS/Source/portable/MemMang/heap_4.c **** 		{
 226              		.loc 1 411 5 view .LVU83
 227 0038 A342     		cmp	r3, r4
 228 003a 0AD0     		beq	.L10
 414:Middlewares/Third_Party/FreeRTOS/Source/portable/MemMang/heap_4.c **** 			pxBlockToInsert->pxNextFreeBlock = pxIterator->pxNextFreeBlock->pxNextFreeBlock;
 229              		.loc 1 414 4 is_stmt 1 view .LVU84
 414:Middlewares/Third_Party/FreeRTOS/Source/portable/MemMang/heap_4.c **** 			pxBlockToInsert->pxNextFreeBlock = pxIterator->pxNextFreeBlock->pxNextFreeBlock;
 230              		.loc 1 414 62 is_stmt 0 view .LVU85
 231 003c 5B68     		ldr	r3, [r3, #4]
 414:Middlewares/Third_Party/FreeRTOS/Source/portable/MemMang/heap_4.c **** 			pxBlockToInsert->pxNextFreeBlock = pxIterator->pxNextFreeBlock->pxNextFreeBlock;
 232              		.loc 1 414 32 view .LVU86
 233 003e 1944     		add	r1, r1, r3
 234 0040 4160     		str	r1, [r0, #4]
 415:Middlewares/Third_Party/FreeRTOS/Source/portable/MemMang/heap_4.c **** 		}
 235              		.loc 1 415 4 is_stmt 1 view .LVU87
ARM GAS  D:\TMP\ccOdTTHp.s 			page 13


 415:Middlewares/Third_Party/FreeRTOS/Source/portable/MemMang/heap_4.c **** 		}
 236              		.loc 1 415 49 is_stmt 0 view .LVU88
 237 0042 1368     		ldr	r3, [r2]
 415:Middlewares/Third_Party/FreeRTOS/Source/portable/MemMang/heap_4.c **** 		}
 238              		.loc 1 415 66 view .LVU89
 239 0044 1B68     		ldr	r3, [r3]
 415:Middlewares/Third_Party/FreeRTOS/Source/portable/MemMang/heap_4.c **** 		}
 240              		.loc 1 415 37 view .LVU90
 241 0046 0360     		str	r3, [r0]
 242              	.L11:
 431:Middlewares/Third_Party/FreeRTOS/Source/portable/MemMang/heap_4.c **** 	{
 243              		.loc 1 431 2 is_stmt 1 view .LVU91
 431:Middlewares/Third_Party/FreeRTOS/Source/portable/MemMang/heap_4.c **** 	{
 244              		.loc 1 431 4 is_stmt 0 view .LVU92
 245 0048 9042     		cmp	r0, r2
 246 004a 00D0     		beq	.L6
 433:Middlewares/Third_Party/FreeRTOS/Source/portable/MemMang/heap_4.c **** 	}
 247              		.loc 1 433 3 is_stmt 1 view .LVU93
 433:Middlewares/Third_Party/FreeRTOS/Source/portable/MemMang/heap_4.c **** 	}
 248              		.loc 1 433 31 is_stmt 0 view .LVU94
 249 004c 1060     		str	r0, [r2]
 250              		.loc 1 437 27 is_stmt 1 view .LVU95
 251              	.L6:
 438:Middlewares/Third_Party/FreeRTOS/Source/portable/MemMang/heap_4.c **** 	}
 439:Middlewares/Third_Party/FreeRTOS/Source/portable/MemMang/heap_4.c **** }
 252              		.loc 1 439 1 is_stmt 0 view .LVU96
 253 004e 10BC     		pop	{r4}
 254              	.LCFI1:
 255              		.cfi_remember_state
 256              		.cfi_restore 4
 257              		.cfi_def_cfa_offset 0
 258 0050 7047     		bx	lr
 259              	.L10:
 260              	.LCFI2:
 261              		.cfi_restore_state
 419:Middlewares/Third_Party/FreeRTOS/Source/portable/MemMang/heap_4.c **** 		}
 262              		.loc 1 419 4 is_stmt 1 view .LVU97
 419:Middlewares/Third_Party/FreeRTOS/Source/portable/MemMang/heap_4.c **** 		}
 263              		.loc 1 419 37 is_stmt 0 view .LVU98
 264 0052 0460     		str	r4, [r0]
 265 0054 F8E7     		b	.L11
 266              	.L16:
 267              	.LCFI3:
 268              		.cfi_def_cfa_offset 0
 269              		.cfi_restore 4
 419:Middlewares/Third_Party/FreeRTOS/Source/portable/MemMang/heap_4.c **** 		}
 270              		.loc 1 419 37 view .LVU99
 271 0056 7047     		bx	lr
 272              	.L22:
 273              		.align	2
 274              	.L21:
 275 0058 00000000 		.word	xStart
 276 005c 00000000 		.word	pxEnd
 277              		.cfi_endproc
 278              	.LFE11:
 280              		.section	.text.pvPortMalloc,"ax",%progbits
 281              		.align	1
ARM GAS  D:\TMP\ccOdTTHp.s 			page 14


 282              		.global	pvPortMalloc
 283              		.syntax unified
 284              		.thumb
 285              		.thumb_func
 287              	pvPortMalloc:
 288              	.LVL22:
 289              	.LFB5:
 116:Middlewares/Third_Party/FreeRTOS/Source/portable/MemMang/heap_4.c **** BlockLink_t *pxBlock, *pxPreviousBlock, *pxNewBlockLink;
 290              		.loc 1 116 1 is_stmt 1 view -0
 291              		.cfi_startproc
 292              		@ args = 0, pretend = 0, frame = 0
 293              		@ frame_needed = 0, uses_anonymous_args = 0
 116:Middlewares/Third_Party/FreeRTOS/Source/portable/MemMang/heap_4.c **** BlockLink_t *pxBlock, *pxPreviousBlock, *pxNewBlockLink;
 294              		.loc 1 116 1 is_stmt 0 view .LVU101
 295 0000 38B5     		push	{r3, r4, r5, lr}
 296              	.LCFI4:
 297              		.cfi_def_cfa_offset 16
 298              		.cfi_offset 3, -16
 299              		.cfi_offset 4, -12
 300              		.cfi_offset 5, -8
 301              		.cfi_offset 14, -4
 302 0002 0446     		mov	r4, r0
 117:Middlewares/Third_Party/FreeRTOS/Source/portable/MemMang/heap_4.c **** void *pvReturn = NULL;
 303              		.loc 1 117 1 is_stmt 1 view .LVU102
 118:Middlewares/Third_Party/FreeRTOS/Source/portable/MemMang/heap_4.c **** 
 304              		.loc 1 118 1 view .LVU103
 305              	.LVL23:
 120:Middlewares/Third_Party/FreeRTOS/Source/portable/MemMang/heap_4.c **** 	{
 306              		.loc 1 120 2 view .LVU104
 307 0004 FFF7FEFF 		bl	vTaskSuspendAll
 308              	.LVL24:
 124:Middlewares/Third_Party/FreeRTOS/Source/portable/MemMang/heap_4.c **** 		{
 309              		.loc 1 124 3 view .LVU105
 124:Middlewares/Third_Party/FreeRTOS/Source/portable/MemMang/heap_4.c **** 		{
 310              		.loc 1 124 13 is_stmt 0 view .LVU106
 311 0008 3D4B     		ldr	r3, .L49
 312 000a 1B68     		ldr	r3, [r3]
 124:Middlewares/Third_Party/FreeRTOS/Source/portable/MemMang/heap_4.c **** 		{
 313              		.loc 1 124 5 view .LVU107
 314 000c ABB1     		cbz	r3, .L44
 315              	.L24:
 130:Middlewares/Third_Party/FreeRTOS/Source/portable/MemMang/heap_4.c **** 		}
 316              		.loc 1 130 28 is_stmt 1 view .LVU108
 137:Middlewares/Third_Party/FreeRTOS/Source/portable/MemMang/heap_4.c **** 		{
 317              		.loc 1 137 3 view .LVU109
 137:Middlewares/Third_Party/FreeRTOS/Source/portable/MemMang/heap_4.c **** 		{
 318              		.loc 1 137 21 is_stmt 0 view .LVU110
 319 000e 3D4B     		ldr	r3, .L49+4
 320 0010 1B68     		ldr	r3, [r3]
 137:Middlewares/Third_Party/FreeRTOS/Source/portable/MemMang/heap_4.c **** 		{
 321              		.loc 1 137 5 view .LVU111
 322 0012 1C42     		tst	r4, r3
 323 0014 14D1     		bne	.L45
 141:Middlewares/Third_Party/FreeRTOS/Source/portable/MemMang/heap_4.c **** 			{
 324              		.loc 1 141 4 is_stmt 1 view .LVU112
 141:Middlewares/Third_Party/FreeRTOS/Source/portable/MemMang/heap_4.c **** 			{
 325              		.loc 1 141 6 is_stmt 0 view .LVU113
ARM GAS  D:\TMP\ccOdTTHp.s 			page 15


 326 0016 002C     		cmp	r4, #0
 327 0018 6AD0     		beq	.L41
 143:Middlewares/Third_Party/FreeRTOS/Source/portable/MemMang/heap_4.c **** 
 328              		.loc 1 143 5 is_stmt 1 view .LVU114
 143:Middlewares/Third_Party/FreeRTOS/Source/portable/MemMang/heap_4.c **** 
 329              		.loc 1 143 17 is_stmt 0 view .LVU115
 330 001a 04F10802 		add	r2, r4, #8
 331              	.LVL25:
 147:Middlewares/Third_Party/FreeRTOS/Source/portable/MemMang/heap_4.c **** 				{
 332              		.loc 1 147 5 is_stmt 1 view .LVU116
 147:Middlewares/Third_Party/FreeRTOS/Source/portable/MemMang/heap_4.c **** 				{
 333              		.loc 1 147 7 is_stmt 0 view .LVU117
 334 001e 14F0070F 		tst	r4, #7
 335 0022 02D0     		beq	.L28
 150:Middlewares/Third_Party/FreeRTOS/Source/portable/MemMang/heap_4.c **** 					configASSERT( ( xWantedSize & portBYTE_ALIGNMENT_MASK ) == 0 );
 336              		.loc 1 150 6 is_stmt 1 view .LVU118
 150:Middlewares/Third_Party/FreeRTOS/Source/portable/MemMang/heap_4.c **** 					configASSERT( ( xWantedSize & portBYTE_ALIGNMENT_MASK ) == 0 );
 337              		.loc 1 150 18 is_stmt 0 view .LVU119
 338 0024 22F00702 		bic	r2, r2, #7
 339              	.LVL26:
 150:Middlewares/Third_Party/FreeRTOS/Source/portable/MemMang/heap_4.c **** 					configASSERT( ( xWantedSize & portBYTE_ALIGNMENT_MASK ) == 0 );
 340              		.loc 1 150 18 view .LVU120
 341 0028 0832     		adds	r2, r2, #8
 342              	.LVL27:
 151:Middlewares/Third_Party/FreeRTOS/Source/portable/MemMang/heap_4.c **** 				}
 343              		.loc 1 151 6 is_stmt 1 view .LVU121
 344              	.L28:
 160:Middlewares/Third_Party/FreeRTOS/Source/portable/MemMang/heap_4.c **** 			}
 345              		.loc 1 160 29 view .LVU122
 163:Middlewares/Third_Party/FreeRTOS/Source/portable/MemMang/heap_4.c **** 			{
 346              		.loc 1 163 4 view .LVU123
 163:Middlewares/Third_Party/FreeRTOS/Source/portable/MemMang/heap_4.c **** 			{
 347              		.loc 1 163 6 is_stmt 0 view .LVU124
 348 002a D2B1     		cbz	r2, .L46
 163:Middlewares/Third_Party/FreeRTOS/Source/portable/MemMang/heap_4.c **** 			{
 349              		.loc 1 163 45 discriminator 1 view .LVU125
 350 002c 364B     		ldr	r3, .L49+8
 351 002e 1B68     		ldr	r3, [r3]
 163:Middlewares/Third_Party/FreeRTOS/Source/portable/MemMang/heap_4.c **** 			{
 352              		.loc 1 163 28 discriminator 1 view .LVU126
 353 0030 9342     		cmp	r3, r2
 354 0032 1AD3     		bcc	.L47
 167:Middlewares/Third_Party/FreeRTOS/Source/portable/MemMang/heap_4.c **** 				pxBlock = xStart.pxNextFreeBlock;
 355              		.loc 1 167 5 is_stmt 1 view .LVU127
 356              	.LVL28:
 168:Middlewares/Third_Party/FreeRTOS/Source/portable/MemMang/heap_4.c **** 				while( ( pxBlock->xBlockSize < xWantedSize ) && ( pxBlock->pxNextFreeBlock != NULL ) )
 357              		.loc 1 168 5 view .LVU128
 168:Middlewares/Third_Party/FreeRTOS/Source/portable/MemMang/heap_4.c **** 				while( ( pxBlock->xBlockSize < xWantedSize ) && ( pxBlock->pxNextFreeBlock != NULL ) )
 358              		.loc 1 168 13 is_stmt 0 view .LVU129
 359 0034 3549     		ldr	r1, .L49+12
 360 0036 0C68     		ldr	r4, [r1]
 361              	.LVL29:
 169:Middlewares/Third_Party/FreeRTOS/Source/portable/MemMang/heap_4.c **** 				{
 362              		.loc 1 169 5 is_stmt 1 view .LVU130
 169:Middlewares/Third_Party/FreeRTOS/Source/portable/MemMang/heap_4.c **** 				{
 363              		.loc 1 169 10 is_stmt 0 view .LVU131
 364 0038 1DE0     		b	.L32
ARM GAS  D:\TMP\ccOdTTHp.s 			page 16


 365              	.LVL30:
 366              	.L44:
 126:Middlewares/Third_Party/FreeRTOS/Source/portable/MemMang/heap_4.c **** 		}
 367              		.loc 1 126 4 is_stmt 1 view .LVU132
 368 003a FFF7FEFF 		bl	prvHeapInit
 369              	.LVL31:
 370 003e E6E7     		b	.L24
 371              	.L45:
 240:Middlewares/Third_Party/FreeRTOS/Source/portable/MemMang/heap_4.c **** 		}
 372              		.loc 1 240 28 view .LVU133
 243:Middlewares/Third_Party/FreeRTOS/Source/portable/MemMang/heap_4.c **** 	}
 373              		.loc 1 243 39 view .LVU134
 245:Middlewares/Third_Party/FreeRTOS/Source/portable/MemMang/heap_4.c **** 
 374              		.loc 1 245 2 view .LVU135
 245:Middlewares/Third_Party/FreeRTOS/Source/portable/MemMang/heap_4.c **** 
 375              		.loc 1 245 11 is_stmt 0 view .LVU136
 376 0040 FFF7FEFF 		bl	xTaskResumeAll
 377              	.LVL32:
 249:Middlewares/Third_Party/FreeRTOS/Source/portable/MemMang/heap_4.c **** 		{
 378              		.loc 1 249 3 is_stmt 1 view .LVU137
 118:Middlewares/Third_Party/FreeRTOS/Source/portable/MemMang/heap_4.c **** 
 379              		.loc 1 118 7 is_stmt 0 view .LVU138
 380 0044 0025     		movs	r5, #0
 381              	.LVL33:
 382              	.L26:
 383              	.LBB13:
 251:Middlewares/Third_Party/FreeRTOS/Source/portable/MemMang/heap_4.c **** 			vApplicationMallocFailedHook();
 384              		.loc 1 251 4 is_stmt 1 view .LVU139
 252:Middlewares/Third_Party/FreeRTOS/Source/portable/MemMang/heap_4.c **** 		}
 385              		.loc 1 252 4 view .LVU140
 386 0046 FFF7FEFF 		bl	vApplicationMallocFailedHook
 387              	.LVL34:
 388              	.L38:
 389              	.LBE13:
 256:Middlewares/Third_Party/FreeRTOS/Source/portable/MemMang/heap_4.c **** 		}
 390              		.loc 1 256 28 view .LVU141
 261:Middlewares/Third_Party/FreeRTOS/Source/portable/MemMang/heap_4.c **** 	return pvReturn;
 391              		.loc 1 261 2 view .LVU142
 392 004a 15F0070F 		tst	r5, #7
 393 004e 55D0     		beq	.L23
 261:Middlewares/Third_Party/FreeRTOS/Source/portable/MemMang/heap_4.c **** 	return pvReturn;
 394              		.loc 1 261 2 discriminator 1 view .LVU143
 395              	.LBB14:
 396              	.LBI14:
 397              		.file 2 "Middlewares/Third_Party/FreeRTOS/Source/portable/GCC/ARM_CM3/portmacro.h"
   1:Middlewares/Third_Party/FreeRTOS/Source/portable/GCC/ARM_CM3/portmacro.h **** /*
   2:Middlewares/Third_Party/FreeRTOS/Source/portable/GCC/ARM_CM3/portmacro.h ****  * FreeRTOS Kernel V10.3.1
   3:Middlewares/Third_Party/FreeRTOS/Source/portable/GCC/ARM_CM3/portmacro.h ****  * Copyright (C) 2020 Amazon.com, Inc. or its affiliates.  All Rights Reserved.
   4:Middlewares/Third_Party/FreeRTOS/Source/portable/GCC/ARM_CM3/portmacro.h ****  *
   5:Middlewares/Third_Party/FreeRTOS/Source/portable/GCC/ARM_CM3/portmacro.h ****  * Permission is hereby granted, free of charge, to any person obtaining a copy of
   6:Middlewares/Third_Party/FreeRTOS/Source/portable/GCC/ARM_CM3/portmacro.h ****  * this software and associated documentation files (the "Software"), to deal in
   7:Middlewares/Third_Party/FreeRTOS/Source/portable/GCC/ARM_CM3/portmacro.h ****  * the Software without restriction, including without limitation the rights to
   8:Middlewares/Third_Party/FreeRTOS/Source/portable/GCC/ARM_CM3/portmacro.h ****  * use, copy, modify, merge, publish, distribute, sublicense, and/or sell copies of
   9:Middlewares/Third_Party/FreeRTOS/Source/portable/GCC/ARM_CM3/portmacro.h ****  * the Software, and to permit persons to whom the Software is furnished to do so,
  10:Middlewares/Third_Party/FreeRTOS/Source/portable/GCC/ARM_CM3/portmacro.h ****  * subject to the following conditions:
  11:Middlewares/Third_Party/FreeRTOS/Source/portable/GCC/ARM_CM3/portmacro.h ****  *
  12:Middlewares/Third_Party/FreeRTOS/Source/portable/GCC/ARM_CM3/portmacro.h ****  * The above copyright notice and this permission notice shall be included in all
ARM GAS  D:\TMP\ccOdTTHp.s 			page 17


  13:Middlewares/Third_Party/FreeRTOS/Source/portable/GCC/ARM_CM3/portmacro.h ****  * copies or substantial portions of the Software.
  14:Middlewares/Third_Party/FreeRTOS/Source/portable/GCC/ARM_CM3/portmacro.h ****  *
  15:Middlewares/Third_Party/FreeRTOS/Source/portable/GCC/ARM_CM3/portmacro.h ****  * THE SOFTWARE IS PROVIDED "AS IS", WITHOUT WARRANTY OF ANY KIND, EXPRESS OR
  16:Middlewares/Third_Party/FreeRTOS/Source/portable/GCC/ARM_CM3/portmacro.h ****  * IMPLIED, INCLUDING BUT NOT LIMITED TO THE WARRANTIES OF MERCHANTABILITY, FITNESS
  17:Middlewares/Third_Party/FreeRTOS/Source/portable/GCC/ARM_CM3/portmacro.h ****  * FOR A PARTICULAR PURPOSE AND NONINFRINGEMENT. IN NO EVENT SHALL THE AUTHORS OR
  18:Middlewares/Third_Party/FreeRTOS/Source/portable/GCC/ARM_CM3/portmacro.h ****  * COPYRIGHT HOLDERS BE LIABLE FOR ANY CLAIM, DAMAGES OR OTHER LIABILITY, WHETHER
  19:Middlewares/Third_Party/FreeRTOS/Source/portable/GCC/ARM_CM3/portmacro.h ****  * IN AN ACTION OF CONTRACT, TORT OR OTHERWISE, ARISING FROM, OUT OF OR IN
  20:Middlewares/Third_Party/FreeRTOS/Source/portable/GCC/ARM_CM3/portmacro.h ****  * CONNECTION WITH THE SOFTWARE OR THE USE OR OTHER DEALINGS IN THE SOFTWARE.
  21:Middlewares/Third_Party/FreeRTOS/Source/portable/GCC/ARM_CM3/portmacro.h ****  *
  22:Middlewares/Third_Party/FreeRTOS/Source/portable/GCC/ARM_CM3/portmacro.h ****  * http://www.FreeRTOS.org
  23:Middlewares/Third_Party/FreeRTOS/Source/portable/GCC/ARM_CM3/portmacro.h ****  * http://aws.amazon.com/freertos
  24:Middlewares/Third_Party/FreeRTOS/Source/portable/GCC/ARM_CM3/portmacro.h ****  *
  25:Middlewares/Third_Party/FreeRTOS/Source/portable/GCC/ARM_CM3/portmacro.h ****  * 1 tab == 4 spaces!
  26:Middlewares/Third_Party/FreeRTOS/Source/portable/GCC/ARM_CM3/portmacro.h ****  */
  27:Middlewares/Third_Party/FreeRTOS/Source/portable/GCC/ARM_CM3/portmacro.h **** 
  28:Middlewares/Third_Party/FreeRTOS/Source/portable/GCC/ARM_CM3/portmacro.h **** 
  29:Middlewares/Third_Party/FreeRTOS/Source/portable/GCC/ARM_CM3/portmacro.h **** #ifndef PORTMACRO_H
  30:Middlewares/Third_Party/FreeRTOS/Source/portable/GCC/ARM_CM3/portmacro.h **** #define PORTMACRO_H
  31:Middlewares/Third_Party/FreeRTOS/Source/portable/GCC/ARM_CM3/portmacro.h **** 
  32:Middlewares/Third_Party/FreeRTOS/Source/portable/GCC/ARM_CM3/portmacro.h **** #ifdef __cplusplus
  33:Middlewares/Third_Party/FreeRTOS/Source/portable/GCC/ARM_CM3/portmacro.h **** extern "C" {
  34:Middlewares/Third_Party/FreeRTOS/Source/portable/GCC/ARM_CM3/portmacro.h **** #endif
  35:Middlewares/Third_Party/FreeRTOS/Source/portable/GCC/ARM_CM3/portmacro.h **** 
  36:Middlewares/Third_Party/FreeRTOS/Source/portable/GCC/ARM_CM3/portmacro.h **** /*-----------------------------------------------------------
  37:Middlewares/Third_Party/FreeRTOS/Source/portable/GCC/ARM_CM3/portmacro.h ****  * Port specific definitions.
  38:Middlewares/Third_Party/FreeRTOS/Source/portable/GCC/ARM_CM3/portmacro.h ****  *
  39:Middlewares/Third_Party/FreeRTOS/Source/portable/GCC/ARM_CM3/portmacro.h ****  * The settings in this file configure FreeRTOS correctly for the
  40:Middlewares/Third_Party/FreeRTOS/Source/portable/GCC/ARM_CM3/portmacro.h ****  * given hardware and compiler.
  41:Middlewares/Third_Party/FreeRTOS/Source/portable/GCC/ARM_CM3/portmacro.h ****  *
  42:Middlewares/Third_Party/FreeRTOS/Source/portable/GCC/ARM_CM3/portmacro.h ****  * These settings should not be altered.
  43:Middlewares/Third_Party/FreeRTOS/Source/portable/GCC/ARM_CM3/portmacro.h ****  *-----------------------------------------------------------
  44:Middlewares/Third_Party/FreeRTOS/Source/portable/GCC/ARM_CM3/portmacro.h ****  */
  45:Middlewares/Third_Party/FreeRTOS/Source/portable/GCC/ARM_CM3/portmacro.h **** 
  46:Middlewares/Third_Party/FreeRTOS/Source/portable/GCC/ARM_CM3/portmacro.h **** /* Type definitions. */
  47:Middlewares/Third_Party/FreeRTOS/Source/portable/GCC/ARM_CM3/portmacro.h **** #define portCHAR		char
  48:Middlewares/Third_Party/FreeRTOS/Source/portable/GCC/ARM_CM3/portmacro.h **** #define portFLOAT		float
  49:Middlewares/Third_Party/FreeRTOS/Source/portable/GCC/ARM_CM3/portmacro.h **** #define portDOUBLE		double
  50:Middlewares/Third_Party/FreeRTOS/Source/portable/GCC/ARM_CM3/portmacro.h **** #define portLONG		long
  51:Middlewares/Third_Party/FreeRTOS/Source/portable/GCC/ARM_CM3/portmacro.h **** #define portSHORT		short
  52:Middlewares/Third_Party/FreeRTOS/Source/portable/GCC/ARM_CM3/portmacro.h **** #define portSTACK_TYPE	uint32_t
  53:Middlewares/Third_Party/FreeRTOS/Source/portable/GCC/ARM_CM3/portmacro.h **** #define portBASE_TYPE	long
  54:Middlewares/Third_Party/FreeRTOS/Source/portable/GCC/ARM_CM3/portmacro.h **** 
  55:Middlewares/Third_Party/FreeRTOS/Source/portable/GCC/ARM_CM3/portmacro.h **** typedef portSTACK_TYPE StackType_t;
  56:Middlewares/Third_Party/FreeRTOS/Source/portable/GCC/ARM_CM3/portmacro.h **** typedef long BaseType_t;
  57:Middlewares/Third_Party/FreeRTOS/Source/portable/GCC/ARM_CM3/portmacro.h **** typedef unsigned long UBaseType_t;
  58:Middlewares/Third_Party/FreeRTOS/Source/portable/GCC/ARM_CM3/portmacro.h **** 
  59:Middlewares/Third_Party/FreeRTOS/Source/portable/GCC/ARM_CM3/portmacro.h **** #if( configUSE_16_BIT_TICKS == 1 )
  60:Middlewares/Third_Party/FreeRTOS/Source/portable/GCC/ARM_CM3/portmacro.h **** 	typedef uint16_t TickType_t;
  61:Middlewares/Third_Party/FreeRTOS/Source/portable/GCC/ARM_CM3/portmacro.h **** 	#define portMAX_DELAY ( TickType_t ) 0xffff
  62:Middlewares/Third_Party/FreeRTOS/Source/portable/GCC/ARM_CM3/portmacro.h **** #else
  63:Middlewares/Third_Party/FreeRTOS/Source/portable/GCC/ARM_CM3/portmacro.h **** 	typedef uint32_t TickType_t;
  64:Middlewares/Third_Party/FreeRTOS/Source/portable/GCC/ARM_CM3/portmacro.h **** 	#define portMAX_DELAY ( TickType_t ) 0xffffffffUL
  65:Middlewares/Third_Party/FreeRTOS/Source/portable/GCC/ARM_CM3/portmacro.h **** 
  66:Middlewares/Third_Party/FreeRTOS/Source/portable/GCC/ARM_CM3/portmacro.h **** 	/* 32-bit tick type on a 32-bit architecture, so reads of the tick count do
  67:Middlewares/Third_Party/FreeRTOS/Source/portable/GCC/ARM_CM3/portmacro.h **** 	not need to be guarded with a critical section. */
  68:Middlewares/Third_Party/FreeRTOS/Source/portable/GCC/ARM_CM3/portmacro.h **** 	#define portTICK_TYPE_IS_ATOMIC 1
  69:Middlewares/Third_Party/FreeRTOS/Source/portable/GCC/ARM_CM3/portmacro.h **** #endif
ARM GAS  D:\TMP\ccOdTTHp.s 			page 18


  70:Middlewares/Third_Party/FreeRTOS/Source/portable/GCC/ARM_CM3/portmacro.h **** /*-----------------------------------------------------------*/
  71:Middlewares/Third_Party/FreeRTOS/Source/portable/GCC/ARM_CM3/portmacro.h **** 
  72:Middlewares/Third_Party/FreeRTOS/Source/portable/GCC/ARM_CM3/portmacro.h **** /* Architecture specifics. */
  73:Middlewares/Third_Party/FreeRTOS/Source/portable/GCC/ARM_CM3/portmacro.h **** #define portSTACK_GROWTH			( -1 )
  74:Middlewares/Third_Party/FreeRTOS/Source/portable/GCC/ARM_CM3/portmacro.h **** #define portTICK_PERIOD_MS			( ( TickType_t ) 1000 / configTICK_RATE_HZ )
  75:Middlewares/Third_Party/FreeRTOS/Source/portable/GCC/ARM_CM3/portmacro.h **** #define portBYTE_ALIGNMENT			8
  76:Middlewares/Third_Party/FreeRTOS/Source/portable/GCC/ARM_CM3/portmacro.h **** /*-----------------------------------------------------------*/
  77:Middlewares/Third_Party/FreeRTOS/Source/portable/GCC/ARM_CM3/portmacro.h **** 
  78:Middlewares/Third_Party/FreeRTOS/Source/portable/GCC/ARM_CM3/portmacro.h **** /* Scheduler utilities. */
  79:Middlewares/Third_Party/FreeRTOS/Source/portable/GCC/ARM_CM3/portmacro.h **** #define portYIELD() 															\
  80:Middlewares/Third_Party/FreeRTOS/Source/portable/GCC/ARM_CM3/portmacro.h **** {																				\
  81:Middlewares/Third_Party/FreeRTOS/Source/portable/GCC/ARM_CM3/portmacro.h **** 	/* Set a PendSV to request a context switch. */								\
  82:Middlewares/Third_Party/FreeRTOS/Source/portable/GCC/ARM_CM3/portmacro.h **** 	portNVIC_INT_CTRL_REG = portNVIC_PENDSVSET_BIT;								\
  83:Middlewares/Third_Party/FreeRTOS/Source/portable/GCC/ARM_CM3/portmacro.h **** 																				\
  84:Middlewares/Third_Party/FreeRTOS/Source/portable/GCC/ARM_CM3/portmacro.h **** 	/* Barriers are normally not required but do ensure the code is completely	\
  85:Middlewares/Third_Party/FreeRTOS/Source/portable/GCC/ARM_CM3/portmacro.h **** 	within the specified behaviour for the architecture. */						\
  86:Middlewares/Third_Party/FreeRTOS/Source/portable/GCC/ARM_CM3/portmacro.h **** 	__asm volatile( "dsb" ::: "memory" );										\
  87:Middlewares/Third_Party/FreeRTOS/Source/portable/GCC/ARM_CM3/portmacro.h **** 	__asm volatile( "isb" );													\
  88:Middlewares/Third_Party/FreeRTOS/Source/portable/GCC/ARM_CM3/portmacro.h **** }
  89:Middlewares/Third_Party/FreeRTOS/Source/portable/GCC/ARM_CM3/portmacro.h **** 
  90:Middlewares/Third_Party/FreeRTOS/Source/portable/GCC/ARM_CM3/portmacro.h **** #define portNVIC_INT_CTRL_REG		( * ( ( volatile uint32_t * ) 0xe000ed04 ) )
  91:Middlewares/Third_Party/FreeRTOS/Source/portable/GCC/ARM_CM3/portmacro.h **** #define portNVIC_PENDSVSET_BIT		( 1UL << 28UL )
  92:Middlewares/Third_Party/FreeRTOS/Source/portable/GCC/ARM_CM3/portmacro.h **** #define portEND_SWITCHING_ISR( xSwitchRequired ) if( xSwitchRequired != pdFALSE ) portYIELD()
  93:Middlewares/Third_Party/FreeRTOS/Source/portable/GCC/ARM_CM3/portmacro.h **** #define portYIELD_FROM_ISR( x ) portEND_SWITCHING_ISR( x )
  94:Middlewares/Third_Party/FreeRTOS/Source/portable/GCC/ARM_CM3/portmacro.h **** /*-----------------------------------------------------------*/
  95:Middlewares/Third_Party/FreeRTOS/Source/portable/GCC/ARM_CM3/portmacro.h **** 
  96:Middlewares/Third_Party/FreeRTOS/Source/portable/GCC/ARM_CM3/portmacro.h **** /* Critical section management. */
  97:Middlewares/Third_Party/FreeRTOS/Source/portable/GCC/ARM_CM3/portmacro.h **** extern void vPortEnterCritical( void );
  98:Middlewares/Third_Party/FreeRTOS/Source/portable/GCC/ARM_CM3/portmacro.h **** extern void vPortExitCritical( void );
  99:Middlewares/Third_Party/FreeRTOS/Source/portable/GCC/ARM_CM3/portmacro.h **** #define portSET_INTERRUPT_MASK_FROM_ISR()		ulPortRaiseBASEPRI()
 100:Middlewares/Third_Party/FreeRTOS/Source/portable/GCC/ARM_CM3/portmacro.h **** #define portCLEAR_INTERRUPT_MASK_FROM_ISR(x)	vPortSetBASEPRI(x)
 101:Middlewares/Third_Party/FreeRTOS/Source/portable/GCC/ARM_CM3/portmacro.h **** #define portDISABLE_INTERRUPTS()				vPortRaiseBASEPRI()
 102:Middlewares/Third_Party/FreeRTOS/Source/portable/GCC/ARM_CM3/portmacro.h **** #define portENABLE_INTERRUPTS()					vPortSetBASEPRI(0)
 103:Middlewares/Third_Party/FreeRTOS/Source/portable/GCC/ARM_CM3/portmacro.h **** #define portENTER_CRITICAL()					vPortEnterCritical()
 104:Middlewares/Third_Party/FreeRTOS/Source/portable/GCC/ARM_CM3/portmacro.h **** #define portEXIT_CRITICAL()						vPortExitCritical()
 105:Middlewares/Third_Party/FreeRTOS/Source/portable/GCC/ARM_CM3/portmacro.h **** 
 106:Middlewares/Third_Party/FreeRTOS/Source/portable/GCC/ARM_CM3/portmacro.h **** /*-----------------------------------------------------------*/
 107:Middlewares/Third_Party/FreeRTOS/Source/portable/GCC/ARM_CM3/portmacro.h **** 
 108:Middlewares/Third_Party/FreeRTOS/Source/portable/GCC/ARM_CM3/portmacro.h **** /* Task function macros as described on the FreeRTOS.org WEB site.  These are
 109:Middlewares/Third_Party/FreeRTOS/Source/portable/GCC/ARM_CM3/portmacro.h **** not necessary for to use this port.  They are defined so the common demo files
 110:Middlewares/Third_Party/FreeRTOS/Source/portable/GCC/ARM_CM3/portmacro.h **** (which build with all the ports) will build. */
 111:Middlewares/Third_Party/FreeRTOS/Source/portable/GCC/ARM_CM3/portmacro.h **** #define portTASK_FUNCTION_PROTO( vFunction, pvParameters ) void vFunction( void *pvParameters )
 112:Middlewares/Third_Party/FreeRTOS/Source/portable/GCC/ARM_CM3/portmacro.h **** #define portTASK_FUNCTION( vFunction, pvParameters ) void vFunction( void *pvParameters )
 113:Middlewares/Third_Party/FreeRTOS/Source/portable/GCC/ARM_CM3/portmacro.h **** /*-----------------------------------------------------------*/
 114:Middlewares/Third_Party/FreeRTOS/Source/portable/GCC/ARM_CM3/portmacro.h **** 
 115:Middlewares/Third_Party/FreeRTOS/Source/portable/GCC/ARM_CM3/portmacro.h **** /* Tickless idle/low power functionality. */
 116:Middlewares/Third_Party/FreeRTOS/Source/portable/GCC/ARM_CM3/portmacro.h **** #ifndef portSUPPRESS_TICKS_AND_SLEEP
 117:Middlewares/Third_Party/FreeRTOS/Source/portable/GCC/ARM_CM3/portmacro.h **** 	extern void vPortSuppressTicksAndSleep( TickType_t xExpectedIdleTime );
 118:Middlewares/Third_Party/FreeRTOS/Source/portable/GCC/ARM_CM3/portmacro.h **** 	#define portSUPPRESS_TICKS_AND_SLEEP( xExpectedIdleTime ) vPortSuppressTicksAndSleep( xExpectedIdl
 119:Middlewares/Third_Party/FreeRTOS/Source/portable/GCC/ARM_CM3/portmacro.h **** #endif
 120:Middlewares/Third_Party/FreeRTOS/Source/portable/GCC/ARM_CM3/portmacro.h **** /*-----------------------------------------------------------*/
 121:Middlewares/Third_Party/FreeRTOS/Source/portable/GCC/ARM_CM3/portmacro.h **** 
 122:Middlewares/Third_Party/FreeRTOS/Source/portable/GCC/ARM_CM3/portmacro.h **** /* Architecture specific optimisations. */
 123:Middlewares/Third_Party/FreeRTOS/Source/portable/GCC/ARM_CM3/portmacro.h **** #ifndef configUSE_PORT_OPTIMISED_TASK_SELECTION
 124:Middlewares/Third_Party/FreeRTOS/Source/portable/GCC/ARM_CM3/portmacro.h **** 	#define configUSE_PORT_OPTIMISED_TASK_SELECTION 1
 125:Middlewares/Third_Party/FreeRTOS/Source/portable/GCC/ARM_CM3/portmacro.h **** #endif
 126:Middlewares/Third_Party/FreeRTOS/Source/portable/GCC/ARM_CM3/portmacro.h **** 
ARM GAS  D:\TMP\ccOdTTHp.s 			page 19


 127:Middlewares/Third_Party/FreeRTOS/Source/portable/GCC/ARM_CM3/portmacro.h **** #if configUSE_PORT_OPTIMISED_TASK_SELECTION == 1
 128:Middlewares/Third_Party/FreeRTOS/Source/portable/GCC/ARM_CM3/portmacro.h **** 
 129:Middlewares/Third_Party/FreeRTOS/Source/portable/GCC/ARM_CM3/portmacro.h **** 	/* Generic helper function. */
 130:Middlewares/Third_Party/FreeRTOS/Source/portable/GCC/ARM_CM3/portmacro.h **** 	__attribute__( ( always_inline ) ) static inline uint8_t ucPortCountLeadingZeros( uint32_t ulBitma
 131:Middlewares/Third_Party/FreeRTOS/Source/portable/GCC/ARM_CM3/portmacro.h **** 	{
 132:Middlewares/Third_Party/FreeRTOS/Source/portable/GCC/ARM_CM3/portmacro.h **** 	uint8_t ucReturn;
 133:Middlewares/Third_Party/FreeRTOS/Source/portable/GCC/ARM_CM3/portmacro.h **** 
 134:Middlewares/Third_Party/FreeRTOS/Source/portable/GCC/ARM_CM3/portmacro.h **** 		__asm volatile ( "clz %0, %1" : "=r" ( ucReturn ) : "r" ( ulBitmap ) : "memory" );
 135:Middlewares/Third_Party/FreeRTOS/Source/portable/GCC/ARM_CM3/portmacro.h **** 		return ucReturn;
 136:Middlewares/Third_Party/FreeRTOS/Source/portable/GCC/ARM_CM3/portmacro.h **** 	}
 137:Middlewares/Third_Party/FreeRTOS/Source/portable/GCC/ARM_CM3/portmacro.h **** 
 138:Middlewares/Third_Party/FreeRTOS/Source/portable/GCC/ARM_CM3/portmacro.h **** 	/* Check the configuration. */
 139:Middlewares/Third_Party/FreeRTOS/Source/portable/GCC/ARM_CM3/portmacro.h **** 	#if( configMAX_PRIORITIES > 32 )
 140:Middlewares/Third_Party/FreeRTOS/Source/portable/GCC/ARM_CM3/portmacro.h **** 		#error configUSE_PORT_OPTIMISED_TASK_SELECTION can only be set to 1 when configMAX_PRIORITIES is 
 141:Middlewares/Third_Party/FreeRTOS/Source/portable/GCC/ARM_CM3/portmacro.h **** 	#endif
 142:Middlewares/Third_Party/FreeRTOS/Source/portable/GCC/ARM_CM3/portmacro.h **** 
 143:Middlewares/Third_Party/FreeRTOS/Source/portable/GCC/ARM_CM3/portmacro.h **** 	/* Store/clear the ready priorities in a bit map. */
 144:Middlewares/Third_Party/FreeRTOS/Source/portable/GCC/ARM_CM3/portmacro.h **** 	#define portRECORD_READY_PRIORITY( uxPriority, uxReadyPriorities ) ( uxReadyPriorities ) |= ( 1UL 
 145:Middlewares/Third_Party/FreeRTOS/Source/portable/GCC/ARM_CM3/portmacro.h **** 	#define portRESET_READY_PRIORITY( uxPriority, uxReadyPriorities ) ( uxReadyPriorities ) &= ~( 1UL 
 146:Middlewares/Third_Party/FreeRTOS/Source/portable/GCC/ARM_CM3/portmacro.h **** 
 147:Middlewares/Third_Party/FreeRTOS/Source/portable/GCC/ARM_CM3/portmacro.h **** 	/*-----------------------------------------------------------*/
 148:Middlewares/Third_Party/FreeRTOS/Source/portable/GCC/ARM_CM3/portmacro.h **** 
 149:Middlewares/Third_Party/FreeRTOS/Source/portable/GCC/ARM_CM3/portmacro.h **** 	#define portGET_HIGHEST_PRIORITY( uxTopPriority, uxReadyPriorities ) uxTopPriority = ( 31UL - ( ui
 150:Middlewares/Third_Party/FreeRTOS/Source/portable/GCC/ARM_CM3/portmacro.h **** 
 151:Middlewares/Third_Party/FreeRTOS/Source/portable/GCC/ARM_CM3/portmacro.h **** #endif /* configUSE_PORT_OPTIMISED_TASK_SELECTION */
 152:Middlewares/Third_Party/FreeRTOS/Source/portable/GCC/ARM_CM3/portmacro.h **** 
 153:Middlewares/Third_Party/FreeRTOS/Source/portable/GCC/ARM_CM3/portmacro.h **** /*-----------------------------------------------------------*/
 154:Middlewares/Third_Party/FreeRTOS/Source/portable/GCC/ARM_CM3/portmacro.h **** 
 155:Middlewares/Third_Party/FreeRTOS/Source/portable/GCC/ARM_CM3/portmacro.h **** #ifdef configASSERT
 156:Middlewares/Third_Party/FreeRTOS/Source/portable/GCC/ARM_CM3/portmacro.h **** 	void vPortValidateInterruptPriority( void );
 157:Middlewares/Third_Party/FreeRTOS/Source/portable/GCC/ARM_CM3/portmacro.h **** 	#define portASSERT_IF_INTERRUPT_PRIORITY_INVALID() 	vPortValidateInterruptPriority()
 158:Middlewares/Third_Party/FreeRTOS/Source/portable/GCC/ARM_CM3/portmacro.h **** #endif
 159:Middlewares/Third_Party/FreeRTOS/Source/portable/GCC/ARM_CM3/portmacro.h **** 
 160:Middlewares/Third_Party/FreeRTOS/Source/portable/GCC/ARM_CM3/portmacro.h **** /* portNOP() is not required by this port. */
 161:Middlewares/Third_Party/FreeRTOS/Source/portable/GCC/ARM_CM3/portmacro.h **** #define portNOP()
 162:Middlewares/Third_Party/FreeRTOS/Source/portable/GCC/ARM_CM3/portmacro.h **** 
 163:Middlewares/Third_Party/FreeRTOS/Source/portable/GCC/ARM_CM3/portmacro.h **** #define portINLINE	__inline
 164:Middlewares/Third_Party/FreeRTOS/Source/portable/GCC/ARM_CM3/portmacro.h **** 
 165:Middlewares/Third_Party/FreeRTOS/Source/portable/GCC/ARM_CM3/portmacro.h **** #ifndef portFORCE_INLINE
 166:Middlewares/Third_Party/FreeRTOS/Source/portable/GCC/ARM_CM3/portmacro.h **** 	#define portFORCE_INLINE inline __attribute__(( always_inline))
 167:Middlewares/Third_Party/FreeRTOS/Source/portable/GCC/ARM_CM3/portmacro.h **** #endif
 168:Middlewares/Third_Party/FreeRTOS/Source/portable/GCC/ARM_CM3/portmacro.h **** 
 169:Middlewares/Third_Party/FreeRTOS/Source/portable/GCC/ARM_CM3/portmacro.h **** /*-----------------------------------------------------------*/
 170:Middlewares/Third_Party/FreeRTOS/Source/portable/GCC/ARM_CM3/portmacro.h **** 
 171:Middlewares/Third_Party/FreeRTOS/Source/portable/GCC/ARM_CM3/portmacro.h **** portFORCE_INLINE static BaseType_t xPortIsInsideInterrupt( void )
 172:Middlewares/Third_Party/FreeRTOS/Source/portable/GCC/ARM_CM3/portmacro.h **** {
 173:Middlewares/Third_Party/FreeRTOS/Source/portable/GCC/ARM_CM3/portmacro.h **** uint32_t ulCurrentInterrupt;
 174:Middlewares/Third_Party/FreeRTOS/Source/portable/GCC/ARM_CM3/portmacro.h **** BaseType_t xReturn;
 175:Middlewares/Third_Party/FreeRTOS/Source/portable/GCC/ARM_CM3/portmacro.h **** 
 176:Middlewares/Third_Party/FreeRTOS/Source/portable/GCC/ARM_CM3/portmacro.h **** 	/* Obtain the number of the currently executing interrupt. */
 177:Middlewares/Third_Party/FreeRTOS/Source/portable/GCC/ARM_CM3/portmacro.h **** 	__asm volatile( "mrs %0, ipsr" : "=r"( ulCurrentInterrupt ) :: "memory" );
 178:Middlewares/Third_Party/FreeRTOS/Source/portable/GCC/ARM_CM3/portmacro.h **** 
 179:Middlewares/Third_Party/FreeRTOS/Source/portable/GCC/ARM_CM3/portmacro.h **** 	if( ulCurrentInterrupt == 0 )
 180:Middlewares/Third_Party/FreeRTOS/Source/portable/GCC/ARM_CM3/portmacro.h **** 	{
 181:Middlewares/Third_Party/FreeRTOS/Source/portable/GCC/ARM_CM3/portmacro.h **** 		xReturn = pdFALSE;
 182:Middlewares/Third_Party/FreeRTOS/Source/portable/GCC/ARM_CM3/portmacro.h **** 	}
 183:Middlewares/Third_Party/FreeRTOS/Source/portable/GCC/ARM_CM3/portmacro.h **** 	else
ARM GAS  D:\TMP\ccOdTTHp.s 			page 20


 184:Middlewares/Third_Party/FreeRTOS/Source/portable/GCC/ARM_CM3/portmacro.h **** 	{
 185:Middlewares/Third_Party/FreeRTOS/Source/portable/GCC/ARM_CM3/portmacro.h **** 		xReturn = pdTRUE;
 186:Middlewares/Third_Party/FreeRTOS/Source/portable/GCC/ARM_CM3/portmacro.h **** 	}
 187:Middlewares/Third_Party/FreeRTOS/Source/portable/GCC/ARM_CM3/portmacro.h **** 
 188:Middlewares/Third_Party/FreeRTOS/Source/portable/GCC/ARM_CM3/portmacro.h **** 	return xReturn;
 189:Middlewares/Third_Party/FreeRTOS/Source/portable/GCC/ARM_CM3/portmacro.h **** }
 190:Middlewares/Third_Party/FreeRTOS/Source/portable/GCC/ARM_CM3/portmacro.h **** 
 191:Middlewares/Third_Party/FreeRTOS/Source/portable/GCC/ARM_CM3/portmacro.h **** /*-----------------------------------------------------------*/
 192:Middlewares/Third_Party/FreeRTOS/Source/portable/GCC/ARM_CM3/portmacro.h **** 
 193:Middlewares/Third_Party/FreeRTOS/Source/portable/GCC/ARM_CM3/portmacro.h **** portFORCE_INLINE static void vPortRaiseBASEPRI( void )
 398              		.loc 2 193 30 view .LVU144
 399              	.LBB15:
 194:Middlewares/Third_Party/FreeRTOS/Source/portable/GCC/ARM_CM3/portmacro.h **** {
 195:Middlewares/Third_Party/FreeRTOS/Source/portable/GCC/ARM_CM3/portmacro.h **** uint32_t ulNewBASEPRI;
 400              		.loc 2 195 1 view .LVU145
 196:Middlewares/Third_Party/FreeRTOS/Source/portable/GCC/ARM_CM3/portmacro.h **** 
 197:Middlewares/Third_Party/FreeRTOS/Source/portable/GCC/ARM_CM3/portmacro.h **** 	__asm volatile
 401              		.loc 2 197 2 view .LVU146
 402              		.syntax unified
 403              	@ 197 "Middlewares/Third_Party/FreeRTOS/Source/portable/GCC/ARM_CM3/portmacro.h" 1
 404 0050 4FF02003 			mov r3, #32												
 405 0054 83F31188 		msr basepri, r3											
 406 0058 BFF36F8F 		isb														
 407 005c BFF34F8F 		dsb														
 408              	
 409              	@ 0 "" 2
 410              		.thumb
 411              		.syntax unified
 412              	.L40:
 413              	.LBE15:
 414              	.LBE14:
 261:Middlewares/Third_Party/FreeRTOS/Source/portable/MemMang/heap_4.c **** 	return pvReturn;
 415              		.loc 1 261 2 discriminator 3 view .LVU147
 261:Middlewares/Third_Party/FreeRTOS/Source/portable/MemMang/heap_4.c **** 	return pvReturn;
 416              		.loc 1 261 2 discriminator 3 view .LVU148
 261:Middlewares/Third_Party/FreeRTOS/Source/portable/MemMang/heap_4.c **** 	return pvReturn;
 417              		.loc 1 261 2 discriminator 3 view .LVU149
 418 0060 FEE7     		b	.L40
 419              	.LVL35:
 420              	.L46:
 240:Middlewares/Third_Party/FreeRTOS/Source/portable/MemMang/heap_4.c **** 		}
 421              		.loc 1 240 28 view .LVU150
 243:Middlewares/Third_Party/FreeRTOS/Source/portable/MemMang/heap_4.c **** 	}
 422              		.loc 1 243 39 view .LVU151
 245:Middlewares/Third_Party/FreeRTOS/Source/portable/MemMang/heap_4.c **** 
 423              		.loc 1 245 2 view .LVU152
 245:Middlewares/Third_Party/FreeRTOS/Source/portable/MemMang/heap_4.c **** 
 424              		.loc 1 245 11 is_stmt 0 view .LVU153
 425 0062 FFF7FEFF 		bl	xTaskResumeAll
 426              	.LVL36:
 249:Middlewares/Third_Party/FreeRTOS/Source/portable/MemMang/heap_4.c **** 		{
 427              		.loc 1 249 3 is_stmt 1 view .LVU154
 118:Middlewares/Third_Party/FreeRTOS/Source/portable/MemMang/heap_4.c **** 
 428              		.loc 1 118 7 is_stmt 0 view .LVU155
 429 0066 0025     		movs	r5, #0
 430 0068 EDE7     		b	.L26
 431              	.LVL37:
ARM GAS  D:\TMP\ccOdTTHp.s 			page 21


 432              	.L47:
 240:Middlewares/Third_Party/FreeRTOS/Source/portable/MemMang/heap_4.c **** 		}
 433              		.loc 1 240 28 is_stmt 1 view .LVU156
 243:Middlewares/Third_Party/FreeRTOS/Source/portable/MemMang/heap_4.c **** 	}
 434              		.loc 1 243 39 view .LVU157
 245:Middlewares/Third_Party/FreeRTOS/Source/portable/MemMang/heap_4.c **** 
 435              		.loc 1 245 2 view .LVU158
 245:Middlewares/Third_Party/FreeRTOS/Source/portable/MemMang/heap_4.c **** 
 436              		.loc 1 245 11 is_stmt 0 view .LVU159
 437 006a FFF7FEFF 		bl	xTaskResumeAll
 438              	.LVL38:
 249:Middlewares/Third_Party/FreeRTOS/Source/portable/MemMang/heap_4.c **** 		{
 439              		.loc 1 249 3 is_stmt 1 view .LVU160
 118:Middlewares/Third_Party/FreeRTOS/Source/portable/MemMang/heap_4.c **** 
 440              		.loc 1 118 7 is_stmt 0 view .LVU161
 441 006e 0025     		movs	r5, #0
 442 0070 E9E7     		b	.L26
 443              	.LVL39:
 444              	.L42:
 171:Middlewares/Third_Party/FreeRTOS/Source/portable/MemMang/heap_4.c **** 					pxBlock = pxBlock->pxNextFreeBlock;
 445              		.loc 1 171 22 view .LVU162
 446 0072 2146     		mov	r1, r4
 447              	.LVL40:
 172:Middlewares/Third_Party/FreeRTOS/Source/portable/MemMang/heap_4.c **** 				}
 448              		.loc 1 172 14 view .LVU163
 449 0074 1C46     		mov	r4, r3
 450              	.LVL41:
 451              	.L32:
 169:Middlewares/Third_Party/FreeRTOS/Source/portable/MemMang/heap_4.c **** 				{
 452              		.loc 1 169 50 is_stmt 1 view .LVU164
 169:Middlewares/Third_Party/FreeRTOS/Source/portable/MemMang/heap_4.c **** 				{
 453              		.loc 1 169 21 is_stmt 0 view .LVU165
 454 0076 6368     		ldr	r3, [r4, #4]
 169:Middlewares/Third_Party/FreeRTOS/Source/portable/MemMang/heap_4.c **** 				{
 455              		.loc 1 169 50 view .LVU166
 456 0078 9342     		cmp	r3, r2
 457 007a 02D2     		bcs	.L31
 169:Middlewares/Third_Party/FreeRTOS/Source/portable/MemMang/heap_4.c **** 				{
 458              		.loc 1 169 62 discriminator 1 view .LVU167
 459 007c 2368     		ldr	r3, [r4]
 169:Middlewares/Third_Party/FreeRTOS/Source/portable/MemMang/heap_4.c **** 				{
 460              		.loc 1 169 50 discriminator 1 view .LVU168
 461 007e 002B     		cmp	r3, #0
 462 0080 F7D1     		bne	.L42
 463              	.L31:
 177:Middlewares/Third_Party/FreeRTOS/Source/portable/MemMang/heap_4.c **** 				{
 464              		.loc 1 177 5 is_stmt 1 view .LVU169
 177:Middlewares/Third_Party/FreeRTOS/Source/portable/MemMang/heap_4.c **** 				{
 465              		.loc 1 177 17 is_stmt 0 view .LVU170
 466 0082 1F4B     		ldr	r3, .L49
 467 0084 1B68     		ldr	r3, [r3]
 177:Middlewares/Third_Party/FreeRTOS/Source/portable/MemMang/heap_4.c **** 				{
 468              		.loc 1 177 7 view .LVU171
 469 0086 A342     		cmp	r3, r4
 470 0088 14D0     		beq	.L48
 181:Middlewares/Third_Party/FreeRTOS/Source/portable/MemMang/heap_4.c **** 
 471              		.loc 1 181 6 is_stmt 1 view .LVU172
ARM GAS  D:\TMP\ccOdTTHp.s 			page 22


 181:Middlewares/Third_Party/FreeRTOS/Source/portable/MemMang/heap_4.c **** 
 472              		.loc 1 181 61 is_stmt 0 view .LVU173
 473 008a 0D68     		ldr	r5, [r1]
 181:Middlewares/Third_Party/FreeRTOS/Source/portable/MemMang/heap_4.c **** 
 474              		.loc 1 181 15 view .LVU174
 475 008c 0835     		adds	r5, r5, #8
 476              	.LVL42:
 185:Middlewares/Third_Party/FreeRTOS/Source/portable/MemMang/heap_4.c **** 
 477              		.loc 1 185 6 is_stmt 1 view .LVU175
 185:Middlewares/Third_Party/FreeRTOS/Source/portable/MemMang/heap_4.c **** 
 478              		.loc 1 185 48 is_stmt 0 view .LVU176
 479 008e 2368     		ldr	r3, [r4]
 185:Middlewares/Third_Party/FreeRTOS/Source/portable/MemMang/heap_4.c **** 
 480              		.loc 1 185 39 view .LVU177
 481 0090 0B60     		str	r3, [r1]
 189:Middlewares/Third_Party/FreeRTOS/Source/portable/MemMang/heap_4.c **** 					{
 482              		.loc 1 189 6 is_stmt 1 view .LVU178
 189:Middlewares/Third_Party/FreeRTOS/Source/portable/MemMang/heap_4.c **** 					{
 483              		.loc 1 189 19 is_stmt 0 view .LVU179
 484 0092 6368     		ldr	r3, [r4, #4]
 189:Middlewares/Third_Party/FreeRTOS/Source/portable/MemMang/heap_4.c **** 					{
 485              		.loc 1 189 32 view .LVU180
 486 0094 9B1A     		subs	r3, r3, r2
 189:Middlewares/Third_Party/FreeRTOS/Source/portable/MemMang/heap_4.c **** 					{
 487              		.loc 1 189 8 view .LVU181
 488 0096 102B     		cmp	r3, #16
 489 0098 14D9     		bls	.L34
 195:Middlewares/Third_Party/FreeRTOS/Source/portable/MemMang/heap_4.c **** 						configASSERT( ( ( ( size_t ) pxNewBlockLink ) & portBYTE_ALIGNMENT_MASK ) == 0 );
 490              		.loc 1 195 7 is_stmt 1 view .LVU182
 195:Middlewares/Third_Party/FreeRTOS/Source/portable/MemMang/heap_4.c **** 						configASSERT( ( ( ( size_t ) pxNewBlockLink ) & portBYTE_ALIGNMENT_MASK ) == 0 );
 491              		.loc 1 195 22 is_stmt 0 view .LVU183
 492 009a A018     		adds	r0, r4, r2
 493              	.LVL43:
 196:Middlewares/Third_Party/FreeRTOS/Source/portable/MemMang/heap_4.c **** 
 494              		.loc 1 196 7 is_stmt 1 view .LVU184
 495 009c 10F0070F 		tst	r0, #7
 496 00a0 0CD0     		beq	.L35
 196:Middlewares/Third_Party/FreeRTOS/Source/portable/MemMang/heap_4.c **** 
 497              		.loc 1 196 7 discriminator 1 view .LVU185
 498              	.LBB16:
 499              	.LBI16:
 193:Middlewares/Third_Party/FreeRTOS/Source/portable/GCC/ARM_CM3/portmacro.h **** {
 500              		.loc 2 193 30 view .LVU186
 501              	.LBB17:
 195:Middlewares/Third_Party/FreeRTOS/Source/portable/GCC/ARM_CM3/portmacro.h **** 
 502              		.loc 2 195 1 view .LVU187
 503              		.loc 2 197 2 view .LVU188
 504              		.syntax unified
 505              	@ 197 "Middlewares/Third_Party/FreeRTOS/Source/portable/GCC/ARM_CM3/portmacro.h" 1
 506 00a2 4FF02003 			mov r3, #32												
 507 00a6 83F31188 		msr basepri, r3											
 508 00aa BFF36F8F 		isb														
 509 00ae BFF34F8F 		dsb														
 510              	
 511              	@ 0 "" 2
 512              		.thumb
 513              		.syntax unified
ARM GAS  D:\TMP\ccOdTTHp.s 			page 23


 514              	.L36:
 515              	.LBE17:
 516              	.LBE16:
 196:Middlewares/Third_Party/FreeRTOS/Source/portable/MemMang/heap_4.c **** 
 517              		.loc 1 196 7 discriminator 3 view .LVU189
 196:Middlewares/Third_Party/FreeRTOS/Source/portable/MemMang/heap_4.c **** 
 518              		.loc 1 196 7 discriminator 3 view .LVU190
 196:Middlewares/Third_Party/FreeRTOS/Source/portable/MemMang/heap_4.c **** 
 519              		.loc 1 196 7 discriminator 3 view .LVU191
 520 00b2 FEE7     		b	.L36
 521              	.LVL44:
 522              	.L48:
 240:Middlewares/Third_Party/FreeRTOS/Source/portable/MemMang/heap_4.c **** 		}
 523              		.loc 1 240 28 view .LVU192
 243:Middlewares/Third_Party/FreeRTOS/Source/portable/MemMang/heap_4.c **** 	}
 524              		.loc 1 243 39 view .LVU193
 245:Middlewares/Third_Party/FreeRTOS/Source/portable/MemMang/heap_4.c **** 
 525              		.loc 1 245 2 view .LVU194
 245:Middlewares/Third_Party/FreeRTOS/Source/portable/MemMang/heap_4.c **** 
 526              		.loc 1 245 11 is_stmt 0 view .LVU195
 527 00b4 FFF7FEFF 		bl	xTaskResumeAll
 528              	.LVL45:
 249:Middlewares/Third_Party/FreeRTOS/Source/portable/MemMang/heap_4.c **** 		{
 529              		.loc 1 249 3 is_stmt 1 view .LVU196
 118:Middlewares/Third_Party/FreeRTOS/Source/portable/MemMang/heap_4.c **** 
 530              		.loc 1 118 7 is_stmt 0 view .LVU197
 531 00b8 0025     		movs	r5, #0
 532 00ba C4E7     		b	.L26
 533              	.LVL46:
 534              	.L35:
 196:Middlewares/Third_Party/FreeRTOS/Source/portable/MemMang/heap_4.c **** 
 535              		.loc 1 196 87 is_stmt 1 discriminator 2 view .LVU198
 200:Middlewares/Third_Party/FreeRTOS/Source/portable/MemMang/heap_4.c **** 						pxBlock->xBlockSize = xWantedSize;
 536              		.loc 1 200 7 view .LVU199
 200:Middlewares/Third_Party/FreeRTOS/Source/portable/MemMang/heap_4.c **** 						pxBlock->xBlockSize = xWantedSize;
 537              		.loc 1 200 34 is_stmt 0 view .LVU200
 538 00bc 4360     		str	r3, [r0, #4]
 201:Middlewares/Third_Party/FreeRTOS/Source/portable/MemMang/heap_4.c **** 
 539              		.loc 1 201 7 is_stmt 1 view .LVU201
 201:Middlewares/Third_Party/FreeRTOS/Source/portable/MemMang/heap_4.c **** 
 540              		.loc 1 201 27 is_stmt 0 view .LVU202
 541 00be 6260     		str	r2, [r4, #4]
 204:Middlewares/Third_Party/FreeRTOS/Source/portable/MemMang/heap_4.c **** 					}
 542              		.loc 1 204 7 is_stmt 1 view .LVU203
 543 00c0 FFF7FEFF 		bl	prvInsertBlockIntoFreeList
 544              	.LVL47:
 545              	.L34:
 208:Middlewares/Third_Party/FreeRTOS/Source/portable/MemMang/heap_4.c **** 					}
 546              		.loc 1 208 31 view .LVU204
 211:Middlewares/Third_Party/FreeRTOS/Source/portable/MemMang/heap_4.c **** 
 547              		.loc 1 211 6 view .LVU205
 211:Middlewares/Third_Party/FreeRTOS/Source/portable/MemMang/heap_4.c **** 
 548              		.loc 1 211 36 is_stmt 0 view .LVU206
 549 00c4 6268     		ldr	r2, [r4, #4]
 211:Middlewares/Third_Party/FreeRTOS/Source/portable/MemMang/heap_4.c **** 
 550              		.loc 1 211 26 view .LVU207
 551 00c6 1049     		ldr	r1, .L49+8
ARM GAS  D:\TMP\ccOdTTHp.s 			page 24


 552 00c8 0B68     		ldr	r3, [r1]
 553 00ca 9B1A     		subs	r3, r3, r2
 554 00cc 0B60     		str	r3, [r1]
 213:Middlewares/Third_Party/FreeRTOS/Source/portable/MemMang/heap_4.c **** 					{
 555              		.loc 1 213 6 is_stmt 1 view .LVU208
 213:Middlewares/Third_Party/FreeRTOS/Source/portable/MemMang/heap_4.c **** 					{
 556              		.loc 1 213 30 is_stmt 0 view .LVU209
 557 00ce 1049     		ldr	r1, .L49+16
 558 00d0 0968     		ldr	r1, [r1]
 213:Middlewares/Third_Party/FreeRTOS/Source/portable/MemMang/heap_4.c **** 					{
 559              		.loc 1 213 8 view .LVU210
 560 00d2 8B42     		cmp	r3, r1
 561 00d4 01D2     		bcs	.L37
 215:Middlewares/Third_Party/FreeRTOS/Source/portable/MemMang/heap_4.c **** 					}
 562              		.loc 1 215 7 is_stmt 1 view .LVU211
 215:Middlewares/Third_Party/FreeRTOS/Source/portable/MemMang/heap_4.c **** 					}
 563              		.loc 1 215 38 is_stmt 0 view .LVU212
 564 00d6 0E49     		ldr	r1, .L49+16
 565 00d8 0B60     		str	r3, [r1]
 566              	.L37:
 219:Middlewares/Third_Party/FreeRTOS/Source/portable/MemMang/heap_4.c **** 					}
 567              		.loc 1 219 31 is_stmt 1 view .LVU213
 224:Middlewares/Third_Party/FreeRTOS/Source/portable/MemMang/heap_4.c **** 					pxBlock->pxNextFreeBlock = NULL;
 568              		.loc 1 224 6 view .LVU214
 224:Middlewares/Third_Party/FreeRTOS/Source/portable/MemMang/heap_4.c **** 					pxBlock->pxNextFreeBlock = NULL;
 569              		.loc 1 224 26 is_stmt 0 view .LVU215
 570 00da 0A4B     		ldr	r3, .L49+4
 571 00dc 1B68     		ldr	r3, [r3]
 572 00de 1343     		orrs	r3, r3, r2
 573 00e0 6360     		str	r3, [r4, #4]
 225:Middlewares/Third_Party/FreeRTOS/Source/portable/MemMang/heap_4.c **** 					xNumberOfSuccessfulAllocations++;
 574              		.loc 1 225 6 is_stmt 1 view .LVU216
 225:Middlewares/Third_Party/FreeRTOS/Source/portable/MemMang/heap_4.c **** 					xNumberOfSuccessfulAllocations++;
 575              		.loc 1 225 31 is_stmt 0 view .LVU217
 576 00e2 0023     		movs	r3, #0
 577 00e4 2360     		str	r3, [r4]
 226:Middlewares/Third_Party/FreeRTOS/Source/portable/MemMang/heap_4.c **** 				}
 578              		.loc 1 226 6 is_stmt 1 view .LVU218
 226:Middlewares/Third_Party/FreeRTOS/Source/portable/MemMang/heap_4.c **** 				}
 579              		.loc 1 226 36 is_stmt 0 view .LVU219
 580 00e6 0B4A     		ldr	r2, .L49+20
 581 00e8 1368     		ldr	r3, [r2]
 582 00ea 0133     		adds	r3, r3, #1
 583 00ec 1360     		str	r3, [r2]
 584 00ee 00E0     		b	.L27
 585              	.LVL48:
 586              	.L41:
 118:Middlewares/Third_Party/FreeRTOS/Source/portable/MemMang/heap_4.c **** 
 587              		.loc 1 118 7 view .LVU220
 588 00f0 0025     		movs	r5, #0
 589              	.LVL49:
 590              	.L27:
 240:Middlewares/Third_Party/FreeRTOS/Source/portable/MemMang/heap_4.c **** 		}
 591              		.loc 1 240 28 is_stmt 1 view .LVU221
 243:Middlewares/Third_Party/FreeRTOS/Source/portable/MemMang/heap_4.c **** 	}
 592              		.loc 1 243 39 view .LVU222
 245:Middlewares/Third_Party/FreeRTOS/Source/portable/MemMang/heap_4.c **** 
ARM GAS  D:\TMP\ccOdTTHp.s 			page 25


 593              		.loc 1 245 2 view .LVU223
 245:Middlewares/Third_Party/FreeRTOS/Source/portable/MemMang/heap_4.c **** 
 594              		.loc 1 245 11 is_stmt 0 view .LVU224
 595 00f2 FFF7FEFF 		bl	xTaskResumeAll
 596              	.LVL50:
 249:Middlewares/Third_Party/FreeRTOS/Source/portable/MemMang/heap_4.c **** 		{
 597              		.loc 1 249 3 is_stmt 1 view .LVU225
 249:Middlewares/Third_Party/FreeRTOS/Source/portable/MemMang/heap_4.c **** 		{
 598              		.loc 1 249 5 is_stmt 0 view .LVU226
 599 00f6 002D     		cmp	r5, #0
 600 00f8 A7D1     		bne	.L38
 601 00fa A4E7     		b	.L26
 602              	.LVL51:
 603              	.L23:
 263:Middlewares/Third_Party/FreeRTOS/Source/portable/MemMang/heap_4.c **** /*-----------------------------------------------------------*/
 604              		.loc 1 263 1 view .LVU227
 605 00fc 2846     		mov	r0, r5
 606 00fe 38BD     		pop	{r3, r4, r5, pc}
 607              	.L50:
 608              		.align	2
 609              	.L49:
 610 0100 00000000 		.word	pxEnd
 611 0104 00000000 		.word	xBlockAllocatedBit
 612 0108 00000000 		.word	xFreeBytesRemaining
 613 010c 00000000 		.word	xStart
 614 0110 00000000 		.word	xMinimumEverFreeBytesRemaining
 615 0114 00000000 		.word	xNumberOfSuccessfulAllocations
 616              		.cfi_endproc
 617              	.LFE5:
 619              		.section	.text.vPortFree,"ax",%progbits
 620              		.align	1
 621              		.global	vPortFree
 622              		.syntax unified
 623              		.thumb
 624              		.thumb_func
 626              	vPortFree:
 627              	.LVL52:
 628              	.LFB6:
 267:Middlewares/Third_Party/FreeRTOS/Source/portable/MemMang/heap_4.c **** uint8_t *puc = ( uint8_t * ) pv;
 629              		.loc 1 267 1 is_stmt 1 view -0
 630              		.cfi_startproc
 631              		@ args = 0, pretend = 0, frame = 0
 632              		@ frame_needed = 0, uses_anonymous_args = 0
 268:Middlewares/Third_Party/FreeRTOS/Source/portable/MemMang/heap_4.c **** BlockLink_t *pxLink;
 633              		.loc 1 268 1 view .LVU229
 269:Middlewares/Third_Party/FreeRTOS/Source/portable/MemMang/heap_4.c **** 
 634              		.loc 1 269 1 view .LVU230
 271:Middlewares/Third_Party/FreeRTOS/Source/portable/MemMang/heap_4.c **** 	{
 635              		.loc 1 271 2 view .LVU231
 271:Middlewares/Third_Party/FreeRTOS/Source/portable/MemMang/heap_4.c **** 	{
 636              		.loc 1 271 4 is_stmt 0 view .LVU232
 637 0000 0028     		cmp	r0, #0
 638 0002 34D0     		beq	.L58
 267:Middlewares/Third_Party/FreeRTOS/Source/portable/MemMang/heap_4.c **** uint8_t *puc = ( uint8_t * ) pv;
 639              		.loc 1 267 1 view .LVU233
 640 0004 38B5     		push	{r3, r4, r5, lr}
 641              	.LCFI5:
ARM GAS  D:\TMP\ccOdTTHp.s 			page 26


 642              		.cfi_def_cfa_offset 16
 643              		.cfi_offset 3, -16
 644              		.cfi_offset 4, -12
 645              		.cfi_offset 5, -8
 646              		.cfi_offset 14, -4
 647 0006 0446     		mov	r4, r0
 275:Middlewares/Third_Party/FreeRTOS/Source/portable/MemMang/heap_4.c **** 
 648              		.loc 1 275 3 is_stmt 1 view .LVU234
 275:Middlewares/Third_Party/FreeRTOS/Source/portable/MemMang/heap_4.c **** 
 649              		.loc 1 275 7 is_stmt 0 view .LVU235
 650 0008 A0F10805 		sub	r5, r0, #8
 651              	.LVL53:
 278:Middlewares/Third_Party/FreeRTOS/Source/portable/MemMang/heap_4.c **** 
 652              		.loc 1 278 3 is_stmt 1 view .LVU236
 281:Middlewares/Third_Party/FreeRTOS/Source/portable/MemMang/heap_4.c **** 		configASSERT( pxLink->pxNextFreeBlock == NULL );
 653              		.loc 1 281 3 view .LVU237
 654 000c 50F8043C 		ldr	r3, [r0, #-4]
 655 0010 174A     		ldr	r2, .L61
 656 0012 1268     		ldr	r2, [r2]
 657 0014 1342     		tst	r3, r2
 658 0016 08D1     		bne	.L53
 281:Middlewares/Third_Party/FreeRTOS/Source/portable/MemMang/heap_4.c **** 		configASSERT( pxLink->pxNextFreeBlock == NULL );
 659              		.loc 1 281 3 discriminator 1 view .LVU238
 660              	.LBB18:
 661              	.LBI18:
 193:Middlewares/Third_Party/FreeRTOS/Source/portable/GCC/ARM_CM3/portmacro.h **** {
 662              		.loc 2 193 30 view .LVU239
 663              	.LBB19:
 195:Middlewares/Third_Party/FreeRTOS/Source/portable/GCC/ARM_CM3/portmacro.h **** 
 664              		.loc 2 195 1 view .LVU240
 665              		.loc 2 197 2 view .LVU241
 666              		.syntax unified
 667              	@ 197 "Middlewares/Third_Party/FreeRTOS/Source/portable/GCC/ARM_CM3/portmacro.h" 1
 668 0018 4FF02003 			mov r3, #32												
 669 001c 83F31188 		msr basepri, r3											
 670 0020 BFF36F8F 		isb														
 671 0024 BFF34F8F 		dsb														
 672              	
 673              	@ 0 "" 2
 674              		.thumb
 675              		.syntax unified
 676              	.L54:
 677              	.LBE19:
 678              	.LBE18:
 281:Middlewares/Third_Party/FreeRTOS/Source/portable/MemMang/heap_4.c **** 		configASSERT( pxLink->pxNextFreeBlock == NULL );
 679              		.loc 1 281 3 discriminator 3 view .LVU242
 281:Middlewares/Third_Party/FreeRTOS/Source/portable/MemMang/heap_4.c **** 		configASSERT( pxLink->pxNextFreeBlock == NULL );
 680              		.loc 1 281 3 discriminator 3 view .LVU243
 281:Middlewares/Third_Party/FreeRTOS/Source/portable/MemMang/heap_4.c **** 		configASSERT( pxLink->pxNextFreeBlock == NULL );
 681              		.loc 1 281 3 discriminator 3 view .LVU244
 682 0028 FEE7     		b	.L54
 683              	.L53:
 281:Middlewares/Third_Party/FreeRTOS/Source/portable/MemMang/heap_4.c **** 		configASSERT( pxLink->pxNextFreeBlock == NULL );
 684              		.loc 1 281 67 discriminator 2 view .LVU245
 282:Middlewares/Third_Party/FreeRTOS/Source/portable/MemMang/heap_4.c **** 
 685              		.loc 1 282 3 view .LVU246
 686 002a 50F8081C 		ldr	r1, [r0, #-8]
ARM GAS  D:\TMP\ccOdTTHp.s 			page 27


 687 002e 41B1     		cbz	r1, .L55
 282:Middlewares/Third_Party/FreeRTOS/Source/portable/MemMang/heap_4.c **** 
 688              		.loc 1 282 3 discriminator 1 view .LVU247
 689              	.LBB20:
 690              	.LBI20:
 193:Middlewares/Third_Party/FreeRTOS/Source/portable/GCC/ARM_CM3/portmacro.h **** {
 691              		.loc 2 193 30 view .LVU248
 692              	.LBB21:
 195:Middlewares/Third_Party/FreeRTOS/Source/portable/GCC/ARM_CM3/portmacro.h **** 
 693              		.loc 2 195 1 view .LVU249
 694              		.loc 2 197 2 view .LVU250
 695              		.syntax unified
 696              	@ 197 "Middlewares/Third_Party/FreeRTOS/Source/portable/GCC/ARM_CM3/portmacro.h" 1
 697 0030 4FF02003 			mov r3, #32												
 698 0034 83F31188 		msr basepri, r3											
 699 0038 BFF36F8F 		isb														
 700 003c BFF34F8F 		dsb														
 701              	
 702              	@ 0 "" 2
 703              		.thumb
 704              		.syntax unified
 705              	.L56:
 706              	.LBE21:
 707              	.LBE20:
 282:Middlewares/Third_Party/FreeRTOS/Source/portable/MemMang/heap_4.c **** 
 708              		.loc 1 282 3 discriminator 3 view .LVU251
 282:Middlewares/Third_Party/FreeRTOS/Source/portable/MemMang/heap_4.c **** 
 709              		.loc 1 282 3 discriminator 3 view .LVU252
 282:Middlewares/Third_Party/FreeRTOS/Source/portable/MemMang/heap_4.c **** 
 710              		.loc 1 282 3 discriminator 3 view .LVU253
 711 0040 FEE7     		b	.L56
 712              	.L55:
 282:Middlewares/Third_Party/FreeRTOS/Source/portable/MemMang/heap_4.c **** 
 713              		.loc 1 282 50 discriminator 2 view .LVU254
 284:Middlewares/Third_Party/FreeRTOS/Source/portable/MemMang/heap_4.c **** 		{
 714              		.loc 1 284 3 view .LVU255
 286:Middlewares/Third_Party/FreeRTOS/Source/portable/MemMang/heap_4.c **** 			{
 715              		.loc 1 286 4 view .LVU256
 290:Middlewares/Third_Party/FreeRTOS/Source/portable/MemMang/heap_4.c **** 
 716              		.loc 1 290 5 view .LVU257
 290:Middlewares/Third_Party/FreeRTOS/Source/portable/MemMang/heap_4.c **** 
 717              		.loc 1 290 24 is_stmt 0 view .LVU258
 718 0042 23EA0203 		bic	r3, r3, r2
 719 0046 40F8043C 		str	r3, [r0, #-4]
 292:Middlewares/Third_Party/FreeRTOS/Source/portable/MemMang/heap_4.c **** 				{
 720              		.loc 1 292 5 is_stmt 1 view .LVU259
 721 004a FFF7FEFF 		bl	vTaskSuspendAll
 722              	.LVL54:
 295:Middlewares/Third_Party/FreeRTOS/Source/portable/MemMang/heap_4.c **** 					traceFREE( pv, pxLink->xBlockSize );
 723              		.loc 1 295 6 view .LVU260
 295:Middlewares/Third_Party/FreeRTOS/Source/portable/MemMang/heap_4.c **** 					traceFREE( pv, pxLink->xBlockSize );
 724              		.loc 1 295 35 is_stmt 0 view .LVU261
 725 004e 54F8041C 		ldr	r1, [r4, #-4]
 295:Middlewares/Third_Party/FreeRTOS/Source/portable/MemMang/heap_4.c **** 					traceFREE( pv, pxLink->xBlockSize );
 726              		.loc 1 295 26 view .LVU262
 727 0052 084A     		ldr	r2, .L61+4
 728 0054 1368     		ldr	r3, [r2]
ARM GAS  D:\TMP\ccOdTTHp.s 			page 28


 729 0056 0B44     		add	r3, r3, r1
 730 0058 1360     		str	r3, [r2]
 296:Middlewares/Third_Party/FreeRTOS/Source/portable/MemMang/heap_4.c **** 					prvInsertBlockIntoFreeList( ( ( BlockLink_t * ) pxLink ) );
 731              		.loc 1 296 41 is_stmt 1 view .LVU263
 297:Middlewares/Third_Party/FreeRTOS/Source/portable/MemMang/heap_4.c **** 					xNumberOfSuccessfulFrees++;
 732              		.loc 1 297 6 view .LVU264
 733 005a 2846     		mov	r0, r5
 734 005c FFF7FEFF 		bl	prvInsertBlockIntoFreeList
 735              	.LVL55:
 298:Middlewares/Third_Party/FreeRTOS/Source/portable/MemMang/heap_4.c **** 				}
 736              		.loc 1 298 6 view .LVU265
 298:Middlewares/Third_Party/FreeRTOS/Source/portable/MemMang/heap_4.c **** 				}
 737              		.loc 1 298 30 is_stmt 0 view .LVU266
 738 0060 054A     		ldr	r2, .L61+8
 739 0062 1368     		ldr	r3, [r2]
 740 0064 0133     		adds	r3, r3, #1
 741 0066 1360     		str	r3, [r2]
 300:Middlewares/Third_Party/FreeRTOS/Source/portable/MemMang/heap_4.c **** 			}
 742              		.loc 1 300 5 is_stmt 1 view .LVU267
 300:Middlewares/Third_Party/FreeRTOS/Source/portable/MemMang/heap_4.c **** 			}
 743              		.loc 1 300 14 is_stmt 0 view .LVU268
 744 0068 FFF7FEFF 		bl	xTaskResumeAll
 745              	.LVL56:
 309:Middlewares/Third_Party/FreeRTOS/Source/portable/MemMang/heap_4.c **** 		}
 746              		.loc 1 309 28 is_stmt 1 view .LVU269
 312:Middlewares/Third_Party/FreeRTOS/Source/portable/MemMang/heap_4.c **** /*-----------------------------------------------------------*/
 747              		.loc 1 312 1 is_stmt 0 view .LVU270
 748 006c 38BD     		pop	{r3, r4, r5, pc}
 749              	.LVL57:
 750              	.L58:
 751              	.LCFI6:
 752              		.cfi_def_cfa_offset 0
 753              		.cfi_restore 3
 754              		.cfi_restore 4
 755              		.cfi_restore 5
 756              		.cfi_restore 14
 312:Middlewares/Third_Party/FreeRTOS/Source/portable/MemMang/heap_4.c **** /*-----------------------------------------------------------*/
 757              		.loc 1 312 1 view .LVU271
 758 006e 7047     		bx	lr
 759              	.L62:
 760              		.align	2
 761              	.L61:
 762 0070 00000000 		.word	xBlockAllocatedBit
 763 0074 00000000 		.word	xFreeBytesRemaining
 764 0078 00000000 		.word	xNumberOfSuccessfulFrees
 765              		.cfi_endproc
 766              	.LFE6:
 768              		.section	.text.xPortGetFreeHeapSize,"ax",%progbits
 769              		.align	1
 770              		.global	xPortGetFreeHeapSize
 771              		.syntax unified
 772              		.thumb
 773              		.thumb_func
 775              	xPortGetFreeHeapSize:
 776              	.LFB7:
 316:Middlewares/Third_Party/FreeRTOS/Source/portable/MemMang/heap_4.c **** 	return xFreeBytesRemaining;
 777              		.loc 1 316 1 is_stmt 1 view -0
ARM GAS  D:\TMP\ccOdTTHp.s 			page 29


 778              		.cfi_startproc
 779              		@ args = 0, pretend = 0, frame = 0
 780              		@ frame_needed = 0, uses_anonymous_args = 0
 781              		@ link register save eliminated.
 317:Middlewares/Third_Party/FreeRTOS/Source/portable/MemMang/heap_4.c **** }
 782              		.loc 1 317 2 view .LVU273
 318:Middlewares/Third_Party/FreeRTOS/Source/portable/MemMang/heap_4.c **** /*-----------------------------------------------------------*/
 783              		.loc 1 318 1 is_stmt 0 view .LVU274
 784 0000 014B     		ldr	r3, .L64
 785 0002 1868     		ldr	r0, [r3]
 786 0004 7047     		bx	lr
 787              	.L65:
 788 0006 00BF     		.align	2
 789              	.L64:
 790 0008 00000000 		.word	xFreeBytesRemaining
 791              		.cfi_endproc
 792              	.LFE7:
 794              		.section	.text.xPortGetMinimumEverFreeHeapSize,"ax",%progbits
 795              		.align	1
 796              		.global	xPortGetMinimumEverFreeHeapSize
 797              		.syntax unified
 798              		.thumb
 799              		.thumb_func
 801              	xPortGetMinimumEverFreeHeapSize:
 802              	.LFB8:
 322:Middlewares/Third_Party/FreeRTOS/Source/portable/MemMang/heap_4.c **** 	return xMinimumEverFreeBytesRemaining;
 803              		.loc 1 322 1 is_stmt 1 view -0
 804              		.cfi_startproc
 805              		@ args = 0, pretend = 0, frame = 0
 806              		@ frame_needed = 0, uses_anonymous_args = 0
 807              		@ link register save eliminated.
 323:Middlewares/Third_Party/FreeRTOS/Source/portable/MemMang/heap_4.c **** }
 808              		.loc 1 323 2 view .LVU276
 324:Middlewares/Third_Party/FreeRTOS/Source/portable/MemMang/heap_4.c **** /*-----------------------------------------------------------*/
 809              		.loc 1 324 1 is_stmt 0 view .LVU277
 810 0000 014B     		ldr	r3, .L67
 811 0002 1868     		ldr	r0, [r3]
 812 0004 7047     		bx	lr
 813              	.L68:
 814 0006 00BF     		.align	2
 815              	.L67:
 816 0008 00000000 		.word	xMinimumEverFreeBytesRemaining
 817              		.cfi_endproc
 818              	.LFE8:
 820              		.section	.text.vPortInitialiseBlocks,"ax",%progbits
 821              		.align	1
 822              		.global	vPortInitialiseBlocks
 823              		.syntax unified
 824              		.thumb
 825              		.thumb_func
 827              	vPortInitialiseBlocks:
 828              	.LFB9:
 328:Middlewares/Third_Party/FreeRTOS/Source/portable/MemMang/heap_4.c **** 	/* This just exists to keep the linker quiet. */
 829              		.loc 1 328 1 is_stmt 1 view -0
 830              		.cfi_startproc
 831              		@ args = 0, pretend = 0, frame = 0
 832              		@ frame_needed = 0, uses_anonymous_args = 0
ARM GAS  D:\TMP\ccOdTTHp.s 			page 30


 833              		@ link register save eliminated.
 330:Middlewares/Third_Party/FreeRTOS/Source/portable/MemMang/heap_4.c **** /*-----------------------------------------------------------*/
 834              		.loc 1 330 1 view .LVU279
 835 0000 7047     		bx	lr
 836              		.cfi_endproc
 837              	.LFE9:
 839              		.section	.text.vPortGetHeapStats,"ax",%progbits
 840              		.align	1
 841              		.global	vPortGetHeapStats
 842              		.syntax unified
 843              		.thumb
 844              		.thumb_func
 846              	vPortGetHeapStats:
 847              	.LVL58:
 848              	.LFB12:
 440:Middlewares/Third_Party/FreeRTOS/Source/portable/MemMang/heap_4.c **** /*-----------------------------------------------------------*/
 441:Middlewares/Third_Party/FreeRTOS/Source/portable/MemMang/heap_4.c **** 
 442:Middlewares/Third_Party/FreeRTOS/Source/portable/MemMang/heap_4.c **** void vPortGetHeapStats( HeapStats_t *pxHeapStats )
 443:Middlewares/Third_Party/FreeRTOS/Source/portable/MemMang/heap_4.c **** {
 849              		.loc 1 443 1 view -0
 850              		.cfi_startproc
 851              		@ args = 0, pretend = 0, frame = 0
 852              		@ frame_needed = 0, uses_anonymous_args = 0
 853              		.loc 1 443 1 is_stmt 0 view .LVU281
 854 0000 F8B5     		push	{r3, r4, r5, r6, r7, lr}
 855              	.LCFI7:
 856              		.cfi_def_cfa_offset 24
 857              		.cfi_offset 3, -24
 858              		.cfi_offset 4, -20
 859              		.cfi_offset 5, -16
 860              		.cfi_offset 6, -12
 861              		.cfi_offset 7, -8
 862              		.cfi_offset 14, -4
 863 0002 0746     		mov	r7, r0
 444:Middlewares/Third_Party/FreeRTOS/Source/portable/MemMang/heap_4.c **** BlockLink_t *pxBlock;
 864              		.loc 1 444 1 is_stmt 1 view .LVU282
 445:Middlewares/Third_Party/FreeRTOS/Source/portable/MemMang/heap_4.c **** size_t xBlocks = 0, xMaxSize = 0, xMinSize = portMAX_DELAY; /* portMAX_DELAY used as a portable way
 865              		.loc 1 445 1 view .LVU283
 866              	.LVL59:
 446:Middlewares/Third_Party/FreeRTOS/Source/portable/MemMang/heap_4.c **** 
 447:Middlewares/Third_Party/FreeRTOS/Source/portable/MemMang/heap_4.c **** 	vTaskSuspendAll();
 867              		.loc 1 447 2 view .LVU284
 868 0004 FFF7FEFF 		bl	vTaskSuspendAll
 869              	.LVL60:
 448:Middlewares/Third_Party/FreeRTOS/Source/portable/MemMang/heap_4.c **** 	{
 449:Middlewares/Third_Party/FreeRTOS/Source/portable/MemMang/heap_4.c **** 		pxBlock = xStart.pxNextFreeBlock;
 870              		.loc 1 449 3 view .LVU285
 871              		.loc 1 449 11 is_stmt 0 view .LVU286
 872 0008 174B     		ldr	r3, .L79
 873 000a 1B68     		ldr	r3, [r3]
 874              	.LVL61:
 450:Middlewares/Third_Party/FreeRTOS/Source/portable/MemMang/heap_4.c **** 
 451:Middlewares/Third_Party/FreeRTOS/Source/portable/MemMang/heap_4.c **** 		/* pxBlock will be NULL if the heap has not been initialised.  The heap
 452:Middlewares/Third_Party/FreeRTOS/Source/portable/MemMang/heap_4.c **** 		is initialised automatically when the first allocation is made. */
 453:Middlewares/Third_Party/FreeRTOS/Source/portable/MemMang/heap_4.c **** 		if( pxBlock != NULL )
 875              		.loc 1 453 3 is_stmt 1 view .LVU287
 876              		.loc 1 453 5 is_stmt 0 view .LVU288
ARM GAS  D:\TMP\ccOdTTHp.s 			page 31


 877 000c 93B1     		cbz	r3, .L75
 445:Middlewares/Third_Party/FreeRTOS/Source/portable/MemMang/heap_4.c **** 
 878              		.loc 1 445 35 view .LVU289
 879 000e 4FF0FF36 		mov	r6, #-1
 445:Middlewares/Third_Party/FreeRTOS/Source/portable/MemMang/heap_4.c **** 
 880              		.loc 1 445 21 view .LVU290
 881 0012 0025     		movs	r5, #0
 445:Middlewares/Third_Party/FreeRTOS/Source/portable/MemMang/heap_4.c **** 
 882              		.loc 1 445 8 view .LVU291
 883 0014 2C46     		mov	r4, r5
 884 0016 04E0     		b	.L74
 885              	.LVL62:
 886              	.L73:
 454:Middlewares/Third_Party/FreeRTOS/Source/portable/MemMang/heap_4.c **** 		{
 455:Middlewares/Third_Party/FreeRTOS/Source/portable/MemMang/heap_4.c **** 			do
 456:Middlewares/Third_Party/FreeRTOS/Source/portable/MemMang/heap_4.c **** 			{
 457:Middlewares/Third_Party/FreeRTOS/Source/portable/MemMang/heap_4.c **** 				/* Increment the number of blocks and record the largest block seen
 458:Middlewares/Third_Party/FreeRTOS/Source/portable/MemMang/heap_4.c **** 				so far. */
 459:Middlewares/Third_Party/FreeRTOS/Source/portable/MemMang/heap_4.c **** 				xBlocks++;
 460:Middlewares/Third_Party/FreeRTOS/Source/portable/MemMang/heap_4.c **** 
 461:Middlewares/Third_Party/FreeRTOS/Source/portable/MemMang/heap_4.c **** 				if( pxBlock->xBlockSize > xMaxSize )
 462:Middlewares/Third_Party/FreeRTOS/Source/portable/MemMang/heap_4.c **** 				{
 463:Middlewares/Third_Party/FreeRTOS/Source/portable/MemMang/heap_4.c **** 					xMaxSize = pxBlock->xBlockSize;
 464:Middlewares/Third_Party/FreeRTOS/Source/portable/MemMang/heap_4.c **** 				}
 465:Middlewares/Third_Party/FreeRTOS/Source/portable/MemMang/heap_4.c **** 
 466:Middlewares/Third_Party/FreeRTOS/Source/portable/MemMang/heap_4.c **** 				if( pxBlock->xBlockSize < xMinSize )
 467:Middlewares/Third_Party/FreeRTOS/Source/portable/MemMang/heap_4.c **** 				{
 468:Middlewares/Third_Party/FreeRTOS/Source/portable/MemMang/heap_4.c **** 					xMinSize = pxBlock->xBlockSize;
 469:Middlewares/Third_Party/FreeRTOS/Source/portable/MemMang/heap_4.c **** 				}
 470:Middlewares/Third_Party/FreeRTOS/Source/portable/MemMang/heap_4.c **** 
 471:Middlewares/Third_Party/FreeRTOS/Source/portable/MemMang/heap_4.c **** 				/* Move to the next block in the chain until the last block is
 472:Middlewares/Third_Party/FreeRTOS/Source/portable/MemMang/heap_4.c **** 				reached. */
 473:Middlewares/Third_Party/FreeRTOS/Source/portable/MemMang/heap_4.c **** 				pxBlock = pxBlock->pxNextFreeBlock;
 887              		.loc 1 473 5 is_stmt 1 view .LVU292
 888              		.loc 1 473 13 is_stmt 0 view .LVU293
 889 0018 1B68     		ldr	r3, [r3]
 890              	.LVL63:
 474:Middlewares/Third_Party/FreeRTOS/Source/portable/MemMang/heap_4.c **** 			} while( pxBlock != pxEnd );
 891              		.loc 1 474 21 is_stmt 1 view .LVU294
 892 001a 144A     		ldr	r2, .L79+4
 893 001c 1268     		ldr	r2, [r2]
 894 001e 9A42     		cmp	r2, r3
 895 0020 0CD0     		beq	.L71
 896              	.LVL64:
 897              	.L74:
 455:Middlewares/Third_Party/FreeRTOS/Source/portable/MemMang/heap_4.c **** 			{
 898              		.loc 1 455 4 view .LVU295
 459:Middlewares/Third_Party/FreeRTOS/Source/portable/MemMang/heap_4.c **** 
 899              		.loc 1 459 5 view .LVU296
 459:Middlewares/Third_Party/FreeRTOS/Source/portable/MemMang/heap_4.c **** 
 900              		.loc 1 459 12 is_stmt 0 view .LVU297
 901 0022 0134     		adds	r4, r4, #1
 902              	.LVL65:
 461:Middlewares/Third_Party/FreeRTOS/Source/portable/MemMang/heap_4.c **** 				{
 903              		.loc 1 461 5 is_stmt 1 view .LVU298
 461:Middlewares/Third_Party/FreeRTOS/Source/portable/MemMang/heap_4.c **** 				{
 904              		.loc 1 461 16 is_stmt 0 view .LVU299
ARM GAS  D:\TMP\ccOdTTHp.s 			page 32


 905 0024 5A68     		ldr	r2, [r3, #4]
 461:Middlewares/Third_Party/FreeRTOS/Source/portable/MemMang/heap_4.c **** 				{
 906              		.loc 1 461 7 view .LVU300
 907 0026 AA42     		cmp	r2, r5
 908 0028 00D9     		bls	.L72
 463:Middlewares/Third_Party/FreeRTOS/Source/portable/MemMang/heap_4.c **** 				}
 909              		.loc 1 463 15 view .LVU301
 910 002a 1546     		mov	r5, r2
 911              	.LVL66:
 912              	.L72:
 466:Middlewares/Third_Party/FreeRTOS/Source/portable/MemMang/heap_4.c **** 				{
 913              		.loc 1 466 5 is_stmt 1 view .LVU302
 466:Middlewares/Third_Party/FreeRTOS/Source/portable/MemMang/heap_4.c **** 				{
 914              		.loc 1 466 7 is_stmt 0 view .LVU303
 915 002c B242     		cmp	r2, r6
 916 002e F3D2     		bcs	.L73
 468:Middlewares/Third_Party/FreeRTOS/Source/portable/MemMang/heap_4.c **** 				}
 917              		.loc 1 468 15 view .LVU304
 918 0030 1646     		mov	r6, r2
 919              	.LVL67:
 468:Middlewares/Third_Party/FreeRTOS/Source/portable/MemMang/heap_4.c **** 				}
 920              		.loc 1 468 15 view .LVU305
 921 0032 F1E7     		b	.L73
 922              	.LVL68:
 923              	.L75:
 445:Middlewares/Third_Party/FreeRTOS/Source/portable/MemMang/heap_4.c **** 
 924              		.loc 1 445 35 view .LVU306
 925 0034 4FF0FF36 		mov	r6, #-1
 445:Middlewares/Third_Party/FreeRTOS/Source/portable/MemMang/heap_4.c **** 
 926              		.loc 1 445 21 view .LVU307
 927 0038 0025     		movs	r5, #0
 445:Middlewares/Third_Party/FreeRTOS/Source/portable/MemMang/heap_4.c **** 
 928              		.loc 1 445 8 view .LVU308
 929 003a 2C46     		mov	r4, r5
 930              	.LVL69:
 931              	.L71:
 475:Middlewares/Third_Party/FreeRTOS/Source/portable/MemMang/heap_4.c **** 		}
 476:Middlewares/Third_Party/FreeRTOS/Source/portable/MemMang/heap_4.c **** 	}
 477:Middlewares/Third_Party/FreeRTOS/Source/portable/MemMang/heap_4.c **** 	xTaskResumeAll();
 932              		.loc 1 477 2 is_stmt 1 view .LVU309
 933 003c FFF7FEFF 		bl	xTaskResumeAll
 934              	.LVL70:
 478:Middlewares/Third_Party/FreeRTOS/Source/portable/MemMang/heap_4.c **** 
 479:Middlewares/Third_Party/FreeRTOS/Source/portable/MemMang/heap_4.c **** 	pxHeapStats->xSizeOfLargestFreeBlockInBytes = xMaxSize;
 935              		.loc 1 479 2 view .LVU310
 936              		.loc 1 479 46 is_stmt 0 view .LVU311
 937 0040 7D60     		str	r5, [r7, #4]
 480:Middlewares/Third_Party/FreeRTOS/Source/portable/MemMang/heap_4.c **** 	pxHeapStats->xSizeOfSmallestFreeBlockInBytes = xMinSize;
 938              		.loc 1 480 2 is_stmt 1 view .LVU312
 939              		.loc 1 480 47 is_stmt 0 view .LVU313
 940 0042 BE60     		str	r6, [r7, #8]
 481:Middlewares/Third_Party/FreeRTOS/Source/portable/MemMang/heap_4.c **** 	pxHeapStats->xNumberOfFreeBlocks = xBlocks;
 941              		.loc 1 481 2 is_stmt 1 view .LVU314
 942              		.loc 1 481 35 is_stmt 0 view .LVU315
 943 0044 FC60     		str	r4, [r7, #12]
 482:Middlewares/Third_Party/FreeRTOS/Source/portable/MemMang/heap_4.c **** 
 483:Middlewares/Third_Party/FreeRTOS/Source/portable/MemMang/heap_4.c **** 	taskENTER_CRITICAL();
ARM GAS  D:\TMP\ccOdTTHp.s 			page 33


 944              		.loc 1 483 2 is_stmt 1 view .LVU316
 945 0046 FFF7FEFF 		bl	vPortEnterCritical
 946              	.LVL71:
 484:Middlewares/Third_Party/FreeRTOS/Source/portable/MemMang/heap_4.c **** 	{
 485:Middlewares/Third_Party/FreeRTOS/Source/portable/MemMang/heap_4.c **** 		pxHeapStats->xAvailableHeapSpaceInBytes = xFreeBytesRemaining;
 947              		.loc 1 485 3 view .LVU317
 948              		.loc 1 485 43 is_stmt 0 view .LVU318
 949 004a 094B     		ldr	r3, .L79+8
 950 004c 1B68     		ldr	r3, [r3]
 951 004e 3B60     		str	r3, [r7]
 486:Middlewares/Third_Party/FreeRTOS/Source/portable/MemMang/heap_4.c **** 		pxHeapStats->xNumberOfSuccessfulAllocations = xNumberOfSuccessfulAllocations;
 952              		.loc 1 486 3 is_stmt 1 view .LVU319
 953              		.loc 1 486 47 is_stmt 0 view .LVU320
 954 0050 084B     		ldr	r3, .L79+12
 955 0052 1B68     		ldr	r3, [r3]
 956 0054 7B61     		str	r3, [r7, #20]
 487:Middlewares/Third_Party/FreeRTOS/Source/portable/MemMang/heap_4.c **** 		pxHeapStats->xNumberOfSuccessfulFrees = xNumberOfSuccessfulFrees;
 957              		.loc 1 487 3 is_stmt 1 view .LVU321
 958              		.loc 1 487 41 is_stmt 0 view .LVU322
 959 0056 084B     		ldr	r3, .L79+16
 960 0058 1B68     		ldr	r3, [r3]
 961 005a BB61     		str	r3, [r7, #24]
 488:Middlewares/Third_Party/FreeRTOS/Source/portable/MemMang/heap_4.c **** 		pxHeapStats->xMinimumEverFreeBytesRemaining = xMinimumEverFreeBytesRemaining;
 962              		.loc 1 488 3 is_stmt 1 view .LVU323
 963              		.loc 1 488 47 is_stmt 0 view .LVU324
 964 005c 074B     		ldr	r3, .L79+20
 965 005e 1B68     		ldr	r3, [r3]
 966 0060 3B61     		str	r3, [r7, #16]
 489:Middlewares/Third_Party/FreeRTOS/Source/portable/MemMang/heap_4.c **** 	}
 490:Middlewares/Third_Party/FreeRTOS/Source/portable/MemMang/heap_4.c **** 	taskEXIT_CRITICAL();
 967              		.loc 1 490 2 is_stmt 1 view .LVU325
 968 0062 FFF7FEFF 		bl	vPortExitCritical
 969              	.LVL72:
 491:Middlewares/Third_Party/FreeRTOS/Source/portable/MemMang/heap_4.c **** }
 970              		.loc 1 491 1 is_stmt 0 view .LVU326
 971 0066 F8BD     		pop	{r3, r4, r5, r6, r7, pc}
 972              	.LVL73:
 973              	.L80:
 974              		.loc 1 491 1 view .LVU327
 975              		.align	2
 976              	.L79:
 977 0068 00000000 		.word	xStart
 978 006c 00000000 		.word	pxEnd
 979 0070 00000000 		.word	xFreeBytesRemaining
 980 0074 00000000 		.word	xNumberOfSuccessfulAllocations
 981 0078 00000000 		.word	xNumberOfSuccessfulFrees
 982 007c 00000000 		.word	xMinimumEverFreeBytesRemaining
 983              		.cfi_endproc
 984              	.LFE12:
 986              		.section	.bss.xBlockAllocatedBit,"aw",%nobits
 987              		.align	2
 990              	xBlockAllocatedBit:
 991 0000 00000000 		.space	4
 992              		.section	.bss.xNumberOfSuccessfulFrees,"aw",%nobits
 993              		.align	2
 996              	xNumberOfSuccessfulFrees:
 997 0000 00000000 		.space	4
ARM GAS  D:\TMP\ccOdTTHp.s 			page 34


 998              		.section	.bss.xNumberOfSuccessfulAllocations,"aw",%nobits
 999              		.align	2
 1002              	xNumberOfSuccessfulAllocations:
 1003 0000 00000000 		.space	4
 1004              		.section	.bss.xMinimumEverFreeBytesRemaining,"aw",%nobits
 1005              		.align	2
 1008              	xMinimumEverFreeBytesRemaining:
 1009 0000 00000000 		.space	4
 1010              		.section	.bss.xFreeBytesRemaining,"aw",%nobits
 1011              		.align	2
 1014              	xFreeBytesRemaining:
 1015 0000 00000000 		.space	4
 1016              		.section	.bss.pxEnd,"aw",%nobits
 1017              		.align	2
 1020              	pxEnd:
 1021 0000 00000000 		.space	4
 1022              		.section	.bss.xStart,"aw",%nobits
 1023              		.align	2
 1026              	xStart:
 1027 0000 00000000 		.space	8
 1027      00000000 
 1028              		.section	.bss.ucHeap,"aw",%nobits
 1029              		.align	2
 1032              	ucHeap:
 1033 0000 00000000 		.space	12288
 1033      00000000 
 1033      00000000 
 1033      00000000 
 1033      00000000 
 1034              		.text
 1035              	.Letext0:
 1036              		.file 3 "F:/Msys2/mingw64/lib/gcc/arm-none-eabi/13.3.0/include/stddef.h"
 1037              		.file 4 "F:/Msys2/mingw64/arm-none-eabi/include/machine/_default_types.h"
 1038              		.file 5 "F:/Msys2/mingw64/arm-none-eabi/include/sys/_stdint.h"
 1039              		.file 6 "Middlewares/Third_Party/FreeRTOS/Source/include/portable.h"
 1040              		.file 7 "Middlewares/Third_Party/FreeRTOS/Source/include/task.h"
ARM GAS  D:\TMP\ccOdTTHp.s 			page 35


DEFINED SYMBOLS
                            *ABS*:00000000 heap_4.c
   D:\TMP\ccOdTTHp.s:19     .text.prvHeapInit:00000000 $t
   D:\TMP\ccOdTTHp.s:24     .text.prvHeapInit:00000000 prvHeapInit
   D:\TMP\ccOdTTHp.s:129    .text.prvHeapInit:0000004c $d
   D:\TMP\ccOdTTHp.s:1032   .bss.ucHeap:00000000 ucHeap
   D:\TMP\ccOdTTHp.s:1026   .bss.xStart:00000000 xStart
   D:\TMP\ccOdTTHp.s:1020   .bss.pxEnd:00000000 pxEnd
   D:\TMP\ccOdTTHp.s:1008   .bss.xMinimumEverFreeBytesRemaining:00000000 xMinimumEverFreeBytesRemaining
   D:\TMP\ccOdTTHp.s:1014   .bss.xFreeBytesRemaining:00000000 xFreeBytesRemaining
   D:\TMP\ccOdTTHp.s:990    .bss.xBlockAllocatedBit:00000000 xBlockAllocatedBit
   D:\TMP\ccOdTTHp.s:139    .text.prvInsertBlockIntoFreeList:00000000 $t
   D:\TMP\ccOdTTHp.s:144    .text.prvInsertBlockIntoFreeList:00000000 prvInsertBlockIntoFreeList
   D:\TMP\ccOdTTHp.s:275    .text.prvInsertBlockIntoFreeList:00000058 $d
   D:\TMP\ccOdTTHp.s:281    .text.pvPortMalloc:00000000 $t
   D:\TMP\ccOdTTHp.s:287    .text.pvPortMalloc:00000000 pvPortMalloc
   D:\TMP\ccOdTTHp.s:610    .text.pvPortMalloc:00000100 $d
   D:\TMP\ccOdTTHp.s:1002   .bss.xNumberOfSuccessfulAllocations:00000000 xNumberOfSuccessfulAllocations
   D:\TMP\ccOdTTHp.s:620    .text.vPortFree:00000000 $t
   D:\TMP\ccOdTTHp.s:626    .text.vPortFree:00000000 vPortFree
   D:\TMP\ccOdTTHp.s:762    .text.vPortFree:00000070 $d
   D:\TMP\ccOdTTHp.s:996    .bss.xNumberOfSuccessfulFrees:00000000 xNumberOfSuccessfulFrees
   D:\TMP\ccOdTTHp.s:769    .text.xPortGetFreeHeapSize:00000000 $t
   D:\TMP\ccOdTTHp.s:775    .text.xPortGetFreeHeapSize:00000000 xPortGetFreeHeapSize
   D:\TMP\ccOdTTHp.s:790    .text.xPortGetFreeHeapSize:00000008 $d
   D:\TMP\ccOdTTHp.s:795    .text.xPortGetMinimumEverFreeHeapSize:00000000 $t
   D:\TMP\ccOdTTHp.s:801    .text.xPortGetMinimumEverFreeHeapSize:00000000 xPortGetMinimumEverFreeHeapSize
   D:\TMP\ccOdTTHp.s:816    .text.xPortGetMinimumEverFreeHeapSize:00000008 $d
   D:\TMP\ccOdTTHp.s:821    .text.vPortInitialiseBlocks:00000000 $t
   D:\TMP\ccOdTTHp.s:827    .text.vPortInitialiseBlocks:00000000 vPortInitialiseBlocks
   D:\TMP\ccOdTTHp.s:840    .text.vPortGetHeapStats:00000000 $t
   D:\TMP\ccOdTTHp.s:846    .text.vPortGetHeapStats:00000000 vPortGetHeapStats
   D:\TMP\ccOdTTHp.s:977    .text.vPortGetHeapStats:00000068 $d
   D:\TMP\ccOdTTHp.s:987    .bss.xBlockAllocatedBit:00000000 $d
   D:\TMP\ccOdTTHp.s:993    .bss.xNumberOfSuccessfulFrees:00000000 $d
   D:\TMP\ccOdTTHp.s:999    .bss.xNumberOfSuccessfulAllocations:00000000 $d
   D:\TMP\ccOdTTHp.s:1005   .bss.xMinimumEverFreeBytesRemaining:00000000 $d
   D:\TMP\ccOdTTHp.s:1011   .bss.xFreeBytesRemaining:00000000 $d
   D:\TMP\ccOdTTHp.s:1017   .bss.pxEnd:00000000 $d
   D:\TMP\ccOdTTHp.s:1023   .bss.xStart:00000000 $d
   D:\TMP\ccOdTTHp.s:1029   .bss.ucHeap:00000000 $d

UNDEFINED SYMBOLS
vTaskSuspendAll
xTaskResumeAll
vApplicationMallocFailedHook
vPortEnterCritical
vPortExitCritical
