ARM GAS  D:\TMP\ccboKuyk.s 			page 1


   1              		.cpu cortex-m3
   2              		.arch armv7-m
   3              		.fpu softvfp
   4              		.eabi_attribute 20, 1
   5              		.eabi_attribute 21, 1
   6              		.eabi_attribute 23, 3
   7              		.eabi_attribute 24, 1
   8              		.eabi_attribute 25, 1
   9              		.eabi_attribute 26, 1
  10              		.eabi_attribute 30, 1
  11              		.eabi_attribute 34, 1
  12              		.eabi_attribute 18, 4
  13              		.file	"queue.c"
  14              		.text
  15              	.Ltext0:
  16              		.cfi_sections	.debug_frame
  17              		.file 1 "Middlewares/Third_Party/FreeRTOS/Source/queue.c"
  18              		.section	.text.prvGetDisinheritPriorityAfterTimeout,"ax",%progbits
  19              		.align	1
  20              		.syntax unified
  21              		.thumb
  22              		.thumb_func
  24              	prvGetDisinheritPriorityAfterTimeout:
  25              	.LVL0:
  26              	.LFB25:
   1:Middlewares/Third_Party/FreeRTOS/Source/queue.c **** /*
   2:Middlewares/Third_Party/FreeRTOS/Source/queue.c ****  * FreeRTOS Kernel V10.3.1
   3:Middlewares/Third_Party/FreeRTOS/Source/queue.c ****  * Copyright (C) 2020 Amazon.com, Inc. or its affiliates.  All Rights Reserved.
   4:Middlewares/Third_Party/FreeRTOS/Source/queue.c ****  *
   5:Middlewares/Third_Party/FreeRTOS/Source/queue.c ****  * Permission is hereby granted, free of charge, to any person obtaining a copy of
   6:Middlewares/Third_Party/FreeRTOS/Source/queue.c ****  * this software and associated documentation files (the "Software"), to deal in
   7:Middlewares/Third_Party/FreeRTOS/Source/queue.c ****  * the Software without restriction, including without limitation the rights to
   8:Middlewares/Third_Party/FreeRTOS/Source/queue.c ****  * use, copy, modify, merge, publish, distribute, sublicense, and/or sell copies of
   9:Middlewares/Third_Party/FreeRTOS/Source/queue.c ****  * the Software, and to permit persons to whom the Software is furnished to do so,
  10:Middlewares/Third_Party/FreeRTOS/Source/queue.c ****  * subject to the following conditions:
  11:Middlewares/Third_Party/FreeRTOS/Source/queue.c ****  *
  12:Middlewares/Third_Party/FreeRTOS/Source/queue.c ****  * The above copyright notice and this permission notice shall be included in all
  13:Middlewares/Third_Party/FreeRTOS/Source/queue.c ****  * copies or substantial portions of the Software.
  14:Middlewares/Third_Party/FreeRTOS/Source/queue.c ****  *
  15:Middlewares/Third_Party/FreeRTOS/Source/queue.c ****  * THE SOFTWARE IS PROVIDED "AS IS", WITHOUT WARRANTY OF ANY KIND, EXPRESS OR
  16:Middlewares/Third_Party/FreeRTOS/Source/queue.c ****  * IMPLIED, INCLUDING BUT NOT LIMITED TO THE WARRANTIES OF MERCHANTABILITY, FITNESS
  17:Middlewares/Third_Party/FreeRTOS/Source/queue.c ****  * FOR A PARTICULAR PURPOSE AND NONINFRINGEMENT. IN NO EVENT SHALL THE AUTHORS OR
  18:Middlewares/Third_Party/FreeRTOS/Source/queue.c ****  * COPYRIGHT HOLDERS BE LIABLE FOR ANY CLAIM, DAMAGES OR OTHER LIABILITY, WHETHER
  19:Middlewares/Third_Party/FreeRTOS/Source/queue.c ****  * IN AN ACTION OF CONTRACT, TORT OR OTHERWISE, ARISING FROM, OUT OF OR IN
  20:Middlewares/Third_Party/FreeRTOS/Source/queue.c ****  * CONNECTION WITH THE SOFTWARE OR THE USE OR OTHER DEALINGS IN THE SOFTWARE.
  21:Middlewares/Third_Party/FreeRTOS/Source/queue.c ****  *
  22:Middlewares/Third_Party/FreeRTOS/Source/queue.c ****  * http://www.FreeRTOS.org
  23:Middlewares/Third_Party/FreeRTOS/Source/queue.c ****  * http://aws.amazon.com/freertos
  24:Middlewares/Third_Party/FreeRTOS/Source/queue.c ****  *
  25:Middlewares/Third_Party/FreeRTOS/Source/queue.c ****  * 1 tab == 4 spaces!
  26:Middlewares/Third_Party/FreeRTOS/Source/queue.c ****  */
  27:Middlewares/Third_Party/FreeRTOS/Source/queue.c **** 
  28:Middlewares/Third_Party/FreeRTOS/Source/queue.c **** #include <stdlib.h>
  29:Middlewares/Third_Party/FreeRTOS/Source/queue.c **** #include <string.h>
  30:Middlewares/Third_Party/FreeRTOS/Source/queue.c **** 
  31:Middlewares/Third_Party/FreeRTOS/Source/queue.c **** /* Defining MPU_WRAPPERS_INCLUDED_FROM_API_FILE prevents task.h from redefining
  32:Middlewares/Third_Party/FreeRTOS/Source/queue.c **** all the API functions to use the MPU wrappers.  That should only be done when
ARM GAS  D:\TMP\ccboKuyk.s 			page 2


  33:Middlewares/Third_Party/FreeRTOS/Source/queue.c **** task.h is included from an application file. */
  34:Middlewares/Third_Party/FreeRTOS/Source/queue.c **** #define MPU_WRAPPERS_INCLUDED_FROM_API_FILE
  35:Middlewares/Third_Party/FreeRTOS/Source/queue.c **** 
  36:Middlewares/Third_Party/FreeRTOS/Source/queue.c **** #include "FreeRTOS.h"
  37:Middlewares/Third_Party/FreeRTOS/Source/queue.c **** #include "task.h"
  38:Middlewares/Third_Party/FreeRTOS/Source/queue.c **** #include "queue.h"
  39:Middlewares/Third_Party/FreeRTOS/Source/queue.c **** 
  40:Middlewares/Third_Party/FreeRTOS/Source/queue.c **** #if ( configUSE_CO_ROUTINES == 1 )
  41:Middlewares/Third_Party/FreeRTOS/Source/queue.c **** 	#include "croutine.h"
  42:Middlewares/Third_Party/FreeRTOS/Source/queue.c **** #endif
  43:Middlewares/Third_Party/FreeRTOS/Source/queue.c **** 
  44:Middlewares/Third_Party/FreeRTOS/Source/queue.c **** /* Lint e9021, e961 and e750 are suppressed as a MISRA exception justified
  45:Middlewares/Third_Party/FreeRTOS/Source/queue.c **** because the MPU ports require MPU_WRAPPERS_INCLUDED_FROM_API_FILE to be defined
  46:Middlewares/Third_Party/FreeRTOS/Source/queue.c **** for the header files above, but not in this file, in order to generate the
  47:Middlewares/Third_Party/FreeRTOS/Source/queue.c **** correct privileged Vs unprivileged linkage and placement. */
  48:Middlewares/Third_Party/FreeRTOS/Source/queue.c **** #undef MPU_WRAPPERS_INCLUDED_FROM_API_FILE /*lint !e961 !e750 !e9021. */
  49:Middlewares/Third_Party/FreeRTOS/Source/queue.c **** 
  50:Middlewares/Third_Party/FreeRTOS/Source/queue.c **** 
  51:Middlewares/Third_Party/FreeRTOS/Source/queue.c **** /* Constants used with the cRxLock and cTxLock structure members. */
  52:Middlewares/Third_Party/FreeRTOS/Source/queue.c **** #define queueUNLOCKED					( ( int8_t ) -1 )
  53:Middlewares/Third_Party/FreeRTOS/Source/queue.c **** #define queueLOCKED_UNMODIFIED			( ( int8_t ) 0 )
  54:Middlewares/Third_Party/FreeRTOS/Source/queue.c **** 
  55:Middlewares/Third_Party/FreeRTOS/Source/queue.c **** /* When the Queue_t structure is used to represent a base queue its pcHead and
  56:Middlewares/Third_Party/FreeRTOS/Source/queue.c **** pcTail members are used as pointers into the queue storage area.  When the
  57:Middlewares/Third_Party/FreeRTOS/Source/queue.c **** Queue_t structure is used to represent a mutex pcHead and pcTail pointers are
  58:Middlewares/Third_Party/FreeRTOS/Source/queue.c **** not necessary, and the pcHead pointer is set to NULL to indicate that the
  59:Middlewares/Third_Party/FreeRTOS/Source/queue.c **** structure instead holds a pointer to the mutex holder (if any).  Map alternative
  60:Middlewares/Third_Party/FreeRTOS/Source/queue.c **** names to the pcHead and structure member to ensure the readability of the code
  61:Middlewares/Third_Party/FreeRTOS/Source/queue.c **** is maintained.  The QueuePointers_t and SemaphoreData_t types are used to form
  62:Middlewares/Third_Party/FreeRTOS/Source/queue.c **** a union as their usage is mutually exclusive dependent on what the queue is
  63:Middlewares/Third_Party/FreeRTOS/Source/queue.c **** being used for. */
  64:Middlewares/Third_Party/FreeRTOS/Source/queue.c **** #define uxQueueType						pcHead
  65:Middlewares/Third_Party/FreeRTOS/Source/queue.c **** #define queueQUEUE_IS_MUTEX				NULL
  66:Middlewares/Third_Party/FreeRTOS/Source/queue.c **** 
  67:Middlewares/Third_Party/FreeRTOS/Source/queue.c **** typedef struct QueuePointers
  68:Middlewares/Third_Party/FreeRTOS/Source/queue.c **** {
  69:Middlewares/Third_Party/FreeRTOS/Source/queue.c **** 	int8_t *pcTail;					/*< Points to the byte at the end of the queue storage area.  Once more byte i
  70:Middlewares/Third_Party/FreeRTOS/Source/queue.c **** 	int8_t *pcReadFrom;				/*< Points to the last place that a queued item was read from when the stru
  71:Middlewares/Third_Party/FreeRTOS/Source/queue.c **** } QueuePointers_t;
  72:Middlewares/Third_Party/FreeRTOS/Source/queue.c **** 
  73:Middlewares/Third_Party/FreeRTOS/Source/queue.c **** typedef struct SemaphoreData
  74:Middlewares/Third_Party/FreeRTOS/Source/queue.c **** {
  75:Middlewares/Third_Party/FreeRTOS/Source/queue.c **** 	TaskHandle_t xMutexHolder;		 /*< The handle of the task that holds the mutex. */
  76:Middlewares/Third_Party/FreeRTOS/Source/queue.c **** 	UBaseType_t uxRecursiveCallCount;/*< Maintains a count of the number of times a recursive mutex ha
  77:Middlewares/Third_Party/FreeRTOS/Source/queue.c **** } SemaphoreData_t;
  78:Middlewares/Third_Party/FreeRTOS/Source/queue.c **** 
  79:Middlewares/Third_Party/FreeRTOS/Source/queue.c **** /* Semaphores do not actually store or copy data, so have an item size of
  80:Middlewares/Third_Party/FreeRTOS/Source/queue.c **** zero. */
  81:Middlewares/Third_Party/FreeRTOS/Source/queue.c **** #define queueSEMAPHORE_QUEUE_ITEM_LENGTH ( ( UBaseType_t ) 0 )
  82:Middlewares/Third_Party/FreeRTOS/Source/queue.c **** #define queueMUTEX_GIVE_BLOCK_TIME		 ( ( TickType_t ) 0U )
  83:Middlewares/Third_Party/FreeRTOS/Source/queue.c **** 
  84:Middlewares/Third_Party/FreeRTOS/Source/queue.c **** #if( configUSE_PREEMPTION == 0 )
  85:Middlewares/Third_Party/FreeRTOS/Source/queue.c **** 	/* If the cooperative scheduler is being used then a yield should not be
  86:Middlewares/Third_Party/FreeRTOS/Source/queue.c **** 	performed just because a higher priority task has been woken. */
  87:Middlewares/Third_Party/FreeRTOS/Source/queue.c **** 	#define queueYIELD_IF_USING_PREEMPTION()
  88:Middlewares/Third_Party/FreeRTOS/Source/queue.c **** #else
  89:Middlewares/Third_Party/FreeRTOS/Source/queue.c **** 	#define queueYIELD_IF_USING_PREEMPTION() portYIELD_WITHIN_API()
ARM GAS  D:\TMP\ccboKuyk.s 			page 3


  90:Middlewares/Third_Party/FreeRTOS/Source/queue.c **** #endif
  91:Middlewares/Third_Party/FreeRTOS/Source/queue.c **** 
  92:Middlewares/Third_Party/FreeRTOS/Source/queue.c **** /*
  93:Middlewares/Third_Party/FreeRTOS/Source/queue.c ****  * Definition of the queue used by the scheduler.
  94:Middlewares/Third_Party/FreeRTOS/Source/queue.c ****  * Items are queued by copy, not reference.  See the following link for the
  95:Middlewares/Third_Party/FreeRTOS/Source/queue.c ****  * rationale: https://www.freertos.org/Embedded-RTOS-Queues.html
  96:Middlewares/Third_Party/FreeRTOS/Source/queue.c ****  */
  97:Middlewares/Third_Party/FreeRTOS/Source/queue.c **** typedef struct QueueDefinition 		/* The old naming convention is used to prevent breaking kernel aw
  98:Middlewares/Third_Party/FreeRTOS/Source/queue.c **** {
  99:Middlewares/Third_Party/FreeRTOS/Source/queue.c **** 	int8_t *pcHead;					/*< Points to the beginning of the queue storage area. */
 100:Middlewares/Third_Party/FreeRTOS/Source/queue.c **** 	int8_t *pcWriteTo;				/*< Points to the free next place in the storage area. */
 101:Middlewares/Third_Party/FreeRTOS/Source/queue.c **** 
 102:Middlewares/Third_Party/FreeRTOS/Source/queue.c **** 	union
 103:Middlewares/Third_Party/FreeRTOS/Source/queue.c **** 	{
 104:Middlewares/Third_Party/FreeRTOS/Source/queue.c **** 		QueuePointers_t xQueue;		/*< Data required exclusively when this structure is used as a queue. */
 105:Middlewares/Third_Party/FreeRTOS/Source/queue.c **** 		SemaphoreData_t xSemaphore; /*< Data required exclusively when this structure is used as a semaph
 106:Middlewares/Third_Party/FreeRTOS/Source/queue.c **** 	} u;
 107:Middlewares/Third_Party/FreeRTOS/Source/queue.c **** 
 108:Middlewares/Third_Party/FreeRTOS/Source/queue.c **** 	List_t xTasksWaitingToSend;		/*< List of tasks that are blocked waiting to post onto this queue.  
 109:Middlewares/Third_Party/FreeRTOS/Source/queue.c **** 	List_t xTasksWaitingToReceive;	/*< List of tasks that are blocked waiting to read from this queue.
 110:Middlewares/Third_Party/FreeRTOS/Source/queue.c **** 
 111:Middlewares/Third_Party/FreeRTOS/Source/queue.c **** 	volatile UBaseType_t uxMessagesWaiting;/*< The number of items currently in the queue. */
 112:Middlewares/Third_Party/FreeRTOS/Source/queue.c **** 	UBaseType_t uxLength;			/*< The length of the queue defined as the number of items it will hold, n
 113:Middlewares/Third_Party/FreeRTOS/Source/queue.c **** 	UBaseType_t uxItemSize;			/*< The size of each items that the queue will hold. */
 114:Middlewares/Third_Party/FreeRTOS/Source/queue.c **** 
 115:Middlewares/Third_Party/FreeRTOS/Source/queue.c **** 	volatile int8_t cRxLock;		/*< Stores the number of items received from the queue (removed from the
 116:Middlewares/Third_Party/FreeRTOS/Source/queue.c **** 	volatile int8_t cTxLock;		/*< Stores the number of items transmitted to the queue (added to the qu
 117:Middlewares/Third_Party/FreeRTOS/Source/queue.c **** 
 118:Middlewares/Third_Party/FreeRTOS/Source/queue.c **** 	#if( ( configSUPPORT_STATIC_ALLOCATION == 1 ) && ( configSUPPORT_DYNAMIC_ALLOCATION == 1 ) )
 119:Middlewares/Third_Party/FreeRTOS/Source/queue.c **** 		uint8_t ucStaticallyAllocated;	/*< Set to pdTRUE if the memory used by the queue was statically a
 120:Middlewares/Third_Party/FreeRTOS/Source/queue.c **** 	#endif
 121:Middlewares/Third_Party/FreeRTOS/Source/queue.c **** 
 122:Middlewares/Third_Party/FreeRTOS/Source/queue.c **** 	#if ( configUSE_QUEUE_SETS == 1 )
 123:Middlewares/Third_Party/FreeRTOS/Source/queue.c **** 		struct QueueDefinition *pxQueueSetContainer;
 124:Middlewares/Third_Party/FreeRTOS/Source/queue.c **** 	#endif
 125:Middlewares/Third_Party/FreeRTOS/Source/queue.c **** 
 126:Middlewares/Third_Party/FreeRTOS/Source/queue.c **** 	#if ( configUSE_TRACE_FACILITY == 1 )
 127:Middlewares/Third_Party/FreeRTOS/Source/queue.c **** 		UBaseType_t uxQueueNumber;
 128:Middlewares/Third_Party/FreeRTOS/Source/queue.c **** 		uint8_t ucQueueType;
 129:Middlewares/Third_Party/FreeRTOS/Source/queue.c **** 	#endif
 130:Middlewares/Third_Party/FreeRTOS/Source/queue.c **** 
 131:Middlewares/Third_Party/FreeRTOS/Source/queue.c **** } xQUEUE;
 132:Middlewares/Third_Party/FreeRTOS/Source/queue.c **** 
 133:Middlewares/Third_Party/FreeRTOS/Source/queue.c **** /* The old xQUEUE name is maintained above then typedefed to the new Queue_t
 134:Middlewares/Third_Party/FreeRTOS/Source/queue.c **** name below to enable the use of older kernel aware debuggers. */
 135:Middlewares/Third_Party/FreeRTOS/Source/queue.c **** typedef xQUEUE Queue_t;
 136:Middlewares/Third_Party/FreeRTOS/Source/queue.c **** 
 137:Middlewares/Third_Party/FreeRTOS/Source/queue.c **** /*-----------------------------------------------------------*/
 138:Middlewares/Third_Party/FreeRTOS/Source/queue.c **** 
 139:Middlewares/Third_Party/FreeRTOS/Source/queue.c **** /*
 140:Middlewares/Third_Party/FreeRTOS/Source/queue.c ****  * The queue registry is just a means for kernel aware debuggers to locate
 141:Middlewares/Third_Party/FreeRTOS/Source/queue.c ****  * queue structures.  It has no other purpose so is an optional component.
 142:Middlewares/Third_Party/FreeRTOS/Source/queue.c ****  */
 143:Middlewares/Third_Party/FreeRTOS/Source/queue.c **** #if ( configQUEUE_REGISTRY_SIZE > 0 )
 144:Middlewares/Third_Party/FreeRTOS/Source/queue.c **** 
 145:Middlewares/Third_Party/FreeRTOS/Source/queue.c **** 	/* The type stored within the queue registry array.  This allows a name
 146:Middlewares/Third_Party/FreeRTOS/Source/queue.c **** 	to be assigned to each queue making kernel aware debugging a little
ARM GAS  D:\TMP\ccboKuyk.s 			page 4


 147:Middlewares/Third_Party/FreeRTOS/Source/queue.c **** 	more user friendly. */
 148:Middlewares/Third_Party/FreeRTOS/Source/queue.c **** 	typedef struct QUEUE_REGISTRY_ITEM
 149:Middlewares/Third_Party/FreeRTOS/Source/queue.c **** 	{
 150:Middlewares/Third_Party/FreeRTOS/Source/queue.c **** 		const char *pcQueueName; /*lint !e971 Unqualified char types are allowed for strings and single c
 151:Middlewares/Third_Party/FreeRTOS/Source/queue.c **** 		QueueHandle_t xHandle;
 152:Middlewares/Third_Party/FreeRTOS/Source/queue.c **** 	} xQueueRegistryItem;
 153:Middlewares/Third_Party/FreeRTOS/Source/queue.c **** 
 154:Middlewares/Third_Party/FreeRTOS/Source/queue.c **** 	/* The old xQueueRegistryItem name is maintained above then typedefed to the
 155:Middlewares/Third_Party/FreeRTOS/Source/queue.c **** 	new xQueueRegistryItem name below to enable the use of older kernel aware
 156:Middlewares/Third_Party/FreeRTOS/Source/queue.c **** 	debuggers. */
 157:Middlewares/Third_Party/FreeRTOS/Source/queue.c **** 	typedef xQueueRegistryItem QueueRegistryItem_t;
 158:Middlewares/Third_Party/FreeRTOS/Source/queue.c **** 
 159:Middlewares/Third_Party/FreeRTOS/Source/queue.c **** 	/* The queue registry is simply an array of QueueRegistryItem_t structures.
 160:Middlewares/Third_Party/FreeRTOS/Source/queue.c **** 	The pcQueueName member of a structure being NULL is indicative of the
 161:Middlewares/Third_Party/FreeRTOS/Source/queue.c **** 	array position being vacant. */
 162:Middlewares/Third_Party/FreeRTOS/Source/queue.c **** 	PRIVILEGED_DATA QueueRegistryItem_t xQueueRegistry[ configQUEUE_REGISTRY_SIZE ];
 163:Middlewares/Third_Party/FreeRTOS/Source/queue.c **** 
 164:Middlewares/Third_Party/FreeRTOS/Source/queue.c **** #endif /* configQUEUE_REGISTRY_SIZE */
 165:Middlewares/Third_Party/FreeRTOS/Source/queue.c **** 
 166:Middlewares/Third_Party/FreeRTOS/Source/queue.c **** /*
 167:Middlewares/Third_Party/FreeRTOS/Source/queue.c ****  * Unlocks a queue locked by a call to prvLockQueue.  Locking a queue does not
 168:Middlewares/Third_Party/FreeRTOS/Source/queue.c ****  * prevent an ISR from adding or removing items to the queue, but does prevent
 169:Middlewares/Third_Party/FreeRTOS/Source/queue.c ****  * an ISR from removing tasks from the queue event lists.  If an ISR finds a
 170:Middlewares/Third_Party/FreeRTOS/Source/queue.c ****  * queue is locked it will instead increment the appropriate queue lock count
 171:Middlewares/Third_Party/FreeRTOS/Source/queue.c ****  * to indicate that a task may require unblocking.  When the queue in unlocked
 172:Middlewares/Third_Party/FreeRTOS/Source/queue.c ****  * these lock counts are inspected, and the appropriate action taken.
 173:Middlewares/Third_Party/FreeRTOS/Source/queue.c ****  */
 174:Middlewares/Third_Party/FreeRTOS/Source/queue.c **** static void prvUnlockQueue( Queue_t * const pxQueue ) PRIVILEGED_FUNCTION;
 175:Middlewares/Third_Party/FreeRTOS/Source/queue.c **** 
 176:Middlewares/Third_Party/FreeRTOS/Source/queue.c **** /*
 177:Middlewares/Third_Party/FreeRTOS/Source/queue.c ****  * Uses a critical section to determine if there is any data in a queue.
 178:Middlewares/Third_Party/FreeRTOS/Source/queue.c ****  *
 179:Middlewares/Third_Party/FreeRTOS/Source/queue.c ****  * @return pdTRUE if the queue contains no items, otherwise pdFALSE.
 180:Middlewares/Third_Party/FreeRTOS/Source/queue.c ****  */
 181:Middlewares/Third_Party/FreeRTOS/Source/queue.c **** static BaseType_t prvIsQueueEmpty( const Queue_t *pxQueue ) PRIVILEGED_FUNCTION;
 182:Middlewares/Third_Party/FreeRTOS/Source/queue.c **** 
 183:Middlewares/Third_Party/FreeRTOS/Source/queue.c **** /*
 184:Middlewares/Third_Party/FreeRTOS/Source/queue.c ****  * Uses a critical section to determine if there is any space in a queue.
 185:Middlewares/Third_Party/FreeRTOS/Source/queue.c ****  *
 186:Middlewares/Third_Party/FreeRTOS/Source/queue.c ****  * @return pdTRUE if there is no space, otherwise pdFALSE;
 187:Middlewares/Third_Party/FreeRTOS/Source/queue.c ****  */
 188:Middlewares/Third_Party/FreeRTOS/Source/queue.c **** static BaseType_t prvIsQueueFull( const Queue_t *pxQueue ) PRIVILEGED_FUNCTION;
 189:Middlewares/Third_Party/FreeRTOS/Source/queue.c **** 
 190:Middlewares/Third_Party/FreeRTOS/Source/queue.c **** /*
 191:Middlewares/Third_Party/FreeRTOS/Source/queue.c ****  * Copies an item into the queue, either at the front of the queue or the
 192:Middlewares/Third_Party/FreeRTOS/Source/queue.c ****  * back of the queue.
 193:Middlewares/Third_Party/FreeRTOS/Source/queue.c ****  */
 194:Middlewares/Third_Party/FreeRTOS/Source/queue.c **** static BaseType_t prvCopyDataToQueue( Queue_t * const pxQueue, const void *pvItemToQueue, const Bas
 195:Middlewares/Third_Party/FreeRTOS/Source/queue.c **** 
 196:Middlewares/Third_Party/FreeRTOS/Source/queue.c **** /*
 197:Middlewares/Third_Party/FreeRTOS/Source/queue.c ****  * Copies an item out of a queue.
 198:Middlewares/Third_Party/FreeRTOS/Source/queue.c ****  */
 199:Middlewares/Third_Party/FreeRTOS/Source/queue.c **** static void prvCopyDataFromQueue( Queue_t * const pxQueue, void * const pvBuffer ) PRIVILEGED_FUNCT
 200:Middlewares/Third_Party/FreeRTOS/Source/queue.c **** 
 201:Middlewares/Third_Party/FreeRTOS/Source/queue.c **** #if ( configUSE_QUEUE_SETS == 1 )
 202:Middlewares/Third_Party/FreeRTOS/Source/queue.c **** 	/*
 203:Middlewares/Third_Party/FreeRTOS/Source/queue.c **** 	 * Checks to see if a queue is a member of a queue set, and if so, notifies
ARM GAS  D:\TMP\ccboKuyk.s 			page 5


 204:Middlewares/Third_Party/FreeRTOS/Source/queue.c **** 	 * the queue set that the queue contains data.
 205:Middlewares/Third_Party/FreeRTOS/Source/queue.c **** 	 */
 206:Middlewares/Third_Party/FreeRTOS/Source/queue.c **** 	static BaseType_t prvNotifyQueueSetContainer( const Queue_t * const pxQueue ) PRIVILEGED_FUNCTION;
 207:Middlewares/Third_Party/FreeRTOS/Source/queue.c **** #endif
 208:Middlewares/Third_Party/FreeRTOS/Source/queue.c **** 
 209:Middlewares/Third_Party/FreeRTOS/Source/queue.c **** /*
 210:Middlewares/Third_Party/FreeRTOS/Source/queue.c ****  * Called after a Queue_t structure has been allocated either statically or
 211:Middlewares/Third_Party/FreeRTOS/Source/queue.c ****  * dynamically to fill in the structure's members.
 212:Middlewares/Third_Party/FreeRTOS/Source/queue.c ****  */
 213:Middlewares/Third_Party/FreeRTOS/Source/queue.c **** static void prvInitialiseNewQueue( const UBaseType_t uxQueueLength, const UBaseType_t uxItemSize, u
 214:Middlewares/Third_Party/FreeRTOS/Source/queue.c **** 
 215:Middlewares/Third_Party/FreeRTOS/Source/queue.c **** /*
 216:Middlewares/Third_Party/FreeRTOS/Source/queue.c ****  * Mutexes are a special type of queue.  When a mutex is created, first the
 217:Middlewares/Third_Party/FreeRTOS/Source/queue.c ****  * queue is created, then prvInitialiseMutex() is called to configure the queue
 218:Middlewares/Third_Party/FreeRTOS/Source/queue.c ****  * as a mutex.
 219:Middlewares/Third_Party/FreeRTOS/Source/queue.c ****  */
 220:Middlewares/Third_Party/FreeRTOS/Source/queue.c **** #if( configUSE_MUTEXES == 1 )
 221:Middlewares/Third_Party/FreeRTOS/Source/queue.c **** 	static void prvInitialiseMutex( Queue_t *pxNewQueue ) PRIVILEGED_FUNCTION;
 222:Middlewares/Third_Party/FreeRTOS/Source/queue.c **** #endif
 223:Middlewares/Third_Party/FreeRTOS/Source/queue.c **** 
 224:Middlewares/Third_Party/FreeRTOS/Source/queue.c **** #if( configUSE_MUTEXES == 1 )
 225:Middlewares/Third_Party/FreeRTOS/Source/queue.c **** 	/*
 226:Middlewares/Third_Party/FreeRTOS/Source/queue.c **** 	 * If a task waiting for a mutex causes the mutex holder to inherit a
 227:Middlewares/Third_Party/FreeRTOS/Source/queue.c **** 	 * priority, but the waiting task times out, then the holder should
 228:Middlewares/Third_Party/FreeRTOS/Source/queue.c **** 	 * disinherit the priority - but only down to the highest priority of any
 229:Middlewares/Third_Party/FreeRTOS/Source/queue.c **** 	 * other tasks that are waiting for the same mutex.  This function returns
 230:Middlewares/Third_Party/FreeRTOS/Source/queue.c **** 	 * that priority.
 231:Middlewares/Third_Party/FreeRTOS/Source/queue.c **** 	 */
 232:Middlewares/Third_Party/FreeRTOS/Source/queue.c **** 	static UBaseType_t prvGetDisinheritPriorityAfterTimeout( const Queue_t * const pxQueue ) PRIVILEGE
 233:Middlewares/Third_Party/FreeRTOS/Source/queue.c **** #endif
 234:Middlewares/Third_Party/FreeRTOS/Source/queue.c **** /*-----------------------------------------------------------*/
 235:Middlewares/Third_Party/FreeRTOS/Source/queue.c **** 
 236:Middlewares/Third_Party/FreeRTOS/Source/queue.c **** /*
 237:Middlewares/Third_Party/FreeRTOS/Source/queue.c ****  * Macro to mark a queue as locked.  Locking a queue prevents an ISR from
 238:Middlewares/Third_Party/FreeRTOS/Source/queue.c ****  * accessing the queue event lists.
 239:Middlewares/Third_Party/FreeRTOS/Source/queue.c ****  */
 240:Middlewares/Third_Party/FreeRTOS/Source/queue.c **** #define prvLockQueue( pxQueue )								\
 241:Middlewares/Third_Party/FreeRTOS/Source/queue.c **** 	taskENTER_CRITICAL();									\
 242:Middlewares/Third_Party/FreeRTOS/Source/queue.c **** 	{														\
 243:Middlewares/Third_Party/FreeRTOS/Source/queue.c **** 		if( ( pxQueue )->cRxLock == queueUNLOCKED )			\
 244:Middlewares/Third_Party/FreeRTOS/Source/queue.c **** 		{													\
 245:Middlewares/Third_Party/FreeRTOS/Source/queue.c **** 			( pxQueue )->cRxLock = queueLOCKED_UNMODIFIED;	\
 246:Middlewares/Third_Party/FreeRTOS/Source/queue.c **** 		}													\
 247:Middlewares/Third_Party/FreeRTOS/Source/queue.c **** 		if( ( pxQueue )->cTxLock == queueUNLOCKED )			\
 248:Middlewares/Third_Party/FreeRTOS/Source/queue.c **** 		{													\
 249:Middlewares/Third_Party/FreeRTOS/Source/queue.c **** 			( pxQueue )->cTxLock = queueLOCKED_UNMODIFIED;	\
 250:Middlewares/Third_Party/FreeRTOS/Source/queue.c **** 		}													\
 251:Middlewares/Third_Party/FreeRTOS/Source/queue.c **** 	}														\
 252:Middlewares/Third_Party/FreeRTOS/Source/queue.c **** 	taskEXIT_CRITICAL()
 253:Middlewares/Third_Party/FreeRTOS/Source/queue.c **** /*-----------------------------------------------------------*/
 254:Middlewares/Third_Party/FreeRTOS/Source/queue.c **** 
 255:Middlewares/Third_Party/FreeRTOS/Source/queue.c **** BaseType_t xQueueGenericReset( QueueHandle_t xQueue, BaseType_t xNewQueue )
 256:Middlewares/Third_Party/FreeRTOS/Source/queue.c **** {
 257:Middlewares/Third_Party/FreeRTOS/Source/queue.c **** Queue_t * const pxQueue = xQueue;
 258:Middlewares/Third_Party/FreeRTOS/Source/queue.c **** 
 259:Middlewares/Third_Party/FreeRTOS/Source/queue.c **** 	configASSERT( pxQueue );
 260:Middlewares/Third_Party/FreeRTOS/Source/queue.c **** 
ARM GAS  D:\TMP\ccboKuyk.s 			page 6


 261:Middlewares/Third_Party/FreeRTOS/Source/queue.c **** 	taskENTER_CRITICAL();
 262:Middlewares/Third_Party/FreeRTOS/Source/queue.c **** 	{
 263:Middlewares/Third_Party/FreeRTOS/Source/queue.c **** 		pxQueue->u.xQueue.pcTail = pxQueue->pcHead + ( pxQueue->uxLength * pxQueue->uxItemSize ); /*lint 
 264:Middlewares/Third_Party/FreeRTOS/Source/queue.c **** 		pxQueue->uxMessagesWaiting = ( UBaseType_t ) 0U;
 265:Middlewares/Third_Party/FreeRTOS/Source/queue.c **** 		pxQueue->pcWriteTo = pxQueue->pcHead;
 266:Middlewares/Third_Party/FreeRTOS/Source/queue.c **** 		pxQueue->u.xQueue.pcReadFrom = pxQueue->pcHead + ( ( pxQueue->uxLength - 1U ) * pxQueue->uxItemSi
 267:Middlewares/Third_Party/FreeRTOS/Source/queue.c **** 		pxQueue->cRxLock = queueUNLOCKED;
 268:Middlewares/Third_Party/FreeRTOS/Source/queue.c **** 		pxQueue->cTxLock = queueUNLOCKED;
 269:Middlewares/Third_Party/FreeRTOS/Source/queue.c **** 
 270:Middlewares/Third_Party/FreeRTOS/Source/queue.c **** 		if( xNewQueue == pdFALSE )
 271:Middlewares/Third_Party/FreeRTOS/Source/queue.c **** 		{
 272:Middlewares/Third_Party/FreeRTOS/Source/queue.c **** 			/* If there are tasks blocked waiting to read from the queue, then
 273:Middlewares/Third_Party/FreeRTOS/Source/queue.c **** 			the tasks will remain blocked as after this function exits the queue
 274:Middlewares/Third_Party/FreeRTOS/Source/queue.c **** 			will still be empty.  If there are tasks blocked waiting to write to
 275:Middlewares/Third_Party/FreeRTOS/Source/queue.c **** 			the queue, then one should be unblocked as after this function exits
 276:Middlewares/Third_Party/FreeRTOS/Source/queue.c **** 			it will be possible to write to it. */
 277:Middlewares/Third_Party/FreeRTOS/Source/queue.c **** 			if( listLIST_IS_EMPTY( &( pxQueue->xTasksWaitingToSend ) ) == pdFALSE )
 278:Middlewares/Third_Party/FreeRTOS/Source/queue.c **** 			{
 279:Middlewares/Third_Party/FreeRTOS/Source/queue.c **** 				if( xTaskRemoveFromEventList( &( pxQueue->xTasksWaitingToSend ) ) != pdFALSE )
 280:Middlewares/Third_Party/FreeRTOS/Source/queue.c **** 				{
 281:Middlewares/Third_Party/FreeRTOS/Source/queue.c **** 					queueYIELD_IF_USING_PREEMPTION();
 282:Middlewares/Third_Party/FreeRTOS/Source/queue.c **** 				}
 283:Middlewares/Third_Party/FreeRTOS/Source/queue.c **** 				else
 284:Middlewares/Third_Party/FreeRTOS/Source/queue.c **** 				{
 285:Middlewares/Third_Party/FreeRTOS/Source/queue.c **** 					mtCOVERAGE_TEST_MARKER();
 286:Middlewares/Third_Party/FreeRTOS/Source/queue.c **** 				}
 287:Middlewares/Third_Party/FreeRTOS/Source/queue.c **** 			}
 288:Middlewares/Third_Party/FreeRTOS/Source/queue.c **** 			else
 289:Middlewares/Third_Party/FreeRTOS/Source/queue.c **** 			{
 290:Middlewares/Third_Party/FreeRTOS/Source/queue.c **** 				mtCOVERAGE_TEST_MARKER();
 291:Middlewares/Third_Party/FreeRTOS/Source/queue.c **** 			}
 292:Middlewares/Third_Party/FreeRTOS/Source/queue.c **** 		}
 293:Middlewares/Third_Party/FreeRTOS/Source/queue.c **** 		else
 294:Middlewares/Third_Party/FreeRTOS/Source/queue.c **** 		{
 295:Middlewares/Third_Party/FreeRTOS/Source/queue.c **** 			/* Ensure the event queues start in the correct state. */
 296:Middlewares/Third_Party/FreeRTOS/Source/queue.c **** 			vListInitialise( &( pxQueue->xTasksWaitingToSend ) );
 297:Middlewares/Third_Party/FreeRTOS/Source/queue.c **** 			vListInitialise( &( pxQueue->xTasksWaitingToReceive ) );
 298:Middlewares/Third_Party/FreeRTOS/Source/queue.c **** 		}
 299:Middlewares/Third_Party/FreeRTOS/Source/queue.c **** 	}
 300:Middlewares/Third_Party/FreeRTOS/Source/queue.c **** 	taskEXIT_CRITICAL();
 301:Middlewares/Third_Party/FreeRTOS/Source/queue.c **** 
 302:Middlewares/Third_Party/FreeRTOS/Source/queue.c **** 	/* A value is returned for calling semantic consistency with previous
 303:Middlewares/Third_Party/FreeRTOS/Source/queue.c **** 	versions. */
 304:Middlewares/Third_Party/FreeRTOS/Source/queue.c **** 	return pdPASS;
 305:Middlewares/Third_Party/FreeRTOS/Source/queue.c **** }
 306:Middlewares/Third_Party/FreeRTOS/Source/queue.c **** /*-----------------------------------------------------------*/
 307:Middlewares/Third_Party/FreeRTOS/Source/queue.c **** 
 308:Middlewares/Third_Party/FreeRTOS/Source/queue.c **** #if( configSUPPORT_STATIC_ALLOCATION == 1 )
 309:Middlewares/Third_Party/FreeRTOS/Source/queue.c **** 
 310:Middlewares/Third_Party/FreeRTOS/Source/queue.c **** 	QueueHandle_t xQueueGenericCreateStatic( const UBaseType_t uxQueueLength, const UBaseType_t uxItem
 311:Middlewares/Third_Party/FreeRTOS/Source/queue.c **** 	{
 312:Middlewares/Third_Party/FreeRTOS/Source/queue.c **** 	Queue_t *pxNewQueue;
 313:Middlewares/Third_Party/FreeRTOS/Source/queue.c **** 
 314:Middlewares/Third_Party/FreeRTOS/Source/queue.c **** 		configASSERT( uxQueueLength > ( UBaseType_t ) 0 );
 315:Middlewares/Third_Party/FreeRTOS/Source/queue.c **** 
 316:Middlewares/Third_Party/FreeRTOS/Source/queue.c **** 		/* The StaticQueue_t structure and the queue storage area must be
 317:Middlewares/Third_Party/FreeRTOS/Source/queue.c **** 		supplied. */
ARM GAS  D:\TMP\ccboKuyk.s 			page 7


 318:Middlewares/Third_Party/FreeRTOS/Source/queue.c **** 		configASSERT( pxStaticQueue != NULL );
 319:Middlewares/Third_Party/FreeRTOS/Source/queue.c **** 
 320:Middlewares/Third_Party/FreeRTOS/Source/queue.c **** 		/* A queue storage area should be provided if the item size is not 0, and
 321:Middlewares/Third_Party/FreeRTOS/Source/queue.c **** 		should not be provided if the item size is 0. */
 322:Middlewares/Third_Party/FreeRTOS/Source/queue.c **** 		configASSERT( !( ( pucQueueStorage != NULL ) && ( uxItemSize == 0 ) ) );
 323:Middlewares/Third_Party/FreeRTOS/Source/queue.c **** 		configASSERT( !( ( pucQueueStorage == NULL ) && ( uxItemSize != 0 ) ) );
 324:Middlewares/Third_Party/FreeRTOS/Source/queue.c **** 
 325:Middlewares/Third_Party/FreeRTOS/Source/queue.c **** 		#if( configASSERT_DEFINED == 1 )
 326:Middlewares/Third_Party/FreeRTOS/Source/queue.c **** 		{
 327:Middlewares/Third_Party/FreeRTOS/Source/queue.c **** 			/* Sanity check that the size of the structure used to declare a
 328:Middlewares/Third_Party/FreeRTOS/Source/queue.c **** 			variable of type StaticQueue_t or StaticSemaphore_t equals the size of
 329:Middlewares/Third_Party/FreeRTOS/Source/queue.c **** 			the real queue and semaphore structures. */
 330:Middlewares/Third_Party/FreeRTOS/Source/queue.c **** 			volatile size_t xSize = sizeof( StaticQueue_t );
 331:Middlewares/Third_Party/FreeRTOS/Source/queue.c **** 			configASSERT( xSize == sizeof( Queue_t ) );
 332:Middlewares/Third_Party/FreeRTOS/Source/queue.c **** 			( void ) xSize; /* Keeps lint quiet when configASSERT() is not defined. */
 333:Middlewares/Third_Party/FreeRTOS/Source/queue.c **** 		}
 334:Middlewares/Third_Party/FreeRTOS/Source/queue.c **** 		#endif /* configASSERT_DEFINED */
 335:Middlewares/Third_Party/FreeRTOS/Source/queue.c **** 
 336:Middlewares/Third_Party/FreeRTOS/Source/queue.c **** 		/* The address of a statically allocated queue was passed in, use it.
 337:Middlewares/Third_Party/FreeRTOS/Source/queue.c **** 		The address of a statically allocated storage area was also passed in
 338:Middlewares/Third_Party/FreeRTOS/Source/queue.c **** 		but is already set. */
 339:Middlewares/Third_Party/FreeRTOS/Source/queue.c **** 		pxNewQueue = ( Queue_t * ) pxStaticQueue; /*lint !e740 !e9087 Unusual cast is ok as the structure
 340:Middlewares/Third_Party/FreeRTOS/Source/queue.c **** 
 341:Middlewares/Third_Party/FreeRTOS/Source/queue.c **** 		if( pxNewQueue != NULL )
 342:Middlewares/Third_Party/FreeRTOS/Source/queue.c **** 		{
 343:Middlewares/Third_Party/FreeRTOS/Source/queue.c **** 			#if( configSUPPORT_DYNAMIC_ALLOCATION == 1 )
 344:Middlewares/Third_Party/FreeRTOS/Source/queue.c **** 			{
 345:Middlewares/Third_Party/FreeRTOS/Source/queue.c **** 				/* Queues can be allocated wither statically or dynamically, so
 346:Middlewares/Third_Party/FreeRTOS/Source/queue.c **** 				note this queue was allocated statically in case the queue is
 347:Middlewares/Third_Party/FreeRTOS/Source/queue.c **** 				later deleted. */
 348:Middlewares/Third_Party/FreeRTOS/Source/queue.c **** 				pxNewQueue->ucStaticallyAllocated = pdTRUE;
 349:Middlewares/Third_Party/FreeRTOS/Source/queue.c **** 			}
 350:Middlewares/Third_Party/FreeRTOS/Source/queue.c **** 			#endif /* configSUPPORT_DYNAMIC_ALLOCATION */
 351:Middlewares/Third_Party/FreeRTOS/Source/queue.c **** 
 352:Middlewares/Third_Party/FreeRTOS/Source/queue.c **** 			prvInitialiseNewQueue( uxQueueLength, uxItemSize, pucQueueStorage, ucQueueType, pxNewQueue );
 353:Middlewares/Third_Party/FreeRTOS/Source/queue.c **** 		}
 354:Middlewares/Third_Party/FreeRTOS/Source/queue.c **** 		else
 355:Middlewares/Third_Party/FreeRTOS/Source/queue.c **** 		{
 356:Middlewares/Third_Party/FreeRTOS/Source/queue.c **** 			traceQUEUE_CREATE_FAILED( ucQueueType );
 357:Middlewares/Third_Party/FreeRTOS/Source/queue.c **** 			mtCOVERAGE_TEST_MARKER();
 358:Middlewares/Third_Party/FreeRTOS/Source/queue.c **** 		}
 359:Middlewares/Third_Party/FreeRTOS/Source/queue.c **** 
 360:Middlewares/Third_Party/FreeRTOS/Source/queue.c **** 		return pxNewQueue;
 361:Middlewares/Third_Party/FreeRTOS/Source/queue.c **** 	}
 362:Middlewares/Third_Party/FreeRTOS/Source/queue.c **** 
 363:Middlewares/Third_Party/FreeRTOS/Source/queue.c **** #endif /* configSUPPORT_STATIC_ALLOCATION */
 364:Middlewares/Third_Party/FreeRTOS/Source/queue.c **** /*-----------------------------------------------------------*/
 365:Middlewares/Third_Party/FreeRTOS/Source/queue.c **** 
 366:Middlewares/Third_Party/FreeRTOS/Source/queue.c **** #if( configSUPPORT_DYNAMIC_ALLOCATION == 1 )
 367:Middlewares/Third_Party/FreeRTOS/Source/queue.c **** 
 368:Middlewares/Third_Party/FreeRTOS/Source/queue.c **** 	QueueHandle_t xQueueGenericCreate( const UBaseType_t uxQueueLength, const UBaseType_t uxItemSize, 
 369:Middlewares/Third_Party/FreeRTOS/Source/queue.c **** 	{
 370:Middlewares/Third_Party/FreeRTOS/Source/queue.c **** 	Queue_t *pxNewQueue;
 371:Middlewares/Third_Party/FreeRTOS/Source/queue.c **** 	size_t xQueueSizeInBytes;
 372:Middlewares/Third_Party/FreeRTOS/Source/queue.c **** 	uint8_t *pucQueueStorage;
 373:Middlewares/Third_Party/FreeRTOS/Source/queue.c **** 
 374:Middlewares/Third_Party/FreeRTOS/Source/queue.c **** 		configASSERT( uxQueueLength > ( UBaseType_t ) 0 );
ARM GAS  D:\TMP\ccboKuyk.s 			page 8


 375:Middlewares/Third_Party/FreeRTOS/Source/queue.c **** 
 376:Middlewares/Third_Party/FreeRTOS/Source/queue.c **** 		/* Allocate enough space to hold the maximum number of items that
 377:Middlewares/Third_Party/FreeRTOS/Source/queue.c **** 		can be in the queue at any time.  It is valid for uxItemSize to be
 378:Middlewares/Third_Party/FreeRTOS/Source/queue.c **** 		zero in the case the queue is used as a semaphore. */
 379:Middlewares/Third_Party/FreeRTOS/Source/queue.c **** 		xQueueSizeInBytes = ( size_t ) ( uxQueueLength * uxItemSize ); /*lint !e961 MISRA exception as th
 380:Middlewares/Third_Party/FreeRTOS/Source/queue.c **** 
 381:Middlewares/Third_Party/FreeRTOS/Source/queue.c **** 		/* Allocate the queue and storage area.  Justification for MISRA
 382:Middlewares/Third_Party/FreeRTOS/Source/queue.c **** 		deviation as follows:  pvPortMalloc() always ensures returned memory
 383:Middlewares/Third_Party/FreeRTOS/Source/queue.c **** 		blocks are aligned per the requirements of the MCU stack.  In this case
 384:Middlewares/Third_Party/FreeRTOS/Source/queue.c **** 		pvPortMalloc() must return a pointer that is guaranteed to meet the
 385:Middlewares/Third_Party/FreeRTOS/Source/queue.c **** 		alignment requirements of the Queue_t structure - which in this case
 386:Middlewares/Third_Party/FreeRTOS/Source/queue.c **** 		is an int8_t *.  Therefore, whenever the stack alignment requirements
 387:Middlewares/Third_Party/FreeRTOS/Source/queue.c **** 		are greater than or equal to the pointer to char requirements the cast
 388:Middlewares/Third_Party/FreeRTOS/Source/queue.c **** 		is safe.  In other cases alignment requirements are not strict (one or
 389:Middlewares/Third_Party/FreeRTOS/Source/queue.c **** 		two bytes). */
 390:Middlewares/Third_Party/FreeRTOS/Source/queue.c **** 		pxNewQueue = ( Queue_t * ) pvPortMalloc( sizeof( Queue_t ) + xQueueSizeInBytes ); /*lint !e9087 !
 391:Middlewares/Third_Party/FreeRTOS/Source/queue.c **** 
 392:Middlewares/Third_Party/FreeRTOS/Source/queue.c **** 		if( pxNewQueue != NULL )
 393:Middlewares/Third_Party/FreeRTOS/Source/queue.c **** 		{
 394:Middlewares/Third_Party/FreeRTOS/Source/queue.c **** 			/* Jump past the queue structure to find the location of the queue
 395:Middlewares/Third_Party/FreeRTOS/Source/queue.c **** 			storage area. */
 396:Middlewares/Third_Party/FreeRTOS/Source/queue.c **** 			pucQueueStorage = ( uint8_t * ) pxNewQueue;
 397:Middlewares/Third_Party/FreeRTOS/Source/queue.c **** 			pucQueueStorage += sizeof( Queue_t ); /*lint !e9016 Pointer arithmetic allowed on char types, es
 398:Middlewares/Third_Party/FreeRTOS/Source/queue.c **** 
 399:Middlewares/Third_Party/FreeRTOS/Source/queue.c **** 			#if( configSUPPORT_STATIC_ALLOCATION == 1 )
 400:Middlewares/Third_Party/FreeRTOS/Source/queue.c **** 			{
 401:Middlewares/Third_Party/FreeRTOS/Source/queue.c **** 				/* Queues can be created either statically or dynamically, so
 402:Middlewares/Third_Party/FreeRTOS/Source/queue.c **** 				note this task was created dynamically in case it is later
 403:Middlewares/Third_Party/FreeRTOS/Source/queue.c **** 				deleted. */
 404:Middlewares/Third_Party/FreeRTOS/Source/queue.c **** 				pxNewQueue->ucStaticallyAllocated = pdFALSE;
 405:Middlewares/Third_Party/FreeRTOS/Source/queue.c **** 			}
 406:Middlewares/Third_Party/FreeRTOS/Source/queue.c **** 			#endif /* configSUPPORT_STATIC_ALLOCATION */
 407:Middlewares/Third_Party/FreeRTOS/Source/queue.c **** 
 408:Middlewares/Third_Party/FreeRTOS/Source/queue.c **** 			prvInitialiseNewQueue( uxQueueLength, uxItemSize, pucQueueStorage, ucQueueType, pxNewQueue );
 409:Middlewares/Third_Party/FreeRTOS/Source/queue.c **** 		}
 410:Middlewares/Third_Party/FreeRTOS/Source/queue.c **** 		else
 411:Middlewares/Third_Party/FreeRTOS/Source/queue.c **** 		{
 412:Middlewares/Third_Party/FreeRTOS/Source/queue.c **** 			traceQUEUE_CREATE_FAILED( ucQueueType );
 413:Middlewares/Third_Party/FreeRTOS/Source/queue.c **** 			mtCOVERAGE_TEST_MARKER();
 414:Middlewares/Third_Party/FreeRTOS/Source/queue.c **** 		}
 415:Middlewares/Third_Party/FreeRTOS/Source/queue.c **** 
 416:Middlewares/Third_Party/FreeRTOS/Source/queue.c **** 		return pxNewQueue;
 417:Middlewares/Third_Party/FreeRTOS/Source/queue.c **** 	}
 418:Middlewares/Third_Party/FreeRTOS/Source/queue.c **** 
 419:Middlewares/Third_Party/FreeRTOS/Source/queue.c **** #endif /* configSUPPORT_STATIC_ALLOCATION */
 420:Middlewares/Third_Party/FreeRTOS/Source/queue.c **** /*-----------------------------------------------------------*/
 421:Middlewares/Third_Party/FreeRTOS/Source/queue.c **** 
 422:Middlewares/Third_Party/FreeRTOS/Source/queue.c **** static void prvInitialiseNewQueue( const UBaseType_t uxQueueLength, const UBaseType_t uxItemSize, u
 423:Middlewares/Third_Party/FreeRTOS/Source/queue.c **** {
 424:Middlewares/Third_Party/FreeRTOS/Source/queue.c **** 	/* Remove compiler warnings about unused parameters should
 425:Middlewares/Third_Party/FreeRTOS/Source/queue.c **** 	configUSE_TRACE_FACILITY not be set to 1. */
 426:Middlewares/Third_Party/FreeRTOS/Source/queue.c **** 	( void ) ucQueueType;
 427:Middlewares/Third_Party/FreeRTOS/Source/queue.c **** 
 428:Middlewares/Third_Party/FreeRTOS/Source/queue.c **** 	if( uxItemSize == ( UBaseType_t ) 0 )
 429:Middlewares/Third_Party/FreeRTOS/Source/queue.c **** 	{
 430:Middlewares/Third_Party/FreeRTOS/Source/queue.c **** 		/* No RAM was allocated for the queue storage area, but PC head cannot
 431:Middlewares/Third_Party/FreeRTOS/Source/queue.c **** 		be set to NULL because NULL is used as a key to say the queue is used as
ARM GAS  D:\TMP\ccboKuyk.s 			page 9


 432:Middlewares/Third_Party/FreeRTOS/Source/queue.c **** 		a mutex.  Therefore just set pcHead to point to the queue as a benign
 433:Middlewares/Third_Party/FreeRTOS/Source/queue.c **** 		value that is known to be within the memory map. */
 434:Middlewares/Third_Party/FreeRTOS/Source/queue.c **** 		pxNewQueue->pcHead = ( int8_t * ) pxNewQueue;
 435:Middlewares/Third_Party/FreeRTOS/Source/queue.c **** 	}
 436:Middlewares/Third_Party/FreeRTOS/Source/queue.c **** 	else
 437:Middlewares/Third_Party/FreeRTOS/Source/queue.c **** 	{
 438:Middlewares/Third_Party/FreeRTOS/Source/queue.c **** 		/* Set the head to the start of the queue storage area. */
 439:Middlewares/Third_Party/FreeRTOS/Source/queue.c **** 		pxNewQueue->pcHead = ( int8_t * ) pucQueueStorage;
 440:Middlewares/Third_Party/FreeRTOS/Source/queue.c **** 	}
 441:Middlewares/Third_Party/FreeRTOS/Source/queue.c **** 
 442:Middlewares/Third_Party/FreeRTOS/Source/queue.c **** 	/* Initialise the queue members as described where the queue type is
 443:Middlewares/Third_Party/FreeRTOS/Source/queue.c **** 	defined. */
 444:Middlewares/Third_Party/FreeRTOS/Source/queue.c **** 	pxNewQueue->uxLength = uxQueueLength;
 445:Middlewares/Third_Party/FreeRTOS/Source/queue.c **** 	pxNewQueue->uxItemSize = uxItemSize;
 446:Middlewares/Third_Party/FreeRTOS/Source/queue.c **** 	( void ) xQueueGenericReset( pxNewQueue, pdTRUE );
 447:Middlewares/Third_Party/FreeRTOS/Source/queue.c **** 
 448:Middlewares/Third_Party/FreeRTOS/Source/queue.c **** 	#if ( configUSE_TRACE_FACILITY == 1 )
 449:Middlewares/Third_Party/FreeRTOS/Source/queue.c **** 	{
 450:Middlewares/Third_Party/FreeRTOS/Source/queue.c **** 		pxNewQueue->ucQueueType = ucQueueType;
 451:Middlewares/Third_Party/FreeRTOS/Source/queue.c **** 	}
 452:Middlewares/Third_Party/FreeRTOS/Source/queue.c **** 	#endif /* configUSE_TRACE_FACILITY */
 453:Middlewares/Third_Party/FreeRTOS/Source/queue.c **** 
 454:Middlewares/Third_Party/FreeRTOS/Source/queue.c **** 	#if( configUSE_QUEUE_SETS == 1 )
 455:Middlewares/Third_Party/FreeRTOS/Source/queue.c **** 	{
 456:Middlewares/Third_Party/FreeRTOS/Source/queue.c **** 		pxNewQueue->pxQueueSetContainer = NULL;
 457:Middlewares/Third_Party/FreeRTOS/Source/queue.c **** 	}
 458:Middlewares/Third_Party/FreeRTOS/Source/queue.c **** 	#endif /* configUSE_QUEUE_SETS */
 459:Middlewares/Third_Party/FreeRTOS/Source/queue.c **** 
 460:Middlewares/Third_Party/FreeRTOS/Source/queue.c **** 	traceQUEUE_CREATE( pxNewQueue );
 461:Middlewares/Third_Party/FreeRTOS/Source/queue.c **** }
 462:Middlewares/Third_Party/FreeRTOS/Source/queue.c **** /*-----------------------------------------------------------*/
 463:Middlewares/Third_Party/FreeRTOS/Source/queue.c **** 
 464:Middlewares/Third_Party/FreeRTOS/Source/queue.c **** #if( configUSE_MUTEXES == 1 )
 465:Middlewares/Third_Party/FreeRTOS/Source/queue.c **** 
 466:Middlewares/Third_Party/FreeRTOS/Source/queue.c **** 	static void prvInitialiseMutex( Queue_t *pxNewQueue )
 467:Middlewares/Third_Party/FreeRTOS/Source/queue.c **** 	{
 468:Middlewares/Third_Party/FreeRTOS/Source/queue.c **** 		if( pxNewQueue != NULL )
 469:Middlewares/Third_Party/FreeRTOS/Source/queue.c **** 		{
 470:Middlewares/Third_Party/FreeRTOS/Source/queue.c **** 			/* The queue create function will set all the queue structure members
 471:Middlewares/Third_Party/FreeRTOS/Source/queue.c **** 			correctly for a generic queue, but this function is creating a
 472:Middlewares/Third_Party/FreeRTOS/Source/queue.c **** 			mutex.  Overwrite those members that need to be set differently -
 473:Middlewares/Third_Party/FreeRTOS/Source/queue.c **** 			in particular the information required for priority inheritance. */
 474:Middlewares/Third_Party/FreeRTOS/Source/queue.c **** 			pxNewQueue->u.xSemaphore.xMutexHolder = NULL;
 475:Middlewares/Third_Party/FreeRTOS/Source/queue.c **** 			pxNewQueue->uxQueueType = queueQUEUE_IS_MUTEX;
 476:Middlewares/Third_Party/FreeRTOS/Source/queue.c **** 
 477:Middlewares/Third_Party/FreeRTOS/Source/queue.c **** 			/* In case this is a recursive mutex. */
 478:Middlewares/Third_Party/FreeRTOS/Source/queue.c **** 			pxNewQueue->u.xSemaphore.uxRecursiveCallCount = 0;
 479:Middlewares/Third_Party/FreeRTOS/Source/queue.c **** 
 480:Middlewares/Third_Party/FreeRTOS/Source/queue.c **** 			traceCREATE_MUTEX( pxNewQueue );
 481:Middlewares/Third_Party/FreeRTOS/Source/queue.c **** 
 482:Middlewares/Third_Party/FreeRTOS/Source/queue.c **** 			/* Start with the semaphore in the expected state. */
 483:Middlewares/Third_Party/FreeRTOS/Source/queue.c **** 			( void ) xQueueGenericSend( pxNewQueue, NULL, ( TickType_t ) 0U, queueSEND_TO_BACK );
 484:Middlewares/Third_Party/FreeRTOS/Source/queue.c **** 		}
 485:Middlewares/Third_Party/FreeRTOS/Source/queue.c **** 		else
 486:Middlewares/Third_Party/FreeRTOS/Source/queue.c **** 		{
 487:Middlewares/Third_Party/FreeRTOS/Source/queue.c **** 			traceCREATE_MUTEX_FAILED();
 488:Middlewares/Third_Party/FreeRTOS/Source/queue.c **** 		}
ARM GAS  D:\TMP\ccboKuyk.s 			page 10


 489:Middlewares/Third_Party/FreeRTOS/Source/queue.c **** 	}
 490:Middlewares/Third_Party/FreeRTOS/Source/queue.c **** 
 491:Middlewares/Third_Party/FreeRTOS/Source/queue.c **** #endif /* configUSE_MUTEXES */
 492:Middlewares/Third_Party/FreeRTOS/Source/queue.c **** /*-----------------------------------------------------------*/
 493:Middlewares/Third_Party/FreeRTOS/Source/queue.c **** 
 494:Middlewares/Third_Party/FreeRTOS/Source/queue.c **** #if( ( configUSE_MUTEXES == 1 ) && ( configSUPPORT_DYNAMIC_ALLOCATION == 1 ) )
 495:Middlewares/Third_Party/FreeRTOS/Source/queue.c **** 
 496:Middlewares/Third_Party/FreeRTOS/Source/queue.c **** 	QueueHandle_t xQueueCreateMutex( const uint8_t ucQueueType )
 497:Middlewares/Third_Party/FreeRTOS/Source/queue.c **** 	{
 498:Middlewares/Third_Party/FreeRTOS/Source/queue.c **** 	QueueHandle_t xNewQueue;
 499:Middlewares/Third_Party/FreeRTOS/Source/queue.c **** 	const UBaseType_t uxMutexLength = ( UBaseType_t ) 1, uxMutexSize = ( UBaseType_t ) 0;
 500:Middlewares/Third_Party/FreeRTOS/Source/queue.c **** 
 501:Middlewares/Third_Party/FreeRTOS/Source/queue.c **** 		xNewQueue = xQueueGenericCreate( uxMutexLength, uxMutexSize, ucQueueType );
 502:Middlewares/Third_Party/FreeRTOS/Source/queue.c **** 		prvInitialiseMutex( ( Queue_t * ) xNewQueue );
 503:Middlewares/Third_Party/FreeRTOS/Source/queue.c **** 
 504:Middlewares/Third_Party/FreeRTOS/Source/queue.c **** 		return xNewQueue;
 505:Middlewares/Third_Party/FreeRTOS/Source/queue.c **** 	}
 506:Middlewares/Third_Party/FreeRTOS/Source/queue.c **** 
 507:Middlewares/Third_Party/FreeRTOS/Source/queue.c **** #endif /* configUSE_MUTEXES */
 508:Middlewares/Third_Party/FreeRTOS/Source/queue.c **** /*-----------------------------------------------------------*/
 509:Middlewares/Third_Party/FreeRTOS/Source/queue.c **** 
 510:Middlewares/Third_Party/FreeRTOS/Source/queue.c **** #if( ( configUSE_MUTEXES == 1 ) && ( configSUPPORT_STATIC_ALLOCATION == 1 ) )
 511:Middlewares/Third_Party/FreeRTOS/Source/queue.c **** 
 512:Middlewares/Third_Party/FreeRTOS/Source/queue.c **** 	QueueHandle_t xQueueCreateMutexStatic( const uint8_t ucQueueType, StaticQueue_t *pxStaticQueue )
 513:Middlewares/Third_Party/FreeRTOS/Source/queue.c **** 	{
 514:Middlewares/Third_Party/FreeRTOS/Source/queue.c **** 	QueueHandle_t xNewQueue;
 515:Middlewares/Third_Party/FreeRTOS/Source/queue.c **** 	const UBaseType_t uxMutexLength = ( UBaseType_t ) 1, uxMutexSize = ( UBaseType_t ) 0;
 516:Middlewares/Third_Party/FreeRTOS/Source/queue.c **** 
 517:Middlewares/Third_Party/FreeRTOS/Source/queue.c **** 		/* Prevent compiler warnings about unused parameters if
 518:Middlewares/Third_Party/FreeRTOS/Source/queue.c **** 		configUSE_TRACE_FACILITY does not equal 1. */
 519:Middlewares/Third_Party/FreeRTOS/Source/queue.c **** 		( void ) ucQueueType;
 520:Middlewares/Third_Party/FreeRTOS/Source/queue.c **** 
 521:Middlewares/Third_Party/FreeRTOS/Source/queue.c **** 		xNewQueue = xQueueGenericCreateStatic( uxMutexLength, uxMutexSize, NULL, pxStaticQueue, ucQueueTy
 522:Middlewares/Third_Party/FreeRTOS/Source/queue.c **** 		prvInitialiseMutex( ( Queue_t * ) xNewQueue );
 523:Middlewares/Third_Party/FreeRTOS/Source/queue.c **** 
 524:Middlewares/Third_Party/FreeRTOS/Source/queue.c **** 		return xNewQueue;
 525:Middlewares/Third_Party/FreeRTOS/Source/queue.c **** 	}
 526:Middlewares/Third_Party/FreeRTOS/Source/queue.c **** 
 527:Middlewares/Third_Party/FreeRTOS/Source/queue.c **** #endif /* configUSE_MUTEXES */
 528:Middlewares/Third_Party/FreeRTOS/Source/queue.c **** /*-----------------------------------------------------------*/
 529:Middlewares/Third_Party/FreeRTOS/Source/queue.c **** 
 530:Middlewares/Third_Party/FreeRTOS/Source/queue.c **** #if ( ( configUSE_MUTEXES == 1 ) && ( INCLUDE_xSemaphoreGetMutexHolder == 1 ) )
 531:Middlewares/Third_Party/FreeRTOS/Source/queue.c **** 
 532:Middlewares/Third_Party/FreeRTOS/Source/queue.c **** 	TaskHandle_t xQueueGetMutexHolder( QueueHandle_t xSemaphore )
 533:Middlewares/Third_Party/FreeRTOS/Source/queue.c **** 	{
 534:Middlewares/Third_Party/FreeRTOS/Source/queue.c **** 	TaskHandle_t pxReturn;
 535:Middlewares/Third_Party/FreeRTOS/Source/queue.c **** 	Queue_t * const pxSemaphore = ( Queue_t * ) xSemaphore;
 536:Middlewares/Third_Party/FreeRTOS/Source/queue.c **** 
 537:Middlewares/Third_Party/FreeRTOS/Source/queue.c **** 		/* This function is called by xSemaphoreGetMutexHolder(), and should not
 538:Middlewares/Third_Party/FreeRTOS/Source/queue.c **** 		be called directly.  Note:  This is a good way of determining if the
 539:Middlewares/Third_Party/FreeRTOS/Source/queue.c **** 		calling task is the mutex holder, but not a good way of determining the
 540:Middlewares/Third_Party/FreeRTOS/Source/queue.c **** 		identity of the mutex holder, as the holder may change between the
 541:Middlewares/Third_Party/FreeRTOS/Source/queue.c **** 		following critical section exiting and the function returning. */
 542:Middlewares/Third_Party/FreeRTOS/Source/queue.c **** 		taskENTER_CRITICAL();
 543:Middlewares/Third_Party/FreeRTOS/Source/queue.c **** 		{
 544:Middlewares/Third_Party/FreeRTOS/Source/queue.c **** 			if( pxSemaphore->uxQueueType == queueQUEUE_IS_MUTEX )
 545:Middlewares/Third_Party/FreeRTOS/Source/queue.c **** 			{
ARM GAS  D:\TMP\ccboKuyk.s 			page 11


 546:Middlewares/Third_Party/FreeRTOS/Source/queue.c **** 				pxReturn = pxSemaphore->u.xSemaphore.xMutexHolder;
 547:Middlewares/Third_Party/FreeRTOS/Source/queue.c **** 			}
 548:Middlewares/Third_Party/FreeRTOS/Source/queue.c **** 			else
 549:Middlewares/Third_Party/FreeRTOS/Source/queue.c **** 			{
 550:Middlewares/Third_Party/FreeRTOS/Source/queue.c **** 				pxReturn = NULL;
 551:Middlewares/Third_Party/FreeRTOS/Source/queue.c **** 			}
 552:Middlewares/Third_Party/FreeRTOS/Source/queue.c **** 		}
 553:Middlewares/Third_Party/FreeRTOS/Source/queue.c **** 		taskEXIT_CRITICAL();
 554:Middlewares/Third_Party/FreeRTOS/Source/queue.c **** 
 555:Middlewares/Third_Party/FreeRTOS/Source/queue.c **** 		return pxReturn;
 556:Middlewares/Third_Party/FreeRTOS/Source/queue.c **** 	} /*lint !e818 xSemaphore cannot be a pointer to const because it is a typedef. */
 557:Middlewares/Third_Party/FreeRTOS/Source/queue.c **** 
 558:Middlewares/Third_Party/FreeRTOS/Source/queue.c **** #endif
 559:Middlewares/Third_Party/FreeRTOS/Source/queue.c **** /*-----------------------------------------------------------*/
 560:Middlewares/Third_Party/FreeRTOS/Source/queue.c **** 
 561:Middlewares/Third_Party/FreeRTOS/Source/queue.c **** #if ( ( configUSE_MUTEXES == 1 ) && ( INCLUDE_xSemaphoreGetMutexHolder == 1 ) )
 562:Middlewares/Third_Party/FreeRTOS/Source/queue.c **** 
 563:Middlewares/Third_Party/FreeRTOS/Source/queue.c **** 	TaskHandle_t xQueueGetMutexHolderFromISR( QueueHandle_t xSemaphore )
 564:Middlewares/Third_Party/FreeRTOS/Source/queue.c **** 	{
 565:Middlewares/Third_Party/FreeRTOS/Source/queue.c **** 	TaskHandle_t pxReturn;
 566:Middlewares/Third_Party/FreeRTOS/Source/queue.c **** 
 567:Middlewares/Third_Party/FreeRTOS/Source/queue.c **** 		configASSERT( xSemaphore );
 568:Middlewares/Third_Party/FreeRTOS/Source/queue.c **** 
 569:Middlewares/Third_Party/FreeRTOS/Source/queue.c **** 		/* Mutexes cannot be used in interrupt service routines, so the mutex
 570:Middlewares/Third_Party/FreeRTOS/Source/queue.c **** 		holder should not change in an ISR, and therefore a critical section is
 571:Middlewares/Third_Party/FreeRTOS/Source/queue.c **** 		not required here. */
 572:Middlewares/Third_Party/FreeRTOS/Source/queue.c **** 		if( ( ( Queue_t * ) xSemaphore )->uxQueueType == queueQUEUE_IS_MUTEX )
 573:Middlewares/Third_Party/FreeRTOS/Source/queue.c **** 		{
 574:Middlewares/Third_Party/FreeRTOS/Source/queue.c **** 			pxReturn = ( ( Queue_t * ) xSemaphore )->u.xSemaphore.xMutexHolder;
 575:Middlewares/Third_Party/FreeRTOS/Source/queue.c **** 		}
 576:Middlewares/Third_Party/FreeRTOS/Source/queue.c **** 		else
 577:Middlewares/Third_Party/FreeRTOS/Source/queue.c **** 		{
 578:Middlewares/Third_Party/FreeRTOS/Source/queue.c **** 			pxReturn = NULL;
 579:Middlewares/Third_Party/FreeRTOS/Source/queue.c **** 		}
 580:Middlewares/Third_Party/FreeRTOS/Source/queue.c **** 
 581:Middlewares/Third_Party/FreeRTOS/Source/queue.c **** 		return pxReturn;
 582:Middlewares/Third_Party/FreeRTOS/Source/queue.c **** 	} /*lint !e818 xSemaphore cannot be a pointer to const because it is a typedef. */
 583:Middlewares/Third_Party/FreeRTOS/Source/queue.c **** 
 584:Middlewares/Third_Party/FreeRTOS/Source/queue.c **** #endif
 585:Middlewares/Third_Party/FreeRTOS/Source/queue.c **** /*-----------------------------------------------------------*/
 586:Middlewares/Third_Party/FreeRTOS/Source/queue.c **** 
 587:Middlewares/Third_Party/FreeRTOS/Source/queue.c **** #if ( configUSE_RECURSIVE_MUTEXES == 1 )
 588:Middlewares/Third_Party/FreeRTOS/Source/queue.c **** 
 589:Middlewares/Third_Party/FreeRTOS/Source/queue.c **** 	BaseType_t xQueueGiveMutexRecursive( QueueHandle_t xMutex )
 590:Middlewares/Third_Party/FreeRTOS/Source/queue.c **** 	{
 591:Middlewares/Third_Party/FreeRTOS/Source/queue.c **** 	BaseType_t xReturn;
 592:Middlewares/Third_Party/FreeRTOS/Source/queue.c **** 	Queue_t * const pxMutex = ( Queue_t * ) xMutex;
 593:Middlewares/Third_Party/FreeRTOS/Source/queue.c **** 
 594:Middlewares/Third_Party/FreeRTOS/Source/queue.c **** 		configASSERT( pxMutex );
 595:Middlewares/Third_Party/FreeRTOS/Source/queue.c **** 
 596:Middlewares/Third_Party/FreeRTOS/Source/queue.c **** 		/* If this is the task that holds the mutex then xMutexHolder will not
 597:Middlewares/Third_Party/FreeRTOS/Source/queue.c **** 		change outside of this task.  If this task does not hold the mutex then
 598:Middlewares/Third_Party/FreeRTOS/Source/queue.c **** 		pxMutexHolder can never coincidentally equal the tasks handle, and as
 599:Middlewares/Third_Party/FreeRTOS/Source/queue.c **** 		this is the only condition we are interested in it does not matter if
 600:Middlewares/Third_Party/FreeRTOS/Source/queue.c **** 		pxMutexHolder is accessed simultaneously by another task.  Therefore no
 601:Middlewares/Third_Party/FreeRTOS/Source/queue.c **** 		mutual exclusion is required to test the pxMutexHolder variable. */
 602:Middlewares/Third_Party/FreeRTOS/Source/queue.c **** 		if( pxMutex->u.xSemaphore.xMutexHolder == xTaskGetCurrentTaskHandle() )
ARM GAS  D:\TMP\ccboKuyk.s 			page 12


 603:Middlewares/Third_Party/FreeRTOS/Source/queue.c **** 		{
 604:Middlewares/Third_Party/FreeRTOS/Source/queue.c **** 			traceGIVE_MUTEX_RECURSIVE( pxMutex );
 605:Middlewares/Third_Party/FreeRTOS/Source/queue.c **** 
 606:Middlewares/Third_Party/FreeRTOS/Source/queue.c **** 			/* uxRecursiveCallCount cannot be zero if xMutexHolder is equal to
 607:Middlewares/Third_Party/FreeRTOS/Source/queue.c **** 			the task handle, therefore no underflow check is required.  Also,
 608:Middlewares/Third_Party/FreeRTOS/Source/queue.c **** 			uxRecursiveCallCount is only modified by the mutex holder, and as
 609:Middlewares/Third_Party/FreeRTOS/Source/queue.c **** 			there can only be one, no mutual exclusion is required to modify the
 610:Middlewares/Third_Party/FreeRTOS/Source/queue.c **** 			uxRecursiveCallCount member. */
 611:Middlewares/Third_Party/FreeRTOS/Source/queue.c **** 			( pxMutex->u.xSemaphore.uxRecursiveCallCount )--;
 612:Middlewares/Third_Party/FreeRTOS/Source/queue.c **** 
 613:Middlewares/Third_Party/FreeRTOS/Source/queue.c **** 			/* Has the recursive call count unwound to 0? */
 614:Middlewares/Third_Party/FreeRTOS/Source/queue.c **** 			if( pxMutex->u.xSemaphore.uxRecursiveCallCount == ( UBaseType_t ) 0 )
 615:Middlewares/Third_Party/FreeRTOS/Source/queue.c **** 			{
 616:Middlewares/Third_Party/FreeRTOS/Source/queue.c **** 				/* Return the mutex.  This will automatically unblock any other
 617:Middlewares/Third_Party/FreeRTOS/Source/queue.c **** 				task that might be waiting to access the mutex. */
 618:Middlewares/Third_Party/FreeRTOS/Source/queue.c **** 				( void ) xQueueGenericSend( pxMutex, NULL, queueMUTEX_GIVE_BLOCK_TIME, queueSEND_TO_BACK );
 619:Middlewares/Third_Party/FreeRTOS/Source/queue.c **** 			}
 620:Middlewares/Third_Party/FreeRTOS/Source/queue.c **** 			else
 621:Middlewares/Third_Party/FreeRTOS/Source/queue.c **** 			{
 622:Middlewares/Third_Party/FreeRTOS/Source/queue.c **** 				mtCOVERAGE_TEST_MARKER();
 623:Middlewares/Third_Party/FreeRTOS/Source/queue.c **** 			}
 624:Middlewares/Third_Party/FreeRTOS/Source/queue.c **** 
 625:Middlewares/Third_Party/FreeRTOS/Source/queue.c **** 			xReturn = pdPASS;
 626:Middlewares/Third_Party/FreeRTOS/Source/queue.c **** 		}
 627:Middlewares/Third_Party/FreeRTOS/Source/queue.c **** 		else
 628:Middlewares/Third_Party/FreeRTOS/Source/queue.c **** 		{
 629:Middlewares/Third_Party/FreeRTOS/Source/queue.c **** 			/* The mutex cannot be given because the calling task is not the
 630:Middlewares/Third_Party/FreeRTOS/Source/queue.c **** 			holder. */
 631:Middlewares/Third_Party/FreeRTOS/Source/queue.c **** 			xReturn = pdFAIL;
 632:Middlewares/Third_Party/FreeRTOS/Source/queue.c **** 
 633:Middlewares/Third_Party/FreeRTOS/Source/queue.c **** 			traceGIVE_MUTEX_RECURSIVE_FAILED( pxMutex );
 634:Middlewares/Third_Party/FreeRTOS/Source/queue.c **** 		}
 635:Middlewares/Third_Party/FreeRTOS/Source/queue.c **** 
 636:Middlewares/Third_Party/FreeRTOS/Source/queue.c **** 		return xReturn;
 637:Middlewares/Third_Party/FreeRTOS/Source/queue.c **** 	}
 638:Middlewares/Third_Party/FreeRTOS/Source/queue.c **** 
 639:Middlewares/Third_Party/FreeRTOS/Source/queue.c **** #endif /* configUSE_RECURSIVE_MUTEXES */
 640:Middlewares/Third_Party/FreeRTOS/Source/queue.c **** /*-----------------------------------------------------------*/
 641:Middlewares/Third_Party/FreeRTOS/Source/queue.c **** 
 642:Middlewares/Third_Party/FreeRTOS/Source/queue.c **** #if ( configUSE_RECURSIVE_MUTEXES == 1 )
 643:Middlewares/Third_Party/FreeRTOS/Source/queue.c **** 
 644:Middlewares/Third_Party/FreeRTOS/Source/queue.c **** 	BaseType_t xQueueTakeMutexRecursive( QueueHandle_t xMutex, TickType_t xTicksToWait )
 645:Middlewares/Third_Party/FreeRTOS/Source/queue.c **** 	{
 646:Middlewares/Third_Party/FreeRTOS/Source/queue.c **** 	BaseType_t xReturn;
 647:Middlewares/Third_Party/FreeRTOS/Source/queue.c **** 	Queue_t * const pxMutex = ( Queue_t * ) xMutex;
 648:Middlewares/Third_Party/FreeRTOS/Source/queue.c **** 
 649:Middlewares/Third_Party/FreeRTOS/Source/queue.c **** 		configASSERT( pxMutex );
 650:Middlewares/Third_Party/FreeRTOS/Source/queue.c **** 
 651:Middlewares/Third_Party/FreeRTOS/Source/queue.c **** 		/* Comments regarding mutual exclusion as per those within
 652:Middlewares/Third_Party/FreeRTOS/Source/queue.c **** 		xQueueGiveMutexRecursive(). */
 653:Middlewares/Third_Party/FreeRTOS/Source/queue.c **** 
 654:Middlewares/Third_Party/FreeRTOS/Source/queue.c **** 		traceTAKE_MUTEX_RECURSIVE( pxMutex );
 655:Middlewares/Third_Party/FreeRTOS/Source/queue.c **** 
 656:Middlewares/Third_Party/FreeRTOS/Source/queue.c **** 		if( pxMutex->u.xSemaphore.xMutexHolder == xTaskGetCurrentTaskHandle() )
 657:Middlewares/Third_Party/FreeRTOS/Source/queue.c **** 		{
 658:Middlewares/Third_Party/FreeRTOS/Source/queue.c **** 			( pxMutex->u.xSemaphore.uxRecursiveCallCount )++;
 659:Middlewares/Third_Party/FreeRTOS/Source/queue.c **** 			xReturn = pdPASS;
ARM GAS  D:\TMP\ccboKuyk.s 			page 13


 660:Middlewares/Third_Party/FreeRTOS/Source/queue.c **** 		}
 661:Middlewares/Third_Party/FreeRTOS/Source/queue.c **** 		else
 662:Middlewares/Third_Party/FreeRTOS/Source/queue.c **** 		{
 663:Middlewares/Third_Party/FreeRTOS/Source/queue.c **** 			xReturn = xQueueSemaphoreTake( pxMutex, xTicksToWait );
 664:Middlewares/Third_Party/FreeRTOS/Source/queue.c **** 
 665:Middlewares/Third_Party/FreeRTOS/Source/queue.c **** 			/* pdPASS will only be returned if the mutex was successfully
 666:Middlewares/Third_Party/FreeRTOS/Source/queue.c **** 			obtained.  The calling task may have entered the Blocked state
 667:Middlewares/Third_Party/FreeRTOS/Source/queue.c **** 			before reaching here. */
 668:Middlewares/Third_Party/FreeRTOS/Source/queue.c **** 			if( xReturn != pdFAIL )
 669:Middlewares/Third_Party/FreeRTOS/Source/queue.c **** 			{
 670:Middlewares/Third_Party/FreeRTOS/Source/queue.c **** 				( pxMutex->u.xSemaphore.uxRecursiveCallCount )++;
 671:Middlewares/Third_Party/FreeRTOS/Source/queue.c **** 			}
 672:Middlewares/Third_Party/FreeRTOS/Source/queue.c **** 			else
 673:Middlewares/Third_Party/FreeRTOS/Source/queue.c **** 			{
 674:Middlewares/Third_Party/FreeRTOS/Source/queue.c **** 				traceTAKE_MUTEX_RECURSIVE_FAILED( pxMutex );
 675:Middlewares/Third_Party/FreeRTOS/Source/queue.c **** 			}
 676:Middlewares/Third_Party/FreeRTOS/Source/queue.c **** 		}
 677:Middlewares/Third_Party/FreeRTOS/Source/queue.c **** 
 678:Middlewares/Third_Party/FreeRTOS/Source/queue.c **** 		return xReturn;
 679:Middlewares/Third_Party/FreeRTOS/Source/queue.c **** 	}
 680:Middlewares/Third_Party/FreeRTOS/Source/queue.c **** 
 681:Middlewares/Third_Party/FreeRTOS/Source/queue.c **** #endif /* configUSE_RECURSIVE_MUTEXES */
 682:Middlewares/Third_Party/FreeRTOS/Source/queue.c **** /*-----------------------------------------------------------*/
 683:Middlewares/Third_Party/FreeRTOS/Source/queue.c **** 
 684:Middlewares/Third_Party/FreeRTOS/Source/queue.c **** #if( ( configUSE_COUNTING_SEMAPHORES == 1 ) && ( configSUPPORT_STATIC_ALLOCATION == 1 ) )
 685:Middlewares/Third_Party/FreeRTOS/Source/queue.c **** 
 686:Middlewares/Third_Party/FreeRTOS/Source/queue.c **** 	QueueHandle_t xQueueCreateCountingSemaphoreStatic( const UBaseType_t uxMaxCount, const UBaseType_t
 687:Middlewares/Third_Party/FreeRTOS/Source/queue.c **** 	{
 688:Middlewares/Third_Party/FreeRTOS/Source/queue.c **** 	QueueHandle_t xHandle;
 689:Middlewares/Third_Party/FreeRTOS/Source/queue.c **** 
 690:Middlewares/Third_Party/FreeRTOS/Source/queue.c **** 		configASSERT( uxMaxCount != 0 );
 691:Middlewares/Third_Party/FreeRTOS/Source/queue.c **** 		configASSERT( uxInitialCount <= uxMaxCount );
 692:Middlewares/Third_Party/FreeRTOS/Source/queue.c **** 
 693:Middlewares/Third_Party/FreeRTOS/Source/queue.c **** 		xHandle = xQueueGenericCreateStatic( uxMaxCount, queueSEMAPHORE_QUEUE_ITEM_LENGTH, NULL, pxStatic
 694:Middlewares/Third_Party/FreeRTOS/Source/queue.c **** 
 695:Middlewares/Third_Party/FreeRTOS/Source/queue.c **** 		if( xHandle != NULL )
 696:Middlewares/Third_Party/FreeRTOS/Source/queue.c **** 		{
 697:Middlewares/Third_Party/FreeRTOS/Source/queue.c **** 			( ( Queue_t * ) xHandle )->uxMessagesWaiting = uxInitialCount;
 698:Middlewares/Third_Party/FreeRTOS/Source/queue.c **** 
 699:Middlewares/Third_Party/FreeRTOS/Source/queue.c **** 			traceCREATE_COUNTING_SEMAPHORE();
 700:Middlewares/Third_Party/FreeRTOS/Source/queue.c **** 		}
 701:Middlewares/Third_Party/FreeRTOS/Source/queue.c **** 		else
 702:Middlewares/Third_Party/FreeRTOS/Source/queue.c **** 		{
 703:Middlewares/Third_Party/FreeRTOS/Source/queue.c **** 			traceCREATE_COUNTING_SEMAPHORE_FAILED();
 704:Middlewares/Third_Party/FreeRTOS/Source/queue.c **** 		}
 705:Middlewares/Third_Party/FreeRTOS/Source/queue.c **** 
 706:Middlewares/Third_Party/FreeRTOS/Source/queue.c **** 		return xHandle;
 707:Middlewares/Third_Party/FreeRTOS/Source/queue.c **** 	}
 708:Middlewares/Third_Party/FreeRTOS/Source/queue.c **** 
 709:Middlewares/Third_Party/FreeRTOS/Source/queue.c **** #endif /* ( ( configUSE_COUNTING_SEMAPHORES == 1 ) && ( configSUPPORT_DYNAMIC_ALLOCATION == 1 ) ) *
 710:Middlewares/Third_Party/FreeRTOS/Source/queue.c **** /*-----------------------------------------------------------*/
 711:Middlewares/Third_Party/FreeRTOS/Source/queue.c **** 
 712:Middlewares/Third_Party/FreeRTOS/Source/queue.c **** #if( ( configUSE_COUNTING_SEMAPHORES == 1 ) && ( configSUPPORT_DYNAMIC_ALLOCATION == 1 ) )
 713:Middlewares/Third_Party/FreeRTOS/Source/queue.c **** 
 714:Middlewares/Third_Party/FreeRTOS/Source/queue.c **** 	QueueHandle_t xQueueCreateCountingSemaphore( const UBaseType_t uxMaxCount, const UBaseType_t uxIni
 715:Middlewares/Third_Party/FreeRTOS/Source/queue.c **** 	{
 716:Middlewares/Third_Party/FreeRTOS/Source/queue.c **** 	QueueHandle_t xHandle;
ARM GAS  D:\TMP\ccboKuyk.s 			page 14


 717:Middlewares/Third_Party/FreeRTOS/Source/queue.c **** 
 718:Middlewares/Third_Party/FreeRTOS/Source/queue.c **** 		configASSERT( uxMaxCount != 0 );
 719:Middlewares/Third_Party/FreeRTOS/Source/queue.c **** 		configASSERT( uxInitialCount <= uxMaxCount );
 720:Middlewares/Third_Party/FreeRTOS/Source/queue.c **** 
 721:Middlewares/Third_Party/FreeRTOS/Source/queue.c **** 		xHandle = xQueueGenericCreate( uxMaxCount, queueSEMAPHORE_QUEUE_ITEM_LENGTH, queueQUEUE_TYPE_COUN
 722:Middlewares/Third_Party/FreeRTOS/Source/queue.c **** 
 723:Middlewares/Third_Party/FreeRTOS/Source/queue.c **** 		if( xHandle != NULL )
 724:Middlewares/Third_Party/FreeRTOS/Source/queue.c **** 		{
 725:Middlewares/Third_Party/FreeRTOS/Source/queue.c **** 			( ( Queue_t * ) xHandle )->uxMessagesWaiting = uxInitialCount;
 726:Middlewares/Third_Party/FreeRTOS/Source/queue.c **** 
 727:Middlewares/Third_Party/FreeRTOS/Source/queue.c **** 			traceCREATE_COUNTING_SEMAPHORE();
 728:Middlewares/Third_Party/FreeRTOS/Source/queue.c **** 		}
 729:Middlewares/Third_Party/FreeRTOS/Source/queue.c **** 		else
 730:Middlewares/Third_Party/FreeRTOS/Source/queue.c **** 		{
 731:Middlewares/Third_Party/FreeRTOS/Source/queue.c **** 			traceCREATE_COUNTING_SEMAPHORE_FAILED();
 732:Middlewares/Third_Party/FreeRTOS/Source/queue.c **** 		}
 733:Middlewares/Third_Party/FreeRTOS/Source/queue.c **** 
 734:Middlewares/Third_Party/FreeRTOS/Source/queue.c **** 		return xHandle;
 735:Middlewares/Third_Party/FreeRTOS/Source/queue.c **** 	}
 736:Middlewares/Third_Party/FreeRTOS/Source/queue.c **** 
 737:Middlewares/Third_Party/FreeRTOS/Source/queue.c **** #endif /* ( ( configUSE_COUNTING_SEMAPHORES == 1 ) && ( configSUPPORT_DYNAMIC_ALLOCATION == 1 ) ) *
 738:Middlewares/Third_Party/FreeRTOS/Source/queue.c **** /*-----------------------------------------------------------*/
 739:Middlewares/Third_Party/FreeRTOS/Source/queue.c **** 
 740:Middlewares/Third_Party/FreeRTOS/Source/queue.c **** BaseType_t xQueueGenericSend( QueueHandle_t xQueue, const void * const pvItemToQueue, TickType_t xT
 741:Middlewares/Third_Party/FreeRTOS/Source/queue.c **** {
 742:Middlewares/Third_Party/FreeRTOS/Source/queue.c **** BaseType_t xEntryTimeSet = pdFALSE, xYieldRequired;
 743:Middlewares/Third_Party/FreeRTOS/Source/queue.c **** TimeOut_t xTimeOut;
 744:Middlewares/Third_Party/FreeRTOS/Source/queue.c **** Queue_t * const pxQueue = xQueue;
 745:Middlewares/Third_Party/FreeRTOS/Source/queue.c **** 
 746:Middlewares/Third_Party/FreeRTOS/Source/queue.c **** 	configASSERT( pxQueue );
 747:Middlewares/Third_Party/FreeRTOS/Source/queue.c **** 	configASSERT( !( ( pvItemToQueue == NULL ) && ( pxQueue->uxItemSize != ( UBaseType_t ) 0U ) ) );
 748:Middlewares/Third_Party/FreeRTOS/Source/queue.c **** 	configASSERT( !( ( xCopyPosition == queueOVERWRITE ) && ( pxQueue->uxLength != 1 ) ) );
 749:Middlewares/Third_Party/FreeRTOS/Source/queue.c **** 	#if ( ( INCLUDE_xTaskGetSchedulerState == 1 ) || ( configUSE_TIMERS == 1 ) )
 750:Middlewares/Third_Party/FreeRTOS/Source/queue.c **** 	{
 751:Middlewares/Third_Party/FreeRTOS/Source/queue.c **** 		configASSERT( !( ( xTaskGetSchedulerState() == taskSCHEDULER_SUSPENDED ) && ( xTicksToWait != 0 )
 752:Middlewares/Third_Party/FreeRTOS/Source/queue.c **** 	}
 753:Middlewares/Third_Party/FreeRTOS/Source/queue.c **** 	#endif
 754:Middlewares/Third_Party/FreeRTOS/Source/queue.c **** 
 755:Middlewares/Third_Party/FreeRTOS/Source/queue.c **** 
 756:Middlewares/Third_Party/FreeRTOS/Source/queue.c **** 	/*lint -save -e904 This function relaxes the coding standard somewhat to
 757:Middlewares/Third_Party/FreeRTOS/Source/queue.c **** 	allow return statements within the function itself.  This is done in the
 758:Middlewares/Third_Party/FreeRTOS/Source/queue.c **** 	interest of execution time efficiency. */
 759:Middlewares/Third_Party/FreeRTOS/Source/queue.c **** 	for( ;; )
 760:Middlewares/Third_Party/FreeRTOS/Source/queue.c **** 	{
 761:Middlewares/Third_Party/FreeRTOS/Source/queue.c **** 		taskENTER_CRITICAL();
 762:Middlewares/Third_Party/FreeRTOS/Source/queue.c **** 		{
 763:Middlewares/Third_Party/FreeRTOS/Source/queue.c **** 			/* Is there room on the queue now?  The running task must be the
 764:Middlewares/Third_Party/FreeRTOS/Source/queue.c **** 			highest priority task wanting to access the queue.  If the head item
 765:Middlewares/Third_Party/FreeRTOS/Source/queue.c **** 			in the queue is to be overwritten then it does not matter if the
 766:Middlewares/Third_Party/FreeRTOS/Source/queue.c **** 			queue is full. */
 767:Middlewares/Third_Party/FreeRTOS/Source/queue.c **** 			if( ( pxQueue->uxMessagesWaiting < pxQueue->uxLength ) || ( xCopyPosition == queueOVERWRITE ) )
 768:Middlewares/Third_Party/FreeRTOS/Source/queue.c **** 			{
 769:Middlewares/Third_Party/FreeRTOS/Source/queue.c **** 				traceQUEUE_SEND( pxQueue );
 770:Middlewares/Third_Party/FreeRTOS/Source/queue.c **** 
 771:Middlewares/Third_Party/FreeRTOS/Source/queue.c **** 				#if ( configUSE_QUEUE_SETS == 1 )
 772:Middlewares/Third_Party/FreeRTOS/Source/queue.c **** 				{
 773:Middlewares/Third_Party/FreeRTOS/Source/queue.c **** 				const UBaseType_t uxPreviousMessagesWaiting = pxQueue->uxMessagesWaiting;
ARM GAS  D:\TMP\ccboKuyk.s 			page 15


 774:Middlewares/Third_Party/FreeRTOS/Source/queue.c **** 
 775:Middlewares/Third_Party/FreeRTOS/Source/queue.c **** 					xYieldRequired = prvCopyDataToQueue( pxQueue, pvItemToQueue, xCopyPosition );
 776:Middlewares/Third_Party/FreeRTOS/Source/queue.c **** 
 777:Middlewares/Third_Party/FreeRTOS/Source/queue.c **** 					if( pxQueue->pxQueueSetContainer != NULL )
 778:Middlewares/Third_Party/FreeRTOS/Source/queue.c **** 					{
 779:Middlewares/Third_Party/FreeRTOS/Source/queue.c **** 						if( ( xCopyPosition == queueOVERWRITE ) && ( uxPreviousMessagesWaiting != ( UBaseType_t ) 0 )
 780:Middlewares/Third_Party/FreeRTOS/Source/queue.c **** 						{
 781:Middlewares/Third_Party/FreeRTOS/Source/queue.c **** 							/* Do not notify the queue set as an existing item
 782:Middlewares/Third_Party/FreeRTOS/Source/queue.c **** 							was overwritten in the queue so the number of items
 783:Middlewares/Third_Party/FreeRTOS/Source/queue.c **** 							in the queue has not changed. */
 784:Middlewares/Third_Party/FreeRTOS/Source/queue.c **** 							mtCOVERAGE_TEST_MARKER();
 785:Middlewares/Third_Party/FreeRTOS/Source/queue.c **** 						}
 786:Middlewares/Third_Party/FreeRTOS/Source/queue.c **** 						else if( prvNotifyQueueSetContainer( pxQueue ) != pdFALSE )
 787:Middlewares/Third_Party/FreeRTOS/Source/queue.c **** 						{
 788:Middlewares/Third_Party/FreeRTOS/Source/queue.c **** 							/* The queue is a member of a queue set, and posting
 789:Middlewares/Third_Party/FreeRTOS/Source/queue.c **** 							to the queue set caused a higher priority task to
 790:Middlewares/Third_Party/FreeRTOS/Source/queue.c **** 							unblock. A context switch is required. */
 791:Middlewares/Third_Party/FreeRTOS/Source/queue.c **** 							queueYIELD_IF_USING_PREEMPTION();
 792:Middlewares/Third_Party/FreeRTOS/Source/queue.c **** 						}
 793:Middlewares/Third_Party/FreeRTOS/Source/queue.c **** 						else
 794:Middlewares/Third_Party/FreeRTOS/Source/queue.c **** 						{
 795:Middlewares/Third_Party/FreeRTOS/Source/queue.c **** 							mtCOVERAGE_TEST_MARKER();
 796:Middlewares/Third_Party/FreeRTOS/Source/queue.c **** 						}
 797:Middlewares/Third_Party/FreeRTOS/Source/queue.c **** 					}
 798:Middlewares/Third_Party/FreeRTOS/Source/queue.c **** 					else
 799:Middlewares/Third_Party/FreeRTOS/Source/queue.c **** 					{
 800:Middlewares/Third_Party/FreeRTOS/Source/queue.c **** 						/* If there was a task waiting for data to arrive on the
 801:Middlewares/Third_Party/FreeRTOS/Source/queue.c **** 						queue then unblock it now. */
 802:Middlewares/Third_Party/FreeRTOS/Source/queue.c **** 						if( listLIST_IS_EMPTY( &( pxQueue->xTasksWaitingToReceive ) ) == pdFALSE )
 803:Middlewares/Third_Party/FreeRTOS/Source/queue.c **** 						{
 804:Middlewares/Third_Party/FreeRTOS/Source/queue.c **** 							if( xTaskRemoveFromEventList( &( pxQueue->xTasksWaitingToReceive ) ) != pdFALSE )
 805:Middlewares/Third_Party/FreeRTOS/Source/queue.c **** 							{
 806:Middlewares/Third_Party/FreeRTOS/Source/queue.c **** 								/* The unblocked task has a priority higher than
 807:Middlewares/Third_Party/FreeRTOS/Source/queue.c **** 								our own so yield immediately.  Yes it is ok to
 808:Middlewares/Third_Party/FreeRTOS/Source/queue.c **** 								do this from within the critical section - the
 809:Middlewares/Third_Party/FreeRTOS/Source/queue.c **** 								kernel takes care of that. */
 810:Middlewares/Third_Party/FreeRTOS/Source/queue.c **** 								queueYIELD_IF_USING_PREEMPTION();
 811:Middlewares/Third_Party/FreeRTOS/Source/queue.c **** 							}
 812:Middlewares/Third_Party/FreeRTOS/Source/queue.c **** 							else
 813:Middlewares/Third_Party/FreeRTOS/Source/queue.c **** 							{
 814:Middlewares/Third_Party/FreeRTOS/Source/queue.c **** 								mtCOVERAGE_TEST_MARKER();
 815:Middlewares/Third_Party/FreeRTOS/Source/queue.c **** 							}
 816:Middlewares/Third_Party/FreeRTOS/Source/queue.c **** 						}
 817:Middlewares/Third_Party/FreeRTOS/Source/queue.c **** 						else if( xYieldRequired != pdFALSE )
 818:Middlewares/Third_Party/FreeRTOS/Source/queue.c **** 						{
 819:Middlewares/Third_Party/FreeRTOS/Source/queue.c **** 							/* This path is a special case that will only get
 820:Middlewares/Third_Party/FreeRTOS/Source/queue.c **** 							executed if the task was holding multiple mutexes
 821:Middlewares/Third_Party/FreeRTOS/Source/queue.c **** 							and the mutexes were given back in an order that is
 822:Middlewares/Third_Party/FreeRTOS/Source/queue.c **** 							different to that in which they were taken. */
 823:Middlewares/Third_Party/FreeRTOS/Source/queue.c **** 							queueYIELD_IF_USING_PREEMPTION();
 824:Middlewares/Third_Party/FreeRTOS/Source/queue.c **** 						}
 825:Middlewares/Third_Party/FreeRTOS/Source/queue.c **** 						else
 826:Middlewares/Third_Party/FreeRTOS/Source/queue.c **** 						{
 827:Middlewares/Third_Party/FreeRTOS/Source/queue.c **** 							mtCOVERAGE_TEST_MARKER();
 828:Middlewares/Third_Party/FreeRTOS/Source/queue.c **** 						}
 829:Middlewares/Third_Party/FreeRTOS/Source/queue.c **** 					}
 830:Middlewares/Third_Party/FreeRTOS/Source/queue.c **** 				}
ARM GAS  D:\TMP\ccboKuyk.s 			page 16


 831:Middlewares/Third_Party/FreeRTOS/Source/queue.c **** 				#else /* configUSE_QUEUE_SETS */
 832:Middlewares/Third_Party/FreeRTOS/Source/queue.c **** 				{
 833:Middlewares/Third_Party/FreeRTOS/Source/queue.c **** 					xYieldRequired = prvCopyDataToQueue( pxQueue, pvItemToQueue, xCopyPosition );
 834:Middlewares/Third_Party/FreeRTOS/Source/queue.c **** 
 835:Middlewares/Third_Party/FreeRTOS/Source/queue.c **** 					/* If there was a task waiting for data to arrive on the
 836:Middlewares/Third_Party/FreeRTOS/Source/queue.c **** 					queue then unblock it now. */
 837:Middlewares/Third_Party/FreeRTOS/Source/queue.c **** 					if( listLIST_IS_EMPTY( &( pxQueue->xTasksWaitingToReceive ) ) == pdFALSE )
 838:Middlewares/Third_Party/FreeRTOS/Source/queue.c **** 					{
 839:Middlewares/Third_Party/FreeRTOS/Source/queue.c **** 						if( xTaskRemoveFromEventList( &( pxQueue->xTasksWaitingToReceive ) ) != pdFALSE )
 840:Middlewares/Third_Party/FreeRTOS/Source/queue.c **** 						{
 841:Middlewares/Third_Party/FreeRTOS/Source/queue.c **** 							/* The unblocked task has a priority higher than
 842:Middlewares/Third_Party/FreeRTOS/Source/queue.c **** 							our own so yield immediately.  Yes it is ok to do
 843:Middlewares/Third_Party/FreeRTOS/Source/queue.c **** 							this from within the critical section - the kernel
 844:Middlewares/Third_Party/FreeRTOS/Source/queue.c **** 							takes care of that. */
 845:Middlewares/Third_Party/FreeRTOS/Source/queue.c **** 							queueYIELD_IF_USING_PREEMPTION();
 846:Middlewares/Third_Party/FreeRTOS/Source/queue.c **** 						}
 847:Middlewares/Third_Party/FreeRTOS/Source/queue.c **** 						else
 848:Middlewares/Third_Party/FreeRTOS/Source/queue.c **** 						{
 849:Middlewares/Third_Party/FreeRTOS/Source/queue.c **** 							mtCOVERAGE_TEST_MARKER();
 850:Middlewares/Third_Party/FreeRTOS/Source/queue.c **** 						}
 851:Middlewares/Third_Party/FreeRTOS/Source/queue.c **** 					}
 852:Middlewares/Third_Party/FreeRTOS/Source/queue.c **** 					else if( xYieldRequired != pdFALSE )
 853:Middlewares/Third_Party/FreeRTOS/Source/queue.c **** 					{
 854:Middlewares/Third_Party/FreeRTOS/Source/queue.c **** 						/* This path is a special case that will only get
 855:Middlewares/Third_Party/FreeRTOS/Source/queue.c **** 						executed if the task was holding multiple mutexes and
 856:Middlewares/Third_Party/FreeRTOS/Source/queue.c **** 						the mutexes were given back in an order that is
 857:Middlewares/Third_Party/FreeRTOS/Source/queue.c **** 						different to that in which they were taken. */
 858:Middlewares/Third_Party/FreeRTOS/Source/queue.c **** 						queueYIELD_IF_USING_PREEMPTION();
 859:Middlewares/Third_Party/FreeRTOS/Source/queue.c **** 					}
 860:Middlewares/Third_Party/FreeRTOS/Source/queue.c **** 					else
 861:Middlewares/Third_Party/FreeRTOS/Source/queue.c **** 					{
 862:Middlewares/Third_Party/FreeRTOS/Source/queue.c **** 						mtCOVERAGE_TEST_MARKER();
 863:Middlewares/Third_Party/FreeRTOS/Source/queue.c **** 					}
 864:Middlewares/Third_Party/FreeRTOS/Source/queue.c **** 				}
 865:Middlewares/Third_Party/FreeRTOS/Source/queue.c **** 				#endif /* configUSE_QUEUE_SETS */
 866:Middlewares/Third_Party/FreeRTOS/Source/queue.c **** 
 867:Middlewares/Third_Party/FreeRTOS/Source/queue.c **** 				taskEXIT_CRITICAL();
 868:Middlewares/Third_Party/FreeRTOS/Source/queue.c **** 				return pdPASS;
 869:Middlewares/Third_Party/FreeRTOS/Source/queue.c **** 			}
 870:Middlewares/Third_Party/FreeRTOS/Source/queue.c **** 			else
 871:Middlewares/Third_Party/FreeRTOS/Source/queue.c **** 			{
 872:Middlewares/Third_Party/FreeRTOS/Source/queue.c **** 				if( xTicksToWait == ( TickType_t ) 0 )
 873:Middlewares/Third_Party/FreeRTOS/Source/queue.c **** 				{
 874:Middlewares/Third_Party/FreeRTOS/Source/queue.c **** 					/* The queue was full and no block time is specified (or
 875:Middlewares/Third_Party/FreeRTOS/Source/queue.c **** 					the block time has expired) so leave now. */
 876:Middlewares/Third_Party/FreeRTOS/Source/queue.c **** 					taskEXIT_CRITICAL();
 877:Middlewares/Third_Party/FreeRTOS/Source/queue.c **** 
 878:Middlewares/Third_Party/FreeRTOS/Source/queue.c **** 					/* Return to the original privilege level before exiting
 879:Middlewares/Third_Party/FreeRTOS/Source/queue.c **** 					the function. */
 880:Middlewares/Third_Party/FreeRTOS/Source/queue.c **** 					traceQUEUE_SEND_FAILED( pxQueue );
 881:Middlewares/Third_Party/FreeRTOS/Source/queue.c **** 					return errQUEUE_FULL;
 882:Middlewares/Third_Party/FreeRTOS/Source/queue.c **** 				}
 883:Middlewares/Third_Party/FreeRTOS/Source/queue.c **** 				else if( xEntryTimeSet == pdFALSE )
 884:Middlewares/Third_Party/FreeRTOS/Source/queue.c **** 				{
 885:Middlewares/Third_Party/FreeRTOS/Source/queue.c **** 					/* The queue was full and a block time was specified so
 886:Middlewares/Third_Party/FreeRTOS/Source/queue.c **** 					configure the timeout structure. */
 887:Middlewares/Third_Party/FreeRTOS/Source/queue.c **** 					vTaskInternalSetTimeOutState( &xTimeOut );
ARM GAS  D:\TMP\ccboKuyk.s 			page 17


 888:Middlewares/Third_Party/FreeRTOS/Source/queue.c **** 					xEntryTimeSet = pdTRUE;
 889:Middlewares/Third_Party/FreeRTOS/Source/queue.c **** 				}
 890:Middlewares/Third_Party/FreeRTOS/Source/queue.c **** 				else
 891:Middlewares/Third_Party/FreeRTOS/Source/queue.c **** 				{
 892:Middlewares/Third_Party/FreeRTOS/Source/queue.c **** 					/* Entry time was already set. */
 893:Middlewares/Third_Party/FreeRTOS/Source/queue.c **** 					mtCOVERAGE_TEST_MARKER();
 894:Middlewares/Third_Party/FreeRTOS/Source/queue.c **** 				}
 895:Middlewares/Third_Party/FreeRTOS/Source/queue.c **** 			}
 896:Middlewares/Third_Party/FreeRTOS/Source/queue.c **** 		}
 897:Middlewares/Third_Party/FreeRTOS/Source/queue.c **** 		taskEXIT_CRITICAL();
 898:Middlewares/Third_Party/FreeRTOS/Source/queue.c **** 
 899:Middlewares/Third_Party/FreeRTOS/Source/queue.c **** 		/* Interrupts and other tasks can send to and receive from the queue
 900:Middlewares/Third_Party/FreeRTOS/Source/queue.c **** 		now the critical section has been exited. */
 901:Middlewares/Third_Party/FreeRTOS/Source/queue.c **** 
 902:Middlewares/Third_Party/FreeRTOS/Source/queue.c **** 		vTaskSuspendAll();
 903:Middlewares/Third_Party/FreeRTOS/Source/queue.c **** 		prvLockQueue( pxQueue );
 904:Middlewares/Third_Party/FreeRTOS/Source/queue.c **** 
 905:Middlewares/Third_Party/FreeRTOS/Source/queue.c **** 		/* Update the timeout state to see if it has expired yet. */
 906:Middlewares/Third_Party/FreeRTOS/Source/queue.c **** 		if( xTaskCheckForTimeOut( &xTimeOut, &xTicksToWait ) == pdFALSE )
 907:Middlewares/Third_Party/FreeRTOS/Source/queue.c **** 		{
 908:Middlewares/Third_Party/FreeRTOS/Source/queue.c **** 			if( prvIsQueueFull( pxQueue ) != pdFALSE )
 909:Middlewares/Third_Party/FreeRTOS/Source/queue.c **** 			{
 910:Middlewares/Third_Party/FreeRTOS/Source/queue.c **** 				traceBLOCKING_ON_QUEUE_SEND( pxQueue );
 911:Middlewares/Third_Party/FreeRTOS/Source/queue.c **** 				vTaskPlaceOnEventList( &( pxQueue->xTasksWaitingToSend ), xTicksToWait );
 912:Middlewares/Third_Party/FreeRTOS/Source/queue.c **** 
 913:Middlewares/Third_Party/FreeRTOS/Source/queue.c **** 				/* Unlocking the queue means queue events can effect the
 914:Middlewares/Third_Party/FreeRTOS/Source/queue.c **** 				event list.  It is possible that interrupts occurring now
 915:Middlewares/Third_Party/FreeRTOS/Source/queue.c **** 				remove this task from the event list again - but as the
 916:Middlewares/Third_Party/FreeRTOS/Source/queue.c **** 				scheduler is suspended the task will go onto the pending
 917:Middlewares/Third_Party/FreeRTOS/Source/queue.c **** 				ready last instead of the actual ready list. */
 918:Middlewares/Third_Party/FreeRTOS/Source/queue.c **** 				prvUnlockQueue( pxQueue );
 919:Middlewares/Third_Party/FreeRTOS/Source/queue.c **** 
 920:Middlewares/Third_Party/FreeRTOS/Source/queue.c **** 				/* Resuming the scheduler will move tasks from the pending
 921:Middlewares/Third_Party/FreeRTOS/Source/queue.c **** 				ready list into the ready list - so it is feasible that this
 922:Middlewares/Third_Party/FreeRTOS/Source/queue.c **** 				task is already in a ready list before it yields - in which
 923:Middlewares/Third_Party/FreeRTOS/Source/queue.c **** 				case the yield will not cause a context switch unless there
 924:Middlewares/Third_Party/FreeRTOS/Source/queue.c **** 				is also a higher priority task in the pending ready list. */
 925:Middlewares/Third_Party/FreeRTOS/Source/queue.c **** 				if( xTaskResumeAll() == pdFALSE )
 926:Middlewares/Third_Party/FreeRTOS/Source/queue.c **** 				{
 927:Middlewares/Third_Party/FreeRTOS/Source/queue.c **** 					portYIELD_WITHIN_API();
 928:Middlewares/Third_Party/FreeRTOS/Source/queue.c **** 				}
 929:Middlewares/Third_Party/FreeRTOS/Source/queue.c **** 			}
 930:Middlewares/Third_Party/FreeRTOS/Source/queue.c **** 			else
 931:Middlewares/Third_Party/FreeRTOS/Source/queue.c **** 			{
 932:Middlewares/Third_Party/FreeRTOS/Source/queue.c **** 				/* Try again. */
 933:Middlewares/Third_Party/FreeRTOS/Source/queue.c **** 				prvUnlockQueue( pxQueue );
 934:Middlewares/Third_Party/FreeRTOS/Source/queue.c **** 				( void ) xTaskResumeAll();
 935:Middlewares/Third_Party/FreeRTOS/Source/queue.c **** 			}
 936:Middlewares/Third_Party/FreeRTOS/Source/queue.c **** 		}
 937:Middlewares/Third_Party/FreeRTOS/Source/queue.c **** 		else
 938:Middlewares/Third_Party/FreeRTOS/Source/queue.c **** 		{
 939:Middlewares/Third_Party/FreeRTOS/Source/queue.c **** 			/* The timeout has expired. */
 940:Middlewares/Third_Party/FreeRTOS/Source/queue.c **** 			prvUnlockQueue( pxQueue );
 941:Middlewares/Third_Party/FreeRTOS/Source/queue.c **** 			( void ) xTaskResumeAll();
 942:Middlewares/Third_Party/FreeRTOS/Source/queue.c **** 
 943:Middlewares/Third_Party/FreeRTOS/Source/queue.c **** 			traceQUEUE_SEND_FAILED( pxQueue );
 944:Middlewares/Third_Party/FreeRTOS/Source/queue.c **** 			return errQUEUE_FULL;
ARM GAS  D:\TMP\ccboKuyk.s 			page 18


 945:Middlewares/Third_Party/FreeRTOS/Source/queue.c **** 		}
 946:Middlewares/Third_Party/FreeRTOS/Source/queue.c **** 	} /*lint -restore */
 947:Middlewares/Third_Party/FreeRTOS/Source/queue.c **** }
 948:Middlewares/Third_Party/FreeRTOS/Source/queue.c **** /*-----------------------------------------------------------*/
 949:Middlewares/Third_Party/FreeRTOS/Source/queue.c **** 
 950:Middlewares/Third_Party/FreeRTOS/Source/queue.c **** BaseType_t xQueueGenericSendFromISR( QueueHandle_t xQueue, const void * const pvItemToQueue, BaseTy
 951:Middlewares/Third_Party/FreeRTOS/Source/queue.c **** {
 952:Middlewares/Third_Party/FreeRTOS/Source/queue.c **** BaseType_t xReturn;
 953:Middlewares/Third_Party/FreeRTOS/Source/queue.c **** UBaseType_t uxSavedInterruptStatus;
 954:Middlewares/Third_Party/FreeRTOS/Source/queue.c **** Queue_t * const pxQueue = xQueue;
 955:Middlewares/Third_Party/FreeRTOS/Source/queue.c **** 
 956:Middlewares/Third_Party/FreeRTOS/Source/queue.c **** 	configASSERT( pxQueue );
 957:Middlewares/Third_Party/FreeRTOS/Source/queue.c **** 	configASSERT( !( ( pvItemToQueue == NULL ) && ( pxQueue->uxItemSize != ( UBaseType_t ) 0U ) ) );
 958:Middlewares/Third_Party/FreeRTOS/Source/queue.c **** 	configASSERT( !( ( xCopyPosition == queueOVERWRITE ) && ( pxQueue->uxLength != 1 ) ) );
 959:Middlewares/Third_Party/FreeRTOS/Source/queue.c **** 
 960:Middlewares/Third_Party/FreeRTOS/Source/queue.c **** 	/* RTOS ports that support interrupt nesting have the concept of a maximum
 961:Middlewares/Third_Party/FreeRTOS/Source/queue.c **** 	system call (or maximum API call) interrupt priority.  Interrupts that are
 962:Middlewares/Third_Party/FreeRTOS/Source/queue.c **** 	above the maximum system call priority are kept permanently enabled, even
 963:Middlewares/Third_Party/FreeRTOS/Source/queue.c **** 	when the RTOS kernel is in a critical section, but cannot make any calls to
 964:Middlewares/Third_Party/FreeRTOS/Source/queue.c **** 	FreeRTOS API functions.  If configASSERT() is defined in FreeRTOSConfig.h
 965:Middlewares/Third_Party/FreeRTOS/Source/queue.c **** 	then portASSERT_IF_INTERRUPT_PRIORITY_INVALID() will result in an assertion
 966:Middlewares/Third_Party/FreeRTOS/Source/queue.c **** 	failure if a FreeRTOS API function is called from an interrupt that has been
 967:Middlewares/Third_Party/FreeRTOS/Source/queue.c **** 	assigned a priority above the configured maximum system call priority.
 968:Middlewares/Third_Party/FreeRTOS/Source/queue.c **** 	Only FreeRTOS functions that end in FromISR can be called from interrupts
 969:Middlewares/Third_Party/FreeRTOS/Source/queue.c **** 	that have been assigned a priority at or (logically) below the maximum
 970:Middlewares/Third_Party/FreeRTOS/Source/queue.c **** 	system call	interrupt priority.  FreeRTOS maintains a separate interrupt
 971:Middlewares/Third_Party/FreeRTOS/Source/queue.c **** 	safe API to ensure interrupt entry is as fast and as simple as possible.
 972:Middlewares/Third_Party/FreeRTOS/Source/queue.c **** 	More information (albeit Cortex-M specific) is provided on the following
 973:Middlewares/Third_Party/FreeRTOS/Source/queue.c **** 	link: http://www.freertos.org/RTOS-Cortex-M3-M4.html */
 974:Middlewares/Third_Party/FreeRTOS/Source/queue.c **** 	portASSERT_IF_INTERRUPT_PRIORITY_INVALID();
 975:Middlewares/Third_Party/FreeRTOS/Source/queue.c **** 
 976:Middlewares/Third_Party/FreeRTOS/Source/queue.c **** 	/* Similar to xQueueGenericSend, except without blocking if there is no room
 977:Middlewares/Third_Party/FreeRTOS/Source/queue.c **** 	in the queue.  Also don't directly wake a task that was blocked on a queue
 978:Middlewares/Third_Party/FreeRTOS/Source/queue.c **** 	read, instead return a flag to say whether a context switch is required or
 979:Middlewares/Third_Party/FreeRTOS/Source/queue.c **** 	not (i.e. has a task with a higher priority than us been woken by this
 980:Middlewares/Third_Party/FreeRTOS/Source/queue.c **** 	post). */
 981:Middlewares/Third_Party/FreeRTOS/Source/queue.c **** 	uxSavedInterruptStatus = portSET_INTERRUPT_MASK_FROM_ISR();
 982:Middlewares/Third_Party/FreeRTOS/Source/queue.c **** 	{
 983:Middlewares/Third_Party/FreeRTOS/Source/queue.c **** 		if( ( pxQueue->uxMessagesWaiting < pxQueue->uxLength ) || ( xCopyPosition == queueOVERWRITE ) )
 984:Middlewares/Third_Party/FreeRTOS/Source/queue.c **** 		{
 985:Middlewares/Third_Party/FreeRTOS/Source/queue.c **** 			const int8_t cTxLock = pxQueue->cTxLock;
 986:Middlewares/Third_Party/FreeRTOS/Source/queue.c **** 			const UBaseType_t uxPreviousMessagesWaiting = pxQueue->uxMessagesWaiting;
 987:Middlewares/Third_Party/FreeRTOS/Source/queue.c **** 
 988:Middlewares/Third_Party/FreeRTOS/Source/queue.c **** 			traceQUEUE_SEND_FROM_ISR( pxQueue );
 989:Middlewares/Third_Party/FreeRTOS/Source/queue.c **** 
 990:Middlewares/Third_Party/FreeRTOS/Source/queue.c **** 			/* Semaphores use xQueueGiveFromISR(), so pxQueue will not be a
 991:Middlewares/Third_Party/FreeRTOS/Source/queue.c **** 			semaphore or mutex.  That means prvCopyDataToQueue() cannot result
 992:Middlewares/Third_Party/FreeRTOS/Source/queue.c **** 			in a task disinheriting a priority and prvCopyDataToQueue() can be
 993:Middlewares/Third_Party/FreeRTOS/Source/queue.c **** 			called here even though the disinherit function does not check if
 994:Middlewares/Third_Party/FreeRTOS/Source/queue.c **** 			the scheduler is suspended before accessing the ready lists. */
 995:Middlewares/Third_Party/FreeRTOS/Source/queue.c **** 			( void ) prvCopyDataToQueue( pxQueue, pvItemToQueue, xCopyPosition );
 996:Middlewares/Third_Party/FreeRTOS/Source/queue.c **** 
 997:Middlewares/Third_Party/FreeRTOS/Source/queue.c **** 			/* The event list is not altered if the queue is locked.  This will
 998:Middlewares/Third_Party/FreeRTOS/Source/queue.c **** 			be done when the queue is unlocked later. */
 999:Middlewares/Third_Party/FreeRTOS/Source/queue.c **** 			if( cTxLock == queueUNLOCKED )
1000:Middlewares/Third_Party/FreeRTOS/Source/queue.c **** 			{
1001:Middlewares/Third_Party/FreeRTOS/Source/queue.c **** 				#if ( configUSE_QUEUE_SETS == 1 )
ARM GAS  D:\TMP\ccboKuyk.s 			page 19


1002:Middlewares/Third_Party/FreeRTOS/Source/queue.c **** 				{
1003:Middlewares/Third_Party/FreeRTOS/Source/queue.c **** 					if( pxQueue->pxQueueSetContainer != NULL )
1004:Middlewares/Third_Party/FreeRTOS/Source/queue.c **** 					{
1005:Middlewares/Third_Party/FreeRTOS/Source/queue.c **** 						if( ( xCopyPosition == queueOVERWRITE ) && ( uxPreviousMessagesWaiting != ( UBaseType_t ) 0 )
1006:Middlewares/Third_Party/FreeRTOS/Source/queue.c **** 						{
1007:Middlewares/Third_Party/FreeRTOS/Source/queue.c **** 							/* Do not notify the queue set as an existing item
1008:Middlewares/Third_Party/FreeRTOS/Source/queue.c **** 							was overwritten in the queue so the number of items
1009:Middlewares/Third_Party/FreeRTOS/Source/queue.c **** 							in the queue has not changed. */
1010:Middlewares/Third_Party/FreeRTOS/Source/queue.c **** 							mtCOVERAGE_TEST_MARKER();
1011:Middlewares/Third_Party/FreeRTOS/Source/queue.c **** 						}
1012:Middlewares/Third_Party/FreeRTOS/Source/queue.c **** 						else if( prvNotifyQueueSetContainer( pxQueue ) != pdFALSE )
1013:Middlewares/Third_Party/FreeRTOS/Source/queue.c **** 						{
1014:Middlewares/Third_Party/FreeRTOS/Source/queue.c **** 							/* The queue is a member of a queue set, and posting
1015:Middlewares/Third_Party/FreeRTOS/Source/queue.c **** 							to the queue set caused a higher priority task to
1016:Middlewares/Third_Party/FreeRTOS/Source/queue.c **** 							unblock.  A context switch is required. */
1017:Middlewares/Third_Party/FreeRTOS/Source/queue.c **** 							if( pxHigherPriorityTaskWoken != NULL )
1018:Middlewares/Third_Party/FreeRTOS/Source/queue.c **** 							{
1019:Middlewares/Third_Party/FreeRTOS/Source/queue.c **** 								*pxHigherPriorityTaskWoken = pdTRUE;
1020:Middlewares/Third_Party/FreeRTOS/Source/queue.c **** 							}
1021:Middlewares/Third_Party/FreeRTOS/Source/queue.c **** 							else
1022:Middlewares/Third_Party/FreeRTOS/Source/queue.c **** 							{
1023:Middlewares/Third_Party/FreeRTOS/Source/queue.c **** 								mtCOVERAGE_TEST_MARKER();
1024:Middlewares/Third_Party/FreeRTOS/Source/queue.c **** 							}
1025:Middlewares/Third_Party/FreeRTOS/Source/queue.c **** 						}
1026:Middlewares/Third_Party/FreeRTOS/Source/queue.c **** 						else
1027:Middlewares/Third_Party/FreeRTOS/Source/queue.c **** 						{
1028:Middlewares/Third_Party/FreeRTOS/Source/queue.c **** 							mtCOVERAGE_TEST_MARKER();
1029:Middlewares/Third_Party/FreeRTOS/Source/queue.c **** 						}
1030:Middlewares/Third_Party/FreeRTOS/Source/queue.c **** 					}
1031:Middlewares/Third_Party/FreeRTOS/Source/queue.c **** 					else
1032:Middlewares/Third_Party/FreeRTOS/Source/queue.c **** 					{
1033:Middlewares/Third_Party/FreeRTOS/Source/queue.c **** 						if( listLIST_IS_EMPTY( &( pxQueue->xTasksWaitingToReceive ) ) == pdFALSE )
1034:Middlewares/Third_Party/FreeRTOS/Source/queue.c **** 						{
1035:Middlewares/Third_Party/FreeRTOS/Source/queue.c **** 							if( xTaskRemoveFromEventList( &( pxQueue->xTasksWaitingToReceive ) ) != pdFALSE )
1036:Middlewares/Third_Party/FreeRTOS/Source/queue.c **** 							{
1037:Middlewares/Third_Party/FreeRTOS/Source/queue.c **** 								/* The task waiting has a higher priority so
1038:Middlewares/Third_Party/FreeRTOS/Source/queue.c **** 								record that a context switch is required. */
1039:Middlewares/Third_Party/FreeRTOS/Source/queue.c **** 								if( pxHigherPriorityTaskWoken != NULL )
1040:Middlewares/Third_Party/FreeRTOS/Source/queue.c **** 								{
1041:Middlewares/Third_Party/FreeRTOS/Source/queue.c **** 									*pxHigherPriorityTaskWoken = pdTRUE;
1042:Middlewares/Third_Party/FreeRTOS/Source/queue.c **** 								}
1043:Middlewares/Third_Party/FreeRTOS/Source/queue.c **** 								else
1044:Middlewares/Third_Party/FreeRTOS/Source/queue.c **** 								{
1045:Middlewares/Third_Party/FreeRTOS/Source/queue.c **** 									mtCOVERAGE_TEST_MARKER();
1046:Middlewares/Third_Party/FreeRTOS/Source/queue.c **** 								}
1047:Middlewares/Third_Party/FreeRTOS/Source/queue.c **** 							}
1048:Middlewares/Third_Party/FreeRTOS/Source/queue.c **** 							else
1049:Middlewares/Third_Party/FreeRTOS/Source/queue.c **** 							{
1050:Middlewares/Third_Party/FreeRTOS/Source/queue.c **** 								mtCOVERAGE_TEST_MARKER();
1051:Middlewares/Third_Party/FreeRTOS/Source/queue.c **** 							}
1052:Middlewares/Third_Party/FreeRTOS/Source/queue.c **** 						}
1053:Middlewares/Third_Party/FreeRTOS/Source/queue.c **** 						else
1054:Middlewares/Third_Party/FreeRTOS/Source/queue.c **** 						{
1055:Middlewares/Third_Party/FreeRTOS/Source/queue.c **** 							mtCOVERAGE_TEST_MARKER();
1056:Middlewares/Third_Party/FreeRTOS/Source/queue.c **** 						}
1057:Middlewares/Third_Party/FreeRTOS/Source/queue.c **** 					}
1058:Middlewares/Third_Party/FreeRTOS/Source/queue.c **** 				}
ARM GAS  D:\TMP\ccboKuyk.s 			page 20


1059:Middlewares/Third_Party/FreeRTOS/Source/queue.c **** 				#else /* configUSE_QUEUE_SETS */
1060:Middlewares/Third_Party/FreeRTOS/Source/queue.c **** 				{
1061:Middlewares/Third_Party/FreeRTOS/Source/queue.c **** 					if( listLIST_IS_EMPTY( &( pxQueue->xTasksWaitingToReceive ) ) == pdFALSE )
1062:Middlewares/Third_Party/FreeRTOS/Source/queue.c **** 					{
1063:Middlewares/Third_Party/FreeRTOS/Source/queue.c **** 						if( xTaskRemoveFromEventList( &( pxQueue->xTasksWaitingToReceive ) ) != pdFALSE )
1064:Middlewares/Third_Party/FreeRTOS/Source/queue.c **** 						{
1065:Middlewares/Third_Party/FreeRTOS/Source/queue.c **** 							/* The task waiting has a higher priority so record that a
1066:Middlewares/Third_Party/FreeRTOS/Source/queue.c **** 							context	switch is required. */
1067:Middlewares/Third_Party/FreeRTOS/Source/queue.c **** 							if( pxHigherPriorityTaskWoken != NULL )
1068:Middlewares/Third_Party/FreeRTOS/Source/queue.c **** 							{
1069:Middlewares/Third_Party/FreeRTOS/Source/queue.c **** 								*pxHigherPriorityTaskWoken = pdTRUE;
1070:Middlewares/Third_Party/FreeRTOS/Source/queue.c **** 							}
1071:Middlewares/Third_Party/FreeRTOS/Source/queue.c **** 							else
1072:Middlewares/Third_Party/FreeRTOS/Source/queue.c **** 							{
1073:Middlewares/Third_Party/FreeRTOS/Source/queue.c **** 								mtCOVERAGE_TEST_MARKER();
1074:Middlewares/Third_Party/FreeRTOS/Source/queue.c **** 							}
1075:Middlewares/Third_Party/FreeRTOS/Source/queue.c **** 						}
1076:Middlewares/Third_Party/FreeRTOS/Source/queue.c **** 						else
1077:Middlewares/Third_Party/FreeRTOS/Source/queue.c **** 						{
1078:Middlewares/Third_Party/FreeRTOS/Source/queue.c **** 							mtCOVERAGE_TEST_MARKER();
1079:Middlewares/Third_Party/FreeRTOS/Source/queue.c **** 						}
1080:Middlewares/Third_Party/FreeRTOS/Source/queue.c **** 					}
1081:Middlewares/Third_Party/FreeRTOS/Source/queue.c **** 					else
1082:Middlewares/Third_Party/FreeRTOS/Source/queue.c **** 					{
1083:Middlewares/Third_Party/FreeRTOS/Source/queue.c **** 						mtCOVERAGE_TEST_MARKER();
1084:Middlewares/Third_Party/FreeRTOS/Source/queue.c **** 					}
1085:Middlewares/Third_Party/FreeRTOS/Source/queue.c **** 					
1086:Middlewares/Third_Party/FreeRTOS/Source/queue.c **** 					/* Not used in this path. */
1087:Middlewares/Third_Party/FreeRTOS/Source/queue.c **** 					( void ) uxPreviousMessagesWaiting;
1088:Middlewares/Third_Party/FreeRTOS/Source/queue.c **** 				}
1089:Middlewares/Third_Party/FreeRTOS/Source/queue.c **** 				#endif /* configUSE_QUEUE_SETS */
1090:Middlewares/Third_Party/FreeRTOS/Source/queue.c **** 			}
1091:Middlewares/Third_Party/FreeRTOS/Source/queue.c **** 			else
1092:Middlewares/Third_Party/FreeRTOS/Source/queue.c **** 			{
1093:Middlewares/Third_Party/FreeRTOS/Source/queue.c **** 				/* Increment the lock count so the task that unlocks the queue
1094:Middlewares/Third_Party/FreeRTOS/Source/queue.c **** 				knows that data was posted while it was locked. */
1095:Middlewares/Third_Party/FreeRTOS/Source/queue.c **** 				pxQueue->cTxLock = ( int8_t ) ( cTxLock + 1 );
1096:Middlewares/Third_Party/FreeRTOS/Source/queue.c **** 			}
1097:Middlewares/Third_Party/FreeRTOS/Source/queue.c **** 
1098:Middlewares/Third_Party/FreeRTOS/Source/queue.c **** 			xReturn = pdPASS;
1099:Middlewares/Third_Party/FreeRTOS/Source/queue.c **** 		}
1100:Middlewares/Third_Party/FreeRTOS/Source/queue.c **** 		else
1101:Middlewares/Third_Party/FreeRTOS/Source/queue.c **** 		{
1102:Middlewares/Third_Party/FreeRTOS/Source/queue.c **** 			traceQUEUE_SEND_FROM_ISR_FAILED( pxQueue );
1103:Middlewares/Third_Party/FreeRTOS/Source/queue.c **** 			xReturn = errQUEUE_FULL;
1104:Middlewares/Third_Party/FreeRTOS/Source/queue.c **** 		}
1105:Middlewares/Third_Party/FreeRTOS/Source/queue.c **** 	}
1106:Middlewares/Third_Party/FreeRTOS/Source/queue.c **** 	portCLEAR_INTERRUPT_MASK_FROM_ISR( uxSavedInterruptStatus );
1107:Middlewares/Third_Party/FreeRTOS/Source/queue.c **** 
1108:Middlewares/Third_Party/FreeRTOS/Source/queue.c **** 	return xReturn;
1109:Middlewares/Third_Party/FreeRTOS/Source/queue.c **** }
1110:Middlewares/Third_Party/FreeRTOS/Source/queue.c **** /*-----------------------------------------------------------*/
1111:Middlewares/Third_Party/FreeRTOS/Source/queue.c **** 
1112:Middlewares/Third_Party/FreeRTOS/Source/queue.c **** BaseType_t xQueueGiveFromISR( QueueHandle_t xQueue, BaseType_t * const pxHigherPriorityTaskWoken )
1113:Middlewares/Third_Party/FreeRTOS/Source/queue.c **** {
1114:Middlewares/Third_Party/FreeRTOS/Source/queue.c **** BaseType_t xReturn;
1115:Middlewares/Third_Party/FreeRTOS/Source/queue.c **** UBaseType_t uxSavedInterruptStatus;
ARM GAS  D:\TMP\ccboKuyk.s 			page 21


1116:Middlewares/Third_Party/FreeRTOS/Source/queue.c **** Queue_t * const pxQueue = xQueue;
1117:Middlewares/Third_Party/FreeRTOS/Source/queue.c **** 
1118:Middlewares/Third_Party/FreeRTOS/Source/queue.c **** 	/* Similar to xQueueGenericSendFromISR() but used with semaphores where the
1119:Middlewares/Third_Party/FreeRTOS/Source/queue.c **** 	item size is 0.  Don't directly wake a task that was blocked on a queue
1120:Middlewares/Third_Party/FreeRTOS/Source/queue.c **** 	read, instead return a flag to say whether a context switch is required or
1121:Middlewares/Third_Party/FreeRTOS/Source/queue.c **** 	not (i.e. has a task with a higher priority than us been woken by this
1122:Middlewares/Third_Party/FreeRTOS/Source/queue.c **** 	post). */
1123:Middlewares/Third_Party/FreeRTOS/Source/queue.c **** 
1124:Middlewares/Third_Party/FreeRTOS/Source/queue.c **** 	configASSERT( pxQueue );
1125:Middlewares/Third_Party/FreeRTOS/Source/queue.c **** 
1126:Middlewares/Third_Party/FreeRTOS/Source/queue.c **** 	/* xQueueGenericSendFromISR() should be used instead of xQueueGiveFromISR()
1127:Middlewares/Third_Party/FreeRTOS/Source/queue.c **** 	if the item size is not 0. */
1128:Middlewares/Third_Party/FreeRTOS/Source/queue.c **** 	configASSERT( pxQueue->uxItemSize == 0 );
1129:Middlewares/Third_Party/FreeRTOS/Source/queue.c **** 
1130:Middlewares/Third_Party/FreeRTOS/Source/queue.c **** 	/* Normally a mutex would not be given from an interrupt, especially if
1131:Middlewares/Third_Party/FreeRTOS/Source/queue.c **** 	there is a mutex holder, as priority inheritance makes no sense for an
1132:Middlewares/Third_Party/FreeRTOS/Source/queue.c **** 	interrupts, only tasks. */
1133:Middlewares/Third_Party/FreeRTOS/Source/queue.c **** 	configASSERT( !( ( pxQueue->uxQueueType == queueQUEUE_IS_MUTEX ) && ( pxQueue->u.xSemaphore.xMutex
1134:Middlewares/Third_Party/FreeRTOS/Source/queue.c **** 
1135:Middlewares/Third_Party/FreeRTOS/Source/queue.c **** 	/* RTOS ports that support interrupt nesting have the concept of a maximum
1136:Middlewares/Third_Party/FreeRTOS/Source/queue.c **** 	system call (or maximum API call) interrupt priority.  Interrupts that are
1137:Middlewares/Third_Party/FreeRTOS/Source/queue.c **** 	above the maximum system call priority are kept permanently enabled, even
1138:Middlewares/Third_Party/FreeRTOS/Source/queue.c **** 	when the RTOS kernel is in a critical section, but cannot make any calls to
1139:Middlewares/Third_Party/FreeRTOS/Source/queue.c **** 	FreeRTOS API functions.  If configASSERT() is defined in FreeRTOSConfig.h
1140:Middlewares/Third_Party/FreeRTOS/Source/queue.c **** 	then portASSERT_IF_INTERRUPT_PRIORITY_INVALID() will result in an assertion
1141:Middlewares/Third_Party/FreeRTOS/Source/queue.c **** 	failure if a FreeRTOS API function is called from an interrupt that has been
1142:Middlewares/Third_Party/FreeRTOS/Source/queue.c **** 	assigned a priority above the configured maximum system call priority.
1143:Middlewares/Third_Party/FreeRTOS/Source/queue.c **** 	Only FreeRTOS functions that end in FromISR can be called from interrupts
1144:Middlewares/Third_Party/FreeRTOS/Source/queue.c **** 	that have been assigned a priority at or (logically) below the maximum
1145:Middlewares/Third_Party/FreeRTOS/Source/queue.c **** 	system call	interrupt priority.  FreeRTOS maintains a separate interrupt
1146:Middlewares/Third_Party/FreeRTOS/Source/queue.c **** 	safe API to ensure interrupt entry is as fast and as simple as possible.
1147:Middlewares/Third_Party/FreeRTOS/Source/queue.c **** 	More information (albeit Cortex-M specific) is provided on the following
1148:Middlewares/Third_Party/FreeRTOS/Source/queue.c **** 	link: http://www.freertos.org/RTOS-Cortex-M3-M4.html */
1149:Middlewares/Third_Party/FreeRTOS/Source/queue.c **** 	portASSERT_IF_INTERRUPT_PRIORITY_INVALID();
1150:Middlewares/Third_Party/FreeRTOS/Source/queue.c **** 
1151:Middlewares/Third_Party/FreeRTOS/Source/queue.c **** 	uxSavedInterruptStatus = portSET_INTERRUPT_MASK_FROM_ISR();
1152:Middlewares/Third_Party/FreeRTOS/Source/queue.c **** 	{
1153:Middlewares/Third_Party/FreeRTOS/Source/queue.c **** 		const UBaseType_t uxMessagesWaiting = pxQueue->uxMessagesWaiting;
1154:Middlewares/Third_Party/FreeRTOS/Source/queue.c **** 
1155:Middlewares/Third_Party/FreeRTOS/Source/queue.c **** 		/* When the queue is used to implement a semaphore no data is ever
1156:Middlewares/Third_Party/FreeRTOS/Source/queue.c **** 		moved through the queue but it is still valid to see if the queue 'has
1157:Middlewares/Third_Party/FreeRTOS/Source/queue.c **** 		space'. */
1158:Middlewares/Third_Party/FreeRTOS/Source/queue.c **** 		if( uxMessagesWaiting < pxQueue->uxLength )
1159:Middlewares/Third_Party/FreeRTOS/Source/queue.c **** 		{
1160:Middlewares/Third_Party/FreeRTOS/Source/queue.c **** 			const int8_t cTxLock = pxQueue->cTxLock;
1161:Middlewares/Third_Party/FreeRTOS/Source/queue.c **** 
1162:Middlewares/Third_Party/FreeRTOS/Source/queue.c **** 			traceQUEUE_SEND_FROM_ISR( pxQueue );
1163:Middlewares/Third_Party/FreeRTOS/Source/queue.c **** 
1164:Middlewares/Third_Party/FreeRTOS/Source/queue.c **** 			/* A task can only have an inherited priority if it is a mutex
1165:Middlewares/Third_Party/FreeRTOS/Source/queue.c **** 			holder - and if there is a mutex holder then the mutex cannot be
1166:Middlewares/Third_Party/FreeRTOS/Source/queue.c **** 			given from an ISR.  As this is the ISR version of the function it
1167:Middlewares/Third_Party/FreeRTOS/Source/queue.c **** 			can be assumed there is no mutex holder and no need to determine if
1168:Middlewares/Third_Party/FreeRTOS/Source/queue.c **** 			priority disinheritance is needed.  Simply increase the count of
1169:Middlewares/Third_Party/FreeRTOS/Source/queue.c **** 			messages (semaphores) available. */
1170:Middlewares/Third_Party/FreeRTOS/Source/queue.c **** 			pxQueue->uxMessagesWaiting = uxMessagesWaiting + ( UBaseType_t ) 1;
1171:Middlewares/Third_Party/FreeRTOS/Source/queue.c **** 
1172:Middlewares/Third_Party/FreeRTOS/Source/queue.c **** 			/* The event list is not altered if the queue is locked.  This will
ARM GAS  D:\TMP\ccboKuyk.s 			page 22


1173:Middlewares/Third_Party/FreeRTOS/Source/queue.c **** 			be done when the queue is unlocked later. */
1174:Middlewares/Third_Party/FreeRTOS/Source/queue.c **** 			if( cTxLock == queueUNLOCKED )
1175:Middlewares/Third_Party/FreeRTOS/Source/queue.c **** 			{
1176:Middlewares/Third_Party/FreeRTOS/Source/queue.c **** 				#if ( configUSE_QUEUE_SETS == 1 )
1177:Middlewares/Third_Party/FreeRTOS/Source/queue.c **** 				{
1178:Middlewares/Third_Party/FreeRTOS/Source/queue.c **** 					if( pxQueue->pxQueueSetContainer != NULL )
1179:Middlewares/Third_Party/FreeRTOS/Source/queue.c **** 					{
1180:Middlewares/Third_Party/FreeRTOS/Source/queue.c **** 						if( prvNotifyQueueSetContainer( pxQueue ) != pdFALSE )
1181:Middlewares/Third_Party/FreeRTOS/Source/queue.c **** 						{
1182:Middlewares/Third_Party/FreeRTOS/Source/queue.c **** 							/* The semaphore is a member of a queue set, and
1183:Middlewares/Third_Party/FreeRTOS/Source/queue.c **** 							posting	to the queue set caused a higher priority
1184:Middlewares/Third_Party/FreeRTOS/Source/queue.c **** 							task to	unblock.  A context switch is required. */
1185:Middlewares/Third_Party/FreeRTOS/Source/queue.c **** 							if( pxHigherPriorityTaskWoken != NULL )
1186:Middlewares/Third_Party/FreeRTOS/Source/queue.c **** 							{
1187:Middlewares/Third_Party/FreeRTOS/Source/queue.c **** 								*pxHigherPriorityTaskWoken = pdTRUE;
1188:Middlewares/Third_Party/FreeRTOS/Source/queue.c **** 							}
1189:Middlewares/Third_Party/FreeRTOS/Source/queue.c **** 							else
1190:Middlewares/Third_Party/FreeRTOS/Source/queue.c **** 							{
1191:Middlewares/Third_Party/FreeRTOS/Source/queue.c **** 								mtCOVERAGE_TEST_MARKER();
1192:Middlewares/Third_Party/FreeRTOS/Source/queue.c **** 							}
1193:Middlewares/Third_Party/FreeRTOS/Source/queue.c **** 						}
1194:Middlewares/Third_Party/FreeRTOS/Source/queue.c **** 						else
1195:Middlewares/Third_Party/FreeRTOS/Source/queue.c **** 						{
1196:Middlewares/Third_Party/FreeRTOS/Source/queue.c **** 							mtCOVERAGE_TEST_MARKER();
1197:Middlewares/Third_Party/FreeRTOS/Source/queue.c **** 						}
1198:Middlewares/Third_Party/FreeRTOS/Source/queue.c **** 					}
1199:Middlewares/Third_Party/FreeRTOS/Source/queue.c **** 					else
1200:Middlewares/Third_Party/FreeRTOS/Source/queue.c **** 					{
1201:Middlewares/Third_Party/FreeRTOS/Source/queue.c **** 						if( listLIST_IS_EMPTY( &( pxQueue->xTasksWaitingToReceive ) ) == pdFALSE )
1202:Middlewares/Third_Party/FreeRTOS/Source/queue.c **** 						{
1203:Middlewares/Third_Party/FreeRTOS/Source/queue.c **** 							if( xTaskRemoveFromEventList( &( pxQueue->xTasksWaitingToReceive ) ) != pdFALSE )
1204:Middlewares/Third_Party/FreeRTOS/Source/queue.c **** 							{
1205:Middlewares/Third_Party/FreeRTOS/Source/queue.c **** 								/* The task waiting has a higher priority so
1206:Middlewares/Third_Party/FreeRTOS/Source/queue.c **** 								record that a context switch is required. */
1207:Middlewares/Third_Party/FreeRTOS/Source/queue.c **** 								if( pxHigherPriorityTaskWoken != NULL )
1208:Middlewares/Third_Party/FreeRTOS/Source/queue.c **** 								{
1209:Middlewares/Third_Party/FreeRTOS/Source/queue.c **** 									*pxHigherPriorityTaskWoken = pdTRUE;
1210:Middlewares/Third_Party/FreeRTOS/Source/queue.c **** 								}
1211:Middlewares/Third_Party/FreeRTOS/Source/queue.c **** 								else
1212:Middlewares/Third_Party/FreeRTOS/Source/queue.c **** 								{
1213:Middlewares/Third_Party/FreeRTOS/Source/queue.c **** 									mtCOVERAGE_TEST_MARKER();
1214:Middlewares/Third_Party/FreeRTOS/Source/queue.c **** 								}
1215:Middlewares/Third_Party/FreeRTOS/Source/queue.c **** 							}
1216:Middlewares/Third_Party/FreeRTOS/Source/queue.c **** 							else
1217:Middlewares/Third_Party/FreeRTOS/Source/queue.c **** 							{
1218:Middlewares/Third_Party/FreeRTOS/Source/queue.c **** 								mtCOVERAGE_TEST_MARKER();
1219:Middlewares/Third_Party/FreeRTOS/Source/queue.c **** 							}
1220:Middlewares/Third_Party/FreeRTOS/Source/queue.c **** 						}
1221:Middlewares/Third_Party/FreeRTOS/Source/queue.c **** 						else
1222:Middlewares/Third_Party/FreeRTOS/Source/queue.c **** 						{
1223:Middlewares/Third_Party/FreeRTOS/Source/queue.c **** 							mtCOVERAGE_TEST_MARKER();
1224:Middlewares/Third_Party/FreeRTOS/Source/queue.c **** 						}
1225:Middlewares/Third_Party/FreeRTOS/Source/queue.c **** 					}
1226:Middlewares/Third_Party/FreeRTOS/Source/queue.c **** 				}
1227:Middlewares/Third_Party/FreeRTOS/Source/queue.c **** 				#else /* configUSE_QUEUE_SETS */
1228:Middlewares/Third_Party/FreeRTOS/Source/queue.c **** 				{
1229:Middlewares/Third_Party/FreeRTOS/Source/queue.c **** 					if( listLIST_IS_EMPTY( &( pxQueue->xTasksWaitingToReceive ) ) == pdFALSE )
ARM GAS  D:\TMP\ccboKuyk.s 			page 23


1230:Middlewares/Third_Party/FreeRTOS/Source/queue.c **** 					{
1231:Middlewares/Third_Party/FreeRTOS/Source/queue.c **** 						if( xTaskRemoveFromEventList( &( pxQueue->xTasksWaitingToReceive ) ) != pdFALSE )
1232:Middlewares/Third_Party/FreeRTOS/Source/queue.c **** 						{
1233:Middlewares/Third_Party/FreeRTOS/Source/queue.c **** 							/* The task waiting has a higher priority so record that a
1234:Middlewares/Third_Party/FreeRTOS/Source/queue.c **** 							context	switch is required. */
1235:Middlewares/Third_Party/FreeRTOS/Source/queue.c **** 							if( pxHigherPriorityTaskWoken != NULL )
1236:Middlewares/Third_Party/FreeRTOS/Source/queue.c **** 							{
1237:Middlewares/Third_Party/FreeRTOS/Source/queue.c **** 								*pxHigherPriorityTaskWoken = pdTRUE;
1238:Middlewares/Third_Party/FreeRTOS/Source/queue.c **** 							}
1239:Middlewares/Third_Party/FreeRTOS/Source/queue.c **** 							else
1240:Middlewares/Third_Party/FreeRTOS/Source/queue.c **** 							{
1241:Middlewares/Third_Party/FreeRTOS/Source/queue.c **** 								mtCOVERAGE_TEST_MARKER();
1242:Middlewares/Third_Party/FreeRTOS/Source/queue.c **** 							}
1243:Middlewares/Third_Party/FreeRTOS/Source/queue.c **** 						}
1244:Middlewares/Third_Party/FreeRTOS/Source/queue.c **** 						else
1245:Middlewares/Third_Party/FreeRTOS/Source/queue.c **** 						{
1246:Middlewares/Third_Party/FreeRTOS/Source/queue.c **** 							mtCOVERAGE_TEST_MARKER();
1247:Middlewares/Third_Party/FreeRTOS/Source/queue.c **** 						}
1248:Middlewares/Third_Party/FreeRTOS/Source/queue.c **** 					}
1249:Middlewares/Third_Party/FreeRTOS/Source/queue.c **** 					else
1250:Middlewares/Third_Party/FreeRTOS/Source/queue.c **** 					{
1251:Middlewares/Third_Party/FreeRTOS/Source/queue.c **** 						mtCOVERAGE_TEST_MARKER();
1252:Middlewares/Third_Party/FreeRTOS/Source/queue.c **** 					}
1253:Middlewares/Third_Party/FreeRTOS/Source/queue.c **** 				}
1254:Middlewares/Third_Party/FreeRTOS/Source/queue.c **** 				#endif /* configUSE_QUEUE_SETS */
1255:Middlewares/Third_Party/FreeRTOS/Source/queue.c **** 			}
1256:Middlewares/Third_Party/FreeRTOS/Source/queue.c **** 			else
1257:Middlewares/Third_Party/FreeRTOS/Source/queue.c **** 			{
1258:Middlewares/Third_Party/FreeRTOS/Source/queue.c **** 				/* Increment the lock count so the task that unlocks the queue
1259:Middlewares/Third_Party/FreeRTOS/Source/queue.c **** 				knows that data was posted while it was locked. */
1260:Middlewares/Third_Party/FreeRTOS/Source/queue.c **** 				pxQueue->cTxLock = ( int8_t ) ( cTxLock + 1 );
1261:Middlewares/Third_Party/FreeRTOS/Source/queue.c **** 			}
1262:Middlewares/Third_Party/FreeRTOS/Source/queue.c **** 
1263:Middlewares/Third_Party/FreeRTOS/Source/queue.c **** 			xReturn = pdPASS;
1264:Middlewares/Third_Party/FreeRTOS/Source/queue.c **** 		}
1265:Middlewares/Third_Party/FreeRTOS/Source/queue.c **** 		else
1266:Middlewares/Third_Party/FreeRTOS/Source/queue.c **** 		{
1267:Middlewares/Third_Party/FreeRTOS/Source/queue.c **** 			traceQUEUE_SEND_FROM_ISR_FAILED( pxQueue );
1268:Middlewares/Third_Party/FreeRTOS/Source/queue.c **** 			xReturn = errQUEUE_FULL;
1269:Middlewares/Third_Party/FreeRTOS/Source/queue.c **** 		}
1270:Middlewares/Third_Party/FreeRTOS/Source/queue.c **** 	}
1271:Middlewares/Third_Party/FreeRTOS/Source/queue.c **** 	portCLEAR_INTERRUPT_MASK_FROM_ISR( uxSavedInterruptStatus );
1272:Middlewares/Third_Party/FreeRTOS/Source/queue.c **** 
1273:Middlewares/Third_Party/FreeRTOS/Source/queue.c **** 	return xReturn;
1274:Middlewares/Third_Party/FreeRTOS/Source/queue.c **** }
1275:Middlewares/Third_Party/FreeRTOS/Source/queue.c **** /*-----------------------------------------------------------*/
1276:Middlewares/Third_Party/FreeRTOS/Source/queue.c **** 
1277:Middlewares/Third_Party/FreeRTOS/Source/queue.c **** BaseType_t xQueueReceive( QueueHandle_t xQueue, void * const pvBuffer, TickType_t xTicksToWait )
1278:Middlewares/Third_Party/FreeRTOS/Source/queue.c **** {
1279:Middlewares/Third_Party/FreeRTOS/Source/queue.c **** BaseType_t xEntryTimeSet = pdFALSE;
1280:Middlewares/Third_Party/FreeRTOS/Source/queue.c **** TimeOut_t xTimeOut;
1281:Middlewares/Third_Party/FreeRTOS/Source/queue.c **** Queue_t * const pxQueue = xQueue;
1282:Middlewares/Third_Party/FreeRTOS/Source/queue.c **** 
1283:Middlewares/Third_Party/FreeRTOS/Source/queue.c **** 	/* Check the pointer is not NULL. */
1284:Middlewares/Third_Party/FreeRTOS/Source/queue.c **** 	configASSERT( ( pxQueue ) );
1285:Middlewares/Third_Party/FreeRTOS/Source/queue.c **** 
1286:Middlewares/Third_Party/FreeRTOS/Source/queue.c **** 	/* The buffer into which data is received can only be NULL if the data size
ARM GAS  D:\TMP\ccboKuyk.s 			page 24


1287:Middlewares/Third_Party/FreeRTOS/Source/queue.c **** 	is zero (so no data is copied into the buffer. */
1288:Middlewares/Third_Party/FreeRTOS/Source/queue.c **** 	configASSERT( !( ( ( pvBuffer ) == NULL ) && ( ( pxQueue )->uxItemSize != ( UBaseType_t ) 0U ) ) )
1289:Middlewares/Third_Party/FreeRTOS/Source/queue.c **** 
1290:Middlewares/Third_Party/FreeRTOS/Source/queue.c **** 	/* Cannot block if the scheduler is suspended. */
1291:Middlewares/Third_Party/FreeRTOS/Source/queue.c **** 	#if ( ( INCLUDE_xTaskGetSchedulerState == 1 ) || ( configUSE_TIMERS == 1 ) )
1292:Middlewares/Third_Party/FreeRTOS/Source/queue.c **** 	{
1293:Middlewares/Third_Party/FreeRTOS/Source/queue.c **** 		configASSERT( !( ( xTaskGetSchedulerState() == taskSCHEDULER_SUSPENDED ) && ( xTicksToWait != 0 )
1294:Middlewares/Third_Party/FreeRTOS/Source/queue.c **** 	}
1295:Middlewares/Third_Party/FreeRTOS/Source/queue.c **** 	#endif
1296:Middlewares/Third_Party/FreeRTOS/Source/queue.c **** 
1297:Middlewares/Third_Party/FreeRTOS/Source/queue.c **** 
1298:Middlewares/Third_Party/FreeRTOS/Source/queue.c **** 	/*lint -save -e904  This function relaxes the coding standard somewhat to
1299:Middlewares/Third_Party/FreeRTOS/Source/queue.c **** 	allow return statements within the function itself.  This is done in the
1300:Middlewares/Third_Party/FreeRTOS/Source/queue.c **** 	interest of execution time efficiency. */
1301:Middlewares/Third_Party/FreeRTOS/Source/queue.c **** 	for( ;; )
1302:Middlewares/Third_Party/FreeRTOS/Source/queue.c **** 	{
1303:Middlewares/Third_Party/FreeRTOS/Source/queue.c **** 		taskENTER_CRITICAL();
1304:Middlewares/Third_Party/FreeRTOS/Source/queue.c **** 		{
1305:Middlewares/Third_Party/FreeRTOS/Source/queue.c **** 			const UBaseType_t uxMessagesWaiting = pxQueue->uxMessagesWaiting;
1306:Middlewares/Third_Party/FreeRTOS/Source/queue.c **** 
1307:Middlewares/Third_Party/FreeRTOS/Source/queue.c **** 			/* Is there data in the queue now?  To be running the calling task
1308:Middlewares/Third_Party/FreeRTOS/Source/queue.c **** 			must be the highest priority task wanting to access the queue. */
1309:Middlewares/Third_Party/FreeRTOS/Source/queue.c **** 			if( uxMessagesWaiting > ( UBaseType_t ) 0 )
1310:Middlewares/Third_Party/FreeRTOS/Source/queue.c **** 			{
1311:Middlewares/Third_Party/FreeRTOS/Source/queue.c **** 				/* Data available, remove one item. */
1312:Middlewares/Third_Party/FreeRTOS/Source/queue.c **** 				prvCopyDataFromQueue( pxQueue, pvBuffer );
1313:Middlewares/Third_Party/FreeRTOS/Source/queue.c **** 				traceQUEUE_RECEIVE( pxQueue );
1314:Middlewares/Third_Party/FreeRTOS/Source/queue.c **** 				pxQueue->uxMessagesWaiting = uxMessagesWaiting - ( UBaseType_t ) 1;
1315:Middlewares/Third_Party/FreeRTOS/Source/queue.c **** 
1316:Middlewares/Third_Party/FreeRTOS/Source/queue.c **** 				/* There is now space in the queue, were any tasks waiting to
1317:Middlewares/Third_Party/FreeRTOS/Source/queue.c **** 				post to the queue?  If so, unblock the highest priority waiting
1318:Middlewares/Third_Party/FreeRTOS/Source/queue.c **** 				task. */
1319:Middlewares/Third_Party/FreeRTOS/Source/queue.c **** 				if( listLIST_IS_EMPTY( &( pxQueue->xTasksWaitingToSend ) ) == pdFALSE )
1320:Middlewares/Third_Party/FreeRTOS/Source/queue.c **** 				{
1321:Middlewares/Third_Party/FreeRTOS/Source/queue.c **** 					if( xTaskRemoveFromEventList( &( pxQueue->xTasksWaitingToSend ) ) != pdFALSE )
1322:Middlewares/Third_Party/FreeRTOS/Source/queue.c **** 					{
1323:Middlewares/Third_Party/FreeRTOS/Source/queue.c **** 						queueYIELD_IF_USING_PREEMPTION();
1324:Middlewares/Third_Party/FreeRTOS/Source/queue.c **** 					}
1325:Middlewares/Third_Party/FreeRTOS/Source/queue.c **** 					else
1326:Middlewares/Third_Party/FreeRTOS/Source/queue.c **** 					{
1327:Middlewares/Third_Party/FreeRTOS/Source/queue.c **** 						mtCOVERAGE_TEST_MARKER();
1328:Middlewares/Third_Party/FreeRTOS/Source/queue.c **** 					}
1329:Middlewares/Third_Party/FreeRTOS/Source/queue.c **** 				}
1330:Middlewares/Third_Party/FreeRTOS/Source/queue.c **** 				else
1331:Middlewares/Third_Party/FreeRTOS/Source/queue.c **** 				{
1332:Middlewares/Third_Party/FreeRTOS/Source/queue.c **** 					mtCOVERAGE_TEST_MARKER();
1333:Middlewares/Third_Party/FreeRTOS/Source/queue.c **** 				}
1334:Middlewares/Third_Party/FreeRTOS/Source/queue.c **** 
1335:Middlewares/Third_Party/FreeRTOS/Source/queue.c **** 				taskEXIT_CRITICAL();
1336:Middlewares/Third_Party/FreeRTOS/Source/queue.c **** 				return pdPASS;
1337:Middlewares/Third_Party/FreeRTOS/Source/queue.c **** 			}
1338:Middlewares/Third_Party/FreeRTOS/Source/queue.c **** 			else
1339:Middlewares/Third_Party/FreeRTOS/Source/queue.c **** 			{
1340:Middlewares/Third_Party/FreeRTOS/Source/queue.c **** 				if( xTicksToWait == ( TickType_t ) 0 )
1341:Middlewares/Third_Party/FreeRTOS/Source/queue.c **** 				{
1342:Middlewares/Third_Party/FreeRTOS/Source/queue.c **** 					/* The queue was empty and no block time is specified (or
1343:Middlewares/Third_Party/FreeRTOS/Source/queue.c **** 					the block time has expired) so leave now. */
ARM GAS  D:\TMP\ccboKuyk.s 			page 25


1344:Middlewares/Third_Party/FreeRTOS/Source/queue.c **** 					taskEXIT_CRITICAL();
1345:Middlewares/Third_Party/FreeRTOS/Source/queue.c **** 					traceQUEUE_RECEIVE_FAILED( pxQueue );
1346:Middlewares/Third_Party/FreeRTOS/Source/queue.c **** 					return errQUEUE_EMPTY;
1347:Middlewares/Third_Party/FreeRTOS/Source/queue.c **** 				}
1348:Middlewares/Third_Party/FreeRTOS/Source/queue.c **** 				else if( xEntryTimeSet == pdFALSE )
1349:Middlewares/Third_Party/FreeRTOS/Source/queue.c **** 				{
1350:Middlewares/Third_Party/FreeRTOS/Source/queue.c **** 					/* The queue was empty and a block time was specified so
1351:Middlewares/Third_Party/FreeRTOS/Source/queue.c **** 					configure the timeout structure. */
1352:Middlewares/Third_Party/FreeRTOS/Source/queue.c **** 					vTaskInternalSetTimeOutState( &xTimeOut );
1353:Middlewares/Third_Party/FreeRTOS/Source/queue.c **** 					xEntryTimeSet = pdTRUE;
1354:Middlewares/Third_Party/FreeRTOS/Source/queue.c **** 				}
1355:Middlewares/Third_Party/FreeRTOS/Source/queue.c **** 				else
1356:Middlewares/Third_Party/FreeRTOS/Source/queue.c **** 				{
1357:Middlewares/Third_Party/FreeRTOS/Source/queue.c **** 					/* Entry time was already set. */
1358:Middlewares/Third_Party/FreeRTOS/Source/queue.c **** 					mtCOVERAGE_TEST_MARKER();
1359:Middlewares/Third_Party/FreeRTOS/Source/queue.c **** 				}
1360:Middlewares/Third_Party/FreeRTOS/Source/queue.c **** 			}
1361:Middlewares/Third_Party/FreeRTOS/Source/queue.c **** 		}
1362:Middlewares/Third_Party/FreeRTOS/Source/queue.c **** 		taskEXIT_CRITICAL();
1363:Middlewares/Third_Party/FreeRTOS/Source/queue.c **** 
1364:Middlewares/Third_Party/FreeRTOS/Source/queue.c **** 		/* Interrupts and other tasks can send to and receive from the queue
1365:Middlewares/Third_Party/FreeRTOS/Source/queue.c **** 		now the critical section has been exited. */
1366:Middlewares/Third_Party/FreeRTOS/Source/queue.c **** 
1367:Middlewares/Third_Party/FreeRTOS/Source/queue.c **** 		vTaskSuspendAll();
1368:Middlewares/Third_Party/FreeRTOS/Source/queue.c **** 		prvLockQueue( pxQueue );
1369:Middlewares/Third_Party/FreeRTOS/Source/queue.c **** 
1370:Middlewares/Third_Party/FreeRTOS/Source/queue.c **** 		/* Update the timeout state to see if it has expired yet. */
1371:Middlewares/Third_Party/FreeRTOS/Source/queue.c **** 		if( xTaskCheckForTimeOut( &xTimeOut, &xTicksToWait ) == pdFALSE )
1372:Middlewares/Third_Party/FreeRTOS/Source/queue.c **** 		{
1373:Middlewares/Third_Party/FreeRTOS/Source/queue.c **** 			/* The timeout has not expired.  If the queue is still empty place
1374:Middlewares/Third_Party/FreeRTOS/Source/queue.c **** 			the task on the list of tasks waiting to receive from the queue. */
1375:Middlewares/Third_Party/FreeRTOS/Source/queue.c **** 			if( prvIsQueueEmpty( pxQueue ) != pdFALSE )
1376:Middlewares/Third_Party/FreeRTOS/Source/queue.c **** 			{
1377:Middlewares/Third_Party/FreeRTOS/Source/queue.c **** 				traceBLOCKING_ON_QUEUE_RECEIVE( pxQueue );
1378:Middlewares/Third_Party/FreeRTOS/Source/queue.c **** 				vTaskPlaceOnEventList( &( pxQueue->xTasksWaitingToReceive ), xTicksToWait );
1379:Middlewares/Third_Party/FreeRTOS/Source/queue.c **** 				prvUnlockQueue( pxQueue );
1380:Middlewares/Third_Party/FreeRTOS/Source/queue.c **** 				if( xTaskResumeAll() == pdFALSE )
1381:Middlewares/Third_Party/FreeRTOS/Source/queue.c **** 				{
1382:Middlewares/Third_Party/FreeRTOS/Source/queue.c **** 					portYIELD_WITHIN_API();
1383:Middlewares/Third_Party/FreeRTOS/Source/queue.c **** 				}
1384:Middlewares/Third_Party/FreeRTOS/Source/queue.c **** 				else
1385:Middlewares/Third_Party/FreeRTOS/Source/queue.c **** 				{
1386:Middlewares/Third_Party/FreeRTOS/Source/queue.c **** 					mtCOVERAGE_TEST_MARKER();
1387:Middlewares/Third_Party/FreeRTOS/Source/queue.c **** 				}
1388:Middlewares/Third_Party/FreeRTOS/Source/queue.c **** 			}
1389:Middlewares/Third_Party/FreeRTOS/Source/queue.c **** 			else
1390:Middlewares/Third_Party/FreeRTOS/Source/queue.c **** 			{
1391:Middlewares/Third_Party/FreeRTOS/Source/queue.c **** 				/* The queue contains data again.  Loop back to try and read the
1392:Middlewares/Third_Party/FreeRTOS/Source/queue.c **** 				data. */
1393:Middlewares/Third_Party/FreeRTOS/Source/queue.c **** 				prvUnlockQueue( pxQueue );
1394:Middlewares/Third_Party/FreeRTOS/Source/queue.c **** 				( void ) xTaskResumeAll();
1395:Middlewares/Third_Party/FreeRTOS/Source/queue.c **** 			}
1396:Middlewares/Third_Party/FreeRTOS/Source/queue.c **** 		}
1397:Middlewares/Third_Party/FreeRTOS/Source/queue.c **** 		else
1398:Middlewares/Third_Party/FreeRTOS/Source/queue.c **** 		{
1399:Middlewares/Third_Party/FreeRTOS/Source/queue.c **** 			/* Timed out.  If there is no data in the queue exit, otherwise loop
1400:Middlewares/Third_Party/FreeRTOS/Source/queue.c **** 			back and attempt to read the data. */
ARM GAS  D:\TMP\ccboKuyk.s 			page 26


1401:Middlewares/Third_Party/FreeRTOS/Source/queue.c **** 			prvUnlockQueue( pxQueue );
1402:Middlewares/Third_Party/FreeRTOS/Source/queue.c **** 			( void ) xTaskResumeAll();
1403:Middlewares/Third_Party/FreeRTOS/Source/queue.c **** 
1404:Middlewares/Third_Party/FreeRTOS/Source/queue.c **** 			if( prvIsQueueEmpty( pxQueue ) != pdFALSE )
1405:Middlewares/Third_Party/FreeRTOS/Source/queue.c **** 			{
1406:Middlewares/Third_Party/FreeRTOS/Source/queue.c **** 				traceQUEUE_RECEIVE_FAILED( pxQueue );
1407:Middlewares/Third_Party/FreeRTOS/Source/queue.c **** 				return errQUEUE_EMPTY;
1408:Middlewares/Third_Party/FreeRTOS/Source/queue.c **** 			}
1409:Middlewares/Third_Party/FreeRTOS/Source/queue.c **** 			else
1410:Middlewares/Third_Party/FreeRTOS/Source/queue.c **** 			{
1411:Middlewares/Third_Party/FreeRTOS/Source/queue.c **** 				mtCOVERAGE_TEST_MARKER();
1412:Middlewares/Third_Party/FreeRTOS/Source/queue.c **** 			}
1413:Middlewares/Third_Party/FreeRTOS/Source/queue.c **** 		}
1414:Middlewares/Third_Party/FreeRTOS/Source/queue.c **** 	} /*lint -restore */
1415:Middlewares/Third_Party/FreeRTOS/Source/queue.c **** }
1416:Middlewares/Third_Party/FreeRTOS/Source/queue.c **** /*-----------------------------------------------------------*/
1417:Middlewares/Third_Party/FreeRTOS/Source/queue.c **** 
1418:Middlewares/Third_Party/FreeRTOS/Source/queue.c **** BaseType_t xQueueSemaphoreTake( QueueHandle_t xQueue, TickType_t xTicksToWait )
1419:Middlewares/Third_Party/FreeRTOS/Source/queue.c **** {
1420:Middlewares/Third_Party/FreeRTOS/Source/queue.c **** BaseType_t xEntryTimeSet = pdFALSE;
1421:Middlewares/Third_Party/FreeRTOS/Source/queue.c **** TimeOut_t xTimeOut;
1422:Middlewares/Third_Party/FreeRTOS/Source/queue.c **** Queue_t * const pxQueue = xQueue;
1423:Middlewares/Third_Party/FreeRTOS/Source/queue.c **** 
1424:Middlewares/Third_Party/FreeRTOS/Source/queue.c **** #if( configUSE_MUTEXES == 1 )
1425:Middlewares/Third_Party/FreeRTOS/Source/queue.c **** 	BaseType_t xInheritanceOccurred = pdFALSE;
1426:Middlewares/Third_Party/FreeRTOS/Source/queue.c **** #endif
1427:Middlewares/Third_Party/FreeRTOS/Source/queue.c **** 
1428:Middlewares/Third_Party/FreeRTOS/Source/queue.c **** 	/* Check the queue pointer is not NULL. */
1429:Middlewares/Third_Party/FreeRTOS/Source/queue.c **** 	configASSERT( ( pxQueue ) );
1430:Middlewares/Third_Party/FreeRTOS/Source/queue.c **** 
1431:Middlewares/Third_Party/FreeRTOS/Source/queue.c **** 	/* Check this really is a semaphore, in which case the item size will be
1432:Middlewares/Third_Party/FreeRTOS/Source/queue.c **** 	0. */
1433:Middlewares/Third_Party/FreeRTOS/Source/queue.c **** 	configASSERT( pxQueue->uxItemSize == 0 );
1434:Middlewares/Third_Party/FreeRTOS/Source/queue.c **** 
1435:Middlewares/Third_Party/FreeRTOS/Source/queue.c **** 	/* Cannot block if the scheduler is suspended. */
1436:Middlewares/Third_Party/FreeRTOS/Source/queue.c **** 	#if ( ( INCLUDE_xTaskGetSchedulerState == 1 ) || ( configUSE_TIMERS == 1 ) )
1437:Middlewares/Third_Party/FreeRTOS/Source/queue.c **** 	{
1438:Middlewares/Third_Party/FreeRTOS/Source/queue.c **** 		configASSERT( !( ( xTaskGetSchedulerState() == taskSCHEDULER_SUSPENDED ) && ( xTicksToWait != 0 )
1439:Middlewares/Third_Party/FreeRTOS/Source/queue.c **** 	}
1440:Middlewares/Third_Party/FreeRTOS/Source/queue.c **** 	#endif
1441:Middlewares/Third_Party/FreeRTOS/Source/queue.c **** 
1442:Middlewares/Third_Party/FreeRTOS/Source/queue.c **** 
1443:Middlewares/Third_Party/FreeRTOS/Source/queue.c **** 	/*lint -save -e904 This function relaxes the coding standard somewhat to allow return
1444:Middlewares/Third_Party/FreeRTOS/Source/queue.c **** 	statements within the function itself.  This is done in the interest
1445:Middlewares/Third_Party/FreeRTOS/Source/queue.c **** 	of execution time efficiency. */
1446:Middlewares/Third_Party/FreeRTOS/Source/queue.c **** 	for( ;; )
1447:Middlewares/Third_Party/FreeRTOS/Source/queue.c **** 	{
1448:Middlewares/Third_Party/FreeRTOS/Source/queue.c **** 		taskENTER_CRITICAL();
1449:Middlewares/Third_Party/FreeRTOS/Source/queue.c **** 		{
1450:Middlewares/Third_Party/FreeRTOS/Source/queue.c **** 			/* Semaphores are queues with an item size of 0, and where the
1451:Middlewares/Third_Party/FreeRTOS/Source/queue.c **** 			number of messages in the queue is the semaphore's count value. */
1452:Middlewares/Third_Party/FreeRTOS/Source/queue.c **** 			const UBaseType_t uxSemaphoreCount = pxQueue->uxMessagesWaiting;
1453:Middlewares/Third_Party/FreeRTOS/Source/queue.c **** 
1454:Middlewares/Third_Party/FreeRTOS/Source/queue.c **** 			/* Is there data in the queue now?  To be running the calling task
1455:Middlewares/Third_Party/FreeRTOS/Source/queue.c **** 			must be the highest priority task wanting to access the queue. */
1456:Middlewares/Third_Party/FreeRTOS/Source/queue.c **** 			if( uxSemaphoreCount > ( UBaseType_t ) 0 )
1457:Middlewares/Third_Party/FreeRTOS/Source/queue.c **** 			{
ARM GAS  D:\TMP\ccboKuyk.s 			page 27


1458:Middlewares/Third_Party/FreeRTOS/Source/queue.c **** 				traceQUEUE_RECEIVE( pxQueue );
1459:Middlewares/Third_Party/FreeRTOS/Source/queue.c **** 
1460:Middlewares/Third_Party/FreeRTOS/Source/queue.c **** 				/* Semaphores are queues with a data size of zero and where the
1461:Middlewares/Third_Party/FreeRTOS/Source/queue.c **** 				messages waiting is the semaphore's count.  Reduce the count. */
1462:Middlewares/Third_Party/FreeRTOS/Source/queue.c **** 				pxQueue->uxMessagesWaiting = uxSemaphoreCount - ( UBaseType_t ) 1;
1463:Middlewares/Third_Party/FreeRTOS/Source/queue.c **** 
1464:Middlewares/Third_Party/FreeRTOS/Source/queue.c **** 				#if ( configUSE_MUTEXES == 1 )
1465:Middlewares/Third_Party/FreeRTOS/Source/queue.c **** 				{
1466:Middlewares/Third_Party/FreeRTOS/Source/queue.c **** 					if( pxQueue->uxQueueType == queueQUEUE_IS_MUTEX )
1467:Middlewares/Third_Party/FreeRTOS/Source/queue.c **** 					{
1468:Middlewares/Third_Party/FreeRTOS/Source/queue.c **** 						/* Record the information required to implement
1469:Middlewares/Third_Party/FreeRTOS/Source/queue.c **** 						priority inheritance should it become necessary. */
1470:Middlewares/Third_Party/FreeRTOS/Source/queue.c **** 						pxQueue->u.xSemaphore.xMutexHolder = pvTaskIncrementMutexHeldCount();
1471:Middlewares/Third_Party/FreeRTOS/Source/queue.c **** 					}
1472:Middlewares/Third_Party/FreeRTOS/Source/queue.c **** 					else
1473:Middlewares/Third_Party/FreeRTOS/Source/queue.c **** 					{
1474:Middlewares/Third_Party/FreeRTOS/Source/queue.c **** 						mtCOVERAGE_TEST_MARKER();
1475:Middlewares/Third_Party/FreeRTOS/Source/queue.c **** 					}
1476:Middlewares/Third_Party/FreeRTOS/Source/queue.c **** 				}
1477:Middlewares/Third_Party/FreeRTOS/Source/queue.c **** 				#endif /* configUSE_MUTEXES */
1478:Middlewares/Third_Party/FreeRTOS/Source/queue.c **** 
1479:Middlewares/Third_Party/FreeRTOS/Source/queue.c **** 				/* Check to see if other tasks are blocked waiting to give the
1480:Middlewares/Third_Party/FreeRTOS/Source/queue.c **** 				semaphore, and if so, unblock the highest priority such task. */
1481:Middlewares/Third_Party/FreeRTOS/Source/queue.c **** 				if( listLIST_IS_EMPTY( &( pxQueue->xTasksWaitingToSend ) ) == pdFALSE )
1482:Middlewares/Third_Party/FreeRTOS/Source/queue.c **** 				{
1483:Middlewares/Third_Party/FreeRTOS/Source/queue.c **** 					if( xTaskRemoveFromEventList( &( pxQueue->xTasksWaitingToSend ) ) != pdFALSE )
1484:Middlewares/Third_Party/FreeRTOS/Source/queue.c **** 					{
1485:Middlewares/Third_Party/FreeRTOS/Source/queue.c **** 						queueYIELD_IF_USING_PREEMPTION();
1486:Middlewares/Third_Party/FreeRTOS/Source/queue.c **** 					}
1487:Middlewares/Third_Party/FreeRTOS/Source/queue.c **** 					else
1488:Middlewares/Third_Party/FreeRTOS/Source/queue.c **** 					{
1489:Middlewares/Third_Party/FreeRTOS/Source/queue.c **** 						mtCOVERAGE_TEST_MARKER();
1490:Middlewares/Third_Party/FreeRTOS/Source/queue.c **** 					}
1491:Middlewares/Third_Party/FreeRTOS/Source/queue.c **** 				}
1492:Middlewares/Third_Party/FreeRTOS/Source/queue.c **** 				else
1493:Middlewares/Third_Party/FreeRTOS/Source/queue.c **** 				{
1494:Middlewares/Third_Party/FreeRTOS/Source/queue.c **** 					mtCOVERAGE_TEST_MARKER();
1495:Middlewares/Third_Party/FreeRTOS/Source/queue.c **** 				}
1496:Middlewares/Third_Party/FreeRTOS/Source/queue.c **** 
1497:Middlewares/Third_Party/FreeRTOS/Source/queue.c **** 				taskEXIT_CRITICAL();
1498:Middlewares/Third_Party/FreeRTOS/Source/queue.c **** 				return pdPASS;
1499:Middlewares/Third_Party/FreeRTOS/Source/queue.c **** 			}
1500:Middlewares/Third_Party/FreeRTOS/Source/queue.c **** 			else
1501:Middlewares/Third_Party/FreeRTOS/Source/queue.c **** 			{
1502:Middlewares/Third_Party/FreeRTOS/Source/queue.c **** 				if( xTicksToWait == ( TickType_t ) 0 )
1503:Middlewares/Third_Party/FreeRTOS/Source/queue.c **** 				{
1504:Middlewares/Third_Party/FreeRTOS/Source/queue.c **** 					/* For inheritance to have occurred there must have been an
1505:Middlewares/Third_Party/FreeRTOS/Source/queue.c **** 					initial timeout, and an adjusted timeout cannot become 0, as
1506:Middlewares/Third_Party/FreeRTOS/Source/queue.c **** 					if it were 0 the function would have exited. */
1507:Middlewares/Third_Party/FreeRTOS/Source/queue.c **** 					#if( configUSE_MUTEXES == 1 )
1508:Middlewares/Third_Party/FreeRTOS/Source/queue.c **** 					{
1509:Middlewares/Third_Party/FreeRTOS/Source/queue.c **** 						configASSERT( xInheritanceOccurred == pdFALSE );
1510:Middlewares/Third_Party/FreeRTOS/Source/queue.c **** 					}
1511:Middlewares/Third_Party/FreeRTOS/Source/queue.c **** 					#endif /* configUSE_MUTEXES */
1512:Middlewares/Third_Party/FreeRTOS/Source/queue.c **** 
1513:Middlewares/Third_Party/FreeRTOS/Source/queue.c **** 					/* The semaphore count was 0 and no block time is specified
1514:Middlewares/Third_Party/FreeRTOS/Source/queue.c **** 					(or the block time has expired) so exit now. */
ARM GAS  D:\TMP\ccboKuyk.s 			page 28


1515:Middlewares/Third_Party/FreeRTOS/Source/queue.c **** 					taskEXIT_CRITICAL();
1516:Middlewares/Third_Party/FreeRTOS/Source/queue.c **** 					traceQUEUE_RECEIVE_FAILED( pxQueue );
1517:Middlewares/Third_Party/FreeRTOS/Source/queue.c **** 					return errQUEUE_EMPTY;
1518:Middlewares/Third_Party/FreeRTOS/Source/queue.c **** 				}
1519:Middlewares/Third_Party/FreeRTOS/Source/queue.c **** 				else if( xEntryTimeSet == pdFALSE )
1520:Middlewares/Third_Party/FreeRTOS/Source/queue.c **** 				{
1521:Middlewares/Third_Party/FreeRTOS/Source/queue.c **** 					/* The semaphore count was 0 and a block time was specified
1522:Middlewares/Third_Party/FreeRTOS/Source/queue.c **** 					so configure the timeout structure ready to block. */
1523:Middlewares/Third_Party/FreeRTOS/Source/queue.c **** 					vTaskInternalSetTimeOutState( &xTimeOut );
1524:Middlewares/Third_Party/FreeRTOS/Source/queue.c **** 					xEntryTimeSet = pdTRUE;
1525:Middlewares/Third_Party/FreeRTOS/Source/queue.c **** 				}
1526:Middlewares/Third_Party/FreeRTOS/Source/queue.c **** 				else
1527:Middlewares/Third_Party/FreeRTOS/Source/queue.c **** 				{
1528:Middlewares/Third_Party/FreeRTOS/Source/queue.c **** 					/* Entry time was already set. */
1529:Middlewares/Third_Party/FreeRTOS/Source/queue.c **** 					mtCOVERAGE_TEST_MARKER();
1530:Middlewares/Third_Party/FreeRTOS/Source/queue.c **** 				}
1531:Middlewares/Third_Party/FreeRTOS/Source/queue.c **** 			}
1532:Middlewares/Third_Party/FreeRTOS/Source/queue.c **** 		}
1533:Middlewares/Third_Party/FreeRTOS/Source/queue.c **** 		taskEXIT_CRITICAL();
1534:Middlewares/Third_Party/FreeRTOS/Source/queue.c **** 
1535:Middlewares/Third_Party/FreeRTOS/Source/queue.c **** 		/* Interrupts and other tasks can give to and take from the semaphore
1536:Middlewares/Third_Party/FreeRTOS/Source/queue.c **** 		now the critical section has been exited. */
1537:Middlewares/Third_Party/FreeRTOS/Source/queue.c **** 
1538:Middlewares/Third_Party/FreeRTOS/Source/queue.c **** 		vTaskSuspendAll();
1539:Middlewares/Third_Party/FreeRTOS/Source/queue.c **** 		prvLockQueue( pxQueue );
1540:Middlewares/Third_Party/FreeRTOS/Source/queue.c **** 
1541:Middlewares/Third_Party/FreeRTOS/Source/queue.c **** 		/* Update the timeout state to see if it has expired yet. */
1542:Middlewares/Third_Party/FreeRTOS/Source/queue.c **** 		if( xTaskCheckForTimeOut( &xTimeOut, &xTicksToWait ) == pdFALSE )
1543:Middlewares/Third_Party/FreeRTOS/Source/queue.c **** 		{
1544:Middlewares/Third_Party/FreeRTOS/Source/queue.c **** 			/* A block time is specified and not expired.  If the semaphore
1545:Middlewares/Third_Party/FreeRTOS/Source/queue.c **** 			count is 0 then enter the Blocked state to wait for a semaphore to
1546:Middlewares/Third_Party/FreeRTOS/Source/queue.c **** 			become available.  As semaphores are implemented with queues the
1547:Middlewares/Third_Party/FreeRTOS/Source/queue.c **** 			queue being empty is equivalent to the semaphore count being 0. */
1548:Middlewares/Third_Party/FreeRTOS/Source/queue.c **** 			if( prvIsQueueEmpty( pxQueue ) != pdFALSE )
1549:Middlewares/Third_Party/FreeRTOS/Source/queue.c **** 			{
1550:Middlewares/Third_Party/FreeRTOS/Source/queue.c **** 				traceBLOCKING_ON_QUEUE_RECEIVE( pxQueue );
1551:Middlewares/Third_Party/FreeRTOS/Source/queue.c **** 
1552:Middlewares/Third_Party/FreeRTOS/Source/queue.c **** 				#if ( configUSE_MUTEXES == 1 )
1553:Middlewares/Third_Party/FreeRTOS/Source/queue.c **** 				{
1554:Middlewares/Third_Party/FreeRTOS/Source/queue.c **** 					if( pxQueue->uxQueueType == queueQUEUE_IS_MUTEX )
1555:Middlewares/Third_Party/FreeRTOS/Source/queue.c **** 					{
1556:Middlewares/Third_Party/FreeRTOS/Source/queue.c **** 						taskENTER_CRITICAL();
1557:Middlewares/Third_Party/FreeRTOS/Source/queue.c **** 						{
1558:Middlewares/Third_Party/FreeRTOS/Source/queue.c **** 							xInheritanceOccurred = xTaskPriorityInherit( pxQueue->u.xSemaphore.xMutexHolder );
1559:Middlewares/Third_Party/FreeRTOS/Source/queue.c **** 						}
1560:Middlewares/Third_Party/FreeRTOS/Source/queue.c **** 						taskEXIT_CRITICAL();
1561:Middlewares/Third_Party/FreeRTOS/Source/queue.c **** 					}
1562:Middlewares/Third_Party/FreeRTOS/Source/queue.c **** 					else
1563:Middlewares/Third_Party/FreeRTOS/Source/queue.c **** 					{
1564:Middlewares/Third_Party/FreeRTOS/Source/queue.c **** 						mtCOVERAGE_TEST_MARKER();
1565:Middlewares/Third_Party/FreeRTOS/Source/queue.c **** 					}
1566:Middlewares/Third_Party/FreeRTOS/Source/queue.c **** 				}
1567:Middlewares/Third_Party/FreeRTOS/Source/queue.c **** 				#endif
1568:Middlewares/Third_Party/FreeRTOS/Source/queue.c **** 
1569:Middlewares/Third_Party/FreeRTOS/Source/queue.c **** 				vTaskPlaceOnEventList( &( pxQueue->xTasksWaitingToReceive ), xTicksToWait );
1570:Middlewares/Third_Party/FreeRTOS/Source/queue.c **** 				prvUnlockQueue( pxQueue );
1571:Middlewares/Third_Party/FreeRTOS/Source/queue.c **** 				if( xTaskResumeAll() == pdFALSE )
ARM GAS  D:\TMP\ccboKuyk.s 			page 29


1572:Middlewares/Third_Party/FreeRTOS/Source/queue.c **** 				{
1573:Middlewares/Third_Party/FreeRTOS/Source/queue.c **** 					portYIELD_WITHIN_API();
1574:Middlewares/Third_Party/FreeRTOS/Source/queue.c **** 				}
1575:Middlewares/Third_Party/FreeRTOS/Source/queue.c **** 				else
1576:Middlewares/Third_Party/FreeRTOS/Source/queue.c **** 				{
1577:Middlewares/Third_Party/FreeRTOS/Source/queue.c **** 					mtCOVERAGE_TEST_MARKER();
1578:Middlewares/Third_Party/FreeRTOS/Source/queue.c **** 				}
1579:Middlewares/Third_Party/FreeRTOS/Source/queue.c **** 			}
1580:Middlewares/Third_Party/FreeRTOS/Source/queue.c **** 			else
1581:Middlewares/Third_Party/FreeRTOS/Source/queue.c **** 			{
1582:Middlewares/Third_Party/FreeRTOS/Source/queue.c **** 				/* There was no timeout and the semaphore count was not 0, so
1583:Middlewares/Third_Party/FreeRTOS/Source/queue.c **** 				attempt to take the semaphore again. */
1584:Middlewares/Third_Party/FreeRTOS/Source/queue.c **** 				prvUnlockQueue( pxQueue );
1585:Middlewares/Third_Party/FreeRTOS/Source/queue.c **** 				( void ) xTaskResumeAll();
1586:Middlewares/Third_Party/FreeRTOS/Source/queue.c **** 			}
1587:Middlewares/Third_Party/FreeRTOS/Source/queue.c **** 		}
1588:Middlewares/Third_Party/FreeRTOS/Source/queue.c **** 		else
1589:Middlewares/Third_Party/FreeRTOS/Source/queue.c **** 		{
1590:Middlewares/Third_Party/FreeRTOS/Source/queue.c **** 			/* Timed out. */
1591:Middlewares/Third_Party/FreeRTOS/Source/queue.c **** 			prvUnlockQueue( pxQueue );
1592:Middlewares/Third_Party/FreeRTOS/Source/queue.c **** 			( void ) xTaskResumeAll();
1593:Middlewares/Third_Party/FreeRTOS/Source/queue.c **** 
1594:Middlewares/Third_Party/FreeRTOS/Source/queue.c **** 			/* If the semaphore count is 0 exit now as the timeout has
1595:Middlewares/Third_Party/FreeRTOS/Source/queue.c **** 			expired.  Otherwise return to attempt to take the semaphore that is
1596:Middlewares/Third_Party/FreeRTOS/Source/queue.c **** 			known to be available.  As semaphores are implemented by queues the
1597:Middlewares/Third_Party/FreeRTOS/Source/queue.c **** 			queue being empty is equivalent to the semaphore count being 0. */
1598:Middlewares/Third_Party/FreeRTOS/Source/queue.c **** 			if( prvIsQueueEmpty( pxQueue ) != pdFALSE )
1599:Middlewares/Third_Party/FreeRTOS/Source/queue.c **** 			{
1600:Middlewares/Third_Party/FreeRTOS/Source/queue.c **** 				#if ( configUSE_MUTEXES == 1 )
1601:Middlewares/Third_Party/FreeRTOS/Source/queue.c **** 				{
1602:Middlewares/Third_Party/FreeRTOS/Source/queue.c **** 					/* xInheritanceOccurred could only have be set if
1603:Middlewares/Third_Party/FreeRTOS/Source/queue.c **** 					pxQueue->uxQueueType == queueQUEUE_IS_MUTEX so no need to
1604:Middlewares/Third_Party/FreeRTOS/Source/queue.c **** 					test the mutex type again to check it is actually a mutex. */
1605:Middlewares/Third_Party/FreeRTOS/Source/queue.c **** 					if( xInheritanceOccurred != pdFALSE )
1606:Middlewares/Third_Party/FreeRTOS/Source/queue.c **** 					{
1607:Middlewares/Third_Party/FreeRTOS/Source/queue.c **** 						taskENTER_CRITICAL();
1608:Middlewares/Third_Party/FreeRTOS/Source/queue.c **** 						{
1609:Middlewares/Third_Party/FreeRTOS/Source/queue.c **** 							UBaseType_t uxHighestWaitingPriority;
1610:Middlewares/Third_Party/FreeRTOS/Source/queue.c **** 
1611:Middlewares/Third_Party/FreeRTOS/Source/queue.c **** 							/* This task blocking on the mutex caused another
1612:Middlewares/Third_Party/FreeRTOS/Source/queue.c **** 							task to inherit this task's priority.  Now this task
1613:Middlewares/Third_Party/FreeRTOS/Source/queue.c **** 							has timed out the priority should be disinherited
1614:Middlewares/Third_Party/FreeRTOS/Source/queue.c **** 							again, but only as low as the next highest priority
1615:Middlewares/Third_Party/FreeRTOS/Source/queue.c **** 							task that is waiting for the same mutex. */
1616:Middlewares/Third_Party/FreeRTOS/Source/queue.c **** 							uxHighestWaitingPriority = prvGetDisinheritPriorityAfterTimeout( pxQueue );
1617:Middlewares/Third_Party/FreeRTOS/Source/queue.c **** 							vTaskPriorityDisinheritAfterTimeout( pxQueue->u.xSemaphore.xMutexHolder, uxHighestWaitingPri
1618:Middlewares/Third_Party/FreeRTOS/Source/queue.c **** 						}
1619:Middlewares/Third_Party/FreeRTOS/Source/queue.c **** 						taskEXIT_CRITICAL();
1620:Middlewares/Third_Party/FreeRTOS/Source/queue.c **** 					}
1621:Middlewares/Third_Party/FreeRTOS/Source/queue.c **** 				}
1622:Middlewares/Third_Party/FreeRTOS/Source/queue.c **** 				#endif /* configUSE_MUTEXES */
1623:Middlewares/Third_Party/FreeRTOS/Source/queue.c **** 
1624:Middlewares/Third_Party/FreeRTOS/Source/queue.c **** 				traceQUEUE_RECEIVE_FAILED( pxQueue );
1625:Middlewares/Third_Party/FreeRTOS/Source/queue.c **** 				return errQUEUE_EMPTY;
1626:Middlewares/Third_Party/FreeRTOS/Source/queue.c **** 			}
1627:Middlewares/Third_Party/FreeRTOS/Source/queue.c **** 			else
1628:Middlewares/Third_Party/FreeRTOS/Source/queue.c **** 			{
ARM GAS  D:\TMP\ccboKuyk.s 			page 30


1629:Middlewares/Third_Party/FreeRTOS/Source/queue.c **** 				mtCOVERAGE_TEST_MARKER();
1630:Middlewares/Third_Party/FreeRTOS/Source/queue.c **** 			}
1631:Middlewares/Third_Party/FreeRTOS/Source/queue.c **** 		}
1632:Middlewares/Third_Party/FreeRTOS/Source/queue.c **** 	} /*lint -restore */
1633:Middlewares/Third_Party/FreeRTOS/Source/queue.c **** }
1634:Middlewares/Third_Party/FreeRTOS/Source/queue.c **** /*-----------------------------------------------------------*/
1635:Middlewares/Third_Party/FreeRTOS/Source/queue.c **** 
1636:Middlewares/Third_Party/FreeRTOS/Source/queue.c **** BaseType_t xQueuePeek( QueueHandle_t xQueue, void * const pvBuffer, TickType_t xTicksToWait )
1637:Middlewares/Third_Party/FreeRTOS/Source/queue.c **** {
1638:Middlewares/Third_Party/FreeRTOS/Source/queue.c **** BaseType_t xEntryTimeSet = pdFALSE;
1639:Middlewares/Third_Party/FreeRTOS/Source/queue.c **** TimeOut_t xTimeOut;
1640:Middlewares/Third_Party/FreeRTOS/Source/queue.c **** int8_t *pcOriginalReadPosition;
1641:Middlewares/Third_Party/FreeRTOS/Source/queue.c **** Queue_t * const pxQueue = xQueue;
1642:Middlewares/Third_Party/FreeRTOS/Source/queue.c **** 
1643:Middlewares/Third_Party/FreeRTOS/Source/queue.c **** 	/* Check the pointer is not NULL. */
1644:Middlewares/Third_Party/FreeRTOS/Source/queue.c **** 	configASSERT( ( pxQueue ) );
1645:Middlewares/Third_Party/FreeRTOS/Source/queue.c **** 
1646:Middlewares/Third_Party/FreeRTOS/Source/queue.c **** 	/* The buffer into which data is received can only be NULL if the data size
1647:Middlewares/Third_Party/FreeRTOS/Source/queue.c **** 	is zero (so no data is copied into the buffer. */
1648:Middlewares/Third_Party/FreeRTOS/Source/queue.c **** 	configASSERT( !( ( ( pvBuffer ) == NULL ) && ( ( pxQueue )->uxItemSize != ( UBaseType_t ) 0U ) ) )
1649:Middlewares/Third_Party/FreeRTOS/Source/queue.c **** 
1650:Middlewares/Third_Party/FreeRTOS/Source/queue.c **** 	/* Cannot block if the scheduler is suspended. */
1651:Middlewares/Third_Party/FreeRTOS/Source/queue.c **** 	#if ( ( INCLUDE_xTaskGetSchedulerState == 1 ) || ( configUSE_TIMERS == 1 ) )
1652:Middlewares/Third_Party/FreeRTOS/Source/queue.c **** 	{
1653:Middlewares/Third_Party/FreeRTOS/Source/queue.c **** 		configASSERT( !( ( xTaskGetSchedulerState() == taskSCHEDULER_SUSPENDED ) && ( xTicksToWait != 0 )
1654:Middlewares/Third_Party/FreeRTOS/Source/queue.c **** 	}
1655:Middlewares/Third_Party/FreeRTOS/Source/queue.c **** 	#endif
1656:Middlewares/Third_Party/FreeRTOS/Source/queue.c **** 
1657:Middlewares/Third_Party/FreeRTOS/Source/queue.c **** 
1658:Middlewares/Third_Party/FreeRTOS/Source/queue.c **** 	/*lint -save -e904  This function relaxes the coding standard somewhat to
1659:Middlewares/Third_Party/FreeRTOS/Source/queue.c **** 	allow return statements within the function itself.  This is done in the
1660:Middlewares/Third_Party/FreeRTOS/Source/queue.c **** 	interest of execution time efficiency. */
1661:Middlewares/Third_Party/FreeRTOS/Source/queue.c **** 	for( ;; )
1662:Middlewares/Third_Party/FreeRTOS/Source/queue.c **** 	{
1663:Middlewares/Third_Party/FreeRTOS/Source/queue.c **** 		taskENTER_CRITICAL();
1664:Middlewares/Third_Party/FreeRTOS/Source/queue.c **** 		{
1665:Middlewares/Third_Party/FreeRTOS/Source/queue.c **** 			const UBaseType_t uxMessagesWaiting = pxQueue->uxMessagesWaiting;
1666:Middlewares/Third_Party/FreeRTOS/Source/queue.c **** 
1667:Middlewares/Third_Party/FreeRTOS/Source/queue.c **** 			/* Is there data in the queue now?  To be running the calling task
1668:Middlewares/Third_Party/FreeRTOS/Source/queue.c **** 			must be the highest priority task wanting to access the queue. */
1669:Middlewares/Third_Party/FreeRTOS/Source/queue.c **** 			if( uxMessagesWaiting > ( UBaseType_t ) 0 )
1670:Middlewares/Third_Party/FreeRTOS/Source/queue.c **** 			{
1671:Middlewares/Third_Party/FreeRTOS/Source/queue.c **** 				/* Remember the read position so it can be reset after the data
1672:Middlewares/Third_Party/FreeRTOS/Source/queue.c **** 				is read from the queue as this function is only peeking the
1673:Middlewares/Third_Party/FreeRTOS/Source/queue.c **** 				data, not removing it. */
1674:Middlewares/Third_Party/FreeRTOS/Source/queue.c **** 				pcOriginalReadPosition = pxQueue->u.xQueue.pcReadFrom;
1675:Middlewares/Third_Party/FreeRTOS/Source/queue.c **** 
1676:Middlewares/Third_Party/FreeRTOS/Source/queue.c **** 				prvCopyDataFromQueue( pxQueue, pvBuffer );
1677:Middlewares/Third_Party/FreeRTOS/Source/queue.c **** 				traceQUEUE_PEEK( pxQueue );
1678:Middlewares/Third_Party/FreeRTOS/Source/queue.c **** 
1679:Middlewares/Third_Party/FreeRTOS/Source/queue.c **** 				/* The data is not being removed, so reset the read pointer. */
1680:Middlewares/Third_Party/FreeRTOS/Source/queue.c **** 				pxQueue->u.xQueue.pcReadFrom = pcOriginalReadPosition;
1681:Middlewares/Third_Party/FreeRTOS/Source/queue.c **** 
1682:Middlewares/Third_Party/FreeRTOS/Source/queue.c **** 				/* The data is being left in the queue, so see if there are
1683:Middlewares/Third_Party/FreeRTOS/Source/queue.c **** 				any other tasks waiting for the data. */
1684:Middlewares/Third_Party/FreeRTOS/Source/queue.c **** 				if( listLIST_IS_EMPTY( &( pxQueue->xTasksWaitingToReceive ) ) == pdFALSE )
1685:Middlewares/Third_Party/FreeRTOS/Source/queue.c **** 				{
ARM GAS  D:\TMP\ccboKuyk.s 			page 31


1686:Middlewares/Third_Party/FreeRTOS/Source/queue.c **** 					if( xTaskRemoveFromEventList( &( pxQueue->xTasksWaitingToReceive ) ) != pdFALSE )
1687:Middlewares/Third_Party/FreeRTOS/Source/queue.c **** 					{
1688:Middlewares/Third_Party/FreeRTOS/Source/queue.c **** 						/* The task waiting has a higher priority than this task. */
1689:Middlewares/Third_Party/FreeRTOS/Source/queue.c **** 						queueYIELD_IF_USING_PREEMPTION();
1690:Middlewares/Third_Party/FreeRTOS/Source/queue.c **** 					}
1691:Middlewares/Third_Party/FreeRTOS/Source/queue.c **** 					else
1692:Middlewares/Third_Party/FreeRTOS/Source/queue.c **** 					{
1693:Middlewares/Third_Party/FreeRTOS/Source/queue.c **** 						mtCOVERAGE_TEST_MARKER();
1694:Middlewares/Third_Party/FreeRTOS/Source/queue.c **** 					}
1695:Middlewares/Third_Party/FreeRTOS/Source/queue.c **** 				}
1696:Middlewares/Third_Party/FreeRTOS/Source/queue.c **** 				else
1697:Middlewares/Third_Party/FreeRTOS/Source/queue.c **** 				{
1698:Middlewares/Third_Party/FreeRTOS/Source/queue.c **** 					mtCOVERAGE_TEST_MARKER();
1699:Middlewares/Third_Party/FreeRTOS/Source/queue.c **** 				}
1700:Middlewares/Third_Party/FreeRTOS/Source/queue.c **** 
1701:Middlewares/Third_Party/FreeRTOS/Source/queue.c **** 				taskEXIT_CRITICAL();
1702:Middlewares/Third_Party/FreeRTOS/Source/queue.c **** 				return pdPASS;
1703:Middlewares/Third_Party/FreeRTOS/Source/queue.c **** 			}
1704:Middlewares/Third_Party/FreeRTOS/Source/queue.c **** 			else
1705:Middlewares/Third_Party/FreeRTOS/Source/queue.c **** 			{
1706:Middlewares/Third_Party/FreeRTOS/Source/queue.c **** 				if( xTicksToWait == ( TickType_t ) 0 )
1707:Middlewares/Third_Party/FreeRTOS/Source/queue.c **** 				{
1708:Middlewares/Third_Party/FreeRTOS/Source/queue.c **** 					/* The queue was empty and no block time is specified (or
1709:Middlewares/Third_Party/FreeRTOS/Source/queue.c **** 					the block time has expired) so leave now. */
1710:Middlewares/Third_Party/FreeRTOS/Source/queue.c **** 					taskEXIT_CRITICAL();
1711:Middlewares/Third_Party/FreeRTOS/Source/queue.c **** 					traceQUEUE_PEEK_FAILED( pxQueue );
1712:Middlewares/Third_Party/FreeRTOS/Source/queue.c **** 					return errQUEUE_EMPTY;
1713:Middlewares/Third_Party/FreeRTOS/Source/queue.c **** 				}
1714:Middlewares/Third_Party/FreeRTOS/Source/queue.c **** 				else if( xEntryTimeSet == pdFALSE )
1715:Middlewares/Third_Party/FreeRTOS/Source/queue.c **** 				{
1716:Middlewares/Third_Party/FreeRTOS/Source/queue.c **** 					/* The queue was empty and a block time was specified so
1717:Middlewares/Third_Party/FreeRTOS/Source/queue.c **** 					configure the timeout structure ready to enter the blocked
1718:Middlewares/Third_Party/FreeRTOS/Source/queue.c **** 					state. */
1719:Middlewares/Third_Party/FreeRTOS/Source/queue.c **** 					vTaskInternalSetTimeOutState( &xTimeOut );
1720:Middlewares/Third_Party/FreeRTOS/Source/queue.c **** 					xEntryTimeSet = pdTRUE;
1721:Middlewares/Third_Party/FreeRTOS/Source/queue.c **** 				}
1722:Middlewares/Third_Party/FreeRTOS/Source/queue.c **** 				else
1723:Middlewares/Third_Party/FreeRTOS/Source/queue.c **** 				{
1724:Middlewares/Third_Party/FreeRTOS/Source/queue.c **** 					/* Entry time was already set. */
1725:Middlewares/Third_Party/FreeRTOS/Source/queue.c **** 					mtCOVERAGE_TEST_MARKER();
1726:Middlewares/Third_Party/FreeRTOS/Source/queue.c **** 				}
1727:Middlewares/Third_Party/FreeRTOS/Source/queue.c **** 			}
1728:Middlewares/Third_Party/FreeRTOS/Source/queue.c **** 		}
1729:Middlewares/Third_Party/FreeRTOS/Source/queue.c **** 		taskEXIT_CRITICAL();
1730:Middlewares/Third_Party/FreeRTOS/Source/queue.c **** 
1731:Middlewares/Third_Party/FreeRTOS/Source/queue.c **** 		/* Interrupts and other tasks can send to and receive from the queue
1732:Middlewares/Third_Party/FreeRTOS/Source/queue.c **** 		now the critical section has been exited. */
1733:Middlewares/Third_Party/FreeRTOS/Source/queue.c **** 
1734:Middlewares/Third_Party/FreeRTOS/Source/queue.c **** 		vTaskSuspendAll();
1735:Middlewares/Third_Party/FreeRTOS/Source/queue.c **** 		prvLockQueue( pxQueue );
1736:Middlewares/Third_Party/FreeRTOS/Source/queue.c **** 
1737:Middlewares/Third_Party/FreeRTOS/Source/queue.c **** 		/* Update the timeout state to see if it has expired yet. */
1738:Middlewares/Third_Party/FreeRTOS/Source/queue.c **** 		if( xTaskCheckForTimeOut( &xTimeOut, &xTicksToWait ) == pdFALSE )
1739:Middlewares/Third_Party/FreeRTOS/Source/queue.c **** 		{
1740:Middlewares/Third_Party/FreeRTOS/Source/queue.c **** 			/* Timeout has not expired yet, check to see if there is data in the
1741:Middlewares/Third_Party/FreeRTOS/Source/queue.c **** 			queue now, and if not enter the Blocked state to wait for data. */
1742:Middlewares/Third_Party/FreeRTOS/Source/queue.c **** 			if( prvIsQueueEmpty( pxQueue ) != pdFALSE )
ARM GAS  D:\TMP\ccboKuyk.s 			page 32


1743:Middlewares/Third_Party/FreeRTOS/Source/queue.c **** 			{
1744:Middlewares/Third_Party/FreeRTOS/Source/queue.c **** 				traceBLOCKING_ON_QUEUE_PEEK( pxQueue );
1745:Middlewares/Third_Party/FreeRTOS/Source/queue.c **** 				vTaskPlaceOnEventList( &( pxQueue->xTasksWaitingToReceive ), xTicksToWait );
1746:Middlewares/Third_Party/FreeRTOS/Source/queue.c **** 				prvUnlockQueue( pxQueue );
1747:Middlewares/Third_Party/FreeRTOS/Source/queue.c **** 				if( xTaskResumeAll() == pdFALSE )
1748:Middlewares/Third_Party/FreeRTOS/Source/queue.c **** 				{
1749:Middlewares/Third_Party/FreeRTOS/Source/queue.c **** 					portYIELD_WITHIN_API();
1750:Middlewares/Third_Party/FreeRTOS/Source/queue.c **** 				}
1751:Middlewares/Third_Party/FreeRTOS/Source/queue.c **** 				else
1752:Middlewares/Third_Party/FreeRTOS/Source/queue.c **** 				{
1753:Middlewares/Third_Party/FreeRTOS/Source/queue.c **** 					mtCOVERAGE_TEST_MARKER();
1754:Middlewares/Third_Party/FreeRTOS/Source/queue.c **** 				}
1755:Middlewares/Third_Party/FreeRTOS/Source/queue.c **** 			}
1756:Middlewares/Third_Party/FreeRTOS/Source/queue.c **** 			else
1757:Middlewares/Third_Party/FreeRTOS/Source/queue.c **** 			{
1758:Middlewares/Third_Party/FreeRTOS/Source/queue.c **** 				/* There is data in the queue now, so don't enter the blocked
1759:Middlewares/Third_Party/FreeRTOS/Source/queue.c **** 				state, instead return to try and obtain the data. */
1760:Middlewares/Third_Party/FreeRTOS/Source/queue.c **** 				prvUnlockQueue( pxQueue );
1761:Middlewares/Third_Party/FreeRTOS/Source/queue.c **** 				( void ) xTaskResumeAll();
1762:Middlewares/Third_Party/FreeRTOS/Source/queue.c **** 			}
1763:Middlewares/Third_Party/FreeRTOS/Source/queue.c **** 		}
1764:Middlewares/Third_Party/FreeRTOS/Source/queue.c **** 		else
1765:Middlewares/Third_Party/FreeRTOS/Source/queue.c **** 		{
1766:Middlewares/Third_Party/FreeRTOS/Source/queue.c **** 			/* The timeout has expired.  If there is still no data in the queue
1767:Middlewares/Third_Party/FreeRTOS/Source/queue.c **** 			exit, otherwise go back and try to read the data again. */
1768:Middlewares/Third_Party/FreeRTOS/Source/queue.c **** 			prvUnlockQueue( pxQueue );
1769:Middlewares/Third_Party/FreeRTOS/Source/queue.c **** 			( void ) xTaskResumeAll();
1770:Middlewares/Third_Party/FreeRTOS/Source/queue.c **** 
1771:Middlewares/Third_Party/FreeRTOS/Source/queue.c **** 			if( prvIsQueueEmpty( pxQueue ) != pdFALSE )
1772:Middlewares/Third_Party/FreeRTOS/Source/queue.c **** 			{
1773:Middlewares/Third_Party/FreeRTOS/Source/queue.c **** 				traceQUEUE_PEEK_FAILED( pxQueue );
1774:Middlewares/Third_Party/FreeRTOS/Source/queue.c **** 				return errQUEUE_EMPTY;
1775:Middlewares/Third_Party/FreeRTOS/Source/queue.c **** 			}
1776:Middlewares/Third_Party/FreeRTOS/Source/queue.c **** 			else
1777:Middlewares/Third_Party/FreeRTOS/Source/queue.c **** 			{
1778:Middlewares/Third_Party/FreeRTOS/Source/queue.c **** 				mtCOVERAGE_TEST_MARKER();
1779:Middlewares/Third_Party/FreeRTOS/Source/queue.c **** 			}
1780:Middlewares/Third_Party/FreeRTOS/Source/queue.c **** 		}
1781:Middlewares/Third_Party/FreeRTOS/Source/queue.c **** 	} /*lint -restore */
1782:Middlewares/Third_Party/FreeRTOS/Source/queue.c **** }
1783:Middlewares/Third_Party/FreeRTOS/Source/queue.c **** /*-----------------------------------------------------------*/
1784:Middlewares/Third_Party/FreeRTOS/Source/queue.c **** 
1785:Middlewares/Third_Party/FreeRTOS/Source/queue.c **** BaseType_t xQueueReceiveFromISR( QueueHandle_t xQueue, void * const pvBuffer, BaseType_t * const px
1786:Middlewares/Third_Party/FreeRTOS/Source/queue.c **** {
1787:Middlewares/Third_Party/FreeRTOS/Source/queue.c **** BaseType_t xReturn;
1788:Middlewares/Third_Party/FreeRTOS/Source/queue.c **** UBaseType_t uxSavedInterruptStatus;
1789:Middlewares/Third_Party/FreeRTOS/Source/queue.c **** Queue_t * const pxQueue = xQueue;
1790:Middlewares/Third_Party/FreeRTOS/Source/queue.c **** 
1791:Middlewares/Third_Party/FreeRTOS/Source/queue.c **** 	configASSERT( pxQueue );
1792:Middlewares/Third_Party/FreeRTOS/Source/queue.c **** 	configASSERT( !( ( pvBuffer == NULL ) && ( pxQueue->uxItemSize != ( UBaseType_t ) 0U ) ) );
1793:Middlewares/Third_Party/FreeRTOS/Source/queue.c **** 
1794:Middlewares/Third_Party/FreeRTOS/Source/queue.c **** 	/* RTOS ports that support interrupt nesting have the concept of a maximum
1795:Middlewares/Third_Party/FreeRTOS/Source/queue.c **** 	system call (or maximum API call) interrupt priority.  Interrupts that are
1796:Middlewares/Third_Party/FreeRTOS/Source/queue.c **** 	above the maximum system call priority are kept permanently enabled, even
1797:Middlewares/Third_Party/FreeRTOS/Source/queue.c **** 	when the RTOS kernel is in a critical section, but cannot make any calls to
1798:Middlewares/Third_Party/FreeRTOS/Source/queue.c **** 	FreeRTOS API functions.  If configASSERT() is defined in FreeRTOSConfig.h
1799:Middlewares/Third_Party/FreeRTOS/Source/queue.c **** 	then portASSERT_IF_INTERRUPT_PRIORITY_INVALID() will result in an assertion
ARM GAS  D:\TMP\ccboKuyk.s 			page 33


1800:Middlewares/Third_Party/FreeRTOS/Source/queue.c **** 	failure if a FreeRTOS API function is called from an interrupt that has been
1801:Middlewares/Third_Party/FreeRTOS/Source/queue.c **** 	assigned a priority above the configured maximum system call priority.
1802:Middlewares/Third_Party/FreeRTOS/Source/queue.c **** 	Only FreeRTOS functions that end in FromISR can be called from interrupts
1803:Middlewares/Third_Party/FreeRTOS/Source/queue.c **** 	that have been assigned a priority at or (logically) below the maximum
1804:Middlewares/Third_Party/FreeRTOS/Source/queue.c **** 	system call	interrupt priority.  FreeRTOS maintains a separate interrupt
1805:Middlewares/Third_Party/FreeRTOS/Source/queue.c **** 	safe API to ensure interrupt entry is as fast and as simple as possible.
1806:Middlewares/Third_Party/FreeRTOS/Source/queue.c **** 	More information (albeit Cortex-M specific) is provided on the following
1807:Middlewares/Third_Party/FreeRTOS/Source/queue.c **** 	link: http://www.freertos.org/RTOS-Cortex-M3-M4.html */
1808:Middlewares/Third_Party/FreeRTOS/Source/queue.c **** 	portASSERT_IF_INTERRUPT_PRIORITY_INVALID();
1809:Middlewares/Third_Party/FreeRTOS/Source/queue.c **** 
1810:Middlewares/Third_Party/FreeRTOS/Source/queue.c **** 	uxSavedInterruptStatus = portSET_INTERRUPT_MASK_FROM_ISR();
1811:Middlewares/Third_Party/FreeRTOS/Source/queue.c **** 	{
1812:Middlewares/Third_Party/FreeRTOS/Source/queue.c **** 		const UBaseType_t uxMessagesWaiting = pxQueue->uxMessagesWaiting;
1813:Middlewares/Third_Party/FreeRTOS/Source/queue.c **** 
1814:Middlewares/Third_Party/FreeRTOS/Source/queue.c **** 		/* Cannot block in an ISR, so check there is data available. */
1815:Middlewares/Third_Party/FreeRTOS/Source/queue.c **** 		if( uxMessagesWaiting > ( UBaseType_t ) 0 )
1816:Middlewares/Third_Party/FreeRTOS/Source/queue.c **** 		{
1817:Middlewares/Third_Party/FreeRTOS/Source/queue.c **** 			const int8_t cRxLock = pxQueue->cRxLock;
1818:Middlewares/Third_Party/FreeRTOS/Source/queue.c **** 
1819:Middlewares/Third_Party/FreeRTOS/Source/queue.c **** 			traceQUEUE_RECEIVE_FROM_ISR( pxQueue );
1820:Middlewares/Third_Party/FreeRTOS/Source/queue.c **** 
1821:Middlewares/Third_Party/FreeRTOS/Source/queue.c **** 			prvCopyDataFromQueue( pxQueue, pvBuffer );
1822:Middlewares/Third_Party/FreeRTOS/Source/queue.c **** 			pxQueue->uxMessagesWaiting = uxMessagesWaiting - ( UBaseType_t ) 1;
1823:Middlewares/Third_Party/FreeRTOS/Source/queue.c **** 
1824:Middlewares/Third_Party/FreeRTOS/Source/queue.c **** 			/* If the queue is locked the event list will not be modified.
1825:Middlewares/Third_Party/FreeRTOS/Source/queue.c **** 			Instead update the lock count so the task that unlocks the queue
1826:Middlewares/Third_Party/FreeRTOS/Source/queue.c **** 			will know that an ISR has removed data while the queue was
1827:Middlewares/Third_Party/FreeRTOS/Source/queue.c **** 			locked. */
1828:Middlewares/Third_Party/FreeRTOS/Source/queue.c **** 			if( cRxLock == queueUNLOCKED )
1829:Middlewares/Third_Party/FreeRTOS/Source/queue.c **** 			{
1830:Middlewares/Third_Party/FreeRTOS/Source/queue.c **** 				if( listLIST_IS_EMPTY( &( pxQueue->xTasksWaitingToSend ) ) == pdFALSE )
1831:Middlewares/Third_Party/FreeRTOS/Source/queue.c **** 				{
1832:Middlewares/Third_Party/FreeRTOS/Source/queue.c **** 					if( xTaskRemoveFromEventList( &( pxQueue->xTasksWaitingToSend ) ) != pdFALSE )
1833:Middlewares/Third_Party/FreeRTOS/Source/queue.c **** 					{
1834:Middlewares/Third_Party/FreeRTOS/Source/queue.c **** 						/* The task waiting has a higher priority than us so
1835:Middlewares/Third_Party/FreeRTOS/Source/queue.c **** 						force a context switch. */
1836:Middlewares/Third_Party/FreeRTOS/Source/queue.c **** 						if( pxHigherPriorityTaskWoken != NULL )
1837:Middlewares/Third_Party/FreeRTOS/Source/queue.c **** 						{
1838:Middlewares/Third_Party/FreeRTOS/Source/queue.c **** 							*pxHigherPriorityTaskWoken = pdTRUE;
1839:Middlewares/Third_Party/FreeRTOS/Source/queue.c **** 						}
1840:Middlewares/Third_Party/FreeRTOS/Source/queue.c **** 						else
1841:Middlewares/Third_Party/FreeRTOS/Source/queue.c **** 						{
1842:Middlewares/Third_Party/FreeRTOS/Source/queue.c **** 							mtCOVERAGE_TEST_MARKER();
1843:Middlewares/Third_Party/FreeRTOS/Source/queue.c **** 						}
1844:Middlewares/Third_Party/FreeRTOS/Source/queue.c **** 					}
1845:Middlewares/Third_Party/FreeRTOS/Source/queue.c **** 					else
1846:Middlewares/Third_Party/FreeRTOS/Source/queue.c **** 					{
1847:Middlewares/Third_Party/FreeRTOS/Source/queue.c **** 						mtCOVERAGE_TEST_MARKER();
1848:Middlewares/Third_Party/FreeRTOS/Source/queue.c **** 					}
1849:Middlewares/Third_Party/FreeRTOS/Source/queue.c **** 				}
1850:Middlewares/Third_Party/FreeRTOS/Source/queue.c **** 				else
1851:Middlewares/Third_Party/FreeRTOS/Source/queue.c **** 				{
1852:Middlewares/Third_Party/FreeRTOS/Source/queue.c **** 					mtCOVERAGE_TEST_MARKER();
1853:Middlewares/Third_Party/FreeRTOS/Source/queue.c **** 				}
1854:Middlewares/Third_Party/FreeRTOS/Source/queue.c **** 			}
1855:Middlewares/Third_Party/FreeRTOS/Source/queue.c **** 			else
1856:Middlewares/Third_Party/FreeRTOS/Source/queue.c **** 			{
ARM GAS  D:\TMP\ccboKuyk.s 			page 34


1857:Middlewares/Third_Party/FreeRTOS/Source/queue.c **** 				/* Increment the lock count so the task that unlocks the queue
1858:Middlewares/Third_Party/FreeRTOS/Source/queue.c **** 				knows that data was removed while it was locked. */
1859:Middlewares/Third_Party/FreeRTOS/Source/queue.c **** 				pxQueue->cRxLock = ( int8_t ) ( cRxLock + 1 );
1860:Middlewares/Third_Party/FreeRTOS/Source/queue.c **** 			}
1861:Middlewares/Third_Party/FreeRTOS/Source/queue.c **** 
1862:Middlewares/Third_Party/FreeRTOS/Source/queue.c **** 			xReturn = pdPASS;
1863:Middlewares/Third_Party/FreeRTOS/Source/queue.c **** 		}
1864:Middlewares/Third_Party/FreeRTOS/Source/queue.c **** 		else
1865:Middlewares/Third_Party/FreeRTOS/Source/queue.c **** 		{
1866:Middlewares/Third_Party/FreeRTOS/Source/queue.c **** 			xReturn = pdFAIL;
1867:Middlewares/Third_Party/FreeRTOS/Source/queue.c **** 			traceQUEUE_RECEIVE_FROM_ISR_FAILED( pxQueue );
1868:Middlewares/Third_Party/FreeRTOS/Source/queue.c **** 		}
1869:Middlewares/Third_Party/FreeRTOS/Source/queue.c **** 	}
1870:Middlewares/Third_Party/FreeRTOS/Source/queue.c **** 	portCLEAR_INTERRUPT_MASK_FROM_ISR( uxSavedInterruptStatus );
1871:Middlewares/Third_Party/FreeRTOS/Source/queue.c **** 
1872:Middlewares/Third_Party/FreeRTOS/Source/queue.c **** 	return xReturn;
1873:Middlewares/Third_Party/FreeRTOS/Source/queue.c **** }
1874:Middlewares/Third_Party/FreeRTOS/Source/queue.c **** /*-----------------------------------------------------------*/
1875:Middlewares/Third_Party/FreeRTOS/Source/queue.c **** 
1876:Middlewares/Third_Party/FreeRTOS/Source/queue.c **** BaseType_t xQueuePeekFromISR( QueueHandle_t xQueue,  void * const pvBuffer )
1877:Middlewares/Third_Party/FreeRTOS/Source/queue.c **** {
1878:Middlewares/Third_Party/FreeRTOS/Source/queue.c **** BaseType_t xReturn;
1879:Middlewares/Third_Party/FreeRTOS/Source/queue.c **** UBaseType_t uxSavedInterruptStatus;
1880:Middlewares/Third_Party/FreeRTOS/Source/queue.c **** int8_t *pcOriginalReadPosition;
1881:Middlewares/Third_Party/FreeRTOS/Source/queue.c **** Queue_t * const pxQueue = xQueue;
1882:Middlewares/Third_Party/FreeRTOS/Source/queue.c **** 
1883:Middlewares/Third_Party/FreeRTOS/Source/queue.c **** 	configASSERT( pxQueue );
1884:Middlewares/Third_Party/FreeRTOS/Source/queue.c **** 	configASSERT( !( ( pvBuffer == NULL ) && ( pxQueue->uxItemSize != ( UBaseType_t ) 0U ) ) );
1885:Middlewares/Third_Party/FreeRTOS/Source/queue.c **** 	configASSERT( pxQueue->uxItemSize != 0 ); /* Can't peek a semaphore. */
1886:Middlewares/Third_Party/FreeRTOS/Source/queue.c **** 
1887:Middlewares/Third_Party/FreeRTOS/Source/queue.c **** 	/* RTOS ports that support interrupt nesting have the concept of a maximum
1888:Middlewares/Third_Party/FreeRTOS/Source/queue.c **** 	system call (or maximum API call) interrupt priority.  Interrupts that are
1889:Middlewares/Third_Party/FreeRTOS/Source/queue.c **** 	above the maximum system call priority are kept permanently enabled, even
1890:Middlewares/Third_Party/FreeRTOS/Source/queue.c **** 	when the RTOS kernel is in a critical section, but cannot make any calls to
1891:Middlewares/Third_Party/FreeRTOS/Source/queue.c **** 	FreeRTOS API functions.  If configASSERT() is defined in FreeRTOSConfig.h
1892:Middlewares/Third_Party/FreeRTOS/Source/queue.c **** 	then portASSERT_IF_INTERRUPT_PRIORITY_INVALID() will result in an assertion
1893:Middlewares/Third_Party/FreeRTOS/Source/queue.c **** 	failure if a FreeRTOS API function is called from an interrupt that has been
1894:Middlewares/Third_Party/FreeRTOS/Source/queue.c **** 	assigned a priority above the configured maximum system call priority.
1895:Middlewares/Third_Party/FreeRTOS/Source/queue.c **** 	Only FreeRTOS functions that end in FromISR can be called from interrupts
1896:Middlewares/Third_Party/FreeRTOS/Source/queue.c **** 	that have been assigned a priority at or (logically) below the maximum
1897:Middlewares/Third_Party/FreeRTOS/Source/queue.c **** 	system call	interrupt priority.  FreeRTOS maintains a separate interrupt
1898:Middlewares/Third_Party/FreeRTOS/Source/queue.c **** 	safe API to ensure interrupt entry is as fast and as simple as possible.
1899:Middlewares/Third_Party/FreeRTOS/Source/queue.c **** 	More information (albeit Cortex-M specific) is provided on the following
1900:Middlewares/Third_Party/FreeRTOS/Source/queue.c **** 	link: http://www.freertos.org/RTOS-Cortex-M3-M4.html */
1901:Middlewares/Third_Party/FreeRTOS/Source/queue.c **** 	portASSERT_IF_INTERRUPT_PRIORITY_INVALID();
1902:Middlewares/Third_Party/FreeRTOS/Source/queue.c **** 
1903:Middlewares/Third_Party/FreeRTOS/Source/queue.c **** 	uxSavedInterruptStatus = portSET_INTERRUPT_MASK_FROM_ISR();
1904:Middlewares/Third_Party/FreeRTOS/Source/queue.c **** 	{
1905:Middlewares/Third_Party/FreeRTOS/Source/queue.c **** 		/* Cannot block in an ISR, so check there is data available. */
1906:Middlewares/Third_Party/FreeRTOS/Source/queue.c **** 		if( pxQueue->uxMessagesWaiting > ( UBaseType_t ) 0 )
1907:Middlewares/Third_Party/FreeRTOS/Source/queue.c **** 		{
1908:Middlewares/Third_Party/FreeRTOS/Source/queue.c **** 			traceQUEUE_PEEK_FROM_ISR( pxQueue );
1909:Middlewares/Third_Party/FreeRTOS/Source/queue.c **** 
1910:Middlewares/Third_Party/FreeRTOS/Source/queue.c **** 			/* Remember the read position so it can be reset as nothing is
1911:Middlewares/Third_Party/FreeRTOS/Source/queue.c **** 			actually being removed from the queue. */
1912:Middlewares/Third_Party/FreeRTOS/Source/queue.c **** 			pcOriginalReadPosition = pxQueue->u.xQueue.pcReadFrom;
1913:Middlewares/Third_Party/FreeRTOS/Source/queue.c **** 			prvCopyDataFromQueue( pxQueue, pvBuffer );
ARM GAS  D:\TMP\ccboKuyk.s 			page 35


1914:Middlewares/Third_Party/FreeRTOS/Source/queue.c **** 			pxQueue->u.xQueue.pcReadFrom = pcOriginalReadPosition;
1915:Middlewares/Third_Party/FreeRTOS/Source/queue.c **** 
1916:Middlewares/Third_Party/FreeRTOS/Source/queue.c **** 			xReturn = pdPASS;
1917:Middlewares/Third_Party/FreeRTOS/Source/queue.c **** 		}
1918:Middlewares/Third_Party/FreeRTOS/Source/queue.c **** 		else
1919:Middlewares/Third_Party/FreeRTOS/Source/queue.c **** 		{
1920:Middlewares/Third_Party/FreeRTOS/Source/queue.c **** 			xReturn = pdFAIL;
1921:Middlewares/Third_Party/FreeRTOS/Source/queue.c **** 			traceQUEUE_PEEK_FROM_ISR_FAILED( pxQueue );
1922:Middlewares/Third_Party/FreeRTOS/Source/queue.c **** 		}
1923:Middlewares/Third_Party/FreeRTOS/Source/queue.c **** 	}
1924:Middlewares/Third_Party/FreeRTOS/Source/queue.c **** 	portCLEAR_INTERRUPT_MASK_FROM_ISR( uxSavedInterruptStatus );
1925:Middlewares/Third_Party/FreeRTOS/Source/queue.c **** 
1926:Middlewares/Third_Party/FreeRTOS/Source/queue.c **** 	return xReturn;
1927:Middlewares/Third_Party/FreeRTOS/Source/queue.c **** }
1928:Middlewares/Third_Party/FreeRTOS/Source/queue.c **** /*-----------------------------------------------------------*/
1929:Middlewares/Third_Party/FreeRTOS/Source/queue.c **** 
1930:Middlewares/Third_Party/FreeRTOS/Source/queue.c **** UBaseType_t uxQueueMessagesWaiting( const QueueHandle_t xQueue )
1931:Middlewares/Third_Party/FreeRTOS/Source/queue.c **** {
1932:Middlewares/Third_Party/FreeRTOS/Source/queue.c **** UBaseType_t uxReturn;
1933:Middlewares/Third_Party/FreeRTOS/Source/queue.c **** 
1934:Middlewares/Third_Party/FreeRTOS/Source/queue.c **** 	configASSERT( xQueue );
1935:Middlewares/Third_Party/FreeRTOS/Source/queue.c **** 
1936:Middlewares/Third_Party/FreeRTOS/Source/queue.c **** 	taskENTER_CRITICAL();
1937:Middlewares/Third_Party/FreeRTOS/Source/queue.c **** 	{
1938:Middlewares/Third_Party/FreeRTOS/Source/queue.c **** 		uxReturn = ( ( Queue_t * ) xQueue )->uxMessagesWaiting;
1939:Middlewares/Third_Party/FreeRTOS/Source/queue.c **** 	}
1940:Middlewares/Third_Party/FreeRTOS/Source/queue.c **** 	taskEXIT_CRITICAL();
1941:Middlewares/Third_Party/FreeRTOS/Source/queue.c **** 
1942:Middlewares/Third_Party/FreeRTOS/Source/queue.c **** 	return uxReturn;
1943:Middlewares/Third_Party/FreeRTOS/Source/queue.c **** } /*lint !e818 Pointer cannot be declared const as xQueue is a typedef not pointer. */
1944:Middlewares/Third_Party/FreeRTOS/Source/queue.c **** /*-----------------------------------------------------------*/
1945:Middlewares/Third_Party/FreeRTOS/Source/queue.c **** 
1946:Middlewares/Third_Party/FreeRTOS/Source/queue.c **** UBaseType_t uxQueueSpacesAvailable( const QueueHandle_t xQueue )
1947:Middlewares/Third_Party/FreeRTOS/Source/queue.c **** {
1948:Middlewares/Third_Party/FreeRTOS/Source/queue.c **** UBaseType_t uxReturn;
1949:Middlewares/Third_Party/FreeRTOS/Source/queue.c **** Queue_t * const pxQueue = xQueue;
1950:Middlewares/Third_Party/FreeRTOS/Source/queue.c **** 
1951:Middlewares/Third_Party/FreeRTOS/Source/queue.c **** 	configASSERT( pxQueue );
1952:Middlewares/Third_Party/FreeRTOS/Source/queue.c **** 
1953:Middlewares/Third_Party/FreeRTOS/Source/queue.c **** 	taskENTER_CRITICAL();
1954:Middlewares/Third_Party/FreeRTOS/Source/queue.c **** 	{
1955:Middlewares/Third_Party/FreeRTOS/Source/queue.c **** 		uxReturn = pxQueue->uxLength - pxQueue->uxMessagesWaiting;
1956:Middlewares/Third_Party/FreeRTOS/Source/queue.c **** 	}
1957:Middlewares/Third_Party/FreeRTOS/Source/queue.c **** 	taskEXIT_CRITICAL();
1958:Middlewares/Third_Party/FreeRTOS/Source/queue.c **** 
1959:Middlewares/Third_Party/FreeRTOS/Source/queue.c **** 	return uxReturn;
1960:Middlewares/Third_Party/FreeRTOS/Source/queue.c **** } /*lint !e818 Pointer cannot be declared const as xQueue is a typedef not pointer. */
1961:Middlewares/Third_Party/FreeRTOS/Source/queue.c **** /*-----------------------------------------------------------*/
1962:Middlewares/Third_Party/FreeRTOS/Source/queue.c **** 
1963:Middlewares/Third_Party/FreeRTOS/Source/queue.c **** UBaseType_t uxQueueMessagesWaitingFromISR( const QueueHandle_t xQueue )
1964:Middlewares/Third_Party/FreeRTOS/Source/queue.c **** {
1965:Middlewares/Third_Party/FreeRTOS/Source/queue.c **** UBaseType_t uxReturn;
1966:Middlewares/Third_Party/FreeRTOS/Source/queue.c **** Queue_t * const pxQueue = xQueue;
1967:Middlewares/Third_Party/FreeRTOS/Source/queue.c **** 
1968:Middlewares/Third_Party/FreeRTOS/Source/queue.c **** 	configASSERT( pxQueue );
1969:Middlewares/Third_Party/FreeRTOS/Source/queue.c **** 	uxReturn = pxQueue->uxMessagesWaiting;
1970:Middlewares/Third_Party/FreeRTOS/Source/queue.c **** 
ARM GAS  D:\TMP\ccboKuyk.s 			page 36


1971:Middlewares/Third_Party/FreeRTOS/Source/queue.c **** 	return uxReturn;
1972:Middlewares/Third_Party/FreeRTOS/Source/queue.c **** } /*lint !e818 Pointer cannot be declared const as xQueue is a typedef not pointer. */
1973:Middlewares/Third_Party/FreeRTOS/Source/queue.c **** /*-----------------------------------------------------------*/
1974:Middlewares/Third_Party/FreeRTOS/Source/queue.c **** 
1975:Middlewares/Third_Party/FreeRTOS/Source/queue.c **** void vQueueDelete( QueueHandle_t xQueue )
1976:Middlewares/Third_Party/FreeRTOS/Source/queue.c **** {
1977:Middlewares/Third_Party/FreeRTOS/Source/queue.c **** Queue_t * const pxQueue = xQueue;
1978:Middlewares/Third_Party/FreeRTOS/Source/queue.c **** 
1979:Middlewares/Third_Party/FreeRTOS/Source/queue.c **** 	configASSERT( pxQueue );
1980:Middlewares/Third_Party/FreeRTOS/Source/queue.c **** 	traceQUEUE_DELETE( pxQueue );
1981:Middlewares/Third_Party/FreeRTOS/Source/queue.c **** 
1982:Middlewares/Third_Party/FreeRTOS/Source/queue.c **** 	#if ( configQUEUE_REGISTRY_SIZE > 0 )
1983:Middlewares/Third_Party/FreeRTOS/Source/queue.c **** 	{
1984:Middlewares/Third_Party/FreeRTOS/Source/queue.c **** 		vQueueUnregisterQueue( pxQueue );
1985:Middlewares/Third_Party/FreeRTOS/Source/queue.c **** 	}
1986:Middlewares/Third_Party/FreeRTOS/Source/queue.c **** 	#endif
1987:Middlewares/Third_Party/FreeRTOS/Source/queue.c **** 
1988:Middlewares/Third_Party/FreeRTOS/Source/queue.c **** 	#if( ( configSUPPORT_DYNAMIC_ALLOCATION == 1 ) && ( configSUPPORT_STATIC_ALLOCATION == 0 ) )
1989:Middlewares/Third_Party/FreeRTOS/Source/queue.c **** 	{
1990:Middlewares/Third_Party/FreeRTOS/Source/queue.c **** 		/* The queue can only have been allocated dynamically - free it
1991:Middlewares/Third_Party/FreeRTOS/Source/queue.c **** 		again. */
1992:Middlewares/Third_Party/FreeRTOS/Source/queue.c **** 		vPortFree( pxQueue );
1993:Middlewares/Third_Party/FreeRTOS/Source/queue.c **** 	}
1994:Middlewares/Third_Party/FreeRTOS/Source/queue.c **** 	#elif( ( configSUPPORT_DYNAMIC_ALLOCATION == 1 ) && ( configSUPPORT_STATIC_ALLOCATION == 1 ) )
1995:Middlewares/Third_Party/FreeRTOS/Source/queue.c **** 	{
1996:Middlewares/Third_Party/FreeRTOS/Source/queue.c **** 		/* The queue could have been allocated statically or dynamically, so
1997:Middlewares/Third_Party/FreeRTOS/Source/queue.c **** 		check before attempting to free the memory. */
1998:Middlewares/Third_Party/FreeRTOS/Source/queue.c **** 		if( pxQueue->ucStaticallyAllocated == ( uint8_t ) pdFALSE )
1999:Middlewares/Third_Party/FreeRTOS/Source/queue.c **** 		{
2000:Middlewares/Third_Party/FreeRTOS/Source/queue.c **** 			vPortFree( pxQueue );
2001:Middlewares/Third_Party/FreeRTOS/Source/queue.c **** 		}
2002:Middlewares/Third_Party/FreeRTOS/Source/queue.c **** 		else
2003:Middlewares/Third_Party/FreeRTOS/Source/queue.c **** 		{
2004:Middlewares/Third_Party/FreeRTOS/Source/queue.c **** 			mtCOVERAGE_TEST_MARKER();
2005:Middlewares/Third_Party/FreeRTOS/Source/queue.c **** 		}
2006:Middlewares/Third_Party/FreeRTOS/Source/queue.c **** 	}
2007:Middlewares/Third_Party/FreeRTOS/Source/queue.c **** 	#else
2008:Middlewares/Third_Party/FreeRTOS/Source/queue.c **** 	{
2009:Middlewares/Third_Party/FreeRTOS/Source/queue.c **** 		/* The queue must have been statically allocated, so is not going to be
2010:Middlewares/Third_Party/FreeRTOS/Source/queue.c **** 		deleted.  Avoid compiler warnings about the unused parameter. */
2011:Middlewares/Third_Party/FreeRTOS/Source/queue.c **** 		( void ) pxQueue;
2012:Middlewares/Third_Party/FreeRTOS/Source/queue.c **** 	}
2013:Middlewares/Third_Party/FreeRTOS/Source/queue.c **** 	#endif /* configSUPPORT_DYNAMIC_ALLOCATION */
2014:Middlewares/Third_Party/FreeRTOS/Source/queue.c **** }
2015:Middlewares/Third_Party/FreeRTOS/Source/queue.c **** /*-----------------------------------------------------------*/
2016:Middlewares/Third_Party/FreeRTOS/Source/queue.c **** 
2017:Middlewares/Third_Party/FreeRTOS/Source/queue.c **** #if ( configUSE_TRACE_FACILITY == 1 )
2018:Middlewares/Third_Party/FreeRTOS/Source/queue.c **** 
2019:Middlewares/Third_Party/FreeRTOS/Source/queue.c **** 	UBaseType_t uxQueueGetQueueNumber( QueueHandle_t xQueue )
2020:Middlewares/Third_Party/FreeRTOS/Source/queue.c **** 	{
2021:Middlewares/Third_Party/FreeRTOS/Source/queue.c **** 		return ( ( Queue_t * ) xQueue )->uxQueueNumber;
2022:Middlewares/Third_Party/FreeRTOS/Source/queue.c **** 	}
2023:Middlewares/Third_Party/FreeRTOS/Source/queue.c **** 
2024:Middlewares/Third_Party/FreeRTOS/Source/queue.c **** #endif /* configUSE_TRACE_FACILITY */
2025:Middlewares/Third_Party/FreeRTOS/Source/queue.c **** /*-----------------------------------------------------------*/
2026:Middlewares/Third_Party/FreeRTOS/Source/queue.c **** 
2027:Middlewares/Third_Party/FreeRTOS/Source/queue.c **** #if ( configUSE_TRACE_FACILITY == 1 )
ARM GAS  D:\TMP\ccboKuyk.s 			page 37


2028:Middlewares/Third_Party/FreeRTOS/Source/queue.c **** 
2029:Middlewares/Third_Party/FreeRTOS/Source/queue.c **** 	void vQueueSetQueueNumber( QueueHandle_t xQueue, UBaseType_t uxQueueNumber )
2030:Middlewares/Third_Party/FreeRTOS/Source/queue.c **** 	{
2031:Middlewares/Third_Party/FreeRTOS/Source/queue.c **** 		( ( Queue_t * ) xQueue )->uxQueueNumber = uxQueueNumber;
2032:Middlewares/Third_Party/FreeRTOS/Source/queue.c **** 	}
2033:Middlewares/Third_Party/FreeRTOS/Source/queue.c **** 
2034:Middlewares/Third_Party/FreeRTOS/Source/queue.c **** #endif /* configUSE_TRACE_FACILITY */
2035:Middlewares/Third_Party/FreeRTOS/Source/queue.c **** /*-----------------------------------------------------------*/
2036:Middlewares/Third_Party/FreeRTOS/Source/queue.c **** 
2037:Middlewares/Third_Party/FreeRTOS/Source/queue.c **** #if ( configUSE_TRACE_FACILITY == 1 )
2038:Middlewares/Third_Party/FreeRTOS/Source/queue.c **** 
2039:Middlewares/Third_Party/FreeRTOS/Source/queue.c **** 	uint8_t ucQueueGetQueueType( QueueHandle_t xQueue )
2040:Middlewares/Third_Party/FreeRTOS/Source/queue.c **** 	{
2041:Middlewares/Third_Party/FreeRTOS/Source/queue.c **** 		return ( ( Queue_t * ) xQueue )->ucQueueType;
2042:Middlewares/Third_Party/FreeRTOS/Source/queue.c **** 	}
2043:Middlewares/Third_Party/FreeRTOS/Source/queue.c **** 
2044:Middlewares/Third_Party/FreeRTOS/Source/queue.c **** #endif /* configUSE_TRACE_FACILITY */
2045:Middlewares/Third_Party/FreeRTOS/Source/queue.c **** /*-----------------------------------------------------------*/
2046:Middlewares/Third_Party/FreeRTOS/Source/queue.c **** 
2047:Middlewares/Third_Party/FreeRTOS/Source/queue.c **** #if( configUSE_MUTEXES == 1 )
2048:Middlewares/Third_Party/FreeRTOS/Source/queue.c **** 
2049:Middlewares/Third_Party/FreeRTOS/Source/queue.c **** 	static UBaseType_t prvGetDisinheritPriorityAfterTimeout( const Queue_t * const pxQueue )
2050:Middlewares/Third_Party/FreeRTOS/Source/queue.c **** 	{
  27              		.loc 1 2050 2 view -0
  28              		.cfi_startproc
  29              		@ args = 0, pretend = 0, frame = 0
  30              		@ frame_needed = 0, uses_anonymous_args = 0
  31              		@ link register save eliminated.
  32              		.loc 1 2050 2 is_stmt 0 view .LVU1
  33 0000 0346     		mov	r3, r0
2051:Middlewares/Third_Party/FreeRTOS/Source/queue.c **** 	UBaseType_t uxHighestPriorityOfWaitingTasks;
  34              		.loc 1 2051 2 is_stmt 1 view .LVU2
2052:Middlewares/Third_Party/FreeRTOS/Source/queue.c **** 
2053:Middlewares/Third_Party/FreeRTOS/Source/queue.c **** 		/* If a task waiting for a mutex causes the mutex holder to inherit a
2054:Middlewares/Third_Party/FreeRTOS/Source/queue.c **** 		priority, but the waiting task times out, then the holder should
2055:Middlewares/Third_Party/FreeRTOS/Source/queue.c **** 		disinherit the priority - but only down to the highest priority of any
2056:Middlewares/Third_Party/FreeRTOS/Source/queue.c **** 		other tasks that are waiting for the same mutex.  For this purpose,
2057:Middlewares/Third_Party/FreeRTOS/Source/queue.c **** 		return the priority of the highest priority task that is waiting for the
2058:Middlewares/Third_Party/FreeRTOS/Source/queue.c **** 		mutex. */
2059:Middlewares/Third_Party/FreeRTOS/Source/queue.c **** 		if( listCURRENT_LIST_LENGTH( &( pxQueue->xTasksWaitingToReceive ) ) > 0U )
  35              		.loc 1 2059 3 view .LVU3
  36              		.loc 1 2059 7 is_stmt 0 view .LVU4
  37 0002 406A     		ldr	r0, [r0, #36]
  38              	.LVL1:
  39              		.loc 1 2059 5 view .LVU5
  40 0004 18B1     		cbz	r0, .L1
2060:Middlewares/Third_Party/FreeRTOS/Source/queue.c **** 		{
2061:Middlewares/Third_Party/FreeRTOS/Source/queue.c **** 			uxHighestPriorityOfWaitingTasks = ( UBaseType_t ) configMAX_PRIORITIES - ( UBaseType_t ) listGET
  41              		.loc 1 2061 4 is_stmt 1 view .LVU6
  42              		.loc 1 2061 93 is_stmt 0 view .LVU7
  43 0006 1B6B     		ldr	r3, [r3, #48]
  44              	.LVL2:
  45              		.loc 1 2061 93 view .LVU8
  46 0008 1868     		ldr	r0, [r3]
  47              		.loc 1 2061 36 view .LVU9
  48 000a C0F10700 		rsb	r0, r0, #7
  49              	.LVL3:
ARM GAS  D:\TMP\ccboKuyk.s 			page 38


2062:Middlewares/Third_Party/FreeRTOS/Source/queue.c **** 		}
2063:Middlewares/Third_Party/FreeRTOS/Source/queue.c **** 		else
2064:Middlewares/Third_Party/FreeRTOS/Source/queue.c **** 		{
2065:Middlewares/Third_Party/FreeRTOS/Source/queue.c **** 			uxHighestPriorityOfWaitingTasks = tskIDLE_PRIORITY;
2066:Middlewares/Third_Party/FreeRTOS/Source/queue.c **** 		}
2067:Middlewares/Third_Party/FreeRTOS/Source/queue.c **** 
2068:Middlewares/Third_Party/FreeRTOS/Source/queue.c **** 		return uxHighestPriorityOfWaitingTasks;
  50              		.loc 1 2068 3 is_stmt 1 view .LVU10
  51              	.L1:
2069:Middlewares/Third_Party/FreeRTOS/Source/queue.c **** 	}
  52              		.loc 1 2069 2 is_stmt 0 view .LVU11
  53 000e 7047     		bx	lr
  54              		.cfi_endproc
  55              	.LFE25:
  57              		.section	.text.prvIsQueueFull,"ax",%progbits
  58              		.align	1
  59              		.syntax unified
  60              		.thumb
  61              		.thumb_func
  63              	prvIsQueueFull:
  64              	.LVL4:
  65              	.LFB31:
2070:Middlewares/Third_Party/FreeRTOS/Source/queue.c **** 
2071:Middlewares/Third_Party/FreeRTOS/Source/queue.c **** #endif /* configUSE_MUTEXES */
2072:Middlewares/Third_Party/FreeRTOS/Source/queue.c **** /*-----------------------------------------------------------*/
2073:Middlewares/Third_Party/FreeRTOS/Source/queue.c **** 
2074:Middlewares/Third_Party/FreeRTOS/Source/queue.c **** static BaseType_t prvCopyDataToQueue( Queue_t * const pxQueue, const void *pvItemToQueue, const Bas
2075:Middlewares/Third_Party/FreeRTOS/Source/queue.c **** {
2076:Middlewares/Third_Party/FreeRTOS/Source/queue.c **** BaseType_t xReturn = pdFALSE;
2077:Middlewares/Third_Party/FreeRTOS/Source/queue.c **** UBaseType_t uxMessagesWaiting;
2078:Middlewares/Third_Party/FreeRTOS/Source/queue.c **** 
2079:Middlewares/Third_Party/FreeRTOS/Source/queue.c **** 	/* This function is called from a critical section. */
2080:Middlewares/Third_Party/FreeRTOS/Source/queue.c **** 
2081:Middlewares/Third_Party/FreeRTOS/Source/queue.c **** 	uxMessagesWaiting = pxQueue->uxMessagesWaiting;
2082:Middlewares/Third_Party/FreeRTOS/Source/queue.c **** 
2083:Middlewares/Third_Party/FreeRTOS/Source/queue.c **** 	if( pxQueue->uxItemSize == ( UBaseType_t ) 0 )
2084:Middlewares/Third_Party/FreeRTOS/Source/queue.c **** 	{
2085:Middlewares/Third_Party/FreeRTOS/Source/queue.c **** 		#if ( configUSE_MUTEXES == 1 )
2086:Middlewares/Third_Party/FreeRTOS/Source/queue.c **** 		{
2087:Middlewares/Third_Party/FreeRTOS/Source/queue.c **** 			if( pxQueue->uxQueueType == queueQUEUE_IS_MUTEX )
2088:Middlewares/Third_Party/FreeRTOS/Source/queue.c **** 			{
2089:Middlewares/Third_Party/FreeRTOS/Source/queue.c **** 				/* The mutex is no longer being held. */
2090:Middlewares/Third_Party/FreeRTOS/Source/queue.c **** 				xReturn = xTaskPriorityDisinherit( pxQueue->u.xSemaphore.xMutexHolder );
2091:Middlewares/Third_Party/FreeRTOS/Source/queue.c **** 				pxQueue->u.xSemaphore.xMutexHolder = NULL;
2092:Middlewares/Third_Party/FreeRTOS/Source/queue.c **** 			}
2093:Middlewares/Third_Party/FreeRTOS/Source/queue.c **** 			else
2094:Middlewares/Third_Party/FreeRTOS/Source/queue.c **** 			{
2095:Middlewares/Third_Party/FreeRTOS/Source/queue.c **** 				mtCOVERAGE_TEST_MARKER();
2096:Middlewares/Third_Party/FreeRTOS/Source/queue.c **** 			}
2097:Middlewares/Third_Party/FreeRTOS/Source/queue.c **** 		}
2098:Middlewares/Third_Party/FreeRTOS/Source/queue.c **** 		#endif /* configUSE_MUTEXES */
2099:Middlewares/Third_Party/FreeRTOS/Source/queue.c **** 	}
2100:Middlewares/Third_Party/FreeRTOS/Source/queue.c **** 	else if( xPosition == queueSEND_TO_BACK )
2101:Middlewares/Third_Party/FreeRTOS/Source/queue.c **** 	{
2102:Middlewares/Third_Party/FreeRTOS/Source/queue.c **** 		( void ) memcpy( ( void * ) pxQueue->pcWriteTo, pvItemToQueue, ( size_t ) pxQueue->uxItemSize ); 
2103:Middlewares/Third_Party/FreeRTOS/Source/queue.c **** 		pxQueue->pcWriteTo += pxQueue->uxItemSize; /*lint !e9016 Pointer arithmetic on char types ok, esp
2104:Middlewares/Third_Party/FreeRTOS/Source/queue.c **** 		if( pxQueue->pcWriteTo >= pxQueue->u.xQueue.pcTail ) /*lint !e946 MISRA exception justified as co
ARM GAS  D:\TMP\ccboKuyk.s 			page 39


2105:Middlewares/Third_Party/FreeRTOS/Source/queue.c **** 		{
2106:Middlewares/Third_Party/FreeRTOS/Source/queue.c **** 			pxQueue->pcWriteTo = pxQueue->pcHead;
2107:Middlewares/Third_Party/FreeRTOS/Source/queue.c **** 		}
2108:Middlewares/Third_Party/FreeRTOS/Source/queue.c **** 		else
2109:Middlewares/Third_Party/FreeRTOS/Source/queue.c **** 		{
2110:Middlewares/Third_Party/FreeRTOS/Source/queue.c **** 			mtCOVERAGE_TEST_MARKER();
2111:Middlewares/Third_Party/FreeRTOS/Source/queue.c **** 		}
2112:Middlewares/Third_Party/FreeRTOS/Source/queue.c **** 	}
2113:Middlewares/Third_Party/FreeRTOS/Source/queue.c **** 	else
2114:Middlewares/Third_Party/FreeRTOS/Source/queue.c **** 	{
2115:Middlewares/Third_Party/FreeRTOS/Source/queue.c **** 		( void ) memcpy( ( void * ) pxQueue->u.xQueue.pcReadFrom, pvItemToQueue, ( size_t ) pxQueue->uxIt
2116:Middlewares/Third_Party/FreeRTOS/Source/queue.c **** 		pxQueue->u.xQueue.pcReadFrom -= pxQueue->uxItemSize;
2117:Middlewares/Third_Party/FreeRTOS/Source/queue.c **** 		if( pxQueue->u.xQueue.pcReadFrom < pxQueue->pcHead ) /*lint !e946 MISRA exception justified as co
2118:Middlewares/Third_Party/FreeRTOS/Source/queue.c **** 		{
2119:Middlewares/Third_Party/FreeRTOS/Source/queue.c **** 			pxQueue->u.xQueue.pcReadFrom = ( pxQueue->u.xQueue.pcTail - pxQueue->uxItemSize );
2120:Middlewares/Third_Party/FreeRTOS/Source/queue.c **** 		}
2121:Middlewares/Third_Party/FreeRTOS/Source/queue.c **** 		else
2122:Middlewares/Third_Party/FreeRTOS/Source/queue.c **** 		{
2123:Middlewares/Third_Party/FreeRTOS/Source/queue.c **** 			mtCOVERAGE_TEST_MARKER();
2124:Middlewares/Third_Party/FreeRTOS/Source/queue.c **** 		}
2125:Middlewares/Third_Party/FreeRTOS/Source/queue.c **** 
2126:Middlewares/Third_Party/FreeRTOS/Source/queue.c **** 		if( xPosition == queueOVERWRITE )
2127:Middlewares/Third_Party/FreeRTOS/Source/queue.c **** 		{
2128:Middlewares/Third_Party/FreeRTOS/Source/queue.c **** 			if( uxMessagesWaiting > ( UBaseType_t ) 0 )
2129:Middlewares/Third_Party/FreeRTOS/Source/queue.c **** 			{
2130:Middlewares/Third_Party/FreeRTOS/Source/queue.c **** 				/* An item is not being added but overwritten, so subtract
2131:Middlewares/Third_Party/FreeRTOS/Source/queue.c **** 				one from the recorded number of items in the queue so when
2132:Middlewares/Third_Party/FreeRTOS/Source/queue.c **** 				one is added again below the number of recorded items remains
2133:Middlewares/Third_Party/FreeRTOS/Source/queue.c **** 				correct. */
2134:Middlewares/Third_Party/FreeRTOS/Source/queue.c **** 				--uxMessagesWaiting;
2135:Middlewares/Third_Party/FreeRTOS/Source/queue.c **** 			}
2136:Middlewares/Third_Party/FreeRTOS/Source/queue.c **** 			else
2137:Middlewares/Third_Party/FreeRTOS/Source/queue.c **** 			{
2138:Middlewares/Third_Party/FreeRTOS/Source/queue.c **** 				mtCOVERAGE_TEST_MARKER();
2139:Middlewares/Third_Party/FreeRTOS/Source/queue.c **** 			}
2140:Middlewares/Third_Party/FreeRTOS/Source/queue.c **** 		}
2141:Middlewares/Third_Party/FreeRTOS/Source/queue.c **** 		else
2142:Middlewares/Third_Party/FreeRTOS/Source/queue.c **** 		{
2143:Middlewares/Third_Party/FreeRTOS/Source/queue.c **** 			mtCOVERAGE_TEST_MARKER();
2144:Middlewares/Third_Party/FreeRTOS/Source/queue.c **** 		}
2145:Middlewares/Third_Party/FreeRTOS/Source/queue.c **** 	}
2146:Middlewares/Third_Party/FreeRTOS/Source/queue.c **** 
2147:Middlewares/Third_Party/FreeRTOS/Source/queue.c **** 	pxQueue->uxMessagesWaiting = uxMessagesWaiting + ( UBaseType_t ) 1;
2148:Middlewares/Third_Party/FreeRTOS/Source/queue.c **** 
2149:Middlewares/Third_Party/FreeRTOS/Source/queue.c **** 	return xReturn;
2150:Middlewares/Third_Party/FreeRTOS/Source/queue.c **** }
2151:Middlewares/Third_Party/FreeRTOS/Source/queue.c **** /*-----------------------------------------------------------*/
2152:Middlewares/Third_Party/FreeRTOS/Source/queue.c **** 
2153:Middlewares/Third_Party/FreeRTOS/Source/queue.c **** static void prvCopyDataFromQueue( Queue_t * const pxQueue, void * const pvBuffer )
2154:Middlewares/Third_Party/FreeRTOS/Source/queue.c **** {
2155:Middlewares/Third_Party/FreeRTOS/Source/queue.c **** 	if( pxQueue->uxItemSize != ( UBaseType_t ) 0 )
2156:Middlewares/Third_Party/FreeRTOS/Source/queue.c **** 	{
2157:Middlewares/Third_Party/FreeRTOS/Source/queue.c **** 		pxQueue->u.xQueue.pcReadFrom += pxQueue->uxItemSize; /*lint !e9016 Pointer arithmetic on char typ
2158:Middlewares/Third_Party/FreeRTOS/Source/queue.c **** 		if( pxQueue->u.xQueue.pcReadFrom >= pxQueue->u.xQueue.pcTail ) /*lint !e946 MISRA exception justi
2159:Middlewares/Third_Party/FreeRTOS/Source/queue.c **** 		{
2160:Middlewares/Third_Party/FreeRTOS/Source/queue.c **** 			pxQueue->u.xQueue.pcReadFrom = pxQueue->pcHead;
2161:Middlewares/Third_Party/FreeRTOS/Source/queue.c **** 		}
ARM GAS  D:\TMP\ccboKuyk.s 			page 40


2162:Middlewares/Third_Party/FreeRTOS/Source/queue.c **** 		else
2163:Middlewares/Third_Party/FreeRTOS/Source/queue.c **** 		{
2164:Middlewares/Third_Party/FreeRTOS/Source/queue.c **** 			mtCOVERAGE_TEST_MARKER();
2165:Middlewares/Third_Party/FreeRTOS/Source/queue.c **** 		}
2166:Middlewares/Third_Party/FreeRTOS/Source/queue.c **** 		( void ) memcpy( ( void * ) pvBuffer, ( void * ) pxQueue->u.xQueue.pcReadFrom, ( size_t ) pxQueue
2167:Middlewares/Third_Party/FreeRTOS/Source/queue.c **** 	}
2168:Middlewares/Third_Party/FreeRTOS/Source/queue.c **** }
2169:Middlewares/Third_Party/FreeRTOS/Source/queue.c **** /*-----------------------------------------------------------*/
2170:Middlewares/Third_Party/FreeRTOS/Source/queue.c **** 
2171:Middlewares/Third_Party/FreeRTOS/Source/queue.c **** static void prvUnlockQueue( Queue_t * const pxQueue )
2172:Middlewares/Third_Party/FreeRTOS/Source/queue.c **** {
2173:Middlewares/Third_Party/FreeRTOS/Source/queue.c **** 	/* THIS FUNCTION MUST BE CALLED WITH THE SCHEDULER SUSPENDED. */
2174:Middlewares/Third_Party/FreeRTOS/Source/queue.c **** 
2175:Middlewares/Third_Party/FreeRTOS/Source/queue.c **** 	/* The lock counts contains the number of extra data items placed or
2176:Middlewares/Third_Party/FreeRTOS/Source/queue.c **** 	removed from the queue while the queue was locked.  When a queue is
2177:Middlewares/Third_Party/FreeRTOS/Source/queue.c **** 	locked items can be added or removed, but the event lists cannot be
2178:Middlewares/Third_Party/FreeRTOS/Source/queue.c **** 	updated. */
2179:Middlewares/Third_Party/FreeRTOS/Source/queue.c **** 	taskENTER_CRITICAL();
2180:Middlewares/Third_Party/FreeRTOS/Source/queue.c **** 	{
2181:Middlewares/Third_Party/FreeRTOS/Source/queue.c **** 		int8_t cTxLock = pxQueue->cTxLock;
2182:Middlewares/Third_Party/FreeRTOS/Source/queue.c **** 
2183:Middlewares/Third_Party/FreeRTOS/Source/queue.c **** 		/* See if data was added to the queue while it was locked. */
2184:Middlewares/Third_Party/FreeRTOS/Source/queue.c **** 		while( cTxLock > queueLOCKED_UNMODIFIED )
2185:Middlewares/Third_Party/FreeRTOS/Source/queue.c **** 		{
2186:Middlewares/Third_Party/FreeRTOS/Source/queue.c **** 			/* Data was posted while the queue was locked.  Are any tasks
2187:Middlewares/Third_Party/FreeRTOS/Source/queue.c **** 			blocked waiting for data to become available? */
2188:Middlewares/Third_Party/FreeRTOS/Source/queue.c **** 			#if ( configUSE_QUEUE_SETS == 1 )
2189:Middlewares/Third_Party/FreeRTOS/Source/queue.c **** 			{
2190:Middlewares/Third_Party/FreeRTOS/Source/queue.c **** 				if( pxQueue->pxQueueSetContainer != NULL )
2191:Middlewares/Third_Party/FreeRTOS/Source/queue.c **** 				{
2192:Middlewares/Third_Party/FreeRTOS/Source/queue.c **** 					if( prvNotifyQueueSetContainer( pxQueue ) != pdFALSE )
2193:Middlewares/Third_Party/FreeRTOS/Source/queue.c **** 					{
2194:Middlewares/Third_Party/FreeRTOS/Source/queue.c **** 						/* The queue is a member of a queue set, and posting to
2195:Middlewares/Third_Party/FreeRTOS/Source/queue.c **** 						the queue set caused a higher priority task to unblock.
2196:Middlewares/Third_Party/FreeRTOS/Source/queue.c **** 						A context switch is required. */
2197:Middlewares/Third_Party/FreeRTOS/Source/queue.c **** 						vTaskMissedYield();
2198:Middlewares/Third_Party/FreeRTOS/Source/queue.c **** 					}
2199:Middlewares/Third_Party/FreeRTOS/Source/queue.c **** 					else
2200:Middlewares/Third_Party/FreeRTOS/Source/queue.c **** 					{
2201:Middlewares/Third_Party/FreeRTOS/Source/queue.c **** 						mtCOVERAGE_TEST_MARKER();
2202:Middlewares/Third_Party/FreeRTOS/Source/queue.c **** 					}
2203:Middlewares/Third_Party/FreeRTOS/Source/queue.c **** 				}
2204:Middlewares/Third_Party/FreeRTOS/Source/queue.c **** 				else
2205:Middlewares/Third_Party/FreeRTOS/Source/queue.c **** 				{
2206:Middlewares/Third_Party/FreeRTOS/Source/queue.c **** 					/* Tasks that are removed from the event list will get
2207:Middlewares/Third_Party/FreeRTOS/Source/queue.c **** 					added to the pending ready list as the scheduler is still
2208:Middlewares/Third_Party/FreeRTOS/Source/queue.c **** 					suspended. */
2209:Middlewares/Third_Party/FreeRTOS/Source/queue.c **** 					if( listLIST_IS_EMPTY( &( pxQueue->xTasksWaitingToReceive ) ) == pdFALSE )
2210:Middlewares/Third_Party/FreeRTOS/Source/queue.c **** 					{
2211:Middlewares/Third_Party/FreeRTOS/Source/queue.c **** 						if( xTaskRemoveFromEventList( &( pxQueue->xTasksWaitingToReceive ) ) != pdFALSE )
2212:Middlewares/Third_Party/FreeRTOS/Source/queue.c **** 						{
2213:Middlewares/Third_Party/FreeRTOS/Source/queue.c **** 							/* The task waiting has a higher priority so record that a
2214:Middlewares/Third_Party/FreeRTOS/Source/queue.c **** 							context	switch is required. */
2215:Middlewares/Third_Party/FreeRTOS/Source/queue.c **** 							vTaskMissedYield();
2216:Middlewares/Third_Party/FreeRTOS/Source/queue.c **** 						}
2217:Middlewares/Third_Party/FreeRTOS/Source/queue.c **** 						else
2218:Middlewares/Third_Party/FreeRTOS/Source/queue.c **** 						{
ARM GAS  D:\TMP\ccboKuyk.s 			page 41


2219:Middlewares/Third_Party/FreeRTOS/Source/queue.c **** 							mtCOVERAGE_TEST_MARKER();
2220:Middlewares/Third_Party/FreeRTOS/Source/queue.c **** 						}
2221:Middlewares/Third_Party/FreeRTOS/Source/queue.c **** 					}
2222:Middlewares/Third_Party/FreeRTOS/Source/queue.c **** 					else
2223:Middlewares/Third_Party/FreeRTOS/Source/queue.c **** 					{
2224:Middlewares/Third_Party/FreeRTOS/Source/queue.c **** 						break;
2225:Middlewares/Third_Party/FreeRTOS/Source/queue.c **** 					}
2226:Middlewares/Third_Party/FreeRTOS/Source/queue.c **** 				}
2227:Middlewares/Third_Party/FreeRTOS/Source/queue.c **** 			}
2228:Middlewares/Third_Party/FreeRTOS/Source/queue.c **** 			#else /* configUSE_QUEUE_SETS */
2229:Middlewares/Third_Party/FreeRTOS/Source/queue.c **** 			{
2230:Middlewares/Third_Party/FreeRTOS/Source/queue.c **** 				/* Tasks that are removed from the event list will get added to
2231:Middlewares/Third_Party/FreeRTOS/Source/queue.c **** 				the pending ready list as the scheduler is still suspended. */
2232:Middlewares/Third_Party/FreeRTOS/Source/queue.c **** 				if( listLIST_IS_EMPTY( &( pxQueue->xTasksWaitingToReceive ) ) == pdFALSE )
2233:Middlewares/Third_Party/FreeRTOS/Source/queue.c **** 				{
2234:Middlewares/Third_Party/FreeRTOS/Source/queue.c **** 					if( xTaskRemoveFromEventList( &( pxQueue->xTasksWaitingToReceive ) ) != pdFALSE )
2235:Middlewares/Third_Party/FreeRTOS/Source/queue.c **** 					{
2236:Middlewares/Third_Party/FreeRTOS/Source/queue.c **** 						/* The task waiting has a higher priority so record that
2237:Middlewares/Third_Party/FreeRTOS/Source/queue.c **** 						a context switch is required. */
2238:Middlewares/Third_Party/FreeRTOS/Source/queue.c **** 						vTaskMissedYield();
2239:Middlewares/Third_Party/FreeRTOS/Source/queue.c **** 					}
2240:Middlewares/Third_Party/FreeRTOS/Source/queue.c **** 					else
2241:Middlewares/Third_Party/FreeRTOS/Source/queue.c **** 					{
2242:Middlewares/Third_Party/FreeRTOS/Source/queue.c **** 						mtCOVERAGE_TEST_MARKER();
2243:Middlewares/Third_Party/FreeRTOS/Source/queue.c **** 					}
2244:Middlewares/Third_Party/FreeRTOS/Source/queue.c **** 				}
2245:Middlewares/Third_Party/FreeRTOS/Source/queue.c **** 				else
2246:Middlewares/Third_Party/FreeRTOS/Source/queue.c **** 				{
2247:Middlewares/Third_Party/FreeRTOS/Source/queue.c **** 					break;
2248:Middlewares/Third_Party/FreeRTOS/Source/queue.c **** 				}
2249:Middlewares/Third_Party/FreeRTOS/Source/queue.c **** 			}
2250:Middlewares/Third_Party/FreeRTOS/Source/queue.c **** 			#endif /* configUSE_QUEUE_SETS */
2251:Middlewares/Third_Party/FreeRTOS/Source/queue.c **** 
2252:Middlewares/Third_Party/FreeRTOS/Source/queue.c **** 			--cTxLock;
2253:Middlewares/Third_Party/FreeRTOS/Source/queue.c **** 		}
2254:Middlewares/Third_Party/FreeRTOS/Source/queue.c **** 
2255:Middlewares/Third_Party/FreeRTOS/Source/queue.c **** 		pxQueue->cTxLock = queueUNLOCKED;
2256:Middlewares/Third_Party/FreeRTOS/Source/queue.c **** 	}
2257:Middlewares/Third_Party/FreeRTOS/Source/queue.c **** 	taskEXIT_CRITICAL();
2258:Middlewares/Third_Party/FreeRTOS/Source/queue.c **** 
2259:Middlewares/Third_Party/FreeRTOS/Source/queue.c **** 	/* Do the same for the Rx lock. */
2260:Middlewares/Third_Party/FreeRTOS/Source/queue.c **** 	taskENTER_CRITICAL();
2261:Middlewares/Third_Party/FreeRTOS/Source/queue.c **** 	{
2262:Middlewares/Third_Party/FreeRTOS/Source/queue.c **** 		int8_t cRxLock = pxQueue->cRxLock;
2263:Middlewares/Third_Party/FreeRTOS/Source/queue.c **** 
2264:Middlewares/Third_Party/FreeRTOS/Source/queue.c **** 		while( cRxLock > queueLOCKED_UNMODIFIED )
2265:Middlewares/Third_Party/FreeRTOS/Source/queue.c **** 		{
2266:Middlewares/Third_Party/FreeRTOS/Source/queue.c **** 			if( listLIST_IS_EMPTY( &( pxQueue->xTasksWaitingToSend ) ) == pdFALSE )
2267:Middlewares/Third_Party/FreeRTOS/Source/queue.c **** 			{
2268:Middlewares/Third_Party/FreeRTOS/Source/queue.c **** 				if( xTaskRemoveFromEventList( &( pxQueue->xTasksWaitingToSend ) ) != pdFALSE )
2269:Middlewares/Third_Party/FreeRTOS/Source/queue.c **** 				{
2270:Middlewares/Third_Party/FreeRTOS/Source/queue.c **** 					vTaskMissedYield();
2271:Middlewares/Third_Party/FreeRTOS/Source/queue.c **** 				}
2272:Middlewares/Third_Party/FreeRTOS/Source/queue.c **** 				else
2273:Middlewares/Third_Party/FreeRTOS/Source/queue.c **** 				{
2274:Middlewares/Third_Party/FreeRTOS/Source/queue.c **** 					mtCOVERAGE_TEST_MARKER();
2275:Middlewares/Third_Party/FreeRTOS/Source/queue.c **** 				}
ARM GAS  D:\TMP\ccboKuyk.s 			page 42


2276:Middlewares/Third_Party/FreeRTOS/Source/queue.c **** 
2277:Middlewares/Third_Party/FreeRTOS/Source/queue.c **** 				--cRxLock;
2278:Middlewares/Third_Party/FreeRTOS/Source/queue.c **** 			}
2279:Middlewares/Third_Party/FreeRTOS/Source/queue.c **** 			else
2280:Middlewares/Third_Party/FreeRTOS/Source/queue.c **** 			{
2281:Middlewares/Third_Party/FreeRTOS/Source/queue.c **** 				break;
2282:Middlewares/Third_Party/FreeRTOS/Source/queue.c **** 			}
2283:Middlewares/Third_Party/FreeRTOS/Source/queue.c **** 		}
2284:Middlewares/Third_Party/FreeRTOS/Source/queue.c **** 
2285:Middlewares/Third_Party/FreeRTOS/Source/queue.c **** 		pxQueue->cRxLock = queueUNLOCKED;
2286:Middlewares/Third_Party/FreeRTOS/Source/queue.c **** 	}
2287:Middlewares/Third_Party/FreeRTOS/Source/queue.c **** 	taskEXIT_CRITICAL();
2288:Middlewares/Third_Party/FreeRTOS/Source/queue.c **** }
2289:Middlewares/Third_Party/FreeRTOS/Source/queue.c **** /*-----------------------------------------------------------*/
2290:Middlewares/Third_Party/FreeRTOS/Source/queue.c **** 
2291:Middlewares/Third_Party/FreeRTOS/Source/queue.c **** static BaseType_t prvIsQueueEmpty( const Queue_t *pxQueue )
2292:Middlewares/Third_Party/FreeRTOS/Source/queue.c **** {
2293:Middlewares/Third_Party/FreeRTOS/Source/queue.c **** BaseType_t xReturn;
2294:Middlewares/Third_Party/FreeRTOS/Source/queue.c **** 
2295:Middlewares/Third_Party/FreeRTOS/Source/queue.c **** 	taskENTER_CRITICAL();
2296:Middlewares/Third_Party/FreeRTOS/Source/queue.c **** 	{
2297:Middlewares/Third_Party/FreeRTOS/Source/queue.c **** 		if( pxQueue->uxMessagesWaiting == ( UBaseType_t )  0 )
2298:Middlewares/Third_Party/FreeRTOS/Source/queue.c **** 		{
2299:Middlewares/Third_Party/FreeRTOS/Source/queue.c **** 			xReturn = pdTRUE;
2300:Middlewares/Third_Party/FreeRTOS/Source/queue.c **** 		}
2301:Middlewares/Third_Party/FreeRTOS/Source/queue.c **** 		else
2302:Middlewares/Third_Party/FreeRTOS/Source/queue.c **** 		{
2303:Middlewares/Third_Party/FreeRTOS/Source/queue.c **** 			xReturn = pdFALSE;
2304:Middlewares/Third_Party/FreeRTOS/Source/queue.c **** 		}
2305:Middlewares/Third_Party/FreeRTOS/Source/queue.c **** 	}
2306:Middlewares/Third_Party/FreeRTOS/Source/queue.c **** 	taskEXIT_CRITICAL();
2307:Middlewares/Third_Party/FreeRTOS/Source/queue.c **** 
2308:Middlewares/Third_Party/FreeRTOS/Source/queue.c **** 	return xReturn;
2309:Middlewares/Third_Party/FreeRTOS/Source/queue.c **** }
2310:Middlewares/Third_Party/FreeRTOS/Source/queue.c **** /*-----------------------------------------------------------*/
2311:Middlewares/Third_Party/FreeRTOS/Source/queue.c **** 
2312:Middlewares/Third_Party/FreeRTOS/Source/queue.c **** BaseType_t xQueueIsQueueEmptyFromISR( const QueueHandle_t xQueue )
2313:Middlewares/Third_Party/FreeRTOS/Source/queue.c **** {
2314:Middlewares/Third_Party/FreeRTOS/Source/queue.c **** BaseType_t xReturn;
2315:Middlewares/Third_Party/FreeRTOS/Source/queue.c **** Queue_t * const pxQueue = xQueue;
2316:Middlewares/Third_Party/FreeRTOS/Source/queue.c **** 
2317:Middlewares/Third_Party/FreeRTOS/Source/queue.c **** 	configASSERT( pxQueue );
2318:Middlewares/Third_Party/FreeRTOS/Source/queue.c **** 	if( pxQueue->uxMessagesWaiting == ( UBaseType_t ) 0 )
2319:Middlewares/Third_Party/FreeRTOS/Source/queue.c **** 	{
2320:Middlewares/Third_Party/FreeRTOS/Source/queue.c **** 		xReturn = pdTRUE;
2321:Middlewares/Third_Party/FreeRTOS/Source/queue.c **** 	}
2322:Middlewares/Third_Party/FreeRTOS/Source/queue.c **** 	else
2323:Middlewares/Third_Party/FreeRTOS/Source/queue.c **** 	{
2324:Middlewares/Third_Party/FreeRTOS/Source/queue.c **** 		xReturn = pdFALSE;
2325:Middlewares/Third_Party/FreeRTOS/Source/queue.c **** 	}
2326:Middlewares/Third_Party/FreeRTOS/Source/queue.c **** 
2327:Middlewares/Third_Party/FreeRTOS/Source/queue.c **** 	return xReturn;
2328:Middlewares/Third_Party/FreeRTOS/Source/queue.c **** } /*lint !e818 xQueue could not be pointer to const because it is a typedef. */
2329:Middlewares/Third_Party/FreeRTOS/Source/queue.c **** /*-----------------------------------------------------------*/
2330:Middlewares/Third_Party/FreeRTOS/Source/queue.c **** 
2331:Middlewares/Third_Party/FreeRTOS/Source/queue.c **** static BaseType_t prvIsQueueFull( const Queue_t *pxQueue )
2332:Middlewares/Third_Party/FreeRTOS/Source/queue.c **** {
ARM GAS  D:\TMP\ccboKuyk.s 			page 43


  66              		.loc 1 2332 1 is_stmt 1 view -0
  67              		.cfi_startproc
  68              		@ args = 0, pretend = 0, frame = 0
  69              		@ frame_needed = 0, uses_anonymous_args = 0
  70              		.loc 1 2332 1 is_stmt 0 view .LVU13
  71 0000 10B5     		push	{r4, lr}
  72              	.LCFI0:
  73              		.cfi_def_cfa_offset 8
  74              		.cfi_offset 4, -8
  75              		.cfi_offset 14, -4
  76 0002 0446     		mov	r4, r0
2333:Middlewares/Third_Party/FreeRTOS/Source/queue.c **** BaseType_t xReturn;
  77              		.loc 1 2333 1 is_stmt 1 view .LVU14
2334:Middlewares/Third_Party/FreeRTOS/Source/queue.c **** 
2335:Middlewares/Third_Party/FreeRTOS/Source/queue.c **** 	taskENTER_CRITICAL();
  78              		.loc 1 2335 2 view .LVU15
  79 0004 FFF7FEFF 		bl	vPortEnterCritical
  80              	.LVL5:
2336:Middlewares/Third_Party/FreeRTOS/Source/queue.c **** 	{
2337:Middlewares/Third_Party/FreeRTOS/Source/queue.c **** 		if( pxQueue->uxMessagesWaiting == pxQueue->uxLength )
  81              		.loc 1 2337 3 view .LVU16
  82              		.loc 1 2337 14 is_stmt 0 view .LVU17
  83 0008 A26B     		ldr	r2, [r4, #56]
  84              		.loc 1 2337 44 view .LVU18
  85 000a E36B     		ldr	r3, [r4, #60]
  86              		.loc 1 2337 5 view .LVU19
  87 000c 9A42     		cmp	r2, r3
  88 000e 04D0     		beq	.L7
2338:Middlewares/Third_Party/FreeRTOS/Source/queue.c **** 		{
2339:Middlewares/Third_Party/FreeRTOS/Source/queue.c **** 			xReturn = pdTRUE;
2340:Middlewares/Third_Party/FreeRTOS/Source/queue.c **** 		}
2341:Middlewares/Third_Party/FreeRTOS/Source/queue.c **** 		else
2342:Middlewares/Third_Party/FreeRTOS/Source/queue.c **** 		{
2343:Middlewares/Third_Party/FreeRTOS/Source/queue.c **** 			xReturn = pdFALSE;
  89              		.loc 1 2343 12 view .LVU20
  90 0010 0024     		movs	r4, #0
  91              	.LVL6:
  92              	.L4:
2344:Middlewares/Third_Party/FreeRTOS/Source/queue.c **** 		}
2345:Middlewares/Third_Party/FreeRTOS/Source/queue.c **** 	}
2346:Middlewares/Third_Party/FreeRTOS/Source/queue.c **** 	taskEXIT_CRITICAL();
  93              		.loc 1 2346 2 is_stmt 1 view .LVU21
  94 0012 FFF7FEFF 		bl	vPortExitCritical
  95              	.LVL7:
2347:Middlewares/Third_Party/FreeRTOS/Source/queue.c **** 
2348:Middlewares/Third_Party/FreeRTOS/Source/queue.c **** 	return xReturn;
  96              		.loc 1 2348 2 view .LVU22
2349:Middlewares/Third_Party/FreeRTOS/Source/queue.c **** }
  97              		.loc 1 2349 1 is_stmt 0 view .LVU23
  98 0016 2046     		mov	r0, r4
  99 0018 10BD     		pop	{r4, pc}
 100              	.LVL8:
 101              	.L7:
2339:Middlewares/Third_Party/FreeRTOS/Source/queue.c **** 		}
 102              		.loc 1 2339 12 view .LVU24
 103 001a 0124     		movs	r4, #1
 104              	.LVL9:
ARM GAS  D:\TMP\ccboKuyk.s 			page 44


2339:Middlewares/Third_Party/FreeRTOS/Source/queue.c **** 		}
 105              		.loc 1 2339 12 view .LVU25
 106 001c F9E7     		b	.L4
 107              		.cfi_endproc
 108              	.LFE31:
 110              		.section	.text.prvIsQueueEmpty,"ax",%progbits
 111              		.align	1
 112              		.syntax unified
 113              		.thumb
 114              		.thumb_func
 116              	prvIsQueueEmpty:
 117              	.LVL10:
 118              	.LFB29:
2292:Middlewares/Third_Party/FreeRTOS/Source/queue.c **** BaseType_t xReturn;
 119              		.loc 1 2292 1 is_stmt 1 view -0
 120              		.cfi_startproc
 121              		@ args = 0, pretend = 0, frame = 0
 122              		@ frame_needed = 0, uses_anonymous_args = 0
2292:Middlewares/Third_Party/FreeRTOS/Source/queue.c **** BaseType_t xReturn;
 123              		.loc 1 2292 1 is_stmt 0 view .LVU27
 124 0000 10B5     		push	{r4, lr}
 125              	.LCFI1:
 126              		.cfi_def_cfa_offset 8
 127              		.cfi_offset 4, -8
 128              		.cfi_offset 14, -4
 129 0002 0446     		mov	r4, r0
2293:Middlewares/Third_Party/FreeRTOS/Source/queue.c **** 
 130              		.loc 1 2293 1 is_stmt 1 view .LVU28
2295:Middlewares/Third_Party/FreeRTOS/Source/queue.c **** 	{
 131              		.loc 1 2295 2 view .LVU29
 132 0004 FFF7FEFF 		bl	vPortEnterCritical
 133              	.LVL11:
2297:Middlewares/Third_Party/FreeRTOS/Source/queue.c **** 		{
 134              		.loc 1 2297 3 view .LVU30
2297:Middlewares/Third_Party/FreeRTOS/Source/queue.c **** 		{
 135              		.loc 1 2297 14 is_stmt 0 view .LVU31
 136 0008 A36B     		ldr	r3, [r4, #56]
2297:Middlewares/Third_Party/FreeRTOS/Source/queue.c **** 		{
 137              		.loc 1 2297 5 view .LVU32
 138 000a 23B9     		cbnz	r3, .L10
2299:Middlewares/Third_Party/FreeRTOS/Source/queue.c **** 		}
 139              		.loc 1 2299 12 view .LVU33
 140 000c 0124     		movs	r4, #1
 141              	.LVL12:
 142              	.L9:
2306:Middlewares/Third_Party/FreeRTOS/Source/queue.c **** 
 143              		.loc 1 2306 2 is_stmt 1 view .LVU34
 144 000e FFF7FEFF 		bl	vPortExitCritical
 145              	.LVL13:
2308:Middlewares/Third_Party/FreeRTOS/Source/queue.c **** }
 146              		.loc 1 2308 2 view .LVU35
2309:Middlewares/Third_Party/FreeRTOS/Source/queue.c **** /*-----------------------------------------------------------*/
 147              		.loc 1 2309 1 is_stmt 0 view .LVU36
 148 0012 2046     		mov	r0, r4
 149 0014 10BD     		pop	{r4, pc}
 150              	.LVL14:
 151              	.L10:
ARM GAS  D:\TMP\ccboKuyk.s 			page 45


2303:Middlewares/Third_Party/FreeRTOS/Source/queue.c **** 		}
 152              		.loc 1 2303 12 view .LVU37
 153 0016 0024     		movs	r4, #0
 154              	.LVL15:
2303:Middlewares/Third_Party/FreeRTOS/Source/queue.c **** 		}
 155              		.loc 1 2303 12 view .LVU38
 156 0018 F9E7     		b	.L9
 157              		.cfi_endproc
 158              	.LFE29:
 160              		.section	.text.prvCopyDataToQueue,"ax",%progbits
 161              		.align	1
 162              		.syntax unified
 163              		.thumb
 164              		.thumb_func
 166              	prvCopyDataToQueue:
 167              	.LVL16:
 168              	.LFB26:
2075:Middlewares/Third_Party/FreeRTOS/Source/queue.c **** BaseType_t xReturn = pdFALSE;
 169              		.loc 1 2075 1 is_stmt 1 view -0
 170              		.cfi_startproc
 171              		@ args = 0, pretend = 0, frame = 0
 172              		@ frame_needed = 0, uses_anonymous_args = 0
2075:Middlewares/Third_Party/FreeRTOS/Source/queue.c **** BaseType_t xReturn = pdFALSE;
 173              		.loc 1 2075 1 is_stmt 0 view .LVU40
 174 0000 70B5     		push	{r4, r5, r6, lr}
 175              	.LCFI2:
 176              		.cfi_def_cfa_offset 16
 177              		.cfi_offset 4, -16
 178              		.cfi_offset 5, -12
 179              		.cfi_offset 6, -8
 180              		.cfi_offset 14, -4
 181 0002 0446     		mov	r4, r0
 182 0004 1546     		mov	r5, r2
2076:Middlewares/Third_Party/FreeRTOS/Source/queue.c **** UBaseType_t uxMessagesWaiting;
 183              		.loc 1 2076 1 is_stmt 1 view .LVU41
 184              	.LVL17:
2077:Middlewares/Third_Party/FreeRTOS/Source/queue.c **** 
 185              		.loc 1 2077 1 view .LVU42
2081:Middlewares/Third_Party/FreeRTOS/Source/queue.c **** 
 186              		.loc 1 2081 2 view .LVU43
2081:Middlewares/Third_Party/FreeRTOS/Source/queue.c **** 
 187              		.loc 1 2081 20 is_stmt 0 view .LVU44
 188 0006 866B     		ldr	r6, [r0, #56]
 189              	.LVL18:
2083:Middlewares/Third_Party/FreeRTOS/Source/queue.c **** 	{
 190              		.loc 1 2083 2 is_stmt 1 view .LVU45
2083:Middlewares/Third_Party/FreeRTOS/Source/queue.c **** 	{
 191              		.loc 1 2083 13 is_stmt 0 view .LVU46
 192 0008 026C     		ldr	r2, [r0, #64]
 193              	.LVL19:
2083:Middlewares/Third_Party/FreeRTOS/Source/queue.c **** 	{
 194              		.loc 1 2083 4 view .LVU47
 195 000a 5AB9     		cbnz	r2, .L13
2087:Middlewares/Third_Party/FreeRTOS/Source/queue.c **** 			{
 196              		.loc 1 2087 4 is_stmt 1 view .LVU48
2087:Middlewares/Third_Party/FreeRTOS/Source/queue.c **** 			{
 197              		.loc 1 2087 15 is_stmt 0 view .LVU49
ARM GAS  D:\TMP\ccboKuyk.s 			page 46


 198 000c 0368     		ldr	r3, [r0]
2087:Middlewares/Third_Party/FreeRTOS/Source/queue.c **** 			{
 199              		.loc 1 2087 6 view .LVU50
 200 000e 1BB1     		cbz	r3, .L22
2076:Middlewares/Third_Party/FreeRTOS/Source/queue.c **** UBaseType_t uxMessagesWaiting;
 201              		.loc 1 2076 12 view .LVU51
 202 0010 0020     		movs	r0, #0
 203              	.LVL20:
 204              	.L14:
2143:Middlewares/Third_Party/FreeRTOS/Source/queue.c **** 		}
 205              		.loc 1 2143 28 is_stmt 1 view .LVU52
2147:Middlewares/Third_Party/FreeRTOS/Source/queue.c **** 
 206              		.loc 1 2147 2 view .LVU53
2147:Middlewares/Third_Party/FreeRTOS/Source/queue.c **** 
 207              		.loc 1 2147 49 is_stmt 0 view .LVU54
 208 0012 0136     		adds	r6, r6, #1
 209              	.LVL21:
2147:Middlewares/Third_Party/FreeRTOS/Source/queue.c **** 
 210              		.loc 1 2147 29 view .LVU55
 211 0014 A663     		str	r6, [r4, #56]
2149:Middlewares/Third_Party/FreeRTOS/Source/queue.c **** }
 212              		.loc 1 2149 2 is_stmt 1 view .LVU56
2150:Middlewares/Third_Party/FreeRTOS/Source/queue.c **** /*-----------------------------------------------------------*/
 213              		.loc 1 2150 1 is_stmt 0 view .LVU57
 214 0016 70BD     		pop	{r4, r5, r6, pc}
 215              	.LVL22:
 216              	.L22:
2090:Middlewares/Third_Party/FreeRTOS/Source/queue.c **** 				pxQueue->u.xSemaphore.xMutexHolder = NULL;
 217              		.loc 1 2090 5 is_stmt 1 view .LVU58
2090:Middlewares/Third_Party/FreeRTOS/Source/queue.c **** 				pxQueue->u.xSemaphore.xMutexHolder = NULL;
 218              		.loc 1 2090 15 is_stmt 0 view .LVU59
 219 0018 8068     		ldr	r0, [r0, #8]
 220              	.LVL23:
2090:Middlewares/Third_Party/FreeRTOS/Source/queue.c **** 				pxQueue->u.xSemaphore.xMutexHolder = NULL;
 221              		.loc 1 2090 15 view .LVU60
 222 001a FFF7FEFF 		bl	xTaskPriorityDisinherit
 223              	.LVL24:
2091:Middlewares/Third_Party/FreeRTOS/Source/queue.c **** 			}
 224              		.loc 1 2091 5 is_stmt 1 view .LVU61
2091:Middlewares/Third_Party/FreeRTOS/Source/queue.c **** 			}
 225              		.loc 1 2091 40 is_stmt 0 view .LVU62
 226 001e 0023     		movs	r3, #0
 227 0020 A360     		str	r3, [r4, #8]
 228 0022 F6E7     		b	.L14
 229              	.LVL25:
 230              	.L13:
2100:Middlewares/Third_Party/FreeRTOS/Source/queue.c **** 	{
 231              		.loc 1 2100 7 is_stmt 1 view .LVU63
2100:Middlewares/Third_Party/FreeRTOS/Source/queue.c **** 	{
 232              		.loc 1 2100 9 is_stmt 0 view .LVU64
 233 0024 6DB9     		cbnz	r5, .L15
2102:Middlewares/Third_Party/FreeRTOS/Source/queue.c **** 		pxQueue->pcWriteTo += pxQueue->uxItemSize; /*lint !e9016 Pointer arithmetic on char types ok, esp
 234              		.loc 1 2102 3 is_stmt 1 view .LVU65
2102:Middlewares/Third_Party/FreeRTOS/Source/queue.c **** 		pxQueue->pcWriteTo += pxQueue->uxItemSize; /*lint !e9016 Pointer arithmetic on char types ok, esp
 235              		.loc 1 2102 12 is_stmt 0 view .LVU66
 236 0026 4068     		ldr	r0, [r0, #4]
 237              	.LVL26:
ARM GAS  D:\TMP\ccboKuyk.s 			page 47


2102:Middlewares/Third_Party/FreeRTOS/Source/queue.c **** 		pxQueue->pcWriteTo += pxQueue->uxItemSize; /*lint !e9016 Pointer arithmetic on char types ok, esp
 238              		.loc 1 2102 12 view .LVU67
 239 0028 FFF7FEFF 		bl	memcpy
 240              	.LVL27:
2103:Middlewares/Third_Party/FreeRTOS/Source/queue.c **** 		if( pxQueue->pcWriteTo >= pxQueue->u.xQueue.pcTail ) /*lint !e946 MISRA exception justified as co
 241              		.loc 1 2103 3 is_stmt 1 view .LVU68
2103:Middlewares/Third_Party/FreeRTOS/Source/queue.c **** 		if( pxQueue->pcWriteTo >= pxQueue->u.xQueue.pcTail ) /*lint !e946 MISRA exception justified as co
 242              		.loc 1 2103 10 is_stmt 0 view .LVU69
 243 002c 6368     		ldr	r3, [r4, #4]
2103:Middlewares/Third_Party/FreeRTOS/Source/queue.c **** 		if( pxQueue->pcWriteTo >= pxQueue->u.xQueue.pcTail ) /*lint !e946 MISRA exception justified as co
 244              		.loc 1 2103 32 view .LVU70
 245 002e 226C     		ldr	r2, [r4, #64]
2103:Middlewares/Third_Party/FreeRTOS/Source/queue.c **** 		if( pxQueue->pcWriteTo >= pxQueue->u.xQueue.pcTail ) /*lint !e946 MISRA exception justified as co
 246              		.loc 1 2103 22 view .LVU71
 247 0030 1344     		add	r3, r3, r2
 248 0032 6360     		str	r3, [r4, #4]
2104:Middlewares/Third_Party/FreeRTOS/Source/queue.c **** 		{
 249              		.loc 1 2104 3 is_stmt 1 view .LVU72
2104:Middlewares/Third_Party/FreeRTOS/Source/queue.c **** 		{
 250              		.loc 1 2104 46 is_stmt 0 view .LVU73
 251 0034 A268     		ldr	r2, [r4, #8]
2104:Middlewares/Third_Party/FreeRTOS/Source/queue.c **** 		{
 252              		.loc 1 2104 5 view .LVU74
 253 0036 9342     		cmp	r3, r2
 254 0038 19D3     		bcc	.L18
2106:Middlewares/Third_Party/FreeRTOS/Source/queue.c **** 		}
 255              		.loc 1 2106 4 is_stmt 1 view .LVU75
2106:Middlewares/Third_Party/FreeRTOS/Source/queue.c **** 		}
 256              		.loc 1 2106 32 is_stmt 0 view .LVU76
 257 003a 2368     		ldr	r3, [r4]
2106:Middlewares/Third_Party/FreeRTOS/Source/queue.c **** 		}
 258              		.loc 1 2106 23 view .LVU77
 259 003c 6360     		str	r3, [r4, #4]
2076:Middlewares/Third_Party/FreeRTOS/Source/queue.c **** UBaseType_t uxMessagesWaiting;
 260              		.loc 1 2076 12 view .LVU78
 261 003e 2846     		mov	r0, r5
 262 0040 E7E7     		b	.L14
 263              	.LVL28:
 264              	.L15:
2115:Middlewares/Third_Party/FreeRTOS/Source/queue.c **** 		pxQueue->u.xQueue.pcReadFrom -= pxQueue->uxItemSize;
 265              		.loc 1 2115 3 is_stmt 1 view .LVU79
2115:Middlewares/Third_Party/FreeRTOS/Source/queue.c **** 		pxQueue->u.xQueue.pcReadFrom -= pxQueue->uxItemSize;
 266              		.loc 1 2115 12 is_stmt 0 view .LVU80
 267 0042 C068     		ldr	r0, [r0, #12]
 268              	.LVL29:
2115:Middlewares/Third_Party/FreeRTOS/Source/queue.c **** 		pxQueue->u.xQueue.pcReadFrom -= pxQueue->uxItemSize;
 269              		.loc 1 2115 12 view .LVU81
 270 0044 FFF7FEFF 		bl	memcpy
 271              	.LVL30:
2116:Middlewares/Third_Party/FreeRTOS/Source/queue.c **** 		if( pxQueue->u.xQueue.pcReadFrom < pxQueue->pcHead ) /*lint !e946 MISRA exception justified as co
 272              		.loc 1 2116 3 is_stmt 1 view .LVU82
2116:Middlewares/Third_Party/FreeRTOS/Source/queue.c **** 		if( pxQueue->u.xQueue.pcReadFrom < pxQueue->pcHead ) /*lint !e946 MISRA exception justified as co
 273              		.loc 1 2116 20 is_stmt 0 view .LVU83
 274 0048 E368     		ldr	r3, [r4, #12]
2116:Middlewares/Third_Party/FreeRTOS/Source/queue.c **** 		if( pxQueue->u.xQueue.pcReadFrom < pxQueue->pcHead ) /*lint !e946 MISRA exception justified as co
 275              		.loc 1 2116 42 view .LVU84
 276 004a 226C     		ldr	r2, [r4, #64]
ARM GAS  D:\TMP\ccboKuyk.s 			page 48


2116:Middlewares/Third_Party/FreeRTOS/Source/queue.c **** 		if( pxQueue->u.xQueue.pcReadFrom < pxQueue->pcHead ) /*lint !e946 MISRA exception justified as co
 277              		.loc 1 2116 32 view .LVU85
 278 004c 5142     		rsbs	r1, r2, #0
 279 004e 9B1A     		subs	r3, r3, r2
 280 0050 E360     		str	r3, [r4, #12]
2117:Middlewares/Third_Party/FreeRTOS/Source/queue.c **** 		{
 281              		.loc 1 2117 3 is_stmt 1 view .LVU86
2117:Middlewares/Third_Party/FreeRTOS/Source/queue.c **** 		{
 282              		.loc 1 2117 45 is_stmt 0 view .LVU87
 283 0052 2268     		ldr	r2, [r4]
2117:Middlewares/Third_Party/FreeRTOS/Source/queue.c **** 		{
 284              		.loc 1 2117 5 view .LVU88
 285 0054 9342     		cmp	r3, r2
 286 0056 02D2     		bcs	.L16
2119:Middlewares/Third_Party/FreeRTOS/Source/queue.c **** 		}
 287              		.loc 1 2119 4 is_stmt 1 view .LVU89
2119:Middlewares/Third_Party/FreeRTOS/Source/queue.c **** 		}
 288              		.loc 1 2119 54 is_stmt 0 view .LVU90
 289 0058 A368     		ldr	r3, [r4, #8]
2119:Middlewares/Third_Party/FreeRTOS/Source/queue.c **** 		}
 290              		.loc 1 2119 62 view .LVU91
 291 005a 0B44     		add	r3, r3, r1
2119:Middlewares/Third_Party/FreeRTOS/Source/queue.c **** 		}
 292              		.loc 1 2119 33 view .LVU92
 293 005c E360     		str	r3, [r4, #12]
 294              	.L16:
2123:Middlewares/Third_Party/FreeRTOS/Source/queue.c **** 		}
 295              		.loc 1 2123 28 is_stmt 1 view .LVU93
2126:Middlewares/Third_Party/FreeRTOS/Source/queue.c **** 		{
 296              		.loc 1 2126 3 view .LVU94
2126:Middlewares/Third_Party/FreeRTOS/Source/queue.c **** 		{
 297              		.loc 1 2126 5 is_stmt 0 view .LVU95
 298 005e 022D     		cmp	r5, #2
 299 0060 01D0     		beq	.L23
2076:Middlewares/Third_Party/FreeRTOS/Source/queue.c **** UBaseType_t uxMessagesWaiting;
 300              		.loc 1 2076 12 view .LVU96
 301 0062 0020     		movs	r0, #0
 302 0064 D5E7     		b	.L14
 303              	.L23:
2128:Middlewares/Third_Party/FreeRTOS/Source/queue.c **** 			{
 304              		.loc 1 2128 4 is_stmt 1 view .LVU97
2128:Middlewares/Third_Party/FreeRTOS/Source/queue.c **** 			{
 305              		.loc 1 2128 6 is_stmt 0 view .LVU98
 306 0066 26B1     		cbz	r6, .L20
2134:Middlewares/Third_Party/FreeRTOS/Source/queue.c **** 			}
 307              		.loc 1 2134 5 is_stmt 1 view .LVU99
 308 0068 013E     		subs	r6, r6, #1
 309              	.LVL31:
2076:Middlewares/Third_Party/FreeRTOS/Source/queue.c **** UBaseType_t uxMessagesWaiting;
 310              		.loc 1 2076 12 is_stmt 0 view .LVU100
 311 006a 0020     		movs	r0, #0
 312 006c D1E7     		b	.L14
 313              	.L18:
2076:Middlewares/Third_Party/FreeRTOS/Source/queue.c **** UBaseType_t uxMessagesWaiting;
 314              		.loc 1 2076 12 view .LVU101
 315 006e 2846     		mov	r0, r5
 316 0070 CFE7     		b	.L14
ARM GAS  D:\TMP\ccboKuyk.s 			page 49


 317              	.L20:
2076:Middlewares/Third_Party/FreeRTOS/Source/queue.c **** UBaseType_t uxMessagesWaiting;
 318              		.loc 1 2076 12 view .LVU102
 319 0072 0020     		movs	r0, #0
 320 0074 CDE7     		b	.L14
 321              		.cfi_endproc
 322              	.LFE26:
 324              		.section	.text.prvCopyDataFromQueue,"ax",%progbits
 325              		.align	1
 326              		.syntax unified
 327              		.thumb
 328              		.thumb_func
 330              	prvCopyDataFromQueue:
 331              	.LVL32:
 332              	.LFB27:
2154:Middlewares/Third_Party/FreeRTOS/Source/queue.c **** 	if( pxQueue->uxItemSize != ( UBaseType_t ) 0 )
 333              		.loc 1 2154 1 is_stmt 1 view -0
 334              		.cfi_startproc
 335              		@ args = 0, pretend = 0, frame = 0
 336              		@ frame_needed = 0, uses_anonymous_args = 0
2154:Middlewares/Third_Party/FreeRTOS/Source/queue.c **** 	if( pxQueue->uxItemSize != ( UBaseType_t ) 0 )
 337              		.loc 1 2154 1 is_stmt 0 view .LVU104
 338 0000 08B5     		push	{r3, lr}
 339              	.LCFI3:
 340              		.cfi_def_cfa_offset 8
 341              		.cfi_offset 3, -8
 342              		.cfi_offset 14, -4
 343 0002 0346     		mov	r3, r0
2155:Middlewares/Third_Party/FreeRTOS/Source/queue.c **** 	{
 344              		.loc 1 2155 2 is_stmt 1 view .LVU105
2155:Middlewares/Third_Party/FreeRTOS/Source/queue.c **** 	{
 345              		.loc 1 2155 13 is_stmt 0 view .LVU106
 346 0004 026C     		ldr	r2, [r0, #64]
2155:Middlewares/Third_Party/FreeRTOS/Source/queue.c **** 	{
 347              		.loc 1 2155 4 view .LVU107
 348 0006 62B1     		cbz	r2, .L24
 349 0008 0846     		mov	r0, r1
 350              	.LVL33:
2157:Middlewares/Third_Party/FreeRTOS/Source/queue.c **** 		if( pxQueue->u.xQueue.pcReadFrom >= pxQueue->u.xQueue.pcTail ) /*lint !e946 MISRA exception justi
 351              		.loc 1 2157 3 is_stmt 1 view .LVU108
2157:Middlewares/Third_Party/FreeRTOS/Source/queue.c **** 		if( pxQueue->u.xQueue.pcReadFrom >= pxQueue->u.xQueue.pcTail ) /*lint !e946 MISRA exception justi
 352              		.loc 1 2157 20 is_stmt 0 view .LVU109
 353 000a D968     		ldr	r1, [r3, #12]
 354              	.LVL34:
2157:Middlewares/Third_Party/FreeRTOS/Source/queue.c **** 		if( pxQueue->u.xQueue.pcReadFrom >= pxQueue->u.xQueue.pcTail ) /*lint !e946 MISRA exception justi
 355              		.loc 1 2157 32 view .LVU110
 356 000c 1144     		add	r1, r1, r2
 357 000e D960     		str	r1, [r3, #12]
2158:Middlewares/Third_Party/FreeRTOS/Source/queue.c **** 		{
 358              		.loc 1 2158 3 is_stmt 1 view .LVU111
2158:Middlewares/Third_Party/FreeRTOS/Source/queue.c **** 		{
 359              		.loc 1 2158 5 is_stmt 0 view .LVU112
 360 0010 D3F808C0 		ldr	ip, [r3, #8]
 361 0014 6145     		cmp	r1, ip
 362 0016 01D3     		bcc	.L26
2160:Middlewares/Third_Party/FreeRTOS/Source/queue.c **** 		}
 363              		.loc 1 2160 4 is_stmt 1 view .LVU113
ARM GAS  D:\TMP\ccboKuyk.s 			page 50


2160:Middlewares/Third_Party/FreeRTOS/Source/queue.c **** 		}
 364              		.loc 1 2160 42 is_stmt 0 view .LVU114
 365 0018 1968     		ldr	r1, [r3]
2160:Middlewares/Third_Party/FreeRTOS/Source/queue.c **** 		}
 366              		.loc 1 2160 33 view .LVU115
 367 001a D960     		str	r1, [r3, #12]
 368              	.L26:
2164:Middlewares/Third_Party/FreeRTOS/Source/queue.c **** 		}
 369              		.loc 1 2164 28 is_stmt 1 view .LVU116
2166:Middlewares/Third_Party/FreeRTOS/Source/queue.c **** 	}
 370              		.loc 1 2166 3 view .LVU117
2166:Middlewares/Third_Party/FreeRTOS/Source/queue.c **** 	}
 371              		.loc 1 2166 12 is_stmt 0 view .LVU118
 372 001c D968     		ldr	r1, [r3, #12]
 373 001e FFF7FEFF 		bl	memcpy
 374              	.LVL35:
 375              	.L24:
2168:Middlewares/Third_Party/FreeRTOS/Source/queue.c **** /*-----------------------------------------------------------*/
 376              		.loc 1 2168 1 view .LVU119
 377 0022 08BD     		pop	{r3, pc}
 378              		.cfi_endproc
 379              	.LFE27:
 381              		.section	.text.prvUnlockQueue,"ax",%progbits
 382              		.align	1
 383              		.syntax unified
 384              		.thumb
 385              		.thumb_func
 387              	prvUnlockQueue:
 388              	.LVL36:
 389              	.LFB28:
2172:Middlewares/Third_Party/FreeRTOS/Source/queue.c **** 	/* THIS FUNCTION MUST BE CALLED WITH THE SCHEDULER SUSPENDED. */
 390              		.loc 1 2172 1 is_stmt 1 view -0
 391              		.cfi_startproc
 392              		@ args = 0, pretend = 0, frame = 0
 393              		@ frame_needed = 0, uses_anonymous_args = 0
2172:Middlewares/Third_Party/FreeRTOS/Source/queue.c **** 	/* THIS FUNCTION MUST BE CALLED WITH THE SCHEDULER SUSPENDED. */
 394              		.loc 1 2172 1 is_stmt 0 view .LVU121
 395 0000 38B5     		push	{r3, r4, r5, lr}
 396              	.LCFI4:
 397              		.cfi_def_cfa_offset 16
 398              		.cfi_offset 3, -16
 399              		.cfi_offset 4, -12
 400              		.cfi_offset 5, -8
 401              		.cfi_offset 14, -4
 402 0002 0546     		mov	r5, r0
2179:Middlewares/Third_Party/FreeRTOS/Source/queue.c **** 	{
 403              		.loc 1 2179 2 is_stmt 1 view .LVU122
 404 0004 FFF7FEFF 		bl	vPortEnterCritical
 405              	.LVL37:
 406              	.LBB101:
2181:Middlewares/Third_Party/FreeRTOS/Source/queue.c **** 
 407              		.loc 1 2181 3 view .LVU123
2181:Middlewares/Third_Party/FreeRTOS/Source/queue.c **** 
 408              		.loc 1 2181 10 is_stmt 0 view .LVU124
 409 0008 95F84540 		ldrb	r4, [r5, #69]	@ zero_extendqisi2
 410 000c 64B2     		sxtb	r4, r4
 411              	.LVL38:
ARM GAS  D:\TMP\ccboKuyk.s 			page 51


2184:Middlewares/Third_Party/FreeRTOS/Source/queue.c **** 		{
 412              		.loc 1 2184 3 is_stmt 1 view .LVU125
2184:Middlewares/Third_Party/FreeRTOS/Source/queue.c **** 		{
 413              		.loc 1 2184 8 is_stmt 0 view .LVU126
 414 000e 01E0     		b	.L29
 415              	.L31:
2242:Middlewares/Third_Party/FreeRTOS/Source/queue.c **** 					}
 416              		.loc 1 2242 31 is_stmt 1 view .LVU127
2252:Middlewares/Third_Party/FreeRTOS/Source/queue.c **** 		}
 417              		.loc 1 2252 4 view .LVU128
 418 0010 013C     		subs	r4, r4, #1
 419              	.LVL39:
2252:Middlewares/Third_Party/FreeRTOS/Source/queue.c **** 		}
 420              		.loc 1 2252 4 is_stmt 0 view .LVU129
 421 0012 64B2     		sxtb	r4, r4
 422              	.LVL40:
 423              	.L29:
2184:Middlewares/Third_Party/FreeRTOS/Source/queue.c **** 		{
 424              		.loc 1 2184 18 is_stmt 1 view .LVU130
 425 0014 002C     		cmp	r4, #0
 426 0016 0ADD     		ble	.L30
2232:Middlewares/Third_Party/FreeRTOS/Source/queue.c **** 				{
 427              		.loc 1 2232 5 view .LVU131
2232:Middlewares/Third_Party/FreeRTOS/Source/queue.c **** 				{
 428              		.loc 1 2232 9 is_stmt 0 view .LVU132
 429 0018 6B6A     		ldr	r3, [r5, #36]
2232:Middlewares/Third_Party/FreeRTOS/Source/queue.c **** 				{
 430              		.loc 1 2232 7 view .LVU133
 431 001a 43B1     		cbz	r3, .L30
2234:Middlewares/Third_Party/FreeRTOS/Source/queue.c **** 					{
 432              		.loc 1 2234 6 is_stmt 1 view .LVU134
2234:Middlewares/Third_Party/FreeRTOS/Source/queue.c **** 					{
 433              		.loc 1 2234 10 is_stmt 0 view .LVU135
 434 001c 05F12400 		add	r0, r5, #36
 435 0020 FFF7FEFF 		bl	xTaskRemoveFromEventList
 436              	.LVL41:
2234:Middlewares/Third_Party/FreeRTOS/Source/queue.c **** 					{
 437              		.loc 1 2234 8 discriminator 1 view .LVU136
 438 0024 0028     		cmp	r0, #0
 439 0026 F3D0     		beq	.L31
2238:Middlewares/Third_Party/FreeRTOS/Source/queue.c **** 					}
 440              		.loc 1 2238 7 is_stmt 1 view .LVU137
 441 0028 FFF7FEFF 		bl	vTaskMissedYield
 442              	.LVL42:
 443 002c F0E7     		b	.L31
 444              	.L30:
2255:Middlewares/Third_Party/FreeRTOS/Source/queue.c **** 	}
 445              		.loc 1 2255 3 view .LVU138
2255:Middlewares/Third_Party/FreeRTOS/Source/queue.c **** 	}
 446              		.loc 1 2255 20 is_stmt 0 view .LVU139
 447 002e FF23     		movs	r3, #255
 448 0030 85F84530 		strb	r3, [r5, #69]
 449              	.LBE101:
2257:Middlewares/Third_Party/FreeRTOS/Source/queue.c **** 
 450              		.loc 1 2257 2 is_stmt 1 view .LVU140
 451 0034 FFF7FEFF 		bl	vPortExitCritical
 452              	.LVL43:
ARM GAS  D:\TMP\ccboKuyk.s 			page 52


2260:Middlewares/Third_Party/FreeRTOS/Source/queue.c **** 	{
 453              		.loc 1 2260 2 view .LVU141
 454 0038 FFF7FEFF 		bl	vPortEnterCritical
 455              	.LVL44:
 456              	.LBB102:
2262:Middlewares/Third_Party/FreeRTOS/Source/queue.c **** 
 457              		.loc 1 2262 3 view .LVU142
2262:Middlewares/Third_Party/FreeRTOS/Source/queue.c **** 
 458              		.loc 1 2262 10 is_stmt 0 view .LVU143
 459 003c 95F84440 		ldrb	r4, [r5, #68]	@ zero_extendqisi2
 460              	.LVL45:
2262:Middlewares/Third_Party/FreeRTOS/Source/queue.c **** 
 461              		.loc 1 2262 10 view .LVU144
 462 0040 64B2     		sxtb	r4, r4
 463              	.LVL46:
2264:Middlewares/Third_Party/FreeRTOS/Source/queue.c **** 		{
 464              		.loc 1 2264 3 is_stmt 1 view .LVU145
2264:Middlewares/Third_Party/FreeRTOS/Source/queue.c **** 		{
 465              		.loc 1 2264 8 is_stmt 0 view .LVU146
 466 0042 01E0     		b	.L33
 467              	.L35:
2274:Middlewares/Third_Party/FreeRTOS/Source/queue.c **** 				}
 468              		.loc 1 2274 30 is_stmt 1 view .LVU147
2277:Middlewares/Third_Party/FreeRTOS/Source/queue.c **** 			}
 469              		.loc 1 2277 5 view .LVU148
 470 0044 013C     		subs	r4, r4, #1
 471              	.LVL47:
2277:Middlewares/Third_Party/FreeRTOS/Source/queue.c **** 			}
 472              		.loc 1 2277 5 is_stmt 0 view .LVU149
 473 0046 64B2     		sxtb	r4, r4
 474              	.LVL48:
 475              	.L33:
2264:Middlewares/Third_Party/FreeRTOS/Source/queue.c **** 		{
 476              		.loc 1 2264 18 is_stmt 1 view .LVU150
 477 0048 002C     		cmp	r4, #0
 478 004a 0ADD     		ble	.L34
2266:Middlewares/Third_Party/FreeRTOS/Source/queue.c **** 			{
 479              		.loc 1 2266 4 view .LVU151
2266:Middlewares/Third_Party/FreeRTOS/Source/queue.c **** 			{
 480              		.loc 1 2266 8 is_stmt 0 view .LVU152
 481 004c 2B69     		ldr	r3, [r5, #16]
2266:Middlewares/Third_Party/FreeRTOS/Source/queue.c **** 			{
 482              		.loc 1 2266 6 view .LVU153
 483 004e 43B1     		cbz	r3, .L34
2268:Middlewares/Third_Party/FreeRTOS/Source/queue.c **** 				{
 484              		.loc 1 2268 5 is_stmt 1 view .LVU154
2268:Middlewares/Third_Party/FreeRTOS/Source/queue.c **** 				{
 485              		.loc 1 2268 9 is_stmt 0 view .LVU155
 486 0050 05F11000 		add	r0, r5, #16
 487 0054 FFF7FEFF 		bl	xTaskRemoveFromEventList
 488              	.LVL49:
2268:Middlewares/Third_Party/FreeRTOS/Source/queue.c **** 				{
 489              		.loc 1 2268 7 discriminator 1 view .LVU156
 490 0058 0028     		cmp	r0, #0
 491 005a F3D0     		beq	.L35
2270:Middlewares/Third_Party/FreeRTOS/Source/queue.c **** 				}
 492              		.loc 1 2270 6 is_stmt 1 view .LVU157
ARM GAS  D:\TMP\ccboKuyk.s 			page 53


 493 005c FFF7FEFF 		bl	vTaskMissedYield
 494              	.LVL50:
 495 0060 F0E7     		b	.L35
 496              	.L34:
2285:Middlewares/Third_Party/FreeRTOS/Source/queue.c **** 	}
 497              		.loc 1 2285 3 view .LVU158
2285:Middlewares/Third_Party/FreeRTOS/Source/queue.c **** 	}
 498              		.loc 1 2285 20 is_stmt 0 view .LVU159
 499 0062 FF23     		movs	r3, #255
 500 0064 85F84430 		strb	r3, [r5, #68]
 501              	.LBE102:
2287:Middlewares/Third_Party/FreeRTOS/Source/queue.c **** }
 502              		.loc 1 2287 2 is_stmt 1 view .LVU160
 503 0068 FFF7FEFF 		bl	vPortExitCritical
 504              	.LVL51:
2288:Middlewares/Third_Party/FreeRTOS/Source/queue.c **** /*-----------------------------------------------------------*/
 505              		.loc 1 2288 1 is_stmt 0 view .LVU161
 506 006c 38BD     		pop	{r3, r4, r5, pc}
2288:Middlewares/Third_Party/FreeRTOS/Source/queue.c **** /*-----------------------------------------------------------*/
 507              		.loc 1 2288 1 view .LVU162
 508              		.cfi_endproc
 509              	.LFE28:
 511              		.section	.text.xQueueGenericReset,"ax",%progbits
 512              		.align	1
 513              		.global	xQueueGenericReset
 514              		.syntax unified
 515              		.thumb
 516              		.thumb_func
 518              	xQueueGenericReset:
 519              	.LVL52:
 520              	.LFB5:
 256:Middlewares/Third_Party/FreeRTOS/Source/queue.c **** Queue_t * const pxQueue = xQueue;
 521              		.loc 1 256 1 is_stmt 1 view -0
 522              		.cfi_startproc
 523              		@ args = 0, pretend = 0, frame = 0
 524              		@ frame_needed = 0, uses_anonymous_args = 0
 256:Middlewares/Third_Party/FreeRTOS/Source/queue.c **** Queue_t * const pxQueue = xQueue;
 525              		.loc 1 256 1 is_stmt 0 view .LVU164
 526 0000 38B5     		push	{r3, r4, r5, lr}
 527              	.LCFI5:
 528              		.cfi_def_cfa_offset 16
 529              		.cfi_offset 3, -16
 530              		.cfi_offset 4, -12
 531              		.cfi_offset 5, -8
 532              		.cfi_offset 14, -4
 257:Middlewares/Third_Party/FreeRTOS/Source/queue.c **** 
 533              		.loc 1 257 1 is_stmt 1 view .LVU165
 534              	.LVL53:
 259:Middlewares/Third_Party/FreeRTOS/Source/queue.c **** 
 535              		.loc 1 259 2 view .LVU166
 536 0002 E0B1     		cbz	r0, .L44
 537 0004 0D46     		mov	r5, r1
 538 0006 0446     		mov	r4, r0
 259:Middlewares/Third_Party/FreeRTOS/Source/queue.c **** 
 539              		.loc 1 259 25 discriminator 2 view .LVU167
 261:Middlewares/Third_Party/FreeRTOS/Source/queue.c **** 	{
 540              		.loc 1 261 2 view .LVU168
ARM GAS  D:\TMP\ccboKuyk.s 			page 54


 541 0008 FFF7FEFF 		bl	vPortEnterCritical
 542              	.LVL54:
 263:Middlewares/Third_Party/FreeRTOS/Source/queue.c **** 		pxQueue->uxMessagesWaiting = ( UBaseType_t ) 0U;
 543              		.loc 1 263 3 view .LVU169
 263:Middlewares/Third_Party/FreeRTOS/Source/queue.c **** 		pxQueue->uxMessagesWaiting = ( UBaseType_t ) 0U;
 544              		.loc 1 263 37 is_stmt 0 view .LVU170
 545 000c 2368     		ldr	r3, [r4]
 263:Middlewares/Third_Party/FreeRTOS/Source/queue.c **** 		pxQueue->uxMessagesWaiting = ( UBaseType_t ) 0U;
 546              		.loc 1 263 57 view .LVU171
 547 000e E26B     		ldr	r2, [r4, #60]
 263:Middlewares/Third_Party/FreeRTOS/Source/queue.c **** 		pxQueue->uxMessagesWaiting = ( UBaseType_t ) 0U;
 548              		.loc 1 263 77 view .LVU172
 549 0010 216C     		ldr	r1, [r4, #64]
 263:Middlewares/Third_Party/FreeRTOS/Source/queue.c **** 		pxQueue->uxMessagesWaiting = ( UBaseType_t ) 0U;
 550              		.loc 1 263 46 view .LVU173
 551 0012 01FB0230 		mla	r0, r1, r2, r3
 263:Middlewares/Third_Party/FreeRTOS/Source/queue.c **** 		pxQueue->uxMessagesWaiting = ( UBaseType_t ) 0U;
 552              		.loc 1 263 28 view .LVU174
 553 0016 A060     		str	r0, [r4, #8]
 264:Middlewares/Third_Party/FreeRTOS/Source/queue.c **** 		pxQueue->pcWriteTo = pxQueue->pcHead;
 554              		.loc 1 264 3 is_stmt 1 view .LVU175
 264:Middlewares/Third_Party/FreeRTOS/Source/queue.c **** 		pxQueue->pcWriteTo = pxQueue->pcHead;
 555              		.loc 1 264 30 is_stmt 0 view .LVU176
 556 0018 0020     		movs	r0, #0
 557 001a A063     		str	r0, [r4, #56]
 265:Middlewares/Third_Party/FreeRTOS/Source/queue.c **** 		pxQueue->u.xQueue.pcReadFrom = pxQueue->pcHead + ( ( pxQueue->uxLength - 1U ) * pxQueue->uxItemSi
 558              		.loc 1 265 3 is_stmt 1 view .LVU177
 265:Middlewares/Third_Party/FreeRTOS/Source/queue.c **** 		pxQueue->u.xQueue.pcReadFrom = pxQueue->pcHead + ( ( pxQueue->uxLength - 1U ) * pxQueue->uxItemSi
 559              		.loc 1 265 22 is_stmt 0 view .LVU178
 560 001c 6360     		str	r3, [r4, #4]
 266:Middlewares/Third_Party/FreeRTOS/Source/queue.c **** 		pxQueue->cRxLock = queueUNLOCKED;
 561              		.loc 1 266 3 is_stmt 1 view .LVU179
 266:Middlewares/Third_Party/FreeRTOS/Source/queue.c **** 		pxQueue->cRxLock = queueUNLOCKED;
 562              		.loc 1 266 74 is_stmt 0 view .LVU180
 563 001e 013A     		subs	r2, r2, #1
 266:Middlewares/Third_Party/FreeRTOS/Source/queue.c **** 		pxQueue->cRxLock = queueUNLOCKED;
 564              		.loc 1 266 50 view .LVU181
 565 0020 02FB0133 		mla	r3, r2, r1, r3
 266:Middlewares/Third_Party/FreeRTOS/Source/queue.c **** 		pxQueue->cRxLock = queueUNLOCKED;
 566              		.loc 1 266 32 view .LVU182
 567 0024 E360     		str	r3, [r4, #12]
 267:Middlewares/Third_Party/FreeRTOS/Source/queue.c **** 		pxQueue->cTxLock = queueUNLOCKED;
 568              		.loc 1 267 3 is_stmt 1 view .LVU183
 267:Middlewares/Third_Party/FreeRTOS/Source/queue.c **** 		pxQueue->cTxLock = queueUNLOCKED;
 569              		.loc 1 267 20 is_stmt 0 view .LVU184
 570 0026 FF23     		movs	r3, #255
 571 0028 84F84430 		strb	r3, [r4, #68]
 268:Middlewares/Third_Party/FreeRTOS/Source/queue.c **** 
 572              		.loc 1 268 3 is_stmt 1 view .LVU185
 268:Middlewares/Third_Party/FreeRTOS/Source/queue.c **** 
 573              		.loc 1 268 20 is_stmt 0 view .LVU186
 574 002c 84F84530 		strb	r3, [r4, #69]
 270:Middlewares/Third_Party/FreeRTOS/Source/queue.c **** 		{
 575              		.loc 1 270 3 is_stmt 1 view .LVU187
 270:Middlewares/Third_Party/FreeRTOS/Source/queue.c **** 		{
 576              		.loc 1 270 5 is_stmt 0 view .LVU188
 577 0030 FDB9     		cbnz	r5, .L41
ARM GAS  D:\TMP\ccboKuyk.s 			page 55


 277:Middlewares/Third_Party/FreeRTOS/Source/queue.c **** 			{
 578              		.loc 1 277 4 is_stmt 1 view .LVU189
 277:Middlewares/Third_Party/FreeRTOS/Source/queue.c **** 			{
 579              		.loc 1 277 8 is_stmt 0 view .LVU190
 580 0032 2369     		ldr	r3, [r4, #16]
 277:Middlewares/Third_Party/FreeRTOS/Source/queue.c **** 			{
 581              		.loc 1 277 6 view .LVU191
 582 0034 63B9     		cbnz	r3, .L45
 583              	.L42:
 300:Middlewares/Third_Party/FreeRTOS/Source/queue.c **** 
 584              		.loc 1 300 2 is_stmt 1 view .LVU192
 585 0036 FFF7FEFF 		bl	vPortExitCritical
 586              	.LVL55:
 304:Middlewares/Third_Party/FreeRTOS/Source/queue.c **** }
 587              		.loc 1 304 2 view .LVU193
 305:Middlewares/Third_Party/FreeRTOS/Source/queue.c **** /*-----------------------------------------------------------*/
 588              		.loc 1 305 1 is_stmt 0 view .LVU194
 589 003a 0120     		movs	r0, #1
 590 003c 38BD     		pop	{r3, r4, r5, pc}
 591              	.LVL56:
 592              	.L44:
 259:Middlewares/Third_Party/FreeRTOS/Source/queue.c **** 
 593              		.loc 1 259 2 is_stmt 1 discriminator 1 view .LVU195
 594              	.LBB103:
 595              	.LBI103:
 596              		.file 2 "Middlewares/Third_Party/FreeRTOS/Source/portable/GCC/ARM_CM3/portmacro.h"
   1:Middlewares/Third_Party/FreeRTOS/Source/portable/GCC/ARM_CM3/portmacro.h **** /*
   2:Middlewares/Third_Party/FreeRTOS/Source/portable/GCC/ARM_CM3/portmacro.h ****  * FreeRTOS Kernel V10.3.1
   3:Middlewares/Third_Party/FreeRTOS/Source/portable/GCC/ARM_CM3/portmacro.h ****  * Copyright (C) 2020 Amazon.com, Inc. or its affiliates.  All Rights Reserved.
   4:Middlewares/Third_Party/FreeRTOS/Source/portable/GCC/ARM_CM3/portmacro.h ****  *
   5:Middlewares/Third_Party/FreeRTOS/Source/portable/GCC/ARM_CM3/portmacro.h ****  * Permission is hereby granted, free of charge, to any person obtaining a copy of
   6:Middlewares/Third_Party/FreeRTOS/Source/portable/GCC/ARM_CM3/portmacro.h ****  * this software and associated documentation files (the "Software"), to deal in
   7:Middlewares/Third_Party/FreeRTOS/Source/portable/GCC/ARM_CM3/portmacro.h ****  * the Software without restriction, including without limitation the rights to
   8:Middlewares/Third_Party/FreeRTOS/Source/portable/GCC/ARM_CM3/portmacro.h ****  * use, copy, modify, merge, publish, distribute, sublicense, and/or sell copies of
   9:Middlewares/Third_Party/FreeRTOS/Source/portable/GCC/ARM_CM3/portmacro.h ****  * the Software, and to permit persons to whom the Software is furnished to do so,
  10:Middlewares/Third_Party/FreeRTOS/Source/portable/GCC/ARM_CM3/portmacro.h ****  * subject to the following conditions:
  11:Middlewares/Third_Party/FreeRTOS/Source/portable/GCC/ARM_CM3/portmacro.h ****  *
  12:Middlewares/Third_Party/FreeRTOS/Source/portable/GCC/ARM_CM3/portmacro.h ****  * The above copyright notice and this permission notice shall be included in all
  13:Middlewares/Third_Party/FreeRTOS/Source/portable/GCC/ARM_CM3/portmacro.h ****  * copies or substantial portions of the Software.
  14:Middlewares/Third_Party/FreeRTOS/Source/portable/GCC/ARM_CM3/portmacro.h ****  *
  15:Middlewares/Third_Party/FreeRTOS/Source/portable/GCC/ARM_CM3/portmacro.h ****  * THE SOFTWARE IS PROVIDED "AS IS", WITHOUT WARRANTY OF ANY KIND, EXPRESS OR
  16:Middlewares/Third_Party/FreeRTOS/Source/portable/GCC/ARM_CM3/portmacro.h ****  * IMPLIED, INCLUDING BUT NOT LIMITED TO THE WARRANTIES OF MERCHANTABILITY, FITNESS
  17:Middlewares/Third_Party/FreeRTOS/Source/portable/GCC/ARM_CM3/portmacro.h ****  * FOR A PARTICULAR PURPOSE AND NONINFRINGEMENT. IN NO EVENT SHALL THE AUTHORS OR
  18:Middlewares/Third_Party/FreeRTOS/Source/portable/GCC/ARM_CM3/portmacro.h ****  * COPYRIGHT HOLDERS BE LIABLE FOR ANY CLAIM, DAMAGES OR OTHER LIABILITY, WHETHER
  19:Middlewares/Third_Party/FreeRTOS/Source/portable/GCC/ARM_CM3/portmacro.h ****  * IN AN ACTION OF CONTRACT, TORT OR OTHERWISE, ARISING FROM, OUT OF OR IN
  20:Middlewares/Third_Party/FreeRTOS/Source/portable/GCC/ARM_CM3/portmacro.h ****  * CONNECTION WITH THE SOFTWARE OR THE USE OR OTHER DEALINGS IN THE SOFTWARE.
  21:Middlewares/Third_Party/FreeRTOS/Source/portable/GCC/ARM_CM3/portmacro.h ****  *
  22:Middlewares/Third_Party/FreeRTOS/Source/portable/GCC/ARM_CM3/portmacro.h ****  * http://www.FreeRTOS.org
  23:Middlewares/Third_Party/FreeRTOS/Source/portable/GCC/ARM_CM3/portmacro.h ****  * http://aws.amazon.com/freertos
  24:Middlewares/Third_Party/FreeRTOS/Source/portable/GCC/ARM_CM3/portmacro.h ****  *
  25:Middlewares/Third_Party/FreeRTOS/Source/portable/GCC/ARM_CM3/portmacro.h ****  * 1 tab == 4 spaces!
  26:Middlewares/Third_Party/FreeRTOS/Source/portable/GCC/ARM_CM3/portmacro.h ****  */
  27:Middlewares/Third_Party/FreeRTOS/Source/portable/GCC/ARM_CM3/portmacro.h **** 
  28:Middlewares/Third_Party/FreeRTOS/Source/portable/GCC/ARM_CM3/portmacro.h **** 
  29:Middlewares/Third_Party/FreeRTOS/Source/portable/GCC/ARM_CM3/portmacro.h **** #ifndef PORTMACRO_H
  30:Middlewares/Third_Party/FreeRTOS/Source/portable/GCC/ARM_CM3/portmacro.h **** #define PORTMACRO_H
  31:Middlewares/Third_Party/FreeRTOS/Source/portable/GCC/ARM_CM3/portmacro.h **** 
ARM GAS  D:\TMP\ccboKuyk.s 			page 56


  32:Middlewares/Third_Party/FreeRTOS/Source/portable/GCC/ARM_CM3/portmacro.h **** #ifdef __cplusplus
  33:Middlewares/Third_Party/FreeRTOS/Source/portable/GCC/ARM_CM3/portmacro.h **** extern "C" {
  34:Middlewares/Third_Party/FreeRTOS/Source/portable/GCC/ARM_CM3/portmacro.h **** #endif
  35:Middlewares/Third_Party/FreeRTOS/Source/portable/GCC/ARM_CM3/portmacro.h **** 
  36:Middlewares/Third_Party/FreeRTOS/Source/portable/GCC/ARM_CM3/portmacro.h **** /*-----------------------------------------------------------
  37:Middlewares/Third_Party/FreeRTOS/Source/portable/GCC/ARM_CM3/portmacro.h ****  * Port specific definitions.
  38:Middlewares/Third_Party/FreeRTOS/Source/portable/GCC/ARM_CM3/portmacro.h ****  *
  39:Middlewares/Third_Party/FreeRTOS/Source/portable/GCC/ARM_CM3/portmacro.h ****  * The settings in this file configure FreeRTOS correctly for the
  40:Middlewares/Third_Party/FreeRTOS/Source/portable/GCC/ARM_CM3/portmacro.h ****  * given hardware and compiler.
  41:Middlewares/Third_Party/FreeRTOS/Source/portable/GCC/ARM_CM3/portmacro.h ****  *
  42:Middlewares/Third_Party/FreeRTOS/Source/portable/GCC/ARM_CM3/portmacro.h ****  * These settings should not be altered.
  43:Middlewares/Third_Party/FreeRTOS/Source/portable/GCC/ARM_CM3/portmacro.h ****  *-----------------------------------------------------------
  44:Middlewares/Third_Party/FreeRTOS/Source/portable/GCC/ARM_CM3/portmacro.h ****  */
  45:Middlewares/Third_Party/FreeRTOS/Source/portable/GCC/ARM_CM3/portmacro.h **** 
  46:Middlewares/Third_Party/FreeRTOS/Source/portable/GCC/ARM_CM3/portmacro.h **** /* Type definitions. */
  47:Middlewares/Third_Party/FreeRTOS/Source/portable/GCC/ARM_CM3/portmacro.h **** #define portCHAR		char
  48:Middlewares/Third_Party/FreeRTOS/Source/portable/GCC/ARM_CM3/portmacro.h **** #define portFLOAT		float
  49:Middlewares/Third_Party/FreeRTOS/Source/portable/GCC/ARM_CM3/portmacro.h **** #define portDOUBLE		double
  50:Middlewares/Third_Party/FreeRTOS/Source/portable/GCC/ARM_CM3/portmacro.h **** #define portLONG		long
  51:Middlewares/Third_Party/FreeRTOS/Source/portable/GCC/ARM_CM3/portmacro.h **** #define portSHORT		short
  52:Middlewares/Third_Party/FreeRTOS/Source/portable/GCC/ARM_CM3/portmacro.h **** #define portSTACK_TYPE	uint32_t
  53:Middlewares/Third_Party/FreeRTOS/Source/portable/GCC/ARM_CM3/portmacro.h **** #define portBASE_TYPE	long
  54:Middlewares/Third_Party/FreeRTOS/Source/portable/GCC/ARM_CM3/portmacro.h **** 
  55:Middlewares/Third_Party/FreeRTOS/Source/portable/GCC/ARM_CM3/portmacro.h **** typedef portSTACK_TYPE StackType_t;
  56:Middlewares/Third_Party/FreeRTOS/Source/portable/GCC/ARM_CM3/portmacro.h **** typedef long BaseType_t;
  57:Middlewares/Third_Party/FreeRTOS/Source/portable/GCC/ARM_CM3/portmacro.h **** typedef unsigned long UBaseType_t;
  58:Middlewares/Third_Party/FreeRTOS/Source/portable/GCC/ARM_CM3/portmacro.h **** 
  59:Middlewares/Third_Party/FreeRTOS/Source/portable/GCC/ARM_CM3/portmacro.h **** #if( configUSE_16_BIT_TICKS == 1 )
  60:Middlewares/Third_Party/FreeRTOS/Source/portable/GCC/ARM_CM3/portmacro.h **** 	typedef uint16_t TickType_t;
  61:Middlewares/Third_Party/FreeRTOS/Source/portable/GCC/ARM_CM3/portmacro.h **** 	#define portMAX_DELAY ( TickType_t ) 0xffff
  62:Middlewares/Third_Party/FreeRTOS/Source/portable/GCC/ARM_CM3/portmacro.h **** #else
  63:Middlewares/Third_Party/FreeRTOS/Source/portable/GCC/ARM_CM3/portmacro.h **** 	typedef uint32_t TickType_t;
  64:Middlewares/Third_Party/FreeRTOS/Source/portable/GCC/ARM_CM3/portmacro.h **** 	#define portMAX_DELAY ( TickType_t ) 0xffffffffUL
  65:Middlewares/Third_Party/FreeRTOS/Source/portable/GCC/ARM_CM3/portmacro.h **** 
  66:Middlewares/Third_Party/FreeRTOS/Source/portable/GCC/ARM_CM3/portmacro.h **** 	/* 32-bit tick type on a 32-bit architecture, so reads of the tick count do
  67:Middlewares/Third_Party/FreeRTOS/Source/portable/GCC/ARM_CM3/portmacro.h **** 	not need to be guarded with a critical section. */
  68:Middlewares/Third_Party/FreeRTOS/Source/portable/GCC/ARM_CM3/portmacro.h **** 	#define portTICK_TYPE_IS_ATOMIC 1
  69:Middlewares/Third_Party/FreeRTOS/Source/portable/GCC/ARM_CM3/portmacro.h **** #endif
  70:Middlewares/Third_Party/FreeRTOS/Source/portable/GCC/ARM_CM3/portmacro.h **** /*-----------------------------------------------------------*/
  71:Middlewares/Third_Party/FreeRTOS/Source/portable/GCC/ARM_CM3/portmacro.h **** 
  72:Middlewares/Third_Party/FreeRTOS/Source/portable/GCC/ARM_CM3/portmacro.h **** /* Architecture specifics. */
  73:Middlewares/Third_Party/FreeRTOS/Source/portable/GCC/ARM_CM3/portmacro.h **** #define portSTACK_GROWTH			( -1 )
  74:Middlewares/Third_Party/FreeRTOS/Source/portable/GCC/ARM_CM3/portmacro.h **** #define portTICK_PERIOD_MS			( ( TickType_t ) 1000 / configTICK_RATE_HZ )
  75:Middlewares/Third_Party/FreeRTOS/Source/portable/GCC/ARM_CM3/portmacro.h **** #define portBYTE_ALIGNMENT			8
  76:Middlewares/Third_Party/FreeRTOS/Source/portable/GCC/ARM_CM3/portmacro.h **** /*-----------------------------------------------------------*/
  77:Middlewares/Third_Party/FreeRTOS/Source/portable/GCC/ARM_CM3/portmacro.h **** 
  78:Middlewares/Third_Party/FreeRTOS/Source/portable/GCC/ARM_CM3/portmacro.h **** /* Scheduler utilities. */
  79:Middlewares/Third_Party/FreeRTOS/Source/portable/GCC/ARM_CM3/portmacro.h **** #define portYIELD() 															\
  80:Middlewares/Third_Party/FreeRTOS/Source/portable/GCC/ARM_CM3/portmacro.h **** {																				\
  81:Middlewares/Third_Party/FreeRTOS/Source/portable/GCC/ARM_CM3/portmacro.h **** 	/* Set a PendSV to request a context switch. */								\
  82:Middlewares/Third_Party/FreeRTOS/Source/portable/GCC/ARM_CM3/portmacro.h **** 	portNVIC_INT_CTRL_REG = portNVIC_PENDSVSET_BIT;								\
  83:Middlewares/Third_Party/FreeRTOS/Source/portable/GCC/ARM_CM3/portmacro.h **** 																				\
  84:Middlewares/Third_Party/FreeRTOS/Source/portable/GCC/ARM_CM3/portmacro.h **** 	/* Barriers are normally not required but do ensure the code is completely	\
  85:Middlewares/Third_Party/FreeRTOS/Source/portable/GCC/ARM_CM3/portmacro.h **** 	within the specified behaviour for the architecture. */						\
  86:Middlewares/Third_Party/FreeRTOS/Source/portable/GCC/ARM_CM3/portmacro.h **** 	__asm volatile( "dsb" ::: "memory" );										\
  87:Middlewares/Third_Party/FreeRTOS/Source/portable/GCC/ARM_CM3/portmacro.h **** 	__asm volatile( "isb" );													\
  88:Middlewares/Third_Party/FreeRTOS/Source/portable/GCC/ARM_CM3/portmacro.h **** }
ARM GAS  D:\TMP\ccboKuyk.s 			page 57


  89:Middlewares/Third_Party/FreeRTOS/Source/portable/GCC/ARM_CM3/portmacro.h **** 
  90:Middlewares/Third_Party/FreeRTOS/Source/portable/GCC/ARM_CM3/portmacro.h **** #define portNVIC_INT_CTRL_REG		( * ( ( volatile uint32_t * ) 0xe000ed04 ) )
  91:Middlewares/Third_Party/FreeRTOS/Source/portable/GCC/ARM_CM3/portmacro.h **** #define portNVIC_PENDSVSET_BIT		( 1UL << 28UL )
  92:Middlewares/Third_Party/FreeRTOS/Source/portable/GCC/ARM_CM3/portmacro.h **** #define portEND_SWITCHING_ISR( xSwitchRequired ) if( xSwitchRequired != pdFALSE ) portYIELD()
  93:Middlewares/Third_Party/FreeRTOS/Source/portable/GCC/ARM_CM3/portmacro.h **** #define portYIELD_FROM_ISR( x ) portEND_SWITCHING_ISR( x )
  94:Middlewares/Third_Party/FreeRTOS/Source/portable/GCC/ARM_CM3/portmacro.h **** /*-----------------------------------------------------------*/
  95:Middlewares/Third_Party/FreeRTOS/Source/portable/GCC/ARM_CM3/portmacro.h **** 
  96:Middlewares/Third_Party/FreeRTOS/Source/portable/GCC/ARM_CM3/portmacro.h **** /* Critical section management. */
  97:Middlewares/Third_Party/FreeRTOS/Source/portable/GCC/ARM_CM3/portmacro.h **** extern void vPortEnterCritical( void );
  98:Middlewares/Third_Party/FreeRTOS/Source/portable/GCC/ARM_CM3/portmacro.h **** extern void vPortExitCritical( void );
  99:Middlewares/Third_Party/FreeRTOS/Source/portable/GCC/ARM_CM3/portmacro.h **** #define portSET_INTERRUPT_MASK_FROM_ISR()		ulPortRaiseBASEPRI()
 100:Middlewares/Third_Party/FreeRTOS/Source/portable/GCC/ARM_CM3/portmacro.h **** #define portCLEAR_INTERRUPT_MASK_FROM_ISR(x)	vPortSetBASEPRI(x)
 101:Middlewares/Third_Party/FreeRTOS/Source/portable/GCC/ARM_CM3/portmacro.h **** #define portDISABLE_INTERRUPTS()				vPortRaiseBASEPRI()
 102:Middlewares/Third_Party/FreeRTOS/Source/portable/GCC/ARM_CM3/portmacro.h **** #define portENABLE_INTERRUPTS()					vPortSetBASEPRI(0)
 103:Middlewares/Third_Party/FreeRTOS/Source/portable/GCC/ARM_CM3/portmacro.h **** #define portENTER_CRITICAL()					vPortEnterCritical()
 104:Middlewares/Third_Party/FreeRTOS/Source/portable/GCC/ARM_CM3/portmacro.h **** #define portEXIT_CRITICAL()						vPortExitCritical()
 105:Middlewares/Third_Party/FreeRTOS/Source/portable/GCC/ARM_CM3/portmacro.h **** 
 106:Middlewares/Third_Party/FreeRTOS/Source/portable/GCC/ARM_CM3/portmacro.h **** /*-----------------------------------------------------------*/
 107:Middlewares/Third_Party/FreeRTOS/Source/portable/GCC/ARM_CM3/portmacro.h **** 
 108:Middlewares/Third_Party/FreeRTOS/Source/portable/GCC/ARM_CM3/portmacro.h **** /* Task function macros as described on the FreeRTOS.org WEB site.  These are
 109:Middlewares/Third_Party/FreeRTOS/Source/portable/GCC/ARM_CM3/portmacro.h **** not necessary for to use this port.  They are defined so the common demo files
 110:Middlewares/Third_Party/FreeRTOS/Source/portable/GCC/ARM_CM3/portmacro.h **** (which build with all the ports) will build. */
 111:Middlewares/Third_Party/FreeRTOS/Source/portable/GCC/ARM_CM3/portmacro.h **** #define portTASK_FUNCTION_PROTO( vFunction, pvParameters ) void vFunction( void *pvParameters )
 112:Middlewares/Third_Party/FreeRTOS/Source/portable/GCC/ARM_CM3/portmacro.h **** #define portTASK_FUNCTION( vFunction, pvParameters ) void vFunction( void *pvParameters )
 113:Middlewares/Third_Party/FreeRTOS/Source/portable/GCC/ARM_CM3/portmacro.h **** /*-----------------------------------------------------------*/
 114:Middlewares/Third_Party/FreeRTOS/Source/portable/GCC/ARM_CM3/portmacro.h **** 
 115:Middlewares/Third_Party/FreeRTOS/Source/portable/GCC/ARM_CM3/portmacro.h **** /* Tickless idle/low power functionality. */
 116:Middlewares/Third_Party/FreeRTOS/Source/portable/GCC/ARM_CM3/portmacro.h **** #ifndef portSUPPRESS_TICKS_AND_SLEEP
 117:Middlewares/Third_Party/FreeRTOS/Source/portable/GCC/ARM_CM3/portmacro.h **** 	extern void vPortSuppressTicksAndSleep( TickType_t xExpectedIdleTime );
 118:Middlewares/Third_Party/FreeRTOS/Source/portable/GCC/ARM_CM3/portmacro.h **** 	#define portSUPPRESS_TICKS_AND_SLEEP( xExpectedIdleTime ) vPortSuppressTicksAndSleep( xExpectedIdl
 119:Middlewares/Third_Party/FreeRTOS/Source/portable/GCC/ARM_CM3/portmacro.h **** #endif
 120:Middlewares/Third_Party/FreeRTOS/Source/portable/GCC/ARM_CM3/portmacro.h **** /*-----------------------------------------------------------*/
 121:Middlewares/Third_Party/FreeRTOS/Source/portable/GCC/ARM_CM3/portmacro.h **** 
 122:Middlewares/Third_Party/FreeRTOS/Source/portable/GCC/ARM_CM3/portmacro.h **** /* Architecture specific optimisations. */
 123:Middlewares/Third_Party/FreeRTOS/Source/portable/GCC/ARM_CM3/portmacro.h **** #ifndef configUSE_PORT_OPTIMISED_TASK_SELECTION
 124:Middlewares/Third_Party/FreeRTOS/Source/portable/GCC/ARM_CM3/portmacro.h **** 	#define configUSE_PORT_OPTIMISED_TASK_SELECTION 1
 125:Middlewares/Third_Party/FreeRTOS/Source/portable/GCC/ARM_CM3/portmacro.h **** #endif
 126:Middlewares/Third_Party/FreeRTOS/Source/portable/GCC/ARM_CM3/portmacro.h **** 
 127:Middlewares/Third_Party/FreeRTOS/Source/portable/GCC/ARM_CM3/portmacro.h **** #if configUSE_PORT_OPTIMISED_TASK_SELECTION == 1
 128:Middlewares/Third_Party/FreeRTOS/Source/portable/GCC/ARM_CM3/portmacro.h **** 
 129:Middlewares/Third_Party/FreeRTOS/Source/portable/GCC/ARM_CM3/portmacro.h **** 	/* Generic helper function. */
 130:Middlewares/Third_Party/FreeRTOS/Source/portable/GCC/ARM_CM3/portmacro.h **** 	__attribute__( ( always_inline ) ) static inline uint8_t ucPortCountLeadingZeros( uint32_t ulBitma
 131:Middlewares/Third_Party/FreeRTOS/Source/portable/GCC/ARM_CM3/portmacro.h **** 	{
 132:Middlewares/Third_Party/FreeRTOS/Source/portable/GCC/ARM_CM3/portmacro.h **** 	uint8_t ucReturn;
 133:Middlewares/Third_Party/FreeRTOS/Source/portable/GCC/ARM_CM3/portmacro.h **** 
 134:Middlewares/Third_Party/FreeRTOS/Source/portable/GCC/ARM_CM3/portmacro.h **** 		__asm volatile ( "clz %0, %1" : "=r" ( ucReturn ) : "r" ( ulBitmap ) : "memory" );
 135:Middlewares/Third_Party/FreeRTOS/Source/portable/GCC/ARM_CM3/portmacro.h **** 		return ucReturn;
 136:Middlewares/Third_Party/FreeRTOS/Source/portable/GCC/ARM_CM3/portmacro.h **** 	}
 137:Middlewares/Third_Party/FreeRTOS/Source/portable/GCC/ARM_CM3/portmacro.h **** 
 138:Middlewares/Third_Party/FreeRTOS/Source/portable/GCC/ARM_CM3/portmacro.h **** 	/* Check the configuration. */
 139:Middlewares/Third_Party/FreeRTOS/Source/portable/GCC/ARM_CM3/portmacro.h **** 	#if( configMAX_PRIORITIES > 32 )
 140:Middlewares/Third_Party/FreeRTOS/Source/portable/GCC/ARM_CM3/portmacro.h **** 		#error configUSE_PORT_OPTIMISED_TASK_SELECTION can only be set to 1 when configMAX_PRIORITIES is 
 141:Middlewares/Third_Party/FreeRTOS/Source/portable/GCC/ARM_CM3/portmacro.h **** 	#endif
 142:Middlewares/Third_Party/FreeRTOS/Source/portable/GCC/ARM_CM3/portmacro.h **** 
 143:Middlewares/Third_Party/FreeRTOS/Source/portable/GCC/ARM_CM3/portmacro.h **** 	/* Store/clear the ready priorities in a bit map. */
 144:Middlewares/Third_Party/FreeRTOS/Source/portable/GCC/ARM_CM3/portmacro.h **** 	#define portRECORD_READY_PRIORITY( uxPriority, uxReadyPriorities ) ( uxReadyPriorities ) |= ( 1UL 
 145:Middlewares/Third_Party/FreeRTOS/Source/portable/GCC/ARM_CM3/portmacro.h **** 	#define portRESET_READY_PRIORITY( uxPriority, uxReadyPriorities ) ( uxReadyPriorities ) &= ~( 1UL 
ARM GAS  D:\TMP\ccboKuyk.s 			page 58


 146:Middlewares/Third_Party/FreeRTOS/Source/portable/GCC/ARM_CM3/portmacro.h **** 
 147:Middlewares/Third_Party/FreeRTOS/Source/portable/GCC/ARM_CM3/portmacro.h **** 	/*-----------------------------------------------------------*/
 148:Middlewares/Third_Party/FreeRTOS/Source/portable/GCC/ARM_CM3/portmacro.h **** 
 149:Middlewares/Third_Party/FreeRTOS/Source/portable/GCC/ARM_CM3/portmacro.h **** 	#define portGET_HIGHEST_PRIORITY( uxTopPriority, uxReadyPriorities ) uxTopPriority = ( 31UL - ( ui
 150:Middlewares/Third_Party/FreeRTOS/Source/portable/GCC/ARM_CM3/portmacro.h **** 
 151:Middlewares/Third_Party/FreeRTOS/Source/portable/GCC/ARM_CM3/portmacro.h **** #endif /* configUSE_PORT_OPTIMISED_TASK_SELECTION */
 152:Middlewares/Third_Party/FreeRTOS/Source/portable/GCC/ARM_CM3/portmacro.h **** 
 153:Middlewares/Third_Party/FreeRTOS/Source/portable/GCC/ARM_CM3/portmacro.h **** /*-----------------------------------------------------------*/
 154:Middlewares/Third_Party/FreeRTOS/Source/portable/GCC/ARM_CM3/portmacro.h **** 
 155:Middlewares/Third_Party/FreeRTOS/Source/portable/GCC/ARM_CM3/portmacro.h **** #ifdef configASSERT
 156:Middlewares/Third_Party/FreeRTOS/Source/portable/GCC/ARM_CM3/portmacro.h **** 	void vPortValidateInterruptPriority( void );
 157:Middlewares/Third_Party/FreeRTOS/Source/portable/GCC/ARM_CM3/portmacro.h **** 	#define portASSERT_IF_INTERRUPT_PRIORITY_INVALID() 	vPortValidateInterruptPriority()
 158:Middlewares/Third_Party/FreeRTOS/Source/portable/GCC/ARM_CM3/portmacro.h **** #endif
 159:Middlewares/Third_Party/FreeRTOS/Source/portable/GCC/ARM_CM3/portmacro.h **** 
 160:Middlewares/Third_Party/FreeRTOS/Source/portable/GCC/ARM_CM3/portmacro.h **** /* portNOP() is not required by this port. */
 161:Middlewares/Third_Party/FreeRTOS/Source/portable/GCC/ARM_CM3/portmacro.h **** #define portNOP()
 162:Middlewares/Third_Party/FreeRTOS/Source/portable/GCC/ARM_CM3/portmacro.h **** 
 163:Middlewares/Third_Party/FreeRTOS/Source/portable/GCC/ARM_CM3/portmacro.h **** #define portINLINE	__inline
 164:Middlewares/Third_Party/FreeRTOS/Source/portable/GCC/ARM_CM3/portmacro.h **** 
 165:Middlewares/Third_Party/FreeRTOS/Source/portable/GCC/ARM_CM3/portmacro.h **** #ifndef portFORCE_INLINE
 166:Middlewares/Third_Party/FreeRTOS/Source/portable/GCC/ARM_CM3/portmacro.h **** 	#define portFORCE_INLINE inline __attribute__(( always_inline))
 167:Middlewares/Third_Party/FreeRTOS/Source/portable/GCC/ARM_CM3/portmacro.h **** #endif
 168:Middlewares/Third_Party/FreeRTOS/Source/portable/GCC/ARM_CM3/portmacro.h **** 
 169:Middlewares/Third_Party/FreeRTOS/Source/portable/GCC/ARM_CM3/portmacro.h **** /*-----------------------------------------------------------*/
 170:Middlewares/Third_Party/FreeRTOS/Source/portable/GCC/ARM_CM3/portmacro.h **** 
 171:Middlewares/Third_Party/FreeRTOS/Source/portable/GCC/ARM_CM3/portmacro.h **** portFORCE_INLINE static BaseType_t xPortIsInsideInterrupt( void )
 172:Middlewares/Third_Party/FreeRTOS/Source/portable/GCC/ARM_CM3/portmacro.h **** {
 173:Middlewares/Third_Party/FreeRTOS/Source/portable/GCC/ARM_CM3/portmacro.h **** uint32_t ulCurrentInterrupt;
 174:Middlewares/Third_Party/FreeRTOS/Source/portable/GCC/ARM_CM3/portmacro.h **** BaseType_t xReturn;
 175:Middlewares/Third_Party/FreeRTOS/Source/portable/GCC/ARM_CM3/portmacro.h **** 
 176:Middlewares/Third_Party/FreeRTOS/Source/portable/GCC/ARM_CM3/portmacro.h **** 	/* Obtain the number of the currently executing interrupt. */
 177:Middlewares/Third_Party/FreeRTOS/Source/portable/GCC/ARM_CM3/portmacro.h **** 	__asm volatile( "mrs %0, ipsr" : "=r"( ulCurrentInterrupt ) :: "memory" );
 178:Middlewares/Third_Party/FreeRTOS/Source/portable/GCC/ARM_CM3/portmacro.h **** 
 179:Middlewares/Third_Party/FreeRTOS/Source/portable/GCC/ARM_CM3/portmacro.h **** 	if( ulCurrentInterrupt == 0 )
 180:Middlewares/Third_Party/FreeRTOS/Source/portable/GCC/ARM_CM3/portmacro.h **** 	{
 181:Middlewares/Third_Party/FreeRTOS/Source/portable/GCC/ARM_CM3/portmacro.h **** 		xReturn = pdFALSE;
 182:Middlewares/Third_Party/FreeRTOS/Source/portable/GCC/ARM_CM3/portmacro.h **** 	}
 183:Middlewares/Third_Party/FreeRTOS/Source/portable/GCC/ARM_CM3/portmacro.h **** 	else
 184:Middlewares/Third_Party/FreeRTOS/Source/portable/GCC/ARM_CM3/portmacro.h **** 	{
 185:Middlewares/Third_Party/FreeRTOS/Source/portable/GCC/ARM_CM3/portmacro.h **** 		xReturn = pdTRUE;
 186:Middlewares/Third_Party/FreeRTOS/Source/portable/GCC/ARM_CM3/portmacro.h **** 	}
 187:Middlewares/Third_Party/FreeRTOS/Source/portable/GCC/ARM_CM3/portmacro.h **** 
 188:Middlewares/Third_Party/FreeRTOS/Source/portable/GCC/ARM_CM3/portmacro.h **** 	return xReturn;
 189:Middlewares/Third_Party/FreeRTOS/Source/portable/GCC/ARM_CM3/portmacro.h **** }
 190:Middlewares/Third_Party/FreeRTOS/Source/portable/GCC/ARM_CM3/portmacro.h **** 
 191:Middlewares/Third_Party/FreeRTOS/Source/portable/GCC/ARM_CM3/portmacro.h **** /*-----------------------------------------------------------*/
 192:Middlewares/Third_Party/FreeRTOS/Source/portable/GCC/ARM_CM3/portmacro.h **** 
 193:Middlewares/Third_Party/FreeRTOS/Source/portable/GCC/ARM_CM3/portmacro.h **** portFORCE_INLINE static void vPortRaiseBASEPRI( void )
 597              		.loc 2 193 30 view .LVU196
 598              	.LBB104:
 194:Middlewares/Third_Party/FreeRTOS/Source/portable/GCC/ARM_CM3/portmacro.h **** {
 195:Middlewares/Third_Party/FreeRTOS/Source/portable/GCC/ARM_CM3/portmacro.h **** uint32_t ulNewBASEPRI;
 599              		.loc 2 195 1 view .LVU197
 196:Middlewares/Third_Party/FreeRTOS/Source/portable/GCC/ARM_CM3/portmacro.h **** 
 197:Middlewares/Third_Party/FreeRTOS/Source/portable/GCC/ARM_CM3/portmacro.h **** 	__asm volatile
 600              		.loc 2 197 2 view .LVU198
 601              		.syntax unified
ARM GAS  D:\TMP\ccboKuyk.s 			page 59


 602              	@ 197 "Middlewares/Third_Party/FreeRTOS/Source/portable/GCC/ARM_CM3/portmacro.h" 1
 603 003e 4FF02003 			mov r3, #32												
 604 0042 83F31188 		msr basepri, r3											
 605 0046 BFF36F8F 		isb														
 606 004a BFF34F8F 		dsb														
 607              	
 608              	@ 0 "" 2
 609              		.thumb
 610              		.syntax unified
 611              	.L40:
 612              	.LBE104:
 613              	.LBE103:
 259:Middlewares/Third_Party/FreeRTOS/Source/queue.c **** 
 614              		.loc 1 259 2 discriminator 3 view .LVU199
 259:Middlewares/Third_Party/FreeRTOS/Source/queue.c **** 
 615              		.loc 1 259 2 discriminator 3 view .LVU200
 259:Middlewares/Third_Party/FreeRTOS/Source/queue.c **** 
 616              		.loc 1 259 2 discriminator 3 view .LVU201
 617 004e FEE7     		b	.L40
 618              	.LVL57:
 619              	.L45:
 279:Middlewares/Third_Party/FreeRTOS/Source/queue.c **** 				{
 620              		.loc 1 279 5 view .LVU202
 279:Middlewares/Third_Party/FreeRTOS/Source/queue.c **** 				{
 621              		.loc 1 279 9 is_stmt 0 view .LVU203
 622 0050 04F11000 		add	r0, r4, #16
 623 0054 FFF7FEFF 		bl	xTaskRemoveFromEventList
 624              	.LVL58:
 279:Middlewares/Third_Party/FreeRTOS/Source/queue.c **** 				{
 625              		.loc 1 279 7 discriminator 1 view .LVU204
 626 0058 0028     		cmp	r0, #0
 627 005a ECD0     		beq	.L42
 281:Middlewares/Third_Party/FreeRTOS/Source/queue.c **** 				}
 628              		.loc 1 281 6 is_stmt 1 view .LVU205
 629 005c 4FF0E023 		mov	r3, #-536813568
 630 0060 4FF08052 		mov	r2, #268435456
 631 0064 C3F8042D 		str	r2, [r3, #3332]
 281:Middlewares/Third_Party/FreeRTOS/Source/queue.c **** 				}
 632              		.loc 1 281 6 view .LVU206
 633              		.syntax unified
 634              	@ 281 "Middlewares/Third_Party/FreeRTOS/Source/queue.c" 1
 635 0068 BFF34F8F 		dsb
 636              	@ 0 "" 2
 281:Middlewares/Third_Party/FreeRTOS/Source/queue.c **** 				}
 637              		.loc 1 281 6 view .LVU207
 638              	@ 281 "Middlewares/Third_Party/FreeRTOS/Source/queue.c" 1
 639 006c BFF36F8F 		isb
 640              	@ 0 "" 2
 281:Middlewares/Third_Party/FreeRTOS/Source/queue.c **** 				}
 641              		.loc 1 281 38 view .LVU208
 642              		.thumb
 643              		.syntax unified
 644 0070 E1E7     		b	.L42
 645              	.L41:
 296:Middlewares/Third_Party/FreeRTOS/Source/queue.c **** 			vListInitialise( &( pxQueue->xTasksWaitingToReceive ) );
 646              		.loc 1 296 4 view .LVU209
 647 0072 04F11000 		add	r0, r4, #16
ARM GAS  D:\TMP\ccboKuyk.s 			page 60


 648 0076 FFF7FEFF 		bl	vListInitialise
 649              	.LVL59:
 297:Middlewares/Third_Party/FreeRTOS/Source/queue.c **** 		}
 650              		.loc 1 297 4 view .LVU210
 651 007a 04F12400 		add	r0, r4, #36
 652 007e FFF7FEFF 		bl	vListInitialise
 653              	.LVL60:
 654 0082 D8E7     		b	.L42
 655              		.cfi_endproc
 656              	.LFE5:
 658              		.section	.text.prvInitialiseNewQueue,"ax",%progbits
 659              		.align	1
 660              		.syntax unified
 661              		.thumb
 662              		.thumb_func
 664              	prvInitialiseNewQueue:
 665              	.LVL61:
 666              	.LFB7:
 423:Middlewares/Third_Party/FreeRTOS/Source/queue.c **** 	/* Remove compiler warnings about unused parameters should
 667              		.loc 1 423 1 view -0
 668              		.cfi_startproc
 669              		@ args = 4, pretend = 0, frame = 0
 670              		@ frame_needed = 0, uses_anonymous_args = 0
 423:Middlewares/Third_Party/FreeRTOS/Source/queue.c **** 	/* Remove compiler warnings about unused parameters should
 671              		.loc 1 423 1 is_stmt 0 view .LVU212
 672 0000 10B5     		push	{r4, lr}
 673              	.LCFI6:
 674              		.cfi_def_cfa_offset 8
 675              		.cfi_offset 4, -8
 676              		.cfi_offset 14, -4
 677 0002 0346     		mov	r3, r0
 678              	.LVL62:
 423:Middlewares/Third_Party/FreeRTOS/Source/queue.c **** 	/* Remove compiler warnings about unused parameters should
 679              		.loc 1 423 1 view .LVU213
 680 0004 0298     		ldr	r0, [sp, #8]
 681              	.LVL63:
 426:Middlewares/Third_Party/FreeRTOS/Source/queue.c **** 
 682              		.loc 1 426 2 is_stmt 1 view .LVU214
 428:Middlewares/Third_Party/FreeRTOS/Source/queue.c **** 	{
 683              		.loc 1 428 2 view .LVU215
 428:Middlewares/Third_Party/FreeRTOS/Source/queue.c **** 	{
 684              		.loc 1 428 4 is_stmt 0 view .LVU216
 685 0006 0C46     		mov	r4, r1
 686 0008 31B9     		cbnz	r1, .L47
 434:Middlewares/Third_Party/FreeRTOS/Source/queue.c **** 	}
 687              		.loc 1 434 3 is_stmt 1 view .LVU217
 434:Middlewares/Third_Party/FreeRTOS/Source/queue.c **** 	}
 688              		.loc 1 434 22 is_stmt 0 view .LVU218
 689 000a 0060     		str	r0, [r0]
 690              	.L48:
 444:Middlewares/Third_Party/FreeRTOS/Source/queue.c **** 	pxNewQueue->uxItemSize = uxItemSize;
 691              		.loc 1 444 2 is_stmt 1 view .LVU219
 444:Middlewares/Third_Party/FreeRTOS/Source/queue.c **** 	pxNewQueue->uxItemSize = uxItemSize;
 692              		.loc 1 444 23 is_stmt 0 view .LVU220
 693 000c C363     		str	r3, [r0, #60]
 445:Middlewares/Third_Party/FreeRTOS/Source/queue.c **** 	( void ) xQueueGenericReset( pxNewQueue, pdTRUE );
 694              		.loc 1 445 2 is_stmt 1 view .LVU221
ARM GAS  D:\TMP\ccboKuyk.s 			page 61


 445:Middlewares/Third_Party/FreeRTOS/Source/queue.c **** 	( void ) xQueueGenericReset( pxNewQueue, pdTRUE );
 695              		.loc 1 445 25 is_stmt 0 view .LVU222
 696 000e 0464     		str	r4, [r0, #64]
 446:Middlewares/Third_Party/FreeRTOS/Source/queue.c **** 
 697              		.loc 1 446 2 is_stmt 1 view .LVU223
 446:Middlewares/Third_Party/FreeRTOS/Source/queue.c **** 
 698              		.loc 1 446 11 is_stmt 0 view .LVU224
 699 0010 0121     		movs	r1, #1
 700              	.LVL64:
 446:Middlewares/Third_Party/FreeRTOS/Source/queue.c **** 
 701              		.loc 1 446 11 view .LVU225
 702 0012 FFF7FEFF 		bl	xQueueGenericReset
 703              	.LVL65:
 460:Middlewares/Third_Party/FreeRTOS/Source/queue.c **** }
 704              		.loc 1 460 33 is_stmt 1 view .LVU226
 461:Middlewares/Third_Party/FreeRTOS/Source/queue.c **** /*-----------------------------------------------------------*/
 705              		.loc 1 461 1 is_stmt 0 view .LVU227
 706 0016 10BD     		pop	{r4, pc}
 707              	.LVL66:
 708              	.L47:
 439:Middlewares/Third_Party/FreeRTOS/Source/queue.c **** 	}
 709              		.loc 1 439 3 is_stmt 1 view .LVU228
 439:Middlewares/Third_Party/FreeRTOS/Source/queue.c **** 	}
 710              		.loc 1 439 22 is_stmt 0 view .LVU229
 711 0018 0260     		str	r2, [r0]
 712 001a F7E7     		b	.L48
 713              		.cfi_endproc
 714              	.LFE7:
 716              		.section	.text.xQueueGenericCreate,"ax",%progbits
 717              		.align	1
 718              		.global	xQueueGenericCreate
 719              		.syntax unified
 720              		.thumb
 721              		.thumb_func
 723              	xQueueGenericCreate:
 724              	.LVL67:
 725              	.LFB6:
 369:Middlewares/Third_Party/FreeRTOS/Source/queue.c **** 	Queue_t *pxNewQueue;
 726              		.loc 1 369 2 is_stmt 1 view -0
 727              		.cfi_startproc
 728              		@ args = 0, pretend = 0, frame = 0
 729              		@ frame_needed = 0, uses_anonymous_args = 0
 370:Middlewares/Third_Party/FreeRTOS/Source/queue.c **** 	size_t xQueueSizeInBytes;
 730              		.loc 1 370 2 view .LVU231
 371:Middlewares/Third_Party/FreeRTOS/Source/queue.c **** 	uint8_t *pucQueueStorage;
 731              		.loc 1 371 2 view .LVU232
 372:Middlewares/Third_Party/FreeRTOS/Source/queue.c **** 
 732              		.loc 1 372 2 view .LVU233
 374:Middlewares/Third_Party/FreeRTOS/Source/queue.c **** 
 733              		.loc 1 374 3 view .LVU234
 734 0000 40B9     		cbnz	r0, .L51
 374:Middlewares/Third_Party/FreeRTOS/Source/queue.c **** 
 735              		.loc 1 374 3 discriminator 1 view .LVU235
 736              	.LBB105:
 737              	.LBI105:
 193:Middlewares/Third_Party/FreeRTOS/Source/portable/GCC/ARM_CM3/portmacro.h **** {
 738              		.loc 2 193 30 view .LVU236
ARM GAS  D:\TMP\ccboKuyk.s 			page 62


 739              	.LBB106:
 195:Middlewares/Third_Party/FreeRTOS/Source/portable/GCC/ARM_CM3/portmacro.h **** 
 740              		.loc 2 195 1 view .LVU237
 741              		.loc 2 197 2 view .LVU238
 742              		.syntax unified
 743              	@ 197 "Middlewares/Third_Party/FreeRTOS/Source/portable/GCC/ARM_CM3/portmacro.h" 1
 744 0002 4FF02003 			mov r3, #32												
 745 0006 83F31188 		msr basepri, r3											
 746 000a BFF36F8F 		isb														
 747 000e BFF34F8F 		dsb														
 748              	
 749              	@ 0 "" 2
 750              		.thumb
 751              		.syntax unified
 752              	.L52:
 753              	.LBE106:
 754              	.LBE105:
 374:Middlewares/Third_Party/FreeRTOS/Source/queue.c **** 
 755              		.loc 1 374 3 discriminator 3 view .LVU239
 374:Middlewares/Third_Party/FreeRTOS/Source/queue.c **** 
 756              		.loc 1 374 3 discriminator 3 view .LVU240
 374:Middlewares/Third_Party/FreeRTOS/Source/queue.c **** 
 757              		.loc 1 374 3 discriminator 3 view .LVU241
 758 0012 FEE7     		b	.L52
 759              	.L51:
 369:Middlewares/Third_Party/FreeRTOS/Source/queue.c **** 	Queue_t *pxNewQueue;
 760              		.loc 1 369 2 is_stmt 0 view .LVU242
 761 0014 F0B5     		push	{r4, r5, r6, r7, lr}
 762              	.LCFI7:
 763              		.cfi_def_cfa_offset 20
 764              		.cfi_offset 4, -20
 765              		.cfi_offset 5, -16
 766              		.cfi_offset 6, -12
 767              		.cfi_offset 7, -8
 768              		.cfi_offset 14, -4
 769 0016 83B0     		sub	sp, sp, #12
 770              	.LCFI8:
 771              		.cfi_def_cfa_offset 32
 772 0018 0C46     		mov	r4, r1
 773 001a 1546     		mov	r5, r2
 774 001c 0646     		mov	r6, r0
 374:Middlewares/Third_Party/FreeRTOS/Source/queue.c **** 
 775              		.loc 1 374 52 is_stmt 1 discriminator 2 view .LVU243
 379:Middlewares/Third_Party/FreeRTOS/Source/queue.c **** 
 776              		.loc 1 379 3 view .LVU244
 379:Middlewares/Third_Party/FreeRTOS/Source/queue.c **** 
 777              		.loc 1 379 21 is_stmt 0 view .LVU245
 778 001e 01FB00F0 		mul	r0, r1, r0
 779              	.LVL68:
 390:Middlewares/Third_Party/FreeRTOS/Source/queue.c **** 
 780              		.loc 1 390 3 is_stmt 1 view .LVU246
 390:Middlewares/Third_Party/FreeRTOS/Source/queue.c **** 
 781              		.loc 1 390 30 is_stmt 0 view .LVU247
 782 0022 4830     		adds	r0, r0, #72
 783              	.LVL69:
 390:Middlewares/Third_Party/FreeRTOS/Source/queue.c **** 
 784              		.loc 1 390 30 view .LVU248
ARM GAS  D:\TMP\ccboKuyk.s 			page 63


 785 0024 FFF7FEFF 		bl	pvPortMalloc
 786              	.LVL70:
 392:Middlewares/Third_Party/FreeRTOS/Source/queue.c **** 		{
 787              		.loc 1 392 3 is_stmt 1 view .LVU249
 392:Middlewares/Third_Party/FreeRTOS/Source/queue.c **** 		{
 788              		.loc 1 392 5 is_stmt 0 view .LVU250
 789 0028 0746     		mov	r7, r0
 790 002a 38B1     		cbz	r0, .L50
 396:Middlewares/Third_Party/FreeRTOS/Source/queue.c **** 			pucQueueStorage += sizeof( Queue_t ); /*lint !e9016 Pointer arithmetic allowed on char types, es
 791              		.loc 1 396 4 is_stmt 1 view .LVU251
 792              	.LVL71:
 397:Middlewares/Third_Party/FreeRTOS/Source/queue.c **** 
 793              		.loc 1 397 4 view .LVU252
 408:Middlewares/Third_Party/FreeRTOS/Source/queue.c **** 		}
 794              		.loc 1 408 4 view .LVU253
 795 002c 0090     		str	r0, [sp]
 796 002e 2B46     		mov	r3, r5
 797 0030 00F14802 		add	r2, r0, #72
 798              	.LVL72:
 408:Middlewares/Third_Party/FreeRTOS/Source/queue.c **** 		}
 799              		.loc 1 408 4 is_stmt 0 view .LVU254
 800 0034 2146     		mov	r1, r4
 801 0036 3046     		mov	r0, r6
 802              	.LVL73:
 408:Middlewares/Third_Party/FreeRTOS/Source/queue.c **** 		}
 803              		.loc 1 408 4 view .LVU255
 804 0038 FFF7FEFF 		bl	prvInitialiseNewQueue
 805              	.LVL74:
 412:Middlewares/Third_Party/FreeRTOS/Source/queue.c **** 			mtCOVERAGE_TEST_MARKER();
 806              		.loc 1 412 43 is_stmt 1 view .LVU256
 413:Middlewares/Third_Party/FreeRTOS/Source/queue.c **** 		}
 807              		.loc 1 413 28 view .LVU257
 416:Middlewares/Third_Party/FreeRTOS/Source/queue.c **** 	}
 808              		.loc 1 416 3 view .LVU258
 809              	.L50:
 417:Middlewares/Third_Party/FreeRTOS/Source/queue.c **** 
 810              		.loc 1 417 2 is_stmt 0 view .LVU259
 811 003c 3846     		mov	r0, r7
 812 003e 03B0     		add	sp, sp, #12
 813              	.LCFI9:
 814              		.cfi_def_cfa_offset 20
 815              		@ sp needed
 816 0040 F0BD     		pop	{r4, r5, r6, r7, pc}
 417:Middlewares/Third_Party/FreeRTOS/Source/queue.c **** 
 817              		.loc 1 417 2 view .LVU260
 818              		.cfi_endproc
 819              	.LFE6:
 821              		.section	.text.xQueueCreateCountingSemaphore,"ax",%progbits
 822              		.align	1
 823              		.global	xQueueCreateCountingSemaphore
 824              		.syntax unified
 825              		.thumb
 826              		.thumb_func
 828              	xQueueCreateCountingSemaphore:
 829              	.LVL75:
 830              	.LFB12:
 715:Middlewares/Third_Party/FreeRTOS/Source/queue.c **** 	QueueHandle_t xHandle;
ARM GAS  D:\TMP\ccboKuyk.s 			page 64


 831              		.loc 1 715 2 is_stmt 1 view -0
 832              		.cfi_startproc
 833              		@ args = 0, pretend = 0, frame = 0
 834              		@ frame_needed = 0, uses_anonymous_args = 0
 716:Middlewares/Third_Party/FreeRTOS/Source/queue.c **** 
 835              		.loc 1 716 2 view .LVU262
 718:Middlewares/Third_Party/FreeRTOS/Source/queue.c **** 		configASSERT( uxInitialCount <= uxMaxCount );
 836              		.loc 1 718 3 view .LVU263
 837 0000 40B9     		cbnz	r0, .L57
 718:Middlewares/Third_Party/FreeRTOS/Source/queue.c **** 		configASSERT( uxInitialCount <= uxMaxCount );
 838              		.loc 1 718 3 discriminator 1 view .LVU264
 839              	.LBB107:
 840              	.LBI107:
 193:Middlewares/Third_Party/FreeRTOS/Source/portable/GCC/ARM_CM3/portmacro.h **** {
 841              		.loc 2 193 30 view .LVU265
 842              	.LBB108:
 195:Middlewares/Third_Party/FreeRTOS/Source/portable/GCC/ARM_CM3/portmacro.h **** 
 843              		.loc 2 195 1 view .LVU266
 844              		.loc 2 197 2 view .LVU267
 845              		.syntax unified
 846              	@ 197 "Middlewares/Third_Party/FreeRTOS/Source/portable/GCC/ARM_CM3/portmacro.h" 1
 847 0002 4FF02003 			mov r3, #32												
 848 0006 83F31188 		msr basepri, r3											
 849 000a BFF36F8F 		isb														
 850 000e BFF34F8F 		dsb														
 851              	
 852              	@ 0 "" 2
 853              		.thumb
 854              		.syntax unified
 855              	.L58:
 856              	.LBE108:
 857              	.LBE107:
 718:Middlewares/Third_Party/FreeRTOS/Source/queue.c **** 		configASSERT( uxInitialCount <= uxMaxCount );
 858              		.loc 1 718 3 discriminator 3 view .LVU268
 718:Middlewares/Third_Party/FreeRTOS/Source/queue.c **** 		configASSERT( uxInitialCount <= uxMaxCount );
 859              		.loc 1 718 3 discriminator 3 view .LVU269
 718:Middlewares/Third_Party/FreeRTOS/Source/queue.c **** 		configASSERT( uxInitialCount <= uxMaxCount );
 860              		.loc 1 718 3 discriminator 3 view .LVU270
 861 0012 FEE7     		b	.L58
 862              	.L57:
 715:Middlewares/Third_Party/FreeRTOS/Source/queue.c **** 	QueueHandle_t xHandle;
 863              		.loc 1 715 2 is_stmt 0 view .LVU271
 864 0014 10B5     		push	{r4, lr}
 865              	.LCFI10:
 866              		.cfi_def_cfa_offset 8
 867              		.cfi_offset 4, -8
 868              		.cfi_offset 14, -4
 869 0016 0C46     		mov	r4, r1
 718:Middlewares/Third_Party/FreeRTOS/Source/queue.c **** 		configASSERT( uxInitialCount <= uxMaxCount );
 870              		.loc 1 718 34 is_stmt 1 discriminator 2 view .LVU272
 719:Middlewares/Third_Party/FreeRTOS/Source/queue.c **** 
 871              		.loc 1 719 3 view .LVU273
 872 0018 8842     		cmp	r0, r1
 873 001a 08D2     		bcs	.L59
 719:Middlewares/Third_Party/FreeRTOS/Source/queue.c **** 
 874              		.loc 1 719 3 discriminator 1 view .LVU274
 875              	.LBB109:
ARM GAS  D:\TMP\ccboKuyk.s 			page 65


 876              	.LBI109:
 193:Middlewares/Third_Party/FreeRTOS/Source/portable/GCC/ARM_CM3/portmacro.h **** {
 877              		.loc 2 193 30 view .LVU275
 878              	.LBB110:
 195:Middlewares/Third_Party/FreeRTOS/Source/portable/GCC/ARM_CM3/portmacro.h **** 
 879              		.loc 2 195 1 view .LVU276
 880              		.loc 2 197 2 view .LVU277
 881              		.syntax unified
 882              	@ 197 "Middlewares/Third_Party/FreeRTOS/Source/portable/GCC/ARM_CM3/portmacro.h" 1
 883 001c 4FF02003 			mov r3, #32												
 884 0020 83F31188 		msr basepri, r3											
 885 0024 BFF36F8F 		isb														
 886 0028 BFF34F8F 		dsb														
 887              	
 888              	@ 0 "" 2
 889              		.thumb
 890              		.syntax unified
 891              	.L60:
 892              	.LBE110:
 893              	.LBE109:
 719:Middlewares/Third_Party/FreeRTOS/Source/queue.c **** 
 894              		.loc 1 719 3 discriminator 3 view .LVU278
 719:Middlewares/Third_Party/FreeRTOS/Source/queue.c **** 
 895              		.loc 1 719 3 discriminator 3 view .LVU279
 719:Middlewares/Third_Party/FreeRTOS/Source/queue.c **** 
 896              		.loc 1 719 3 discriminator 3 view .LVU280
 897 002c FEE7     		b	.L60
 898              	.L59:
 719:Middlewares/Third_Party/FreeRTOS/Source/queue.c **** 
 899              		.loc 1 719 47 discriminator 2 view .LVU281
 721:Middlewares/Third_Party/FreeRTOS/Source/queue.c **** 
 900              		.loc 1 721 3 view .LVU282
 721:Middlewares/Third_Party/FreeRTOS/Source/queue.c **** 
 901              		.loc 1 721 13 is_stmt 0 view .LVU283
 902 002e 0222     		movs	r2, #2
 903 0030 0021     		movs	r1, #0
 904              	.LVL76:
 721:Middlewares/Third_Party/FreeRTOS/Source/queue.c **** 
 905              		.loc 1 721 13 view .LVU284
 906 0032 FFF7FEFF 		bl	xQueueGenericCreate
 907              	.LVL77:
 723:Middlewares/Third_Party/FreeRTOS/Source/queue.c **** 		{
 908              		.loc 1 723 3 is_stmt 1 view .LVU285
 723:Middlewares/Third_Party/FreeRTOS/Source/queue.c **** 		{
 909              		.loc 1 723 5 is_stmt 0 view .LVU286
 910 0036 00B1     		cbz	r0, .L56
 725:Middlewares/Third_Party/FreeRTOS/Source/queue.c **** 
 911              		.loc 1 725 4 is_stmt 1 view .LVU287
 725:Middlewares/Third_Party/FreeRTOS/Source/queue.c **** 
 912              		.loc 1 725 49 is_stmt 0 view .LVU288
 913 0038 8463     		str	r4, [r0, #56]
 727:Middlewares/Third_Party/FreeRTOS/Source/queue.c **** 		}
 914              		.loc 1 727 36 is_stmt 1 view .LVU289
 731:Middlewares/Third_Party/FreeRTOS/Source/queue.c **** 		}
 915              		.loc 1 731 43 view .LVU290
 734:Middlewares/Third_Party/FreeRTOS/Source/queue.c **** 	}
 916              		.loc 1 734 3 view .LVU291
ARM GAS  D:\TMP\ccboKuyk.s 			page 66


 917              	.L56:
 735:Middlewares/Third_Party/FreeRTOS/Source/queue.c **** 
 918              		.loc 1 735 2 is_stmt 0 view .LVU292
 919 003a 10BD     		pop	{r4, pc}
 735:Middlewares/Third_Party/FreeRTOS/Source/queue.c **** 
 920              		.loc 1 735 2 view .LVU293
 921              		.cfi_endproc
 922              	.LFE12:
 924              		.section	.text.xQueueGenericSend,"ax",%progbits
 925              		.align	1
 926              		.global	xQueueGenericSend
 927              		.syntax unified
 928              		.thumb
 929              		.thumb_func
 931              	xQueueGenericSend:
 932              	.LVL78:
 933              	.LFB13:
 741:Middlewares/Third_Party/FreeRTOS/Source/queue.c **** BaseType_t xEntryTimeSet = pdFALSE, xYieldRequired;
 934              		.loc 1 741 1 is_stmt 1 view -0
 935              		.cfi_startproc
 936              		@ args = 0, pretend = 0, frame = 16
 937              		@ frame_needed = 0, uses_anonymous_args = 0
 741:Middlewares/Third_Party/FreeRTOS/Source/queue.c **** BaseType_t xEntryTimeSet = pdFALSE, xYieldRequired;
 938              		.loc 1 741 1 is_stmt 0 view .LVU295
 939 0000 F0B5     		push	{r4, r5, r6, r7, lr}
 940              	.LCFI11:
 941              		.cfi_def_cfa_offset 20
 942              		.cfi_offset 4, -20
 943              		.cfi_offset 5, -16
 944              		.cfi_offset 6, -12
 945              		.cfi_offset 7, -8
 946              		.cfi_offset 14, -4
 947 0002 85B0     		sub	sp, sp, #20
 948              	.LCFI12:
 949              		.cfi_def_cfa_offset 40
 950 0004 0192     		str	r2, [sp, #4]
 742:Middlewares/Third_Party/FreeRTOS/Source/queue.c **** TimeOut_t xTimeOut;
 951              		.loc 1 742 1 is_stmt 1 view .LVU296
 952              	.LVL79:
 743:Middlewares/Third_Party/FreeRTOS/Source/queue.c **** Queue_t * const pxQueue = xQueue;
 953              		.loc 1 743 1 view .LVU297
 744:Middlewares/Third_Party/FreeRTOS/Source/queue.c **** 
 954              		.loc 1 744 1 view .LVU298
 746:Middlewares/Third_Party/FreeRTOS/Source/queue.c **** 	configASSERT( !( ( pvItemToQueue == NULL ) && ( pxQueue->uxItemSize != ( UBaseType_t ) 0U ) ) );
 955              		.loc 1 746 2 view .LVU299
 956 0006 88B1     		cbz	r0, .L88
 957 0008 0F46     		mov	r7, r1
 958 000a 1D46     		mov	r5, r3
 959 000c 0446     		mov	r4, r0
 746:Middlewares/Third_Party/FreeRTOS/Source/queue.c **** 	configASSERT( !( ( pvItemToQueue == NULL ) && ( pxQueue->uxItemSize != ( UBaseType_t ) 0U ) ) );
 960              		.loc 1 746 25 discriminator 2 view .LVU300
 747:Middlewares/Third_Party/FreeRTOS/Source/queue.c **** 	configASSERT( !( ( xCopyPosition == queueOVERWRITE ) && ( pxQueue->uxLength != 1 ) ) );
 961              		.loc 1 747 2 view .LVU301
 962 000e B1B1     		cbz	r1, .L89
 963              	.LVL80:
 964              	.L67:
 747:Middlewares/Third_Party/FreeRTOS/Source/queue.c **** 	configASSERT( !( ( xCopyPosition == queueOVERWRITE ) && ( pxQueue->uxLength != 1 ) ) );
ARM GAS  D:\TMP\ccboKuyk.s 			page 67


 965              		.loc 1 747 97 discriminator 8 view .LVU302
 748:Middlewares/Third_Party/FreeRTOS/Source/queue.c **** 	#if ( ( INCLUDE_xTaskGetSchedulerState == 1 ) || ( configUSE_TIMERS == 1 ) )
 966              		.loc 1 748 2 view .LVU303
 967 0010 022D     		cmp	r5, #2
 968 0012 20D1     		bne	.L69
 748:Middlewares/Third_Party/FreeRTOS/Source/queue.c **** 	#if ( ( INCLUDE_xTaskGetSchedulerState == 1 ) || ( configUSE_TIMERS == 1 ) )
 969              		.loc 1 748 2 is_stmt 0 discriminator 2 view .LVU304
 970 0014 E36B     		ldr	r3, [r4, #60]
 971 0016 012B     		cmp	r3, #1
 972 0018 1DD0     		beq	.L69
 748:Middlewares/Third_Party/FreeRTOS/Source/queue.c **** 	#if ( ( INCLUDE_xTaskGetSchedulerState == 1 ) || ( configUSE_TIMERS == 1 ) )
 973              		.loc 1 748 2 is_stmt 1 discriminator 7 view .LVU305
 974              	.LBB111:
 975              	.LBI111:
 193:Middlewares/Third_Party/FreeRTOS/Source/portable/GCC/ARM_CM3/portmacro.h **** {
 976              		.loc 2 193 30 view .LVU306
 977              	.LBB112:
 195:Middlewares/Third_Party/FreeRTOS/Source/portable/GCC/ARM_CM3/portmacro.h **** 
 978              		.loc 2 195 1 view .LVU307
 979              		.loc 2 197 2 view .LVU308
 980              		.syntax unified
 981              	@ 197 "Middlewares/Third_Party/FreeRTOS/Source/portable/GCC/ARM_CM3/portmacro.h" 1
 982 001a 4FF02003 			mov r3, #32												
 983 001e 83F31188 		msr basepri, r3											
 984 0022 BFF36F8F 		isb														
 985 0026 BFF34F8F 		dsb														
 986              	
 987              	@ 0 "" 2
 988              		.thumb
 989              		.syntax unified
 990              	.L70:
 991              	.LBE112:
 992              	.LBE111:
 748:Middlewares/Third_Party/FreeRTOS/Source/queue.c **** 	#if ( ( INCLUDE_xTaskGetSchedulerState == 1 ) || ( configUSE_TIMERS == 1 ) )
 993              		.loc 1 748 2 discriminator 9 view .LVU309
 748:Middlewares/Third_Party/FreeRTOS/Source/queue.c **** 	#if ( ( INCLUDE_xTaskGetSchedulerState == 1 ) || ( configUSE_TIMERS == 1 ) )
 994              		.loc 1 748 2 discriminator 9 view .LVU310
 748:Middlewares/Third_Party/FreeRTOS/Source/queue.c **** 	#if ( ( INCLUDE_xTaskGetSchedulerState == 1 ) || ( configUSE_TIMERS == 1 ) )
 995              		.loc 1 748 2 discriminator 9 view .LVU311
 996 002a FEE7     		b	.L70
 997              	.LVL81:
 998              	.L88:
 746:Middlewares/Third_Party/FreeRTOS/Source/queue.c **** 	configASSERT( !( ( pvItemToQueue == NULL ) && ( pxQueue->uxItemSize != ( UBaseType_t ) 0U ) ) );
 999              		.loc 1 746 2 discriminator 1 view .LVU312
 1000              	.LBB113:
 1001              	.LBI113:
 193:Middlewares/Third_Party/FreeRTOS/Source/portable/GCC/ARM_CM3/portmacro.h **** {
 1002              		.loc 2 193 30 view .LVU313
 1003              	.LBB114:
 195:Middlewares/Third_Party/FreeRTOS/Source/portable/GCC/ARM_CM3/portmacro.h **** 
 1004              		.loc 2 195 1 view .LVU314
 1005              		.loc 2 197 2 view .LVU315
 1006              		.syntax unified
 1007              	@ 197 "Middlewares/Third_Party/FreeRTOS/Source/portable/GCC/ARM_CM3/portmacro.h" 1
 1008 002c 4FF02003 			mov r3, #32												
 1009 0030 83F31188 		msr basepri, r3											
 1010 0034 BFF36F8F 		isb														
ARM GAS  D:\TMP\ccboKuyk.s 			page 68


 1011 0038 BFF34F8F 		dsb														
 1012              	
 1013              	@ 0 "" 2
 1014              	.LVL82:
 1015              		.thumb
 1016              		.syntax unified
 1017              	.L66:
 1018              		.loc 2 197 2 is_stmt 0 view .LVU316
 1019              	.LBE114:
 1020              	.LBE113:
 746:Middlewares/Third_Party/FreeRTOS/Source/queue.c **** 	configASSERT( !( ( pvItemToQueue == NULL ) && ( pxQueue->uxItemSize != ( UBaseType_t ) 0U ) ) );
 1021              		.loc 1 746 2 is_stmt 1 discriminator 3 view .LVU317
 746:Middlewares/Third_Party/FreeRTOS/Source/queue.c **** 	configASSERT( !( ( pvItemToQueue == NULL ) && ( pxQueue->uxItemSize != ( UBaseType_t ) 0U ) ) );
 1022              		.loc 1 746 2 discriminator 3 view .LVU318
 746:Middlewares/Third_Party/FreeRTOS/Source/queue.c **** 	configASSERT( !( ( pvItemToQueue == NULL ) && ( pxQueue->uxItemSize != ( UBaseType_t ) 0U ) ) );
 1023              		.loc 1 746 2 discriminator 3 view .LVU319
 1024 003c FEE7     		b	.L66
 1025              	.LVL83:
 1026              	.L89:
 747:Middlewares/Third_Party/FreeRTOS/Source/queue.c **** 	configASSERT( !( ( xCopyPosition == queueOVERWRITE ) && ( pxQueue->uxLength != 1 ) ) );
 1027              		.loc 1 747 2 is_stmt 0 discriminator 2 view .LVU320
 1028 003e 036C     		ldr	r3, [r0, #64]
 1029              	.LVL84:
 747:Middlewares/Third_Party/FreeRTOS/Source/queue.c **** 	configASSERT( !( ( xCopyPosition == queueOVERWRITE ) && ( pxQueue->uxLength != 1 ) ) );
 1030              		.loc 1 747 2 discriminator 2 view .LVU321
 1031 0040 002B     		cmp	r3, #0
 1032 0042 E5D0     		beq	.L67
 747:Middlewares/Third_Party/FreeRTOS/Source/queue.c **** 	configASSERT( !( ( xCopyPosition == queueOVERWRITE ) && ( pxQueue->uxLength != 1 ) ) );
 1033              		.loc 1 747 2 is_stmt 1 discriminator 7 view .LVU322
 1034              	.LBB115:
 1035              	.LBI115:
 193:Middlewares/Third_Party/FreeRTOS/Source/portable/GCC/ARM_CM3/portmacro.h **** {
 1036              		.loc 2 193 30 view .LVU323
 1037              	.LBB116:
 195:Middlewares/Third_Party/FreeRTOS/Source/portable/GCC/ARM_CM3/portmacro.h **** 
 1038              		.loc 2 195 1 view .LVU324
 1039              		.loc 2 197 2 view .LVU325
 1040              		.syntax unified
 1041              	@ 197 "Middlewares/Third_Party/FreeRTOS/Source/portable/GCC/ARM_CM3/portmacro.h" 1
 1042 0044 4FF02003 			mov r3, #32												
 1043 0048 83F31188 		msr basepri, r3											
 1044 004c BFF36F8F 		isb														
 1045 0050 BFF34F8F 		dsb														
 1046              	
 1047              	@ 0 "" 2
 1048              		.thumb
 1049              		.syntax unified
 1050              	.L68:
 1051              	.LBE116:
 1052              	.LBE115:
 747:Middlewares/Third_Party/FreeRTOS/Source/queue.c **** 	configASSERT( !( ( xCopyPosition == queueOVERWRITE ) && ( pxQueue->uxLength != 1 ) ) );
 1053              		.loc 1 747 2 discriminator 9 view .LVU326
 747:Middlewares/Third_Party/FreeRTOS/Source/queue.c **** 	configASSERT( !( ( xCopyPosition == queueOVERWRITE ) && ( pxQueue->uxLength != 1 ) ) );
 1054              		.loc 1 747 2 discriminator 9 view .LVU327
 747:Middlewares/Third_Party/FreeRTOS/Source/queue.c **** 	configASSERT( !( ( xCopyPosition == queueOVERWRITE ) && ( pxQueue->uxLength != 1 ) ) );
 1055              		.loc 1 747 2 discriminator 9 view .LVU328
 1056 0054 FEE7     		b	.L68
ARM GAS  D:\TMP\ccboKuyk.s 			page 69


 1057              	.L69:
 748:Middlewares/Third_Party/FreeRTOS/Source/queue.c **** 	#if ( ( INCLUDE_xTaskGetSchedulerState == 1 ) || ( configUSE_TIMERS == 1 ) )
 1058              		.loc 1 748 88 discriminator 8 view .LVU329
 751:Middlewares/Third_Party/FreeRTOS/Source/queue.c **** 	}
 1059              		.loc 1 751 3 view .LVU330
 1060 0056 FFF7FEFF 		bl	xTaskGetSchedulerState
 1061              	.LVL85:
 751:Middlewares/Third_Party/FreeRTOS/Source/queue.c **** 	}
 1062              		.loc 1 751 3 is_stmt 0 discriminator 1 view .LVU331
 1063 005a 0646     		mov	r6, r0
 1064 005c 58B9     		cbnz	r0, .L86
 751:Middlewares/Third_Party/FreeRTOS/Source/queue.c **** 	}
 1065              		.loc 1 751 3 discriminator 2 view .LVU332
 1066 005e 019B     		ldr	r3, [sp, #4]
 1067 0060 002B     		cmp	r3, #0
 1068 0062 48D0     		beq	.L73
 751:Middlewares/Third_Party/FreeRTOS/Source/queue.c **** 	}
 1069              		.loc 1 751 3 is_stmt 1 discriminator 7 view .LVU333
 1070              	.LBB117:
 1071              	.LBI117:
 193:Middlewares/Third_Party/FreeRTOS/Source/portable/GCC/ARM_CM3/portmacro.h **** {
 1072              		.loc 2 193 30 view .LVU334
 1073              	.LBB118:
 195:Middlewares/Third_Party/FreeRTOS/Source/portable/GCC/ARM_CM3/portmacro.h **** 
 1074              		.loc 2 195 1 view .LVU335
 1075              		.loc 2 197 2 view .LVU336
 1076              		.syntax unified
 1077              	@ 197 "Middlewares/Third_Party/FreeRTOS/Source/portable/GCC/ARM_CM3/portmacro.h" 1
 1078 0064 4FF02003 			mov r3, #32												
 1079 0068 83F31188 		msr basepri, r3											
 1080 006c BFF36F8F 		isb														
 1081 0070 BFF34F8F 		dsb														
 1082              	
 1083              	@ 0 "" 2
 1084              		.thumb
 1085              		.syntax unified
 1086              	.L72:
 1087              	.LBE118:
 1088              	.LBE117:
 751:Middlewares/Third_Party/FreeRTOS/Source/queue.c **** 	}
 1089              		.loc 1 751 3 discriminator 9 view .LVU337
 751:Middlewares/Third_Party/FreeRTOS/Source/queue.c **** 	}
 1090              		.loc 1 751 3 discriminator 9 view .LVU338
 751:Middlewares/Third_Party/FreeRTOS/Source/queue.c **** 	}
 1091              		.loc 1 751 3 discriminator 9 view .LVU339
 1092 0074 FEE7     		b	.L72
 1093              	.L86:
 1094 0076 0026     		movs	r6, #0
 1095 0078 3DE0     		b	.L73
 1096              	.LVL86:
 1097              	.L74:
 769:Middlewares/Third_Party/FreeRTOS/Source/queue.c **** 
 1098              		.loc 1 769 31 view .LVU340
 833:Middlewares/Third_Party/FreeRTOS/Source/queue.c **** 
 1099              		.loc 1 833 6 view .LVU341
 833:Middlewares/Third_Party/FreeRTOS/Source/queue.c **** 
 1100              		.loc 1 833 23 is_stmt 0 view .LVU342
ARM GAS  D:\TMP\ccboKuyk.s 			page 70


 1101 007a 2A46     		mov	r2, r5
 1102 007c 3946     		mov	r1, r7
 1103 007e 2046     		mov	r0, r4
 1104 0080 FFF7FEFF 		bl	prvCopyDataToQueue
 1105              	.LVL87:
 837:Middlewares/Third_Party/FreeRTOS/Source/queue.c **** 					{
 1106              		.loc 1 837 6 is_stmt 1 view .LVU343
 837:Middlewares/Third_Party/FreeRTOS/Source/queue.c **** 					{
 1107              		.loc 1 837 10 is_stmt 0 view .LVU344
 1108 0084 636A     		ldr	r3, [r4, #36]
 837:Middlewares/Third_Party/FreeRTOS/Source/queue.c **** 					{
 1109              		.loc 1 837 8 view .LVU345
 1110 0086 7BB9     		cbnz	r3, .L90
 852:Middlewares/Third_Party/FreeRTOS/Source/queue.c **** 					{
 1111              		.loc 1 852 11 is_stmt 1 view .LVU346
 852:Middlewares/Third_Party/FreeRTOS/Source/queue.c **** 					{
 1112              		.loc 1 852 13 is_stmt 0 view .LVU347
 1113 0088 48B1     		cbz	r0, .L77
 858:Middlewares/Third_Party/FreeRTOS/Source/queue.c **** 					}
 1114              		.loc 1 858 7 is_stmt 1 view .LVU348
 1115 008a 4FF0E023 		mov	r3, #-536813568
 1116 008e 4FF08052 		mov	r2, #268435456
 1117 0092 C3F8042D 		str	r2, [r3, #3332]
 858:Middlewares/Third_Party/FreeRTOS/Source/queue.c **** 					}
 1118              		.loc 1 858 7 view .LVU349
 1119              		.syntax unified
 1120              	@ 858 "Middlewares/Third_Party/FreeRTOS/Source/queue.c" 1
 1121 0096 BFF34F8F 		dsb
 1122              	@ 0 "" 2
 858:Middlewares/Third_Party/FreeRTOS/Source/queue.c **** 					}
 1123              		.loc 1 858 7 view .LVU350
 1124              	@ 858 "Middlewares/Third_Party/FreeRTOS/Source/queue.c" 1
 1125 009a BFF36F8F 		isb
 1126              	@ 0 "" 2
 858:Middlewares/Third_Party/FreeRTOS/Source/queue.c **** 					}
 1127              		.loc 1 858 39 view .LVU351
 1128              	.LVL88:
 1129              		.thumb
 1130              		.syntax unified
 1131              	.L77:
 862:Middlewares/Third_Party/FreeRTOS/Source/queue.c **** 					}
 1132              		.loc 1 862 31 view .LVU352
 867:Middlewares/Third_Party/FreeRTOS/Source/queue.c **** 				return pdPASS;
 1133              		.loc 1 867 5 view .LVU353
 1134 009e FFF7FEFF 		bl	vPortExitCritical
 1135              	.LVL89:
 868:Middlewares/Third_Party/FreeRTOS/Source/queue.c **** 			}
 1136              		.loc 1 868 5 view .LVU354
 868:Middlewares/Third_Party/FreeRTOS/Source/queue.c **** 			}
 1137              		.loc 1 868 12 is_stmt 0 view .LVU355
 1138 00a2 0120     		movs	r0, #1
 1139              	.LVL90:
 1140              	.L64:
 947:Middlewares/Third_Party/FreeRTOS/Source/queue.c **** /*-----------------------------------------------------------*/
 1141              		.loc 1 947 1 view .LVU356
 1142 00a4 05B0     		add	sp, sp, #20
 1143              	.LCFI13:
ARM GAS  D:\TMP\ccboKuyk.s 			page 71


 1144              		.cfi_remember_state
 1145              		.cfi_def_cfa_offset 20
 1146              		@ sp needed
 1147 00a6 F0BD     		pop	{r4, r5, r6, r7, pc}
 1148              	.LVL91:
 1149              	.L90:
 1150              	.LCFI14:
 1151              		.cfi_restore_state
 839:Middlewares/Third_Party/FreeRTOS/Source/queue.c **** 						{
 1152              		.loc 1 839 7 is_stmt 1 view .LVU357
 839:Middlewares/Third_Party/FreeRTOS/Source/queue.c **** 						{
 1153              		.loc 1 839 11 is_stmt 0 view .LVU358
 1154 00a8 04F12400 		add	r0, r4, #36
 1155              	.LVL92:
 839:Middlewares/Third_Party/FreeRTOS/Source/queue.c **** 						{
 1156              		.loc 1 839 11 view .LVU359
 1157 00ac FFF7FEFF 		bl	xTaskRemoveFromEventList
 1158              	.LVL93:
 839:Middlewares/Third_Party/FreeRTOS/Source/queue.c **** 						{
 1159              		.loc 1 839 9 discriminator 1 view .LVU360
 1160 00b0 0028     		cmp	r0, #0
 1161 00b2 F4D0     		beq	.L77
 845:Middlewares/Third_Party/FreeRTOS/Source/queue.c **** 						}
 1162              		.loc 1 845 8 is_stmt 1 view .LVU361
 1163 00b4 4FF0E023 		mov	r3, #-536813568
 1164 00b8 4FF08052 		mov	r2, #268435456
 1165 00bc C3F8042D 		str	r2, [r3, #3332]
 845:Middlewares/Third_Party/FreeRTOS/Source/queue.c **** 						}
 1166              		.loc 1 845 8 view .LVU362
 1167              		.syntax unified
 1168              	@ 845 "Middlewares/Third_Party/FreeRTOS/Source/queue.c" 1
 1169 00c0 BFF34F8F 		dsb
 1170              	@ 0 "" 2
 845:Middlewares/Third_Party/FreeRTOS/Source/queue.c **** 						}
 1171              		.loc 1 845 8 view .LVU363
 1172              	@ 845 "Middlewares/Third_Party/FreeRTOS/Source/queue.c" 1
 1173 00c4 BFF36F8F 		isb
 1174              	@ 0 "" 2
 845:Middlewares/Third_Party/FreeRTOS/Source/queue.c **** 						}
 1175              		.loc 1 845 40 view .LVU364
 1176              		.thumb
 1177              		.syntax unified
 1178 00c8 E9E7     		b	.L77
 1179              	.LVL94:
 1180              	.L91:
 876:Middlewares/Third_Party/FreeRTOS/Source/queue.c **** 
 1181              		.loc 1 876 6 view .LVU365
 1182 00ca FFF7FEFF 		bl	vPortExitCritical
 1183              	.LVL95:
 880:Middlewares/Third_Party/FreeRTOS/Source/queue.c **** 					return errQUEUE_FULL;
 1184              		.loc 1 880 39 view .LVU366
 881:Middlewares/Third_Party/FreeRTOS/Source/queue.c **** 				}
 1185              		.loc 1 881 6 view .LVU367
 881:Middlewares/Third_Party/FreeRTOS/Source/queue.c **** 				}
 1186              		.loc 1 881 13 is_stmt 0 view .LVU368
 1187 00ce 0020     		movs	r0, #0
 1188 00d0 E8E7     		b	.L64
ARM GAS  D:\TMP\ccboKuyk.s 			page 72


 1189              	.L92:
 887:Middlewares/Third_Party/FreeRTOS/Source/queue.c **** 					xEntryTimeSet = pdTRUE;
 1190              		.loc 1 887 6 is_stmt 1 view .LVU369
 1191 00d2 02A8     		add	r0, sp, #8
 1192 00d4 FFF7FEFF 		bl	vTaskInternalSetTimeOutState
 1193              	.LVL96:
 888:Middlewares/Third_Party/FreeRTOS/Source/queue.c **** 				}
 1194              		.loc 1 888 6 view .LVU370
 888:Middlewares/Third_Party/FreeRTOS/Source/queue.c **** 				}
 1195              		.loc 1 888 20 is_stmt 0 view .LVU371
 1196 00d8 0126     		movs	r6, #1
 1197 00da 19E0     		b	.L80
 1198              	.LVL97:
 1199              	.L93:
 903:Middlewares/Third_Party/FreeRTOS/Source/queue.c **** 
 1200              		.loc 1 903 3 is_stmt 1 discriminator 1 view .LVU372
 1201 00dc 0023     		movs	r3, #0
 1202 00de 84F84430 		strb	r3, [r4, #68]
 1203 00e2 21E0     		b	.L81
 1204              	.L94:
 903:Middlewares/Third_Party/FreeRTOS/Source/queue.c **** 
 1205              		.loc 1 903 3 discriminator 4 view .LVU373
 1206 00e4 0023     		movs	r3, #0
 1207 00e6 84F84530 		strb	r3, [r4, #69]
 1208 00ea 23E0     		b	.L82
 1209              	.L84:
 933:Middlewares/Third_Party/FreeRTOS/Source/queue.c **** 				( void ) xTaskResumeAll();
 1210              		.loc 1 933 5 view .LVU374
 1211 00ec 2046     		mov	r0, r4
 1212 00ee FFF7FEFF 		bl	prvUnlockQueue
 1213              	.LVL98:
 934:Middlewares/Third_Party/FreeRTOS/Source/queue.c **** 			}
 1214              		.loc 1 934 5 view .LVU375
 934:Middlewares/Third_Party/FreeRTOS/Source/queue.c **** 			}
 1215              		.loc 1 934 14 is_stmt 0 view .LVU376
 1216 00f2 FFF7FEFF 		bl	xTaskResumeAll
 1217              	.LVL99:
 1218              	.L73:
 751:Middlewares/Third_Party/FreeRTOS/Source/queue.c **** 	}
 1219              		.loc 1 751 104 is_stmt 1 discriminator 8 view .LVU377
 759:Middlewares/Third_Party/FreeRTOS/Source/queue.c **** 	{
 1220              		.loc 1 759 2 view .LVU378
 761:Middlewares/Third_Party/FreeRTOS/Source/queue.c **** 		{
 1221              		.loc 1 761 3 view .LVU379
 1222 00f6 FFF7FEFF 		bl	vPortEnterCritical
 1223              	.LVL100:
 767:Middlewares/Third_Party/FreeRTOS/Source/queue.c **** 			{
 1224              		.loc 1 767 4 view .LVU380
 767:Middlewares/Third_Party/FreeRTOS/Source/queue.c **** 			{
 1225              		.loc 1 767 17 is_stmt 0 view .LVU381
 1226 00fa A26B     		ldr	r2, [r4, #56]
 767:Middlewares/Third_Party/FreeRTOS/Source/queue.c **** 			{
 1227              		.loc 1 767 46 view .LVU382
 1228 00fc E36B     		ldr	r3, [r4, #60]
 767:Middlewares/Third_Party/FreeRTOS/Source/queue.c **** 			{
 1229              		.loc 1 767 6 view .LVU383
 1230 00fe 9A42     		cmp	r2, r3
ARM GAS  D:\TMP\ccboKuyk.s 			page 73


 1231 0100 BBD3     		bcc	.L74
 767:Middlewares/Third_Party/FreeRTOS/Source/queue.c **** 			{
 1232              		.loc 1 767 59 discriminator 1 view .LVU384
 1233 0102 022D     		cmp	r5, #2
 1234 0104 B9D0     		beq	.L74
 872:Middlewares/Third_Party/FreeRTOS/Source/queue.c **** 				{
 1235              		.loc 1 872 5 is_stmt 1 view .LVU385
 872:Middlewares/Third_Party/FreeRTOS/Source/queue.c **** 				{
 1236              		.loc 1 872 22 is_stmt 0 view .LVU386
 1237 0106 019B     		ldr	r3, [sp, #4]
 872:Middlewares/Third_Party/FreeRTOS/Source/queue.c **** 				{
 1238              		.loc 1 872 7 view .LVU387
 1239 0108 002B     		cmp	r3, #0
 1240 010a DED0     		beq	.L91
 883:Middlewares/Third_Party/FreeRTOS/Source/queue.c **** 				{
 1241              		.loc 1 883 10 is_stmt 1 view .LVU388
 883:Middlewares/Third_Party/FreeRTOS/Source/queue.c **** 				{
 1242              		.loc 1 883 12 is_stmt 0 view .LVU389
 1243 010c 002E     		cmp	r6, #0
 1244 010e E0D0     		beq	.L92
 1245              	.LVL101:
 1246              	.L80:
 893:Middlewares/Third_Party/FreeRTOS/Source/queue.c **** 				}
 1247              		.loc 1 893 30 is_stmt 1 view .LVU390
 897:Middlewares/Third_Party/FreeRTOS/Source/queue.c **** 
 1248              		.loc 1 897 3 view .LVU391
 1249 0110 FFF7FEFF 		bl	vPortExitCritical
 1250              	.LVL102:
 902:Middlewares/Third_Party/FreeRTOS/Source/queue.c **** 		prvLockQueue( pxQueue );
 1251              		.loc 1 902 3 view .LVU392
 1252 0114 FFF7FEFF 		bl	vTaskSuspendAll
 1253              	.LVL103:
 903:Middlewares/Third_Party/FreeRTOS/Source/queue.c **** 
 1254              		.loc 1 903 3 view .LVU393
 1255 0118 FFF7FEFF 		bl	vPortEnterCritical
 1256              	.LVL104:
 903:Middlewares/Third_Party/FreeRTOS/Source/queue.c **** 
 1257              		.loc 1 903 3 discriminator 1 view .LVU394
 1258 011c 94F84420 		ldrb	r2, [r4, #68]	@ zero_extendqisi2
 1259 0120 52B2     		sxtb	r2, r2
 1260 0122 B2F1FF3F 		cmp	r2, #-1
 1261 0126 D9D0     		beq	.L93
 1262              	.L81:
 903:Middlewares/Third_Party/FreeRTOS/Source/queue.c **** 
 1263              		.loc 1 903 3 discriminator 3 view .LVU395
 1264 0128 94F84520 		ldrb	r2, [r4, #69]	@ zero_extendqisi2
 1265 012c 52B2     		sxtb	r2, r2
 1266 012e B2F1FF3F 		cmp	r2, #-1
 1267 0132 D7D0     		beq	.L94
 1268              	.L82:
 903:Middlewares/Third_Party/FreeRTOS/Source/queue.c **** 
 1269              		.loc 1 903 3 discriminator 6 view .LVU396
 1270 0134 FFF7FEFF 		bl	vPortExitCritical
 1271              	.LVL105:
 906:Middlewares/Third_Party/FreeRTOS/Source/queue.c **** 		{
 1272              		.loc 1 906 3 view .LVU397
 906:Middlewares/Third_Party/FreeRTOS/Source/queue.c **** 		{
ARM GAS  D:\TMP\ccboKuyk.s 			page 74


 1273              		.loc 1 906 7 is_stmt 0 view .LVU398
 1274 0138 01A9     		add	r1, sp, #4
 1275 013a 02A8     		add	r0, sp, #8
 1276 013c FFF7FEFF 		bl	xTaskCheckForTimeOut
 1277              	.LVL106:
 906:Middlewares/Third_Party/FreeRTOS/Source/queue.c **** 		{
 1278              		.loc 1 906 5 discriminator 1 view .LVU399
 1279 0140 D8B9     		cbnz	r0, .L83
 908:Middlewares/Third_Party/FreeRTOS/Source/queue.c **** 			{
 1280              		.loc 1 908 4 is_stmt 1 view .LVU400
 908:Middlewares/Third_Party/FreeRTOS/Source/queue.c **** 			{
 1281              		.loc 1 908 8 is_stmt 0 view .LVU401
 1282 0142 2046     		mov	r0, r4
 1283 0144 FFF7FEFF 		bl	prvIsQueueFull
 1284              	.LVL107:
 908:Middlewares/Third_Party/FreeRTOS/Source/queue.c **** 			{
 1285              		.loc 1 908 6 discriminator 1 view .LVU402
 1286 0148 0028     		cmp	r0, #0
 1287 014a CFD0     		beq	.L84
 910:Middlewares/Third_Party/FreeRTOS/Source/queue.c **** 				vTaskPlaceOnEventList( &( pxQueue->xTasksWaitingToSend ), xTicksToWait );
 1288              		.loc 1 910 43 is_stmt 1 view .LVU403
 911:Middlewares/Third_Party/FreeRTOS/Source/queue.c **** 
 1289              		.loc 1 911 5 view .LVU404
 1290 014c 0199     		ldr	r1, [sp, #4]
 1291 014e 04F11000 		add	r0, r4, #16
 1292 0152 FFF7FEFF 		bl	vTaskPlaceOnEventList
 1293              	.LVL108:
 918:Middlewares/Third_Party/FreeRTOS/Source/queue.c **** 
 1294              		.loc 1 918 5 view .LVU405
 1295 0156 2046     		mov	r0, r4
 1296 0158 FFF7FEFF 		bl	prvUnlockQueue
 1297              	.LVL109:
 925:Middlewares/Third_Party/FreeRTOS/Source/queue.c **** 				{
 1298              		.loc 1 925 5 view .LVU406
 925:Middlewares/Third_Party/FreeRTOS/Source/queue.c **** 				{
 1299              		.loc 1 925 9 is_stmt 0 view .LVU407
 1300 015c FFF7FEFF 		bl	xTaskResumeAll
 1301              	.LVL110:
 925:Middlewares/Third_Party/FreeRTOS/Source/queue.c **** 				{
 1302              		.loc 1 925 7 discriminator 1 view .LVU408
 1303 0160 0028     		cmp	r0, #0
 1304 0162 C8D1     		bne	.L73
 927:Middlewares/Third_Party/FreeRTOS/Source/queue.c **** 				}
 1305              		.loc 1 927 6 is_stmt 1 view .LVU409
 1306 0164 4FF0E023 		mov	r3, #-536813568
 1307 0168 4FF08052 		mov	r2, #268435456
 1308 016c C3F8042D 		str	r2, [r3, #3332]
 927:Middlewares/Third_Party/FreeRTOS/Source/queue.c **** 				}
 1309              		.loc 1 927 6 view .LVU410
 1310              		.syntax unified
 1311              	@ 927 "Middlewares/Third_Party/FreeRTOS/Source/queue.c" 1
 1312 0170 BFF34F8F 		dsb
 1313              	@ 0 "" 2
 927:Middlewares/Third_Party/FreeRTOS/Source/queue.c **** 				}
 1314              		.loc 1 927 6 view .LVU411
 1315              	@ 927 "Middlewares/Third_Party/FreeRTOS/Source/queue.c" 1
 1316 0174 BFF36F8F 		isb
ARM GAS  D:\TMP\ccboKuyk.s 			page 75


 1317              	@ 0 "" 2
 1318              		.thumb
 1319              		.syntax unified
 1320 0178 BDE7     		b	.L73
 1321              	.L83:
 940:Middlewares/Third_Party/FreeRTOS/Source/queue.c **** 			( void ) xTaskResumeAll();
 1322              		.loc 1 940 4 view .LVU412
 1323 017a 2046     		mov	r0, r4
 1324 017c FFF7FEFF 		bl	prvUnlockQueue
 1325              	.LVL111:
 941:Middlewares/Third_Party/FreeRTOS/Source/queue.c **** 
 1326              		.loc 1 941 4 view .LVU413
 941:Middlewares/Third_Party/FreeRTOS/Source/queue.c **** 
 1327              		.loc 1 941 13 is_stmt 0 view .LVU414
 1328 0180 FFF7FEFF 		bl	xTaskResumeAll
 1329              	.LVL112:
 943:Middlewares/Third_Party/FreeRTOS/Source/queue.c **** 			return errQUEUE_FULL;
 1330              		.loc 1 943 37 is_stmt 1 view .LVU415
 944:Middlewares/Third_Party/FreeRTOS/Source/queue.c **** 		}
 1331              		.loc 1 944 4 view .LVU416
 944:Middlewares/Third_Party/FreeRTOS/Source/queue.c **** 		}
 1332              		.loc 1 944 11 is_stmt 0 view .LVU417
 1333 0184 0020     		movs	r0, #0
 1334 0186 8DE7     		b	.L64
 1335              		.cfi_endproc
 1336              	.LFE13:
 1338              		.section	.text.prvInitialiseMutex,"ax",%progbits
 1339              		.align	1
 1340              		.syntax unified
 1341              		.thumb
 1342              		.thumb_func
 1344              	prvInitialiseMutex:
 1345              	.LVL113:
 1346              	.LFB8:
 467:Middlewares/Third_Party/FreeRTOS/Source/queue.c **** 		if( pxNewQueue != NULL )
 1347              		.loc 1 467 2 is_stmt 1 view -0
 1348              		.cfi_startproc
 1349              		@ args = 0, pretend = 0, frame = 0
 1350              		@ frame_needed = 0, uses_anonymous_args = 0
 468:Middlewares/Third_Party/FreeRTOS/Source/queue.c **** 		{
 1351              		.loc 1 468 3 view .LVU419
 468:Middlewares/Third_Party/FreeRTOS/Source/queue.c **** 		{
 1352              		.loc 1 468 5 is_stmt 0 view .LVU420
 1353 0000 48B1     		cbz	r0, .L98
 467:Middlewares/Third_Party/FreeRTOS/Source/queue.c **** 		if( pxNewQueue != NULL )
 1354              		.loc 1 467 2 view .LVU421
 1355 0002 08B5     		push	{r3, lr}
 1356              	.LCFI15:
 1357              		.cfi_def_cfa_offset 8
 1358              		.cfi_offset 3, -8
 1359              		.cfi_offset 14, -4
 474:Middlewares/Third_Party/FreeRTOS/Source/queue.c **** 			pxNewQueue->uxQueueType = queueQUEUE_IS_MUTEX;
 1360              		.loc 1 474 4 is_stmt 1 view .LVU422
 474:Middlewares/Third_Party/FreeRTOS/Source/queue.c **** 			pxNewQueue->uxQueueType = queueQUEUE_IS_MUTEX;
 1361              		.loc 1 474 42 is_stmt 0 view .LVU423
 1362 0004 0021     		movs	r1, #0
 1363 0006 8160     		str	r1, [r0, #8]
ARM GAS  D:\TMP\ccboKuyk.s 			page 76


 475:Middlewares/Third_Party/FreeRTOS/Source/queue.c **** 
 1364              		.loc 1 475 4 is_stmt 1 view .LVU424
 475:Middlewares/Third_Party/FreeRTOS/Source/queue.c **** 
 1365              		.loc 1 475 28 is_stmt 0 view .LVU425
 1366 0008 0160     		str	r1, [r0]
 478:Middlewares/Third_Party/FreeRTOS/Source/queue.c **** 
 1367              		.loc 1 478 4 is_stmt 1 view .LVU426
 478:Middlewares/Third_Party/FreeRTOS/Source/queue.c **** 
 1368              		.loc 1 478 50 is_stmt 0 view .LVU427
 1369 000a C160     		str	r1, [r0, #12]
 480:Middlewares/Third_Party/FreeRTOS/Source/queue.c **** 
 1370              		.loc 1 480 35 is_stmt 1 view .LVU428
 483:Middlewares/Third_Party/FreeRTOS/Source/queue.c **** 		}
 1371              		.loc 1 483 4 view .LVU429
 483:Middlewares/Third_Party/FreeRTOS/Source/queue.c **** 		}
 1372              		.loc 1 483 13 is_stmt 0 view .LVU430
 1373 000c 0B46     		mov	r3, r1
 1374 000e 0A46     		mov	r2, r1
 1375 0010 FFF7FEFF 		bl	xQueueGenericSend
 1376              	.LVL114:
 487:Middlewares/Third_Party/FreeRTOS/Source/queue.c **** 		}
 1377              		.loc 1 487 30 is_stmt 1 view .LVU431
 489:Middlewares/Third_Party/FreeRTOS/Source/queue.c **** 
 1378              		.loc 1 489 2 is_stmt 0 view .LVU432
 1379 0014 08BD     		pop	{r3, pc}
 1380              	.LVL115:
 1381              	.L98:
 1382              	.LCFI16:
 1383              		.cfi_def_cfa_offset 0
 1384              		.cfi_restore 3
 1385              		.cfi_restore 14
 489:Middlewares/Third_Party/FreeRTOS/Source/queue.c **** 
 1386              		.loc 1 489 2 view .LVU433
 1387 0016 7047     		bx	lr
 1388              		.cfi_endproc
 1389              	.LFE8:
 1391              		.section	.text.xQueueCreateMutex,"ax",%progbits
 1392              		.align	1
 1393              		.global	xQueueCreateMutex
 1394              		.syntax unified
 1395              		.thumb
 1396              		.thumb_func
 1398              	xQueueCreateMutex:
 1399              	.LVL116:
 1400              	.LFB9:
 497:Middlewares/Third_Party/FreeRTOS/Source/queue.c **** 	QueueHandle_t xNewQueue;
 1401              		.loc 1 497 2 is_stmt 1 view -0
 1402              		.cfi_startproc
 1403              		@ args = 0, pretend = 0, frame = 0
 1404              		@ frame_needed = 0, uses_anonymous_args = 0
 497:Middlewares/Third_Party/FreeRTOS/Source/queue.c **** 	QueueHandle_t xNewQueue;
 1405              		.loc 1 497 2 is_stmt 0 view .LVU435
 1406 0000 10B5     		push	{r4, lr}
 1407              	.LCFI17:
 1408              		.cfi_def_cfa_offset 8
 1409              		.cfi_offset 4, -8
 1410              		.cfi_offset 14, -4
ARM GAS  D:\TMP\ccboKuyk.s 			page 77


 1411 0002 0246     		mov	r2, r0
 498:Middlewares/Third_Party/FreeRTOS/Source/queue.c **** 	const UBaseType_t uxMutexLength = ( UBaseType_t ) 1, uxMutexSize = ( UBaseType_t ) 0;
 1412              		.loc 1 498 2 is_stmt 1 view .LVU436
 499:Middlewares/Third_Party/FreeRTOS/Source/queue.c **** 
 1413              		.loc 1 499 2 view .LVU437
 1414              	.LVL117:
 501:Middlewares/Third_Party/FreeRTOS/Source/queue.c **** 		prvInitialiseMutex( ( Queue_t * ) xNewQueue );
 1415              		.loc 1 501 3 view .LVU438
 501:Middlewares/Third_Party/FreeRTOS/Source/queue.c **** 		prvInitialiseMutex( ( Queue_t * ) xNewQueue );
 1416              		.loc 1 501 15 is_stmt 0 view .LVU439
 1417 0004 0021     		movs	r1, #0
 1418 0006 0120     		movs	r0, #1
 1419              	.LVL118:
 501:Middlewares/Third_Party/FreeRTOS/Source/queue.c **** 		prvInitialiseMutex( ( Queue_t * ) xNewQueue );
 1420              		.loc 1 501 15 view .LVU440
 1421 0008 FFF7FEFF 		bl	xQueueGenericCreate
 1422              	.LVL119:
 501:Middlewares/Third_Party/FreeRTOS/Source/queue.c **** 		prvInitialiseMutex( ( Queue_t * ) xNewQueue );
 1423              		.loc 1 501 15 view .LVU441
 1424 000c 0446     		mov	r4, r0
 1425              	.LVL120:
 502:Middlewares/Third_Party/FreeRTOS/Source/queue.c **** 
 1426              		.loc 1 502 3 is_stmt 1 view .LVU442
 1427 000e FFF7FEFF 		bl	prvInitialiseMutex
 1428              	.LVL121:
 504:Middlewares/Third_Party/FreeRTOS/Source/queue.c **** 	}
 1429              		.loc 1 504 3 view .LVU443
 505:Middlewares/Third_Party/FreeRTOS/Source/queue.c **** 
 1430              		.loc 1 505 2 is_stmt 0 view .LVU444
 1431 0012 2046     		mov	r0, r4
 1432 0014 10BD     		pop	{r4, pc}
 505:Middlewares/Third_Party/FreeRTOS/Source/queue.c **** 
 1433              		.loc 1 505 2 view .LVU445
 1434              		.cfi_endproc
 1435              	.LFE9:
 1437              		.section	.text.xQueueGiveMutexRecursive,"ax",%progbits
 1438              		.align	1
 1439              		.global	xQueueGiveMutexRecursive
 1440              		.syntax unified
 1441              		.thumb
 1442              		.thumb_func
 1444              	xQueueGiveMutexRecursive:
 1445              	.LVL122:
 1446              	.LFB10:
 590:Middlewares/Third_Party/FreeRTOS/Source/queue.c **** 	BaseType_t xReturn;
 1447              		.loc 1 590 2 is_stmt 1 view -0
 1448              		.cfi_startproc
 1449              		@ args = 0, pretend = 0, frame = 0
 1450              		@ frame_needed = 0, uses_anonymous_args = 0
 590:Middlewares/Third_Party/FreeRTOS/Source/queue.c **** 	BaseType_t xReturn;
 1451              		.loc 1 590 2 is_stmt 0 view .LVU447
 1452 0000 38B5     		push	{r3, r4, r5, lr}
 1453              	.LCFI18:
 1454              		.cfi_def_cfa_offset 16
 1455              		.cfi_offset 3, -16
 1456              		.cfi_offset 4, -12
 1457              		.cfi_offset 5, -8
ARM GAS  D:\TMP\ccboKuyk.s 			page 78


 1458              		.cfi_offset 14, -4
 591:Middlewares/Third_Party/FreeRTOS/Source/queue.c **** 	Queue_t * const pxMutex = ( Queue_t * ) xMutex;
 1459              		.loc 1 591 2 is_stmt 1 view .LVU448
 592:Middlewares/Third_Party/FreeRTOS/Source/queue.c **** 
 1460              		.loc 1 592 2 view .LVU449
 1461              	.LVL123:
 594:Middlewares/Third_Party/FreeRTOS/Source/queue.c **** 
 1462              		.loc 1 594 3 view .LVU450
 1463 0002 38B1     		cbz	r0, .L110
 1464 0004 0446     		mov	r4, r0
 594:Middlewares/Third_Party/FreeRTOS/Source/queue.c **** 
 1465              		.loc 1 594 26 discriminator 2 view .LVU451
 602:Middlewares/Third_Party/FreeRTOS/Source/queue.c **** 		{
 1466              		.loc 1 602 3 view .LVU452
 602:Middlewares/Third_Party/FreeRTOS/Source/queue.c **** 		{
 1467              		.loc 1 602 28 is_stmt 0 view .LVU453
 1468 0006 8568     		ldr	r5, [r0, #8]
 602:Middlewares/Third_Party/FreeRTOS/Source/queue.c **** 		{
 1469              		.loc 1 602 45 view .LVU454
 1470 0008 FFF7FEFF 		bl	xTaskGetCurrentTaskHandle
 1471              	.LVL124:
 602:Middlewares/Third_Party/FreeRTOS/Source/queue.c **** 		{
 1472              		.loc 1 602 5 discriminator 1 view .LVU455
 1473 000c 8542     		cmp	r5, r0
 1474 000e 0AD0     		beq	.L111
 631:Middlewares/Third_Party/FreeRTOS/Source/queue.c **** 
 1475              		.loc 1 631 12 view .LVU456
 1476 0010 0020     		movs	r0, #0
 1477              	.L103:
 637:Middlewares/Third_Party/FreeRTOS/Source/queue.c **** 
 1478              		.loc 1 637 2 view .LVU457
 1479 0012 38BD     		pop	{r3, r4, r5, pc}
 1480              	.LVL125:
 1481              	.L110:
 594:Middlewares/Third_Party/FreeRTOS/Source/queue.c **** 
 1482              		.loc 1 594 3 is_stmt 1 discriminator 1 view .LVU458
 1483              	.LBB119:
 1484              	.LBI119:
 193:Middlewares/Third_Party/FreeRTOS/Source/portable/GCC/ARM_CM3/portmacro.h **** {
 1485              		.loc 2 193 30 view .LVU459
 1486              	.LBB120:
 195:Middlewares/Third_Party/FreeRTOS/Source/portable/GCC/ARM_CM3/portmacro.h **** 
 1487              		.loc 2 195 1 view .LVU460
 1488              		.loc 2 197 2 view .LVU461
 1489              		.syntax unified
 1490              	@ 197 "Middlewares/Third_Party/FreeRTOS/Source/portable/GCC/ARM_CM3/portmacro.h" 1
 1491 0014 4FF02003 			mov r3, #32												
 1492 0018 83F31188 		msr basepri, r3											
 1493 001c BFF36F8F 		isb														
 1494 0020 BFF34F8F 		dsb														
 1495              	
 1496              	@ 0 "" 2
 1497              		.thumb
 1498              		.syntax unified
 1499              	.L105:
 1500              	.LBE120:
 1501              	.LBE119:
ARM GAS  D:\TMP\ccboKuyk.s 			page 79


 594:Middlewares/Third_Party/FreeRTOS/Source/queue.c **** 
 1502              		.loc 1 594 3 discriminator 3 view .LVU462
 594:Middlewares/Third_Party/FreeRTOS/Source/queue.c **** 
 1503              		.loc 1 594 3 discriminator 3 view .LVU463
 594:Middlewares/Third_Party/FreeRTOS/Source/queue.c **** 
 1504              		.loc 1 594 3 discriminator 3 view .LVU464
 1505 0024 FEE7     		b	.L105
 1506              	.LVL126:
 1507              	.L111:
 604:Middlewares/Third_Party/FreeRTOS/Source/queue.c **** 
 1508              		.loc 1 604 40 view .LVU465
 611:Middlewares/Third_Party/FreeRTOS/Source/queue.c **** 
 1509              		.loc 1 611 4 view .LVU466
 611:Middlewares/Third_Party/FreeRTOS/Source/queue.c **** 
 1510              		.loc 1 611 27 is_stmt 0 view .LVU467
 1511 0026 E368     		ldr	r3, [r4, #12]
 611:Middlewares/Third_Party/FreeRTOS/Source/queue.c **** 
 1512              		.loc 1 611 50 view .LVU468
 1513 0028 013B     		subs	r3, r3, #1
 1514 002a E360     		str	r3, [r4, #12]
 614:Middlewares/Third_Party/FreeRTOS/Source/queue.c **** 			{
 1515              		.loc 1 614 4 is_stmt 1 view .LVU469
 614:Middlewares/Third_Party/FreeRTOS/Source/queue.c **** 			{
 1516              		.loc 1 614 6 is_stmt 0 view .LVU470
 1517 002c 0BB1     		cbz	r3, .L112
 625:Middlewares/Third_Party/FreeRTOS/Source/queue.c **** 		}
 1518              		.loc 1 625 12 view .LVU471
 1519 002e 0120     		movs	r0, #1
 1520              	.LVL127:
 633:Middlewares/Third_Party/FreeRTOS/Source/queue.c **** 		}
 1521              		.loc 1 633 47 is_stmt 1 view .LVU472
 636:Middlewares/Third_Party/FreeRTOS/Source/queue.c **** 	}
 1522              		.loc 1 636 3 view .LVU473
 636:Middlewares/Third_Party/FreeRTOS/Source/queue.c **** 	}
 1523              		.loc 1 636 10 is_stmt 0 view .LVU474
 1524 0030 EFE7     		b	.L103
 1525              	.LVL128:
 1526              	.L112:
 618:Middlewares/Third_Party/FreeRTOS/Source/queue.c **** 			}
 1527              		.loc 1 618 5 is_stmt 1 view .LVU475
 618:Middlewares/Third_Party/FreeRTOS/Source/queue.c **** 			}
 1528              		.loc 1 618 14 is_stmt 0 view .LVU476
 1529 0032 1A46     		mov	r2, r3
 1530 0034 1946     		mov	r1, r3
 1531 0036 2046     		mov	r0, r4
 1532 0038 FFF7FEFF 		bl	xQueueGenericSend
 1533              	.LVL129:
 625:Middlewares/Third_Party/FreeRTOS/Source/queue.c **** 		}
 1534              		.loc 1 625 12 view .LVU477
 1535 003c 0120     		movs	r0, #1
 1536 003e E8E7     		b	.L103
 1537              		.cfi_endproc
 1538              	.LFE10:
 1540              		.section	.text.xQueueGenericSendFromISR,"ax",%progbits
 1541              		.align	1
 1542              		.global	xQueueGenericSendFromISR
 1543              		.syntax unified
ARM GAS  D:\TMP\ccboKuyk.s 			page 80


 1544              		.thumb
 1545              		.thumb_func
 1547              	xQueueGenericSendFromISR:
 1548              	.LVL130:
 1549              	.LFB14:
 951:Middlewares/Third_Party/FreeRTOS/Source/queue.c **** BaseType_t xReturn;
 1550              		.loc 1 951 1 is_stmt 1 view -0
 1551              		.cfi_startproc
 1552              		@ args = 0, pretend = 0, frame = 0
 1553              		@ frame_needed = 0, uses_anonymous_args = 0
 951:Middlewares/Third_Party/FreeRTOS/Source/queue.c **** BaseType_t xReturn;
 1554              		.loc 1 951 1 is_stmt 0 view .LVU479
 1555 0000 2DE9F843 		push	{r3, r4, r5, r6, r7, r8, r9, lr}
 1556              	.LCFI19:
 1557              		.cfi_def_cfa_offset 32
 1558              		.cfi_offset 3, -32
 1559              		.cfi_offset 4, -28
 1560              		.cfi_offset 5, -24
 1561              		.cfi_offset 6, -20
 1562              		.cfi_offset 7, -16
 1563              		.cfi_offset 8, -12
 1564              		.cfi_offset 9, -8
 1565              		.cfi_offset 14, -4
 952:Middlewares/Third_Party/FreeRTOS/Source/queue.c **** UBaseType_t uxSavedInterruptStatus;
 1566              		.loc 1 952 1 is_stmt 1 view .LVU480
 953:Middlewares/Third_Party/FreeRTOS/Source/queue.c **** Queue_t * const pxQueue = xQueue;
 1567              		.loc 1 953 1 view .LVU481
 954:Middlewares/Third_Party/FreeRTOS/Source/queue.c **** 
 1568              		.loc 1 954 1 view .LVU482
 1569              	.LVL131:
 956:Middlewares/Third_Party/FreeRTOS/Source/queue.c **** 	configASSERT( !( ( pvItemToQueue == NULL ) && ( pxQueue->uxItemSize != ( UBaseType_t ) 0U ) ) );
 1570              		.loc 1 956 2 view .LVU483
 1571 0004 90B1     		cbz	r0, .L128
 1572 0006 0F46     		mov	r7, r1
 1573 0008 1646     		mov	r6, r2
 1574 000a 1C46     		mov	r4, r3
 1575 000c 0546     		mov	r5, r0
 956:Middlewares/Third_Party/FreeRTOS/Source/queue.c **** 	configASSERT( !( ( pvItemToQueue == NULL ) && ( pxQueue->uxItemSize != ( UBaseType_t ) 0U ) ) );
 1576              		.loc 1 956 25 discriminator 2 view .LVU484
 957:Middlewares/Third_Party/FreeRTOS/Source/queue.c **** 	configASSERT( !( ( xCopyPosition == queueOVERWRITE ) && ( pxQueue->uxLength != 1 ) ) );
 1577              		.loc 1 957 2 view .LVU485
 1578 000e B1B1     		cbz	r1, .L129
 1579              	.LVL132:
 1580              	.L116:
 957:Middlewares/Third_Party/FreeRTOS/Source/queue.c **** 	configASSERT( !( ( xCopyPosition == queueOVERWRITE ) && ( pxQueue->uxLength != 1 ) ) );
 1581              		.loc 1 957 97 discriminator 8 view .LVU486
 958:Middlewares/Third_Party/FreeRTOS/Source/queue.c **** 
 1582              		.loc 1 958 2 view .LVU487
 1583 0010 022C     		cmp	r4, #2
 1584 0012 20D1     		bne	.L118
 958:Middlewares/Third_Party/FreeRTOS/Source/queue.c **** 
 1585              		.loc 1 958 2 is_stmt 0 discriminator 2 view .LVU488
 1586 0014 EB6B     		ldr	r3, [r5, #60]
 1587 0016 012B     		cmp	r3, #1
 1588 0018 1DD0     		beq	.L118
 958:Middlewares/Third_Party/FreeRTOS/Source/queue.c **** 
 1589              		.loc 1 958 2 is_stmt 1 discriminator 7 view .LVU489
ARM GAS  D:\TMP\ccboKuyk.s 			page 81


 1590              	.LBB121:
 1591              	.LBI121:
 193:Middlewares/Third_Party/FreeRTOS/Source/portable/GCC/ARM_CM3/portmacro.h **** {
 1592              		.loc 2 193 30 view .LVU490
 1593              	.LBB122:
 195:Middlewares/Third_Party/FreeRTOS/Source/portable/GCC/ARM_CM3/portmacro.h **** 
 1594              		.loc 2 195 1 view .LVU491
 1595              		.loc 2 197 2 view .LVU492
 1596              		.syntax unified
 1597              	@ 197 "Middlewares/Third_Party/FreeRTOS/Source/portable/GCC/ARM_CM3/portmacro.h" 1
 1598 001a 4FF02003 			mov r3, #32												
 1599 001e 83F31188 		msr basepri, r3											
 1600 0022 BFF36F8F 		isb														
 1601 0026 BFF34F8F 		dsb														
 1602              	
 1603              	@ 0 "" 2
 1604              		.thumb
 1605              		.syntax unified
 1606              	.L119:
 1607              	.LBE122:
 1608              	.LBE121:
 958:Middlewares/Third_Party/FreeRTOS/Source/queue.c **** 
 1609              		.loc 1 958 2 discriminator 9 view .LVU493
 958:Middlewares/Third_Party/FreeRTOS/Source/queue.c **** 
 1610              		.loc 1 958 2 discriminator 9 view .LVU494
 958:Middlewares/Third_Party/FreeRTOS/Source/queue.c **** 
 1611              		.loc 1 958 2 discriminator 9 view .LVU495
 1612 002a FEE7     		b	.L119
 1613              	.LVL133:
 1614              	.L128:
 956:Middlewares/Third_Party/FreeRTOS/Source/queue.c **** 	configASSERT( !( ( pvItemToQueue == NULL ) && ( pxQueue->uxItemSize != ( UBaseType_t ) 0U ) ) );
 1615              		.loc 1 956 2 discriminator 1 view .LVU496
 1616              	.LBB123:
 1617              	.LBI123:
 193:Middlewares/Third_Party/FreeRTOS/Source/portable/GCC/ARM_CM3/portmacro.h **** {
 1618              		.loc 2 193 30 view .LVU497
 1619              	.LBB124:
 195:Middlewares/Third_Party/FreeRTOS/Source/portable/GCC/ARM_CM3/portmacro.h **** 
 1620              		.loc 2 195 1 view .LVU498
 1621              		.loc 2 197 2 view .LVU499
 1622              		.syntax unified
 1623              	@ 197 "Middlewares/Third_Party/FreeRTOS/Source/portable/GCC/ARM_CM3/portmacro.h" 1
 1624 002c 4FF02003 			mov r3, #32												
 1625 0030 83F31188 		msr basepri, r3											
 1626 0034 BFF36F8F 		isb														
 1627 0038 BFF34F8F 		dsb														
 1628              	
 1629              	@ 0 "" 2
 1630              	.LVL134:
 1631              		.thumb
 1632              		.syntax unified
 1633              	.L115:
 1634              		.loc 2 197 2 is_stmt 0 view .LVU500
 1635              	.LBE124:
 1636              	.LBE123:
 956:Middlewares/Third_Party/FreeRTOS/Source/queue.c **** 	configASSERT( !( ( pvItemToQueue == NULL ) && ( pxQueue->uxItemSize != ( UBaseType_t ) 0U ) ) );
 1637              		.loc 1 956 2 is_stmt 1 discriminator 3 view .LVU501
ARM GAS  D:\TMP\ccboKuyk.s 			page 82


 956:Middlewares/Third_Party/FreeRTOS/Source/queue.c **** 	configASSERT( !( ( pvItemToQueue == NULL ) && ( pxQueue->uxItemSize != ( UBaseType_t ) 0U ) ) );
 1638              		.loc 1 956 2 discriminator 3 view .LVU502
 956:Middlewares/Third_Party/FreeRTOS/Source/queue.c **** 	configASSERT( !( ( pvItemToQueue == NULL ) && ( pxQueue->uxItemSize != ( UBaseType_t ) 0U ) ) );
 1639              		.loc 1 956 2 discriminator 3 view .LVU503
 1640 003c FEE7     		b	.L115
 1641              	.LVL135:
 1642              	.L129:
 957:Middlewares/Third_Party/FreeRTOS/Source/queue.c **** 	configASSERT( !( ( xCopyPosition == queueOVERWRITE ) && ( pxQueue->uxLength != 1 ) ) );
 1643              		.loc 1 957 2 is_stmt 0 discriminator 2 view .LVU504
 1644 003e 036C     		ldr	r3, [r0, #64]
 1645              	.LVL136:
 957:Middlewares/Third_Party/FreeRTOS/Source/queue.c **** 	configASSERT( !( ( xCopyPosition == queueOVERWRITE ) && ( pxQueue->uxLength != 1 ) ) );
 1646              		.loc 1 957 2 discriminator 2 view .LVU505
 1647 0040 002B     		cmp	r3, #0
 1648 0042 E5D0     		beq	.L116
 957:Middlewares/Third_Party/FreeRTOS/Source/queue.c **** 	configASSERT( !( ( xCopyPosition == queueOVERWRITE ) && ( pxQueue->uxLength != 1 ) ) );
 1649              		.loc 1 957 2 is_stmt 1 discriminator 7 view .LVU506
 1650              	.LBB125:
 1651              	.LBI125:
 193:Middlewares/Third_Party/FreeRTOS/Source/portable/GCC/ARM_CM3/portmacro.h **** {
 1652              		.loc 2 193 30 view .LVU507
 1653              	.LBB126:
 195:Middlewares/Third_Party/FreeRTOS/Source/portable/GCC/ARM_CM3/portmacro.h **** 
 1654              		.loc 2 195 1 view .LVU508
 1655              		.loc 2 197 2 view .LVU509
 1656              		.syntax unified
 1657              	@ 197 "Middlewares/Third_Party/FreeRTOS/Source/portable/GCC/ARM_CM3/portmacro.h" 1
 1658 0044 4FF02003 			mov r3, #32												
 1659 0048 83F31188 		msr basepri, r3											
 1660 004c BFF36F8F 		isb														
 1661 0050 BFF34F8F 		dsb														
 1662              	
 1663              	@ 0 "" 2
 1664              		.thumb
 1665              		.syntax unified
 1666              	.L117:
 1667              	.LBE126:
 1668              	.LBE125:
 957:Middlewares/Third_Party/FreeRTOS/Source/queue.c **** 	configASSERT( !( ( xCopyPosition == queueOVERWRITE ) && ( pxQueue->uxLength != 1 ) ) );
 1669              		.loc 1 957 2 discriminator 9 view .LVU510
 957:Middlewares/Third_Party/FreeRTOS/Source/queue.c **** 	configASSERT( !( ( xCopyPosition == queueOVERWRITE ) && ( pxQueue->uxLength != 1 ) ) );
 1670              		.loc 1 957 2 discriminator 9 view .LVU511
 957:Middlewares/Third_Party/FreeRTOS/Source/queue.c **** 	configASSERT( !( ( xCopyPosition == queueOVERWRITE ) && ( pxQueue->uxLength != 1 ) ) );
 1671              		.loc 1 957 2 discriminator 9 view .LVU512
 1672 0054 FEE7     		b	.L117
 1673              	.L118:
 958:Middlewares/Third_Party/FreeRTOS/Source/queue.c **** 
 1674              		.loc 1 958 88 discriminator 8 view .LVU513
 974:Middlewares/Third_Party/FreeRTOS/Source/queue.c **** 
 1675              		.loc 1 974 2 view .LVU514
 1676 0056 FFF7FEFF 		bl	vPortValidateInterruptPriority
 1677              	.LVL137:
 981:Middlewares/Third_Party/FreeRTOS/Source/queue.c **** 	{
 1678              		.loc 1 981 2 view .LVU515
 1679              	.LBB127:
 1680              	.LBI127:
 198:Middlewares/Third_Party/FreeRTOS/Source/portable/GCC/ARM_CM3/portmacro.h **** 	(
ARM GAS  D:\TMP\ccboKuyk.s 			page 83


 199:Middlewares/Third_Party/FreeRTOS/Source/portable/GCC/ARM_CM3/portmacro.h **** 		"	mov %0, %1												\n" \
 200:Middlewares/Third_Party/FreeRTOS/Source/portable/GCC/ARM_CM3/portmacro.h **** 		"	msr basepri, %0											\n" \
 201:Middlewares/Third_Party/FreeRTOS/Source/portable/GCC/ARM_CM3/portmacro.h **** 		"	isb														\n" \
 202:Middlewares/Third_Party/FreeRTOS/Source/portable/GCC/ARM_CM3/portmacro.h **** 		"	dsb														\n" \
 203:Middlewares/Third_Party/FreeRTOS/Source/portable/GCC/ARM_CM3/portmacro.h **** 		:"=r" (ulNewBASEPRI) : "i" ( configMAX_SYSCALL_INTERRUPT_PRIORITY ) : "memory"
 204:Middlewares/Third_Party/FreeRTOS/Source/portable/GCC/ARM_CM3/portmacro.h **** 	);
 205:Middlewares/Third_Party/FreeRTOS/Source/portable/GCC/ARM_CM3/portmacro.h **** }
 206:Middlewares/Third_Party/FreeRTOS/Source/portable/GCC/ARM_CM3/portmacro.h **** 
 207:Middlewares/Third_Party/FreeRTOS/Source/portable/GCC/ARM_CM3/portmacro.h **** /*-----------------------------------------------------------*/
 208:Middlewares/Third_Party/FreeRTOS/Source/portable/GCC/ARM_CM3/portmacro.h **** 
 209:Middlewares/Third_Party/FreeRTOS/Source/portable/GCC/ARM_CM3/portmacro.h **** portFORCE_INLINE static uint32_t ulPortRaiseBASEPRI( void )
 1681              		.loc 2 209 34 view .LVU516
 1682              	.LBB128:
 210:Middlewares/Third_Party/FreeRTOS/Source/portable/GCC/ARM_CM3/portmacro.h **** {
 211:Middlewares/Third_Party/FreeRTOS/Source/portable/GCC/ARM_CM3/portmacro.h **** uint32_t ulOriginalBASEPRI, ulNewBASEPRI;
 1683              		.loc 2 211 1 view .LVU517
 212:Middlewares/Third_Party/FreeRTOS/Source/portable/GCC/ARM_CM3/portmacro.h **** 
 213:Middlewares/Third_Party/FreeRTOS/Source/portable/GCC/ARM_CM3/portmacro.h **** 	__asm volatile
 1684              		.loc 2 213 2 view .LVU518
 1685              		.syntax unified
 1686              	@ 213 "Middlewares/Third_Party/FreeRTOS/Source/portable/GCC/ARM_CM3/portmacro.h" 1
 1687 005a EFF31188 			mrs r8, basepri											
 1688 005e 4FF02003 		mov r3, #32												
 1689 0062 83F31188 		msr basepri, r3											
 1690 0066 BFF36F8F 		isb														
 1691 006a BFF34F8F 		dsb														
 1692              	
 1693              	@ 0 "" 2
 1694              	.LVL138:
 214:Middlewares/Third_Party/FreeRTOS/Source/portable/GCC/ARM_CM3/portmacro.h **** 	(
 215:Middlewares/Third_Party/FreeRTOS/Source/portable/GCC/ARM_CM3/portmacro.h **** 		"	mrs %0, basepri											\n" \
 216:Middlewares/Third_Party/FreeRTOS/Source/portable/GCC/ARM_CM3/portmacro.h **** 		"	mov %1, %2												\n" \
 217:Middlewares/Third_Party/FreeRTOS/Source/portable/GCC/ARM_CM3/portmacro.h **** 		"	msr basepri, %1											\n" \
 218:Middlewares/Third_Party/FreeRTOS/Source/portable/GCC/ARM_CM3/portmacro.h **** 		"	isb														\n" \
 219:Middlewares/Third_Party/FreeRTOS/Source/portable/GCC/ARM_CM3/portmacro.h **** 		"	dsb														\n" \
 220:Middlewares/Third_Party/FreeRTOS/Source/portable/GCC/ARM_CM3/portmacro.h **** 		:"=r" (ulOriginalBASEPRI), "=r" (ulNewBASEPRI) : "i" ( configMAX_SYSCALL_INTERRUPT_PRIORITY ) : "
 221:Middlewares/Third_Party/FreeRTOS/Source/portable/GCC/ARM_CM3/portmacro.h **** 	);
 222:Middlewares/Third_Party/FreeRTOS/Source/portable/GCC/ARM_CM3/portmacro.h **** 
 223:Middlewares/Third_Party/FreeRTOS/Source/portable/GCC/ARM_CM3/portmacro.h **** 	/* This return will not be reached but is necessary to prevent compiler
 224:Middlewares/Third_Party/FreeRTOS/Source/portable/GCC/ARM_CM3/portmacro.h **** 	warnings. */
 225:Middlewares/Third_Party/FreeRTOS/Source/portable/GCC/ARM_CM3/portmacro.h **** 	return ulOriginalBASEPRI;
 1695              		.loc 2 225 2 view .LVU519
 1696              		.loc 2 225 2 is_stmt 0 view .LVU520
 1697              		.thumb
 1698              		.syntax unified
 1699              	.LBE128:
 1700              	.LBE127:
 983:Middlewares/Third_Party/FreeRTOS/Source/queue.c **** 		{
 1701              		.loc 1 983 3 is_stmt 1 view .LVU521
 983:Middlewares/Third_Party/FreeRTOS/Source/queue.c **** 		{
 1702              		.loc 1 983 16 is_stmt 0 view .LVU522
 1703 006e AA6B     		ldr	r2, [r5, #56]
 983:Middlewares/Third_Party/FreeRTOS/Source/queue.c **** 		{
 1704              		.loc 1 983 45 view .LVU523
 1705 0070 EB6B     		ldr	r3, [r5, #60]
 983:Middlewares/Third_Party/FreeRTOS/Source/queue.c **** 		{
 1706              		.loc 1 983 5 view .LVU524
ARM GAS  D:\TMP\ccboKuyk.s 			page 84


 1707 0072 9A42     		cmp	r2, r3
 1708 0074 06D3     		bcc	.L120
 983:Middlewares/Third_Party/FreeRTOS/Source/queue.c **** 		{
 1709              		.loc 1 983 58 discriminator 1 view .LVU525
 1710 0076 022C     		cmp	r4, #2
 1711 0078 04D0     		beq	.L120
1103:Middlewares/Third_Party/FreeRTOS/Source/queue.c **** 		}
 1712              		.loc 1 1103 12 view .LVU526
 1713 007a 0020     		movs	r0, #0
 1714              	.L121:
 1715              	.LVL139:
1106:Middlewares/Third_Party/FreeRTOS/Source/queue.c **** 
 1716              		.loc 1 1106 2 is_stmt 1 view .LVU527
 1717              	.LBB129:
 1718              	.LBI129:
 226:Middlewares/Third_Party/FreeRTOS/Source/portable/GCC/ARM_CM3/portmacro.h **** }
 227:Middlewares/Third_Party/FreeRTOS/Source/portable/GCC/ARM_CM3/portmacro.h **** /*-----------------------------------------------------------*/
 228:Middlewares/Third_Party/FreeRTOS/Source/portable/GCC/ARM_CM3/portmacro.h **** 
 229:Middlewares/Third_Party/FreeRTOS/Source/portable/GCC/ARM_CM3/portmacro.h **** portFORCE_INLINE static void vPortSetBASEPRI( uint32_t ulNewMaskValue )
 1719              		.loc 2 229 30 view .LVU528
 1720              	.LBB130:
 230:Middlewares/Third_Party/FreeRTOS/Source/portable/GCC/ARM_CM3/portmacro.h **** {
 231:Middlewares/Third_Party/FreeRTOS/Source/portable/GCC/ARM_CM3/portmacro.h **** 	__asm volatile
 1721              		.loc 2 231 2 view .LVU529
 1722              		.syntax unified
 1723              	@ 231 "Middlewares/Third_Party/FreeRTOS/Source/portable/GCC/ARM_CM3/portmacro.h" 1
 1724 007c 88F31188 			msr basepri, r8	
 1725              	@ 0 "" 2
 1726              		.thumb
 1727              		.syntax unified
 1728              	.LBE130:
 1729              	.LBE129:
1108:Middlewares/Third_Party/FreeRTOS/Source/queue.c **** }
 1730              		.loc 1 1108 2 view .LVU530
1109:Middlewares/Third_Party/FreeRTOS/Source/queue.c **** /*-----------------------------------------------------------*/
 1731              		.loc 1 1109 1 is_stmt 0 view .LVU531
 1732 0080 BDE8F883 		pop	{r3, r4, r5, r6, r7, r8, r9, pc}
 1733              	.LVL140:
 1734              	.L120:
 1735              	.LBB131:
 985:Middlewares/Third_Party/FreeRTOS/Source/queue.c **** 			const UBaseType_t uxPreviousMessagesWaiting = pxQueue->uxMessagesWaiting;
 1736              		.loc 1 985 4 is_stmt 1 view .LVU532
 985:Middlewares/Third_Party/FreeRTOS/Source/queue.c **** 			const UBaseType_t uxPreviousMessagesWaiting = pxQueue->uxMessagesWaiting;
 1737              		.loc 1 985 17 is_stmt 0 view .LVU533
 1738 0084 95F84590 		ldrb	r9, [r5, #69]	@ zero_extendqisi2
 1739 0088 4FFA89F9 		sxtb	r9, r9
 1740              	.LVL141:
 986:Middlewares/Third_Party/FreeRTOS/Source/queue.c **** 
 1741              		.loc 1 986 4 is_stmt 1 view .LVU534
 986:Middlewares/Third_Party/FreeRTOS/Source/queue.c **** 
 1742              		.loc 1 986 22 is_stmt 0 view .LVU535
 1743 008c AB6B     		ldr	r3, [r5, #56]
 988:Middlewares/Third_Party/FreeRTOS/Source/queue.c **** 
 1744              		.loc 1 988 39 is_stmt 1 view .LVU536
 995:Middlewares/Third_Party/FreeRTOS/Source/queue.c **** 
 1745              		.loc 1 995 4 view .LVU537
 995:Middlewares/Third_Party/FreeRTOS/Source/queue.c **** 
ARM GAS  D:\TMP\ccboKuyk.s 			page 85


 1746              		.loc 1 995 13 is_stmt 0 view .LVU538
 1747 008e 2246     		mov	r2, r4
 1748 0090 3946     		mov	r1, r7
 1749 0092 2846     		mov	r0, r5
 1750 0094 FFF7FEFF 		bl	prvCopyDataToQueue
 1751              	.LVL142:
 999:Middlewares/Third_Party/FreeRTOS/Source/queue.c **** 			{
 1752              		.loc 1 999 4 is_stmt 1 view .LVU539
 999:Middlewares/Third_Party/FreeRTOS/Source/queue.c **** 			{
 1753              		.loc 1 999 6 is_stmt 0 view .LVU540
 1754 0098 B9F1FF3F 		cmp	r9, #-1
 1755 009c 06D0     		beq	.L130
1095:Middlewares/Third_Party/FreeRTOS/Source/queue.c **** 			}
 1756              		.loc 1 1095 5 is_stmt 1 view .LVU541
1095:Middlewares/Third_Party/FreeRTOS/Source/queue.c **** 			}
 1757              		.loc 1 1095 45 is_stmt 0 view .LVU542
 1758 009e 09F10103 		add	r3, r9, #1
1095:Middlewares/Third_Party/FreeRTOS/Source/queue.c **** 			}
 1759              		.loc 1 1095 24 view .LVU543
 1760 00a2 5BB2     		sxtb	r3, r3
1095:Middlewares/Third_Party/FreeRTOS/Source/queue.c **** 			}
 1761              		.loc 1 1095 22 view .LVU544
 1762 00a4 85F84530 		strb	r3, [r5, #69]
1098:Middlewares/Third_Party/FreeRTOS/Source/queue.c **** 		}
 1763              		.loc 1 1098 12 view .LVU545
 1764 00a8 0120     		movs	r0, #1
 1765 00aa E7E7     		b	.L121
 1766              	.L130:
1061:Middlewares/Third_Party/FreeRTOS/Source/queue.c **** 					{
 1767              		.loc 1 1061 6 is_stmt 1 view .LVU546
1061:Middlewares/Third_Party/FreeRTOS/Source/queue.c **** 					{
 1768              		.loc 1 1061 10 is_stmt 0 view .LVU547
 1769 00ac 6B6A     		ldr	r3, [r5, #36]
1061:Middlewares/Third_Party/FreeRTOS/Source/queue.c **** 					{
 1770              		.loc 1 1061 8 view .LVU548
 1771 00ae 0BB9     		cbnz	r3, .L131
1098:Middlewares/Third_Party/FreeRTOS/Source/queue.c **** 		}
 1772              		.loc 1 1098 12 view .LVU549
 1773 00b0 0120     		movs	r0, #1
 1774 00b2 E3E7     		b	.L121
 1775              	.L131:
1063:Middlewares/Third_Party/FreeRTOS/Source/queue.c **** 						{
 1776              		.loc 1 1063 7 is_stmt 1 view .LVU550
1063:Middlewares/Third_Party/FreeRTOS/Source/queue.c **** 						{
 1777              		.loc 1 1063 11 is_stmt 0 view .LVU551
 1778 00b4 05F12400 		add	r0, r5, #36
 1779 00b8 FFF7FEFF 		bl	xTaskRemoveFromEventList
 1780              	.LVL143:
1063:Middlewares/Third_Party/FreeRTOS/Source/queue.c **** 						{
 1781              		.loc 1 1063 9 discriminator 1 view .LVU552
 1782 00bc 18B1     		cbz	r0, .L125
1067:Middlewares/Third_Party/FreeRTOS/Source/queue.c **** 							{
 1783              		.loc 1 1067 8 is_stmt 1 view .LVU553
1067:Middlewares/Third_Party/FreeRTOS/Source/queue.c **** 							{
 1784              		.loc 1 1067 10 is_stmt 0 view .LVU554
 1785 00be 26B1     		cbz	r6, .L126
1069:Middlewares/Third_Party/FreeRTOS/Source/queue.c **** 							}
ARM GAS  D:\TMP\ccboKuyk.s 			page 86


 1786              		.loc 1 1069 9 is_stmt 1 view .LVU555
1069:Middlewares/Third_Party/FreeRTOS/Source/queue.c **** 							}
 1787              		.loc 1 1069 36 is_stmt 0 view .LVU556
 1788 00c0 0120     		movs	r0, #1
 1789 00c2 3060     		str	r0, [r6]
 1790 00c4 DAE7     		b	.L121
 1791              	.L125:
1098:Middlewares/Third_Party/FreeRTOS/Source/queue.c **** 		}
 1792              		.loc 1 1098 12 view .LVU557
 1793 00c6 0120     		movs	r0, #1
 1794 00c8 D8E7     		b	.L121
 1795              	.L126:
 1796 00ca 0120     		movs	r0, #1
 1797 00cc D6E7     		b	.L121
 1798              	.LBE131:
 1799              		.cfi_endproc
 1800              	.LFE14:
 1802              		.section	.text.xQueueGiveFromISR,"ax",%progbits
 1803              		.align	1
 1804              		.global	xQueueGiveFromISR
 1805              		.syntax unified
 1806              		.thumb
 1807              		.thumb_func
 1809              	xQueueGiveFromISR:
 1810              	.LVL144:
 1811              	.LFB15:
1113:Middlewares/Third_Party/FreeRTOS/Source/queue.c **** BaseType_t xReturn;
 1812              		.loc 1 1113 1 is_stmt 1 view -0
 1813              		.cfi_startproc
 1814              		@ args = 0, pretend = 0, frame = 0
 1815              		@ frame_needed = 0, uses_anonymous_args = 0
1114:Middlewares/Third_Party/FreeRTOS/Source/queue.c **** UBaseType_t uxSavedInterruptStatus;
 1816              		.loc 1 1114 1 view .LVU559
1115:Middlewares/Third_Party/FreeRTOS/Source/queue.c **** Queue_t * const pxQueue = xQueue;
 1817              		.loc 1 1115 1 view .LVU560
1116:Middlewares/Third_Party/FreeRTOS/Source/queue.c **** 
 1818              		.loc 1 1116 1 view .LVU561
1124:Middlewares/Third_Party/FreeRTOS/Source/queue.c **** 
 1819              		.loc 1 1124 2 view .LVU562
 1820 0000 68B1     		cbz	r0, .L147
1113:Middlewares/Third_Party/FreeRTOS/Source/queue.c **** BaseType_t xReturn;
 1821              		.loc 1 1113 1 is_stmt 0 view .LVU563
 1822 0002 70B5     		push	{r4, r5, r6, lr}
 1823              	.LCFI20:
 1824              		.cfi_def_cfa_offset 16
 1825              		.cfi_offset 4, -16
 1826              		.cfi_offset 5, -12
 1827              		.cfi_offset 6, -8
 1828              		.cfi_offset 14, -4
 1829 0004 0C46     		mov	r4, r1
 1830 0006 0546     		mov	r5, r0
1124:Middlewares/Third_Party/FreeRTOS/Source/queue.c **** 
 1831              		.loc 1 1124 25 is_stmt 1 discriminator 2 view .LVU564
1128:Middlewares/Third_Party/FreeRTOS/Source/queue.c **** 
 1832              		.loc 1 1128 2 view .LVU565
 1833 0008 036C     		ldr	r3, [r0, #64]
 1834 000a 8BB1     		cbz	r3, .L135
ARM GAS  D:\TMP\ccboKuyk.s 			page 87


1128:Middlewares/Third_Party/FreeRTOS/Source/queue.c **** 
 1835              		.loc 1 1128 2 discriminator 1 view .LVU566
 1836              	.LBB132:
 1837              	.LBI132:
 193:Middlewares/Third_Party/FreeRTOS/Source/portable/GCC/ARM_CM3/portmacro.h **** {
 1838              		.loc 2 193 30 view .LVU567
 1839              	.LBB133:
 195:Middlewares/Third_Party/FreeRTOS/Source/portable/GCC/ARM_CM3/portmacro.h **** 
 1840              		.loc 2 195 1 view .LVU568
 197:Middlewares/Third_Party/FreeRTOS/Source/portable/GCC/ARM_CM3/portmacro.h **** 	(
 1841              		.loc 2 197 2 view .LVU569
 1842              		.syntax unified
 1843              	@ 197 "Middlewares/Third_Party/FreeRTOS/Source/portable/GCC/ARM_CM3/portmacro.h" 1
 1844 000c 4FF02003 			mov r3, #32												
 1845 0010 83F31188 		msr basepri, r3											
 1846 0014 BFF36F8F 		isb														
 1847 0018 BFF34F8F 		dsb														
 1848              	
 1849              	@ 0 "" 2
 1850              		.thumb
 1851              		.syntax unified
 1852              	.L136:
 1853              	.LBE133:
 1854              	.LBE132:
1128:Middlewares/Third_Party/FreeRTOS/Source/queue.c **** 
 1855              		.loc 1 1128 2 discriminator 3 view .LVU570
1128:Middlewares/Third_Party/FreeRTOS/Source/queue.c **** 
 1856              		.loc 1 1128 2 discriminator 3 view .LVU571
1128:Middlewares/Third_Party/FreeRTOS/Source/queue.c **** 
 1857              		.loc 1 1128 2 discriminator 3 view .LVU572
 1858 001c FEE7     		b	.L136
 1859              	.L147:
 1860              	.LCFI21:
 1861              		.cfi_def_cfa_offset 0
 1862              		.cfi_restore 4
 1863              		.cfi_restore 5
 1864              		.cfi_restore 6
 1865              		.cfi_restore 14
1124:Middlewares/Third_Party/FreeRTOS/Source/queue.c **** 
 1866              		.loc 1 1124 2 discriminator 1 view .LVU573
 1867              	.LBB134:
 1868              	.LBI134:
 193:Middlewares/Third_Party/FreeRTOS/Source/portable/GCC/ARM_CM3/portmacro.h **** {
 1869              		.loc 2 193 30 view .LVU574
 1870              	.LBB135:
 195:Middlewares/Third_Party/FreeRTOS/Source/portable/GCC/ARM_CM3/portmacro.h **** 
 1871              		.loc 2 195 1 view .LVU575
 197:Middlewares/Third_Party/FreeRTOS/Source/portable/GCC/ARM_CM3/portmacro.h **** 	(
 1872              		.loc 2 197 2 view .LVU576
 1873              		.syntax unified
 1874              	@ 197 "Middlewares/Third_Party/FreeRTOS/Source/portable/GCC/ARM_CM3/portmacro.h" 1
 1875 001e 4FF02003 			mov r3, #32												
 1876 0022 83F31188 		msr basepri, r3											
 1877 0026 BFF36F8F 		isb														
 1878 002a BFF34F8F 		dsb														
 1879              	
 1880              	@ 0 "" 2
ARM GAS  D:\TMP\ccboKuyk.s 			page 88


 1881              		.thumb
 1882              		.syntax unified
 1883              	.L134:
 1884              	.LBE135:
 1885              	.LBE134:
1124:Middlewares/Third_Party/FreeRTOS/Source/queue.c **** 
 1886              		.loc 1 1124 2 discriminator 3 view .LVU577
1124:Middlewares/Third_Party/FreeRTOS/Source/queue.c **** 
 1887              		.loc 1 1124 2 discriminator 3 view .LVU578
1124:Middlewares/Third_Party/FreeRTOS/Source/queue.c **** 
 1888              		.loc 1 1124 2 discriminator 3 view .LVU579
 1889 002e FEE7     		b	.L134
 1890              	.L135:
 1891              	.LCFI22:
 1892              		.cfi_def_cfa_offset 16
 1893              		.cfi_offset 4, -16
 1894              		.cfi_offset 5, -12
 1895              		.cfi_offset 6, -8
 1896              		.cfi_offset 14, -4
1128:Middlewares/Third_Party/FreeRTOS/Source/queue.c **** 
 1897              		.loc 1 1128 42 discriminator 2 view .LVU580
1133:Middlewares/Third_Party/FreeRTOS/Source/queue.c **** 
 1898              		.loc 1 1133 2 view .LVU581
 1899 0030 0368     		ldr	r3, [r0]
 1900 0032 EBB1     		cbz	r3, .L148
 1901              	.L137:
1133:Middlewares/Third_Party/FreeRTOS/Source/queue.c **** 
 1902              		.loc 1 1133 120 discriminator 8 view .LVU582
1149:Middlewares/Third_Party/FreeRTOS/Source/queue.c **** 
 1903              		.loc 1 1149 2 view .LVU583
 1904 0034 FFF7FEFF 		bl	vPortValidateInterruptPriority
 1905              	.LVL145:
1151:Middlewares/Third_Party/FreeRTOS/Source/queue.c **** 	{
 1906              		.loc 1 1151 2 view .LVU584
 1907              	.LBB136:
 1908              	.LBI136:
 209:Middlewares/Third_Party/FreeRTOS/Source/portable/GCC/ARM_CM3/portmacro.h **** {
 1909              		.loc 2 209 34 view .LVU585
 1910              	.LBB137:
 211:Middlewares/Third_Party/FreeRTOS/Source/portable/GCC/ARM_CM3/portmacro.h **** 
 1911              		.loc 2 211 1 view .LVU586
 213:Middlewares/Third_Party/FreeRTOS/Source/portable/GCC/ARM_CM3/portmacro.h **** 	(
 1912              		.loc 2 213 2 view .LVU587
 1913              		.syntax unified
 1914              	@ 213 "Middlewares/Third_Party/FreeRTOS/Source/portable/GCC/ARM_CM3/portmacro.h" 1
 1915 0038 EFF31186 			mrs r6, basepri											
 1916 003c 4FF02003 		mov r3, #32												
 1917 0040 83F31188 		msr basepri, r3											
 1918 0044 BFF36F8F 		isb														
 1919 0048 BFF34F8F 		dsb														
 1920              	
 1921              	@ 0 "" 2
 1922              	.LVL146:
 225:Middlewares/Third_Party/FreeRTOS/Source/portable/GCC/ARM_CM3/portmacro.h **** }
 1923              		.loc 2 225 2 view .LVU588
 225:Middlewares/Third_Party/FreeRTOS/Source/portable/GCC/ARM_CM3/portmacro.h **** }
 1924              		.loc 2 225 2 is_stmt 0 view .LVU589
ARM GAS  D:\TMP\ccboKuyk.s 			page 89


 1925              		.thumb
 1926              		.syntax unified
 1927              	.LBE137:
 1928              	.LBE136:
 1929              	.LBB138:
1153:Middlewares/Third_Party/FreeRTOS/Source/queue.c **** 
 1930              		.loc 1 1153 3 is_stmt 1 view .LVU590
1153:Middlewares/Third_Party/FreeRTOS/Source/queue.c **** 
 1931              		.loc 1 1153 21 is_stmt 0 view .LVU591
 1932 004c AA6B     		ldr	r2, [r5, #56]
 1933              	.LVL147:
1158:Middlewares/Third_Party/FreeRTOS/Source/queue.c **** 		{
 1934              		.loc 1 1158 3 is_stmt 1 view .LVU592
1158:Middlewares/Third_Party/FreeRTOS/Source/queue.c **** 		{
 1935              		.loc 1 1158 34 is_stmt 0 view .LVU593
 1936 004e EB6B     		ldr	r3, [r5, #60]
1158:Middlewares/Third_Party/FreeRTOS/Source/queue.c **** 		{
 1937              		.loc 1 1158 5 view .LVU594
 1938 0050 9342     		cmp	r3, r2
 1939 0052 26D9     		bls	.L141
 1940              	.LBB139:
1160:Middlewares/Third_Party/FreeRTOS/Source/queue.c **** 
 1941              		.loc 1 1160 4 is_stmt 1 view .LVU595
1160:Middlewares/Third_Party/FreeRTOS/Source/queue.c **** 
 1942              		.loc 1 1160 17 is_stmt 0 view .LVU596
 1943 0054 95F84530 		ldrb	r3, [r5, #69]	@ zero_extendqisi2
 1944 0058 5BB2     		sxtb	r3, r3
 1945              	.LVL148:
1162:Middlewares/Third_Party/FreeRTOS/Source/queue.c **** 
 1946              		.loc 1 1162 39 is_stmt 1 view .LVU597
1170:Middlewares/Third_Party/FreeRTOS/Source/queue.c **** 
 1947              		.loc 1 1170 4 view .LVU598
1170:Middlewares/Third_Party/FreeRTOS/Source/queue.c **** 
 1948              		.loc 1 1170 51 is_stmt 0 view .LVU599
 1949 005a 0132     		adds	r2, r2, #1
 1950              	.LVL149:
1170:Middlewares/Third_Party/FreeRTOS/Source/queue.c **** 
 1951              		.loc 1 1170 31 view .LVU600
 1952 005c AA63     		str	r2, [r5, #56]
1174:Middlewares/Third_Party/FreeRTOS/Source/queue.c **** 			{
 1953              		.loc 1 1174 4 is_stmt 1 view .LVU601
1174:Middlewares/Third_Party/FreeRTOS/Source/queue.c **** 			{
 1954              		.loc 1 1174 6 is_stmt 0 view .LVU602
 1955 005e B3F1FF3F 		cmp	r3, #-1
 1956 0062 11D0     		beq	.L149
1260:Middlewares/Third_Party/FreeRTOS/Source/queue.c **** 			}
 1957              		.loc 1 1260 5 is_stmt 1 view .LVU603
1260:Middlewares/Third_Party/FreeRTOS/Source/queue.c **** 			}
 1958              		.loc 1 1260 45 is_stmt 0 view .LVU604
 1959 0064 0133     		adds	r3, r3, #1
 1960              	.LVL150:
1260:Middlewares/Third_Party/FreeRTOS/Source/queue.c **** 			}
 1961              		.loc 1 1260 24 view .LVU605
 1962 0066 5BB2     		sxtb	r3, r3
 1963              	.LVL151:
1260:Middlewares/Third_Party/FreeRTOS/Source/queue.c **** 			}
 1964              		.loc 1 1260 22 view .LVU606
ARM GAS  D:\TMP\ccboKuyk.s 			page 90


 1965 0068 85F84530 		strb	r3, [r5, #69]
1263:Middlewares/Third_Party/FreeRTOS/Source/queue.c **** 		}
 1966              		.loc 1 1263 12 view .LVU607
 1967 006c 0120     		movs	r0, #1
 1968 006e 19E0     		b	.L139
 1969              	.LVL152:
 1970              	.L148:
1263:Middlewares/Third_Party/FreeRTOS/Source/queue.c **** 		}
 1971              		.loc 1 1263 12 view .LVU608
 1972              	.LBE139:
 1973              	.LBE138:
1133:Middlewares/Third_Party/FreeRTOS/Source/queue.c **** 
 1974              		.loc 1 1133 2 discriminator 2 view .LVU609
 1975 0070 8368     		ldr	r3, [r0, #8]
 1976 0072 002B     		cmp	r3, #0
 1977 0074 DED0     		beq	.L137
1133:Middlewares/Third_Party/FreeRTOS/Source/queue.c **** 
 1978              		.loc 1 1133 2 is_stmt 1 discriminator 7 view .LVU610
 1979              	.LBB142:
 1980              	.LBI142:
 193:Middlewares/Third_Party/FreeRTOS/Source/portable/GCC/ARM_CM3/portmacro.h **** {
 1981              		.loc 2 193 30 view .LVU611
 1982              	.LBB143:
 195:Middlewares/Third_Party/FreeRTOS/Source/portable/GCC/ARM_CM3/portmacro.h **** 
 1983              		.loc 2 195 1 view .LVU612
 197:Middlewares/Third_Party/FreeRTOS/Source/portable/GCC/ARM_CM3/portmacro.h **** 	(
 1984              		.loc 2 197 2 view .LVU613
 1985              		.syntax unified
 1986              	@ 197 "Middlewares/Third_Party/FreeRTOS/Source/portable/GCC/ARM_CM3/portmacro.h" 1
 1987 0076 4FF02003 			mov r3, #32												
 1988 007a 83F31188 		msr basepri, r3											
 1989 007e BFF36F8F 		isb														
 1990 0082 BFF34F8F 		dsb														
 1991              	
 1992              	@ 0 "" 2
 1993              		.thumb
 1994              		.syntax unified
 1995              	.L138:
 1996              	.LBE143:
 1997              	.LBE142:
1133:Middlewares/Third_Party/FreeRTOS/Source/queue.c **** 
 1998              		.loc 1 1133 2 discriminator 9 view .LVU614
1133:Middlewares/Third_Party/FreeRTOS/Source/queue.c **** 
 1999              		.loc 1 1133 2 discriminator 9 view .LVU615
1133:Middlewares/Third_Party/FreeRTOS/Source/queue.c **** 
 2000              		.loc 1 1133 2 discriminator 9 view .LVU616
 2001 0086 FEE7     		b	.L138
 2002              	.LVL153:
 2003              	.L149:
 2004              	.LBB144:
 2005              	.LBB140:
1229:Middlewares/Third_Party/FreeRTOS/Source/queue.c **** 					{
 2006              		.loc 1 1229 6 view .LVU617
1229:Middlewares/Third_Party/FreeRTOS/Source/queue.c **** 					{
 2007              		.loc 1 1229 10 is_stmt 0 view .LVU618
 2008 0088 6B6A     		ldr	r3, [r5, #36]
 2009              	.LVL154:
ARM GAS  D:\TMP\ccboKuyk.s 			page 91


1229:Middlewares/Third_Party/FreeRTOS/Source/queue.c **** 					{
 2010              		.loc 1 1229 8 view .LVU619
 2011 008a 0BB9     		cbnz	r3, .L150
1263:Middlewares/Third_Party/FreeRTOS/Source/queue.c **** 		}
 2012              		.loc 1 1263 12 view .LVU620
 2013 008c 0120     		movs	r0, #1
 2014 008e 09E0     		b	.L139
 2015              	.L150:
1231:Middlewares/Third_Party/FreeRTOS/Source/queue.c **** 						{
 2016              		.loc 1 1231 7 is_stmt 1 view .LVU621
1231:Middlewares/Third_Party/FreeRTOS/Source/queue.c **** 						{
 2017              		.loc 1 1231 11 is_stmt 0 view .LVU622
 2018 0090 05F12400 		add	r0, r5, #36
 2019 0094 FFF7FEFF 		bl	xTaskRemoveFromEventList
 2020              	.LVL155:
1231:Middlewares/Third_Party/FreeRTOS/Source/queue.c **** 						{
 2021              		.loc 1 1231 9 discriminator 1 view .LVU623
 2022 0098 38B1     		cbz	r0, .L143
1235:Middlewares/Third_Party/FreeRTOS/Source/queue.c **** 							{
 2023              		.loc 1 1235 8 is_stmt 1 view .LVU624
1235:Middlewares/Third_Party/FreeRTOS/Source/queue.c **** 							{
 2024              		.loc 1 1235 10 is_stmt 0 view .LVU625
 2025 009a 44B1     		cbz	r4, .L144
1237:Middlewares/Third_Party/FreeRTOS/Source/queue.c **** 							}
 2026              		.loc 1 1237 9 is_stmt 1 view .LVU626
1237:Middlewares/Third_Party/FreeRTOS/Source/queue.c **** 							}
 2027              		.loc 1 1237 36 is_stmt 0 view .LVU627
 2028 009c 0120     		movs	r0, #1
 2029 009e 2060     		str	r0, [r4]
 2030 00a0 00E0     		b	.L139
 2031              	.LVL156:
 2032              	.L141:
1237:Middlewares/Third_Party/FreeRTOS/Source/queue.c **** 							}
 2033              		.loc 1 1237 36 view .LVU628
 2034              	.LBE140:
1268:Middlewares/Third_Party/FreeRTOS/Source/queue.c **** 		}
 2035              		.loc 1 1268 12 view .LVU629
 2036 00a2 0020     		movs	r0, #0
 2037              	.LVL157:
 2038              	.L139:
1268:Middlewares/Third_Party/FreeRTOS/Source/queue.c **** 		}
 2039              		.loc 1 1268 12 view .LVU630
 2040              	.LBE144:
1271:Middlewares/Third_Party/FreeRTOS/Source/queue.c **** 
 2041              		.loc 1 1271 2 is_stmt 1 view .LVU631
 2042              	.LBB145:
 2043              	.LBI145:
 229:Middlewares/Third_Party/FreeRTOS/Source/portable/GCC/ARM_CM3/portmacro.h **** {
 2044              		.loc 2 229 30 view .LVU632
 2045              	.LBB146:
 2046              		.loc 2 231 2 view .LVU633
 2047              		.syntax unified
 2048              	@ 231 "Middlewares/Third_Party/FreeRTOS/Source/portable/GCC/ARM_CM3/portmacro.h" 1
 2049 00a4 86F31188 			msr basepri, r6	
 2050              	@ 0 "" 2
 2051              		.thumb
 2052              		.syntax unified
ARM GAS  D:\TMP\ccboKuyk.s 			page 92


 2053              	.LBE146:
 2054              	.LBE145:
1273:Middlewares/Third_Party/FreeRTOS/Source/queue.c **** }
 2055              		.loc 1 1273 2 view .LVU634
1274:Middlewares/Third_Party/FreeRTOS/Source/queue.c **** /*-----------------------------------------------------------*/
 2056              		.loc 1 1274 1 is_stmt 0 view .LVU635
 2057 00a8 70BD     		pop	{r4, r5, r6, pc}
 2058              	.LVL158:
 2059              	.L143:
 2060              	.LBB147:
 2061              	.LBB141:
1263:Middlewares/Third_Party/FreeRTOS/Source/queue.c **** 		}
 2062              		.loc 1 1263 12 view .LVU636
 2063 00aa 0120     		movs	r0, #1
 2064 00ac FAE7     		b	.L139
 2065              	.L144:
 2066 00ae 0120     		movs	r0, #1
 2067 00b0 F8E7     		b	.L139
 2068              	.LBE141:
 2069              	.LBE147:
 2070              		.cfi_endproc
 2071              	.LFE15:
 2073              		.section	.text.xQueueReceive,"ax",%progbits
 2074              		.align	1
 2075              		.global	xQueueReceive
 2076              		.syntax unified
 2077              		.thumb
 2078              		.thumb_func
 2080              	xQueueReceive:
 2081              	.LVL159:
 2082              	.LFB16:
1278:Middlewares/Third_Party/FreeRTOS/Source/queue.c **** BaseType_t xEntryTimeSet = pdFALSE;
 2083              		.loc 1 1278 1 is_stmt 1 view -0
 2084              		.cfi_startproc
 2085              		@ args = 0, pretend = 0, frame = 16
 2086              		@ frame_needed = 0, uses_anonymous_args = 0
1278:Middlewares/Third_Party/FreeRTOS/Source/queue.c **** BaseType_t xEntryTimeSet = pdFALSE;
 2087              		.loc 1 1278 1 is_stmt 0 view .LVU638
 2088 0000 F0B5     		push	{r4, r5, r6, r7, lr}
 2089              	.LCFI23:
 2090              		.cfi_def_cfa_offset 20
 2091              		.cfi_offset 4, -20
 2092              		.cfi_offset 5, -16
 2093              		.cfi_offset 6, -12
 2094              		.cfi_offset 7, -8
 2095              		.cfi_offset 14, -4
 2096 0002 85B0     		sub	sp, sp, #20
 2097              	.LCFI24:
 2098              		.cfi_def_cfa_offset 40
 2099 0004 0192     		str	r2, [sp, #4]
1279:Middlewares/Third_Party/FreeRTOS/Source/queue.c **** TimeOut_t xTimeOut;
 2100              		.loc 1 1279 1 is_stmt 1 view .LVU639
 2101              	.LVL160:
1280:Middlewares/Third_Party/FreeRTOS/Source/queue.c **** Queue_t * const pxQueue = xQueue;
 2102              		.loc 1 1280 1 view .LVU640
1281:Middlewares/Third_Party/FreeRTOS/Source/queue.c **** 
 2103              		.loc 1 1281 1 view .LVU641
ARM GAS  D:\TMP\ccboKuyk.s 			page 93


1284:Middlewares/Third_Party/FreeRTOS/Source/queue.c **** 
 2104              		.loc 1 1284 2 view .LVU642
 2105 0006 90B1     		cbz	r0, .L171
 2106 0008 0F46     		mov	r7, r1
 2107 000a 0446     		mov	r4, r0
1284:Middlewares/Third_Party/FreeRTOS/Source/queue.c **** 
 2108              		.loc 1 1284 29 discriminator 2 view .LVU643
1288:Middlewares/Third_Party/FreeRTOS/Source/queue.c **** 
 2109              		.loc 1 1288 2 view .LVU644
 2110 000c C1B1     		cbz	r1, .L172
 2111              	.L154:
1288:Middlewares/Third_Party/FreeRTOS/Source/queue.c **** 
 2112              		.loc 1 1288 100 discriminator 8 view .LVU645
1293:Middlewares/Third_Party/FreeRTOS/Source/queue.c **** 	}
 2113              		.loc 1 1293 3 view .LVU646
 2114 000e FFF7FEFF 		bl	xTaskGetSchedulerState
 2115              	.LVL161:
1293:Middlewares/Third_Party/FreeRTOS/Source/queue.c **** 	}
 2116              		.loc 1 1293 3 is_stmt 0 discriminator 1 view .LVU647
 2117 0012 0646     		mov	r6, r0
 2118 0014 00BB     		cbnz	r0, .L169
1293:Middlewares/Third_Party/FreeRTOS/Source/queue.c **** 	}
 2119              		.loc 1 1293 3 discriminator 2 view .LVU648
 2120 0016 019B     		ldr	r3, [sp, #4]
 2121 0018 002B     		cmp	r3, #0
 2122 001a 5ED0     		beq	.L158
1293:Middlewares/Third_Party/FreeRTOS/Source/queue.c **** 	}
 2123              		.loc 1 1293 3 is_stmt 1 discriminator 7 view .LVU649
 2124              	.LBB148:
 2125              	.LBI148:
 193:Middlewares/Third_Party/FreeRTOS/Source/portable/GCC/ARM_CM3/portmacro.h **** {
 2126              		.loc 2 193 30 view .LVU650
 2127              	.LBB149:
 195:Middlewares/Third_Party/FreeRTOS/Source/portable/GCC/ARM_CM3/portmacro.h **** 
 2128              		.loc 2 195 1 view .LVU651
 197:Middlewares/Third_Party/FreeRTOS/Source/portable/GCC/ARM_CM3/portmacro.h **** 	(
 2129              		.loc 2 197 2 view .LVU652
 2130              		.syntax unified
 2131              	@ 197 "Middlewares/Third_Party/FreeRTOS/Source/portable/GCC/ARM_CM3/portmacro.h" 1
 2132 001c 4FF02003 			mov r3, #32												
 2133 0020 83F31188 		msr basepri, r3											
 2134 0024 BFF36F8F 		isb														
 2135 0028 BFF34F8F 		dsb														
 2136              	
 2137              	@ 0 "" 2
 2138              		.thumb
 2139              		.syntax unified
 2140              	.L157:
 2141              	.LBE149:
 2142              	.LBE148:
1293:Middlewares/Third_Party/FreeRTOS/Source/queue.c **** 	}
 2143              		.loc 1 1293 3 discriminator 9 view .LVU653
1293:Middlewares/Third_Party/FreeRTOS/Source/queue.c **** 	}
 2144              		.loc 1 1293 3 discriminator 9 view .LVU654
1293:Middlewares/Third_Party/FreeRTOS/Source/queue.c **** 	}
 2145              		.loc 1 1293 3 discriminator 9 view .LVU655
 2146 002c FEE7     		b	.L157
ARM GAS  D:\TMP\ccboKuyk.s 			page 94


 2147              	.LVL162:
 2148              	.L171:
1284:Middlewares/Third_Party/FreeRTOS/Source/queue.c **** 
 2149              		.loc 1 1284 2 discriminator 1 view .LVU656
 2150              	.LBB150:
 2151              	.LBI150:
 193:Middlewares/Third_Party/FreeRTOS/Source/portable/GCC/ARM_CM3/portmacro.h **** {
 2152              		.loc 2 193 30 view .LVU657
 2153              	.LBB151:
 195:Middlewares/Third_Party/FreeRTOS/Source/portable/GCC/ARM_CM3/portmacro.h **** 
 2154              		.loc 2 195 1 view .LVU658
 197:Middlewares/Third_Party/FreeRTOS/Source/portable/GCC/ARM_CM3/portmacro.h **** 	(
 2155              		.loc 2 197 2 view .LVU659
 2156              		.syntax unified
 2157              	@ 197 "Middlewares/Third_Party/FreeRTOS/Source/portable/GCC/ARM_CM3/portmacro.h" 1
 2158 002e 4FF02003 			mov r3, #32												
 2159 0032 83F31188 		msr basepri, r3											
 2160 0036 BFF36F8F 		isb														
 2161 003a BFF34F8F 		dsb														
 2162              	
 2163              	@ 0 "" 2
 2164              		.thumb
 2165              		.syntax unified
 2166              	.L153:
 2167              	.LBE151:
 2168              	.LBE150:
1284:Middlewares/Third_Party/FreeRTOS/Source/queue.c **** 
 2169              		.loc 1 1284 2 discriminator 3 view .LVU660
1284:Middlewares/Third_Party/FreeRTOS/Source/queue.c **** 
 2170              		.loc 1 1284 2 discriminator 3 view .LVU661
1284:Middlewares/Third_Party/FreeRTOS/Source/queue.c **** 
 2171              		.loc 1 1284 2 discriminator 3 view .LVU662
 2172 003e FEE7     		b	.L153
 2173              	.L172:
1288:Middlewares/Third_Party/FreeRTOS/Source/queue.c **** 
 2174              		.loc 1 1288 2 is_stmt 0 discriminator 2 view .LVU663
 2175 0040 036C     		ldr	r3, [r0, #64]
 2176 0042 002B     		cmp	r3, #0
 2177 0044 E3D0     		beq	.L154
1288:Middlewares/Third_Party/FreeRTOS/Source/queue.c **** 
 2178              		.loc 1 1288 2 is_stmt 1 discriminator 7 view .LVU664
 2179              	.LBB152:
 2180              	.LBI152:
 193:Middlewares/Third_Party/FreeRTOS/Source/portable/GCC/ARM_CM3/portmacro.h **** {
 2181              		.loc 2 193 30 view .LVU665
 2182              	.LBB153:
 195:Middlewares/Third_Party/FreeRTOS/Source/portable/GCC/ARM_CM3/portmacro.h **** 
 2183              		.loc 2 195 1 view .LVU666
 197:Middlewares/Third_Party/FreeRTOS/Source/portable/GCC/ARM_CM3/portmacro.h **** 	(
 2184              		.loc 2 197 2 view .LVU667
 2185              		.syntax unified
 2186              	@ 197 "Middlewares/Third_Party/FreeRTOS/Source/portable/GCC/ARM_CM3/portmacro.h" 1
 2187 0046 4FF02003 			mov r3, #32												
 2188 004a 83F31188 		msr basepri, r3											
 2189 004e BFF36F8F 		isb														
 2190 0052 BFF34F8F 		dsb														
 2191              	
ARM GAS  D:\TMP\ccboKuyk.s 			page 95


 2192              	@ 0 "" 2
 2193              		.thumb
 2194              		.syntax unified
 2195              	.L155:
 2196              	.LBE153:
 2197              	.LBE152:
1288:Middlewares/Third_Party/FreeRTOS/Source/queue.c **** 
 2198              		.loc 1 1288 2 discriminator 9 view .LVU668
1288:Middlewares/Third_Party/FreeRTOS/Source/queue.c **** 
 2199              		.loc 1 1288 2 discriminator 9 view .LVU669
1288:Middlewares/Third_Party/FreeRTOS/Source/queue.c **** 
 2200              		.loc 1 1288 2 discriminator 9 view .LVU670
 2201 0056 FEE7     		b	.L155
 2202              	.LVL163:
 2203              	.L169:
1288:Middlewares/Third_Party/FreeRTOS/Source/queue.c **** 
 2204              		.loc 1 1288 2 is_stmt 0 discriminator 9 view .LVU671
 2205 0058 0026     		movs	r6, #0
 2206 005a 3EE0     		b	.L158
 2207              	.LVL164:
 2208              	.L175:
 2209              	.LBB154:
1312:Middlewares/Third_Party/FreeRTOS/Source/queue.c **** 				traceQUEUE_RECEIVE( pxQueue );
 2210              		.loc 1 1312 5 is_stmt 1 view .LVU672
 2211 005c 3946     		mov	r1, r7
 2212 005e 2046     		mov	r0, r4
 2213 0060 FFF7FEFF 		bl	prvCopyDataFromQueue
 2214              	.LVL165:
1313:Middlewares/Third_Party/FreeRTOS/Source/queue.c **** 				pxQueue->uxMessagesWaiting = uxMessagesWaiting - ( UBaseType_t ) 1;
 2215              		.loc 1 1313 34 view .LVU673
1314:Middlewares/Third_Party/FreeRTOS/Source/queue.c **** 
 2216              		.loc 1 1314 5 view .LVU674
1314:Middlewares/Third_Party/FreeRTOS/Source/queue.c **** 
 2217              		.loc 1 1314 52 is_stmt 0 view .LVU675
 2218 0064 013D     		subs	r5, r5, #1
 2219              	.LVL166:
1314:Middlewares/Third_Party/FreeRTOS/Source/queue.c **** 
 2220              		.loc 1 1314 32 view .LVU676
 2221 0066 A563     		str	r5, [r4, #56]
1319:Middlewares/Third_Party/FreeRTOS/Source/queue.c **** 				{
 2222              		.loc 1 1319 5 is_stmt 1 view .LVU677
1319:Middlewares/Third_Party/FreeRTOS/Source/queue.c **** 				{
 2223              		.loc 1 1319 9 is_stmt 0 view .LVU678
 2224 0068 2369     		ldr	r3, [r4, #16]
1319:Middlewares/Third_Party/FreeRTOS/Source/queue.c **** 				{
 2225              		.loc 1 1319 7 view .LVU679
 2226 006a 23B9     		cbnz	r3, .L173
 2227              	.L160:
1332:Middlewares/Third_Party/FreeRTOS/Source/queue.c **** 				}
 2228              		.loc 1 1332 30 is_stmt 1 view .LVU680
1335:Middlewares/Third_Party/FreeRTOS/Source/queue.c **** 				return pdPASS;
 2229              		.loc 1 1335 5 view .LVU681
 2230 006c FFF7FEFF 		bl	vPortExitCritical
 2231              	.LVL167:
1336:Middlewares/Third_Party/FreeRTOS/Source/queue.c **** 			}
 2232              		.loc 1 1336 5 view .LVU682
1336:Middlewares/Third_Party/FreeRTOS/Source/queue.c **** 			}
ARM GAS  D:\TMP\ccboKuyk.s 			page 96


 2233              		.loc 1 1336 12 is_stmt 0 view .LVU683
 2234 0070 0120     		movs	r0, #1
 2235              	.LVL168:
 2236              	.L151:
1336:Middlewares/Third_Party/FreeRTOS/Source/queue.c **** 			}
 2237              		.loc 1 1336 12 view .LVU684
 2238              	.LBE154:
1415:Middlewares/Third_Party/FreeRTOS/Source/queue.c **** /*-----------------------------------------------------------*/
 2239              		.loc 1 1415 1 view .LVU685
 2240 0072 05B0     		add	sp, sp, #20
 2241              	.LCFI25:
 2242              		.cfi_remember_state
 2243              		.cfi_def_cfa_offset 20
 2244              		@ sp needed
 2245 0074 F0BD     		pop	{r4, r5, r6, r7, pc}
 2246              	.LVL169:
 2247              	.L173:
 2248              	.LCFI26:
 2249              		.cfi_restore_state
 2250              	.LBB155:
1321:Middlewares/Third_Party/FreeRTOS/Source/queue.c **** 					{
 2251              		.loc 1 1321 6 is_stmt 1 view .LVU686
1321:Middlewares/Third_Party/FreeRTOS/Source/queue.c **** 					{
 2252              		.loc 1 1321 10 is_stmt 0 view .LVU687
 2253 0076 04F11000 		add	r0, r4, #16
 2254 007a FFF7FEFF 		bl	xTaskRemoveFromEventList
 2255              	.LVL170:
1321:Middlewares/Third_Party/FreeRTOS/Source/queue.c **** 					{
 2256              		.loc 1 1321 8 discriminator 1 view .LVU688
 2257 007e 0028     		cmp	r0, #0
 2258 0080 F4D0     		beq	.L160
1323:Middlewares/Third_Party/FreeRTOS/Source/queue.c **** 					}
 2259              		.loc 1 1323 7 is_stmt 1 view .LVU689
 2260 0082 4FF0E023 		mov	r3, #-536813568
 2261 0086 4FF08052 		mov	r2, #268435456
 2262 008a C3F8042D 		str	r2, [r3, #3332]
1323:Middlewares/Third_Party/FreeRTOS/Source/queue.c **** 					}
 2263              		.loc 1 1323 7 view .LVU690
 2264              		.syntax unified
 2265              	@ 1323 "Middlewares/Third_Party/FreeRTOS/Source/queue.c" 1
 2266 008e BFF34F8F 		dsb
 2267              	@ 0 "" 2
1323:Middlewares/Third_Party/FreeRTOS/Source/queue.c **** 					}
 2268              		.loc 1 1323 7 view .LVU691
 2269              	@ 1323 "Middlewares/Third_Party/FreeRTOS/Source/queue.c" 1
 2270 0092 BFF36F8F 		isb
 2271              	@ 0 "" 2
1323:Middlewares/Third_Party/FreeRTOS/Source/queue.c **** 					}
 2272              		.loc 1 1323 39 view .LVU692
 2273              		.thumb
 2274              		.syntax unified
 2275 0096 E9E7     		b	.L160
 2276              	.LVL171:
 2277              	.L176:
1344:Middlewares/Third_Party/FreeRTOS/Source/queue.c **** 					traceQUEUE_RECEIVE_FAILED( pxQueue );
 2278              		.loc 1 1344 6 view .LVU693
 2279 0098 FFF7FEFF 		bl	vPortExitCritical
ARM GAS  D:\TMP\ccboKuyk.s 			page 97


 2280              	.LVL172:
1345:Middlewares/Third_Party/FreeRTOS/Source/queue.c **** 					return errQUEUE_EMPTY;
 2281              		.loc 1 1345 42 view .LVU694
1346:Middlewares/Third_Party/FreeRTOS/Source/queue.c **** 				}
 2282              		.loc 1 1346 6 view .LVU695
1346:Middlewares/Third_Party/FreeRTOS/Source/queue.c **** 				}
 2283              		.loc 1 1346 13 is_stmt 0 view .LVU696
 2284 009c 0020     		movs	r0, #0
 2285 009e E8E7     		b	.L151
 2286              	.L177:
1352:Middlewares/Third_Party/FreeRTOS/Source/queue.c **** 					xEntryTimeSet = pdTRUE;
 2287              		.loc 1 1352 6 is_stmt 1 view .LVU697
 2288 00a0 02A8     		add	r0, sp, #8
 2289 00a2 FFF7FEFF 		bl	vTaskInternalSetTimeOutState
 2290              	.LVL173:
1353:Middlewares/Third_Party/FreeRTOS/Source/queue.c **** 				}
 2291              		.loc 1 1353 6 view .LVU698
1353:Middlewares/Third_Party/FreeRTOS/Source/queue.c **** 				}
 2292              		.loc 1 1353 20 is_stmt 0 view .LVU699
 2293 00a6 0126     		movs	r6, #1
 2294 00a8 21E0     		b	.L163
 2295              	.LVL174:
 2296              	.L178:
1353:Middlewares/Third_Party/FreeRTOS/Source/queue.c **** 				}
 2297              		.loc 1 1353 20 view .LVU700
 2298              	.LBE155:
1368:Middlewares/Third_Party/FreeRTOS/Source/queue.c **** 
 2299              		.loc 1 1368 3 is_stmt 1 discriminator 1 view .LVU701
 2300 00aa 0023     		movs	r3, #0
 2301 00ac 84F84430 		strb	r3, [r4, #68]
 2302 00b0 29E0     		b	.L164
 2303              	.L179:
1368:Middlewares/Third_Party/FreeRTOS/Source/queue.c **** 
 2304              		.loc 1 1368 3 discriminator 4 view .LVU702
 2305 00b2 0023     		movs	r3, #0
 2306 00b4 84F84530 		strb	r3, [r4, #69]
 2307 00b8 2BE0     		b	.L165
 2308              	.L167:
1393:Middlewares/Third_Party/FreeRTOS/Source/queue.c **** 				( void ) xTaskResumeAll();
 2309              		.loc 1 1393 5 view .LVU703
 2310 00ba 2046     		mov	r0, r4
 2311 00bc FFF7FEFF 		bl	prvUnlockQueue
 2312              	.LVL175:
1394:Middlewares/Third_Party/FreeRTOS/Source/queue.c **** 			}
 2313              		.loc 1 1394 5 view .LVU704
1394:Middlewares/Third_Party/FreeRTOS/Source/queue.c **** 			}
 2314              		.loc 1 1394 14 is_stmt 0 view .LVU705
 2315 00c0 FFF7FEFF 		bl	xTaskResumeAll
 2316              	.LVL176:
 2317 00c4 09E0     		b	.L158
 2318              	.L166:
1401:Middlewares/Third_Party/FreeRTOS/Source/queue.c **** 			( void ) xTaskResumeAll();
 2319              		.loc 1 1401 4 is_stmt 1 view .LVU706
 2320 00c6 2046     		mov	r0, r4
 2321 00c8 FFF7FEFF 		bl	prvUnlockQueue
 2322              	.LVL177:
1402:Middlewares/Third_Party/FreeRTOS/Source/queue.c **** 
ARM GAS  D:\TMP\ccboKuyk.s 			page 98


 2323              		.loc 1 1402 4 view .LVU707
1402:Middlewares/Third_Party/FreeRTOS/Source/queue.c **** 
 2324              		.loc 1 1402 13 is_stmt 0 view .LVU708
 2325 00cc FFF7FEFF 		bl	xTaskResumeAll
 2326              	.LVL178:
1404:Middlewares/Third_Party/FreeRTOS/Source/queue.c **** 			{
 2327              		.loc 1 1404 4 is_stmt 1 view .LVU709
1404:Middlewares/Third_Party/FreeRTOS/Source/queue.c **** 			{
 2328              		.loc 1 1404 8 is_stmt 0 view .LVU710
 2329 00d0 2046     		mov	r0, r4
 2330 00d2 FFF7FEFF 		bl	prvIsQueueEmpty
 2331              	.LVL179:
1404:Middlewares/Third_Party/FreeRTOS/Source/queue.c **** 			{
 2332              		.loc 1 1404 6 discriminator 1 view .LVU711
 2333 00d6 0028     		cmp	r0, #0
 2334 00d8 3FD1     		bne	.L174
 2335              	.LVL180:
 2336              	.L158:
1293:Middlewares/Third_Party/FreeRTOS/Source/queue.c **** 	}
 2337              		.loc 1 1293 104 is_stmt 1 discriminator 8 view .LVU712
1301:Middlewares/Third_Party/FreeRTOS/Source/queue.c **** 	{
 2338              		.loc 1 1301 2 view .LVU713
1303:Middlewares/Third_Party/FreeRTOS/Source/queue.c **** 		{
 2339              		.loc 1 1303 3 view .LVU714
 2340 00da FFF7FEFF 		bl	vPortEnterCritical
 2341              	.LVL181:
 2342              	.LBB156:
1305:Middlewares/Third_Party/FreeRTOS/Source/queue.c **** 
 2343              		.loc 1 1305 4 view .LVU715
1305:Middlewares/Third_Party/FreeRTOS/Source/queue.c **** 
 2344              		.loc 1 1305 22 is_stmt 0 view .LVU716
 2345 00de A56B     		ldr	r5, [r4, #56]
 2346              	.LVL182:
1309:Middlewares/Third_Party/FreeRTOS/Source/queue.c **** 			{
 2347              		.loc 1 1309 4 is_stmt 1 view .LVU717
1309:Middlewares/Third_Party/FreeRTOS/Source/queue.c **** 			{
 2348              		.loc 1 1309 6 is_stmt 0 view .LVU718
 2349 00e0 002D     		cmp	r5, #0
 2350 00e2 BBD1     		bne	.L175
1340:Middlewares/Third_Party/FreeRTOS/Source/queue.c **** 				{
 2351              		.loc 1 1340 5 is_stmt 1 view .LVU719
1340:Middlewares/Third_Party/FreeRTOS/Source/queue.c **** 				{
 2352              		.loc 1 1340 22 is_stmt 0 view .LVU720
 2353 00e4 019B     		ldr	r3, [sp, #4]
1340:Middlewares/Third_Party/FreeRTOS/Source/queue.c **** 				{
 2354              		.loc 1 1340 7 view .LVU721
 2355 00e6 002B     		cmp	r3, #0
 2356 00e8 D6D0     		beq	.L176
1348:Middlewares/Third_Party/FreeRTOS/Source/queue.c **** 				{
 2357              		.loc 1 1348 10 is_stmt 1 view .LVU722
1348:Middlewares/Third_Party/FreeRTOS/Source/queue.c **** 				{
 2358              		.loc 1 1348 12 is_stmt 0 view .LVU723
 2359 00ea 002E     		cmp	r6, #0
 2360 00ec D8D0     		beq	.L177
 2361              	.LVL183:
 2362              	.L163:
1358:Middlewares/Third_Party/FreeRTOS/Source/queue.c **** 				}
ARM GAS  D:\TMP\ccboKuyk.s 			page 99


 2363              		.loc 1 1358 30 is_stmt 1 view .LVU724
 2364              	.LBE156:
1362:Middlewares/Third_Party/FreeRTOS/Source/queue.c **** 
 2365              		.loc 1 1362 3 view .LVU725
 2366 00ee FFF7FEFF 		bl	vPortExitCritical
 2367              	.LVL184:
1367:Middlewares/Third_Party/FreeRTOS/Source/queue.c **** 		prvLockQueue( pxQueue );
 2368              		.loc 1 1367 3 view .LVU726
 2369 00f2 FFF7FEFF 		bl	vTaskSuspendAll
 2370              	.LVL185:
1368:Middlewares/Third_Party/FreeRTOS/Source/queue.c **** 
 2371              		.loc 1 1368 3 view .LVU727
 2372 00f6 FFF7FEFF 		bl	vPortEnterCritical
 2373              	.LVL186:
1368:Middlewares/Third_Party/FreeRTOS/Source/queue.c **** 
 2374              		.loc 1 1368 3 discriminator 1 view .LVU728
 2375 00fa 94F84430 		ldrb	r3, [r4, #68]	@ zero_extendqisi2
 2376 00fe 5BB2     		sxtb	r3, r3
 2377 0100 B3F1FF3F 		cmp	r3, #-1
 2378 0104 D1D0     		beq	.L178
 2379              	.L164:
1368:Middlewares/Third_Party/FreeRTOS/Source/queue.c **** 
 2380              		.loc 1 1368 3 discriminator 3 view .LVU729
 2381 0106 94F84530 		ldrb	r3, [r4, #69]	@ zero_extendqisi2
 2382 010a 5BB2     		sxtb	r3, r3
 2383 010c B3F1FF3F 		cmp	r3, #-1
 2384 0110 CFD0     		beq	.L179
 2385              	.L165:
1368:Middlewares/Third_Party/FreeRTOS/Source/queue.c **** 
 2386              		.loc 1 1368 3 discriminator 6 view .LVU730
 2387 0112 FFF7FEFF 		bl	vPortExitCritical
 2388              	.LVL187:
1371:Middlewares/Third_Party/FreeRTOS/Source/queue.c **** 		{
 2389              		.loc 1 1371 3 view .LVU731
1371:Middlewares/Third_Party/FreeRTOS/Source/queue.c **** 		{
 2390              		.loc 1 1371 7 is_stmt 0 view .LVU732
 2391 0116 01A9     		add	r1, sp, #4
 2392 0118 02A8     		add	r0, sp, #8
 2393 011a FFF7FEFF 		bl	xTaskCheckForTimeOut
 2394              	.LVL188:
1371:Middlewares/Third_Party/FreeRTOS/Source/queue.c **** 		{
 2395              		.loc 1 1371 5 discriminator 1 view .LVU733
 2396 011e 0028     		cmp	r0, #0
 2397 0120 D1D1     		bne	.L166
1375:Middlewares/Third_Party/FreeRTOS/Source/queue.c **** 			{
 2398              		.loc 1 1375 4 is_stmt 1 view .LVU734
1375:Middlewares/Third_Party/FreeRTOS/Source/queue.c **** 			{
 2399              		.loc 1 1375 8 is_stmt 0 view .LVU735
 2400 0122 2046     		mov	r0, r4
 2401 0124 FFF7FEFF 		bl	prvIsQueueEmpty
 2402              	.LVL189:
1375:Middlewares/Third_Party/FreeRTOS/Source/queue.c **** 			{
 2403              		.loc 1 1375 6 discriminator 1 view .LVU736
 2404 0128 0028     		cmp	r0, #0
 2405 012a C6D0     		beq	.L167
1377:Middlewares/Third_Party/FreeRTOS/Source/queue.c **** 				vTaskPlaceOnEventList( &( pxQueue->xTasksWaitingToReceive ), xTicksToWait );
 2406              		.loc 1 1377 46 is_stmt 1 view .LVU737
ARM GAS  D:\TMP\ccboKuyk.s 			page 100


1378:Middlewares/Third_Party/FreeRTOS/Source/queue.c **** 				prvUnlockQueue( pxQueue );
 2407              		.loc 1 1378 5 view .LVU738
 2408 012c 0199     		ldr	r1, [sp, #4]
 2409 012e 04F12400 		add	r0, r4, #36
 2410 0132 FFF7FEFF 		bl	vTaskPlaceOnEventList
 2411              	.LVL190:
1379:Middlewares/Third_Party/FreeRTOS/Source/queue.c **** 				if( xTaskResumeAll() == pdFALSE )
 2412              		.loc 1 1379 5 view .LVU739
 2413 0136 2046     		mov	r0, r4
 2414 0138 FFF7FEFF 		bl	prvUnlockQueue
 2415              	.LVL191:
1380:Middlewares/Third_Party/FreeRTOS/Source/queue.c **** 				{
 2416              		.loc 1 1380 5 view .LVU740
1380:Middlewares/Third_Party/FreeRTOS/Source/queue.c **** 				{
 2417              		.loc 1 1380 9 is_stmt 0 view .LVU741
 2418 013c FFF7FEFF 		bl	xTaskResumeAll
 2419              	.LVL192:
1380:Middlewares/Third_Party/FreeRTOS/Source/queue.c **** 				{
 2420              		.loc 1 1380 7 discriminator 1 view .LVU742
 2421 0140 0028     		cmp	r0, #0
 2422 0142 CAD1     		bne	.L158
1382:Middlewares/Third_Party/FreeRTOS/Source/queue.c **** 				}
 2423              		.loc 1 1382 6 is_stmt 1 view .LVU743
 2424 0144 4FF0E023 		mov	r3, #-536813568
 2425 0148 4FF08052 		mov	r2, #268435456
 2426 014c C3F8042D 		str	r2, [r3, #3332]
1382:Middlewares/Third_Party/FreeRTOS/Source/queue.c **** 				}
 2427              		.loc 1 1382 6 view .LVU744
 2428              		.syntax unified
 2429              	@ 1382 "Middlewares/Third_Party/FreeRTOS/Source/queue.c" 1
 2430 0150 BFF34F8F 		dsb
 2431              	@ 0 "" 2
1382:Middlewares/Third_Party/FreeRTOS/Source/queue.c **** 				}
 2432              		.loc 1 1382 6 view .LVU745
 2433              	@ 1382 "Middlewares/Third_Party/FreeRTOS/Source/queue.c" 1
 2434 0154 BFF36F8F 		isb
 2435              	@ 0 "" 2
1382:Middlewares/Third_Party/FreeRTOS/Source/queue.c **** 				}
 2436              		.loc 1 1382 28 view .LVU746
 2437              		.thumb
 2438              		.syntax unified
 2439 0158 BFE7     		b	.L158
 2440              	.L174:
1407:Middlewares/Third_Party/FreeRTOS/Source/queue.c **** 			}
 2441              		.loc 1 1407 12 is_stmt 0 view .LVU747
 2442 015a 0020     		movs	r0, #0
 2443 015c 89E7     		b	.L151
 2444              		.cfi_endproc
 2445              	.LFE16:
 2447              		.section	.text.xQueueSemaphoreTake,"ax",%progbits
 2448              		.align	1
 2449              		.global	xQueueSemaphoreTake
 2450              		.syntax unified
 2451              		.thumb
 2452              		.thumb_func
 2454              	xQueueSemaphoreTake:
 2455              	.LVL193:
ARM GAS  D:\TMP\ccboKuyk.s 			page 101


 2456              	.LFB17:
1419:Middlewares/Third_Party/FreeRTOS/Source/queue.c **** BaseType_t xEntryTimeSet = pdFALSE;
 2457              		.loc 1 1419 1 is_stmt 1 view -0
 2458              		.cfi_startproc
 2459              		@ args = 0, pretend = 0, frame = 16
 2460              		@ frame_needed = 0, uses_anonymous_args = 0
1419:Middlewares/Third_Party/FreeRTOS/Source/queue.c **** BaseType_t xEntryTimeSet = pdFALSE;
 2461              		.loc 1 1419 1 is_stmt 0 view .LVU749
 2462 0000 70B5     		push	{r4, r5, r6, lr}
 2463              	.LCFI27:
 2464              		.cfi_def_cfa_offset 16
 2465              		.cfi_offset 4, -16
 2466              		.cfi_offset 5, -12
 2467              		.cfi_offset 6, -8
 2468              		.cfi_offset 14, -4
 2469 0002 84B0     		sub	sp, sp, #16
 2470              	.LCFI28:
 2471              		.cfi_def_cfa_offset 32
 2472 0004 0191     		str	r1, [sp, #4]
1420:Middlewares/Third_Party/FreeRTOS/Source/queue.c **** TimeOut_t xTimeOut;
 2473              		.loc 1 1420 1 is_stmt 1 view .LVU750
 2474              	.LVL194:
1421:Middlewares/Third_Party/FreeRTOS/Source/queue.c **** Queue_t * const pxQueue = xQueue;
 2475              		.loc 1 1421 1 view .LVU751
1422:Middlewares/Third_Party/FreeRTOS/Source/queue.c **** 
 2476              		.loc 1 1422 1 view .LVU752
1425:Middlewares/Third_Party/FreeRTOS/Source/queue.c **** #endif
 2477              		.loc 1 1425 2 view .LVU753
1429:Middlewares/Third_Party/FreeRTOS/Source/queue.c **** 
 2478              		.loc 1 1429 2 view .LVU754
 2479 0006 58B1     		cbz	r0, .L206
 2480 0008 0446     		mov	r4, r0
1429:Middlewares/Third_Party/FreeRTOS/Source/queue.c **** 
 2481              		.loc 1 1429 29 discriminator 2 view .LVU755
1433:Middlewares/Third_Party/FreeRTOS/Source/queue.c **** 
 2482              		.loc 1 1433 2 view .LVU756
 2483 000a 036C     		ldr	r3, [r0, #64]
 2484 000c 8BB1     		cbz	r3, .L183
1433:Middlewares/Third_Party/FreeRTOS/Source/queue.c **** 
 2485              		.loc 1 1433 2 discriminator 1 view .LVU757
 2486              	.LBB157:
 2487              	.LBI157:
 193:Middlewares/Third_Party/FreeRTOS/Source/portable/GCC/ARM_CM3/portmacro.h **** {
 2488              		.loc 2 193 30 view .LVU758
 2489              	.LBB158:
 195:Middlewares/Third_Party/FreeRTOS/Source/portable/GCC/ARM_CM3/portmacro.h **** 
 2490              		.loc 2 195 1 view .LVU759
 197:Middlewares/Third_Party/FreeRTOS/Source/portable/GCC/ARM_CM3/portmacro.h **** 	(
 2491              		.loc 2 197 2 view .LVU760
 2492              		.syntax unified
 2493              	@ 197 "Middlewares/Third_Party/FreeRTOS/Source/portable/GCC/ARM_CM3/portmacro.h" 1
 2494 000e 4FF02003 			mov r3, #32												
 2495 0012 83F31188 		msr basepri, r3											
 2496 0016 BFF36F8F 		isb														
 2497 001a BFF34F8F 		dsb														
 2498              	
 2499              	@ 0 "" 2
ARM GAS  D:\TMP\ccboKuyk.s 			page 102


 2500              		.thumb
 2501              		.syntax unified
 2502              	.L184:
 2503              	.LBE158:
 2504              	.LBE157:
1433:Middlewares/Third_Party/FreeRTOS/Source/queue.c **** 
 2505              		.loc 1 1433 2 discriminator 3 view .LVU761
1433:Middlewares/Third_Party/FreeRTOS/Source/queue.c **** 
 2506              		.loc 1 1433 2 discriminator 3 view .LVU762
1433:Middlewares/Third_Party/FreeRTOS/Source/queue.c **** 
 2507              		.loc 1 1433 2 discriminator 3 view .LVU763
 2508 001e FEE7     		b	.L184
 2509              	.L206:
1429:Middlewares/Third_Party/FreeRTOS/Source/queue.c **** 
 2510              		.loc 1 1429 2 discriminator 1 view .LVU764
 2511              	.LBB159:
 2512              	.LBI159:
 193:Middlewares/Third_Party/FreeRTOS/Source/portable/GCC/ARM_CM3/portmacro.h **** {
 2513              		.loc 2 193 30 view .LVU765
 2514              	.LBB160:
 195:Middlewares/Third_Party/FreeRTOS/Source/portable/GCC/ARM_CM3/portmacro.h **** 
 2515              		.loc 2 195 1 view .LVU766
 197:Middlewares/Third_Party/FreeRTOS/Source/portable/GCC/ARM_CM3/portmacro.h **** 	(
 2516              		.loc 2 197 2 view .LVU767
 2517              		.syntax unified
 2518              	@ 197 "Middlewares/Third_Party/FreeRTOS/Source/portable/GCC/ARM_CM3/portmacro.h" 1
 2519 0020 4FF02003 			mov r3, #32												
 2520 0024 83F31188 		msr basepri, r3											
 2521 0028 BFF36F8F 		isb														
 2522 002c BFF34F8F 		dsb														
 2523              	
 2524              	@ 0 "" 2
 2525              		.thumb
 2526              		.syntax unified
 2527              	.L182:
 2528              	.LBE160:
 2529              	.LBE159:
1429:Middlewares/Third_Party/FreeRTOS/Source/queue.c **** 
 2530              		.loc 1 1429 2 discriminator 3 view .LVU768
1429:Middlewares/Third_Party/FreeRTOS/Source/queue.c **** 
 2531              		.loc 1 1429 2 discriminator 3 view .LVU769
1429:Middlewares/Third_Party/FreeRTOS/Source/queue.c **** 
 2532              		.loc 1 1429 2 discriminator 3 view .LVU770
 2533 0030 FEE7     		b	.L182
 2534              	.L183:
1433:Middlewares/Third_Party/FreeRTOS/Source/queue.c **** 
 2535              		.loc 1 1433 42 discriminator 2 view .LVU771
1438:Middlewares/Third_Party/FreeRTOS/Source/queue.c **** 	}
 2536              		.loc 1 1438 3 view .LVU772
 2537 0032 FFF7FEFF 		bl	xTaskGetSchedulerState
 2538              	.LVL195:
1438:Middlewares/Third_Party/FreeRTOS/Source/queue.c **** 	}
 2539              		.loc 1 1438 3 is_stmt 0 discriminator 1 view .LVU773
 2540 0036 0546     		mov	r5, r0
 2541 0038 50B9     		cbnz	r0, .L203
1438:Middlewares/Third_Party/FreeRTOS/Source/queue.c **** 	}
 2542              		.loc 1 1438 3 discriminator 2 view .LVU774
ARM GAS  D:\TMP\ccboKuyk.s 			page 103


 2543 003a 019B     		ldr	r3, [sp, #4]
 2544 003c 5BB1     		cbz	r3, .L204
1438:Middlewares/Third_Party/FreeRTOS/Source/queue.c **** 	}
 2545              		.loc 1 1438 3 is_stmt 1 discriminator 7 view .LVU775
 2546              	.LBB161:
 2547              	.LBI161:
 193:Middlewares/Third_Party/FreeRTOS/Source/portable/GCC/ARM_CM3/portmacro.h **** {
 2548              		.loc 2 193 30 view .LVU776
 2549              	.LBB162:
 195:Middlewares/Third_Party/FreeRTOS/Source/portable/GCC/ARM_CM3/portmacro.h **** 
 2550              		.loc 2 195 1 view .LVU777
 197:Middlewares/Third_Party/FreeRTOS/Source/portable/GCC/ARM_CM3/portmacro.h **** 	(
 2551              		.loc 2 197 2 view .LVU778
 2552              		.syntax unified
 2553              	@ 197 "Middlewares/Third_Party/FreeRTOS/Source/portable/GCC/ARM_CM3/portmacro.h" 1
 2554 003e 4FF02003 			mov r3, #32												
 2555 0042 83F31188 		msr basepri, r3											
 2556 0046 BFF36F8F 		isb														
 2557 004a BFF34F8F 		dsb														
 2558              	
 2559              	@ 0 "" 2
 2560              		.thumb
 2561              		.syntax unified
 2562              	.L186:
 2563              	.LBE162:
 2564              	.LBE161:
1438:Middlewares/Third_Party/FreeRTOS/Source/queue.c **** 	}
 2565              		.loc 1 1438 3 discriminator 9 view .LVU779
1438:Middlewares/Third_Party/FreeRTOS/Source/queue.c **** 	}
 2566              		.loc 1 1438 3 discriminator 9 view .LVU780
1438:Middlewares/Third_Party/FreeRTOS/Source/queue.c **** 	}
 2567              		.loc 1 1438 3 discriminator 9 view .LVU781
 2568 004e FEE7     		b	.L186
 2569              	.L203:
 2570 0050 0026     		movs	r6, #0
 2571 0052 3546     		mov	r5, r6
 2572 0054 55E0     		b	.L187
 2573              	.L204:
 2574 0056 0646     		mov	r6, r0
 2575 0058 53E0     		b	.L187
 2576              	.LVL196:
 2577              	.L210:
 2578              	.LBB163:
1458:Middlewares/Third_Party/FreeRTOS/Source/queue.c **** 
 2579              		.loc 1 1458 34 view .LVU782
1462:Middlewares/Third_Party/FreeRTOS/Source/queue.c **** 
 2580              		.loc 1 1462 5 view .LVU783
1462:Middlewares/Third_Party/FreeRTOS/Source/queue.c **** 
 2581              		.loc 1 1462 51 is_stmt 0 view .LVU784
 2582 005a 013B     		subs	r3, r3, #1
 2583              	.LVL197:
1462:Middlewares/Third_Party/FreeRTOS/Source/queue.c **** 
 2584              		.loc 1 1462 32 view .LVU785
 2585 005c A363     		str	r3, [r4, #56]
1466:Middlewares/Third_Party/FreeRTOS/Source/queue.c **** 					{
 2586              		.loc 1 1466 6 is_stmt 1 view .LVU786
1466:Middlewares/Third_Party/FreeRTOS/Source/queue.c **** 					{
ARM GAS  D:\TMP\ccboKuyk.s 			page 104


 2587              		.loc 1 1466 17 is_stmt 0 view .LVU787
 2588 005e 2368     		ldr	r3, [r4]
 2589              	.LVL198:
1466:Middlewares/Third_Party/FreeRTOS/Source/queue.c **** 					{
 2590              		.loc 1 1466 8 view .LVU788
 2591 0060 3BB1     		cbz	r3, .L207
 2592              	.LVL199:
 2593              	.L189:
1474:Middlewares/Third_Party/FreeRTOS/Source/queue.c **** 					}
 2594              		.loc 1 1474 31 is_stmt 1 view .LVU789
1481:Middlewares/Third_Party/FreeRTOS/Source/queue.c **** 				{
 2595              		.loc 1 1481 5 view .LVU790
1481:Middlewares/Third_Party/FreeRTOS/Source/queue.c **** 				{
 2596              		.loc 1 1481 9 is_stmt 0 view .LVU791
 2597 0062 2369     		ldr	r3, [r4, #16]
1481:Middlewares/Third_Party/FreeRTOS/Source/queue.c **** 				{
 2598              		.loc 1 1481 7 view .LVU792
 2599 0064 4BB9     		cbnz	r3, .L208
 2600              	.L190:
1494:Middlewares/Third_Party/FreeRTOS/Source/queue.c **** 				}
 2601              		.loc 1 1494 30 is_stmt 1 view .LVU793
1497:Middlewares/Third_Party/FreeRTOS/Source/queue.c **** 				return pdPASS;
 2602              		.loc 1 1497 5 view .LVU794
 2603 0066 FFF7FEFF 		bl	vPortExitCritical
 2604              	.LVL200:
1498:Middlewares/Third_Party/FreeRTOS/Source/queue.c **** 			}
 2605              		.loc 1 1498 5 view .LVU795
1498:Middlewares/Third_Party/FreeRTOS/Source/queue.c **** 			}
 2606              		.loc 1 1498 12 is_stmt 0 view .LVU796
 2607 006a 0126     		movs	r6, #1
 2608              	.LVL201:
 2609              	.L180:
1498:Middlewares/Third_Party/FreeRTOS/Source/queue.c **** 			}
 2610              		.loc 1 1498 12 view .LVU797
 2611              	.LBE163:
1633:Middlewares/Third_Party/FreeRTOS/Source/queue.c **** /*-----------------------------------------------------------*/
 2612              		.loc 1 1633 1 view .LVU798
 2613 006c 3046     		mov	r0, r6
 2614 006e 04B0     		add	sp, sp, #16
 2615              	.LCFI29:
 2616              		.cfi_remember_state
 2617              		.cfi_def_cfa_offset 16
 2618              		@ sp needed
 2619 0070 70BD     		pop	{r4, r5, r6, pc}
 2620              	.LVL202:
 2621              	.L207:
 2622              	.LCFI30:
 2623              		.cfi_restore_state
 2624              	.LBB166:
1470:Middlewares/Third_Party/FreeRTOS/Source/queue.c **** 					}
 2625              		.loc 1 1470 7 is_stmt 1 view .LVU799
1470:Middlewares/Third_Party/FreeRTOS/Source/queue.c **** 					}
 2626              		.loc 1 1470 44 is_stmt 0 view .LVU800
 2627 0072 FFF7FEFF 		bl	pvTaskIncrementMutexHeldCount
 2628              	.LVL203:
1470:Middlewares/Third_Party/FreeRTOS/Source/queue.c **** 					}
 2629              		.loc 1 1470 42 discriminator 1 view .LVU801
ARM GAS  D:\TMP\ccboKuyk.s 			page 105


 2630 0076 A060     		str	r0, [r4, #8]
 2631 0078 F3E7     		b	.L189
 2632              	.L208:
1483:Middlewares/Third_Party/FreeRTOS/Source/queue.c **** 					{
 2633              		.loc 1 1483 6 is_stmt 1 view .LVU802
1483:Middlewares/Third_Party/FreeRTOS/Source/queue.c **** 					{
 2634              		.loc 1 1483 10 is_stmt 0 view .LVU803
 2635 007a 04F11000 		add	r0, r4, #16
 2636 007e FFF7FEFF 		bl	xTaskRemoveFromEventList
 2637              	.LVL204:
1483:Middlewares/Third_Party/FreeRTOS/Source/queue.c **** 					{
 2638              		.loc 1 1483 8 discriminator 1 view .LVU804
 2639 0082 0028     		cmp	r0, #0
 2640 0084 EFD0     		beq	.L190
1485:Middlewares/Third_Party/FreeRTOS/Source/queue.c **** 					}
 2641              		.loc 1 1485 7 is_stmt 1 view .LVU805
 2642 0086 4FF0E023 		mov	r3, #-536813568
 2643 008a 4FF08052 		mov	r2, #268435456
 2644 008e C3F8042D 		str	r2, [r3, #3332]
1485:Middlewares/Third_Party/FreeRTOS/Source/queue.c **** 					}
 2645              		.loc 1 1485 7 view .LVU806
 2646              		.syntax unified
 2647              	@ 1485 "Middlewares/Third_Party/FreeRTOS/Source/queue.c" 1
 2648 0092 BFF34F8F 		dsb
 2649              	@ 0 "" 2
1485:Middlewares/Third_Party/FreeRTOS/Source/queue.c **** 					}
 2650              		.loc 1 1485 7 view .LVU807
 2651              	@ 1485 "Middlewares/Third_Party/FreeRTOS/Source/queue.c" 1
 2652 0096 BFF36F8F 		isb
 2653              	@ 0 "" 2
1485:Middlewares/Third_Party/FreeRTOS/Source/queue.c **** 					}
 2654              		.loc 1 1485 39 view .LVU808
 2655              		.thumb
 2656              		.syntax unified
 2657 009a E4E7     		b	.L190
 2658              	.L211:
1509:Middlewares/Third_Party/FreeRTOS/Source/queue.c **** 					}
 2659              		.loc 1 1509 7 view .LVU809
 2660 009c 46B1     		cbz	r6, .L193
1509:Middlewares/Third_Party/FreeRTOS/Source/queue.c **** 					}
 2661              		.loc 1 1509 7 discriminator 1 view .LVU810
 2662              	.LBB164:
 2663              	.LBI164:
 193:Middlewares/Third_Party/FreeRTOS/Source/portable/GCC/ARM_CM3/portmacro.h **** {
 2664              		.loc 2 193 30 view .LVU811
 2665              	.LBB165:
 195:Middlewares/Third_Party/FreeRTOS/Source/portable/GCC/ARM_CM3/portmacro.h **** 
 2666              		.loc 2 195 1 view .LVU812
 197:Middlewares/Third_Party/FreeRTOS/Source/portable/GCC/ARM_CM3/portmacro.h **** 	(
 2667              		.loc 2 197 2 view .LVU813
 2668              		.syntax unified
 2669              	@ 197 "Middlewares/Third_Party/FreeRTOS/Source/portable/GCC/ARM_CM3/portmacro.h" 1
 2670 009e 4FF02003 			mov r3, #32												
 2671 00a2 83F31188 		msr basepri, r3											
 2672 00a6 BFF36F8F 		isb														
 2673 00aa BFF34F8F 		dsb														
 2674              	
ARM GAS  D:\TMP\ccboKuyk.s 			page 106


 2675              	@ 0 "" 2
 2676              		.thumb
 2677              		.syntax unified
 2678              	.L194:
 2679              	.LBE165:
 2680              	.LBE164:
1509:Middlewares/Third_Party/FreeRTOS/Source/queue.c **** 					}
 2681              		.loc 1 1509 7 discriminator 3 view .LVU814
1509:Middlewares/Third_Party/FreeRTOS/Source/queue.c **** 					}
 2682              		.loc 1 1509 7 discriminator 3 view .LVU815
1509:Middlewares/Third_Party/FreeRTOS/Source/queue.c **** 					}
 2683              		.loc 1 1509 7 discriminator 3 view .LVU816
 2684 00ae FEE7     		b	.L194
 2685              	.L193:
1509:Middlewares/Third_Party/FreeRTOS/Source/queue.c **** 					}
 2686              		.loc 1 1509 54 discriminator 2 view .LVU817
1515:Middlewares/Third_Party/FreeRTOS/Source/queue.c **** 					traceQUEUE_RECEIVE_FAILED( pxQueue );
 2687              		.loc 1 1515 6 view .LVU818
 2688 00b0 FFF7FEFF 		bl	vPortExitCritical
 2689              	.LVL205:
1516:Middlewares/Third_Party/FreeRTOS/Source/queue.c **** 					return errQUEUE_EMPTY;
 2690              		.loc 1 1516 42 view .LVU819
1517:Middlewares/Third_Party/FreeRTOS/Source/queue.c **** 				}
 2691              		.loc 1 1517 6 view .LVU820
1517:Middlewares/Third_Party/FreeRTOS/Source/queue.c **** 				}
 2692              		.loc 1 1517 13 is_stmt 0 view .LVU821
 2693 00b4 DAE7     		b	.L180
 2694              	.L212:
1523:Middlewares/Third_Party/FreeRTOS/Source/queue.c **** 					xEntryTimeSet = pdTRUE;
 2695              		.loc 1 1523 6 is_stmt 1 view .LVU822
 2696 00b6 02A8     		add	r0, sp, #8
 2697 00b8 FFF7FEFF 		bl	vTaskInternalSetTimeOutState
 2698              	.LVL206:
1524:Middlewares/Third_Party/FreeRTOS/Source/queue.c **** 				}
 2699              		.loc 1 1524 6 view .LVU823
1524:Middlewares/Third_Party/FreeRTOS/Source/queue.c **** 				}
 2700              		.loc 1 1524 20 is_stmt 0 view .LVU824
 2701 00bc 0125     		movs	r5, #1
 2702 00be 2AE0     		b	.L195
 2703              	.LVL207:
 2704              	.L213:
1524:Middlewares/Third_Party/FreeRTOS/Source/queue.c **** 				}
 2705              		.loc 1 1524 20 view .LVU825
 2706              	.LBE166:
1539:Middlewares/Third_Party/FreeRTOS/Source/queue.c **** 
 2707              		.loc 1 1539 3 is_stmt 1 discriminator 1 view .LVU826
 2708 00c0 0023     		movs	r3, #0
 2709 00c2 84F84430 		strb	r3, [r4, #68]
 2710 00c6 32E0     		b	.L196
 2711              	.L214:
1539:Middlewares/Third_Party/FreeRTOS/Source/queue.c **** 
 2712              		.loc 1 1539 3 discriminator 4 view .LVU827
 2713 00c8 0023     		movs	r3, #0
 2714 00ca 84F84530 		strb	r3, [r4, #69]
 2715 00ce 34E0     		b	.L197
 2716              	.L215:
1556:Middlewares/Third_Party/FreeRTOS/Source/queue.c **** 						{
ARM GAS  D:\TMP\ccboKuyk.s 			page 107


 2717              		.loc 1 1556 7 view .LVU828
 2718 00d0 FFF7FEFF 		bl	vPortEnterCritical
 2719              	.LVL208:
1558:Middlewares/Third_Party/FreeRTOS/Source/queue.c **** 						}
 2720              		.loc 1 1558 8 view .LVU829
1558:Middlewares/Third_Party/FreeRTOS/Source/queue.c **** 						}
 2721              		.loc 1 1558 31 is_stmt 0 view .LVU830
 2722 00d4 A068     		ldr	r0, [r4, #8]
 2723 00d6 FFF7FEFF 		bl	xTaskPriorityInherit
 2724              	.LVL209:
 2725 00da 0646     		mov	r6, r0
 2726              	.LVL210:
1560:Middlewares/Third_Party/FreeRTOS/Source/queue.c **** 					}
 2727              		.loc 1 1560 7 is_stmt 1 view .LVU831
 2728 00dc FFF7FEFF 		bl	vPortExitCritical
 2729              	.LVL211:
1560:Middlewares/Third_Party/FreeRTOS/Source/queue.c **** 					}
 2730              		.loc 1 1560 7 is_stmt 0 view .LVU832
 2731 00e0 3BE0     		b	.L200
 2732              	.L199:
1584:Middlewares/Third_Party/FreeRTOS/Source/queue.c **** 				( void ) xTaskResumeAll();
 2733              		.loc 1 1584 5 is_stmt 1 view .LVU833
 2734 00e2 2046     		mov	r0, r4
 2735 00e4 FFF7FEFF 		bl	prvUnlockQueue
 2736              	.LVL212:
1585:Middlewares/Third_Party/FreeRTOS/Source/queue.c **** 			}
 2737              		.loc 1 1585 5 view .LVU834
1585:Middlewares/Third_Party/FreeRTOS/Source/queue.c **** 			}
 2738              		.loc 1 1585 14 is_stmt 0 view .LVU835
 2739 00e8 FFF7FEFF 		bl	xTaskResumeAll
 2740              	.LVL213:
 2741 00ec 09E0     		b	.L187
 2742              	.L198:
1591:Middlewares/Third_Party/FreeRTOS/Source/queue.c **** 			( void ) xTaskResumeAll();
 2743              		.loc 1 1591 4 is_stmt 1 view .LVU836
 2744 00ee 2046     		mov	r0, r4
 2745 00f0 FFF7FEFF 		bl	prvUnlockQueue
 2746              	.LVL214:
1592:Middlewares/Third_Party/FreeRTOS/Source/queue.c **** 
 2747              		.loc 1 1592 4 view .LVU837
1592:Middlewares/Third_Party/FreeRTOS/Source/queue.c **** 
 2748              		.loc 1 1592 13 is_stmt 0 view .LVU838
 2749 00f4 FFF7FEFF 		bl	xTaskResumeAll
 2750              	.LVL215:
1598:Middlewares/Third_Party/FreeRTOS/Source/queue.c **** 			{
 2751              		.loc 1 1598 4 is_stmt 1 view .LVU839
1598:Middlewares/Third_Party/FreeRTOS/Source/queue.c **** 			{
 2752              		.loc 1 1598 8 is_stmt 0 view .LVU840
 2753 00f8 2046     		mov	r0, r4
 2754 00fa FFF7FEFF 		bl	prvIsQueueEmpty
 2755              	.LVL216:
1598:Middlewares/Third_Party/FreeRTOS/Source/queue.c **** 			{
 2756              		.loc 1 1598 6 discriminator 1 view .LVU841
 2757 00fe 0028     		cmp	r0, #0
 2758 0100 42D1     		bne	.L209
 2759              	.LVL217:
 2760              	.L187:
ARM GAS  D:\TMP\ccboKuyk.s 			page 108


1438:Middlewares/Third_Party/FreeRTOS/Source/queue.c **** 	}
 2761              		.loc 1 1438 104 is_stmt 1 discriminator 8 view .LVU842
1446:Middlewares/Third_Party/FreeRTOS/Source/queue.c **** 	{
 2762              		.loc 1 1446 2 view .LVU843
1448:Middlewares/Third_Party/FreeRTOS/Source/queue.c **** 		{
 2763              		.loc 1 1448 3 view .LVU844
 2764 0102 FFF7FEFF 		bl	vPortEnterCritical
 2765              	.LVL218:
 2766              	.LBB167:
1452:Middlewares/Third_Party/FreeRTOS/Source/queue.c **** 
 2767              		.loc 1 1452 4 view .LVU845
1452:Middlewares/Third_Party/FreeRTOS/Source/queue.c **** 
 2768              		.loc 1 1452 22 is_stmt 0 view .LVU846
 2769 0106 A36B     		ldr	r3, [r4, #56]
 2770              	.LVL219:
1456:Middlewares/Third_Party/FreeRTOS/Source/queue.c **** 			{
 2771              		.loc 1 1456 4 is_stmt 1 view .LVU847
1456:Middlewares/Third_Party/FreeRTOS/Source/queue.c **** 			{
 2772              		.loc 1 1456 6 is_stmt 0 view .LVU848
 2773 0108 002B     		cmp	r3, #0
 2774 010a A6D1     		bne	.L210
1502:Middlewares/Third_Party/FreeRTOS/Source/queue.c **** 				{
 2775              		.loc 1 1502 5 is_stmt 1 view .LVU849
1502:Middlewares/Third_Party/FreeRTOS/Source/queue.c **** 				{
 2776              		.loc 1 1502 22 is_stmt 0 view .LVU850
 2777 010c 019B     		ldr	r3, [sp, #4]
 2778              	.LVL220:
1502:Middlewares/Third_Party/FreeRTOS/Source/queue.c **** 				{
 2779              		.loc 1 1502 7 view .LVU851
 2780 010e 002B     		cmp	r3, #0
 2781 0110 C4D0     		beq	.L211
1519:Middlewares/Third_Party/FreeRTOS/Source/queue.c **** 				{
 2782              		.loc 1 1519 10 is_stmt 1 view .LVU852
1519:Middlewares/Third_Party/FreeRTOS/Source/queue.c **** 				{
 2783              		.loc 1 1519 12 is_stmt 0 view .LVU853
 2784 0112 002D     		cmp	r5, #0
 2785 0114 CFD0     		beq	.L212
 2786              	.LVL221:
 2787              	.L195:
1529:Middlewares/Third_Party/FreeRTOS/Source/queue.c **** 				}
 2788              		.loc 1 1529 30 is_stmt 1 view .LVU854
 2789              	.LBE167:
1533:Middlewares/Third_Party/FreeRTOS/Source/queue.c **** 
 2790              		.loc 1 1533 3 view .LVU855
 2791 0116 FFF7FEFF 		bl	vPortExitCritical
 2792              	.LVL222:
1538:Middlewares/Third_Party/FreeRTOS/Source/queue.c **** 		prvLockQueue( pxQueue );
 2793              		.loc 1 1538 3 view .LVU856
 2794 011a FFF7FEFF 		bl	vTaskSuspendAll
 2795              	.LVL223:
1539:Middlewares/Third_Party/FreeRTOS/Source/queue.c **** 
 2796              		.loc 1 1539 3 view .LVU857
 2797 011e FFF7FEFF 		bl	vPortEnterCritical
 2798              	.LVL224:
1539:Middlewares/Third_Party/FreeRTOS/Source/queue.c **** 
 2799              		.loc 1 1539 3 discriminator 1 view .LVU858
 2800 0122 94F84430 		ldrb	r3, [r4, #68]	@ zero_extendqisi2
ARM GAS  D:\TMP\ccboKuyk.s 			page 109


 2801 0126 5BB2     		sxtb	r3, r3
 2802 0128 B3F1FF3F 		cmp	r3, #-1
 2803 012c C8D0     		beq	.L213
 2804              	.L196:
1539:Middlewares/Third_Party/FreeRTOS/Source/queue.c **** 
 2805              		.loc 1 1539 3 discriminator 3 view .LVU859
 2806 012e 94F84530 		ldrb	r3, [r4, #69]	@ zero_extendqisi2
 2807 0132 5BB2     		sxtb	r3, r3
 2808 0134 B3F1FF3F 		cmp	r3, #-1
 2809 0138 C6D0     		beq	.L214
 2810              	.L197:
1539:Middlewares/Third_Party/FreeRTOS/Source/queue.c **** 
 2811              		.loc 1 1539 3 discriminator 6 view .LVU860
 2812 013a FFF7FEFF 		bl	vPortExitCritical
 2813              	.LVL225:
1542:Middlewares/Third_Party/FreeRTOS/Source/queue.c **** 		{
 2814              		.loc 1 1542 3 view .LVU861
1542:Middlewares/Third_Party/FreeRTOS/Source/queue.c **** 		{
 2815              		.loc 1 1542 7 is_stmt 0 view .LVU862
 2816 013e 01A9     		add	r1, sp, #4
 2817 0140 02A8     		add	r0, sp, #8
 2818 0142 FFF7FEFF 		bl	xTaskCheckForTimeOut
 2819              	.LVL226:
1542:Middlewares/Third_Party/FreeRTOS/Source/queue.c **** 		{
 2820              		.loc 1 1542 5 discriminator 1 view .LVU863
 2821 0146 0028     		cmp	r0, #0
 2822 0148 D1D1     		bne	.L198
1548:Middlewares/Third_Party/FreeRTOS/Source/queue.c **** 			{
 2823              		.loc 1 1548 4 is_stmt 1 view .LVU864
1548:Middlewares/Third_Party/FreeRTOS/Source/queue.c **** 			{
 2824              		.loc 1 1548 8 is_stmt 0 view .LVU865
 2825 014a 2046     		mov	r0, r4
 2826 014c FFF7FEFF 		bl	prvIsQueueEmpty
 2827              	.LVL227:
1548:Middlewares/Third_Party/FreeRTOS/Source/queue.c **** 			{
 2828              		.loc 1 1548 6 discriminator 1 view .LVU866
 2829 0150 0028     		cmp	r0, #0
 2830 0152 C6D0     		beq	.L199
1550:Middlewares/Third_Party/FreeRTOS/Source/queue.c **** 
 2831              		.loc 1 1550 46 is_stmt 1 view .LVU867
1554:Middlewares/Third_Party/FreeRTOS/Source/queue.c **** 					{
 2832              		.loc 1 1554 6 view .LVU868
1554:Middlewares/Third_Party/FreeRTOS/Source/queue.c **** 					{
 2833              		.loc 1 1554 17 is_stmt 0 view .LVU869
 2834 0154 2368     		ldr	r3, [r4]
1554:Middlewares/Third_Party/FreeRTOS/Source/queue.c **** 					{
 2835              		.loc 1 1554 8 view .LVU870
 2836 0156 002B     		cmp	r3, #0
 2837 0158 BAD0     		beq	.L215
 2838              	.L200:
1564:Middlewares/Third_Party/FreeRTOS/Source/queue.c **** 					}
 2839              		.loc 1 1564 31 is_stmt 1 view .LVU871
1569:Middlewares/Third_Party/FreeRTOS/Source/queue.c **** 				prvUnlockQueue( pxQueue );
 2840              		.loc 1 1569 5 view .LVU872
 2841 015a 0199     		ldr	r1, [sp, #4]
 2842 015c 04F12400 		add	r0, r4, #36
 2843 0160 FFF7FEFF 		bl	vTaskPlaceOnEventList
ARM GAS  D:\TMP\ccboKuyk.s 			page 110


 2844              	.LVL228:
1570:Middlewares/Third_Party/FreeRTOS/Source/queue.c **** 				if( xTaskResumeAll() == pdFALSE )
 2845              		.loc 1 1570 5 view .LVU873
 2846 0164 2046     		mov	r0, r4
 2847 0166 FFF7FEFF 		bl	prvUnlockQueue
 2848              	.LVL229:
1571:Middlewares/Third_Party/FreeRTOS/Source/queue.c **** 				{
 2849              		.loc 1 1571 5 view .LVU874
1571:Middlewares/Third_Party/FreeRTOS/Source/queue.c **** 				{
 2850              		.loc 1 1571 9 is_stmt 0 view .LVU875
 2851 016a FFF7FEFF 		bl	xTaskResumeAll
 2852              	.LVL230:
1571:Middlewares/Third_Party/FreeRTOS/Source/queue.c **** 				{
 2853              		.loc 1 1571 7 discriminator 1 view .LVU876
 2854 016e 0028     		cmp	r0, #0
 2855 0170 C7D1     		bne	.L187
1573:Middlewares/Third_Party/FreeRTOS/Source/queue.c **** 				}
 2856              		.loc 1 1573 6 is_stmt 1 view .LVU877
 2857 0172 4FF0E023 		mov	r3, #-536813568
 2858 0176 4FF08052 		mov	r2, #268435456
 2859 017a C3F8042D 		str	r2, [r3, #3332]
1573:Middlewares/Third_Party/FreeRTOS/Source/queue.c **** 				}
 2860              		.loc 1 1573 6 view .LVU878
 2861              		.syntax unified
 2862              	@ 1573 "Middlewares/Third_Party/FreeRTOS/Source/queue.c" 1
 2863 017e BFF34F8F 		dsb
 2864              	@ 0 "" 2
1573:Middlewares/Third_Party/FreeRTOS/Source/queue.c **** 				}
 2865              		.loc 1 1573 6 view .LVU879
 2866              	@ 1573 "Middlewares/Third_Party/FreeRTOS/Source/queue.c" 1
 2867 0182 BFF36F8F 		isb
 2868              	@ 0 "" 2
1573:Middlewares/Third_Party/FreeRTOS/Source/queue.c **** 				}
 2869              		.loc 1 1573 28 view .LVU880
 2870              		.thumb
 2871              		.syntax unified
 2872 0186 BCE7     		b	.L187
 2873              	.L209:
1605:Middlewares/Third_Party/FreeRTOS/Source/queue.c **** 					{
 2874              		.loc 1 1605 6 view .LVU881
1605:Middlewares/Third_Party/FreeRTOS/Source/queue.c **** 					{
 2875              		.loc 1 1605 8 is_stmt 0 view .LVU882
 2876 0188 0EB9     		cbnz	r6, .L216
 2877              	.L202:
1624:Middlewares/Third_Party/FreeRTOS/Source/queue.c **** 				return errQUEUE_EMPTY;
 2878              		.loc 1 1624 41 is_stmt 1 view .LVU883
1625:Middlewares/Third_Party/FreeRTOS/Source/queue.c **** 			}
 2879              		.loc 1 1625 5 view .LVU884
1625:Middlewares/Third_Party/FreeRTOS/Source/queue.c **** 			}
 2880              		.loc 1 1625 12 is_stmt 0 view .LVU885
 2881 018a 0026     		movs	r6, #0
 2882              	.LVL231:
1625:Middlewares/Third_Party/FreeRTOS/Source/queue.c **** 			}
 2883              		.loc 1 1625 12 view .LVU886
 2884 018c 6EE7     		b	.L180
 2885              	.LVL232:
 2886              	.L216:
ARM GAS  D:\TMP\ccboKuyk.s 			page 111


1607:Middlewares/Third_Party/FreeRTOS/Source/queue.c **** 						{
 2887              		.loc 1 1607 7 is_stmt 1 view .LVU887
 2888 018e FFF7FEFF 		bl	vPortEnterCritical
 2889              	.LVL233:
 2890              	.LBB168:
1609:Middlewares/Third_Party/FreeRTOS/Source/queue.c **** 
 2891              		.loc 1 1609 8 view .LVU888
1616:Middlewares/Third_Party/FreeRTOS/Source/queue.c **** 							vTaskPriorityDisinheritAfterTimeout( pxQueue->u.xSemaphore.xMutexHolder, uxHighestWaitingPri
 2892              		.loc 1 1616 8 view .LVU889
1616:Middlewares/Third_Party/FreeRTOS/Source/queue.c **** 							vTaskPriorityDisinheritAfterTimeout( pxQueue->u.xSemaphore.xMutexHolder, uxHighestWaitingPri
 2893              		.loc 1 1616 35 is_stmt 0 view .LVU890
 2894 0192 2046     		mov	r0, r4
 2895 0194 FFF7FEFF 		bl	prvGetDisinheritPriorityAfterTimeout
 2896              	.LVL234:
 2897 0198 0146     		mov	r1, r0
 2898              	.LVL235:
1617:Middlewares/Third_Party/FreeRTOS/Source/queue.c **** 						}
 2899              		.loc 1 1617 8 is_stmt 1 view .LVU891
 2900 019a A068     		ldr	r0, [r4, #8]
 2901              	.LVL236:
1617:Middlewares/Third_Party/FreeRTOS/Source/queue.c **** 						}
 2902              		.loc 1 1617 8 is_stmt 0 view .LVU892
 2903 019c FFF7FEFF 		bl	vTaskPriorityDisinheritAfterTimeout
 2904              	.LVL237:
1617:Middlewares/Third_Party/FreeRTOS/Source/queue.c **** 						}
 2905              		.loc 1 1617 8 view .LVU893
 2906              	.LBE168:
1619:Middlewares/Third_Party/FreeRTOS/Source/queue.c **** 					}
 2907              		.loc 1 1619 7 is_stmt 1 view .LVU894
 2908 01a0 FFF7FEFF 		bl	vPortExitCritical
 2909              	.LVL238:
 2910 01a4 F1E7     		b	.L202
 2911              		.cfi_endproc
 2912              	.LFE17:
 2914              		.section	.text.xQueueTakeMutexRecursive,"ax",%progbits
 2915              		.align	1
 2916              		.global	xQueueTakeMutexRecursive
 2917              		.syntax unified
 2918              		.thumb
 2919              		.thumb_func
 2921              	xQueueTakeMutexRecursive:
 2922              	.LVL239:
 2923              	.LFB11:
 645:Middlewares/Third_Party/FreeRTOS/Source/queue.c **** 	BaseType_t xReturn;
 2924              		.loc 1 645 2 view -0
 2925              		.cfi_startproc
 2926              		@ args = 0, pretend = 0, frame = 0
 2927              		@ frame_needed = 0, uses_anonymous_args = 0
 646:Middlewares/Third_Party/FreeRTOS/Source/queue.c **** 	Queue_t * const pxMutex = ( Queue_t * ) xMutex;
 2928              		.loc 1 646 2 view .LVU896
 647:Middlewares/Third_Party/FreeRTOS/Source/queue.c **** 
 2929              		.loc 1 647 2 view .LVU897
 649:Middlewares/Third_Party/FreeRTOS/Source/queue.c **** 
 2930              		.loc 1 649 3 view .LVU898
 2931 0000 80B1     		cbz	r0, .L224
 645:Middlewares/Third_Party/FreeRTOS/Source/queue.c **** 	BaseType_t xReturn;
 2932              		.loc 1 645 2 is_stmt 0 view .LVU899
ARM GAS  D:\TMP\ccboKuyk.s 			page 112


 2933 0002 70B5     		push	{r4, r5, r6, lr}
 2934              	.LCFI31:
 2935              		.cfi_def_cfa_offset 16
 2936              		.cfi_offset 4, -16
 2937              		.cfi_offset 5, -12
 2938              		.cfi_offset 6, -8
 2939              		.cfi_offset 14, -4
 2940 0004 0C46     		mov	r4, r1
 2941 0006 0546     		mov	r5, r0
 649:Middlewares/Third_Party/FreeRTOS/Source/queue.c **** 
 2942              		.loc 1 649 26 is_stmt 1 discriminator 2 view .LVU900
 654:Middlewares/Third_Party/FreeRTOS/Source/queue.c **** 
 2943              		.loc 1 654 39 view .LVU901
 656:Middlewares/Third_Party/FreeRTOS/Source/queue.c **** 		{
 2944              		.loc 1 656 3 view .LVU902
 656:Middlewares/Third_Party/FreeRTOS/Source/queue.c **** 		{
 2945              		.loc 1 656 28 is_stmt 0 view .LVU903
 2946 0008 8668     		ldr	r6, [r0, #8]
 656:Middlewares/Third_Party/FreeRTOS/Source/queue.c **** 		{
 2947              		.loc 1 656 45 view .LVU904
 2948 000a FFF7FEFF 		bl	xTaskGetCurrentTaskHandle
 2949              	.LVL240:
 656:Middlewares/Third_Party/FreeRTOS/Source/queue.c **** 		{
 2950              		.loc 1 656 5 discriminator 1 view .LVU905
 2951 000e 8642     		cmp	r6, r0
 2952 0010 11D0     		beq	.L225
 663:Middlewares/Third_Party/FreeRTOS/Source/queue.c **** 
 2953              		.loc 1 663 4 is_stmt 1 view .LVU906
 663:Middlewares/Third_Party/FreeRTOS/Source/queue.c **** 
 2954              		.loc 1 663 14 is_stmt 0 view .LVU907
 2955 0012 2146     		mov	r1, r4
 2956 0014 2846     		mov	r0, r5
 2957 0016 FFF7FEFF 		bl	xQueueSemaphoreTake
 2958              	.LVL241:
 668:Middlewares/Third_Party/FreeRTOS/Source/queue.c **** 			{
 2959              		.loc 1 668 4 is_stmt 1 view .LVU908
 668:Middlewares/Third_Party/FreeRTOS/Source/queue.c **** 			{
 2960              		.loc 1 668 6 is_stmt 0 view .LVU909
 2961 001a 80B1     		cbz	r0, .L217
 670:Middlewares/Third_Party/FreeRTOS/Source/queue.c **** 			}
 2962              		.loc 1 670 5 is_stmt 1 view .LVU910
 670:Middlewares/Third_Party/FreeRTOS/Source/queue.c **** 			}
 2963              		.loc 1 670 28 is_stmt 0 view .LVU911
 2964 001c EB68     		ldr	r3, [r5, #12]
 670:Middlewares/Third_Party/FreeRTOS/Source/queue.c **** 			}
 2965              		.loc 1 670 51 view .LVU912
 2966 001e 0133     		adds	r3, r3, #1
 2967 0020 EB60     		str	r3, [r5, #12]
 674:Middlewares/Third_Party/FreeRTOS/Source/queue.c **** 			}
 2968              		.loc 1 674 48 is_stmt 1 view .LVU913
 678:Middlewares/Third_Party/FreeRTOS/Source/queue.c **** 	}
 2969              		.loc 1 678 3 view .LVU914
 678:Middlewares/Third_Party/FreeRTOS/Source/queue.c **** 	}
 2970              		.loc 1 678 10 is_stmt 0 view .LVU915
 2971 0022 0CE0     		b	.L217
 2972              	.LVL242:
 2973              	.L224:
ARM GAS  D:\TMP\ccboKuyk.s 			page 113


 2974              	.LCFI32:
 2975              		.cfi_def_cfa_offset 0
 2976              		.cfi_restore 4
 2977              		.cfi_restore 5
 2978              		.cfi_restore 6
 2979              		.cfi_restore 14
 649:Middlewares/Third_Party/FreeRTOS/Source/queue.c **** 
 2980              		.loc 1 649 3 is_stmt 1 discriminator 1 view .LVU916
 2981              	.LBB169:
 2982              	.LBI169:
 193:Middlewares/Third_Party/FreeRTOS/Source/portable/GCC/ARM_CM3/portmacro.h **** {
 2983              		.loc 2 193 30 view .LVU917
 2984              	.LBB170:
 195:Middlewares/Third_Party/FreeRTOS/Source/portable/GCC/ARM_CM3/portmacro.h **** 
 2985              		.loc 2 195 1 view .LVU918
 197:Middlewares/Third_Party/FreeRTOS/Source/portable/GCC/ARM_CM3/portmacro.h **** 	(
 2986              		.loc 2 197 2 view .LVU919
 2987              		.syntax unified
 2988              	@ 197 "Middlewares/Third_Party/FreeRTOS/Source/portable/GCC/ARM_CM3/portmacro.h" 1
 2989 0024 4FF02003 			mov r3, #32												
 2990 0028 83F31188 		msr basepri, r3											
 2991 002c BFF36F8F 		isb														
 2992 0030 BFF34F8F 		dsb														
 2993              	
 2994              	@ 0 "" 2
 2995              		.thumb
 2996              		.syntax unified
 2997              	.L219:
 2998              	.LBE170:
 2999              	.LBE169:
 649:Middlewares/Third_Party/FreeRTOS/Source/queue.c **** 
 3000              		.loc 1 649 3 discriminator 3 view .LVU920
 649:Middlewares/Third_Party/FreeRTOS/Source/queue.c **** 
 3001              		.loc 1 649 3 discriminator 3 view .LVU921
 649:Middlewares/Third_Party/FreeRTOS/Source/queue.c **** 
 3002              		.loc 1 649 3 discriminator 3 view .LVU922
 3003 0034 FEE7     		b	.L219
 3004              	.LVL243:
 3005              	.L225:
 3006              	.LCFI33:
 3007              		.cfi_def_cfa_offset 16
 3008              		.cfi_offset 4, -16
 3009              		.cfi_offset 5, -12
 3010              		.cfi_offset 6, -8
 3011              		.cfi_offset 14, -4
 658:Middlewares/Third_Party/FreeRTOS/Source/queue.c **** 			xReturn = pdPASS;
 3012              		.loc 1 658 4 view .LVU923
 658:Middlewares/Third_Party/FreeRTOS/Source/queue.c **** 			xReturn = pdPASS;
 3013              		.loc 1 658 27 is_stmt 0 view .LVU924
 3014 0036 EB68     		ldr	r3, [r5, #12]
 658:Middlewares/Third_Party/FreeRTOS/Source/queue.c **** 			xReturn = pdPASS;
 3015              		.loc 1 658 50 view .LVU925
 3016 0038 0133     		adds	r3, r3, #1
 3017 003a EB60     		str	r3, [r5, #12]
 659:Middlewares/Third_Party/FreeRTOS/Source/queue.c **** 		}
 3018              		.loc 1 659 4 is_stmt 1 view .LVU926
 3019              	.LVL244:
ARM GAS  D:\TMP\ccboKuyk.s 			page 114


 659:Middlewares/Third_Party/FreeRTOS/Source/queue.c **** 		}
 3020              		.loc 1 659 12 is_stmt 0 view .LVU927
 3021 003c 0120     		movs	r0, #1
 3022              	.LVL245:
 3023              	.L217:
 679:Middlewares/Third_Party/FreeRTOS/Source/queue.c **** 
 3024              		.loc 1 679 2 view .LVU928
 3025 003e 70BD     		pop	{r4, r5, r6, pc}
 679:Middlewares/Third_Party/FreeRTOS/Source/queue.c **** 
 3026              		.loc 1 679 2 view .LVU929
 3027              		.cfi_endproc
 3028              	.LFE11:
 3030              		.section	.text.xQueuePeek,"ax",%progbits
 3031              		.align	1
 3032              		.global	xQueuePeek
 3033              		.syntax unified
 3034              		.thumb
 3035              		.thumb_func
 3037              	xQueuePeek:
 3038              	.LVL246:
 3039              	.LFB18:
1637:Middlewares/Third_Party/FreeRTOS/Source/queue.c **** BaseType_t xEntryTimeSet = pdFALSE;
 3040              		.loc 1 1637 1 is_stmt 1 view -0
 3041              		.cfi_startproc
 3042              		@ args = 0, pretend = 0, frame = 16
 3043              		@ frame_needed = 0, uses_anonymous_args = 0
1637:Middlewares/Third_Party/FreeRTOS/Source/queue.c **** BaseType_t xEntryTimeSet = pdFALSE;
 3044              		.loc 1 1637 1 is_stmt 0 view .LVU931
 3045 0000 70B5     		push	{r4, r5, r6, lr}
 3046              	.LCFI34:
 3047              		.cfi_def_cfa_offset 16
 3048              		.cfi_offset 4, -16
 3049              		.cfi_offset 5, -12
 3050              		.cfi_offset 6, -8
 3051              		.cfi_offset 14, -4
 3052 0002 84B0     		sub	sp, sp, #16
 3053              	.LCFI35:
 3054              		.cfi_def_cfa_offset 32
 3055 0004 0192     		str	r2, [sp, #4]
1638:Middlewares/Third_Party/FreeRTOS/Source/queue.c **** TimeOut_t xTimeOut;
 3056              		.loc 1 1638 1 is_stmt 1 view .LVU932
 3057              	.LVL247:
1639:Middlewares/Third_Party/FreeRTOS/Source/queue.c **** int8_t *pcOriginalReadPosition;
 3058              		.loc 1 1639 1 view .LVU933
1640:Middlewares/Third_Party/FreeRTOS/Source/queue.c **** Queue_t * const pxQueue = xQueue;
 3059              		.loc 1 1640 1 view .LVU934
1641:Middlewares/Third_Party/FreeRTOS/Source/queue.c **** 
 3060              		.loc 1 1641 1 view .LVU935
1644:Middlewares/Third_Party/FreeRTOS/Source/queue.c **** 
 3061              		.loc 1 1644 2 view .LVU936
 3062 0006 90B1     		cbz	r0, .L246
 3063 0008 0E46     		mov	r6, r1
 3064 000a 0446     		mov	r4, r0
1644:Middlewares/Third_Party/FreeRTOS/Source/queue.c **** 
 3065              		.loc 1 1644 29 discriminator 2 view .LVU937
1648:Middlewares/Third_Party/FreeRTOS/Source/queue.c **** 
 3066              		.loc 1 1648 2 view .LVU938
ARM GAS  D:\TMP\ccboKuyk.s 			page 115


 3067 000c C1B1     		cbz	r1, .L247
 3068              	.L229:
1648:Middlewares/Third_Party/FreeRTOS/Source/queue.c **** 
 3069              		.loc 1 1648 100 discriminator 8 view .LVU939
1653:Middlewares/Third_Party/FreeRTOS/Source/queue.c **** 	}
 3070              		.loc 1 1653 3 view .LVU940
 3071 000e FFF7FEFF 		bl	xTaskGetSchedulerState
 3072              	.LVL248:
1653:Middlewares/Third_Party/FreeRTOS/Source/queue.c **** 	}
 3073              		.loc 1 1653 3 is_stmt 0 discriminator 1 view .LVU941
 3074 0012 0546     		mov	r5, r0
 3075 0014 00BB     		cbnz	r0, .L244
1653:Middlewares/Third_Party/FreeRTOS/Source/queue.c **** 	}
 3076              		.loc 1 1653 3 discriminator 2 view .LVU942
 3077 0016 019B     		ldr	r3, [sp, #4]
 3078 0018 002B     		cmp	r3, #0
 3079 001a 5ED0     		beq	.L233
1653:Middlewares/Third_Party/FreeRTOS/Source/queue.c **** 	}
 3080              		.loc 1 1653 3 is_stmt 1 discriminator 7 view .LVU943
 3081              	.LBB171:
 3082              	.LBI171:
 193:Middlewares/Third_Party/FreeRTOS/Source/portable/GCC/ARM_CM3/portmacro.h **** {
 3083              		.loc 2 193 30 view .LVU944
 3084              	.LBB172:
 195:Middlewares/Third_Party/FreeRTOS/Source/portable/GCC/ARM_CM3/portmacro.h **** 
 3085              		.loc 2 195 1 view .LVU945
 197:Middlewares/Third_Party/FreeRTOS/Source/portable/GCC/ARM_CM3/portmacro.h **** 	(
 3086              		.loc 2 197 2 view .LVU946
 3087              		.syntax unified
 3088              	@ 197 "Middlewares/Third_Party/FreeRTOS/Source/portable/GCC/ARM_CM3/portmacro.h" 1
 3089 001c 4FF02003 			mov r3, #32												
 3090 0020 83F31188 		msr basepri, r3											
 3091 0024 BFF36F8F 		isb														
 3092 0028 BFF34F8F 		dsb														
 3093              	
 3094              	@ 0 "" 2
 3095              		.thumb
 3096              		.syntax unified
 3097              	.L232:
 3098              	.LBE172:
 3099              	.LBE171:
1653:Middlewares/Third_Party/FreeRTOS/Source/queue.c **** 	}
 3100              		.loc 1 1653 3 discriminator 9 view .LVU947
1653:Middlewares/Third_Party/FreeRTOS/Source/queue.c **** 	}
 3101              		.loc 1 1653 3 discriminator 9 view .LVU948
1653:Middlewares/Third_Party/FreeRTOS/Source/queue.c **** 	}
 3102              		.loc 1 1653 3 discriminator 9 view .LVU949
 3103 002c FEE7     		b	.L232
 3104              	.LVL249:
 3105              	.L246:
1644:Middlewares/Third_Party/FreeRTOS/Source/queue.c **** 
 3106              		.loc 1 1644 2 discriminator 1 view .LVU950
 3107              	.LBB173:
 3108              	.LBI173:
 193:Middlewares/Third_Party/FreeRTOS/Source/portable/GCC/ARM_CM3/portmacro.h **** {
 3109              		.loc 2 193 30 view .LVU951
 3110              	.LBB174:
ARM GAS  D:\TMP\ccboKuyk.s 			page 116


 195:Middlewares/Third_Party/FreeRTOS/Source/portable/GCC/ARM_CM3/portmacro.h **** 
 3111              		.loc 2 195 1 view .LVU952
 197:Middlewares/Third_Party/FreeRTOS/Source/portable/GCC/ARM_CM3/portmacro.h **** 	(
 3112              		.loc 2 197 2 view .LVU953
 3113              		.syntax unified
 3114              	@ 197 "Middlewares/Third_Party/FreeRTOS/Source/portable/GCC/ARM_CM3/portmacro.h" 1
 3115 002e 4FF02003 			mov r3, #32												
 3116 0032 83F31188 		msr basepri, r3											
 3117 0036 BFF36F8F 		isb														
 3118 003a BFF34F8F 		dsb														
 3119              	
 3120              	@ 0 "" 2
 3121              		.thumb
 3122              		.syntax unified
 3123              	.L228:
 3124              	.LBE174:
 3125              	.LBE173:
1644:Middlewares/Third_Party/FreeRTOS/Source/queue.c **** 
 3126              		.loc 1 1644 2 discriminator 3 view .LVU954
1644:Middlewares/Third_Party/FreeRTOS/Source/queue.c **** 
 3127              		.loc 1 1644 2 discriminator 3 view .LVU955
1644:Middlewares/Third_Party/FreeRTOS/Source/queue.c **** 
 3128              		.loc 1 1644 2 discriminator 3 view .LVU956
 3129 003e FEE7     		b	.L228
 3130              	.L247:
1648:Middlewares/Third_Party/FreeRTOS/Source/queue.c **** 
 3131              		.loc 1 1648 2 is_stmt 0 discriminator 2 view .LVU957
 3132 0040 036C     		ldr	r3, [r0, #64]
 3133 0042 002B     		cmp	r3, #0
 3134 0044 E3D0     		beq	.L229
1648:Middlewares/Third_Party/FreeRTOS/Source/queue.c **** 
 3135              		.loc 1 1648 2 is_stmt 1 discriminator 7 view .LVU958
 3136              	.LBB175:
 3137              	.LBI175:
 193:Middlewares/Third_Party/FreeRTOS/Source/portable/GCC/ARM_CM3/portmacro.h **** {
 3138              		.loc 2 193 30 view .LVU959
 3139              	.LBB176:
 195:Middlewares/Third_Party/FreeRTOS/Source/portable/GCC/ARM_CM3/portmacro.h **** 
 3140              		.loc 2 195 1 view .LVU960
 197:Middlewares/Third_Party/FreeRTOS/Source/portable/GCC/ARM_CM3/portmacro.h **** 	(
 3141              		.loc 2 197 2 view .LVU961
 3142              		.syntax unified
 3143              	@ 197 "Middlewares/Third_Party/FreeRTOS/Source/portable/GCC/ARM_CM3/portmacro.h" 1
 3144 0046 4FF02003 			mov r3, #32												
 3145 004a 83F31188 		msr basepri, r3											
 3146 004e BFF36F8F 		isb														
 3147 0052 BFF34F8F 		dsb														
 3148              	
 3149              	@ 0 "" 2
 3150              		.thumb
 3151              		.syntax unified
 3152              	.L230:
 3153              	.LBE176:
 3154              	.LBE175:
1648:Middlewares/Third_Party/FreeRTOS/Source/queue.c **** 
 3155              		.loc 1 1648 2 discriminator 9 view .LVU962
1648:Middlewares/Third_Party/FreeRTOS/Source/queue.c **** 
ARM GAS  D:\TMP\ccboKuyk.s 			page 117


 3156              		.loc 1 1648 2 discriminator 9 view .LVU963
1648:Middlewares/Third_Party/FreeRTOS/Source/queue.c **** 
 3157              		.loc 1 1648 2 discriminator 9 view .LVU964
 3158 0056 FEE7     		b	.L230
 3159              	.LVL250:
 3160              	.L244:
1648:Middlewares/Third_Party/FreeRTOS/Source/queue.c **** 
 3161              		.loc 1 1648 2 is_stmt 0 discriminator 9 view .LVU965
 3162 0058 0025     		movs	r5, #0
 3163 005a 3EE0     		b	.L233
 3164              	.LVL251:
 3165              	.L250:
 3166              	.LBB177:
1674:Middlewares/Third_Party/FreeRTOS/Source/queue.c **** 
 3167              		.loc 1 1674 5 is_stmt 1 view .LVU966
1674:Middlewares/Third_Party/FreeRTOS/Source/queue.c **** 
 3168              		.loc 1 1674 28 is_stmt 0 view .LVU967
 3169 005c E568     		ldr	r5, [r4, #12]
 3170              	.LVL252:
1676:Middlewares/Third_Party/FreeRTOS/Source/queue.c **** 				traceQUEUE_PEEK( pxQueue );
 3171              		.loc 1 1676 5 is_stmt 1 view .LVU968
 3172 005e 3146     		mov	r1, r6
 3173 0060 2046     		mov	r0, r4
 3174 0062 FFF7FEFF 		bl	prvCopyDataFromQueue
 3175              	.LVL253:
1677:Middlewares/Third_Party/FreeRTOS/Source/queue.c **** 
 3176              		.loc 1 1677 31 view .LVU969
1680:Middlewares/Third_Party/FreeRTOS/Source/queue.c **** 
 3177              		.loc 1 1680 5 view .LVU970
1680:Middlewares/Third_Party/FreeRTOS/Source/queue.c **** 
 3178              		.loc 1 1680 34 is_stmt 0 view .LVU971
 3179 0066 E560     		str	r5, [r4, #12]
1684:Middlewares/Third_Party/FreeRTOS/Source/queue.c **** 				{
 3180              		.loc 1 1684 5 is_stmt 1 view .LVU972
1684:Middlewares/Third_Party/FreeRTOS/Source/queue.c **** 				{
 3181              		.loc 1 1684 9 is_stmt 0 view .LVU973
 3182 0068 636A     		ldr	r3, [r4, #36]
1684:Middlewares/Third_Party/FreeRTOS/Source/queue.c **** 				{
 3183              		.loc 1 1684 7 view .LVU974
 3184 006a 23B9     		cbnz	r3, .L248
 3185              	.L235:
1698:Middlewares/Third_Party/FreeRTOS/Source/queue.c **** 				}
 3186              		.loc 1 1698 30 is_stmt 1 view .LVU975
1701:Middlewares/Third_Party/FreeRTOS/Source/queue.c **** 				return pdPASS;
 3187              		.loc 1 1701 5 view .LVU976
 3188 006c FFF7FEFF 		bl	vPortExitCritical
 3189              	.LVL254:
1702:Middlewares/Third_Party/FreeRTOS/Source/queue.c **** 			}
 3190              		.loc 1 1702 5 view .LVU977
1702:Middlewares/Third_Party/FreeRTOS/Source/queue.c **** 			}
 3191              		.loc 1 1702 12 is_stmt 0 view .LVU978
 3192 0070 0120     		movs	r0, #1
 3193              	.LVL255:
 3194              	.L226:
1702:Middlewares/Third_Party/FreeRTOS/Source/queue.c **** 			}
 3195              		.loc 1 1702 12 view .LVU979
 3196              	.LBE177:
ARM GAS  D:\TMP\ccboKuyk.s 			page 118


1782:Middlewares/Third_Party/FreeRTOS/Source/queue.c **** /*-----------------------------------------------------------*/
 3197              		.loc 1 1782 1 view .LVU980
 3198 0072 04B0     		add	sp, sp, #16
 3199              	.LCFI36:
 3200              		.cfi_remember_state
 3201              		.cfi_def_cfa_offset 16
 3202              		@ sp needed
 3203 0074 70BD     		pop	{r4, r5, r6, pc}
 3204              	.LVL256:
 3205              	.L248:
 3206              	.LCFI37:
 3207              		.cfi_restore_state
 3208              	.LBB178:
1686:Middlewares/Third_Party/FreeRTOS/Source/queue.c **** 					{
 3209              		.loc 1 1686 6 is_stmt 1 view .LVU981
1686:Middlewares/Third_Party/FreeRTOS/Source/queue.c **** 					{
 3210              		.loc 1 1686 10 is_stmt 0 view .LVU982
 3211 0076 04F12400 		add	r0, r4, #36
 3212 007a FFF7FEFF 		bl	xTaskRemoveFromEventList
 3213              	.LVL257:
1686:Middlewares/Third_Party/FreeRTOS/Source/queue.c **** 					{
 3214              		.loc 1 1686 8 discriminator 1 view .LVU983
 3215 007e 0028     		cmp	r0, #0
 3216 0080 F4D0     		beq	.L235
1689:Middlewares/Third_Party/FreeRTOS/Source/queue.c **** 					}
 3217              		.loc 1 1689 7 is_stmt 1 view .LVU984
 3218 0082 4FF0E023 		mov	r3, #-536813568
 3219 0086 4FF08052 		mov	r2, #268435456
 3220 008a C3F8042D 		str	r2, [r3, #3332]
1689:Middlewares/Third_Party/FreeRTOS/Source/queue.c **** 					}
 3221              		.loc 1 1689 7 view .LVU985
 3222              		.syntax unified
 3223              	@ 1689 "Middlewares/Third_Party/FreeRTOS/Source/queue.c" 1
 3224 008e BFF34F8F 		dsb
 3225              	@ 0 "" 2
1689:Middlewares/Third_Party/FreeRTOS/Source/queue.c **** 					}
 3226              		.loc 1 1689 7 view .LVU986
 3227              	@ 1689 "Middlewares/Third_Party/FreeRTOS/Source/queue.c" 1
 3228 0092 BFF36F8F 		isb
 3229              	@ 0 "" 2
1689:Middlewares/Third_Party/FreeRTOS/Source/queue.c **** 					}
 3230              		.loc 1 1689 39 view .LVU987
 3231              		.thumb
 3232              		.syntax unified
 3233 0096 E9E7     		b	.L235
 3234              	.LVL258:
 3235              	.L251:
1710:Middlewares/Third_Party/FreeRTOS/Source/queue.c **** 					traceQUEUE_PEEK_FAILED( pxQueue );
 3236              		.loc 1 1710 6 view .LVU988
 3237 0098 FFF7FEFF 		bl	vPortExitCritical
 3238              	.LVL259:
1711:Middlewares/Third_Party/FreeRTOS/Source/queue.c **** 					return errQUEUE_EMPTY;
 3239              		.loc 1 1711 39 view .LVU989
1712:Middlewares/Third_Party/FreeRTOS/Source/queue.c **** 				}
 3240              		.loc 1 1712 6 view .LVU990
1712:Middlewares/Third_Party/FreeRTOS/Source/queue.c **** 				}
 3241              		.loc 1 1712 13 is_stmt 0 view .LVU991
ARM GAS  D:\TMP\ccboKuyk.s 			page 119


 3242 009c 0020     		movs	r0, #0
 3243 009e E8E7     		b	.L226
 3244              	.L252:
1719:Middlewares/Third_Party/FreeRTOS/Source/queue.c **** 					xEntryTimeSet = pdTRUE;
 3245              		.loc 1 1719 6 is_stmt 1 view .LVU992
 3246 00a0 02A8     		add	r0, sp, #8
 3247 00a2 FFF7FEFF 		bl	vTaskInternalSetTimeOutState
 3248              	.LVL260:
1720:Middlewares/Third_Party/FreeRTOS/Source/queue.c **** 				}
 3249              		.loc 1 1720 6 view .LVU993
1720:Middlewares/Third_Party/FreeRTOS/Source/queue.c **** 				}
 3250              		.loc 1 1720 20 is_stmt 0 view .LVU994
 3251 00a6 0125     		movs	r5, #1
 3252 00a8 21E0     		b	.L238
 3253              	.LVL261:
 3254              	.L253:
1720:Middlewares/Third_Party/FreeRTOS/Source/queue.c **** 				}
 3255              		.loc 1 1720 20 view .LVU995
 3256              	.LBE178:
1735:Middlewares/Third_Party/FreeRTOS/Source/queue.c **** 
 3257              		.loc 1 1735 3 is_stmt 1 discriminator 1 view .LVU996
 3258 00aa 0023     		movs	r3, #0
 3259 00ac 84F84430 		strb	r3, [r4, #68]
 3260 00b0 29E0     		b	.L239
 3261              	.L254:
1735:Middlewares/Third_Party/FreeRTOS/Source/queue.c **** 
 3262              		.loc 1 1735 3 discriminator 4 view .LVU997
 3263 00b2 0023     		movs	r3, #0
 3264 00b4 84F84530 		strb	r3, [r4, #69]
 3265 00b8 2BE0     		b	.L240
 3266              	.L242:
1760:Middlewares/Third_Party/FreeRTOS/Source/queue.c **** 				( void ) xTaskResumeAll();
 3267              		.loc 1 1760 5 view .LVU998
 3268 00ba 2046     		mov	r0, r4
 3269 00bc FFF7FEFF 		bl	prvUnlockQueue
 3270              	.LVL262:
1761:Middlewares/Third_Party/FreeRTOS/Source/queue.c **** 			}
 3271              		.loc 1 1761 5 view .LVU999
1761:Middlewares/Third_Party/FreeRTOS/Source/queue.c **** 			}
 3272              		.loc 1 1761 14 is_stmt 0 view .LVU1000
 3273 00c0 FFF7FEFF 		bl	xTaskResumeAll
 3274              	.LVL263:
 3275 00c4 09E0     		b	.L233
 3276              	.L241:
1768:Middlewares/Third_Party/FreeRTOS/Source/queue.c **** 			( void ) xTaskResumeAll();
 3277              		.loc 1 1768 4 is_stmt 1 view .LVU1001
 3278 00c6 2046     		mov	r0, r4
 3279 00c8 FFF7FEFF 		bl	prvUnlockQueue
 3280              	.LVL264:
1769:Middlewares/Third_Party/FreeRTOS/Source/queue.c **** 
 3281              		.loc 1 1769 4 view .LVU1002
1769:Middlewares/Third_Party/FreeRTOS/Source/queue.c **** 
 3282              		.loc 1 1769 13 is_stmt 0 view .LVU1003
 3283 00cc FFF7FEFF 		bl	xTaskResumeAll
 3284              	.LVL265:
1771:Middlewares/Third_Party/FreeRTOS/Source/queue.c **** 			{
 3285              		.loc 1 1771 4 is_stmt 1 view .LVU1004
ARM GAS  D:\TMP\ccboKuyk.s 			page 120


1771:Middlewares/Third_Party/FreeRTOS/Source/queue.c **** 			{
 3286              		.loc 1 1771 8 is_stmt 0 view .LVU1005
 3287 00d0 2046     		mov	r0, r4
 3288 00d2 FFF7FEFF 		bl	prvIsQueueEmpty
 3289              	.LVL266:
1771:Middlewares/Third_Party/FreeRTOS/Source/queue.c **** 			{
 3290              		.loc 1 1771 6 discriminator 1 view .LVU1006
 3291 00d6 0028     		cmp	r0, #0
 3292 00d8 3FD1     		bne	.L249
 3293              	.LVL267:
 3294              	.L233:
1653:Middlewares/Third_Party/FreeRTOS/Source/queue.c **** 	}
 3295              		.loc 1 1653 104 is_stmt 1 discriminator 8 view .LVU1007
1661:Middlewares/Third_Party/FreeRTOS/Source/queue.c **** 	{
 3296              		.loc 1 1661 2 view .LVU1008
1663:Middlewares/Third_Party/FreeRTOS/Source/queue.c **** 		{
 3297              		.loc 1 1663 3 view .LVU1009
 3298 00da FFF7FEFF 		bl	vPortEnterCritical
 3299              	.LVL268:
 3300              	.LBB179:
1665:Middlewares/Third_Party/FreeRTOS/Source/queue.c **** 
 3301              		.loc 1 1665 4 view .LVU1010
1665:Middlewares/Third_Party/FreeRTOS/Source/queue.c **** 
 3302              		.loc 1 1665 22 is_stmt 0 view .LVU1011
 3303 00de A36B     		ldr	r3, [r4, #56]
 3304              	.LVL269:
1669:Middlewares/Third_Party/FreeRTOS/Source/queue.c **** 			{
 3305              		.loc 1 1669 4 is_stmt 1 view .LVU1012
1669:Middlewares/Third_Party/FreeRTOS/Source/queue.c **** 			{
 3306              		.loc 1 1669 6 is_stmt 0 view .LVU1013
 3307 00e0 002B     		cmp	r3, #0
 3308 00e2 BBD1     		bne	.L250
1706:Middlewares/Third_Party/FreeRTOS/Source/queue.c **** 				{
 3309              		.loc 1 1706 5 is_stmt 1 view .LVU1014
1706:Middlewares/Third_Party/FreeRTOS/Source/queue.c **** 				{
 3310              		.loc 1 1706 22 is_stmt 0 view .LVU1015
 3311 00e4 019B     		ldr	r3, [sp, #4]
 3312              	.LVL270:
1706:Middlewares/Third_Party/FreeRTOS/Source/queue.c **** 				{
 3313              		.loc 1 1706 7 view .LVU1016
 3314 00e6 002B     		cmp	r3, #0
 3315 00e8 D6D0     		beq	.L251
1714:Middlewares/Third_Party/FreeRTOS/Source/queue.c **** 				{
 3316              		.loc 1 1714 10 is_stmt 1 view .LVU1017
1714:Middlewares/Third_Party/FreeRTOS/Source/queue.c **** 				{
 3317              		.loc 1 1714 12 is_stmt 0 view .LVU1018
 3318 00ea 002D     		cmp	r5, #0
 3319 00ec D8D0     		beq	.L252
 3320              	.LVL271:
 3321              	.L238:
1725:Middlewares/Third_Party/FreeRTOS/Source/queue.c **** 				}
 3322              		.loc 1 1725 30 is_stmt 1 view .LVU1019
 3323              	.LBE179:
1729:Middlewares/Third_Party/FreeRTOS/Source/queue.c **** 
 3324              		.loc 1 1729 3 view .LVU1020
 3325 00ee FFF7FEFF 		bl	vPortExitCritical
 3326              	.LVL272:
ARM GAS  D:\TMP\ccboKuyk.s 			page 121


1734:Middlewares/Third_Party/FreeRTOS/Source/queue.c **** 		prvLockQueue( pxQueue );
 3327              		.loc 1 1734 3 view .LVU1021
 3328 00f2 FFF7FEFF 		bl	vTaskSuspendAll
 3329              	.LVL273:
1735:Middlewares/Third_Party/FreeRTOS/Source/queue.c **** 
 3330              		.loc 1 1735 3 view .LVU1022
 3331 00f6 FFF7FEFF 		bl	vPortEnterCritical
 3332              	.LVL274:
1735:Middlewares/Third_Party/FreeRTOS/Source/queue.c **** 
 3333              		.loc 1 1735 3 discriminator 1 view .LVU1023
 3334 00fa 94F84430 		ldrb	r3, [r4, #68]	@ zero_extendqisi2
 3335 00fe 5BB2     		sxtb	r3, r3
 3336 0100 B3F1FF3F 		cmp	r3, #-1
 3337 0104 D1D0     		beq	.L253
 3338              	.L239:
1735:Middlewares/Third_Party/FreeRTOS/Source/queue.c **** 
 3339              		.loc 1 1735 3 discriminator 3 view .LVU1024
 3340 0106 94F84530 		ldrb	r3, [r4, #69]	@ zero_extendqisi2
 3341 010a 5BB2     		sxtb	r3, r3
 3342 010c B3F1FF3F 		cmp	r3, #-1
 3343 0110 CFD0     		beq	.L254
 3344              	.L240:
1735:Middlewares/Third_Party/FreeRTOS/Source/queue.c **** 
 3345              		.loc 1 1735 3 discriminator 6 view .LVU1025
 3346 0112 FFF7FEFF 		bl	vPortExitCritical
 3347              	.LVL275:
1738:Middlewares/Third_Party/FreeRTOS/Source/queue.c **** 		{
 3348              		.loc 1 1738 3 view .LVU1026
1738:Middlewares/Third_Party/FreeRTOS/Source/queue.c **** 		{
 3349              		.loc 1 1738 7 is_stmt 0 view .LVU1027
 3350 0116 01A9     		add	r1, sp, #4
 3351 0118 02A8     		add	r0, sp, #8
 3352 011a FFF7FEFF 		bl	xTaskCheckForTimeOut
 3353              	.LVL276:
1738:Middlewares/Third_Party/FreeRTOS/Source/queue.c **** 		{
 3354              		.loc 1 1738 5 discriminator 1 view .LVU1028
 3355 011e 0028     		cmp	r0, #0
 3356 0120 D1D1     		bne	.L241
1742:Middlewares/Third_Party/FreeRTOS/Source/queue.c **** 			{
 3357              		.loc 1 1742 4 is_stmt 1 view .LVU1029
1742:Middlewares/Third_Party/FreeRTOS/Source/queue.c **** 			{
 3358              		.loc 1 1742 8 is_stmt 0 view .LVU1030
 3359 0122 2046     		mov	r0, r4
 3360 0124 FFF7FEFF 		bl	prvIsQueueEmpty
 3361              	.LVL277:
1742:Middlewares/Third_Party/FreeRTOS/Source/queue.c **** 			{
 3362              		.loc 1 1742 6 discriminator 1 view .LVU1031
 3363 0128 0028     		cmp	r0, #0
 3364 012a C6D0     		beq	.L242
1744:Middlewares/Third_Party/FreeRTOS/Source/queue.c **** 				vTaskPlaceOnEventList( &( pxQueue->xTasksWaitingToReceive ), xTicksToWait );
 3365              		.loc 1 1744 43 is_stmt 1 view .LVU1032
1745:Middlewares/Third_Party/FreeRTOS/Source/queue.c **** 				prvUnlockQueue( pxQueue );
 3366              		.loc 1 1745 5 view .LVU1033
 3367 012c 0199     		ldr	r1, [sp, #4]
 3368 012e 04F12400 		add	r0, r4, #36
 3369 0132 FFF7FEFF 		bl	vTaskPlaceOnEventList
 3370              	.LVL278:
ARM GAS  D:\TMP\ccboKuyk.s 			page 122


1746:Middlewares/Third_Party/FreeRTOS/Source/queue.c **** 				if( xTaskResumeAll() == pdFALSE )
 3371              		.loc 1 1746 5 view .LVU1034
 3372 0136 2046     		mov	r0, r4
 3373 0138 FFF7FEFF 		bl	prvUnlockQueue
 3374              	.LVL279:
1747:Middlewares/Third_Party/FreeRTOS/Source/queue.c **** 				{
 3375              		.loc 1 1747 5 view .LVU1035
1747:Middlewares/Third_Party/FreeRTOS/Source/queue.c **** 				{
 3376              		.loc 1 1747 9 is_stmt 0 view .LVU1036
 3377 013c FFF7FEFF 		bl	xTaskResumeAll
 3378              	.LVL280:
1747:Middlewares/Third_Party/FreeRTOS/Source/queue.c **** 				{
 3379              		.loc 1 1747 7 discriminator 1 view .LVU1037
 3380 0140 0028     		cmp	r0, #0
 3381 0142 CAD1     		bne	.L233
1749:Middlewares/Third_Party/FreeRTOS/Source/queue.c **** 				}
 3382              		.loc 1 1749 6 is_stmt 1 view .LVU1038
 3383 0144 4FF0E023 		mov	r3, #-536813568
 3384 0148 4FF08052 		mov	r2, #268435456
 3385 014c C3F8042D 		str	r2, [r3, #3332]
1749:Middlewares/Third_Party/FreeRTOS/Source/queue.c **** 				}
 3386              		.loc 1 1749 6 view .LVU1039
 3387              		.syntax unified
 3388              	@ 1749 "Middlewares/Third_Party/FreeRTOS/Source/queue.c" 1
 3389 0150 BFF34F8F 		dsb
 3390              	@ 0 "" 2
1749:Middlewares/Third_Party/FreeRTOS/Source/queue.c **** 				}
 3391              		.loc 1 1749 6 view .LVU1040
 3392              	@ 1749 "Middlewares/Third_Party/FreeRTOS/Source/queue.c" 1
 3393 0154 BFF36F8F 		isb
 3394              	@ 0 "" 2
1749:Middlewares/Third_Party/FreeRTOS/Source/queue.c **** 				}
 3395              		.loc 1 1749 28 view .LVU1041
 3396              		.thumb
 3397              		.syntax unified
 3398 0158 BFE7     		b	.L233
 3399              	.L249:
1774:Middlewares/Third_Party/FreeRTOS/Source/queue.c **** 			}
 3400              		.loc 1 1774 12 is_stmt 0 view .LVU1042
 3401 015a 0020     		movs	r0, #0
 3402 015c 89E7     		b	.L226
 3403              		.cfi_endproc
 3404              	.LFE18:
 3406              		.section	.text.xQueueReceiveFromISR,"ax",%progbits
 3407              		.align	1
 3408              		.global	xQueueReceiveFromISR
 3409              		.syntax unified
 3410              		.thumb
 3411              		.thumb_func
 3413              	xQueueReceiveFromISR:
 3414              	.LVL281:
 3415              	.LFB19:
1786:Middlewares/Third_Party/FreeRTOS/Source/queue.c **** BaseType_t xReturn;
 3416              		.loc 1 1786 1 is_stmt 1 view -0
 3417              		.cfi_startproc
 3418              		@ args = 0, pretend = 0, frame = 0
 3419              		@ frame_needed = 0, uses_anonymous_args = 0
ARM GAS  D:\TMP\ccboKuyk.s 			page 123


1786:Middlewares/Third_Party/FreeRTOS/Source/queue.c **** BaseType_t xReturn;
 3420              		.loc 1 1786 1 is_stmt 0 view .LVU1044
 3421 0000 2DE9F843 		push	{r3, r4, r5, r6, r7, r8, r9, lr}
 3422              	.LCFI38:
 3423              		.cfi_def_cfa_offset 32
 3424              		.cfi_offset 3, -32
 3425              		.cfi_offset 4, -28
 3426              		.cfi_offset 5, -24
 3427              		.cfi_offset 6, -20
 3428              		.cfi_offset 7, -16
 3429              		.cfi_offset 8, -12
 3430              		.cfi_offset 9, -8
 3431              		.cfi_offset 14, -4
1787:Middlewares/Third_Party/FreeRTOS/Source/queue.c **** UBaseType_t uxSavedInterruptStatus;
 3432              		.loc 1 1787 1 is_stmt 1 view .LVU1045
1788:Middlewares/Third_Party/FreeRTOS/Source/queue.c **** Queue_t * const pxQueue = xQueue;
 3433              		.loc 1 1788 1 view .LVU1046
1789:Middlewares/Third_Party/FreeRTOS/Source/queue.c **** 
 3434              		.loc 1 1789 1 view .LVU1047
 3435              	.LVL282:
1791:Middlewares/Third_Party/FreeRTOS/Source/queue.c **** 	configASSERT( !( ( pvBuffer == NULL ) && ( pxQueue->uxItemSize != ( UBaseType_t ) 0U ) ) );
 3436              		.loc 1 1791 2 view .LVU1048
 3437 0004 B0B1     		cbz	r0, .L267
 3438 0006 0D46     		mov	r5, r1
 3439 0008 9046     		mov	r8, r2
 3440 000a 0446     		mov	r4, r0
1791:Middlewares/Third_Party/FreeRTOS/Source/queue.c **** 	configASSERT( !( ( pvBuffer == NULL ) && ( pxQueue->uxItemSize != ( UBaseType_t ) 0U ) ) );
 3441              		.loc 1 1791 25 discriminator 2 view .LVU1049
1792:Middlewares/Third_Party/FreeRTOS/Source/queue.c **** 
 3442              		.loc 1 1792 2 view .LVU1050
 3443 000c D9B1     		cbz	r1, .L268
 3444              	.L258:
1792:Middlewares/Third_Party/FreeRTOS/Source/queue.c **** 
 3445              		.loc 1 1792 92 discriminator 8 view .LVU1051
1808:Middlewares/Third_Party/FreeRTOS/Source/queue.c **** 
 3446              		.loc 1 1808 2 view .LVU1052
 3447 000e FFF7FEFF 		bl	vPortValidateInterruptPriority
 3448              	.LVL283:
1810:Middlewares/Third_Party/FreeRTOS/Source/queue.c **** 	{
 3449              		.loc 1 1810 2 view .LVU1053
 3450              	.LBB180:
 3451              	.LBI180:
 209:Middlewares/Third_Party/FreeRTOS/Source/portable/GCC/ARM_CM3/portmacro.h **** {
 3452              		.loc 2 209 34 view .LVU1054
 3453              	.LBB181:
 211:Middlewares/Third_Party/FreeRTOS/Source/portable/GCC/ARM_CM3/portmacro.h **** 
 3454              		.loc 2 211 1 view .LVU1055
 213:Middlewares/Third_Party/FreeRTOS/Source/portable/GCC/ARM_CM3/portmacro.h **** 	(
 3455              		.loc 2 213 2 view .LVU1056
 3456              		.syntax unified
 3457              	@ 213 "Middlewares/Third_Party/FreeRTOS/Source/portable/GCC/ARM_CM3/portmacro.h" 1
 3458 0012 EFF31187 			mrs r7, basepri											
 3459 0016 4FF02003 		mov r3, #32												
 3460 001a 83F31188 		msr basepri, r3											
 3461 001e BFF36F8F 		isb														
 3462 0022 BFF34F8F 		dsb														
 3463              	
ARM GAS  D:\TMP\ccboKuyk.s 			page 124


 3464              	@ 0 "" 2
 3465              	.LVL284:
 225:Middlewares/Third_Party/FreeRTOS/Source/portable/GCC/ARM_CM3/portmacro.h **** }
 3466              		.loc 2 225 2 view .LVU1057
 225:Middlewares/Third_Party/FreeRTOS/Source/portable/GCC/ARM_CM3/portmacro.h **** }
 3467              		.loc 2 225 2 is_stmt 0 view .LVU1058
 3468              		.thumb
 3469              		.syntax unified
 3470              	.LBE181:
 3471              	.LBE180:
 3472              	.LBB182:
1812:Middlewares/Third_Party/FreeRTOS/Source/queue.c **** 
 3473              		.loc 1 1812 3 is_stmt 1 view .LVU1059
1812:Middlewares/Third_Party/FreeRTOS/Source/queue.c **** 
 3474              		.loc 1 1812 21 is_stmt 0 view .LVU1060
 3475 0026 A66B     		ldr	r6, [r4, #56]
 3476              	.LVL285:
1815:Middlewares/Third_Party/FreeRTOS/Source/queue.c **** 		{
 3477              		.loc 1 1815 3 is_stmt 1 view .LVU1061
1815:Middlewares/Third_Party/FreeRTOS/Source/queue.c **** 		{
 3478              		.loc 1 1815 5 is_stmt 0 view .LVU1062
 3479 0028 CEB9     		cbnz	r6, .L269
1866:Middlewares/Third_Party/FreeRTOS/Source/queue.c **** 			traceQUEUE_RECEIVE_FROM_ISR_FAILED( pxQueue );
 3480              		.loc 1 1866 12 view .LVU1063
 3481 002a 0020     		movs	r0, #0
 3482              	.L260:
 3483              	.LVL286:
1867:Middlewares/Third_Party/FreeRTOS/Source/queue.c **** 		}
 3484              		.loc 1 1867 49 is_stmt 1 view .LVU1064
 3485              	.LBE182:
1870:Middlewares/Third_Party/FreeRTOS/Source/queue.c **** 
 3486              		.loc 1 1870 2 view .LVU1065
 3487              	.LBB184:
 3488              	.LBI184:
 229:Middlewares/Third_Party/FreeRTOS/Source/portable/GCC/ARM_CM3/portmacro.h **** {
 3489              		.loc 2 229 30 view .LVU1066
 3490              	.LBB185:
 3491              		.loc 2 231 2 view .LVU1067
 3492              		.syntax unified
 3493              	@ 231 "Middlewares/Third_Party/FreeRTOS/Source/portable/GCC/ARM_CM3/portmacro.h" 1
 3494 002c 87F31188 			msr basepri, r7	
 3495              	@ 0 "" 2
 3496              		.thumb
 3497              		.syntax unified
 3498              	.LBE185:
 3499              	.LBE184:
1872:Middlewares/Third_Party/FreeRTOS/Source/queue.c **** }
 3500              		.loc 1 1872 2 view .LVU1068
1873:Middlewares/Third_Party/FreeRTOS/Source/queue.c **** /*-----------------------------------------------------------*/
 3501              		.loc 1 1873 1 is_stmt 0 view .LVU1069
 3502 0030 BDE8F883 		pop	{r3, r4, r5, r6, r7, r8, r9, pc}
 3503              	.LVL287:
 3504              	.L267:
1791:Middlewares/Third_Party/FreeRTOS/Source/queue.c **** 	configASSERT( !( ( pvBuffer == NULL ) && ( pxQueue->uxItemSize != ( UBaseType_t ) 0U ) ) );
 3505              		.loc 1 1791 2 is_stmt 1 discriminator 1 view .LVU1070
 3506              	.LBB186:
 3507              	.LBI186:
ARM GAS  D:\TMP\ccboKuyk.s 			page 125


 193:Middlewares/Third_Party/FreeRTOS/Source/portable/GCC/ARM_CM3/portmacro.h **** {
 3508              		.loc 2 193 30 view .LVU1071
 3509              	.LBB187:
 195:Middlewares/Third_Party/FreeRTOS/Source/portable/GCC/ARM_CM3/portmacro.h **** 
 3510              		.loc 2 195 1 view .LVU1072
 197:Middlewares/Third_Party/FreeRTOS/Source/portable/GCC/ARM_CM3/portmacro.h **** 	(
 3511              		.loc 2 197 2 view .LVU1073
 3512              		.syntax unified
 3513              	@ 197 "Middlewares/Third_Party/FreeRTOS/Source/portable/GCC/ARM_CM3/portmacro.h" 1
 3514 0034 4FF02003 			mov r3, #32												
 3515 0038 83F31188 		msr basepri, r3											
 3516 003c BFF36F8F 		isb														
 3517 0040 BFF34F8F 		dsb														
 3518              	
 3519              	@ 0 "" 2
 3520              		.thumb
 3521              		.syntax unified
 3522              	.L257:
 3523              	.LBE187:
 3524              	.LBE186:
1791:Middlewares/Third_Party/FreeRTOS/Source/queue.c **** 	configASSERT( !( ( pvBuffer == NULL ) && ( pxQueue->uxItemSize != ( UBaseType_t ) 0U ) ) );
 3525              		.loc 1 1791 2 discriminator 3 view .LVU1074
1791:Middlewares/Third_Party/FreeRTOS/Source/queue.c **** 	configASSERT( !( ( pvBuffer == NULL ) && ( pxQueue->uxItemSize != ( UBaseType_t ) 0U ) ) );
 3526              		.loc 1 1791 2 discriminator 3 view .LVU1075
1791:Middlewares/Third_Party/FreeRTOS/Source/queue.c **** 	configASSERT( !( ( pvBuffer == NULL ) && ( pxQueue->uxItemSize != ( UBaseType_t ) 0U ) ) );
 3527              		.loc 1 1791 2 discriminator 3 view .LVU1076
 3528 0044 FEE7     		b	.L257
 3529              	.L268:
1792:Middlewares/Third_Party/FreeRTOS/Source/queue.c **** 
 3530              		.loc 1 1792 2 is_stmt 0 discriminator 2 view .LVU1077
 3531 0046 036C     		ldr	r3, [r0, #64]
 3532 0048 002B     		cmp	r3, #0
 3533 004a E0D0     		beq	.L258
1792:Middlewares/Third_Party/FreeRTOS/Source/queue.c **** 
 3534              		.loc 1 1792 2 is_stmt 1 discriminator 7 view .LVU1078
 3535              	.LBB188:
 3536              	.LBI188:
 193:Middlewares/Third_Party/FreeRTOS/Source/portable/GCC/ARM_CM3/portmacro.h **** {
 3537              		.loc 2 193 30 view .LVU1079
 3538              	.LBB189:
 195:Middlewares/Third_Party/FreeRTOS/Source/portable/GCC/ARM_CM3/portmacro.h **** 
 3539              		.loc 2 195 1 view .LVU1080
 197:Middlewares/Third_Party/FreeRTOS/Source/portable/GCC/ARM_CM3/portmacro.h **** 	(
 3540              		.loc 2 197 2 view .LVU1081
 3541              		.syntax unified
 3542              	@ 197 "Middlewares/Third_Party/FreeRTOS/Source/portable/GCC/ARM_CM3/portmacro.h" 1
 3543 004c 4FF02003 			mov r3, #32												
 3544 0050 83F31188 		msr basepri, r3											
 3545 0054 BFF36F8F 		isb														
 3546 0058 BFF34F8F 		dsb														
 3547              	
 3548              	@ 0 "" 2
 3549              		.thumb
 3550              		.syntax unified
 3551              	.L259:
 3552              	.LBE189:
 3553              	.LBE188:
ARM GAS  D:\TMP\ccboKuyk.s 			page 126


1792:Middlewares/Third_Party/FreeRTOS/Source/queue.c **** 
 3554              		.loc 1 1792 2 discriminator 9 view .LVU1082
1792:Middlewares/Third_Party/FreeRTOS/Source/queue.c **** 
 3555              		.loc 1 1792 2 discriminator 9 view .LVU1083
1792:Middlewares/Third_Party/FreeRTOS/Source/queue.c **** 
 3556              		.loc 1 1792 2 discriminator 9 view .LVU1084
 3557 005c FEE7     		b	.L259
 3558              	.LVL288:
 3559              	.L269:
 3560              	.LBB190:
 3561              	.LBB183:
1817:Middlewares/Third_Party/FreeRTOS/Source/queue.c **** 
 3562              		.loc 1 1817 4 view .LVU1085
1817:Middlewares/Third_Party/FreeRTOS/Source/queue.c **** 
 3563              		.loc 1 1817 17 is_stmt 0 view .LVU1086
 3564 005e 94F84490 		ldrb	r9, [r4, #68]	@ zero_extendqisi2
 3565 0062 4FFA89F9 		sxtb	r9, r9
 3566              	.LVL289:
1819:Middlewares/Third_Party/FreeRTOS/Source/queue.c **** 
 3567              		.loc 1 1819 42 is_stmt 1 view .LVU1087
1821:Middlewares/Third_Party/FreeRTOS/Source/queue.c **** 			pxQueue->uxMessagesWaiting = uxMessagesWaiting - ( UBaseType_t ) 1;
 3568              		.loc 1 1821 4 view .LVU1088
 3569 0066 2946     		mov	r1, r5
 3570 0068 2046     		mov	r0, r4
 3571 006a FFF7FEFF 		bl	prvCopyDataFromQueue
 3572              	.LVL290:
1822:Middlewares/Third_Party/FreeRTOS/Source/queue.c **** 
 3573              		.loc 1 1822 4 view .LVU1089
1822:Middlewares/Third_Party/FreeRTOS/Source/queue.c **** 
 3574              		.loc 1 1822 51 is_stmt 0 view .LVU1090
 3575 006e 731E     		subs	r3, r6, #1
1822:Middlewares/Third_Party/FreeRTOS/Source/queue.c **** 
 3576              		.loc 1 1822 31 view .LVU1091
 3577 0070 A363     		str	r3, [r4, #56]
1828:Middlewares/Third_Party/FreeRTOS/Source/queue.c **** 			{
 3578              		.loc 1 1828 4 is_stmt 1 view .LVU1092
1828:Middlewares/Third_Party/FreeRTOS/Source/queue.c **** 			{
 3579              		.loc 1 1828 6 is_stmt 0 view .LVU1093
 3580 0072 B9F1FF3F 		cmp	r9, #-1
 3581 0076 06D0     		beq	.L270
1859:Middlewares/Third_Party/FreeRTOS/Source/queue.c **** 			}
 3582              		.loc 1 1859 5 is_stmt 1 view .LVU1094
1859:Middlewares/Third_Party/FreeRTOS/Source/queue.c **** 			}
 3583              		.loc 1 1859 45 is_stmt 0 view .LVU1095
 3584 0078 09F10103 		add	r3, r9, #1
1859:Middlewares/Third_Party/FreeRTOS/Source/queue.c **** 			}
 3585              		.loc 1 1859 24 view .LVU1096
 3586 007c 5BB2     		sxtb	r3, r3
1859:Middlewares/Third_Party/FreeRTOS/Source/queue.c **** 			}
 3587              		.loc 1 1859 22 view .LVU1097
 3588 007e 84F84430 		strb	r3, [r4, #68]
1862:Middlewares/Third_Party/FreeRTOS/Source/queue.c **** 		}
 3589              		.loc 1 1862 12 view .LVU1098
 3590 0082 0120     		movs	r0, #1
 3591 0084 D2E7     		b	.L260
 3592              	.L270:
1830:Middlewares/Third_Party/FreeRTOS/Source/queue.c **** 				{
ARM GAS  D:\TMP\ccboKuyk.s 			page 127


 3593              		.loc 1 1830 5 is_stmt 1 view .LVU1099
1830:Middlewares/Third_Party/FreeRTOS/Source/queue.c **** 				{
 3594              		.loc 1 1830 9 is_stmt 0 view .LVU1100
 3595 0086 2369     		ldr	r3, [r4, #16]
1830:Middlewares/Third_Party/FreeRTOS/Source/queue.c **** 				{
 3596              		.loc 1 1830 7 view .LVU1101
 3597 0088 0BB9     		cbnz	r3, .L271
1862:Middlewares/Third_Party/FreeRTOS/Source/queue.c **** 		}
 3598              		.loc 1 1862 12 view .LVU1102
 3599 008a 0120     		movs	r0, #1
 3600 008c CEE7     		b	.L260
 3601              	.L271:
1832:Middlewares/Third_Party/FreeRTOS/Source/queue.c **** 					{
 3602              		.loc 1 1832 6 is_stmt 1 view .LVU1103
1832:Middlewares/Third_Party/FreeRTOS/Source/queue.c **** 					{
 3603              		.loc 1 1832 10 is_stmt 0 view .LVU1104
 3604 008e 04F11000 		add	r0, r4, #16
 3605 0092 FFF7FEFF 		bl	xTaskRemoveFromEventList
 3606              	.LVL291:
1832:Middlewares/Third_Party/FreeRTOS/Source/queue.c **** 					{
 3607              		.loc 1 1832 8 discriminator 1 view .LVU1105
 3608 0096 30B1     		cbz	r0, .L264
1836:Middlewares/Third_Party/FreeRTOS/Source/queue.c **** 						{
 3609              		.loc 1 1836 7 is_stmt 1 view .LVU1106
1836:Middlewares/Third_Party/FreeRTOS/Source/queue.c **** 						{
 3610              		.loc 1 1836 9 is_stmt 0 view .LVU1107
 3611 0098 B8F1000F 		cmp	r8, #0
 3612 009c 05D0     		beq	.L265
1838:Middlewares/Third_Party/FreeRTOS/Source/queue.c **** 						}
 3613              		.loc 1 1838 8 is_stmt 1 view .LVU1108
1838:Middlewares/Third_Party/FreeRTOS/Source/queue.c **** 						}
 3614              		.loc 1 1838 35 is_stmt 0 view .LVU1109
 3615 009e 0120     		movs	r0, #1
 3616 00a0 C8F80000 		str	r0, [r8]
 3617 00a4 C2E7     		b	.L260
 3618              	.L264:
1862:Middlewares/Third_Party/FreeRTOS/Source/queue.c **** 		}
 3619              		.loc 1 1862 12 view .LVU1110
 3620 00a6 0120     		movs	r0, #1
 3621 00a8 C0E7     		b	.L260
 3622              	.L265:
 3623 00aa 0120     		movs	r0, #1
 3624 00ac BEE7     		b	.L260
 3625              	.LBE183:
 3626              	.LBE190:
 3627              		.cfi_endproc
 3628              	.LFE19:
 3630              		.section	.text.xQueuePeekFromISR,"ax",%progbits
 3631              		.align	1
 3632              		.global	xQueuePeekFromISR
 3633              		.syntax unified
 3634              		.thumb
 3635              		.thumb_func
 3637              	xQueuePeekFromISR:
 3638              	.LVL292:
 3639              	.LFB20:
1877:Middlewares/Third_Party/FreeRTOS/Source/queue.c **** BaseType_t xReturn;
ARM GAS  D:\TMP\ccboKuyk.s 			page 128


 3640              		.loc 1 1877 1 is_stmt 1 view -0
 3641              		.cfi_startproc
 3642              		@ args = 0, pretend = 0, frame = 0
 3643              		@ frame_needed = 0, uses_anonymous_args = 0
1877:Middlewares/Third_Party/FreeRTOS/Source/queue.c **** BaseType_t xReturn;
 3644              		.loc 1 1877 1 is_stmt 0 view .LVU1112
 3645 0000 F8B5     		push	{r3, r4, r5, r6, r7, lr}
 3646              	.LCFI39:
 3647              		.cfi_def_cfa_offset 24
 3648              		.cfi_offset 3, -24
 3649              		.cfi_offset 4, -20
 3650              		.cfi_offset 5, -16
 3651              		.cfi_offset 6, -12
 3652              		.cfi_offset 7, -8
 3653              		.cfi_offset 14, -4
1878:Middlewares/Third_Party/FreeRTOS/Source/queue.c **** UBaseType_t uxSavedInterruptStatus;
 3654              		.loc 1 1878 1 is_stmt 1 view .LVU1113
1879:Middlewares/Third_Party/FreeRTOS/Source/queue.c **** int8_t *pcOriginalReadPosition;
 3655              		.loc 1 1879 1 view .LVU1114
1880:Middlewares/Third_Party/FreeRTOS/Source/queue.c **** Queue_t * const pxQueue = xQueue;
 3656              		.loc 1 1880 1 view .LVU1115
1881:Middlewares/Third_Party/FreeRTOS/Source/queue.c **** 
 3657              		.loc 1 1881 1 view .LVU1116
 3658              	.LVL293:
1883:Middlewares/Third_Party/FreeRTOS/Source/queue.c **** 	configASSERT( !( ( pvBuffer == NULL ) && ( pxQueue->uxItemSize != ( UBaseType_t ) 0U ) ) );
 3659              		.loc 1 1883 2 view .LVU1117
 3660 0002 68B1     		cbz	r0, .L282
 3661 0004 0D46     		mov	r5, r1
 3662 0006 0446     		mov	r4, r0
1883:Middlewares/Third_Party/FreeRTOS/Source/queue.c **** 	configASSERT( !( ( pvBuffer == NULL ) && ( pxQueue->uxItemSize != ( UBaseType_t ) 0U ) ) );
 3663              		.loc 1 1883 25 discriminator 2 view .LVU1118
1884:Middlewares/Third_Party/FreeRTOS/Source/queue.c **** 	configASSERT( pxQueue->uxItemSize != 0 ); /* Can't peek a semaphore. */
 3664              		.loc 1 1884 2 view .LVU1119
 3665 0008 99B1     		cbz	r1, .L283
 3666              	.L275:
1884:Middlewares/Third_Party/FreeRTOS/Source/queue.c **** 	configASSERT( pxQueue->uxItemSize != 0 ); /* Can't peek a semaphore. */
 3667              		.loc 1 1884 92 discriminator 8 view .LVU1120
1885:Middlewares/Third_Party/FreeRTOS/Source/queue.c **** 
 3668              		.loc 1 1885 2 view .LVU1121
 3669 000a 236C     		ldr	r3, [r4, #64]
 3670 000c EBB9     		cbnz	r3, .L277
1885:Middlewares/Third_Party/FreeRTOS/Source/queue.c **** 
 3671              		.loc 1 1885 2 discriminator 1 view .LVU1122
 3672              	.LBB191:
 3673              	.LBI191:
 193:Middlewares/Third_Party/FreeRTOS/Source/portable/GCC/ARM_CM3/portmacro.h **** {
 3674              		.loc 2 193 30 view .LVU1123
 3675              	.LBB192:
 195:Middlewares/Third_Party/FreeRTOS/Source/portable/GCC/ARM_CM3/portmacro.h **** 
 3676              		.loc 2 195 1 view .LVU1124
 197:Middlewares/Third_Party/FreeRTOS/Source/portable/GCC/ARM_CM3/portmacro.h **** 	(
 3677              		.loc 2 197 2 view .LVU1125
 3678              		.syntax unified
 3679              	@ 197 "Middlewares/Third_Party/FreeRTOS/Source/portable/GCC/ARM_CM3/portmacro.h" 1
 3680 000e 4FF02003 			mov r3, #32												
 3681 0012 83F31188 		msr basepri, r3											
 3682 0016 BFF36F8F 		isb														
ARM GAS  D:\TMP\ccboKuyk.s 			page 129


 3683 001a BFF34F8F 		dsb														
 3684              	
 3685              	@ 0 "" 2
 3686              		.thumb
 3687              		.syntax unified
 3688              	.L278:
 3689              	.LBE192:
 3690              	.LBE191:
1885:Middlewares/Third_Party/FreeRTOS/Source/queue.c **** 
 3691              		.loc 1 1885 2 discriminator 3 view .LVU1126
1885:Middlewares/Third_Party/FreeRTOS/Source/queue.c **** 
 3692              		.loc 1 1885 2 discriminator 3 view .LVU1127
1885:Middlewares/Third_Party/FreeRTOS/Source/queue.c **** 
 3693              		.loc 1 1885 2 discriminator 3 view .LVU1128
 3694 001e FEE7     		b	.L278
 3695              	.L282:
1883:Middlewares/Third_Party/FreeRTOS/Source/queue.c **** 	configASSERT( !( ( pvBuffer == NULL ) && ( pxQueue->uxItemSize != ( UBaseType_t ) 0U ) ) );
 3696              		.loc 1 1883 2 discriminator 1 view .LVU1129
 3697              	.LBB193:
 3698              	.LBI193:
 193:Middlewares/Third_Party/FreeRTOS/Source/portable/GCC/ARM_CM3/portmacro.h **** {
 3699              		.loc 2 193 30 view .LVU1130
 3700              	.LBB194:
 195:Middlewares/Third_Party/FreeRTOS/Source/portable/GCC/ARM_CM3/portmacro.h **** 
 3701              		.loc 2 195 1 view .LVU1131
 197:Middlewares/Third_Party/FreeRTOS/Source/portable/GCC/ARM_CM3/portmacro.h **** 	(
 3702              		.loc 2 197 2 view .LVU1132
 3703              		.syntax unified
 3704              	@ 197 "Middlewares/Third_Party/FreeRTOS/Source/portable/GCC/ARM_CM3/portmacro.h" 1
 3705 0020 4FF02003 			mov r3, #32												
 3706 0024 83F31188 		msr basepri, r3											
 3707 0028 BFF36F8F 		isb														
 3708 002c BFF34F8F 		dsb														
 3709              	
 3710              	@ 0 "" 2
 3711              		.thumb
 3712              		.syntax unified
 3713              	.L274:
 3714              	.LBE194:
 3715              	.LBE193:
1883:Middlewares/Third_Party/FreeRTOS/Source/queue.c **** 	configASSERT( !( ( pvBuffer == NULL ) && ( pxQueue->uxItemSize != ( UBaseType_t ) 0U ) ) );
 3716              		.loc 1 1883 2 discriminator 3 view .LVU1133
1883:Middlewares/Third_Party/FreeRTOS/Source/queue.c **** 	configASSERT( !( ( pvBuffer == NULL ) && ( pxQueue->uxItemSize != ( UBaseType_t ) 0U ) ) );
 3717              		.loc 1 1883 2 discriminator 3 view .LVU1134
1883:Middlewares/Third_Party/FreeRTOS/Source/queue.c **** 	configASSERT( !( ( pvBuffer == NULL ) && ( pxQueue->uxItemSize != ( UBaseType_t ) 0U ) ) );
 3718              		.loc 1 1883 2 discriminator 3 view .LVU1135
 3719 0030 FEE7     		b	.L274
 3720              	.L283:
1884:Middlewares/Third_Party/FreeRTOS/Source/queue.c **** 	configASSERT( pxQueue->uxItemSize != 0 ); /* Can't peek a semaphore. */
 3721              		.loc 1 1884 2 is_stmt 0 discriminator 2 view .LVU1136
 3722 0032 036C     		ldr	r3, [r0, #64]
 3723 0034 002B     		cmp	r3, #0
 3724 0036 E8D0     		beq	.L275
1884:Middlewares/Third_Party/FreeRTOS/Source/queue.c **** 	configASSERT( pxQueue->uxItemSize != 0 ); /* Can't peek a semaphore. */
 3725              		.loc 1 1884 2 is_stmt 1 discriminator 7 view .LVU1137
 3726              	.LBB195:
 3727              	.LBI195:
ARM GAS  D:\TMP\ccboKuyk.s 			page 130


 193:Middlewares/Third_Party/FreeRTOS/Source/portable/GCC/ARM_CM3/portmacro.h **** {
 3728              		.loc 2 193 30 view .LVU1138
 3729              	.LBB196:
 195:Middlewares/Third_Party/FreeRTOS/Source/portable/GCC/ARM_CM3/portmacro.h **** 
 3730              		.loc 2 195 1 view .LVU1139
 197:Middlewares/Third_Party/FreeRTOS/Source/portable/GCC/ARM_CM3/portmacro.h **** 	(
 3731              		.loc 2 197 2 view .LVU1140
 3732              		.syntax unified
 3733              	@ 197 "Middlewares/Third_Party/FreeRTOS/Source/portable/GCC/ARM_CM3/portmacro.h" 1
 3734 0038 4FF02003 			mov r3, #32												
 3735 003c 83F31188 		msr basepri, r3											
 3736 0040 BFF36F8F 		isb														
 3737 0044 BFF34F8F 		dsb														
 3738              	
 3739              	@ 0 "" 2
 3740              		.thumb
 3741              		.syntax unified
 3742              	.L276:
 3743              	.LBE196:
 3744              	.LBE195:
1884:Middlewares/Third_Party/FreeRTOS/Source/queue.c **** 	configASSERT( pxQueue->uxItemSize != 0 ); /* Can't peek a semaphore. */
 3745              		.loc 1 1884 2 discriminator 9 view .LVU1141
1884:Middlewares/Third_Party/FreeRTOS/Source/queue.c **** 	configASSERT( pxQueue->uxItemSize != 0 ); /* Can't peek a semaphore. */
 3746              		.loc 1 1884 2 discriminator 9 view .LVU1142
1884:Middlewares/Third_Party/FreeRTOS/Source/queue.c **** 	configASSERT( pxQueue->uxItemSize != 0 ); /* Can't peek a semaphore. */
 3747              		.loc 1 1884 2 discriminator 9 view .LVU1143
 3748 0048 FEE7     		b	.L276
 3749              	.L277:
1885:Middlewares/Third_Party/FreeRTOS/Source/queue.c **** 
 3750              		.loc 1 1885 42 discriminator 2 view .LVU1144
1901:Middlewares/Third_Party/FreeRTOS/Source/queue.c **** 
 3751              		.loc 1 1901 2 view .LVU1145
 3752 004a FFF7FEFF 		bl	vPortValidateInterruptPriority
 3753              	.LVL294:
1903:Middlewares/Third_Party/FreeRTOS/Source/queue.c **** 	{
 3754              		.loc 1 1903 2 view .LVU1146
 3755              	.LBB197:
 3756              	.LBI197:
 209:Middlewares/Third_Party/FreeRTOS/Source/portable/GCC/ARM_CM3/portmacro.h **** {
 3757              		.loc 2 209 34 view .LVU1147
 3758              	.LBB198:
 211:Middlewares/Third_Party/FreeRTOS/Source/portable/GCC/ARM_CM3/portmacro.h **** 
 3759              		.loc 2 211 1 view .LVU1148
 213:Middlewares/Third_Party/FreeRTOS/Source/portable/GCC/ARM_CM3/portmacro.h **** 	(
 3760              		.loc 2 213 2 view .LVU1149
 3761              		.syntax unified
 3762              	@ 213 "Middlewares/Third_Party/FreeRTOS/Source/portable/GCC/ARM_CM3/portmacro.h" 1
 3763 004e EFF31186 			mrs r6, basepri											
 3764 0052 4FF02003 		mov r3, #32												
 3765 0056 83F31188 		msr basepri, r3											
 3766 005a BFF36F8F 		isb														
 3767 005e BFF34F8F 		dsb														
 3768              	
 3769              	@ 0 "" 2
 3770              	.LVL295:
 225:Middlewares/Third_Party/FreeRTOS/Source/portable/GCC/ARM_CM3/portmacro.h **** }
 3771              		.loc 2 225 2 view .LVU1150
ARM GAS  D:\TMP\ccboKuyk.s 			page 131


 225:Middlewares/Third_Party/FreeRTOS/Source/portable/GCC/ARM_CM3/portmacro.h **** }
 3772              		.loc 2 225 2 is_stmt 0 view .LVU1151
 3773              		.thumb
 3774              		.syntax unified
 3775              	.LBE198:
 3776              	.LBE197:
1906:Middlewares/Third_Party/FreeRTOS/Source/queue.c **** 		{
 3777              		.loc 1 1906 3 is_stmt 1 view .LVU1152
1906:Middlewares/Third_Party/FreeRTOS/Source/queue.c **** 		{
 3778              		.loc 1 1906 14 is_stmt 0 view .LVU1153
 3779 0062 A36B     		ldr	r3, [r4, #56]
1906:Middlewares/Third_Party/FreeRTOS/Source/queue.c **** 		{
 3780              		.loc 1 1906 5 view .LVU1154
 3781 0064 1BB9     		cbnz	r3, .L284
1920:Middlewares/Third_Party/FreeRTOS/Source/queue.c **** 			traceQUEUE_PEEK_FROM_ISR_FAILED( pxQueue );
 3782              		.loc 1 1920 12 view .LVU1155
 3783 0066 0020     		movs	r0, #0
 3784              	.L279:
 3785              	.LVL296:
1921:Middlewares/Third_Party/FreeRTOS/Source/queue.c **** 		}
 3786              		.loc 1 1921 46 is_stmt 1 view .LVU1156
1924:Middlewares/Third_Party/FreeRTOS/Source/queue.c **** 
 3787              		.loc 1 1924 2 view .LVU1157
 3788              	.LBB199:
 3789              	.LBI199:
 229:Middlewares/Third_Party/FreeRTOS/Source/portable/GCC/ARM_CM3/portmacro.h **** {
 3790              		.loc 2 229 30 view .LVU1158
 3791              	.LBB200:
 3792              		.loc 2 231 2 view .LVU1159
 3793              		.syntax unified
 3794              	@ 231 "Middlewares/Third_Party/FreeRTOS/Source/portable/GCC/ARM_CM3/portmacro.h" 1
 3795 0068 86F31188 			msr basepri, r6	
 3796              	@ 0 "" 2
 3797              		.thumb
 3798              		.syntax unified
 3799              	.LBE200:
 3800              	.LBE199:
1926:Middlewares/Third_Party/FreeRTOS/Source/queue.c **** }
 3801              		.loc 1 1926 2 view .LVU1160
1927:Middlewares/Third_Party/FreeRTOS/Source/queue.c **** /*-----------------------------------------------------------*/
 3802              		.loc 1 1927 1 is_stmt 0 view .LVU1161
 3803 006c F8BD     		pop	{r3, r4, r5, r6, r7, pc}
 3804              	.LVL297:
 3805              	.L284:
1908:Middlewares/Third_Party/FreeRTOS/Source/queue.c **** 
 3806              		.loc 1 1908 39 is_stmt 1 view .LVU1162
1912:Middlewares/Third_Party/FreeRTOS/Source/queue.c **** 			prvCopyDataFromQueue( pxQueue, pvBuffer );
 3807              		.loc 1 1912 4 view .LVU1163
1912:Middlewares/Third_Party/FreeRTOS/Source/queue.c **** 			prvCopyDataFromQueue( pxQueue, pvBuffer );
 3808              		.loc 1 1912 27 is_stmt 0 view .LVU1164
 3809 006e E768     		ldr	r7, [r4, #12]
 3810              	.LVL298:
1913:Middlewares/Third_Party/FreeRTOS/Source/queue.c **** 			pxQueue->u.xQueue.pcReadFrom = pcOriginalReadPosition;
 3811              		.loc 1 1913 4 is_stmt 1 view .LVU1165
 3812 0070 2946     		mov	r1, r5
 3813 0072 2046     		mov	r0, r4
 3814 0074 FFF7FEFF 		bl	prvCopyDataFromQueue
ARM GAS  D:\TMP\ccboKuyk.s 			page 132


 3815              	.LVL299:
1914:Middlewares/Third_Party/FreeRTOS/Source/queue.c **** 
 3816              		.loc 1 1914 4 view .LVU1166
1914:Middlewares/Third_Party/FreeRTOS/Source/queue.c **** 
 3817              		.loc 1 1914 33 is_stmt 0 view .LVU1167
 3818 0078 E760     		str	r7, [r4, #12]
1916:Middlewares/Third_Party/FreeRTOS/Source/queue.c **** 		}
 3819              		.loc 1 1916 4 is_stmt 1 view .LVU1168
 3820              	.LVL300:
1916:Middlewares/Third_Party/FreeRTOS/Source/queue.c **** 		}
 3821              		.loc 1 1916 12 is_stmt 0 view .LVU1169
 3822 007a 0120     		movs	r0, #1
 3823 007c F4E7     		b	.L279
 3824              		.cfi_endproc
 3825              	.LFE20:
 3827              		.section	.text.uxQueueMessagesWaiting,"ax",%progbits
 3828              		.align	1
 3829              		.global	uxQueueMessagesWaiting
 3830              		.syntax unified
 3831              		.thumb
 3832              		.thumb_func
 3834              	uxQueueMessagesWaiting:
 3835              	.LVL301:
 3836              	.LFB21:
1931:Middlewares/Third_Party/FreeRTOS/Source/queue.c **** UBaseType_t uxReturn;
 3837              		.loc 1 1931 1 is_stmt 1 view -0
 3838              		.cfi_startproc
 3839              		@ args = 0, pretend = 0, frame = 0
 3840              		@ frame_needed = 0, uses_anonymous_args = 0
1932:Middlewares/Third_Party/FreeRTOS/Source/queue.c **** 
 3841              		.loc 1 1932 1 view .LVU1171
1934:Middlewares/Third_Party/FreeRTOS/Source/queue.c **** 
 3842              		.loc 1 1934 2 view .LVU1172
 3843 0000 40B1     		cbz	r0, .L290
1931:Middlewares/Third_Party/FreeRTOS/Source/queue.c **** UBaseType_t uxReturn;
 3844              		.loc 1 1931 1 is_stmt 0 view .LVU1173
 3845 0002 10B5     		push	{r4, lr}
 3846              	.LCFI40:
 3847              		.cfi_def_cfa_offset 8
 3848              		.cfi_offset 4, -8
 3849              		.cfi_offset 14, -4
 3850 0004 0446     		mov	r4, r0
1934:Middlewares/Third_Party/FreeRTOS/Source/queue.c **** 
 3851              		.loc 1 1934 24 is_stmt 1 discriminator 2 view .LVU1174
1936:Middlewares/Third_Party/FreeRTOS/Source/queue.c **** 	{
 3852              		.loc 1 1936 2 view .LVU1175
 3853 0006 FFF7FEFF 		bl	vPortEnterCritical
 3854              	.LVL302:
1938:Middlewares/Third_Party/FreeRTOS/Source/queue.c **** 	}
 3855              		.loc 1 1938 3 view .LVU1176
1938:Middlewares/Third_Party/FreeRTOS/Source/queue.c **** 	}
 3856              		.loc 1 1938 12 is_stmt 0 view .LVU1177
 3857 000a A46B     		ldr	r4, [r4, #56]
 3858              	.LVL303:
1940:Middlewares/Third_Party/FreeRTOS/Source/queue.c **** 
 3859              		.loc 1 1940 2 is_stmt 1 view .LVU1178
 3860 000c FFF7FEFF 		bl	vPortExitCritical
ARM GAS  D:\TMP\ccboKuyk.s 			page 133


 3861              	.LVL304:
1942:Middlewares/Third_Party/FreeRTOS/Source/queue.c **** } /*lint !e818 Pointer cannot be declared const as xQueue is a typedef not pointer. */
 3862              		.loc 1 1942 2 view .LVU1179
1943:Middlewares/Third_Party/FreeRTOS/Source/queue.c **** /*-----------------------------------------------------------*/
 3863              		.loc 1 1943 1 is_stmt 0 view .LVU1180
 3864 0010 2046     		mov	r0, r4
 3865 0012 10BD     		pop	{r4, pc}
 3866              	.LVL305:
 3867              	.L290:
 3868              	.LCFI41:
 3869              		.cfi_def_cfa_offset 0
 3870              		.cfi_restore 4
 3871              		.cfi_restore 14
1934:Middlewares/Third_Party/FreeRTOS/Source/queue.c **** 
 3872              		.loc 1 1934 2 is_stmt 1 discriminator 1 view .LVU1181
 3873              	.LBB201:
 3874              	.LBI201:
 193:Middlewares/Third_Party/FreeRTOS/Source/portable/GCC/ARM_CM3/portmacro.h **** {
 3875              		.loc 2 193 30 view .LVU1182
 3876              	.LBB202:
 195:Middlewares/Third_Party/FreeRTOS/Source/portable/GCC/ARM_CM3/portmacro.h **** 
 3877              		.loc 2 195 1 view .LVU1183
 197:Middlewares/Third_Party/FreeRTOS/Source/portable/GCC/ARM_CM3/portmacro.h **** 	(
 3878              		.loc 2 197 2 view .LVU1184
 3879              		.syntax unified
 3880              	@ 197 "Middlewares/Third_Party/FreeRTOS/Source/portable/GCC/ARM_CM3/portmacro.h" 1
 3881 0014 4FF02003 			mov r3, #32												
 3882 0018 83F31188 		msr basepri, r3											
 3883 001c BFF36F8F 		isb														
 3884 0020 BFF34F8F 		dsb														
 3885              	
 3886              	@ 0 "" 2
 3887              		.thumb
 3888              		.syntax unified
 3889              	.L287:
 3890              	.LBE202:
 3891              	.LBE201:
1934:Middlewares/Third_Party/FreeRTOS/Source/queue.c **** 
 3892              		.loc 1 1934 2 discriminator 3 view .LVU1185
1934:Middlewares/Third_Party/FreeRTOS/Source/queue.c **** 
 3893              		.loc 1 1934 2 discriminator 3 view .LVU1186
1934:Middlewares/Third_Party/FreeRTOS/Source/queue.c **** 
 3894              		.loc 1 1934 2 discriminator 3 view .LVU1187
 3895 0024 FEE7     		b	.L287
 3896              		.cfi_endproc
 3897              	.LFE21:
 3899              		.section	.text.uxQueueSpacesAvailable,"ax",%progbits
 3900              		.align	1
 3901              		.global	uxQueueSpacesAvailable
 3902              		.syntax unified
 3903              		.thumb
 3904              		.thumb_func
 3906              	uxQueueSpacesAvailable:
 3907              	.LVL306:
 3908              	.LFB22:
1947:Middlewares/Third_Party/FreeRTOS/Source/queue.c **** UBaseType_t uxReturn;
 3909              		.loc 1 1947 1 view -0
ARM GAS  D:\TMP\ccboKuyk.s 			page 134


 3910              		.cfi_startproc
 3911              		@ args = 0, pretend = 0, frame = 0
 3912              		@ frame_needed = 0, uses_anonymous_args = 0
1947:Middlewares/Third_Party/FreeRTOS/Source/queue.c **** UBaseType_t uxReturn;
 3913              		.loc 1 1947 1 is_stmt 0 view .LVU1189
 3914 0000 38B5     		push	{r3, r4, r5, lr}
 3915              	.LCFI42:
 3916              		.cfi_def_cfa_offset 16
 3917              		.cfi_offset 3, -16
 3918              		.cfi_offset 4, -12
 3919              		.cfi_offset 5, -8
 3920              		.cfi_offset 14, -4
1948:Middlewares/Third_Party/FreeRTOS/Source/queue.c **** Queue_t * const pxQueue = xQueue;
 3921              		.loc 1 1948 1 is_stmt 1 view .LVU1190
1949:Middlewares/Third_Party/FreeRTOS/Source/queue.c **** 
 3922              		.loc 1 1949 1 view .LVU1191
 3923              	.LVL307:
1951:Middlewares/Third_Party/FreeRTOS/Source/queue.c **** 
 3924              		.loc 1 1951 2 view .LVU1192
 3925 0002 48B1     		cbz	r0, .L295
 3926 0004 0546     		mov	r5, r0
1951:Middlewares/Third_Party/FreeRTOS/Source/queue.c **** 
 3927              		.loc 1 1951 25 discriminator 2 view .LVU1193
1953:Middlewares/Third_Party/FreeRTOS/Source/queue.c **** 	{
 3928              		.loc 1 1953 2 view .LVU1194
 3929 0006 FFF7FEFF 		bl	vPortEnterCritical
 3930              	.LVL308:
1955:Middlewares/Third_Party/FreeRTOS/Source/queue.c **** 	}
 3931              		.loc 1 1955 3 view .LVU1195
1955:Middlewares/Third_Party/FreeRTOS/Source/queue.c **** 	}
 3932              		.loc 1 1955 21 is_stmt 0 view .LVU1196
 3933 000a EC6B     		ldr	r4, [r5, #60]
1955:Middlewares/Third_Party/FreeRTOS/Source/queue.c **** 	}
 3934              		.loc 1 1955 41 view .LVU1197
 3935 000c AB6B     		ldr	r3, [r5, #56]
1955:Middlewares/Third_Party/FreeRTOS/Source/queue.c **** 	}
 3936              		.loc 1 1955 12 view .LVU1198
 3937 000e E41A     		subs	r4, r4, r3
 3938              	.LVL309:
1957:Middlewares/Third_Party/FreeRTOS/Source/queue.c **** 
 3939              		.loc 1 1957 2 is_stmt 1 view .LVU1199
 3940 0010 FFF7FEFF 		bl	vPortExitCritical
 3941              	.LVL310:
1959:Middlewares/Third_Party/FreeRTOS/Source/queue.c **** } /*lint !e818 Pointer cannot be declared const as xQueue is a typedef not pointer. */
 3942              		.loc 1 1959 2 view .LVU1200
1960:Middlewares/Third_Party/FreeRTOS/Source/queue.c **** /*-----------------------------------------------------------*/
 3943              		.loc 1 1960 1 is_stmt 0 view .LVU1201
 3944 0014 2046     		mov	r0, r4
 3945 0016 38BD     		pop	{r3, r4, r5, pc}
 3946              	.LVL311:
 3947              	.L295:
1951:Middlewares/Third_Party/FreeRTOS/Source/queue.c **** 
 3948              		.loc 1 1951 2 is_stmt 1 discriminator 1 view .LVU1202
 3949              	.LBB203:
 3950              	.LBI203:
 193:Middlewares/Third_Party/FreeRTOS/Source/portable/GCC/ARM_CM3/portmacro.h **** {
 3951              		.loc 2 193 30 view .LVU1203
ARM GAS  D:\TMP\ccboKuyk.s 			page 135


 3952              	.LBB204:
 195:Middlewares/Third_Party/FreeRTOS/Source/portable/GCC/ARM_CM3/portmacro.h **** 
 3953              		.loc 2 195 1 view .LVU1204
 197:Middlewares/Third_Party/FreeRTOS/Source/portable/GCC/ARM_CM3/portmacro.h **** 	(
 3954              		.loc 2 197 2 view .LVU1205
 3955              		.syntax unified
 3956              	@ 197 "Middlewares/Third_Party/FreeRTOS/Source/portable/GCC/ARM_CM3/portmacro.h" 1
 3957 0018 4FF02003 			mov r3, #32												
 3958 001c 83F31188 		msr basepri, r3											
 3959 0020 BFF36F8F 		isb														
 3960 0024 BFF34F8F 		dsb														
 3961              	
 3962              	@ 0 "" 2
 3963              		.thumb
 3964              		.syntax unified
 3965              	.L293:
 3966              	.LBE204:
 3967              	.LBE203:
1951:Middlewares/Third_Party/FreeRTOS/Source/queue.c **** 
 3968              		.loc 1 1951 2 discriminator 3 view .LVU1206
1951:Middlewares/Third_Party/FreeRTOS/Source/queue.c **** 
 3969              		.loc 1 1951 2 discriminator 3 view .LVU1207
1951:Middlewares/Third_Party/FreeRTOS/Source/queue.c **** 
 3970              		.loc 1 1951 2 discriminator 3 view .LVU1208
 3971 0028 FEE7     		b	.L293
 3972              		.cfi_endproc
 3973              	.LFE22:
 3975              		.section	.text.uxQueueMessagesWaitingFromISR,"ax",%progbits
 3976              		.align	1
 3977              		.global	uxQueueMessagesWaitingFromISR
 3978              		.syntax unified
 3979              		.thumb
 3980              		.thumb_func
 3982              	uxQueueMessagesWaitingFromISR:
 3983              	.LVL312:
 3984              	.LFB23:
1964:Middlewares/Third_Party/FreeRTOS/Source/queue.c **** UBaseType_t uxReturn;
 3985              		.loc 1 1964 1 view -0
 3986              		.cfi_startproc
 3987              		@ args = 0, pretend = 0, frame = 0
 3988              		@ frame_needed = 0, uses_anonymous_args = 0
 3989              		@ link register save eliminated.
1965:Middlewares/Third_Party/FreeRTOS/Source/queue.c **** Queue_t * const pxQueue = xQueue;
 3990              		.loc 1 1965 1 view .LVU1210
1966:Middlewares/Third_Party/FreeRTOS/Source/queue.c **** 
 3991              		.loc 1 1966 1 view .LVU1211
1968:Middlewares/Third_Party/FreeRTOS/Source/queue.c **** 	uxReturn = pxQueue->uxMessagesWaiting;
 3992              		.loc 1 1968 2 view .LVU1212
 3993 0000 08B1     		cbz	r0, .L299
1968:Middlewares/Third_Party/FreeRTOS/Source/queue.c **** 	uxReturn = pxQueue->uxMessagesWaiting;
 3994              		.loc 1 1968 25 discriminator 2 view .LVU1213
1969:Middlewares/Third_Party/FreeRTOS/Source/queue.c **** 
 3995              		.loc 1 1969 2 view .LVU1214
1969:Middlewares/Third_Party/FreeRTOS/Source/queue.c **** 
 3996              		.loc 1 1969 11 is_stmt 0 view .LVU1215
 3997 0002 806B     		ldr	r0, [r0, #56]
 3998              	.LVL313:
ARM GAS  D:\TMP\ccboKuyk.s 			page 136


1971:Middlewares/Third_Party/FreeRTOS/Source/queue.c **** } /*lint !e818 Pointer cannot be declared const as xQueue is a typedef not pointer. */
 3999              		.loc 1 1971 2 is_stmt 1 view .LVU1216
1972:Middlewares/Third_Party/FreeRTOS/Source/queue.c **** /*-----------------------------------------------------------*/
 4000              		.loc 1 1972 1 is_stmt 0 view .LVU1217
 4001 0004 7047     		bx	lr
 4002              	.LVL314:
 4003              	.L299:
1968:Middlewares/Third_Party/FreeRTOS/Source/queue.c **** 	uxReturn = pxQueue->uxMessagesWaiting;
 4004              		.loc 1 1968 2 is_stmt 1 discriminator 1 view .LVU1218
 4005              	.LBB205:
 4006              	.LBI205:
 193:Middlewares/Third_Party/FreeRTOS/Source/portable/GCC/ARM_CM3/portmacro.h **** {
 4007              		.loc 2 193 30 view .LVU1219
 4008              	.LBB206:
 195:Middlewares/Third_Party/FreeRTOS/Source/portable/GCC/ARM_CM3/portmacro.h **** 
 4009              		.loc 2 195 1 view .LVU1220
 197:Middlewares/Third_Party/FreeRTOS/Source/portable/GCC/ARM_CM3/portmacro.h **** 	(
 4010              		.loc 2 197 2 view .LVU1221
 4011              		.syntax unified
 4012              	@ 197 "Middlewares/Third_Party/FreeRTOS/Source/portable/GCC/ARM_CM3/portmacro.h" 1
 4013 0006 4FF02003 			mov r3, #32												
 4014 000a 83F31188 		msr basepri, r3											
 4015 000e BFF36F8F 		isb														
 4016 0012 BFF34F8F 		dsb														
 4017              	
 4018              	@ 0 "" 2
 4019              		.thumb
 4020              		.syntax unified
 4021              	.L298:
 4022              	.LBE206:
 4023              	.LBE205:
1968:Middlewares/Third_Party/FreeRTOS/Source/queue.c **** 	uxReturn = pxQueue->uxMessagesWaiting;
 4024              		.loc 1 1968 2 discriminator 3 view .LVU1222
1968:Middlewares/Third_Party/FreeRTOS/Source/queue.c **** 	uxReturn = pxQueue->uxMessagesWaiting;
 4025              		.loc 1 1968 2 discriminator 3 view .LVU1223
1968:Middlewares/Third_Party/FreeRTOS/Source/queue.c **** 	uxReturn = pxQueue->uxMessagesWaiting;
 4026              		.loc 1 1968 2 discriminator 3 view .LVU1224
 4027 0016 FEE7     		b	.L298
 4028              		.cfi_endproc
 4029              	.LFE23:
 4031              		.section	.text.xQueueIsQueueEmptyFromISR,"ax",%progbits
 4032              		.align	1
 4033              		.global	xQueueIsQueueEmptyFromISR
 4034              		.syntax unified
 4035              		.thumb
 4036              		.thumb_func
 4038              	xQueueIsQueueEmptyFromISR:
 4039              	.LVL315:
 4040              	.LFB30:
2313:Middlewares/Third_Party/FreeRTOS/Source/queue.c **** BaseType_t xReturn;
 4041              		.loc 1 2313 1 view -0
 4042              		.cfi_startproc
 4043              		@ args = 0, pretend = 0, frame = 0
 4044              		@ frame_needed = 0, uses_anonymous_args = 0
 4045              		@ link register save eliminated.
2314:Middlewares/Third_Party/FreeRTOS/Source/queue.c **** Queue_t * const pxQueue = xQueue;
 4046              		.loc 1 2314 1 view .LVU1226
ARM GAS  D:\TMP\ccboKuyk.s 			page 137


2315:Middlewares/Third_Party/FreeRTOS/Source/queue.c **** 
 4047              		.loc 1 2315 1 view .LVU1227
2317:Middlewares/Third_Party/FreeRTOS/Source/queue.c **** 	if( pxQueue->uxMessagesWaiting == ( UBaseType_t ) 0 )
 4048              		.loc 1 2317 2 view .LVU1228
 4049 0000 18B1     		cbz	r0, .L305
2317:Middlewares/Third_Party/FreeRTOS/Source/queue.c **** 	if( pxQueue->uxMessagesWaiting == ( UBaseType_t ) 0 )
 4050              		.loc 1 2317 25 discriminator 2 view .LVU1229
2318:Middlewares/Third_Party/FreeRTOS/Source/queue.c **** 	{
 4051              		.loc 1 2318 2 view .LVU1230
2318:Middlewares/Third_Party/FreeRTOS/Source/queue.c **** 	{
 4052              		.loc 1 2318 13 is_stmt 0 view .LVU1231
 4053 0002 836B     		ldr	r3, [r0, #56]
2318:Middlewares/Third_Party/FreeRTOS/Source/queue.c **** 	{
 4054              		.loc 1 2318 4 view .LVU1232
 4055 0004 53B9     		cbnz	r3, .L304
2320:Middlewares/Third_Party/FreeRTOS/Source/queue.c **** 	}
 4056              		.loc 1 2320 11 view .LVU1233
 4057 0006 0120     		movs	r0, #1
 4058              	.LVL316:
2320:Middlewares/Third_Party/FreeRTOS/Source/queue.c **** 	}
 4059              		.loc 1 2320 11 view .LVU1234
 4060 0008 7047     		bx	lr
 4061              	.LVL317:
 4062              	.L305:
2317:Middlewares/Third_Party/FreeRTOS/Source/queue.c **** 	if( pxQueue->uxMessagesWaiting == ( UBaseType_t ) 0 )
 4063              		.loc 1 2317 2 is_stmt 1 discriminator 1 view .LVU1235
 4064              	.LBB207:
 4065              	.LBI207:
 193:Middlewares/Third_Party/FreeRTOS/Source/portable/GCC/ARM_CM3/portmacro.h **** {
 4066              		.loc 2 193 30 view .LVU1236
 4067              	.LBB208:
 195:Middlewares/Third_Party/FreeRTOS/Source/portable/GCC/ARM_CM3/portmacro.h **** 
 4068              		.loc 2 195 1 view .LVU1237
 197:Middlewares/Third_Party/FreeRTOS/Source/portable/GCC/ARM_CM3/portmacro.h **** 	(
 4069              		.loc 2 197 2 view .LVU1238
 4070              		.syntax unified
 4071              	@ 197 "Middlewares/Third_Party/FreeRTOS/Source/portable/GCC/ARM_CM3/portmacro.h" 1
 4072 000a 4FF02003 			mov r3, #32												
 4073 000e 83F31188 		msr basepri, r3											
 4074 0012 BFF36F8F 		isb														
 4075 0016 BFF34F8F 		dsb														
 4076              	
 4077              	@ 0 "" 2
 4078              		.thumb
 4079              		.syntax unified
 4080              	.L302:
 4081              	.LBE208:
 4082              	.LBE207:
2317:Middlewares/Third_Party/FreeRTOS/Source/queue.c **** 	if( pxQueue->uxMessagesWaiting == ( UBaseType_t ) 0 )
 4083              		.loc 1 2317 2 discriminator 3 view .LVU1239
2317:Middlewares/Third_Party/FreeRTOS/Source/queue.c **** 	if( pxQueue->uxMessagesWaiting == ( UBaseType_t ) 0 )
 4084              		.loc 1 2317 2 discriminator 3 view .LVU1240
2317:Middlewares/Third_Party/FreeRTOS/Source/queue.c **** 	if( pxQueue->uxMessagesWaiting == ( UBaseType_t ) 0 )
 4085              		.loc 1 2317 2 discriminator 3 view .LVU1241
 4086 001a FEE7     		b	.L302
 4087              	.L304:
2324:Middlewares/Third_Party/FreeRTOS/Source/queue.c **** 	}
ARM GAS  D:\TMP\ccboKuyk.s 			page 138


 4088              		.loc 1 2324 11 is_stmt 0 view .LVU1242
 4089 001c 0020     		movs	r0, #0
 4090              	.LVL318:
2327:Middlewares/Third_Party/FreeRTOS/Source/queue.c **** } /*lint !e818 xQueue could not be pointer to const because it is a typedef. */
 4091              		.loc 1 2327 2 is_stmt 1 view .LVU1243
2328:Middlewares/Third_Party/FreeRTOS/Source/queue.c **** /*-----------------------------------------------------------*/
 4092              		.loc 1 2328 1 is_stmt 0 view .LVU1244
 4093 001e 7047     		bx	lr
 4094              		.cfi_endproc
 4095              	.LFE30:
 4097              		.section	.text.xQueueIsQueueFullFromISR,"ax",%progbits
 4098              		.align	1
 4099              		.global	xQueueIsQueueFullFromISR
 4100              		.syntax unified
 4101              		.thumb
 4102              		.thumb_func
 4104              	xQueueIsQueueFullFromISR:
 4105              	.LVL319:
 4106              	.LFB32:
2350:Middlewares/Third_Party/FreeRTOS/Source/queue.c **** /*-----------------------------------------------------------*/
2351:Middlewares/Third_Party/FreeRTOS/Source/queue.c **** 
2352:Middlewares/Third_Party/FreeRTOS/Source/queue.c **** BaseType_t xQueueIsQueueFullFromISR( const QueueHandle_t xQueue )
2353:Middlewares/Third_Party/FreeRTOS/Source/queue.c **** {
 4107              		.loc 1 2353 1 is_stmt 1 view -0
 4108              		.cfi_startproc
 4109              		@ args = 0, pretend = 0, frame = 0
 4110              		@ frame_needed = 0, uses_anonymous_args = 0
 4111              		@ link register save eliminated.
2354:Middlewares/Third_Party/FreeRTOS/Source/queue.c **** BaseType_t xReturn;
 4112              		.loc 1 2354 1 view .LVU1246
2355:Middlewares/Third_Party/FreeRTOS/Source/queue.c **** Queue_t * const pxQueue = xQueue;
 4113              		.loc 1 2355 1 view .LVU1247
2356:Middlewares/Third_Party/FreeRTOS/Source/queue.c **** 
2357:Middlewares/Third_Party/FreeRTOS/Source/queue.c **** 	configASSERT( pxQueue );
 4114              		.loc 1 2357 2 view .LVU1248
 4115 0000 28B1     		cbz	r0, .L311
 4116              		.loc 1 2357 25 discriminator 2 view .LVU1249
2358:Middlewares/Third_Party/FreeRTOS/Source/queue.c **** 	if( pxQueue->uxMessagesWaiting == pxQueue->uxLength )
 4117              		.loc 1 2358 2 view .LVU1250
 4118              		.loc 1 2358 13 is_stmt 0 view .LVU1251
 4119 0002 826B     		ldr	r2, [r0, #56]
 4120              		.loc 1 2358 43 view .LVU1252
 4121 0004 C36B     		ldr	r3, [r0, #60]
 4122              		.loc 1 2358 4 view .LVU1253
 4123 0006 9A42     		cmp	r2, r3
 4124 0008 0AD0     		beq	.L312
2359:Middlewares/Third_Party/FreeRTOS/Source/queue.c **** 	{
2360:Middlewares/Third_Party/FreeRTOS/Source/queue.c **** 		xReturn = pdTRUE;
2361:Middlewares/Third_Party/FreeRTOS/Source/queue.c **** 	}
2362:Middlewares/Third_Party/FreeRTOS/Source/queue.c **** 	else
2363:Middlewares/Third_Party/FreeRTOS/Source/queue.c **** 	{
2364:Middlewares/Third_Party/FreeRTOS/Source/queue.c **** 		xReturn = pdFALSE;
 4125              		.loc 1 2364 11 view .LVU1254
 4126 000a 0020     		movs	r0, #0
 4127              	.LVL320:
2365:Middlewares/Third_Party/FreeRTOS/Source/queue.c **** 	}
2366:Middlewares/Third_Party/FreeRTOS/Source/queue.c **** 
ARM GAS  D:\TMP\ccboKuyk.s 			page 139


2367:Middlewares/Third_Party/FreeRTOS/Source/queue.c **** 	return xReturn;
 4128              		.loc 1 2367 2 is_stmt 1 view .LVU1255
2368:Middlewares/Third_Party/FreeRTOS/Source/queue.c **** } /*lint !e818 xQueue could not be pointer to const because it is a typedef. */
 4129              		.loc 1 2368 1 is_stmt 0 view .LVU1256
 4130 000c 7047     		bx	lr
 4131              	.LVL321:
 4132              	.L311:
2357:Middlewares/Third_Party/FreeRTOS/Source/queue.c **** 	if( pxQueue->uxMessagesWaiting == pxQueue->uxLength )
 4133              		.loc 1 2357 2 is_stmt 1 discriminator 1 view .LVU1257
 4134              	.LBB209:
 4135              	.LBI209:
 193:Middlewares/Third_Party/FreeRTOS/Source/portable/GCC/ARM_CM3/portmacro.h **** {
 4136              		.loc 2 193 30 view .LVU1258
 4137              	.LBB210:
 195:Middlewares/Third_Party/FreeRTOS/Source/portable/GCC/ARM_CM3/portmacro.h **** 
 4138              		.loc 2 195 1 view .LVU1259
 197:Middlewares/Third_Party/FreeRTOS/Source/portable/GCC/ARM_CM3/portmacro.h **** 	(
 4139              		.loc 2 197 2 view .LVU1260
 4140              		.syntax unified
 4141              	@ 197 "Middlewares/Third_Party/FreeRTOS/Source/portable/GCC/ARM_CM3/portmacro.h" 1
 4142 000e 4FF02003 			mov r3, #32												
 4143 0012 83F31188 		msr basepri, r3											
 4144 0016 BFF36F8F 		isb														
 4145 001a BFF34F8F 		dsb														
 4146              	
 4147              	@ 0 "" 2
 4148              		.thumb
 4149              		.syntax unified
 4150              	.L308:
 4151              	.LBE210:
 4152              	.LBE209:
2357:Middlewares/Third_Party/FreeRTOS/Source/queue.c **** 	if( pxQueue->uxMessagesWaiting == pxQueue->uxLength )
 4153              		.loc 1 2357 2 discriminator 3 view .LVU1261
2357:Middlewares/Third_Party/FreeRTOS/Source/queue.c **** 	if( pxQueue->uxMessagesWaiting == pxQueue->uxLength )
 4154              		.loc 1 2357 2 discriminator 3 view .LVU1262
2357:Middlewares/Third_Party/FreeRTOS/Source/queue.c **** 	if( pxQueue->uxMessagesWaiting == pxQueue->uxLength )
 4155              		.loc 1 2357 2 discriminator 3 view .LVU1263
 4156 001e FEE7     		b	.L308
 4157              	.L312:
2360:Middlewares/Third_Party/FreeRTOS/Source/queue.c **** 	}
 4158              		.loc 1 2360 11 is_stmt 0 view .LVU1264
 4159 0020 0120     		movs	r0, #1
 4160              	.LVL322:
2360:Middlewares/Third_Party/FreeRTOS/Source/queue.c **** 	}
 4161              		.loc 1 2360 11 view .LVU1265
 4162 0022 7047     		bx	lr
 4163              		.cfi_endproc
 4164              	.LFE32:
 4166              		.section	.text.vQueueAddToRegistry,"ax",%progbits
 4167              		.align	1
 4168              		.global	vQueueAddToRegistry
 4169              		.syntax unified
 4170              		.thumb
 4171              		.thumb_func
 4173              	vQueueAddToRegistry:
 4174              	.LVL323:
 4175              	.LFB33:
ARM GAS  D:\TMP\ccboKuyk.s 			page 140


2369:Middlewares/Third_Party/FreeRTOS/Source/queue.c **** /*-----------------------------------------------------------*/
2370:Middlewares/Third_Party/FreeRTOS/Source/queue.c **** 
2371:Middlewares/Third_Party/FreeRTOS/Source/queue.c **** #if ( configUSE_CO_ROUTINES == 1 )
2372:Middlewares/Third_Party/FreeRTOS/Source/queue.c **** 
2373:Middlewares/Third_Party/FreeRTOS/Source/queue.c **** 	BaseType_t xQueueCRSend( QueueHandle_t xQueue, const void *pvItemToQueue, TickType_t xTicksToWait 
2374:Middlewares/Third_Party/FreeRTOS/Source/queue.c **** 	{
2375:Middlewares/Third_Party/FreeRTOS/Source/queue.c **** 	BaseType_t xReturn;
2376:Middlewares/Third_Party/FreeRTOS/Source/queue.c **** 	Queue_t * const pxQueue = xQueue;
2377:Middlewares/Third_Party/FreeRTOS/Source/queue.c **** 
2378:Middlewares/Third_Party/FreeRTOS/Source/queue.c **** 		/* If the queue is already full we may have to block.  A critical section
2379:Middlewares/Third_Party/FreeRTOS/Source/queue.c **** 		is required to prevent an interrupt removing something from the queue
2380:Middlewares/Third_Party/FreeRTOS/Source/queue.c **** 		between the check to see if the queue is full and blocking on the queue. */
2381:Middlewares/Third_Party/FreeRTOS/Source/queue.c **** 		portDISABLE_INTERRUPTS();
2382:Middlewares/Third_Party/FreeRTOS/Source/queue.c **** 		{
2383:Middlewares/Third_Party/FreeRTOS/Source/queue.c **** 			if( prvIsQueueFull( pxQueue ) != pdFALSE )
2384:Middlewares/Third_Party/FreeRTOS/Source/queue.c **** 			{
2385:Middlewares/Third_Party/FreeRTOS/Source/queue.c **** 				/* The queue is full - do we want to block or just leave without
2386:Middlewares/Third_Party/FreeRTOS/Source/queue.c **** 				posting? */
2387:Middlewares/Third_Party/FreeRTOS/Source/queue.c **** 				if( xTicksToWait > ( TickType_t ) 0 )
2388:Middlewares/Third_Party/FreeRTOS/Source/queue.c **** 				{
2389:Middlewares/Third_Party/FreeRTOS/Source/queue.c **** 					/* As this is called from a coroutine we cannot block directly, but
2390:Middlewares/Third_Party/FreeRTOS/Source/queue.c **** 					return indicating that we need to block. */
2391:Middlewares/Third_Party/FreeRTOS/Source/queue.c **** 					vCoRoutineAddToDelayedList( xTicksToWait, &( pxQueue->xTasksWaitingToSend ) );
2392:Middlewares/Third_Party/FreeRTOS/Source/queue.c **** 					portENABLE_INTERRUPTS();
2393:Middlewares/Third_Party/FreeRTOS/Source/queue.c **** 					return errQUEUE_BLOCKED;
2394:Middlewares/Third_Party/FreeRTOS/Source/queue.c **** 				}
2395:Middlewares/Third_Party/FreeRTOS/Source/queue.c **** 				else
2396:Middlewares/Third_Party/FreeRTOS/Source/queue.c **** 				{
2397:Middlewares/Third_Party/FreeRTOS/Source/queue.c **** 					portENABLE_INTERRUPTS();
2398:Middlewares/Third_Party/FreeRTOS/Source/queue.c **** 					return errQUEUE_FULL;
2399:Middlewares/Third_Party/FreeRTOS/Source/queue.c **** 				}
2400:Middlewares/Third_Party/FreeRTOS/Source/queue.c **** 			}
2401:Middlewares/Third_Party/FreeRTOS/Source/queue.c **** 		}
2402:Middlewares/Third_Party/FreeRTOS/Source/queue.c **** 		portENABLE_INTERRUPTS();
2403:Middlewares/Third_Party/FreeRTOS/Source/queue.c **** 
2404:Middlewares/Third_Party/FreeRTOS/Source/queue.c **** 		portDISABLE_INTERRUPTS();
2405:Middlewares/Third_Party/FreeRTOS/Source/queue.c **** 		{
2406:Middlewares/Third_Party/FreeRTOS/Source/queue.c **** 			if( pxQueue->uxMessagesWaiting < pxQueue->uxLength )
2407:Middlewares/Third_Party/FreeRTOS/Source/queue.c **** 			{
2408:Middlewares/Third_Party/FreeRTOS/Source/queue.c **** 				/* There is room in the queue, copy the data into the queue. */
2409:Middlewares/Third_Party/FreeRTOS/Source/queue.c **** 				prvCopyDataToQueue( pxQueue, pvItemToQueue, queueSEND_TO_BACK );
2410:Middlewares/Third_Party/FreeRTOS/Source/queue.c **** 				xReturn = pdPASS;
2411:Middlewares/Third_Party/FreeRTOS/Source/queue.c **** 
2412:Middlewares/Third_Party/FreeRTOS/Source/queue.c **** 				/* Were any co-routines waiting for data to become available? */
2413:Middlewares/Third_Party/FreeRTOS/Source/queue.c **** 				if( listLIST_IS_EMPTY( &( pxQueue->xTasksWaitingToReceive ) ) == pdFALSE )
2414:Middlewares/Third_Party/FreeRTOS/Source/queue.c **** 				{
2415:Middlewares/Third_Party/FreeRTOS/Source/queue.c **** 					/* In this instance the co-routine could be placed directly
2416:Middlewares/Third_Party/FreeRTOS/Source/queue.c **** 					into the ready list as we are within a critical section.
2417:Middlewares/Third_Party/FreeRTOS/Source/queue.c **** 					Instead the same pending ready list mechanism is used as if
2418:Middlewares/Third_Party/FreeRTOS/Source/queue.c **** 					the event were caused from within an interrupt. */
2419:Middlewares/Third_Party/FreeRTOS/Source/queue.c **** 					if( xCoRoutineRemoveFromEventList( &( pxQueue->xTasksWaitingToReceive ) ) != pdFALSE )
2420:Middlewares/Third_Party/FreeRTOS/Source/queue.c **** 					{
2421:Middlewares/Third_Party/FreeRTOS/Source/queue.c **** 						/* The co-routine waiting has a higher priority so record
2422:Middlewares/Third_Party/FreeRTOS/Source/queue.c **** 						that a yield might be appropriate. */
2423:Middlewares/Third_Party/FreeRTOS/Source/queue.c **** 						xReturn = errQUEUE_YIELD;
2424:Middlewares/Third_Party/FreeRTOS/Source/queue.c **** 					}
2425:Middlewares/Third_Party/FreeRTOS/Source/queue.c **** 					else
ARM GAS  D:\TMP\ccboKuyk.s 			page 141


2426:Middlewares/Third_Party/FreeRTOS/Source/queue.c **** 					{
2427:Middlewares/Third_Party/FreeRTOS/Source/queue.c **** 						mtCOVERAGE_TEST_MARKER();
2428:Middlewares/Third_Party/FreeRTOS/Source/queue.c **** 					}
2429:Middlewares/Third_Party/FreeRTOS/Source/queue.c **** 				}
2430:Middlewares/Third_Party/FreeRTOS/Source/queue.c **** 				else
2431:Middlewares/Third_Party/FreeRTOS/Source/queue.c **** 				{
2432:Middlewares/Third_Party/FreeRTOS/Source/queue.c **** 					mtCOVERAGE_TEST_MARKER();
2433:Middlewares/Third_Party/FreeRTOS/Source/queue.c **** 				}
2434:Middlewares/Third_Party/FreeRTOS/Source/queue.c **** 			}
2435:Middlewares/Third_Party/FreeRTOS/Source/queue.c **** 			else
2436:Middlewares/Third_Party/FreeRTOS/Source/queue.c **** 			{
2437:Middlewares/Third_Party/FreeRTOS/Source/queue.c **** 				xReturn = errQUEUE_FULL;
2438:Middlewares/Third_Party/FreeRTOS/Source/queue.c **** 			}
2439:Middlewares/Third_Party/FreeRTOS/Source/queue.c **** 		}
2440:Middlewares/Third_Party/FreeRTOS/Source/queue.c **** 		portENABLE_INTERRUPTS();
2441:Middlewares/Third_Party/FreeRTOS/Source/queue.c **** 
2442:Middlewares/Third_Party/FreeRTOS/Source/queue.c **** 		return xReturn;
2443:Middlewares/Third_Party/FreeRTOS/Source/queue.c **** 	}
2444:Middlewares/Third_Party/FreeRTOS/Source/queue.c **** 
2445:Middlewares/Third_Party/FreeRTOS/Source/queue.c **** #endif /* configUSE_CO_ROUTINES */
2446:Middlewares/Third_Party/FreeRTOS/Source/queue.c **** /*-----------------------------------------------------------*/
2447:Middlewares/Third_Party/FreeRTOS/Source/queue.c **** 
2448:Middlewares/Third_Party/FreeRTOS/Source/queue.c **** #if ( configUSE_CO_ROUTINES == 1 )
2449:Middlewares/Third_Party/FreeRTOS/Source/queue.c **** 
2450:Middlewares/Third_Party/FreeRTOS/Source/queue.c **** 	BaseType_t xQueueCRReceive( QueueHandle_t xQueue, void *pvBuffer, TickType_t xTicksToWait )
2451:Middlewares/Third_Party/FreeRTOS/Source/queue.c **** 	{
2452:Middlewares/Third_Party/FreeRTOS/Source/queue.c **** 	BaseType_t xReturn;
2453:Middlewares/Third_Party/FreeRTOS/Source/queue.c **** 	Queue_t * const pxQueue = xQueue;
2454:Middlewares/Third_Party/FreeRTOS/Source/queue.c **** 
2455:Middlewares/Third_Party/FreeRTOS/Source/queue.c **** 		/* If the queue is already empty we may have to block.  A critical section
2456:Middlewares/Third_Party/FreeRTOS/Source/queue.c **** 		is required to prevent an interrupt adding something to the queue
2457:Middlewares/Third_Party/FreeRTOS/Source/queue.c **** 		between the check to see if the queue is empty and blocking on the queue. */
2458:Middlewares/Third_Party/FreeRTOS/Source/queue.c **** 		portDISABLE_INTERRUPTS();
2459:Middlewares/Third_Party/FreeRTOS/Source/queue.c **** 		{
2460:Middlewares/Third_Party/FreeRTOS/Source/queue.c **** 			if( pxQueue->uxMessagesWaiting == ( UBaseType_t ) 0 )
2461:Middlewares/Third_Party/FreeRTOS/Source/queue.c **** 			{
2462:Middlewares/Third_Party/FreeRTOS/Source/queue.c **** 				/* There are no messages in the queue, do we want to block or just
2463:Middlewares/Third_Party/FreeRTOS/Source/queue.c **** 				leave with nothing? */
2464:Middlewares/Third_Party/FreeRTOS/Source/queue.c **** 				if( xTicksToWait > ( TickType_t ) 0 )
2465:Middlewares/Third_Party/FreeRTOS/Source/queue.c **** 				{
2466:Middlewares/Third_Party/FreeRTOS/Source/queue.c **** 					/* As this is a co-routine we cannot block directly, but return
2467:Middlewares/Third_Party/FreeRTOS/Source/queue.c **** 					indicating that we need to block. */
2468:Middlewares/Third_Party/FreeRTOS/Source/queue.c **** 					vCoRoutineAddToDelayedList( xTicksToWait, &( pxQueue->xTasksWaitingToReceive ) );
2469:Middlewares/Third_Party/FreeRTOS/Source/queue.c **** 					portENABLE_INTERRUPTS();
2470:Middlewares/Third_Party/FreeRTOS/Source/queue.c **** 					return errQUEUE_BLOCKED;
2471:Middlewares/Third_Party/FreeRTOS/Source/queue.c **** 				}
2472:Middlewares/Third_Party/FreeRTOS/Source/queue.c **** 				else
2473:Middlewares/Third_Party/FreeRTOS/Source/queue.c **** 				{
2474:Middlewares/Third_Party/FreeRTOS/Source/queue.c **** 					portENABLE_INTERRUPTS();
2475:Middlewares/Third_Party/FreeRTOS/Source/queue.c **** 					return errQUEUE_FULL;
2476:Middlewares/Third_Party/FreeRTOS/Source/queue.c **** 				}
2477:Middlewares/Third_Party/FreeRTOS/Source/queue.c **** 			}
2478:Middlewares/Third_Party/FreeRTOS/Source/queue.c **** 			else
2479:Middlewares/Third_Party/FreeRTOS/Source/queue.c **** 			{
2480:Middlewares/Third_Party/FreeRTOS/Source/queue.c **** 				mtCOVERAGE_TEST_MARKER();
2481:Middlewares/Third_Party/FreeRTOS/Source/queue.c **** 			}
2482:Middlewares/Third_Party/FreeRTOS/Source/queue.c **** 		}
ARM GAS  D:\TMP\ccboKuyk.s 			page 142


2483:Middlewares/Third_Party/FreeRTOS/Source/queue.c **** 		portENABLE_INTERRUPTS();
2484:Middlewares/Third_Party/FreeRTOS/Source/queue.c **** 
2485:Middlewares/Third_Party/FreeRTOS/Source/queue.c **** 		portDISABLE_INTERRUPTS();
2486:Middlewares/Third_Party/FreeRTOS/Source/queue.c **** 		{
2487:Middlewares/Third_Party/FreeRTOS/Source/queue.c **** 			if( pxQueue->uxMessagesWaiting > ( UBaseType_t ) 0 )
2488:Middlewares/Third_Party/FreeRTOS/Source/queue.c **** 			{
2489:Middlewares/Third_Party/FreeRTOS/Source/queue.c **** 				/* Data is available from the queue. */
2490:Middlewares/Third_Party/FreeRTOS/Source/queue.c **** 				pxQueue->u.xQueue.pcReadFrom += pxQueue->uxItemSize;
2491:Middlewares/Third_Party/FreeRTOS/Source/queue.c **** 				if( pxQueue->u.xQueue.pcReadFrom >= pxQueue->u.xQueue.pcTail )
2492:Middlewares/Third_Party/FreeRTOS/Source/queue.c **** 				{
2493:Middlewares/Third_Party/FreeRTOS/Source/queue.c **** 					pxQueue->u.xQueue.pcReadFrom = pxQueue->pcHead;
2494:Middlewares/Third_Party/FreeRTOS/Source/queue.c **** 				}
2495:Middlewares/Third_Party/FreeRTOS/Source/queue.c **** 				else
2496:Middlewares/Third_Party/FreeRTOS/Source/queue.c **** 				{
2497:Middlewares/Third_Party/FreeRTOS/Source/queue.c **** 					mtCOVERAGE_TEST_MARKER();
2498:Middlewares/Third_Party/FreeRTOS/Source/queue.c **** 				}
2499:Middlewares/Third_Party/FreeRTOS/Source/queue.c **** 				--( pxQueue->uxMessagesWaiting );
2500:Middlewares/Third_Party/FreeRTOS/Source/queue.c **** 				( void ) memcpy( ( void * ) pvBuffer, ( void * ) pxQueue->u.xQueue.pcReadFrom, ( unsigned ) pxQ
2501:Middlewares/Third_Party/FreeRTOS/Source/queue.c **** 
2502:Middlewares/Third_Party/FreeRTOS/Source/queue.c **** 				xReturn = pdPASS;
2503:Middlewares/Third_Party/FreeRTOS/Source/queue.c **** 
2504:Middlewares/Third_Party/FreeRTOS/Source/queue.c **** 				/* Were any co-routines waiting for space to become available? */
2505:Middlewares/Third_Party/FreeRTOS/Source/queue.c **** 				if( listLIST_IS_EMPTY( &( pxQueue->xTasksWaitingToSend ) ) == pdFALSE )
2506:Middlewares/Third_Party/FreeRTOS/Source/queue.c **** 				{
2507:Middlewares/Third_Party/FreeRTOS/Source/queue.c **** 					/* In this instance the co-routine could be placed directly
2508:Middlewares/Third_Party/FreeRTOS/Source/queue.c **** 					into the ready list as we are within a critical section.
2509:Middlewares/Third_Party/FreeRTOS/Source/queue.c **** 					Instead the same pending ready list mechanism is used as if
2510:Middlewares/Third_Party/FreeRTOS/Source/queue.c **** 					the event were caused from within an interrupt. */
2511:Middlewares/Third_Party/FreeRTOS/Source/queue.c **** 					if( xCoRoutineRemoveFromEventList( &( pxQueue->xTasksWaitingToSend ) ) != pdFALSE )
2512:Middlewares/Third_Party/FreeRTOS/Source/queue.c **** 					{
2513:Middlewares/Third_Party/FreeRTOS/Source/queue.c **** 						xReturn = errQUEUE_YIELD;
2514:Middlewares/Third_Party/FreeRTOS/Source/queue.c **** 					}
2515:Middlewares/Third_Party/FreeRTOS/Source/queue.c **** 					else
2516:Middlewares/Third_Party/FreeRTOS/Source/queue.c **** 					{
2517:Middlewares/Third_Party/FreeRTOS/Source/queue.c **** 						mtCOVERAGE_TEST_MARKER();
2518:Middlewares/Third_Party/FreeRTOS/Source/queue.c **** 					}
2519:Middlewares/Third_Party/FreeRTOS/Source/queue.c **** 				}
2520:Middlewares/Third_Party/FreeRTOS/Source/queue.c **** 				else
2521:Middlewares/Third_Party/FreeRTOS/Source/queue.c **** 				{
2522:Middlewares/Third_Party/FreeRTOS/Source/queue.c **** 					mtCOVERAGE_TEST_MARKER();
2523:Middlewares/Third_Party/FreeRTOS/Source/queue.c **** 				}
2524:Middlewares/Third_Party/FreeRTOS/Source/queue.c **** 			}
2525:Middlewares/Third_Party/FreeRTOS/Source/queue.c **** 			else
2526:Middlewares/Third_Party/FreeRTOS/Source/queue.c **** 			{
2527:Middlewares/Third_Party/FreeRTOS/Source/queue.c **** 				xReturn = pdFAIL;
2528:Middlewares/Third_Party/FreeRTOS/Source/queue.c **** 			}
2529:Middlewares/Third_Party/FreeRTOS/Source/queue.c **** 		}
2530:Middlewares/Third_Party/FreeRTOS/Source/queue.c **** 		portENABLE_INTERRUPTS();
2531:Middlewares/Third_Party/FreeRTOS/Source/queue.c **** 
2532:Middlewares/Third_Party/FreeRTOS/Source/queue.c **** 		return xReturn;
2533:Middlewares/Third_Party/FreeRTOS/Source/queue.c **** 	}
2534:Middlewares/Third_Party/FreeRTOS/Source/queue.c **** 
2535:Middlewares/Third_Party/FreeRTOS/Source/queue.c **** #endif /* configUSE_CO_ROUTINES */
2536:Middlewares/Third_Party/FreeRTOS/Source/queue.c **** /*-----------------------------------------------------------*/
2537:Middlewares/Third_Party/FreeRTOS/Source/queue.c **** 
2538:Middlewares/Third_Party/FreeRTOS/Source/queue.c **** #if ( configUSE_CO_ROUTINES == 1 )
2539:Middlewares/Third_Party/FreeRTOS/Source/queue.c **** 
ARM GAS  D:\TMP\ccboKuyk.s 			page 143


2540:Middlewares/Third_Party/FreeRTOS/Source/queue.c **** 	BaseType_t xQueueCRSendFromISR( QueueHandle_t xQueue, const void *pvItemToQueue, BaseType_t xCoRou
2541:Middlewares/Third_Party/FreeRTOS/Source/queue.c **** 	{
2542:Middlewares/Third_Party/FreeRTOS/Source/queue.c **** 	Queue_t * const pxQueue = xQueue;
2543:Middlewares/Third_Party/FreeRTOS/Source/queue.c **** 
2544:Middlewares/Third_Party/FreeRTOS/Source/queue.c **** 		/* Cannot block within an ISR so if there is no space on the queue then
2545:Middlewares/Third_Party/FreeRTOS/Source/queue.c **** 		exit without doing anything. */
2546:Middlewares/Third_Party/FreeRTOS/Source/queue.c **** 		if( pxQueue->uxMessagesWaiting < pxQueue->uxLength )
2547:Middlewares/Third_Party/FreeRTOS/Source/queue.c **** 		{
2548:Middlewares/Third_Party/FreeRTOS/Source/queue.c **** 			prvCopyDataToQueue( pxQueue, pvItemToQueue, queueSEND_TO_BACK );
2549:Middlewares/Third_Party/FreeRTOS/Source/queue.c **** 
2550:Middlewares/Third_Party/FreeRTOS/Source/queue.c **** 			/* We only want to wake one co-routine per ISR, so check that a
2551:Middlewares/Third_Party/FreeRTOS/Source/queue.c **** 			co-routine has not already been woken. */
2552:Middlewares/Third_Party/FreeRTOS/Source/queue.c **** 			if( xCoRoutinePreviouslyWoken == pdFALSE )
2553:Middlewares/Third_Party/FreeRTOS/Source/queue.c **** 			{
2554:Middlewares/Third_Party/FreeRTOS/Source/queue.c **** 				if( listLIST_IS_EMPTY( &( pxQueue->xTasksWaitingToReceive ) ) == pdFALSE )
2555:Middlewares/Third_Party/FreeRTOS/Source/queue.c **** 				{
2556:Middlewares/Third_Party/FreeRTOS/Source/queue.c **** 					if( xCoRoutineRemoveFromEventList( &( pxQueue->xTasksWaitingToReceive ) ) != pdFALSE )
2557:Middlewares/Third_Party/FreeRTOS/Source/queue.c **** 					{
2558:Middlewares/Third_Party/FreeRTOS/Source/queue.c **** 						return pdTRUE;
2559:Middlewares/Third_Party/FreeRTOS/Source/queue.c **** 					}
2560:Middlewares/Third_Party/FreeRTOS/Source/queue.c **** 					else
2561:Middlewares/Third_Party/FreeRTOS/Source/queue.c **** 					{
2562:Middlewares/Third_Party/FreeRTOS/Source/queue.c **** 						mtCOVERAGE_TEST_MARKER();
2563:Middlewares/Third_Party/FreeRTOS/Source/queue.c **** 					}
2564:Middlewares/Third_Party/FreeRTOS/Source/queue.c **** 				}
2565:Middlewares/Third_Party/FreeRTOS/Source/queue.c **** 				else
2566:Middlewares/Third_Party/FreeRTOS/Source/queue.c **** 				{
2567:Middlewares/Third_Party/FreeRTOS/Source/queue.c **** 					mtCOVERAGE_TEST_MARKER();
2568:Middlewares/Third_Party/FreeRTOS/Source/queue.c **** 				}
2569:Middlewares/Third_Party/FreeRTOS/Source/queue.c **** 			}
2570:Middlewares/Third_Party/FreeRTOS/Source/queue.c **** 			else
2571:Middlewares/Third_Party/FreeRTOS/Source/queue.c **** 			{
2572:Middlewares/Third_Party/FreeRTOS/Source/queue.c **** 				mtCOVERAGE_TEST_MARKER();
2573:Middlewares/Third_Party/FreeRTOS/Source/queue.c **** 			}
2574:Middlewares/Third_Party/FreeRTOS/Source/queue.c **** 		}
2575:Middlewares/Third_Party/FreeRTOS/Source/queue.c **** 		else
2576:Middlewares/Third_Party/FreeRTOS/Source/queue.c **** 		{
2577:Middlewares/Third_Party/FreeRTOS/Source/queue.c **** 			mtCOVERAGE_TEST_MARKER();
2578:Middlewares/Third_Party/FreeRTOS/Source/queue.c **** 		}
2579:Middlewares/Third_Party/FreeRTOS/Source/queue.c **** 
2580:Middlewares/Third_Party/FreeRTOS/Source/queue.c **** 		return xCoRoutinePreviouslyWoken;
2581:Middlewares/Third_Party/FreeRTOS/Source/queue.c **** 	}
2582:Middlewares/Third_Party/FreeRTOS/Source/queue.c **** 
2583:Middlewares/Third_Party/FreeRTOS/Source/queue.c **** #endif /* configUSE_CO_ROUTINES */
2584:Middlewares/Third_Party/FreeRTOS/Source/queue.c **** /*-----------------------------------------------------------*/
2585:Middlewares/Third_Party/FreeRTOS/Source/queue.c **** 
2586:Middlewares/Third_Party/FreeRTOS/Source/queue.c **** #if ( configUSE_CO_ROUTINES == 1 )
2587:Middlewares/Third_Party/FreeRTOS/Source/queue.c **** 
2588:Middlewares/Third_Party/FreeRTOS/Source/queue.c **** 	BaseType_t xQueueCRReceiveFromISR( QueueHandle_t xQueue, void *pvBuffer, BaseType_t *pxCoRoutineWo
2589:Middlewares/Third_Party/FreeRTOS/Source/queue.c **** 	{
2590:Middlewares/Third_Party/FreeRTOS/Source/queue.c **** 	BaseType_t xReturn;
2591:Middlewares/Third_Party/FreeRTOS/Source/queue.c **** 	Queue_t * const pxQueue = xQueue;
2592:Middlewares/Third_Party/FreeRTOS/Source/queue.c **** 
2593:Middlewares/Third_Party/FreeRTOS/Source/queue.c **** 		/* We cannot block from an ISR, so check there is data available. If
2594:Middlewares/Third_Party/FreeRTOS/Source/queue.c **** 		not then just leave without doing anything. */
2595:Middlewares/Third_Party/FreeRTOS/Source/queue.c **** 		if( pxQueue->uxMessagesWaiting > ( UBaseType_t ) 0 )
2596:Middlewares/Third_Party/FreeRTOS/Source/queue.c **** 		{
ARM GAS  D:\TMP\ccboKuyk.s 			page 144


2597:Middlewares/Third_Party/FreeRTOS/Source/queue.c **** 			/* Copy the data from the queue. */
2598:Middlewares/Third_Party/FreeRTOS/Source/queue.c **** 			pxQueue->u.xQueue.pcReadFrom += pxQueue->uxItemSize;
2599:Middlewares/Third_Party/FreeRTOS/Source/queue.c **** 			if( pxQueue->u.xQueue.pcReadFrom >= pxQueue->u.xQueue.pcTail )
2600:Middlewares/Third_Party/FreeRTOS/Source/queue.c **** 			{
2601:Middlewares/Third_Party/FreeRTOS/Source/queue.c **** 				pxQueue->u.xQueue.pcReadFrom = pxQueue->pcHead;
2602:Middlewares/Third_Party/FreeRTOS/Source/queue.c **** 			}
2603:Middlewares/Third_Party/FreeRTOS/Source/queue.c **** 			else
2604:Middlewares/Third_Party/FreeRTOS/Source/queue.c **** 			{
2605:Middlewares/Third_Party/FreeRTOS/Source/queue.c **** 				mtCOVERAGE_TEST_MARKER();
2606:Middlewares/Third_Party/FreeRTOS/Source/queue.c **** 			}
2607:Middlewares/Third_Party/FreeRTOS/Source/queue.c **** 			--( pxQueue->uxMessagesWaiting );
2608:Middlewares/Third_Party/FreeRTOS/Source/queue.c **** 			( void ) memcpy( ( void * ) pvBuffer, ( void * ) pxQueue->u.xQueue.pcReadFrom, ( unsigned ) pxQu
2609:Middlewares/Third_Party/FreeRTOS/Source/queue.c **** 
2610:Middlewares/Third_Party/FreeRTOS/Source/queue.c **** 			if( ( *pxCoRoutineWoken ) == pdFALSE )
2611:Middlewares/Third_Party/FreeRTOS/Source/queue.c **** 			{
2612:Middlewares/Third_Party/FreeRTOS/Source/queue.c **** 				if( listLIST_IS_EMPTY( &( pxQueue->xTasksWaitingToSend ) ) == pdFALSE )
2613:Middlewares/Third_Party/FreeRTOS/Source/queue.c **** 				{
2614:Middlewares/Third_Party/FreeRTOS/Source/queue.c **** 					if( xCoRoutineRemoveFromEventList( &( pxQueue->xTasksWaitingToSend ) ) != pdFALSE )
2615:Middlewares/Third_Party/FreeRTOS/Source/queue.c **** 					{
2616:Middlewares/Third_Party/FreeRTOS/Source/queue.c **** 						*pxCoRoutineWoken = pdTRUE;
2617:Middlewares/Third_Party/FreeRTOS/Source/queue.c **** 					}
2618:Middlewares/Third_Party/FreeRTOS/Source/queue.c **** 					else
2619:Middlewares/Third_Party/FreeRTOS/Source/queue.c **** 					{
2620:Middlewares/Third_Party/FreeRTOS/Source/queue.c **** 						mtCOVERAGE_TEST_MARKER();
2621:Middlewares/Third_Party/FreeRTOS/Source/queue.c **** 					}
2622:Middlewares/Third_Party/FreeRTOS/Source/queue.c **** 				}
2623:Middlewares/Third_Party/FreeRTOS/Source/queue.c **** 				else
2624:Middlewares/Third_Party/FreeRTOS/Source/queue.c **** 				{
2625:Middlewares/Third_Party/FreeRTOS/Source/queue.c **** 					mtCOVERAGE_TEST_MARKER();
2626:Middlewares/Third_Party/FreeRTOS/Source/queue.c **** 				}
2627:Middlewares/Third_Party/FreeRTOS/Source/queue.c **** 			}
2628:Middlewares/Third_Party/FreeRTOS/Source/queue.c **** 			else
2629:Middlewares/Third_Party/FreeRTOS/Source/queue.c **** 			{
2630:Middlewares/Third_Party/FreeRTOS/Source/queue.c **** 				mtCOVERAGE_TEST_MARKER();
2631:Middlewares/Third_Party/FreeRTOS/Source/queue.c **** 			}
2632:Middlewares/Third_Party/FreeRTOS/Source/queue.c **** 
2633:Middlewares/Third_Party/FreeRTOS/Source/queue.c **** 			xReturn = pdPASS;
2634:Middlewares/Third_Party/FreeRTOS/Source/queue.c **** 		}
2635:Middlewares/Third_Party/FreeRTOS/Source/queue.c **** 		else
2636:Middlewares/Third_Party/FreeRTOS/Source/queue.c **** 		{
2637:Middlewares/Third_Party/FreeRTOS/Source/queue.c **** 			xReturn = pdFAIL;
2638:Middlewares/Third_Party/FreeRTOS/Source/queue.c **** 		}
2639:Middlewares/Third_Party/FreeRTOS/Source/queue.c **** 
2640:Middlewares/Third_Party/FreeRTOS/Source/queue.c **** 		return xReturn;
2641:Middlewares/Third_Party/FreeRTOS/Source/queue.c **** 	}
2642:Middlewares/Third_Party/FreeRTOS/Source/queue.c **** 
2643:Middlewares/Third_Party/FreeRTOS/Source/queue.c **** #endif /* configUSE_CO_ROUTINES */
2644:Middlewares/Third_Party/FreeRTOS/Source/queue.c **** /*-----------------------------------------------------------*/
2645:Middlewares/Third_Party/FreeRTOS/Source/queue.c **** 
2646:Middlewares/Third_Party/FreeRTOS/Source/queue.c **** #if ( configQUEUE_REGISTRY_SIZE > 0 )
2647:Middlewares/Third_Party/FreeRTOS/Source/queue.c **** 
2648:Middlewares/Third_Party/FreeRTOS/Source/queue.c **** 	void vQueueAddToRegistry( QueueHandle_t xQueue, const char *pcQueueName ) /*lint !e971 Unqualified
2649:Middlewares/Third_Party/FreeRTOS/Source/queue.c **** 	{
 4176              		.loc 1 2649 2 is_stmt 1 view -0
 4177              		.cfi_startproc
 4178              		@ args = 0, pretend = 0, frame = 0
 4179              		@ frame_needed = 0, uses_anonymous_args = 0
ARM GAS  D:\TMP\ccboKuyk.s 			page 145


 4180              		@ link register save eliminated.
2650:Middlewares/Third_Party/FreeRTOS/Source/queue.c **** 	UBaseType_t ux;
 4181              		.loc 1 2650 2 view .LVU1267
2651:Middlewares/Third_Party/FreeRTOS/Source/queue.c **** 
2652:Middlewares/Third_Party/FreeRTOS/Source/queue.c **** 		/* See if there is an empty space in the registry.  A NULL name denotes
2653:Middlewares/Third_Party/FreeRTOS/Source/queue.c **** 		a free slot. */
2654:Middlewares/Third_Party/FreeRTOS/Source/queue.c **** 		for( ux = ( UBaseType_t ) 0U; ux < ( UBaseType_t ) configQUEUE_REGISTRY_SIZE; ux++ )
 4182              		.loc 1 2654 3 view .LVU1268
 4183              		.loc 1 2654 11 is_stmt 0 view .LVU1269
 4184 0000 0023     		movs	r3, #0
 4185              	.LVL324:
 4186              	.L314:
 4187              		.loc 1 2654 36 is_stmt 1 discriminator 1 view .LVU1270
 4188 0002 072B     		cmp	r3, #7
 4189 0004 0CD8     		bhi	.L318
2655:Middlewares/Third_Party/FreeRTOS/Source/queue.c **** 		{
2656:Middlewares/Third_Party/FreeRTOS/Source/queue.c **** 			if( xQueueRegistry[ ux ].pcQueueName == NULL )
 4190              		.loc 1 2656 4 view .LVU1271
 4191              		.loc 1 2656 28 is_stmt 0 view .LVU1272
 4192 0006 074A     		ldr	r2, .L320
 4193 0008 52F83320 		ldr	r2, [r2, r3, lsl #3]
 4194              		.loc 1 2656 6 view .LVU1273
 4195 000c 0AB1     		cbz	r2, .L319
2657:Middlewares/Third_Party/FreeRTOS/Source/queue.c **** 			{
2658:Middlewares/Third_Party/FreeRTOS/Source/queue.c **** 				/* Store the information on this queue. */
2659:Middlewares/Third_Party/FreeRTOS/Source/queue.c **** 				xQueueRegistry[ ux ].pcQueueName = pcQueueName;
2660:Middlewares/Third_Party/FreeRTOS/Source/queue.c **** 				xQueueRegistry[ ux ].xHandle = xQueue;
2661:Middlewares/Third_Party/FreeRTOS/Source/queue.c **** 
2662:Middlewares/Third_Party/FreeRTOS/Source/queue.c **** 				traceQUEUE_REGISTRY_ADD( xQueue, pcQueueName );
2663:Middlewares/Third_Party/FreeRTOS/Source/queue.c **** 				break;
2664:Middlewares/Third_Party/FreeRTOS/Source/queue.c **** 			}
2665:Middlewares/Third_Party/FreeRTOS/Source/queue.c **** 			else
2666:Middlewares/Third_Party/FreeRTOS/Source/queue.c **** 			{
2667:Middlewares/Third_Party/FreeRTOS/Source/queue.c **** 				mtCOVERAGE_TEST_MARKER();
 4196              		.loc 1 2667 29 is_stmt 1 view .LVU1274
2654:Middlewares/Third_Party/FreeRTOS/Source/queue.c **** 		{
 4197              		.loc 1 2654 83 discriminator 2 view .LVU1275
 4198 000e 0133     		adds	r3, r3, #1
 4199              	.LVL325:
2654:Middlewares/Third_Party/FreeRTOS/Source/queue.c **** 		{
 4200              		.loc 1 2654 83 is_stmt 0 discriminator 2 view .LVU1276
 4201 0010 F7E7     		b	.L314
 4202              	.L319:
2659:Middlewares/Third_Party/FreeRTOS/Source/queue.c **** 				xQueueRegistry[ ux ].xHandle = xQueue;
 4203              		.loc 1 2659 5 is_stmt 1 view .LVU1277
2659:Middlewares/Third_Party/FreeRTOS/Source/queue.c **** 				xQueueRegistry[ ux ].xHandle = xQueue;
 4204              		.loc 1 2659 38 is_stmt 0 view .LVU1278
 4205 0012 044A     		ldr	r2, .L320
 4206 0014 42F83310 		str	r1, [r2, r3, lsl #3]
2660:Middlewares/Third_Party/FreeRTOS/Source/queue.c **** 
 4207              		.loc 1 2660 5 is_stmt 1 view .LVU1279
2660:Middlewares/Third_Party/FreeRTOS/Source/queue.c **** 
 4208              		.loc 1 2660 34 is_stmt 0 view .LVU1280
 4209 0018 02EBC302 		add	r2, r2, r3, lsl #3
 4210 001c 5060     		str	r0, [r2, #4]
2662:Middlewares/Third_Party/FreeRTOS/Source/queue.c **** 				break;
 4211              		.loc 1 2662 51 is_stmt 1 view .LVU1281
ARM GAS  D:\TMP\ccboKuyk.s 			page 146


2663:Middlewares/Third_Party/FreeRTOS/Source/queue.c **** 			}
 4212              		.loc 1 2663 5 view .LVU1282
 4213 001e 7047     		bx	lr
 4214              	.L318:
2668:Middlewares/Third_Party/FreeRTOS/Source/queue.c **** 			}
2669:Middlewares/Third_Party/FreeRTOS/Source/queue.c **** 		}
2670:Middlewares/Third_Party/FreeRTOS/Source/queue.c **** 	}
 4215              		.loc 1 2670 2 is_stmt 0 view .LVU1283
 4216 0020 7047     		bx	lr
 4217              	.L321:
 4218 0022 00BF     		.align	2
 4219              	.L320:
 4220 0024 00000000 		.word	xQueueRegistry
 4221              		.cfi_endproc
 4222              	.LFE33:
 4224              		.section	.text.pcQueueGetName,"ax",%progbits
 4225              		.align	1
 4226              		.global	pcQueueGetName
 4227              		.syntax unified
 4228              		.thumb
 4229              		.thumb_func
 4231              	pcQueueGetName:
 4232              	.LVL326:
 4233              	.LFB34:
2671:Middlewares/Third_Party/FreeRTOS/Source/queue.c **** 
2672:Middlewares/Third_Party/FreeRTOS/Source/queue.c **** #endif /* configQUEUE_REGISTRY_SIZE */
2673:Middlewares/Third_Party/FreeRTOS/Source/queue.c **** /*-----------------------------------------------------------*/
2674:Middlewares/Third_Party/FreeRTOS/Source/queue.c **** 
2675:Middlewares/Third_Party/FreeRTOS/Source/queue.c **** #if ( configQUEUE_REGISTRY_SIZE > 0 )
2676:Middlewares/Third_Party/FreeRTOS/Source/queue.c **** 
2677:Middlewares/Third_Party/FreeRTOS/Source/queue.c **** 	const char *pcQueueGetName( QueueHandle_t xQueue ) /*lint !e971 Unqualified char types are allowed
2678:Middlewares/Third_Party/FreeRTOS/Source/queue.c **** 	{
 4234              		.loc 1 2678 2 is_stmt 1 view -0
 4235              		.cfi_startproc
 4236              		@ args = 0, pretend = 0, frame = 0
 4237              		@ frame_needed = 0, uses_anonymous_args = 0
 4238              		@ link register save eliminated.
2679:Middlewares/Third_Party/FreeRTOS/Source/queue.c **** 	UBaseType_t ux;
 4239              		.loc 1 2679 2 view .LVU1285
2680:Middlewares/Third_Party/FreeRTOS/Source/queue.c **** 	const char *pcReturn = NULL; /*lint !e971 Unqualified char types are allowed for strings and singl
 4240              		.loc 1 2680 2 view .LVU1286
2681:Middlewares/Third_Party/FreeRTOS/Source/queue.c **** 
2682:Middlewares/Third_Party/FreeRTOS/Source/queue.c **** 		/* Note there is nothing here to protect against another task adding or
2683:Middlewares/Third_Party/FreeRTOS/Source/queue.c **** 		removing entries from the registry while it is being searched. */
2684:Middlewares/Third_Party/FreeRTOS/Source/queue.c **** 		for( ux = ( UBaseType_t ) 0U; ux < ( UBaseType_t ) configQUEUE_REGISTRY_SIZE; ux++ )
 4241              		.loc 1 2684 3 view .LVU1287
 4242              		.loc 1 2684 11 is_stmt 0 view .LVU1288
 4243 0000 0023     		movs	r3, #0
 4244              	.LVL327:
 4245              	.L323:
 4246              		.loc 1 2684 36 is_stmt 1 discriminator 1 view .LVU1289
 4247 0002 072B     		cmp	r3, #7
 4248 0004 0BD8     		bhi	.L327
2685:Middlewares/Third_Party/FreeRTOS/Source/queue.c **** 		{
2686:Middlewares/Third_Party/FreeRTOS/Source/queue.c **** 			if( xQueueRegistry[ ux ].xHandle == xQueue )
 4249              		.loc 1 2686 4 view .LVU1290
 4250              		.loc 1 2686 28 is_stmt 0 view .LVU1291
ARM GAS  D:\TMP\ccboKuyk.s 			page 147


 4251 0006 074A     		ldr	r2, .L329
 4252 0008 02EBC302 		add	r2, r2, r3, lsl #3
 4253 000c 5268     		ldr	r2, [r2, #4]
 4254              		.loc 1 2686 6 view .LVU1292
 4255 000e 8242     		cmp	r2, r0
 4256 0010 01D0     		beq	.L328
2687:Middlewares/Third_Party/FreeRTOS/Source/queue.c **** 			{
2688:Middlewares/Third_Party/FreeRTOS/Source/queue.c **** 				pcReturn = xQueueRegistry[ ux ].pcQueueName;
2689:Middlewares/Third_Party/FreeRTOS/Source/queue.c **** 				break;
2690:Middlewares/Third_Party/FreeRTOS/Source/queue.c **** 			}
2691:Middlewares/Third_Party/FreeRTOS/Source/queue.c **** 			else
2692:Middlewares/Third_Party/FreeRTOS/Source/queue.c **** 			{
2693:Middlewares/Third_Party/FreeRTOS/Source/queue.c **** 				mtCOVERAGE_TEST_MARKER();
 4257              		.loc 1 2693 29 is_stmt 1 view .LVU1293
2684:Middlewares/Third_Party/FreeRTOS/Source/queue.c **** 		{
 4258              		.loc 1 2684 83 discriminator 2 view .LVU1294
 4259 0012 0133     		adds	r3, r3, #1
 4260              	.LVL328:
2684:Middlewares/Third_Party/FreeRTOS/Source/queue.c **** 		{
 4261              		.loc 1 2684 83 is_stmt 0 discriminator 2 view .LVU1295
 4262 0014 F5E7     		b	.L323
 4263              	.L328:
2688:Middlewares/Third_Party/FreeRTOS/Source/queue.c **** 				break;
 4264              		.loc 1 2688 5 is_stmt 1 view .LVU1296
2688:Middlewares/Third_Party/FreeRTOS/Source/queue.c **** 				break;
 4265              		.loc 1 2688 14 is_stmt 0 view .LVU1297
 4266 0016 034A     		ldr	r2, .L329
 4267 0018 52F83300 		ldr	r0, [r2, r3, lsl #3]
 4268              	.LVL329:
2689:Middlewares/Third_Party/FreeRTOS/Source/queue.c **** 			}
 4269              		.loc 1 2689 5 is_stmt 1 view .LVU1298
 4270 001c 7047     		bx	lr
 4271              	.LVL330:
 4272              	.L327:
2680:Middlewares/Third_Party/FreeRTOS/Source/queue.c **** 
 4273              		.loc 1 2680 14 is_stmt 0 view .LVU1299
 4274 001e 0020     		movs	r0, #0
 4275              	.LVL331:
2694:Middlewares/Third_Party/FreeRTOS/Source/queue.c **** 			}
2695:Middlewares/Third_Party/FreeRTOS/Source/queue.c **** 		}
2696:Middlewares/Third_Party/FreeRTOS/Source/queue.c **** 
2697:Middlewares/Third_Party/FreeRTOS/Source/queue.c **** 		return pcReturn;
 4276              		.loc 1 2697 3 is_stmt 1 view .LVU1300
2698:Middlewares/Third_Party/FreeRTOS/Source/queue.c **** 	} /*lint !e818 xQueue cannot be a pointer to const because it is a typedef. */
 4277              		.loc 1 2698 2 is_stmt 0 view .LVU1301
 4278 0020 7047     		bx	lr
 4279              	.L330:
 4280 0022 00BF     		.align	2
 4281              	.L329:
 4282 0024 00000000 		.word	xQueueRegistry
 4283              		.cfi_endproc
 4284              	.LFE34:
 4286              		.section	.text.vQueueUnregisterQueue,"ax",%progbits
 4287              		.align	1
 4288              		.global	vQueueUnregisterQueue
 4289              		.syntax unified
 4290              		.thumb
ARM GAS  D:\TMP\ccboKuyk.s 			page 148


 4291              		.thumb_func
 4293              	vQueueUnregisterQueue:
 4294              	.LVL332:
 4295              	.LFB35:
2699:Middlewares/Third_Party/FreeRTOS/Source/queue.c **** 
2700:Middlewares/Third_Party/FreeRTOS/Source/queue.c **** #endif /* configQUEUE_REGISTRY_SIZE */
2701:Middlewares/Third_Party/FreeRTOS/Source/queue.c **** /*-----------------------------------------------------------*/
2702:Middlewares/Third_Party/FreeRTOS/Source/queue.c **** 
2703:Middlewares/Third_Party/FreeRTOS/Source/queue.c **** #if ( configQUEUE_REGISTRY_SIZE > 0 )
2704:Middlewares/Third_Party/FreeRTOS/Source/queue.c **** 
2705:Middlewares/Third_Party/FreeRTOS/Source/queue.c **** 	void vQueueUnregisterQueue( QueueHandle_t xQueue )
2706:Middlewares/Third_Party/FreeRTOS/Source/queue.c **** 	{
 4296              		.loc 1 2706 2 is_stmt 1 view -0
 4297              		.cfi_startproc
 4298              		@ args = 0, pretend = 0, frame = 0
 4299              		@ frame_needed = 0, uses_anonymous_args = 0
 4300              		@ link register save eliminated.
2707:Middlewares/Third_Party/FreeRTOS/Source/queue.c **** 	UBaseType_t ux;
 4301              		.loc 1 2707 2 view .LVU1303
2708:Middlewares/Third_Party/FreeRTOS/Source/queue.c **** 
2709:Middlewares/Third_Party/FreeRTOS/Source/queue.c **** 		/* See if the handle of the queue being unregistered in actually in the
2710:Middlewares/Third_Party/FreeRTOS/Source/queue.c **** 		registry. */
2711:Middlewares/Third_Party/FreeRTOS/Source/queue.c **** 		for( ux = ( UBaseType_t ) 0U; ux < ( UBaseType_t ) configQUEUE_REGISTRY_SIZE; ux++ )
 4302              		.loc 1 2711 3 view .LVU1304
 4303              		.loc 1 2711 11 is_stmt 0 view .LVU1305
 4304 0000 0023     		movs	r3, #0
 4305              	.LVL333:
 4306              	.L332:
 4307              		.loc 1 2711 36 is_stmt 1 discriminator 1 view .LVU1306
 4308 0002 072B     		cmp	r3, #7
 4309 0004 0FD8     		bhi	.L336
2712:Middlewares/Third_Party/FreeRTOS/Source/queue.c **** 		{
2713:Middlewares/Third_Party/FreeRTOS/Source/queue.c **** 			if( xQueueRegistry[ ux ].xHandle == xQueue )
 4310              		.loc 1 2713 4 view .LVU1307
 4311              		.loc 1 2713 28 is_stmt 0 view .LVU1308
 4312 0006 084A     		ldr	r2, .L338
 4313 0008 02EBC302 		add	r2, r2, r3, lsl #3
 4314 000c 5268     		ldr	r2, [r2, #4]
 4315              		.loc 1 2713 6 view .LVU1309
 4316 000e 8242     		cmp	r2, r0
 4317 0010 01D0     		beq	.L337
2714:Middlewares/Third_Party/FreeRTOS/Source/queue.c **** 			{
2715:Middlewares/Third_Party/FreeRTOS/Source/queue.c **** 				/* Set the name to NULL to show that this slot if free again. */
2716:Middlewares/Third_Party/FreeRTOS/Source/queue.c **** 				xQueueRegistry[ ux ].pcQueueName = NULL;
2717:Middlewares/Third_Party/FreeRTOS/Source/queue.c **** 
2718:Middlewares/Third_Party/FreeRTOS/Source/queue.c **** 				/* Set the handle to NULL to ensure the same queue handle cannot
2719:Middlewares/Third_Party/FreeRTOS/Source/queue.c **** 				appear in the registry twice if it is added, removed, then
2720:Middlewares/Third_Party/FreeRTOS/Source/queue.c **** 				added again. */
2721:Middlewares/Third_Party/FreeRTOS/Source/queue.c **** 				xQueueRegistry[ ux ].xHandle = ( QueueHandle_t ) 0;
2722:Middlewares/Third_Party/FreeRTOS/Source/queue.c **** 				break;
2723:Middlewares/Third_Party/FreeRTOS/Source/queue.c **** 			}
2724:Middlewares/Third_Party/FreeRTOS/Source/queue.c **** 			else
2725:Middlewares/Third_Party/FreeRTOS/Source/queue.c **** 			{
2726:Middlewares/Third_Party/FreeRTOS/Source/queue.c **** 				mtCOVERAGE_TEST_MARKER();
 4318              		.loc 1 2726 29 is_stmt 1 view .LVU1310
2711:Middlewares/Third_Party/FreeRTOS/Source/queue.c **** 		{
 4319              		.loc 1 2711 83 discriminator 2 view .LVU1311
ARM GAS  D:\TMP\ccboKuyk.s 			page 149


 4320 0012 0133     		adds	r3, r3, #1
 4321              	.LVL334:
2711:Middlewares/Third_Party/FreeRTOS/Source/queue.c **** 		{
 4322              		.loc 1 2711 83 is_stmt 0 discriminator 2 view .LVU1312
 4323 0014 F5E7     		b	.L332
 4324              	.L337:
2716:Middlewares/Third_Party/FreeRTOS/Source/queue.c **** 
 4325              		.loc 1 2716 5 is_stmt 1 view .LVU1313
2716:Middlewares/Third_Party/FreeRTOS/Source/queue.c **** 
 4326              		.loc 1 2716 38 is_stmt 0 view .LVU1314
 4327 0016 044A     		ldr	r2, .L338
 4328 0018 0021     		movs	r1, #0
 4329 001a 42F83310 		str	r1, [r2, r3, lsl #3]
2721:Middlewares/Third_Party/FreeRTOS/Source/queue.c **** 				break;
 4330              		.loc 1 2721 5 is_stmt 1 view .LVU1315
2721:Middlewares/Third_Party/FreeRTOS/Source/queue.c **** 				break;
 4331              		.loc 1 2721 34 is_stmt 0 view .LVU1316
 4332 001e 02EBC302 		add	r2, r2, r3, lsl #3
 4333 0022 5160     		str	r1, [r2, #4]
2722:Middlewares/Third_Party/FreeRTOS/Source/queue.c **** 			}
 4334              		.loc 1 2722 5 is_stmt 1 view .LVU1317
 4335 0024 7047     		bx	lr
 4336              	.L336:
2727:Middlewares/Third_Party/FreeRTOS/Source/queue.c **** 			}
2728:Middlewares/Third_Party/FreeRTOS/Source/queue.c **** 		}
2729:Middlewares/Third_Party/FreeRTOS/Source/queue.c **** 
2730:Middlewares/Third_Party/FreeRTOS/Source/queue.c **** 	} /*lint !e818 xQueue could not be pointer to const because it is a typedef. */
 4337              		.loc 1 2730 2 is_stmt 0 view .LVU1318
 4338 0026 7047     		bx	lr
 4339              	.L339:
 4340              		.align	2
 4341              	.L338:
 4342 0028 00000000 		.word	xQueueRegistry
 4343              		.cfi_endproc
 4344              	.LFE35:
 4346              		.section	.text.vQueueDelete,"ax",%progbits
 4347              		.align	1
 4348              		.global	vQueueDelete
 4349              		.syntax unified
 4350              		.thumb
 4351              		.thumb_func
 4353              	vQueueDelete:
 4354              	.LVL335:
 4355              	.LFB24:
1976:Middlewares/Third_Party/FreeRTOS/Source/queue.c **** Queue_t * const pxQueue = xQueue;
 4356              		.loc 1 1976 1 is_stmt 1 view -0
 4357              		.cfi_startproc
 4358              		@ args = 0, pretend = 0, frame = 0
 4359              		@ frame_needed = 0, uses_anonymous_args = 0
1977:Middlewares/Third_Party/FreeRTOS/Source/queue.c **** 
 4360              		.loc 1 1977 1 view .LVU1320
1979:Middlewares/Third_Party/FreeRTOS/Source/queue.c **** 	traceQUEUE_DELETE( pxQueue );
 4361              		.loc 1 1979 2 view .LVU1321
 4362 0000 38B1     		cbz	r0, .L345
1976:Middlewares/Third_Party/FreeRTOS/Source/queue.c **** Queue_t * const pxQueue = xQueue;
 4363              		.loc 1 1976 1 is_stmt 0 view .LVU1322
 4364 0002 10B5     		push	{r4, lr}
ARM GAS  D:\TMP\ccboKuyk.s 			page 150


 4365              	.LCFI43:
 4366              		.cfi_def_cfa_offset 8
 4367              		.cfi_offset 4, -8
 4368              		.cfi_offset 14, -4
 4369 0004 0446     		mov	r4, r0
1979:Middlewares/Third_Party/FreeRTOS/Source/queue.c **** 	traceQUEUE_DELETE( pxQueue );
 4370              		.loc 1 1979 25 is_stmt 1 discriminator 2 view .LVU1323
1980:Middlewares/Third_Party/FreeRTOS/Source/queue.c **** 
 4371              		.loc 1 1980 30 view .LVU1324
1984:Middlewares/Third_Party/FreeRTOS/Source/queue.c **** 	}
 4372              		.loc 1 1984 3 view .LVU1325
 4373 0006 FFF7FEFF 		bl	vQueueUnregisterQueue
 4374              	.LVL336:
1992:Middlewares/Third_Party/FreeRTOS/Source/queue.c **** 	}
 4375              		.loc 1 1992 3 view .LVU1326
 4376 000a 2046     		mov	r0, r4
 4377 000c FFF7FEFF 		bl	vPortFree
 4378              	.LVL337:
2014:Middlewares/Third_Party/FreeRTOS/Source/queue.c **** /*-----------------------------------------------------------*/
 4379              		.loc 1 2014 1 is_stmt 0 view .LVU1327
 4380 0010 10BD     		pop	{r4, pc}
 4381              	.LVL338:
 4382              	.L345:
 4383              	.LCFI44:
 4384              		.cfi_def_cfa_offset 0
 4385              		.cfi_restore 4
 4386              		.cfi_restore 14
1979:Middlewares/Third_Party/FreeRTOS/Source/queue.c **** 	traceQUEUE_DELETE( pxQueue );
 4387              		.loc 1 1979 2 is_stmt 1 discriminator 1 view .LVU1328
 4388              	.LBB211:
 4389              	.LBI211:
 193:Middlewares/Third_Party/FreeRTOS/Source/portable/GCC/ARM_CM3/portmacro.h **** {
 4390              		.loc 2 193 30 view .LVU1329
 4391              	.LBB212:
 195:Middlewares/Third_Party/FreeRTOS/Source/portable/GCC/ARM_CM3/portmacro.h **** 
 4392              		.loc 2 195 1 view .LVU1330
 197:Middlewares/Third_Party/FreeRTOS/Source/portable/GCC/ARM_CM3/portmacro.h **** 	(
 4393              		.loc 2 197 2 view .LVU1331
 4394              		.syntax unified
 4395              	@ 197 "Middlewares/Third_Party/FreeRTOS/Source/portable/GCC/ARM_CM3/portmacro.h" 1
 4396 0012 4FF02003 			mov r3, #32												
 4397 0016 83F31188 		msr basepri, r3											
 4398 001a BFF36F8F 		isb														
 4399 001e BFF34F8F 		dsb														
 4400              	
 4401              	@ 0 "" 2
 4402              		.thumb
 4403              		.syntax unified
 4404              	.L342:
 4405              	.LBE212:
 4406              	.LBE211:
1979:Middlewares/Third_Party/FreeRTOS/Source/queue.c **** 	traceQUEUE_DELETE( pxQueue );
 4407              		.loc 1 1979 2 discriminator 3 view .LVU1332
1979:Middlewares/Third_Party/FreeRTOS/Source/queue.c **** 	traceQUEUE_DELETE( pxQueue );
 4408              		.loc 1 1979 2 discriminator 3 view .LVU1333
1979:Middlewares/Third_Party/FreeRTOS/Source/queue.c **** 	traceQUEUE_DELETE( pxQueue );
 4409              		.loc 1 1979 2 discriminator 3 view .LVU1334
ARM GAS  D:\TMP\ccboKuyk.s 			page 151


 4410 0022 FEE7     		b	.L342
 4411              		.cfi_endproc
 4412              	.LFE24:
 4414              		.global	xQueueRegistry
 4415              		.section	.bss.xQueueRegistry,"aw",%nobits
 4416              		.align	2
 4419              	xQueueRegistry:
 4420 0000 00000000 		.space	64
 4420      00000000 
 4420      00000000 
 4420      00000000 
 4420      00000000 
 4421              		.text
 4422              	.Letext0:
 4423              		.file 3 "F:/Msys2/mingw64/lib/gcc/arm-none-eabi/13.3.0/include/stddef.h"
 4424              		.file 4 "F:/Msys2/mingw64/arm-none-eabi/include/machine/_default_types.h"
 4425              		.file 5 "F:/Msys2/mingw64/arm-none-eabi/include/sys/_stdint.h"
 4426              		.file 6 "Middlewares/Third_Party/FreeRTOS/Source/include/list.h"
 4427              		.file 7 "Middlewares/Third_Party/FreeRTOS/Source/include/task.h"
 4428              		.file 8 "Middlewares/Third_Party/FreeRTOS/Source/include/queue.h"
 4429              		.file 9 "Middlewares/Third_Party/FreeRTOS/Source/include/portable.h"
 4430              		.file 10 "F:/Msys2/mingw64/arm-none-eabi/include/string.h"
 4431              		.file 11 "<built-in>"
ARM GAS  D:\TMP\ccboKuyk.s 			page 152


DEFINED SYMBOLS
                            *ABS*:00000000 queue.c
   D:\TMP\ccboKuyk.s:19     .text.prvGetDisinheritPriorityAfterTimeout:00000000 $t
   D:\TMP\ccboKuyk.s:24     .text.prvGetDisinheritPriorityAfterTimeout:00000000 prvGetDisinheritPriorityAfterTimeout
   D:\TMP\ccboKuyk.s:58     .text.prvIsQueueFull:00000000 $t
   D:\TMP\ccboKuyk.s:63     .text.prvIsQueueFull:00000000 prvIsQueueFull
   D:\TMP\ccboKuyk.s:111    .text.prvIsQueueEmpty:00000000 $t
   D:\TMP\ccboKuyk.s:116    .text.prvIsQueueEmpty:00000000 prvIsQueueEmpty
   D:\TMP\ccboKuyk.s:161    .text.prvCopyDataToQueue:00000000 $t
   D:\TMP\ccboKuyk.s:166    .text.prvCopyDataToQueue:00000000 prvCopyDataToQueue
   D:\TMP\ccboKuyk.s:325    .text.prvCopyDataFromQueue:00000000 $t
   D:\TMP\ccboKuyk.s:330    .text.prvCopyDataFromQueue:00000000 prvCopyDataFromQueue
   D:\TMP\ccboKuyk.s:382    .text.prvUnlockQueue:00000000 $t
   D:\TMP\ccboKuyk.s:387    .text.prvUnlockQueue:00000000 prvUnlockQueue
   D:\TMP\ccboKuyk.s:512    .text.xQueueGenericReset:00000000 $t
   D:\TMP\ccboKuyk.s:518    .text.xQueueGenericReset:00000000 xQueueGenericReset
   D:\TMP\ccboKuyk.s:659    .text.prvInitialiseNewQueue:00000000 $t
   D:\TMP\ccboKuyk.s:664    .text.prvInitialiseNewQueue:00000000 prvInitialiseNewQueue
   D:\TMP\ccboKuyk.s:717    .text.xQueueGenericCreate:00000000 $t
   D:\TMP\ccboKuyk.s:723    .text.xQueueGenericCreate:00000000 xQueueGenericCreate
   D:\TMP\ccboKuyk.s:822    .text.xQueueCreateCountingSemaphore:00000000 $t
   D:\TMP\ccboKuyk.s:828    .text.xQueueCreateCountingSemaphore:00000000 xQueueCreateCountingSemaphore
   D:\TMP\ccboKuyk.s:925    .text.xQueueGenericSend:00000000 $t
   D:\TMP\ccboKuyk.s:931    .text.xQueueGenericSend:00000000 xQueueGenericSend
   D:\TMP\ccboKuyk.s:1339   .text.prvInitialiseMutex:00000000 $t
   D:\TMP\ccboKuyk.s:1344   .text.prvInitialiseMutex:00000000 prvInitialiseMutex
   D:\TMP\ccboKuyk.s:1392   .text.xQueueCreateMutex:00000000 $t
   D:\TMP\ccboKuyk.s:1398   .text.xQueueCreateMutex:00000000 xQueueCreateMutex
   D:\TMP\ccboKuyk.s:1438   .text.xQueueGiveMutexRecursive:00000000 $t
   D:\TMP\ccboKuyk.s:1444   .text.xQueueGiveMutexRecursive:00000000 xQueueGiveMutexRecursive
   D:\TMP\ccboKuyk.s:1541   .text.xQueueGenericSendFromISR:00000000 $t
   D:\TMP\ccboKuyk.s:1547   .text.xQueueGenericSendFromISR:00000000 xQueueGenericSendFromISR
   D:\TMP\ccboKuyk.s:1803   .text.xQueueGiveFromISR:00000000 $t
   D:\TMP\ccboKuyk.s:1809   .text.xQueueGiveFromISR:00000000 xQueueGiveFromISR
   D:\TMP\ccboKuyk.s:2074   .text.xQueueReceive:00000000 $t
   D:\TMP\ccboKuyk.s:2080   .text.xQueueReceive:00000000 xQueueReceive
   D:\TMP\ccboKuyk.s:2448   .text.xQueueSemaphoreTake:00000000 $t
   D:\TMP\ccboKuyk.s:2454   .text.xQueueSemaphoreTake:00000000 xQueueSemaphoreTake
   D:\TMP\ccboKuyk.s:2915   .text.xQueueTakeMutexRecursive:00000000 $t
   D:\TMP\ccboKuyk.s:2921   .text.xQueueTakeMutexRecursive:00000000 xQueueTakeMutexRecursive
   D:\TMP\ccboKuyk.s:3031   .text.xQueuePeek:00000000 $t
   D:\TMP\ccboKuyk.s:3037   .text.xQueuePeek:00000000 xQueuePeek
   D:\TMP\ccboKuyk.s:3407   .text.xQueueReceiveFromISR:00000000 $t
   D:\TMP\ccboKuyk.s:3413   .text.xQueueReceiveFromISR:00000000 xQueueReceiveFromISR
   D:\TMP\ccboKuyk.s:3631   .text.xQueuePeekFromISR:00000000 $t
   D:\TMP\ccboKuyk.s:3637   .text.xQueuePeekFromISR:00000000 xQueuePeekFromISR
   D:\TMP\ccboKuyk.s:3828   .text.uxQueueMessagesWaiting:00000000 $t
   D:\TMP\ccboKuyk.s:3834   .text.uxQueueMessagesWaiting:00000000 uxQueueMessagesWaiting
   D:\TMP\ccboKuyk.s:3900   .text.uxQueueSpacesAvailable:00000000 $t
   D:\TMP\ccboKuyk.s:3906   .text.uxQueueSpacesAvailable:00000000 uxQueueSpacesAvailable
   D:\TMP\ccboKuyk.s:3976   .text.uxQueueMessagesWaitingFromISR:00000000 $t
   D:\TMP\ccboKuyk.s:3982   .text.uxQueueMessagesWaitingFromISR:00000000 uxQueueMessagesWaitingFromISR
   D:\TMP\ccboKuyk.s:4032   .text.xQueueIsQueueEmptyFromISR:00000000 $t
   D:\TMP\ccboKuyk.s:4038   .text.xQueueIsQueueEmptyFromISR:00000000 xQueueIsQueueEmptyFromISR
   D:\TMP\ccboKuyk.s:4098   .text.xQueueIsQueueFullFromISR:00000000 $t
   D:\TMP\ccboKuyk.s:4104   .text.xQueueIsQueueFullFromISR:00000000 xQueueIsQueueFullFromISR
   D:\TMP\ccboKuyk.s:4167   .text.vQueueAddToRegistry:00000000 $t
ARM GAS  D:\TMP\ccboKuyk.s 			page 153


   D:\TMP\ccboKuyk.s:4173   .text.vQueueAddToRegistry:00000000 vQueueAddToRegistry
   D:\TMP\ccboKuyk.s:4220   .text.vQueueAddToRegistry:00000024 $d
   D:\TMP\ccboKuyk.s:4419   .bss.xQueueRegistry:00000000 xQueueRegistry
   D:\TMP\ccboKuyk.s:4225   .text.pcQueueGetName:00000000 $t
   D:\TMP\ccboKuyk.s:4231   .text.pcQueueGetName:00000000 pcQueueGetName
   D:\TMP\ccboKuyk.s:4282   .text.pcQueueGetName:00000024 $d
   D:\TMP\ccboKuyk.s:4287   .text.vQueueUnregisterQueue:00000000 $t
   D:\TMP\ccboKuyk.s:4293   .text.vQueueUnregisterQueue:00000000 vQueueUnregisterQueue
   D:\TMP\ccboKuyk.s:4342   .text.vQueueUnregisterQueue:00000028 $d
   D:\TMP\ccboKuyk.s:4347   .text.vQueueDelete:00000000 $t
   D:\TMP\ccboKuyk.s:4353   .text.vQueueDelete:00000000 vQueueDelete
   D:\TMP\ccboKuyk.s:4416   .bss.xQueueRegistry:00000000 $d

UNDEFINED SYMBOLS
vPortEnterCritical
vPortExitCritical
xTaskPriorityDisinherit
memcpy
xTaskRemoveFromEventList
vTaskMissedYield
vListInitialise
pvPortMalloc
xTaskGetSchedulerState
vTaskInternalSetTimeOutState
xTaskResumeAll
vTaskSuspendAll
xTaskCheckForTimeOut
vTaskPlaceOnEventList
xTaskGetCurrentTaskHandle
vPortValidateInterruptPriority
pvTaskIncrementMutexHeldCount
xTaskPriorityInherit
vTaskPriorityDisinheritAfterTimeout
vPortFree
