ARM GAS  D:\TMP\ccDrhhFo.s 			page 1


   1              		.cpu cortex-m3
   2              		.arch armv7-m
   3              		.fpu softvfp
   4              		.eabi_attribute 20, 1
   5              		.eabi_attribute 21, 1
   6              		.eabi_attribute 23, 3
   7              		.eabi_attribute 24, 1
   8              		.eabi_attribute 25, 1
   9              		.eabi_attribute 26, 1
  10              		.eabi_attribute 30, 1
  11              		.eabi_attribute 34, 1
  12              		.eabi_attribute 18, 4
  13              		.file	"raspi_link.c"
  14              		.text
  15              	.Ltext0:
  16              		.cfi_sections	.debug_frame
  17              		.file 1 "Core/Src/balance_car/raspi_link.c"
  18              		.section	.text.RaspiLink_SetFault,"ax",%progbits
  19              		.align	1
  20              		.syntax unified
  21              		.thumb
  22              		.thumb_func
  24              	RaspiLink_SetFault:
  25              	.LVL0:
  26              	.LFB73:
   1:Core/Src/balance_car/raspi_link.c **** #include "balance_car/raspi_link.h"
   2:Core/Src/balance_car/raspi_link.c **** 
   3:Core/Src/balance_car/raspi_link.c **** #include "balance_car/app_tasks.h"
   4:Core/Src/balance_car/raspi_link.c **** #include "balance_car/balance_control.h"
   5:Core/Src/balance_car/raspi_link.c **** #include "FreeRTOS.h"
   6:Core/Src/balance_car/raspi_link.c **** #include "queue.h"
   7:Core/Src/balance_car/raspi_link.c **** #include "semphr.h"
   8:Core/Src/balance_car/raspi_link.c **** #include "task.h"
   9:Core/Src/balance_car/raspi_link.c **** #include <math.h>
  10:Core/Src/balance_car/raspi_link.c **** #include <stdio.h>
  11:Core/Src/balance_car/raspi_link.c **** #include <stdlib.h>
  12:Core/Src/balance_car/raspi_link.c **** #include <string.h>
  13:Core/Src/balance_car/raspi_link.c **** 
  14:Core/Src/balance_car/raspi_link.c **** #define RASPI_UART                         USART1
  15:Core/Src/balance_car/raspi_link.c **** #define RASPI_UART_BAUDRATE                115200U
  16:Core/Src/balance_car/raspi_link.c **** #define RASPI_UART_TX_PORT                 GPIOB
  17:Core/Src/balance_car/raspi_link.c **** #define RASPI_UART_TX_PIN                  GPIO_PIN_6
  18:Core/Src/balance_car/raspi_link.c **** #define RASPI_UART_RX_PORT                 GPIOB
  19:Core/Src/balance_car/raspi_link.c **** #define RASPI_UART_RX_PIN                  GPIO_PIN_7
  20:Core/Src/balance_car/raspi_link.c **** #define RASPI_LINE_MAX                     APP_RASPI_LINE_MAX
  21:Core/Src/balance_car/raspi_link.c **** #define RASPI_TX_LINE_MAX                  95U
  22:Core/Src/balance_car/raspi_link.c **** #define RASPI_RX_LINE_TIMEOUT_MS           150U
  23:Core/Src/balance_car/raspi_link.c **** #define RASPI_PI_F                         3.1415926f
  24:Core/Src/balance_car/raspi_link.c **** #define RASPI_DEG_TO_RAD                   (RASPI_PI_F / 180.0f)
  25:Core/Src/balance_car/raspi_link.c **** 
  26:Core/Src/balance_car/raspi_link.c **** volatile RaspiLinkState_t g_raspi_link_state = {0};
  27:Core/Src/balance_car/raspi_link.c **** volatile RaspiLinkDebug_t g_raspi_link_debug = {
  28:Core/Src/balance_car/raspi_link.c ****     .enable = 1U,
  29:Core/Src/balance_car/raspi_link.c ****     .timeout_stop_enable = 1U,
  30:Core/Src/balance_car/raspi_link.c ****     .allow_run_enable = 0U,
  31:Core/Src/balance_car/raspi_link.c ****     .odom_tx_enable = 1U,
  32:Core/Src/balance_car/raspi_link.c ****     .odom_reset_request = 0U,
ARM GAS  D:\TMP\ccDrhhFo.s 			page 2


  33:Core/Src/balance_car/raspi_link.c ****     .speed_limit = 3.0f,
  34:Core/Src/balance_car/raspi_link.c ****     .turn_limit = 2.0f,
  35:Core/Src/balance_car/raspi_link.c ****     .wheel_radius_m = 0.0325f,
  36:Core/Src/balance_car/raspi_link.c ****     .odom_angular_deadband_rps = 0.02f,
  37:Core/Src/balance_car/raspi_link.c ****     .timeout_ms = 500U,
  38:Core/Src/balance_car/raspi_link.c ****     .odom_period_ms = 50U,
  39:Core/Src/balance_car/raspi_link.c **** };
  40:Core/Src/balance_car/raspi_link.c **** 
  41:Core/Src/balance_car/raspi_link.c **** static UART_HandleTypeDef s_huart_raspi;
  42:Core/Src/balance_car/raspi_link.c **** static uint8_t s_rx_byte;
  43:Core/Src/balance_car/raspi_link.c **** static char s_rx_line[RASPI_LINE_MAX + 1U];
  44:Core/Src/balance_car/raspi_link.c **** static volatile uint8_t s_rx_index;
  45:Core/Src/balance_car/raspi_link.c **** static volatile uint8_t s_line_ready;
  46:Core/Src/balance_car/raspi_link.c **** static char s_parse_line[RASPI_LINE_MAX + 1U];
  47:Core/Src/balance_car/raspi_link.c **** static char s_pending_line[RASPI_LINE_MAX + 1U];
  48:Core/Src/balance_car/raspi_link.c **** static char s_tx_line[RASPI_TX_LINE_MAX + 1U];
  49:Core/Src/balance_car/raspi_link.c **** static volatile uint8_t s_line_queued;
  50:Core/Src/balance_car/raspi_link.c **** static volatile uint32_t s_rx_line_start_ms;
  51:Core/Src/balance_car/raspi_link.c **** static uint32_t s_next_odom_tx_ms;
  52:Core/Src/balance_car/raspi_link.c **** static uint32_t s_last_odom_update_ms;
  53:Core/Src/balance_car/raspi_link.c **** 
  54:Core/Src/balance_car/raspi_link.c **** static void RaspiLink_SetFault(uint32_t fault)
  55:Core/Src/balance_car/raspi_link.c **** {
  27              		.loc 1 55 1 view -0
  28              		.cfi_startproc
  29              		@ args = 0, pretend = 0, frame = 0
  30              		@ frame_needed = 0, uses_anonymous_args = 0
  31              		@ link register save eliminated.
  56:Core/Src/balance_car/raspi_link.c ****     g_raspi_link_state.fault_flags |= fault;
  32              		.loc 1 56 5 view .LVU1
  33              		.loc 1 56 23 is_stmt 0 view .LVU2
  34 0000 024A     		ldr	r2, .L2
  35 0002 936B     		ldr	r3, [r2, #56]
  36              		.loc 1 56 36 view .LVU3
  37 0004 0343     		orrs	r3, r3, r0
  38 0006 9363     		str	r3, [r2, #56]
  57:Core/Src/balance_car/raspi_link.c **** }
  39              		.loc 1 57 1 view .LVU4
  40 0008 7047     		bx	lr
  41              	.L3:
  42 000a 00BF     		.align	2
  43              	.L2:
  44 000c 00000000 		.word	g_raspi_link_state
  45              		.cfi_endproc
  46              	.LFE73:
  48              		.global	__aeabi_fcmplt
  49              		.global	__aeabi_fcmpgt
  50              		.section	.text.RaspiLink_Clamp,"ax",%progbits
  51              		.align	1
  52              		.syntax unified
  53              		.thumb
  54              		.thumb_func
  56              	RaspiLink_Clamp:
  57              	.LVL1:
  58              	.LFB74:
  58:Core/Src/balance_car/raspi_link.c **** 
  59:Core/Src/balance_car/raspi_link.c **** static float RaspiLink_Clamp(float value, float limit)
ARM GAS  D:\TMP\ccDrhhFo.s 			page 3


  60:Core/Src/balance_car/raspi_link.c **** {
  59              		.loc 1 60 1 is_stmt 1 view -0
  60              		.cfi_startproc
  61              		@ args = 0, pretend = 0, frame = 0
  62              		@ frame_needed = 0, uses_anonymous_args = 0
  63              		.loc 1 60 1 is_stmt 0 view .LVU6
  64 0000 38B5     		push	{r3, r4, r5, lr}
  65              	.LCFI0:
  66              		.cfi_def_cfa_offset 16
  67              		.cfi_offset 3, -16
  68              		.cfi_offset 4, -12
  69              		.cfi_offset 5, -8
  70              		.cfi_offset 14, -4
  71 0002 0546     		mov	r5, r0
  72 0004 0C46     		mov	r4, r1
  61:Core/Src/balance_car/raspi_link.c ****     if (limit < 0.0f) {
  73              		.loc 1 61 5 is_stmt 1 view .LVU7
  74              		.loc 1 61 8 is_stmt 0 view .LVU8
  75 0006 0021     		movs	r1, #0
  76              	.LVL2:
  77              		.loc 1 61 8 view .LVU9
  78 0008 2046     		mov	r0, r4
  79              	.LVL3:
  80              		.loc 1 61 8 view .LVU10
  81 000a FFF7FEFF 		bl	__aeabi_fcmplt
  82              	.LVL4:
  83 000e 70B9     		cbnz	r0, .L11
  84              	.LVL5:
  85              	.L5:
  62:Core/Src/balance_car/raspi_link.c ****         limit = -limit;
  63:Core/Src/balance_car/raspi_link.c ****     }
  64:Core/Src/balance_car/raspi_link.c ****     if (value > limit) {
  86              		.loc 1 64 5 is_stmt 1 view .LVU11
  87              		.loc 1 64 8 is_stmt 0 view .LVU12
  88 0010 2946     		mov	r1, r5
  89 0012 2046     		mov	r0, r4
  90 0014 FFF7FEFF 		bl	__aeabi_fcmplt
  91              	.LVL6:
  92 0018 38B9     		cbnz	r0, .L4
  65:Core/Src/balance_car/raspi_link.c ****         return limit;
  66:Core/Src/balance_car/raspi_link.c ****     }
  67:Core/Src/balance_car/raspi_link.c ****     if (value < -limit) {
  93              		.loc 1 67 5 is_stmt 1 view .LVU13
  94              		.loc 1 67 17 is_stmt 0 view .LVU14
  95 001a 04F10044 		add	r4, r4, #-2147483648
  96              	.LVL7:
  97              		.loc 1 67 8 view .LVU15
  98 001e 2946     		mov	r1, r5
  99 0020 2046     		mov	r0, r4
 100 0022 FFF7FEFF 		bl	__aeabi_fcmpgt
 101              	.LVL8:
 102 0026 00B9     		cbnz	r0, .L4
  68:Core/Src/balance_car/raspi_link.c ****         return -limit;
  69:Core/Src/balance_car/raspi_link.c ****     }
  70:Core/Src/balance_car/raspi_link.c ****     return value;
 103              		.loc 1 70 12 view .LVU16
 104 0028 2C46     		mov	r4, r5
ARM GAS  D:\TMP\ccDrhhFo.s 			page 4


 105              	.L4:
  71:Core/Src/balance_car/raspi_link.c **** }
 106              		.loc 1 71 1 view .LVU17
 107 002a 2046     		mov	r0, r4
 108 002c 38BD     		pop	{r3, r4, r5, pc}
 109              	.LVL9:
 110              	.L11:
  62:Core/Src/balance_car/raspi_link.c ****     }
 111              		.loc 1 62 9 is_stmt 1 view .LVU18
  62:Core/Src/balance_car/raspi_link.c ****     }
 112              		.loc 1 62 15 is_stmt 0 view .LVU19
 113 002e 04F10044 		add	r4, r4, #-2147483648
 114              	.LVL10:
  62:Core/Src/balance_car/raspi_link.c ****     }
 115              		.loc 1 62 15 view .LVU20
 116 0032 EDE7     		b	.L5
 117              		.cfi_endproc
 118              	.LFE74:
 120              		.section	.text.RaspiLink_ChecksumAscii,"ax",%progbits
 121              		.align	1
 122              		.syntax unified
 123              		.thumb
 124              		.thumb_func
 126              	RaspiLink_ChecksumAscii:
 127              	.LVL11:
 128              	.LFB77:
  72:Core/Src/balance_car/raspi_link.c **** 
  73:Core/Src/balance_car/raspi_link.c **** static void RaspiLink_StopMotion(void)
  74:Core/Src/balance_car/raspi_link.c **** {
  75:Core/Src/balance_car/raspi_link.c ****     AppControlCommand_t command;
  76:Core/Src/balance_car/raspi_link.c **** 
  77:Core/Src/balance_car/raspi_link.c ****     g_raspi_link_state.linear_x_cmd = 0.0f;
  78:Core/Src/balance_car/raspi_link.c ****     g_raspi_link_state.angular_z_cmd = 0.0f;
  79:Core/Src/balance_car/raspi_link.c ****     g_raspi_link_state.speed_target_rps = 0.0f;
  80:Core/Src/balance_car/raspi_link.c **** 
  81:Core/Src/balance_car/raspi_link.c ****     command.source = APP_CMD_SOURCE_RASPI;
  82:Core/Src/balance_car/raspi_link.c ****     command.run_valid = 0U;
  83:Core/Src/balance_car/raspi_link.c ****     command.run_enable = 0U;
  84:Core/Src/balance_car/raspi_link.c ****     command.reset_pid = 0U;
  85:Core/Src/balance_car/raspi_link.c ****     command.clear_fault = 0U;
  86:Core/Src/balance_car/raspi_link.c ****     command.speed_target = 0.0f;
  87:Core/Src/balance_car/raspi_link.c ****     command.turn_target = 0.0f;
  88:Core/Src/balance_car/raspi_link.c ****     AppTasks_SubmitControlCommandFromTask(&command);
  89:Core/Src/balance_car/raspi_link.c **** }
  90:Core/Src/balance_car/raspi_link.c **** 
  91:Core/Src/balance_car/raspi_link.c **** static void RaspiLink_StartReceive(void)
  92:Core/Src/balance_car/raspi_link.c **** {
  93:Core/Src/balance_car/raspi_link.c ****     if (HAL_UART_Receive_IT(&s_huart_raspi, &s_rx_byte, 1U) != HAL_OK) {
  94:Core/Src/balance_car/raspi_link.c ****         RaspiLink_SetFault(RASPI_LINK_FAULT_RX_RESTART);
  95:Core/Src/balance_car/raspi_link.c ****     }
  96:Core/Src/balance_car/raspi_link.c **** }
  97:Core/Src/balance_car/raspi_link.c **** 
  98:Core/Src/balance_car/raspi_link.c **** static uint8_t RaspiLink_ChecksumAscii(const char *payload)
  99:Core/Src/balance_car/raspi_link.c **** {
 129              		.loc 1 99 1 is_stmt 1 view -0
 130              		.cfi_startproc
 131              		@ args = 0, pretend = 0, frame = 0
ARM GAS  D:\TMP\ccDrhhFo.s 			page 5


 132              		@ frame_needed = 0, uses_anonymous_args = 0
 133              		@ link register save eliminated.
 134              		.loc 1 99 1 is_stmt 0 view .LVU22
 135 0000 0346     		mov	r3, r0
 100:Core/Src/balance_car/raspi_link.c ****     uint8_t checksum = 0U;
 136              		.loc 1 100 5 is_stmt 1 view .LVU23
 137              	.LVL12:
 101:Core/Src/balance_car/raspi_link.c **** 
 102:Core/Src/balance_car/raspi_link.c ****     while (*payload != '\0') {
 138              		.loc 1 102 5 view .LVU24
 100:Core/Src/balance_car/raspi_link.c ****     uint8_t checksum = 0U;
 139              		.loc 1 100 13 is_stmt 0 view .LVU25
 140 0002 0020     		movs	r0, #0
 141              	.LVL13:
 142              		.loc 1 102 11 view .LVU26
 143 0004 01E0     		b	.L13
 144              	.LVL14:
 145              	.L14:
 103:Core/Src/balance_car/raspi_link.c ****         checksum ^= (uint8_t)(*payload);
 146              		.loc 1 103 9 is_stmt 1 view .LVU27
 147              		.loc 1 103 18 is_stmt 0 view .LVU28
 148 0006 5040     		eors	r0, r0, r2
 149              	.LVL15:
 104:Core/Src/balance_car/raspi_link.c ****         payload++;
 150              		.loc 1 104 9 is_stmt 1 view .LVU29
 151              		.loc 1 104 16 is_stmt 0 view .LVU30
 152 0008 0133     		adds	r3, r3, #1
 153              	.LVL16:
 154              	.L13:
 102:Core/Src/balance_car/raspi_link.c ****         checksum ^= (uint8_t)(*payload);
 155              		.loc 1 102 21 is_stmt 1 view .LVU31
 102:Core/Src/balance_car/raspi_link.c ****         checksum ^= (uint8_t)(*payload);
 156              		.loc 1 102 12 is_stmt 0 view .LVU32
 157 000a 1A78     		ldrb	r2, [r3]	@ zero_extendqisi2
 102:Core/Src/balance_car/raspi_link.c ****         checksum ^= (uint8_t)(*payload);
 158              		.loc 1 102 21 view .LVU33
 159 000c 002A     		cmp	r2, #0
 160 000e FAD1     		bne	.L14
 105:Core/Src/balance_car/raspi_link.c ****     }
 106:Core/Src/balance_car/raspi_link.c ****     return checksum;
 161              		.loc 1 106 5 is_stmt 1 view .LVU34
 107:Core/Src/balance_car/raspi_link.c **** }
 162              		.loc 1 107 1 is_stmt 0 view .LVU35
 163 0010 7047     		bx	lr
 164              		.cfi_endproc
 165              	.LFE77:
 167              		.section	.text.RaspiLink_HexValue,"ax",%progbits
 168              		.align	1
 169              		.syntax unified
 170              		.thumb
 171              		.thumb_func
 173              	RaspiLink_HexValue:
 174              	.LVL17:
 175              	.LFB80:
 108:Core/Src/balance_car/raspi_link.c **** 
 109:Core/Src/balance_car/raspi_link.c **** static HAL_StatusTypeDef RaspiLink_UartInit(void)
 110:Core/Src/balance_car/raspi_link.c **** {
ARM GAS  D:\TMP\ccDrhhFo.s 			page 6


 111:Core/Src/balance_car/raspi_link.c ****     GPIO_InitTypeDef gpio = {0};
 112:Core/Src/balance_car/raspi_link.c **** 
 113:Core/Src/balance_car/raspi_link.c ****     __HAL_RCC_GPIOB_CLK_ENABLE();
 114:Core/Src/balance_car/raspi_link.c ****     __HAL_RCC_AFIO_CLK_ENABLE();
 115:Core/Src/balance_car/raspi_link.c ****     __HAL_RCC_USART1_CLK_ENABLE();
 116:Core/Src/balance_car/raspi_link.c ****     __HAL_AFIO_REMAP_USART1_ENABLE();
 117:Core/Src/balance_car/raspi_link.c **** 
 118:Core/Src/balance_car/raspi_link.c ****     gpio.Pin = RASPI_UART_TX_PIN;
 119:Core/Src/balance_car/raspi_link.c ****     gpio.Mode = GPIO_MODE_AF_PP;
 120:Core/Src/balance_car/raspi_link.c ****     gpio.Speed = GPIO_SPEED_FREQ_HIGH;
 121:Core/Src/balance_car/raspi_link.c ****     HAL_GPIO_Init(RASPI_UART_TX_PORT, &gpio);
 122:Core/Src/balance_car/raspi_link.c **** 
 123:Core/Src/balance_car/raspi_link.c ****     gpio.Pin = RASPI_UART_RX_PIN;
 124:Core/Src/balance_car/raspi_link.c ****     gpio.Mode = GPIO_MODE_INPUT;
 125:Core/Src/balance_car/raspi_link.c ****     gpio.Pull = GPIO_PULLUP;
 126:Core/Src/balance_car/raspi_link.c ****     gpio.Speed = GPIO_SPEED_FREQ_HIGH;
 127:Core/Src/balance_car/raspi_link.c ****     HAL_GPIO_Init(RASPI_UART_RX_PORT, &gpio);
 128:Core/Src/balance_car/raspi_link.c **** 
 129:Core/Src/balance_car/raspi_link.c ****     s_huart_raspi.Instance = RASPI_UART;
 130:Core/Src/balance_car/raspi_link.c ****     s_huart_raspi.Init.BaudRate = RASPI_UART_BAUDRATE;
 131:Core/Src/balance_car/raspi_link.c ****     s_huart_raspi.Init.WordLength = UART_WORDLENGTH_8B;
 132:Core/Src/balance_car/raspi_link.c ****     s_huart_raspi.Init.StopBits = UART_STOPBITS_1;
 133:Core/Src/balance_car/raspi_link.c ****     s_huart_raspi.Init.Parity = UART_PARITY_NONE;
 134:Core/Src/balance_car/raspi_link.c ****     s_huart_raspi.Init.Mode = UART_MODE_TX_RX;
 135:Core/Src/balance_car/raspi_link.c ****     s_huart_raspi.Init.HwFlowCtl = UART_HWCONTROL_NONE;
 136:Core/Src/balance_car/raspi_link.c ****     s_huart_raspi.Init.OverSampling = UART_OVERSAMPLING_16;
 137:Core/Src/balance_car/raspi_link.c **** 
 138:Core/Src/balance_car/raspi_link.c ****     if (HAL_UART_Init(&s_huart_raspi) != HAL_OK) {
 139:Core/Src/balance_car/raspi_link.c ****         RaspiLink_SetFault(RASPI_LINK_FAULT_UART_INIT);
 140:Core/Src/balance_car/raspi_link.c ****         return HAL_ERROR;
 141:Core/Src/balance_car/raspi_link.c ****     }
 142:Core/Src/balance_car/raspi_link.c **** 
 143:Core/Src/balance_car/raspi_link.c ****     HAL_NVIC_SetPriority(USART1_IRQn, 5U, 0U);
 144:Core/Src/balance_car/raspi_link.c ****     HAL_NVIC_EnableIRQ(USART1_IRQn);
 145:Core/Src/balance_car/raspi_link.c ****     return HAL_OK;
 146:Core/Src/balance_car/raspi_link.c **** }
 147:Core/Src/balance_car/raspi_link.c **** 
 148:Core/Src/balance_car/raspi_link.c **** HAL_StatusTypeDef RaspiLink_Init(void)
 149:Core/Src/balance_car/raspi_link.c **** {
 150:Core/Src/balance_car/raspi_link.c ****     HAL_StatusTypeDef status;
 151:Core/Src/balance_car/raspi_link.c **** 
 152:Core/Src/balance_car/raspi_link.c ****     memset((void *)&g_raspi_link_state, 0, sizeof(g_raspi_link_state));
 153:Core/Src/balance_car/raspi_link.c ****     s_rx_index = 0U;
 154:Core/Src/balance_car/raspi_link.c ****     s_line_ready = 0U;
 155:Core/Src/balance_car/raspi_link.c ****     s_line_queued = 0U;
 156:Core/Src/balance_car/raspi_link.c ****     s_rx_line_start_ms = 0U;
 157:Core/Src/balance_car/raspi_link.c ****     s_next_odom_tx_ms = HAL_GetTick() + g_raspi_link_debug.odom_period_ms;
 158:Core/Src/balance_car/raspi_link.c ****     s_last_odom_update_ms = HAL_GetTick();
 159:Core/Src/balance_car/raspi_link.c ****     status = RaspiLink_UartInit();
 160:Core/Src/balance_car/raspi_link.c ****     if (status == HAL_OK) {
 161:Core/Src/balance_car/raspi_link.c ****         RaspiLink_StartReceive();
 162:Core/Src/balance_car/raspi_link.c ****     }
 163:Core/Src/balance_car/raspi_link.c ****     return status;
 164:Core/Src/balance_car/raspi_link.c **** }
 165:Core/Src/balance_car/raspi_link.c **** 
 166:Core/Src/balance_car/raspi_link.c **** static uint8_t RaspiLink_HexValue(char ch, uint8_t *value)
 167:Core/Src/balance_car/raspi_link.c **** {
ARM GAS  D:\TMP\ccDrhhFo.s 			page 7


 176              		.loc 1 167 1 is_stmt 1 view -0
 177              		.cfi_startproc
 178              		@ args = 0, pretend = 0, frame = 0
 179              		@ frame_needed = 0, uses_anonymous_args = 0
 180              		@ link register save eliminated.
 168:Core/Src/balance_car/raspi_link.c ****     if (ch >= '0' && ch <= '9') {
 181              		.loc 1 168 5 view .LVU37
 182              		.loc 1 168 19 is_stmt 0 view .LVU38
 183 0000 A0F13003 		sub	r3, r0, #48
 184 0004 DBB2     		uxtb	r3, r3
 185              		.loc 1 168 8 view .LVU39
 186 0006 092B     		cmp	r3, #9
 187 0008 0BD9     		bls	.L20
 169:Core/Src/balance_car/raspi_link.c ****         *value = (uint8_t)(ch - '0');
 170:Core/Src/balance_car/raspi_link.c ****         return 1U;
 171:Core/Src/balance_car/raspi_link.c ****     }
 172:Core/Src/balance_car/raspi_link.c ****     if (ch >= 'A' && ch <= 'F') {
 188              		.loc 1 172 5 is_stmt 1 view .LVU40
 189              		.loc 1 172 19 is_stmt 0 view .LVU41
 190 000a A0F14103 		sub	r3, r0, #65
 191 000e DBB2     		uxtb	r3, r3
 192              		.loc 1 172 8 view .LVU42
 193 0010 052B     		cmp	r3, #5
 194 0012 09D9     		bls	.L21
 173:Core/Src/balance_car/raspi_link.c ****         *value = (uint8_t)(ch - 'A' + 10);
 174:Core/Src/balance_car/raspi_link.c ****         return 1U;
 175:Core/Src/balance_car/raspi_link.c ****     }
 176:Core/Src/balance_car/raspi_link.c ****     if (ch >= 'a' && ch <= 'f') {
 195              		.loc 1 176 5 is_stmt 1 view .LVU43
 196              		.loc 1 176 19 is_stmt 0 view .LVU44
 197 0014 A0F16103 		sub	r3, r0, #97
 198 0018 DBB2     		uxtb	r3, r3
 199              		.loc 1 176 8 view .LVU45
 200 001a 052B     		cmp	r3, #5
 201 001c 08D9     		bls	.L22
 177:Core/Src/balance_car/raspi_link.c ****         *value = (uint8_t)(ch - 'a' + 10);
 178:Core/Src/balance_car/raspi_link.c ****         return 1U;
 179:Core/Src/balance_car/raspi_link.c ****     }
 180:Core/Src/balance_car/raspi_link.c ****     return 0U;
 202              		.loc 1 180 12 view .LVU46
 203 001e 0020     		movs	r0, #0
 204              	.LVL18:
 181:Core/Src/balance_car/raspi_link.c **** }
 205              		.loc 1 181 1 view .LVU47
 206 0020 7047     		bx	lr
 207              	.LVL19:
 208              	.L20:
 169:Core/Src/balance_car/raspi_link.c ****         return 1U;
 209              		.loc 1 169 9 is_stmt 1 view .LVU48
 169:Core/Src/balance_car/raspi_link.c ****         return 1U;
 210              		.loc 1 169 16 is_stmt 0 view .LVU49
 211 0022 0B70     		strb	r3, [r1]
 170:Core/Src/balance_car/raspi_link.c ****     }
 212              		.loc 1 170 9 is_stmt 1 view .LVU50
 170:Core/Src/balance_car/raspi_link.c ****     }
 213              		.loc 1 170 16 is_stmt 0 view .LVU51
 214 0024 0120     		movs	r0, #1
ARM GAS  D:\TMP\ccDrhhFo.s 			page 8


 215              	.LVL20:
 170:Core/Src/balance_car/raspi_link.c ****     }
 216              		.loc 1 170 16 view .LVU52
 217 0026 7047     		bx	lr
 218              	.LVL21:
 219              	.L21:
 173:Core/Src/balance_car/raspi_link.c ****         return 1U;
 220              		.loc 1 173 9 is_stmt 1 view .LVU53
 173:Core/Src/balance_car/raspi_link.c ****         return 1U;
 221              		.loc 1 173 18 is_stmt 0 view .LVU54
 222 0028 3738     		subs	r0, r0, #55
 223              	.LVL22:
 173:Core/Src/balance_car/raspi_link.c ****         return 1U;
 224              		.loc 1 173 16 view .LVU55
 225 002a 0870     		strb	r0, [r1]
 174:Core/Src/balance_car/raspi_link.c ****     }
 226              		.loc 1 174 9 is_stmt 1 view .LVU56
 174:Core/Src/balance_car/raspi_link.c ****     }
 227              		.loc 1 174 16 is_stmt 0 view .LVU57
 228 002c 0120     		movs	r0, #1
 229 002e 7047     		bx	lr
 230              	.LVL23:
 231              	.L22:
 177:Core/Src/balance_car/raspi_link.c ****         return 1U;
 232              		.loc 1 177 9 is_stmt 1 view .LVU58
 177:Core/Src/balance_car/raspi_link.c ****         return 1U;
 233              		.loc 1 177 18 is_stmt 0 view .LVU59
 234 0030 5738     		subs	r0, r0, #87
 235              	.LVL24:
 177:Core/Src/balance_car/raspi_link.c ****         return 1U;
 236              		.loc 1 177 16 view .LVU60
 237 0032 0870     		strb	r0, [r1]
 178:Core/Src/balance_car/raspi_link.c ****     }
 238              		.loc 1 178 9 is_stmt 1 view .LVU61
 178:Core/Src/balance_car/raspi_link.c ****     }
 239              		.loc 1 178 16 is_stmt 0 view .LVU62
 240 0034 0120     		movs	r0, #1
 241 0036 7047     		bx	lr
 242              		.cfi_endproc
 243              	.LFE80:
 245              		.section	.text.RaspiLink_ParseChecksum,"ax",%progbits
 246              		.align	1
 247              		.syntax unified
 248              		.thumb
 249              		.thumb_func
 251              	RaspiLink_ParseChecksum:
 252              	.LVL25:
 253              	.LFB81:
 182:Core/Src/balance_car/raspi_link.c **** 
 183:Core/Src/balance_car/raspi_link.c **** static uint8_t RaspiLink_ParseChecksum(const char *text, uint8_t *checksum)
 184:Core/Src/balance_car/raspi_link.c **** {
 254              		.loc 1 184 1 is_stmt 1 view -0
 255              		.cfi_startproc
 256              		@ args = 0, pretend = 0, frame = 8
 257              		@ frame_needed = 0, uses_anonymous_args = 0
 185:Core/Src/balance_car/raspi_link.c ****     uint8_t high;
 258              		.loc 1 185 5 view .LVU64
ARM GAS  D:\TMP\ccDrhhFo.s 			page 9


 186:Core/Src/balance_car/raspi_link.c ****     uint8_t low;
 259              		.loc 1 186 5 view .LVU65
 187:Core/Src/balance_car/raspi_link.c **** 
 188:Core/Src/balance_car/raspi_link.c ****     if (text == 0 || checksum == 0 || text[0] == '\0' || text[1] == '\0' || text[2] != '\0') {
 260              		.loc 1 188 5 view .LVU66
 261              		.loc 1 188 8 is_stmt 0 view .LVU67
 262 0000 18B3     		cbz	r0, .L27
 184:Core/Src/balance_car/raspi_link.c ****     uint8_t high;
 263              		.loc 1 184 1 view .LVU68
 264 0002 70B5     		push	{r4, r5, r6, lr}
 265              	.LCFI1:
 266              		.cfi_def_cfa_offset 16
 267              		.cfi_offset 4, -16
 268              		.cfi_offset 5, -12
 269              		.cfi_offset 6, -8
 270              		.cfi_offset 14, -4
 271 0004 82B0     		sub	sp, sp, #8
 272              	.LCFI2:
 273              		.cfi_def_cfa_offset 24
 274 0006 0D46     		mov	r5, r1
 275 0008 0446     		mov	r4, r0
 276              		.loc 1 188 19 discriminator 1 view .LVU69
 277 000a 01B3     		cbz	r1, .L28
 278              		.loc 1 188 43 discriminator 2 view .LVU70
 279 000c 0078     		ldrb	r0, [r0]	@ zero_extendqisi2
 280              	.LVL26:
 281              		.loc 1 188 36 discriminator 2 view .LVU71
 282 000e 08B3     		cbz	r0, .L24
 283              		.loc 1 188 62 discriminator 3 view .LVU72
 284 0010 6378     		ldrb	r3, [r4, #1]	@ zero_extendqisi2
 285              		.loc 1 188 55 discriminator 3 view .LVU73
 286 0012 F3B1     		cbz	r3, .L29
 287              		.loc 1 188 81 discriminator 4 view .LVU74
 288 0014 A678     		ldrb	r6, [r4, #2]	@ zero_extendqisi2
 289              		.loc 1 188 74 discriminator 4 view .LVU75
 290 0016 0EB1     		cbz	r6, .L35
 189:Core/Src/balance_car/raspi_link.c ****         return 0U;
 291              		.loc 1 189 16 view .LVU76
 292 0018 0020     		movs	r0, #0
 293 001a 1BE0     		b	.L24
 294              	.L35:
 190:Core/Src/balance_car/raspi_link.c ****     }
 191:Core/Src/balance_car/raspi_link.c ****     if (RaspiLink_HexValue(text[0], &high) == 0U || RaspiLink_HexValue(text[1], &low) == 0U) {
 295              		.loc 1 191 5 is_stmt 1 view .LVU77
 296              		.loc 1 191 9 is_stmt 0 view .LVU78
 297 001c 0DF10701 		add	r1, sp, #7
 298              	.LVL27:
 299              		.loc 1 191 9 view .LVU79
 300 0020 FFF7FEFF 		bl	RaspiLink_HexValue
 301              	.LVL28:
 302              		.loc 1 191 8 discriminator 1 view .LVU80
 303 0024 08B9     		cbnz	r0, .L36
 304              	.L25:
 192:Core/Src/balance_car/raspi_link.c ****         return 0U;
 305              		.loc 1 192 9 is_stmt 1 view .LVU81
 306              		.loc 1 192 16 is_stmt 0 view .LVU82
 307 0026 3046     		mov	r0, r6
ARM GAS  D:\TMP\ccDrhhFo.s 			page 10


 308 0028 14E0     		b	.L24
 309              	.L36:
 191:Core/Src/balance_car/raspi_link.c ****         return 0U;
 310              		.loc 1 191 53 discriminator 1 view .LVU83
 311 002a 0DF10601 		add	r1, sp, #6
 312 002e 6078     		ldrb	r0, [r4, #1]	@ zero_extendqisi2
 313 0030 FFF7FEFF 		bl	RaspiLink_HexValue
 314              	.LVL29:
 191:Core/Src/balance_car/raspi_link.c ****         return 0U;
 315              		.loc 1 191 50 discriminator 1 view .LVU84
 316 0034 0028     		cmp	r0, #0
 317 0036 F6D0     		beq	.L25
 193:Core/Src/balance_car/raspi_link.c ****     }
 194:Core/Src/balance_car/raspi_link.c ****     *checksum = (uint8_t)((high << 4) | low);
 318              		.loc 1 194 5 is_stmt 1 view .LVU85
 319              		.loc 1 194 39 is_stmt 0 view .LVU86
 320 0038 9DF80720 		ldrb	r2, [sp, #7]	@ zero_extendqisi2
 321 003c 9DF80630 		ldrb	r3, [sp, #6]	@ zero_extendqisi2
 322              		.loc 1 194 17 view .LVU87
 323 0040 43EA0213 		orr	r3, r3, r2, lsl #4
 324              		.loc 1 194 15 view .LVU88
 325 0044 2B70     		strb	r3, [r5]
 195:Core/Src/balance_car/raspi_link.c ****     return 1U;
 326              		.loc 1 195 5 is_stmt 1 view .LVU89
 327              		.loc 1 195 12 is_stmt 0 view .LVU90
 328 0046 0120     		movs	r0, #1
 329 0048 04E0     		b	.L24
 330              	.LVL30:
 331              	.L27:
 332              	.LCFI3:
 333              		.cfi_def_cfa_offset 0
 334              		.cfi_restore 4
 335              		.cfi_restore 5
 336              		.cfi_restore 6
 337              		.cfi_restore 14
 189:Core/Src/balance_car/raspi_link.c ****     }
 338              		.loc 1 189 16 view .LVU91
 339 004a 0020     		movs	r0, #0
 340              	.LVL31:
 196:Core/Src/balance_car/raspi_link.c **** }
 341              		.loc 1 196 1 view .LVU92
 342 004c 7047     		bx	lr
 343              	.LVL32:
 344              	.L28:
 345              	.LCFI4:
 346              		.cfi_def_cfa_offset 24
 347              		.cfi_offset 4, -16
 348              		.cfi_offset 5, -12
 349              		.cfi_offset 6, -8
 350              		.cfi_offset 14, -4
 189:Core/Src/balance_car/raspi_link.c ****     }
 351              		.loc 1 189 16 view .LVU93
 352 004e 0020     		movs	r0, #0
 353              	.LVL33:
 189:Core/Src/balance_car/raspi_link.c ****     }
 354              		.loc 1 189 16 view .LVU94
 355 0050 00E0     		b	.L24
ARM GAS  D:\TMP\ccDrhhFo.s 			page 11


 356              	.L29:
 357 0052 1846     		mov	r0, r3
 358              	.LVL34:
 359              	.L24:
 360              		.loc 1 196 1 view .LVU95
 361 0054 02B0     		add	sp, sp, #8
 362              	.LCFI5:
 363              		.cfi_def_cfa_offset 16
 364              		@ sp needed
 365 0056 70BD     		pop	{r4, r5, r6, pc}
 366              		.loc 1 196 1 view .LVU96
 367              		.cfi_endproc
 368              	.LFE81:
 370              		.section	.text.RaspiLink_ParseFlag,"ax",%progbits
 371              		.align	1
 372              		.syntax unified
 373              		.thumb
 374              		.thumb_func
 376              	RaspiLink_ParseFlag:
 377              	.LVL35:
 378              	.LFB83:
 197:Core/Src/balance_car/raspi_link.c **** 
 198:Core/Src/balance_car/raspi_link.c **** static uint8_t RaspiLink_ParseUint32(const char *text, uint32_t *value)
 199:Core/Src/balance_car/raspi_link.c **** {
 200:Core/Src/balance_car/raspi_link.c ****     char *endptr;
 201:Core/Src/balance_car/raspi_link.c ****     unsigned long parsed;
 202:Core/Src/balance_car/raspi_link.c **** 
 203:Core/Src/balance_car/raspi_link.c ****     if (text == 0 || value == 0 || *text == '\0') {
 204:Core/Src/balance_car/raspi_link.c ****         return 0U;
 205:Core/Src/balance_car/raspi_link.c ****     }
 206:Core/Src/balance_car/raspi_link.c ****     parsed = strtoul(text, &endptr, 10);
 207:Core/Src/balance_car/raspi_link.c ****     if (endptr == text || *endptr != '\0') {
 208:Core/Src/balance_car/raspi_link.c ****         return 0U;
 209:Core/Src/balance_car/raspi_link.c ****     }
 210:Core/Src/balance_car/raspi_link.c ****     *value = (uint32_t)parsed;
 211:Core/Src/balance_car/raspi_link.c ****     return 1U;
 212:Core/Src/balance_car/raspi_link.c **** }
 213:Core/Src/balance_car/raspi_link.c **** 
 214:Core/Src/balance_car/raspi_link.c **** static uint8_t RaspiLink_ParseFlag(const char *text, uint8_t *value)
 215:Core/Src/balance_car/raspi_link.c **** {
 379              		.loc 1 215 1 is_stmt 1 view -0
 380              		.cfi_startproc
 381              		@ args = 0, pretend = 0, frame = 0
 382              		@ frame_needed = 0, uses_anonymous_args = 0
 383              		@ link register save eliminated.
 216:Core/Src/balance_car/raspi_link.c ****     if (text == 0 || value == 0 || text[1] != '\0') {
 384              		.loc 1 216 5 view .LVU98
 385              		.loc 1 216 8 is_stmt 0 view .LVU99
 386 0000 0346     		mov	r3, r0
 387 0002 78B1     		cbz	r0, .L40
 388              		.loc 1 216 19 discriminator 1 view .LVU100
 389 0004 81B1     		cbz	r1, .L41
 390              		.loc 1 216 40 discriminator 2 view .LVU101
 391 0006 4078     		ldrb	r0, [r0, #1]	@ zero_extendqisi2
 392              	.LVL36:
 393              		.loc 1 216 33 discriminator 2 view .LVU102
 394 0008 80B9     		cbnz	r0, .L42
ARM GAS  D:\TMP\ccDrhhFo.s 			page 12


 217:Core/Src/balance_car/raspi_link.c ****         return 0U;
 218:Core/Src/balance_car/raspi_link.c ****     }
 219:Core/Src/balance_car/raspi_link.c ****     if (text[0] == '0') {
 395              		.loc 1 219 5 is_stmt 1 view .LVU103
 396              		.loc 1 219 13 is_stmt 0 view .LVU104
 397 000a 1B78     		ldrb	r3, [r3]	@ zero_extendqisi2
 398              	.LVL37:
 399              		.loc 1 219 8 view .LVU105
 400 000c 302B     		cmp	r3, #48
 401 000e 02D0     		beq	.L43
 220:Core/Src/balance_car/raspi_link.c ****         *value = 0U;
 221:Core/Src/balance_car/raspi_link.c ****         return 1U;
 222:Core/Src/balance_car/raspi_link.c ****     }
 223:Core/Src/balance_car/raspi_link.c ****     if (text[0] == '1') {
 402              		.loc 1 223 5 is_stmt 1 view .LVU106
 403              		.loc 1 223 8 is_stmt 0 view .LVU107
 404 0010 312B     		cmp	r3, #49
 405 0012 04D0     		beq	.L44
 406              	.L38:
 224:Core/Src/balance_car/raspi_link.c ****         *value = 1U;
 225:Core/Src/balance_car/raspi_link.c ****         return 1U;
 226:Core/Src/balance_car/raspi_link.c ****     }
 227:Core/Src/balance_car/raspi_link.c ****     return 0U;
 228:Core/Src/balance_car/raspi_link.c **** }
 407              		.loc 1 228 1 view .LVU108
 408 0014 7047     		bx	lr
 409              	.L43:
 220:Core/Src/balance_car/raspi_link.c ****         *value = 0U;
 410              		.loc 1 220 9 is_stmt 1 view .LVU109
 220:Core/Src/balance_car/raspi_link.c ****         *value = 0U;
 411              		.loc 1 220 16 is_stmt 0 view .LVU110
 412 0016 0023     		movs	r3, #0
 413 0018 0B70     		strb	r3, [r1]
 221:Core/Src/balance_car/raspi_link.c ****     }
 414              		.loc 1 221 9 is_stmt 1 view .LVU111
 221:Core/Src/balance_car/raspi_link.c ****     }
 415              		.loc 1 221 16 is_stmt 0 view .LVU112
 416 001a 0120     		movs	r0, #1
 417 001c 7047     		bx	lr
 418              	.L44:
 224:Core/Src/balance_car/raspi_link.c ****         *value = 1U;
 419              		.loc 1 224 9 is_stmt 1 view .LVU113
 224:Core/Src/balance_car/raspi_link.c ****         *value = 1U;
 420              		.loc 1 224 16 is_stmt 0 view .LVU114
 421 001e 0120     		movs	r0, #1
 422 0020 0870     		strb	r0, [r1]
 225:Core/Src/balance_car/raspi_link.c ****     }
 423              		.loc 1 225 9 is_stmt 1 view .LVU115
 225:Core/Src/balance_car/raspi_link.c ****     }
 424              		.loc 1 225 16 is_stmt 0 view .LVU116
 425 0022 7047     		bx	lr
 426              	.LVL38:
 427              	.L40:
 217:Core/Src/balance_car/raspi_link.c ****     }
 428              		.loc 1 217 16 view .LVU117
 429 0024 0020     		movs	r0, #0
 430              	.LVL39:
ARM GAS  D:\TMP\ccDrhhFo.s 			page 13


 217:Core/Src/balance_car/raspi_link.c ****     }
 431              		.loc 1 217 16 view .LVU118
 432 0026 7047     		bx	lr
 433              	.LVL40:
 434              	.L41:
 217:Core/Src/balance_car/raspi_link.c ****     }
 435              		.loc 1 217 16 view .LVU119
 436 0028 0020     		movs	r0, #0
 437              	.LVL41:
 217:Core/Src/balance_car/raspi_link.c ****     }
 438              		.loc 1 217 16 view .LVU120
 439 002a 7047     		bx	lr
 440              	.L42:
 441 002c 0020     		movs	r0, #0
 442 002e F1E7     		b	.L38
 443              		.cfi_endproc
 444              	.LFE83:
 446              		.section	.text.RaspiLink_MarkInvalid,"ax",%progbits
 447              		.align	1
 448              		.syntax unified
 449              		.thumb
 450              		.thumb_func
 452              	RaspiLink_MarkInvalid:
 453              	.LVL42:
 454              	.LFB85:
 229:Core/Src/balance_car/raspi_link.c **** 
 230:Core/Src/balance_car/raspi_link.c **** static uint8_t RaspiLink_ParseFloat(const char *text, float *value)
 231:Core/Src/balance_car/raspi_link.c **** {
 232:Core/Src/balance_car/raspi_link.c ****     char *endptr;
 233:Core/Src/balance_car/raspi_link.c ****     float parsed;
 234:Core/Src/balance_car/raspi_link.c **** 
 235:Core/Src/balance_car/raspi_link.c ****     if (text == 0 || value == 0 || *text == '\0') {
 236:Core/Src/balance_car/raspi_link.c ****         return 0U;
 237:Core/Src/balance_car/raspi_link.c ****     }
 238:Core/Src/balance_car/raspi_link.c ****     parsed = strtof(text, &endptr);
 239:Core/Src/balance_car/raspi_link.c ****     if (endptr == text || *endptr != '\0') {
 240:Core/Src/balance_car/raspi_link.c ****         return 0U;
 241:Core/Src/balance_car/raspi_link.c ****     }
 242:Core/Src/balance_car/raspi_link.c ****     *value = parsed;
 243:Core/Src/balance_car/raspi_link.c ****     return 1U;
 244:Core/Src/balance_car/raspi_link.c **** }
 245:Core/Src/balance_car/raspi_link.c **** 
 246:Core/Src/balance_car/raspi_link.c **** static void RaspiLink_MarkInvalid(uint32_t fault)
 247:Core/Src/balance_car/raspi_link.c **** {
 455              		.loc 1 247 1 is_stmt 1 view -0
 456              		.cfi_startproc
 457              		@ args = 0, pretend = 0, frame = 0
 458              		@ frame_needed = 0, uses_anonymous_args = 0
 459              		.loc 1 247 1 is_stmt 0 view .LVU122
 460 0000 08B5     		push	{r3, lr}
 461              	.LCFI6:
 462              		.cfi_def_cfa_offset 8
 463              		.cfi_offset 3, -8
 464              		.cfi_offset 14, -4
 248:Core/Src/balance_car/raspi_link.c ****     g_raspi_link_state.invalid_frame_count++;
 465              		.loc 1 248 5 is_stmt 1 view .LVU123
 466              		.loc 1 248 23 is_stmt 0 view .LVU124
ARM GAS  D:\TMP\ccDrhhFo.s 			page 14


 467 0002 044B     		ldr	r3, .L47
 468 0004 9A69     		ldr	r2, [r3, #24]
 469              		.loc 1 248 43 view .LVU125
 470 0006 0132     		adds	r2, r2, #1
 471 0008 9A61     		str	r2, [r3, #24]
 249:Core/Src/balance_car/raspi_link.c ****     g_raspi_link_state.parser_error = 1U;
 472              		.loc 1 249 5 is_stmt 1 view .LVU126
 473              		.loc 1 249 37 is_stmt 0 view .LVU127
 474 000a 0122     		movs	r2, #1
 475 000c 9A70     		strb	r2, [r3, #2]
 250:Core/Src/balance_car/raspi_link.c ****     RaspiLink_SetFault(fault);
 476              		.loc 1 250 5 is_stmt 1 view .LVU128
 477 000e FFF7FEFF 		bl	RaspiLink_SetFault
 478              	.LVL43:
 251:Core/Src/balance_car/raspi_link.c **** }
 479              		.loc 1 251 1 is_stmt 0 view .LVU129
 480 0012 08BD     		pop	{r3, pc}
 481              	.L48:
 482              		.align	2
 483              	.L47:
 484 0014 00000000 		.word	g_raspi_link_state
 485              		.cfi_endproc
 486              	.LFE85:
 488              		.global	__aeabi_fsub
 489              		.global	__aeabi_fadd
 490              		.section	.text.RaspiLink_NormalizeYaw,"ax",%progbits
 491              		.align	1
 492              		.syntax unified
 493              		.thumb
 494              		.thumb_func
 496              	RaspiLink_NormalizeYaw:
 497              	.LFB89:
 252:Core/Src/balance_car/raspi_link.c **** 
 253:Core/Src/balance_car/raspi_link.c **** static void RaspiLink_ProcessLine(char *line)
 254:Core/Src/balance_car/raspi_link.c **** {
 255:Core/Src/balance_car/raspi_link.c ****     char *star;
 256:Core/Src/balance_car/raspi_link.c ****     char *payload;
 257:Core/Src/balance_car/raspi_link.c ****     char *fields[6];
 258:Core/Src/balance_car/raspi_link.c ****     uint8_t field_count = 0U;
 259:Core/Src/balance_car/raspi_link.c ****     uint8_t actual_checksum = 0U;
 260:Core/Src/balance_car/raspi_link.c ****     uint8_t expected_checksum;
 261:Core/Src/balance_car/raspi_link.c ****     uint32_t seq;
 262:Core/Src/balance_car/raspi_link.c ****     uint8_t enable_motion;
 263:Core/Src/balance_car/raspi_link.c ****     uint8_t obstacle_stop;
 264:Core/Src/balance_car/raspi_link.c ****     float linear_x;
 265:Core/Src/balance_car/raspi_link.c ****     float angular_z;
 266:Core/Src/balance_car/raspi_link.c ****     float wheel_radius_m;
 267:Core/Src/balance_car/raspi_link.c ****     float speed_target_rps;
 268:Core/Src/balance_car/raspi_link.c ****     char *cursor;
 269:Core/Src/balance_car/raspi_link.c **** 
 270:Core/Src/balance_car/raspi_link.c ****     if (line[0] == '\0') {
 271:Core/Src/balance_car/raspi_link.c ****         return;
 272:Core/Src/balance_car/raspi_link.c ****     }
 273:Core/Src/balance_car/raspi_link.c **** 
 274:Core/Src/balance_car/raspi_link.c ****     strncpy((char *)g_raspi_link_state.last_frame, line, sizeof(g_raspi_link_state.last_frame) - 1U
 275:Core/Src/balance_car/raspi_link.c ****     g_raspi_link_state.last_frame[sizeof(g_raspi_link_state.last_frame) - 1U] = '\0';
 276:Core/Src/balance_car/raspi_link.c **** 
ARM GAS  D:\TMP\ccDrhhFo.s 			page 15


 277:Core/Src/balance_car/raspi_link.c ****     if (g_raspi_link_debug.enable == 0U) {
 278:Core/Src/balance_car/raspi_link.c ****         return;
 279:Core/Src/balance_car/raspi_link.c ****     }
 280:Core/Src/balance_car/raspi_link.c ****     if (line[0] != '$') {
 281:Core/Src/balance_car/raspi_link.c ****         RaspiLink_MarkInvalid(RASPI_LINK_FAULT_BAD_FRAME);
 282:Core/Src/balance_car/raspi_link.c ****         return;
 283:Core/Src/balance_car/raspi_link.c ****     }
 284:Core/Src/balance_car/raspi_link.c **** 
 285:Core/Src/balance_car/raspi_link.c ****     star = strchr(line, '*');
 286:Core/Src/balance_car/raspi_link.c ****     if (star == 0) {
 287:Core/Src/balance_car/raspi_link.c ****         RaspiLink_MarkInvalid(RASPI_LINK_FAULT_BAD_FRAME);
 288:Core/Src/balance_car/raspi_link.c ****         return;
 289:Core/Src/balance_car/raspi_link.c ****     }
 290:Core/Src/balance_car/raspi_link.c ****     *star = '\0';
 291:Core/Src/balance_car/raspi_link.c ****     if (RaspiLink_ParseChecksum(star + 1, &expected_checksum) == 0U) {
 292:Core/Src/balance_car/raspi_link.c ****         RaspiLink_MarkInvalid(RASPI_LINK_FAULT_BAD_FRAME);
 293:Core/Src/balance_car/raspi_link.c ****         return;
 294:Core/Src/balance_car/raspi_link.c ****     }
 295:Core/Src/balance_car/raspi_link.c **** 
 296:Core/Src/balance_car/raspi_link.c ****     for (cursor = line + 1; *cursor != '\0'; cursor++) {
 297:Core/Src/balance_car/raspi_link.c ****         actual_checksum ^= (uint8_t)(*cursor);
 298:Core/Src/balance_car/raspi_link.c ****     }
 299:Core/Src/balance_car/raspi_link.c ****     if (actual_checksum != expected_checksum) {
 300:Core/Src/balance_car/raspi_link.c ****         g_raspi_link_state.checksum_error_count++;
 301:Core/Src/balance_car/raspi_link.c ****         RaspiLink_MarkInvalid(RASPI_LINK_FAULT_CHECKSUM);
 302:Core/Src/balance_car/raspi_link.c ****         return;
 303:Core/Src/balance_car/raspi_link.c ****     }
 304:Core/Src/balance_car/raspi_link.c **** 
 305:Core/Src/balance_car/raspi_link.c ****     payload = line + 1;
 306:Core/Src/balance_car/raspi_link.c ****     cursor = payload;
 307:Core/Src/balance_car/raspi_link.c ****     while (field_count < 6U) {
 308:Core/Src/balance_car/raspi_link.c ****         fields[field_count++] = cursor;
 309:Core/Src/balance_car/raspi_link.c ****         cursor = strchr(cursor, ',');
 310:Core/Src/balance_car/raspi_link.c ****         if (cursor == 0) {
 311:Core/Src/balance_car/raspi_link.c ****             break;
 312:Core/Src/balance_car/raspi_link.c ****         }
 313:Core/Src/balance_car/raspi_link.c ****         *cursor = '\0';
 314:Core/Src/balance_car/raspi_link.c ****         cursor++;
 315:Core/Src/balance_car/raspi_link.c ****     }
 316:Core/Src/balance_car/raspi_link.c **** 
 317:Core/Src/balance_car/raspi_link.c ****     if (field_count != 6U || cursor != 0 || strcmp(fields[0], "BB") != 0) {
 318:Core/Src/balance_car/raspi_link.c ****         RaspiLink_MarkInvalid(RASPI_LINK_FAULT_BAD_FRAME);
 319:Core/Src/balance_car/raspi_link.c ****         return;
 320:Core/Src/balance_car/raspi_link.c ****     }
 321:Core/Src/balance_car/raspi_link.c ****     if (RaspiLink_ParseUint32(fields[1], &seq) == 0U ||
 322:Core/Src/balance_car/raspi_link.c ****         RaspiLink_ParseFlag(fields[2], &enable_motion) == 0U ||
 323:Core/Src/balance_car/raspi_link.c ****         RaspiLink_ParseFlag(fields[3], &obstacle_stop) == 0U ||
 324:Core/Src/balance_car/raspi_link.c ****         RaspiLink_ParseFloat(fields[4], &linear_x) == 0U ||
 325:Core/Src/balance_car/raspi_link.c ****         RaspiLink_ParseFloat(fields[5], &angular_z) == 0U) {
 326:Core/Src/balance_car/raspi_link.c ****         RaspiLink_MarkInvalid(RASPI_LINK_FAULT_BAD_FRAME);
 327:Core/Src/balance_car/raspi_link.c ****         return;
 328:Core/Src/balance_car/raspi_link.c ****     }
 329:Core/Src/balance_car/raspi_link.c **** 
 330:Core/Src/balance_car/raspi_link.c ****     linear_x = RaspiLink_Clamp(linear_x, g_raspi_link_debug.speed_limit);
 331:Core/Src/balance_car/raspi_link.c ****     angular_z = RaspiLink_Clamp(angular_z, g_raspi_link_debug.turn_limit);
 332:Core/Src/balance_car/raspi_link.c ****     wheel_radius_m = g_raspi_link_debug.wheel_radius_m;
 333:Core/Src/balance_car/raspi_link.c ****     if (wheel_radius_m <= 0.0f) {
ARM GAS  D:\TMP\ccDrhhFo.s 			page 16


 334:Core/Src/balance_car/raspi_link.c ****         wheel_radius_m = 0.0325f;
 335:Core/Src/balance_car/raspi_link.c ****     }
 336:Core/Src/balance_car/raspi_link.c ****     speed_target_rps = linear_x / (2.0f * RASPI_PI_F * wheel_radius_m);
 337:Core/Src/balance_car/raspi_link.c **** 
 338:Core/Src/balance_car/raspi_link.c ****     g_raspi_link_state.valid_frame_count++;
 339:Core/Src/balance_car/raspi_link.c ****     g_raspi_link_state.parser_error = 0U;
 340:Core/Src/balance_car/raspi_link.c ****     g_raspi_link_state.link_active = 1U;
 341:Core/Src/balance_car/raspi_link.c ****     g_raspi_link_state.last_rx_ms = HAL_GetTick();
 342:Core/Src/balance_car/raspi_link.c ****     g_raspi_link_state.last_seq = seq;
 343:Core/Src/balance_car/raspi_link.c ****     g_raspi_link_state.obstacle_stop = obstacle_stop;
 344:Core/Src/balance_car/raspi_link.c ****     g_raspi_link_state.linear_x_cmd = linear_x;
 345:Core/Src/balance_car/raspi_link.c ****     g_raspi_link_state.angular_z_cmd = angular_z;
 346:Core/Src/balance_car/raspi_link.c ****     g_raspi_link_state.speed_target_rps = speed_target_rps;
 347:Core/Src/balance_car/raspi_link.c **** 
 348:Core/Src/balance_car/raspi_link.c ****     if (obstacle_stop != 0U || enable_motion == 0U) {
 349:Core/Src/balance_car/raspi_link.c ****         RaspiLink_StopMotion();
 350:Core/Src/balance_car/raspi_link.c ****         return;
 351:Core/Src/balance_car/raspi_link.c ****     }
 352:Core/Src/balance_car/raspi_link.c **** 
 353:Core/Src/balance_car/raspi_link.c ****     AppControlCommand_t command;
 354:Core/Src/balance_car/raspi_link.c ****     command.source = APP_CMD_SOURCE_RASPI;
 355:Core/Src/balance_car/raspi_link.c ****     command.run_valid = 0U;
 356:Core/Src/balance_car/raspi_link.c ****     command.run_enable = 1U;
 357:Core/Src/balance_car/raspi_link.c ****     command.reset_pid = 0U;
 358:Core/Src/balance_car/raspi_link.c ****     command.clear_fault = 0U;
 359:Core/Src/balance_car/raspi_link.c ****     command.speed_target = speed_target_rps;
 360:Core/Src/balance_car/raspi_link.c ****     command.turn_target = angular_z;
 361:Core/Src/balance_car/raspi_link.c ****     AppTasks_SubmitControlCommandFromTask(&command);
 362:Core/Src/balance_car/raspi_link.c **** }
 363:Core/Src/balance_car/raspi_link.c **** 
 364:Core/Src/balance_car/raspi_link.c **** static void RaspiLink_CheckTimeout(void)
 365:Core/Src/balance_car/raspi_link.c **** {
 366:Core/Src/balance_car/raspi_link.c ****     uint32_t now;
 367:Core/Src/balance_car/raspi_link.c ****     uint32_t timeout_ms = g_raspi_link_debug.timeout_ms;
 368:Core/Src/balance_car/raspi_link.c **** 
 369:Core/Src/balance_car/raspi_link.c ****     if (g_raspi_link_debug.timeout_stop_enable == 0U || timeout_ms == 0U) {
 370:Core/Src/balance_car/raspi_link.c ****         return;
 371:Core/Src/balance_car/raspi_link.c ****     }
 372:Core/Src/balance_car/raspi_link.c ****     if (g_raspi_link_state.link_active == 0U) {
 373:Core/Src/balance_car/raspi_link.c ****         return;
 374:Core/Src/balance_car/raspi_link.c ****     }
 375:Core/Src/balance_car/raspi_link.c **** 
 376:Core/Src/balance_car/raspi_link.c ****     now = HAL_GetTick();
 377:Core/Src/balance_car/raspi_link.c ****     if ((uint32_t)(now - g_raspi_link_state.last_rx_ms) > timeout_ms) {
 378:Core/Src/balance_car/raspi_link.c ****         g_raspi_link_state.link_active = 0U;
 379:Core/Src/balance_car/raspi_link.c ****         g_raspi_link_state.timeout_count++;
 380:Core/Src/balance_car/raspi_link.c ****         RaspiLink_SetFault(RASPI_LINK_FAULT_TIMEOUT);
 381:Core/Src/balance_car/raspi_link.c ****         RaspiLink_StopMotion();
 382:Core/Src/balance_car/raspi_link.c ****     }
 383:Core/Src/balance_car/raspi_link.c **** }
 384:Core/Src/balance_car/raspi_link.c **** 
 385:Core/Src/balance_car/raspi_link.c **** static void RaspiLink_CheckLineTimeout(void)
 386:Core/Src/balance_car/raspi_link.c **** {
 387:Core/Src/balance_car/raspi_link.c ****     if (s_rx_index == 0U || s_rx_line_start_ms == 0U) {
 388:Core/Src/balance_car/raspi_link.c ****         return;
 389:Core/Src/balance_car/raspi_link.c ****     }
 390:Core/Src/balance_car/raspi_link.c ****     if ((uint32_t)(HAL_GetTick() - s_rx_line_start_ms) <= RASPI_RX_LINE_TIMEOUT_MS) {
ARM GAS  D:\TMP\ccDrhhFo.s 			page 17


 391:Core/Src/balance_car/raspi_link.c ****         return;
 392:Core/Src/balance_car/raspi_link.c ****     }
 393:Core/Src/balance_car/raspi_link.c **** 
 394:Core/Src/balance_car/raspi_link.c ****     __disable_irq();
 395:Core/Src/balance_car/raspi_link.c ****     s_rx_index = 0U;
 396:Core/Src/balance_car/raspi_link.c ****     s_rx_line[0] = '\0';
 397:Core/Src/balance_car/raspi_link.c ****     s_pending_line[0] = '\0';
 398:Core/Src/balance_car/raspi_link.c ****     s_line_ready = 0U;
 399:Core/Src/balance_car/raspi_link.c ****     s_line_queued = 0U;
 400:Core/Src/balance_car/raspi_link.c ****     s_rx_line_start_ms = 0U;
 401:Core/Src/balance_car/raspi_link.c ****     __enable_irq();
 402:Core/Src/balance_car/raspi_link.c **** 
 403:Core/Src/balance_car/raspi_link.c ****     g_raspi_link_state.partial_timeout_count++;
 404:Core/Src/balance_car/raspi_link.c ****     g_raspi_link_state.frame_ready = 0U;
 405:Core/Src/balance_car/raspi_link.c ****     RaspiLink_MarkInvalid(RASPI_LINK_FAULT_BAD_FRAME);
 406:Core/Src/balance_car/raspi_link.c **** }
 407:Core/Src/balance_car/raspi_link.c **** 
 408:Core/Src/balance_car/raspi_link.c **** static void RaspiLink_NormalizeYaw(void)
 409:Core/Src/balance_car/raspi_link.c **** {
 498              		.loc 1 409 1 is_stmt 1 view -0
 499              		.cfi_startproc
 500              		@ args = 0, pretend = 0, frame = 0
 501              		@ frame_needed = 0, uses_anonymous_args = 0
 502 0000 10B5     		push	{r4, lr}
 503              	.LCFI7:
 504              		.cfi_def_cfa_offset 8
 505              		.cfi_offset 4, -8
 506              		.cfi_offset 14, -4
 410:Core/Src/balance_car/raspi_link.c ****     while (g_raspi_link_state.odom_yaw_rad > RASPI_PI_F) {
 507              		.loc 1 410 5 view .LVU131
 508              		.loc 1 410 11 is_stmt 0 view .LVU132
 509 0002 05E0     		b	.L50
 510              	.L51:
 411:Core/Src/balance_car/raspi_link.c ****         g_raspi_link_state.odom_yaw_rad -= 2.0f * RASPI_PI_F;
 511              		.loc 1 411 9 is_stmt 1 view .LVU133
 512              		.loc 1 411 27 is_stmt 0 view .LVU134
 513 0004 0D4C     		ldr	r4, .L55
 514 0006 E06D     		ldr	r0, [r4, #92]	@ float
 515              		.loc 1 411 41 view .LVU135
 516 0008 0D49     		ldr	r1, .L55+4
 517 000a FFF7FEFF 		bl	__aeabi_fsub
 518              	.LVL44:
 519 000e E065     		str	r0, [r4, #92]	@ float
 520              	.L50:
 410:Core/Src/balance_car/raspi_link.c ****     while (g_raspi_link_state.odom_yaw_rad > RASPI_PI_F) {
 521              		.loc 1 410 44 is_stmt 1 view .LVU136
 410:Core/Src/balance_car/raspi_link.c ****     while (g_raspi_link_state.odom_yaw_rad > RASPI_PI_F) {
 522              		.loc 1 410 30 is_stmt 0 view .LVU137
 523 0010 0A4B     		ldr	r3, .L55
 524 0012 D86D     		ldr	r0, [r3, #92]	@ float
 410:Core/Src/balance_car/raspi_link.c ****     while (g_raspi_link_state.odom_yaw_rad > RASPI_PI_F) {
 525              		.loc 1 410 44 view .LVU138
 526 0014 0B49     		ldr	r1, .L55+8
 527 0016 FFF7FEFF 		bl	__aeabi_fcmpgt
 528              	.LVL45:
 529 001a 0028     		cmp	r0, #0
 530 001c F2D1     		bne	.L51
ARM GAS  D:\TMP\ccDrhhFo.s 			page 18


 531 001e 05E0     		b	.L52
 532              	.L53:
 412:Core/Src/balance_car/raspi_link.c ****     }
 413:Core/Src/balance_car/raspi_link.c ****     while (g_raspi_link_state.odom_yaw_rad < -RASPI_PI_F) {
 414:Core/Src/balance_car/raspi_link.c ****         g_raspi_link_state.odom_yaw_rad += 2.0f * RASPI_PI_F;
 533              		.loc 1 414 9 is_stmt 1 view .LVU139
 534              		.loc 1 414 27 is_stmt 0 view .LVU140
 535 0020 064C     		ldr	r4, .L55
 536 0022 E06D     		ldr	r0, [r4, #92]	@ float
 537              		.loc 1 414 41 view .LVU141
 538 0024 0649     		ldr	r1, .L55+4
 539 0026 FFF7FEFF 		bl	__aeabi_fadd
 540              	.LVL46:
 541 002a E065     		str	r0, [r4, #92]	@ float
 542              	.L52:
 413:Core/Src/balance_car/raspi_link.c ****         g_raspi_link_state.odom_yaw_rad += 2.0f * RASPI_PI_F;
 543              		.loc 1 413 44 is_stmt 1 view .LVU142
 413:Core/Src/balance_car/raspi_link.c ****         g_raspi_link_state.odom_yaw_rad += 2.0f * RASPI_PI_F;
 544              		.loc 1 413 30 is_stmt 0 view .LVU143
 545 002c 034B     		ldr	r3, .L55
 546 002e D86D     		ldr	r0, [r3, #92]	@ float
 413:Core/Src/balance_car/raspi_link.c ****         g_raspi_link_state.odom_yaw_rad += 2.0f * RASPI_PI_F;
 547              		.loc 1 413 44 view .LVU144
 548 0030 0549     		ldr	r1, .L55+12
 549 0032 FFF7FEFF 		bl	__aeabi_fcmplt
 550              	.LVL47:
 551 0036 0028     		cmp	r0, #0
 552 0038 F2D1     		bne	.L53
 415:Core/Src/balance_car/raspi_link.c ****     }
 416:Core/Src/balance_car/raspi_link.c **** }
 553              		.loc 1 416 1 view .LVU145
 554 003a 10BD     		pop	{r4, pc}
 555              	.L56:
 556              		.align	2
 557              	.L55:
 558 003c 00000000 		.word	g_raspi_link_state
 559 0040 DA0FC940 		.word	1086918618
 560 0044 DA0F4940 		.word	1078530010
 561 0048 DA0F49C0 		.word	-1068953638
 562              		.cfi_endproc
 563              	.LFE89:
 565              		.section	.text.RaspiLink_CheckLineTimeout,"ax",%progbits
 566              		.align	1
 567              		.syntax unified
 568              		.thumb
 569              		.thumb_func
 571              	RaspiLink_CheckLineTimeout:
 572              	.LFB88:
 386:Core/Src/balance_car/raspi_link.c ****     if (s_rx_index == 0U || s_rx_line_start_ms == 0U) {
 573              		.loc 1 386 1 is_stmt 1 view -0
 574              		.cfi_startproc
 575              		@ args = 0, pretend = 0, frame = 0
 576              		@ frame_needed = 0, uses_anonymous_args = 0
 577 0000 08B5     		push	{r3, lr}
 578              	.LCFI8:
 579              		.cfi_def_cfa_offset 8
 580              		.cfi_offset 3, -8
ARM GAS  D:\TMP\ccDrhhFo.s 			page 19


 581              		.cfi_offset 14, -4
 387:Core/Src/balance_car/raspi_link.c ****         return;
 582              		.loc 1 387 5 view .LVU147
 387:Core/Src/balance_car/raspi_link.c ****         return;
 583              		.loc 1 387 20 is_stmt 0 view .LVU148
 584 0002 134B     		ldr	r3, .L61
 585 0004 1B78     		ldrb	r3, [r3]	@ zero_extendqisi2
 387:Core/Src/balance_car/raspi_link.c ****         return;
 586              		.loc 1 387 8 view .LVU149
 587 0006 13B1     		cbz	r3, .L57
 387:Core/Src/balance_car/raspi_link.c ****         return;
 588              		.loc 1 387 48 discriminator 1 view .LVU150
 589 0008 124B     		ldr	r3, .L61+4
 590 000a 1B68     		ldr	r3, [r3]
 387:Core/Src/balance_car/raspi_link.c ****         return;
 591              		.loc 1 387 26 discriminator 1 view .LVU151
 592 000c 03B9     		cbnz	r3, .L60
 593              	.L57:
 406:Core/Src/balance_car/raspi_link.c **** 
 594              		.loc 1 406 1 view .LVU152
 595 000e 08BD     		pop	{r3, pc}
 596              	.L60:
 390:Core/Src/balance_car/raspi_link.c ****         return;
 597              		.loc 1 390 5 is_stmt 1 view .LVU153
 390:Core/Src/balance_car/raspi_link.c ****         return;
 598              		.loc 1 390 20 is_stmt 0 view .LVU154
 599 0010 FFF7FEFF 		bl	HAL_GetTick
 600              	.LVL48:
 390:Core/Src/balance_car/raspi_link.c ****         return;
 601              		.loc 1 390 34 discriminator 1 view .LVU155
 602 0014 0F4B     		ldr	r3, .L61+4
 603 0016 1B68     		ldr	r3, [r3]
 604 0018 C01A     		subs	r0, r0, r3
 390:Core/Src/balance_car/raspi_link.c ****         return;
 605              		.loc 1 390 8 discriminator 1 view .LVU156
 606 001a 9628     		cmp	r0, #150
 607 001c F7D9     		bls	.L57
 394:Core/Src/balance_car/raspi_link.c ****     s_rx_index = 0U;
 608              		.loc 1 394 5 is_stmt 1 view .LVU157
 609              	.LBB14:
 610              	.LBI14:
 611              		.file 2 "Drivers/CMSIS/Include/cmsis_gcc.h"
   1:Drivers/CMSIS/Include/cmsis_gcc.h **** /**************************************************************************//**
   2:Drivers/CMSIS/Include/cmsis_gcc.h ****  * @file     cmsis_gcc.h
   3:Drivers/CMSIS/Include/cmsis_gcc.h ****  * @brief    CMSIS compiler GCC header file
   4:Drivers/CMSIS/Include/cmsis_gcc.h ****  * @version  V5.0.4
   5:Drivers/CMSIS/Include/cmsis_gcc.h ****  * @date     09. April 2018
   6:Drivers/CMSIS/Include/cmsis_gcc.h ****  ******************************************************************************/
   7:Drivers/CMSIS/Include/cmsis_gcc.h **** /*
   8:Drivers/CMSIS/Include/cmsis_gcc.h ****  * Copyright (c) 2009-2018 Arm Limited. All rights reserved.
   9:Drivers/CMSIS/Include/cmsis_gcc.h ****  *
  10:Drivers/CMSIS/Include/cmsis_gcc.h ****  * SPDX-License-Identifier: Apache-2.0
  11:Drivers/CMSIS/Include/cmsis_gcc.h ****  *
  12:Drivers/CMSIS/Include/cmsis_gcc.h ****  * Licensed under the Apache License, Version 2.0 (the License); you may
  13:Drivers/CMSIS/Include/cmsis_gcc.h ****  * not use this file except in compliance with the License.
  14:Drivers/CMSIS/Include/cmsis_gcc.h ****  * You may obtain a copy of the License at
  15:Drivers/CMSIS/Include/cmsis_gcc.h ****  *
ARM GAS  D:\TMP\ccDrhhFo.s 			page 20


  16:Drivers/CMSIS/Include/cmsis_gcc.h ****  * www.apache.org/licenses/LICENSE-2.0
  17:Drivers/CMSIS/Include/cmsis_gcc.h ****  *
  18:Drivers/CMSIS/Include/cmsis_gcc.h ****  * Unless required by applicable law or agreed to in writing, software
  19:Drivers/CMSIS/Include/cmsis_gcc.h ****  * distributed under the License is distributed on an AS IS BASIS, WITHOUT
  20:Drivers/CMSIS/Include/cmsis_gcc.h ****  * WARRANTIES OR CONDITIONS OF ANY KIND, either express or implied.
  21:Drivers/CMSIS/Include/cmsis_gcc.h ****  * See the License for the specific language governing permissions and
  22:Drivers/CMSIS/Include/cmsis_gcc.h ****  * limitations under the License.
  23:Drivers/CMSIS/Include/cmsis_gcc.h ****  */
  24:Drivers/CMSIS/Include/cmsis_gcc.h **** 
  25:Drivers/CMSIS/Include/cmsis_gcc.h **** #ifndef __CMSIS_GCC_H
  26:Drivers/CMSIS/Include/cmsis_gcc.h **** #define __CMSIS_GCC_H
  27:Drivers/CMSIS/Include/cmsis_gcc.h **** 
  28:Drivers/CMSIS/Include/cmsis_gcc.h **** /* ignore some GCC warnings */
  29:Drivers/CMSIS/Include/cmsis_gcc.h **** #pragma GCC diagnostic push
  30:Drivers/CMSIS/Include/cmsis_gcc.h **** #pragma GCC diagnostic ignored "-Wsign-conversion"
  31:Drivers/CMSIS/Include/cmsis_gcc.h **** #pragma GCC diagnostic ignored "-Wconversion"
  32:Drivers/CMSIS/Include/cmsis_gcc.h **** #pragma GCC diagnostic ignored "-Wunused-parameter"
  33:Drivers/CMSIS/Include/cmsis_gcc.h **** 
  34:Drivers/CMSIS/Include/cmsis_gcc.h **** /* Fallback for __has_builtin */
  35:Drivers/CMSIS/Include/cmsis_gcc.h **** #ifndef __has_builtin
  36:Drivers/CMSIS/Include/cmsis_gcc.h ****   #define __has_builtin(x) (0)
  37:Drivers/CMSIS/Include/cmsis_gcc.h **** #endif
  38:Drivers/CMSIS/Include/cmsis_gcc.h **** 
  39:Drivers/CMSIS/Include/cmsis_gcc.h **** /* CMSIS compiler specific defines */
  40:Drivers/CMSIS/Include/cmsis_gcc.h **** #ifndef   __ASM
  41:Drivers/CMSIS/Include/cmsis_gcc.h ****   #define __ASM                                  __asm
  42:Drivers/CMSIS/Include/cmsis_gcc.h **** #endif
  43:Drivers/CMSIS/Include/cmsis_gcc.h **** #ifndef   __INLINE
  44:Drivers/CMSIS/Include/cmsis_gcc.h ****   #define __INLINE                               inline
  45:Drivers/CMSIS/Include/cmsis_gcc.h **** #endif
  46:Drivers/CMSIS/Include/cmsis_gcc.h **** #ifndef   __STATIC_INLINE
  47:Drivers/CMSIS/Include/cmsis_gcc.h ****   #define __STATIC_INLINE                        static inline
  48:Drivers/CMSIS/Include/cmsis_gcc.h **** #endif
  49:Drivers/CMSIS/Include/cmsis_gcc.h **** #ifndef   __STATIC_FORCEINLINE                 
  50:Drivers/CMSIS/Include/cmsis_gcc.h ****   #define __STATIC_FORCEINLINE                   __attribute__((always_inline)) static inline
  51:Drivers/CMSIS/Include/cmsis_gcc.h **** #endif                                           
  52:Drivers/CMSIS/Include/cmsis_gcc.h **** #ifndef   __NO_RETURN
  53:Drivers/CMSIS/Include/cmsis_gcc.h ****   #define __NO_RETURN                            __attribute__((__noreturn__))
  54:Drivers/CMSIS/Include/cmsis_gcc.h **** #endif
  55:Drivers/CMSIS/Include/cmsis_gcc.h **** #ifndef   __USED
  56:Drivers/CMSIS/Include/cmsis_gcc.h ****   #define __USED                                 __attribute__((used))
  57:Drivers/CMSIS/Include/cmsis_gcc.h **** #endif
  58:Drivers/CMSIS/Include/cmsis_gcc.h **** #ifndef   __WEAK
  59:Drivers/CMSIS/Include/cmsis_gcc.h ****   #define __WEAK                                 __attribute__((weak))
  60:Drivers/CMSIS/Include/cmsis_gcc.h **** #endif
  61:Drivers/CMSIS/Include/cmsis_gcc.h **** #ifndef   __PACKED
  62:Drivers/CMSIS/Include/cmsis_gcc.h ****   #define __PACKED                               __attribute__((packed, aligned(1)))
  63:Drivers/CMSIS/Include/cmsis_gcc.h **** #endif
  64:Drivers/CMSIS/Include/cmsis_gcc.h **** #ifndef   __PACKED_STRUCT
  65:Drivers/CMSIS/Include/cmsis_gcc.h ****   #define __PACKED_STRUCT                        struct __attribute__((packed, aligned(1)))
  66:Drivers/CMSIS/Include/cmsis_gcc.h **** #endif
  67:Drivers/CMSIS/Include/cmsis_gcc.h **** #ifndef   __PACKED_UNION
  68:Drivers/CMSIS/Include/cmsis_gcc.h ****   #define __PACKED_UNION                         union __attribute__((packed, aligned(1)))
  69:Drivers/CMSIS/Include/cmsis_gcc.h **** #endif
  70:Drivers/CMSIS/Include/cmsis_gcc.h **** #ifndef   __UNALIGNED_UINT32        /* deprecated */
  71:Drivers/CMSIS/Include/cmsis_gcc.h ****   #pragma GCC diagnostic push
  72:Drivers/CMSIS/Include/cmsis_gcc.h ****   #pragma GCC diagnostic ignored "-Wpacked"
ARM GAS  D:\TMP\ccDrhhFo.s 			page 21


  73:Drivers/CMSIS/Include/cmsis_gcc.h ****   #pragma GCC diagnostic ignored "-Wattributes"
  74:Drivers/CMSIS/Include/cmsis_gcc.h ****   struct __attribute__((packed)) T_UINT32 { uint32_t v; };
  75:Drivers/CMSIS/Include/cmsis_gcc.h ****   #pragma GCC diagnostic pop
  76:Drivers/CMSIS/Include/cmsis_gcc.h ****   #define __UNALIGNED_UINT32(x)                  (((struct T_UINT32 *)(x))->v)
  77:Drivers/CMSIS/Include/cmsis_gcc.h **** #endif
  78:Drivers/CMSIS/Include/cmsis_gcc.h **** #ifndef   __UNALIGNED_UINT16_WRITE
  79:Drivers/CMSIS/Include/cmsis_gcc.h ****   #pragma GCC diagnostic push
  80:Drivers/CMSIS/Include/cmsis_gcc.h ****   #pragma GCC diagnostic ignored "-Wpacked"
  81:Drivers/CMSIS/Include/cmsis_gcc.h ****   #pragma GCC diagnostic ignored "-Wattributes"
  82:Drivers/CMSIS/Include/cmsis_gcc.h ****   __PACKED_STRUCT T_UINT16_WRITE { uint16_t v; };
  83:Drivers/CMSIS/Include/cmsis_gcc.h ****   #pragma GCC diagnostic pop
  84:Drivers/CMSIS/Include/cmsis_gcc.h ****   #define __UNALIGNED_UINT16_WRITE(addr, val)    (void)((((struct T_UINT16_WRITE *)(void *)(addr))-
  85:Drivers/CMSIS/Include/cmsis_gcc.h **** #endif
  86:Drivers/CMSIS/Include/cmsis_gcc.h **** #ifndef   __UNALIGNED_UINT16_READ
  87:Drivers/CMSIS/Include/cmsis_gcc.h ****   #pragma GCC diagnostic push
  88:Drivers/CMSIS/Include/cmsis_gcc.h ****   #pragma GCC diagnostic ignored "-Wpacked"
  89:Drivers/CMSIS/Include/cmsis_gcc.h ****   #pragma GCC diagnostic ignored "-Wattributes"
  90:Drivers/CMSIS/Include/cmsis_gcc.h ****   __PACKED_STRUCT T_UINT16_READ { uint16_t v; };
  91:Drivers/CMSIS/Include/cmsis_gcc.h ****   #pragma GCC diagnostic pop
  92:Drivers/CMSIS/Include/cmsis_gcc.h ****   #define __UNALIGNED_UINT16_READ(addr)          (((const struct T_UINT16_READ *)(const void *)(add
  93:Drivers/CMSIS/Include/cmsis_gcc.h **** #endif
  94:Drivers/CMSIS/Include/cmsis_gcc.h **** #ifndef   __UNALIGNED_UINT32_WRITE
  95:Drivers/CMSIS/Include/cmsis_gcc.h ****   #pragma GCC diagnostic push
  96:Drivers/CMSIS/Include/cmsis_gcc.h ****   #pragma GCC diagnostic ignored "-Wpacked"
  97:Drivers/CMSIS/Include/cmsis_gcc.h ****   #pragma GCC diagnostic ignored "-Wattributes"
  98:Drivers/CMSIS/Include/cmsis_gcc.h ****   __PACKED_STRUCT T_UINT32_WRITE { uint32_t v; };
  99:Drivers/CMSIS/Include/cmsis_gcc.h ****   #pragma GCC diagnostic pop
 100:Drivers/CMSIS/Include/cmsis_gcc.h ****   #define __UNALIGNED_UINT32_WRITE(addr, val)    (void)((((struct T_UINT32_WRITE *)(void *)(addr))-
 101:Drivers/CMSIS/Include/cmsis_gcc.h **** #endif
 102:Drivers/CMSIS/Include/cmsis_gcc.h **** #ifndef   __UNALIGNED_UINT32_READ
 103:Drivers/CMSIS/Include/cmsis_gcc.h ****   #pragma GCC diagnostic push
 104:Drivers/CMSIS/Include/cmsis_gcc.h ****   #pragma GCC diagnostic ignored "-Wpacked"
 105:Drivers/CMSIS/Include/cmsis_gcc.h ****   #pragma GCC diagnostic ignored "-Wattributes"
 106:Drivers/CMSIS/Include/cmsis_gcc.h ****   __PACKED_STRUCT T_UINT32_READ { uint32_t v; };
 107:Drivers/CMSIS/Include/cmsis_gcc.h ****   #pragma GCC diagnostic pop
 108:Drivers/CMSIS/Include/cmsis_gcc.h ****   #define __UNALIGNED_UINT32_READ(addr)          (((const struct T_UINT32_READ *)(const void *)(add
 109:Drivers/CMSIS/Include/cmsis_gcc.h **** #endif
 110:Drivers/CMSIS/Include/cmsis_gcc.h **** #ifndef   __ALIGNED
 111:Drivers/CMSIS/Include/cmsis_gcc.h ****   #define __ALIGNED(x)                           __attribute__((aligned(x)))
 112:Drivers/CMSIS/Include/cmsis_gcc.h **** #endif
 113:Drivers/CMSIS/Include/cmsis_gcc.h **** #ifndef   __RESTRICT
 114:Drivers/CMSIS/Include/cmsis_gcc.h ****   #define __RESTRICT                             __restrict
 115:Drivers/CMSIS/Include/cmsis_gcc.h **** #endif
 116:Drivers/CMSIS/Include/cmsis_gcc.h **** 
 117:Drivers/CMSIS/Include/cmsis_gcc.h **** 
 118:Drivers/CMSIS/Include/cmsis_gcc.h **** /* ###########################  Core Function Access  ########################### */
 119:Drivers/CMSIS/Include/cmsis_gcc.h **** /** \ingroup  CMSIS_Core_FunctionInterface
 120:Drivers/CMSIS/Include/cmsis_gcc.h ****     \defgroup CMSIS_Core_RegAccFunctions CMSIS Core Register Access Functions
 121:Drivers/CMSIS/Include/cmsis_gcc.h ****   @{
 122:Drivers/CMSIS/Include/cmsis_gcc.h ****  */
 123:Drivers/CMSIS/Include/cmsis_gcc.h **** 
 124:Drivers/CMSIS/Include/cmsis_gcc.h **** /**
 125:Drivers/CMSIS/Include/cmsis_gcc.h ****   \brief   Enable IRQ Interrupts
 126:Drivers/CMSIS/Include/cmsis_gcc.h ****   \details Enables IRQ interrupts by clearing the I-bit in the CPSR.
 127:Drivers/CMSIS/Include/cmsis_gcc.h ****            Can only be executed in Privileged modes.
 128:Drivers/CMSIS/Include/cmsis_gcc.h ****  */
 129:Drivers/CMSIS/Include/cmsis_gcc.h **** __STATIC_FORCEINLINE void __enable_irq(void)
ARM GAS  D:\TMP\ccDrhhFo.s 			page 22


 130:Drivers/CMSIS/Include/cmsis_gcc.h **** {
 131:Drivers/CMSIS/Include/cmsis_gcc.h ****   __ASM volatile ("cpsie i" : : : "memory");
 132:Drivers/CMSIS/Include/cmsis_gcc.h **** }
 133:Drivers/CMSIS/Include/cmsis_gcc.h **** 
 134:Drivers/CMSIS/Include/cmsis_gcc.h **** 
 135:Drivers/CMSIS/Include/cmsis_gcc.h **** /**
 136:Drivers/CMSIS/Include/cmsis_gcc.h ****   \brief   Disable IRQ Interrupts
 137:Drivers/CMSIS/Include/cmsis_gcc.h ****   \details Disables IRQ interrupts by setting the I-bit in the CPSR.
 138:Drivers/CMSIS/Include/cmsis_gcc.h ****            Can only be executed in Privileged modes.
 139:Drivers/CMSIS/Include/cmsis_gcc.h ****  */
 140:Drivers/CMSIS/Include/cmsis_gcc.h **** __STATIC_FORCEINLINE void __disable_irq(void)
 612              		.loc 2 140 27 view .LVU158
 613              	.LBB15:
 141:Drivers/CMSIS/Include/cmsis_gcc.h **** {
 142:Drivers/CMSIS/Include/cmsis_gcc.h ****   __ASM volatile ("cpsid i" : : : "memory");
 614              		.loc 2 142 3 view .LVU159
 615              		.syntax unified
 616              	@ 142 "Drivers/CMSIS/Include/cmsis_gcc.h" 1
 617 001e 72B6     		cpsid i
 618              	@ 0 "" 2
 619              		.thumb
 620              		.syntax unified
 621              	.LBE15:
 622              	.LBE14:
 395:Core/Src/balance_car/raspi_link.c ****     s_rx_line[0] = '\0';
 623              		.loc 1 395 5 view .LVU160
 395:Core/Src/balance_car/raspi_link.c ****     s_rx_line[0] = '\0';
 624              		.loc 1 395 16 is_stmt 0 view .LVU161
 625 0020 0023     		movs	r3, #0
 626 0022 0B4A     		ldr	r2, .L61
 627 0024 1370     		strb	r3, [r2]
 396:Core/Src/balance_car/raspi_link.c ****     s_pending_line[0] = '\0';
 628              		.loc 1 396 5 is_stmt 1 view .LVU162
 396:Core/Src/balance_car/raspi_link.c ****     s_pending_line[0] = '\0';
 629              		.loc 1 396 18 is_stmt 0 view .LVU163
 630 0026 0C4A     		ldr	r2, .L61+8
 631 0028 1370     		strb	r3, [r2]
 397:Core/Src/balance_car/raspi_link.c ****     s_line_ready = 0U;
 632              		.loc 1 397 5 is_stmt 1 view .LVU164
 397:Core/Src/balance_car/raspi_link.c ****     s_line_ready = 0U;
 633              		.loc 1 397 23 is_stmt 0 view .LVU165
 634 002a 0C4A     		ldr	r2, .L61+12
 635 002c 1370     		strb	r3, [r2]
 398:Core/Src/balance_car/raspi_link.c ****     s_line_queued = 0U;
 636              		.loc 1 398 5 is_stmt 1 view .LVU166
 398:Core/Src/balance_car/raspi_link.c ****     s_line_queued = 0U;
 637              		.loc 1 398 18 is_stmt 0 view .LVU167
 638 002e 0C4A     		ldr	r2, .L61+16
 639 0030 1370     		strb	r3, [r2]
 399:Core/Src/balance_car/raspi_link.c ****     s_rx_line_start_ms = 0U;
 640              		.loc 1 399 5 is_stmt 1 view .LVU168
 399:Core/Src/balance_car/raspi_link.c ****     s_rx_line_start_ms = 0U;
 641              		.loc 1 399 19 is_stmt 0 view .LVU169
 642 0032 0C4A     		ldr	r2, .L61+20
 643 0034 1370     		strb	r3, [r2]
 400:Core/Src/balance_car/raspi_link.c ****     __enable_irq();
 644              		.loc 1 400 5 is_stmt 1 view .LVU170
ARM GAS  D:\TMP\ccDrhhFo.s 			page 23


 400:Core/Src/balance_car/raspi_link.c ****     __enable_irq();
 645              		.loc 1 400 24 is_stmt 0 view .LVU171
 646 0036 074A     		ldr	r2, .L61+4
 647 0038 1360     		str	r3, [r2]
 401:Core/Src/balance_car/raspi_link.c **** 
 648              		.loc 1 401 5 is_stmt 1 view .LVU172
 649              	.LBB16:
 650              	.LBI16:
 129:Drivers/CMSIS/Include/cmsis_gcc.h **** {
 651              		.loc 2 129 27 view .LVU173
 652              	.LBB17:
 131:Drivers/CMSIS/Include/cmsis_gcc.h **** }
 653              		.loc 2 131 3 view .LVU174
 654              		.syntax unified
 655              	@ 131 "Drivers/CMSIS/Include/cmsis_gcc.h" 1
 656 003a 62B6     		cpsie i
 657              	@ 0 "" 2
 658              		.thumb
 659              		.syntax unified
 660              	.LBE17:
 661              	.LBE16:
 403:Core/Src/balance_car/raspi_link.c ****     g_raspi_link_state.frame_ready = 0U;
 662              		.loc 1 403 5 view .LVU175
 403:Core/Src/balance_car/raspi_link.c ****     g_raspi_link_state.frame_ready = 0U;
 663              		.loc 1 403 23 is_stmt 0 view .LVU176
 664 003c 0A4A     		ldr	r2, .L61+24
 665 003e 516A     		ldr	r1, [r2, #36]
 403:Core/Src/balance_car/raspi_link.c ****     g_raspi_link_state.frame_ready = 0U;
 666              		.loc 1 403 45 view .LVU177
 667 0040 0131     		adds	r1, r1, #1
 668 0042 5162     		str	r1, [r2, #36]
 404:Core/Src/balance_car/raspi_link.c ****     RaspiLink_MarkInvalid(RASPI_LINK_FAULT_BAD_FRAME);
 669              		.loc 1 404 5 is_stmt 1 view .LVU178
 404:Core/Src/balance_car/raspi_link.c ****     RaspiLink_MarkInvalid(RASPI_LINK_FAULT_BAD_FRAME);
 670              		.loc 1 404 36 is_stmt 0 view .LVU179
 671 0044 5370     		strb	r3, [r2, #1]
 405:Core/Src/balance_car/raspi_link.c **** }
 672              		.loc 1 405 5 is_stmt 1 view .LVU180
 673 0046 0820     		movs	r0, #8
 674 0048 FFF7FEFF 		bl	RaspiLink_MarkInvalid
 675              	.LVL49:
 676 004c DFE7     		b	.L57
 677              	.L62:
 678 004e 00BF     		.align	2
 679              	.L61:
 680 0050 00000000 		.word	s_rx_index
 681 0054 00000000 		.word	s_rx_line_start_ms
 682 0058 00000000 		.word	s_rx_line
 683 005c 00000000 		.word	s_pending_line
 684 0060 00000000 		.word	s_line_ready
 685 0064 00000000 		.word	s_line_queued
 686 0068 00000000 		.word	g_raspi_link_state
 687              		.cfi_endproc
 688              	.LFE88:
 690              		.section	.text.RaspiLink_UartInit,"ax",%progbits
 691              		.align	1
 692              		.syntax unified
ARM GAS  D:\TMP\ccDrhhFo.s 			page 24


 693              		.thumb
 694              		.thumb_func
 696              	RaspiLink_UartInit:
 697              	.LFB78:
 110:Core/Src/balance_car/raspi_link.c ****     GPIO_InitTypeDef gpio = {0};
 698              		.loc 1 110 1 view -0
 699              		.cfi_startproc
 700              		@ args = 0, pretend = 0, frame = 32
 701              		@ frame_needed = 0, uses_anonymous_args = 0
 702 0000 70B5     		push	{r4, r5, r6, lr}
 703              	.LCFI9:
 704              		.cfi_def_cfa_offset 16
 705              		.cfi_offset 4, -16
 706              		.cfi_offset 5, -12
 707              		.cfi_offset 6, -8
 708              		.cfi_offset 14, -4
 709 0002 88B0     		sub	sp, sp, #32
 710              	.LCFI10:
 711              		.cfi_def_cfa_offset 48
 111:Core/Src/balance_car/raspi_link.c **** 
 712              		.loc 1 111 5 view .LVU182
 111:Core/Src/balance_car/raspi_link.c **** 
 713              		.loc 1 111 22 is_stmt 0 view .LVU183
 714 0004 0024     		movs	r4, #0
 715 0006 0494     		str	r4, [sp, #16]
 716 0008 0594     		str	r4, [sp, #20]
 717 000a 0694     		str	r4, [sp, #24]
 718 000c 0794     		str	r4, [sp, #28]
 113:Core/Src/balance_car/raspi_link.c ****     __HAL_RCC_AFIO_CLK_ENABLE();
 719              		.loc 1 113 5 is_stmt 1 view .LVU184
 720              	.LBB18:
 113:Core/Src/balance_car/raspi_link.c ****     __HAL_RCC_AFIO_CLK_ENABLE();
 721              		.loc 1 113 5 view .LVU185
 113:Core/Src/balance_car/raspi_link.c ****     __HAL_RCC_AFIO_CLK_ENABLE();
 722              		.loc 1 113 5 view .LVU186
 723 000e 2C4B     		ldr	r3, .L68
 724 0010 9A69     		ldr	r2, [r3, #24]
 725 0012 42F00802 		orr	r2, r2, #8
 726 0016 9A61     		str	r2, [r3, #24]
 113:Core/Src/balance_car/raspi_link.c ****     __HAL_RCC_AFIO_CLK_ENABLE();
 727              		.loc 1 113 5 view .LVU187
 728 0018 9A69     		ldr	r2, [r3, #24]
 729 001a 02F00802 		and	r2, r2, #8
 730 001e 0192     		str	r2, [sp, #4]
 113:Core/Src/balance_car/raspi_link.c ****     __HAL_RCC_AFIO_CLK_ENABLE();
 731              		.loc 1 113 5 view .LVU188
 732 0020 019A     		ldr	r2, [sp, #4]
 733              	.LBE18:
 113:Core/Src/balance_car/raspi_link.c ****     __HAL_RCC_AFIO_CLK_ENABLE();
 734              		.loc 1 113 5 view .LVU189
 114:Core/Src/balance_car/raspi_link.c ****     __HAL_RCC_USART1_CLK_ENABLE();
 735              		.loc 1 114 5 view .LVU190
 736              	.LBB19:
 114:Core/Src/balance_car/raspi_link.c ****     __HAL_RCC_USART1_CLK_ENABLE();
 737              		.loc 1 114 5 view .LVU191
 114:Core/Src/balance_car/raspi_link.c ****     __HAL_RCC_USART1_CLK_ENABLE();
 738              		.loc 1 114 5 view .LVU192
ARM GAS  D:\TMP\ccDrhhFo.s 			page 25


 739 0022 9A69     		ldr	r2, [r3, #24]
 740 0024 42F00102 		orr	r2, r2, #1
 741 0028 9A61     		str	r2, [r3, #24]
 114:Core/Src/balance_car/raspi_link.c ****     __HAL_RCC_USART1_CLK_ENABLE();
 742              		.loc 1 114 5 view .LVU193
 743 002a 9A69     		ldr	r2, [r3, #24]
 744 002c 02F00102 		and	r2, r2, #1
 745 0030 0292     		str	r2, [sp, #8]
 114:Core/Src/balance_car/raspi_link.c ****     __HAL_RCC_USART1_CLK_ENABLE();
 746              		.loc 1 114 5 view .LVU194
 747 0032 029A     		ldr	r2, [sp, #8]
 748              	.LBE19:
 114:Core/Src/balance_car/raspi_link.c ****     __HAL_RCC_USART1_CLK_ENABLE();
 749              		.loc 1 114 5 view .LVU195
 115:Core/Src/balance_car/raspi_link.c ****     __HAL_AFIO_REMAP_USART1_ENABLE();
 750              		.loc 1 115 5 view .LVU196
 751              	.LBB20:
 115:Core/Src/balance_car/raspi_link.c ****     __HAL_AFIO_REMAP_USART1_ENABLE();
 752              		.loc 1 115 5 view .LVU197
 115:Core/Src/balance_car/raspi_link.c ****     __HAL_AFIO_REMAP_USART1_ENABLE();
 753              		.loc 1 115 5 view .LVU198
 754 0034 9A69     		ldr	r2, [r3, #24]
 755 0036 42F48042 		orr	r2, r2, #16384
 756 003a 9A61     		str	r2, [r3, #24]
 115:Core/Src/balance_car/raspi_link.c ****     __HAL_AFIO_REMAP_USART1_ENABLE();
 757              		.loc 1 115 5 view .LVU199
 758 003c 9B69     		ldr	r3, [r3, #24]
 759 003e 03F48043 		and	r3, r3, #16384
 760 0042 0393     		str	r3, [sp, #12]
 115:Core/Src/balance_car/raspi_link.c ****     __HAL_AFIO_REMAP_USART1_ENABLE();
 761              		.loc 1 115 5 view .LVU200
 762 0044 039B     		ldr	r3, [sp, #12]
 763              	.LBE20:
 115:Core/Src/balance_car/raspi_link.c ****     __HAL_AFIO_REMAP_USART1_ENABLE();
 764              		.loc 1 115 5 view .LVU201
 116:Core/Src/balance_car/raspi_link.c **** 
 765              		.loc 1 116 5 view .LVU202
 766              	.LBB21:
 116:Core/Src/balance_car/raspi_link.c **** 
 767              		.loc 1 116 5 view .LVU203
 768 0046 1F4A     		ldr	r2, .L68+4
 769 0048 5368     		ldr	r3, [r2, #4]
 770              	.LVL50:
 116:Core/Src/balance_car/raspi_link.c **** 
 771              		.loc 1 116 5 view .LVU204
 116:Core/Src/balance_car/raspi_link.c **** 
 772              		.loc 1 116 5 view .LVU205
 773 004a 43F0E063 		orr	r3, r3, #117440512
 774              	.LVL51:
 116:Core/Src/balance_car/raspi_link.c **** 
 775              		.loc 1 116 5 is_stmt 0 view .LVU206
 776 004e 43F00403 		orr	r3, r3, #4
 777              	.LVL52:
 116:Core/Src/balance_car/raspi_link.c **** 
 778              		.loc 1 116 5 is_stmt 1 view .LVU207
 779 0052 5360     		str	r3, [r2, #4]
 780              	.LBE21:
ARM GAS  D:\TMP\ccDrhhFo.s 			page 26


 116:Core/Src/balance_car/raspi_link.c **** 
 781              		.loc 1 116 5 view .LVU208
 118:Core/Src/balance_car/raspi_link.c ****     gpio.Mode = GPIO_MODE_AF_PP;
 782              		.loc 1 118 5 view .LVU209
 118:Core/Src/balance_car/raspi_link.c ****     gpio.Mode = GPIO_MODE_AF_PP;
 783              		.loc 1 118 14 is_stmt 0 view .LVU210
 784 0054 4023     		movs	r3, #64
 785              	.LVL53:
 118:Core/Src/balance_car/raspi_link.c ****     gpio.Mode = GPIO_MODE_AF_PP;
 786              		.loc 1 118 14 view .LVU211
 787 0056 0493     		str	r3, [sp, #16]
 788              	.LVL54:
 119:Core/Src/balance_car/raspi_link.c ****     gpio.Speed = GPIO_SPEED_FREQ_HIGH;
 789              		.loc 1 119 5 is_stmt 1 view .LVU212
 119:Core/Src/balance_car/raspi_link.c ****     gpio.Speed = GPIO_SPEED_FREQ_HIGH;
 790              		.loc 1 119 15 is_stmt 0 view .LVU213
 791 0058 0223     		movs	r3, #2
 792 005a 0593     		str	r3, [sp, #20]
 120:Core/Src/balance_car/raspi_link.c ****     HAL_GPIO_Init(RASPI_UART_TX_PORT, &gpio);
 793              		.loc 1 120 5 is_stmt 1 view .LVU214
 120:Core/Src/balance_car/raspi_link.c ****     HAL_GPIO_Init(RASPI_UART_TX_PORT, &gpio);
 794              		.loc 1 120 16 is_stmt 0 view .LVU215
 795 005c 0326     		movs	r6, #3
 796 005e 0796     		str	r6, [sp, #28]
 121:Core/Src/balance_car/raspi_link.c **** 
 797              		.loc 1 121 5 is_stmt 1 view .LVU216
 798 0060 194D     		ldr	r5, .L68+8
 799 0062 04A9     		add	r1, sp, #16
 800 0064 2846     		mov	r0, r5
 801 0066 FFF7FEFF 		bl	HAL_GPIO_Init
 802              	.LVL55:
 123:Core/Src/balance_car/raspi_link.c ****     gpio.Mode = GPIO_MODE_INPUT;
 803              		.loc 1 123 5 view .LVU217
 123:Core/Src/balance_car/raspi_link.c ****     gpio.Mode = GPIO_MODE_INPUT;
 804              		.loc 1 123 14 is_stmt 0 view .LVU218
 805 006a 8023     		movs	r3, #128
 806 006c 0493     		str	r3, [sp, #16]
 124:Core/Src/balance_car/raspi_link.c ****     gpio.Pull = GPIO_PULLUP;
 807              		.loc 1 124 5 is_stmt 1 view .LVU219
 124:Core/Src/balance_car/raspi_link.c ****     gpio.Pull = GPIO_PULLUP;
 808              		.loc 1 124 15 is_stmt 0 view .LVU220
 809 006e 0594     		str	r4, [sp, #20]
 125:Core/Src/balance_car/raspi_link.c ****     gpio.Speed = GPIO_SPEED_FREQ_HIGH;
 810              		.loc 1 125 5 is_stmt 1 view .LVU221
 125:Core/Src/balance_car/raspi_link.c ****     gpio.Speed = GPIO_SPEED_FREQ_HIGH;
 811              		.loc 1 125 15 is_stmt 0 view .LVU222
 812 0070 0123     		movs	r3, #1
 813 0072 0693     		str	r3, [sp, #24]
 126:Core/Src/balance_car/raspi_link.c ****     HAL_GPIO_Init(RASPI_UART_RX_PORT, &gpio);
 814              		.loc 1 126 5 is_stmt 1 view .LVU223
 126:Core/Src/balance_car/raspi_link.c ****     HAL_GPIO_Init(RASPI_UART_RX_PORT, &gpio);
 815              		.loc 1 126 16 is_stmt 0 view .LVU224
 816 0074 0796     		str	r6, [sp, #28]
 127:Core/Src/balance_car/raspi_link.c **** 
 817              		.loc 1 127 5 is_stmt 1 view .LVU225
 818 0076 04A9     		add	r1, sp, #16
 819 0078 2846     		mov	r0, r5
ARM GAS  D:\TMP\ccDrhhFo.s 			page 27


 820 007a FFF7FEFF 		bl	HAL_GPIO_Init
 821              	.LVL56:
 129:Core/Src/balance_car/raspi_link.c ****     s_huart_raspi.Init.BaudRate = RASPI_UART_BAUDRATE;
 822              		.loc 1 129 5 view .LVU226
 129:Core/Src/balance_car/raspi_link.c ****     s_huart_raspi.Init.BaudRate = RASPI_UART_BAUDRATE;
 823              		.loc 1 129 28 is_stmt 0 view .LVU227
 824 007e 1348     		ldr	r0, .L68+12
 825 0080 134B     		ldr	r3, .L68+16
 826 0082 0360     		str	r3, [r0]
 130:Core/Src/balance_car/raspi_link.c ****     s_huart_raspi.Init.WordLength = UART_WORDLENGTH_8B;
 827              		.loc 1 130 5 is_stmt 1 view .LVU228
 130:Core/Src/balance_car/raspi_link.c ****     s_huart_raspi.Init.WordLength = UART_WORDLENGTH_8B;
 828              		.loc 1 130 33 is_stmt 0 view .LVU229
 829 0084 4FF4E133 		mov	r3, #115200
 830 0088 4360     		str	r3, [r0, #4]
 131:Core/Src/balance_car/raspi_link.c ****     s_huart_raspi.Init.StopBits = UART_STOPBITS_1;
 831              		.loc 1 131 5 is_stmt 1 view .LVU230
 131:Core/Src/balance_car/raspi_link.c ****     s_huart_raspi.Init.StopBits = UART_STOPBITS_1;
 832              		.loc 1 131 35 is_stmt 0 view .LVU231
 833 008a 8460     		str	r4, [r0, #8]
 132:Core/Src/balance_car/raspi_link.c ****     s_huart_raspi.Init.Parity = UART_PARITY_NONE;
 834              		.loc 1 132 5 is_stmt 1 view .LVU232
 132:Core/Src/balance_car/raspi_link.c ****     s_huart_raspi.Init.Parity = UART_PARITY_NONE;
 835              		.loc 1 132 33 is_stmt 0 view .LVU233
 836 008c C460     		str	r4, [r0, #12]
 133:Core/Src/balance_car/raspi_link.c ****     s_huart_raspi.Init.Mode = UART_MODE_TX_RX;
 837              		.loc 1 133 5 is_stmt 1 view .LVU234
 133:Core/Src/balance_car/raspi_link.c ****     s_huart_raspi.Init.Mode = UART_MODE_TX_RX;
 838              		.loc 1 133 31 is_stmt 0 view .LVU235
 839 008e 0461     		str	r4, [r0, #16]
 134:Core/Src/balance_car/raspi_link.c ****     s_huart_raspi.Init.HwFlowCtl = UART_HWCONTROL_NONE;
 840              		.loc 1 134 5 is_stmt 1 view .LVU236
 134:Core/Src/balance_car/raspi_link.c ****     s_huart_raspi.Init.HwFlowCtl = UART_HWCONTROL_NONE;
 841              		.loc 1 134 29 is_stmt 0 view .LVU237
 842 0090 0C23     		movs	r3, #12
 843 0092 4361     		str	r3, [r0, #20]
 135:Core/Src/balance_car/raspi_link.c ****     s_huart_raspi.Init.OverSampling = UART_OVERSAMPLING_16;
 844              		.loc 1 135 5 is_stmt 1 view .LVU238
 135:Core/Src/balance_car/raspi_link.c ****     s_huart_raspi.Init.OverSampling = UART_OVERSAMPLING_16;
 845              		.loc 1 135 34 is_stmt 0 view .LVU239
 846 0094 8461     		str	r4, [r0, #24]
 136:Core/Src/balance_car/raspi_link.c **** 
 847              		.loc 1 136 5 is_stmt 1 view .LVU240
 136:Core/Src/balance_car/raspi_link.c **** 
 848              		.loc 1 136 37 is_stmt 0 view .LVU241
 849 0096 C461     		str	r4, [r0, #28]
 138:Core/Src/balance_car/raspi_link.c ****         RaspiLink_SetFault(RASPI_LINK_FAULT_UART_INIT);
 850              		.loc 1 138 5 is_stmt 1 view .LVU242
 138:Core/Src/balance_car/raspi_link.c ****         RaspiLink_SetFault(RASPI_LINK_FAULT_UART_INIT);
 851              		.loc 1 138 9 is_stmt 0 view .LVU243
 852 0098 FFF7FEFF 		bl	HAL_UART_Init
 853              	.LVL57:
 138:Core/Src/balance_car/raspi_link.c ****         RaspiLink_SetFault(RASPI_LINK_FAULT_UART_INIT);
 854              		.loc 1 138 8 discriminator 1 view .LVU244
 855 009c 58B9     		cbnz	r0, .L67
 856 009e 0446     		mov	r4, r0
 143:Core/Src/balance_car/raspi_link.c ****     HAL_NVIC_EnableIRQ(USART1_IRQn);
ARM GAS  D:\TMP\ccDrhhFo.s 			page 28


 857              		.loc 1 143 5 is_stmt 1 view .LVU245
 858 00a0 0022     		movs	r2, #0
 859 00a2 0521     		movs	r1, #5
 860 00a4 2520     		movs	r0, #37
 861 00a6 FFF7FEFF 		bl	HAL_NVIC_SetPriority
 862              	.LVL58:
 144:Core/Src/balance_car/raspi_link.c ****     return HAL_OK;
 863              		.loc 1 144 5 view .LVU246
 864 00aa 2520     		movs	r0, #37
 865 00ac FFF7FEFF 		bl	HAL_NVIC_EnableIRQ
 866              	.LVL59:
 145:Core/Src/balance_car/raspi_link.c **** }
 867              		.loc 1 145 5 view .LVU247
 868              	.L65:
 146:Core/Src/balance_car/raspi_link.c **** 
 869              		.loc 1 146 1 is_stmt 0 view .LVU248
 870 00b0 2046     		mov	r0, r4
 871 00b2 08B0     		add	sp, sp, #32
 872              	.LCFI11:
 873              		.cfi_remember_state
 874              		.cfi_def_cfa_offset 16
 875              		@ sp needed
 876 00b4 70BD     		pop	{r4, r5, r6, pc}
 877              	.L67:
 878              	.LCFI12:
 879              		.cfi_restore_state
 139:Core/Src/balance_car/raspi_link.c ****         return HAL_ERROR;
 880              		.loc 1 139 9 is_stmt 1 view .LVU249
 881 00b6 0120     		movs	r0, #1
 882 00b8 FFF7FEFF 		bl	RaspiLink_SetFault
 883              	.LVL60:
 140:Core/Src/balance_car/raspi_link.c ****     }
 884              		.loc 1 140 9 view .LVU250
 140:Core/Src/balance_car/raspi_link.c ****     }
 885              		.loc 1 140 16 is_stmt 0 view .LVU251
 886 00bc 0124     		movs	r4, #1
 887 00be F7E7     		b	.L65
 888              	.L69:
 889              		.align	2
 890              	.L68:
 891 00c0 00100240 		.word	1073876992
 892 00c4 00000140 		.word	1073807360
 893 00c8 000C0140 		.word	1073810432
 894 00cc 00000000 		.word	s_huart_raspi
 895 00d0 00380140 		.word	1073821696
 896              		.cfi_endproc
 897              	.LFE78:
 899              		.section	.text.RaspiLink_StartReceive,"ax",%progbits
 900              		.align	1
 901              		.syntax unified
 902              		.thumb
 903              		.thumb_func
 905              	RaspiLink_StartReceive:
 906              	.LFB76:
  92:Core/Src/balance_car/raspi_link.c ****     if (HAL_UART_Receive_IT(&s_huart_raspi, &s_rx_byte, 1U) != HAL_OK) {
 907              		.loc 1 92 1 is_stmt 1 view -0
 908              		.cfi_startproc
ARM GAS  D:\TMP\ccDrhhFo.s 			page 29


 909              		@ args = 0, pretend = 0, frame = 0
 910              		@ frame_needed = 0, uses_anonymous_args = 0
 911 0000 08B5     		push	{r3, lr}
 912              	.LCFI13:
 913              		.cfi_def_cfa_offset 8
 914              		.cfi_offset 3, -8
 915              		.cfi_offset 14, -4
  93:Core/Src/balance_car/raspi_link.c ****         RaspiLink_SetFault(RASPI_LINK_FAULT_RX_RESTART);
 916              		.loc 1 93 5 view .LVU253
  93:Core/Src/balance_car/raspi_link.c ****         RaspiLink_SetFault(RASPI_LINK_FAULT_RX_RESTART);
 917              		.loc 1 93 9 is_stmt 0 view .LVU254
 918 0002 0122     		movs	r2, #1
 919 0004 0449     		ldr	r1, .L74
 920 0006 0548     		ldr	r0, .L74+4
 921 0008 FFF7FEFF 		bl	HAL_UART_Receive_IT
 922              	.LVL61:
  93:Core/Src/balance_car/raspi_link.c ****         RaspiLink_SetFault(RASPI_LINK_FAULT_RX_RESTART);
 923              		.loc 1 93 8 discriminator 1 view .LVU255
 924 000c 00B9     		cbnz	r0, .L73
 925              	.L70:
  96:Core/Src/balance_car/raspi_link.c **** 
 926              		.loc 1 96 1 view .LVU256
 927 000e 08BD     		pop	{r3, pc}
 928              	.L73:
  94:Core/Src/balance_car/raspi_link.c ****     }
 929              		.loc 1 94 9 is_stmt 1 view .LVU257
 930 0010 0220     		movs	r0, #2
 931 0012 FFF7FEFF 		bl	RaspiLink_SetFault
 932              	.LVL62:
  96:Core/Src/balance_car/raspi_link.c **** 
 933              		.loc 1 96 1 is_stmt 0 view .LVU258
 934 0016 FAE7     		b	.L70
 935              	.L75:
 936              		.align	2
 937              	.L74:
 938 0018 00000000 		.word	s_rx_byte
 939 001c 00000000 		.word	s_huart_raspi
 940              		.cfi_endproc
 941              	.LFE76:
 943              		.section	.text.RaspiLink_StopMotion,"ax",%progbits
 944              		.align	1
 945              		.syntax unified
 946              		.thumb
 947              		.thumb_func
 949              	RaspiLink_StopMotion:
 950              	.LFB75:
  74:Core/Src/balance_car/raspi_link.c ****     AppControlCommand_t command;
 951              		.loc 1 74 1 is_stmt 1 view -0
 952              		.cfi_startproc
 953              		@ args = 0, pretend = 0, frame = 16
 954              		@ frame_needed = 0, uses_anonymous_args = 0
 955 0000 00B5     		push	{lr}
 956              	.LCFI14:
 957              		.cfi_def_cfa_offset 4
 958              		.cfi_offset 14, -4
 959 0002 85B0     		sub	sp, sp, #20
 960              	.LCFI15:
ARM GAS  D:\TMP\ccDrhhFo.s 			page 30


 961              		.cfi_def_cfa_offset 24
  75:Core/Src/balance_car/raspi_link.c **** 
 962              		.loc 1 75 5 view .LVU260
  77:Core/Src/balance_car/raspi_link.c ****     g_raspi_link_state.angular_z_cmd = 0.0f;
 963              		.loc 1 77 5 view .LVU261
  77:Core/Src/balance_car/raspi_link.c ****     g_raspi_link_state.angular_z_cmd = 0.0f;
 964              		.loc 1 77 37 is_stmt 0 view .LVU262
 965 0004 0C4A     		ldr	r2, .L78
 966 0006 0023     		movs	r3, #0
 967 0008 D363     		str	r3, [r2, #60]	@ float
  78:Core/Src/balance_car/raspi_link.c ****     g_raspi_link_state.speed_target_rps = 0.0f;
 968              		.loc 1 78 5 is_stmt 1 view .LVU263
  78:Core/Src/balance_car/raspi_link.c ****     g_raspi_link_state.speed_target_rps = 0.0f;
 969              		.loc 1 78 38 is_stmt 0 view .LVU264
 970 000a 1364     		str	r3, [r2, #64]	@ float
  79:Core/Src/balance_car/raspi_link.c **** 
 971              		.loc 1 79 5 is_stmt 1 view .LVU265
  79:Core/Src/balance_car/raspi_link.c **** 
 972              		.loc 1 79 41 is_stmt 0 view .LVU266
 973 000c 5364     		str	r3, [r2, #68]	@ float
  81:Core/Src/balance_car/raspi_link.c ****     command.run_valid = 0U;
 974              		.loc 1 81 5 is_stmt 1 view .LVU267
  81:Core/Src/balance_car/raspi_link.c ****     command.run_valid = 0U;
 975              		.loc 1 81 20 is_stmt 0 view .LVU268
 976 000e 0222     		movs	r2, #2
 977 0010 8DF80020 		strb	r2, [sp]
  82:Core/Src/balance_car/raspi_link.c ****     command.run_enable = 0U;
 978              		.loc 1 82 5 is_stmt 1 view .LVU269
  82:Core/Src/balance_car/raspi_link.c ****     command.run_enable = 0U;
 979              		.loc 1 82 23 is_stmt 0 view .LVU270
 980 0014 0022     		movs	r2, #0
 981 0016 8DF80120 		strb	r2, [sp, #1]
  83:Core/Src/balance_car/raspi_link.c ****     command.reset_pid = 0U;
 982              		.loc 1 83 5 is_stmt 1 view .LVU271
  83:Core/Src/balance_car/raspi_link.c ****     command.reset_pid = 0U;
 983              		.loc 1 83 24 is_stmt 0 view .LVU272
 984 001a 8DF80220 		strb	r2, [sp, #2]
  84:Core/Src/balance_car/raspi_link.c ****     command.clear_fault = 0U;
 985              		.loc 1 84 5 is_stmt 1 view .LVU273
  84:Core/Src/balance_car/raspi_link.c ****     command.clear_fault = 0U;
 986              		.loc 1 84 23 is_stmt 0 view .LVU274
 987 001e 8DF80320 		strb	r2, [sp, #3]
  85:Core/Src/balance_car/raspi_link.c ****     command.speed_target = 0.0f;
 988              		.loc 1 85 5 is_stmt 1 view .LVU275
  85:Core/Src/balance_car/raspi_link.c ****     command.speed_target = 0.0f;
 989              		.loc 1 85 25 is_stmt 0 view .LVU276
 990 0022 8DF80420 		strb	r2, [sp, #4]
  86:Core/Src/balance_car/raspi_link.c ****     command.turn_target = 0.0f;
 991              		.loc 1 86 5 is_stmt 1 view .LVU277
  86:Core/Src/balance_car/raspi_link.c ****     command.turn_target = 0.0f;
 992              		.loc 1 86 26 is_stmt 0 view .LVU278
 993 0026 0293     		str	r3, [sp, #8]	@ float
  87:Core/Src/balance_car/raspi_link.c ****     AppTasks_SubmitControlCommandFromTask(&command);
 994              		.loc 1 87 5 is_stmt 1 view .LVU279
  87:Core/Src/balance_car/raspi_link.c ****     AppTasks_SubmitControlCommandFromTask(&command);
 995              		.loc 1 87 25 is_stmt 0 view .LVU280
 996 0028 0393     		str	r3, [sp, #12]	@ float
ARM GAS  D:\TMP\ccDrhhFo.s 			page 31


  88:Core/Src/balance_car/raspi_link.c **** }
 997              		.loc 1 88 5 is_stmt 1 view .LVU281
 998 002a 6846     		mov	r0, sp
 999 002c FFF7FEFF 		bl	AppTasks_SubmitControlCommandFromTask
 1000              	.LVL63:
  89:Core/Src/balance_car/raspi_link.c **** 
 1001              		.loc 1 89 1 is_stmt 0 view .LVU282
 1002 0030 05B0     		add	sp, sp, #20
 1003              	.LCFI16:
 1004              		.cfi_def_cfa_offset 4
 1005              		@ sp needed
 1006 0032 5DF804FB 		ldr	pc, [sp], #4
 1007              	.L79:
 1008 0036 00BF     		.align	2
 1009              	.L78:
 1010 0038 00000000 		.word	g_raspi_link_state
 1011              		.cfi_endproc
 1012              	.LFE75:
 1014              		.section	.text.RaspiLink_CheckTimeout,"ax",%progbits
 1015              		.align	1
 1016              		.syntax unified
 1017              		.thumb
 1018              		.thumb_func
 1020              	RaspiLink_CheckTimeout:
 1021              	.LFB87:
 365:Core/Src/balance_car/raspi_link.c ****     uint32_t now;
 1022              		.loc 1 365 1 is_stmt 1 view -0
 1023              		.cfi_startproc
 1024              		@ args = 0, pretend = 0, frame = 0
 1025              		@ frame_needed = 0, uses_anonymous_args = 0
 1026 0000 10B5     		push	{r4, lr}
 1027              	.LCFI17:
 1028              		.cfi_def_cfa_offset 8
 1029              		.cfi_offset 4, -8
 1030              		.cfi_offset 14, -4
 366:Core/Src/balance_car/raspi_link.c ****     uint32_t timeout_ms = g_raspi_link_debug.timeout_ms;
 1031              		.loc 1 366 5 view .LVU284
 367:Core/Src/balance_car/raspi_link.c **** 
 1032              		.loc 1 367 5 view .LVU285
 367:Core/Src/balance_car/raspi_link.c **** 
 1033              		.loc 1 367 14 is_stmt 0 view .LVU286
 1034 0002 0E4B     		ldr	r3, .L84
 1035 0004 9C69     		ldr	r4, [r3, #24]
 1036              	.LVL64:
 369:Core/Src/balance_car/raspi_link.c ****         return;
 1037              		.loc 1 369 5 is_stmt 1 view .LVU287
 369:Core/Src/balance_car/raspi_link.c ****         return;
 1038              		.loc 1 369 27 is_stmt 0 view .LVU288
 1039 0006 5B78     		ldrb	r3, [r3, #1]	@ zero_extendqisi2
 369:Core/Src/balance_car/raspi_link.c ****         return;
 1040              		.loc 1 369 8 view .LVU289
 1041 0008 1BB1     		cbz	r3, .L80
 369:Core/Src/balance_car/raspi_link.c ****         return;
 1042              		.loc 1 369 54 discriminator 1 view .LVU290
 1043 000a 14B1     		cbz	r4, .L80
 372:Core/Src/balance_car/raspi_link.c ****         return;
 1044              		.loc 1 372 5 is_stmt 1 view .LVU291
ARM GAS  D:\TMP\ccDrhhFo.s 			page 32


 372:Core/Src/balance_car/raspi_link.c ****         return;
 1045              		.loc 1 372 27 is_stmt 0 view .LVU292
 1046 000c 0C4B     		ldr	r3, .L84+4
 1047 000e 1B78     		ldrb	r3, [r3]	@ zero_extendqisi2
 372:Core/Src/balance_car/raspi_link.c ****         return;
 1048              		.loc 1 372 8 view .LVU293
 1049 0010 03B9     		cbnz	r3, .L83
 1050              	.L80:
 383:Core/Src/balance_car/raspi_link.c **** 
 1051              		.loc 1 383 1 view .LVU294
 1052 0012 10BD     		pop	{r4, pc}
 1053              	.LVL65:
 1054              	.L83:
 376:Core/Src/balance_car/raspi_link.c ****     if ((uint32_t)(now - g_raspi_link_state.last_rx_ms) > timeout_ms) {
 1055              		.loc 1 376 5 is_stmt 1 view .LVU295
 376:Core/Src/balance_car/raspi_link.c ****     if ((uint32_t)(now - g_raspi_link_state.last_rx_ms) > timeout_ms) {
 1056              		.loc 1 376 11 is_stmt 0 view .LVU296
 1057 0014 FFF7FEFF 		bl	HAL_GetTick
 1058              	.LVL66:
 377:Core/Src/balance_car/raspi_link.c ****         g_raspi_link_state.link_active = 0U;
 1059              		.loc 1 377 5 is_stmt 1 view .LVU297
 377:Core/Src/balance_car/raspi_link.c ****         g_raspi_link_state.link_active = 0U;
 1060              		.loc 1 377 44 is_stmt 0 view .LVU298
 1061 0018 094B     		ldr	r3, .L84+4
 1062 001a 9B6A     		ldr	r3, [r3, #40]
 377:Core/Src/balance_car/raspi_link.c ****         g_raspi_link_state.link_active = 0U;
 1063              		.loc 1 377 24 view .LVU299
 1064 001c C01A     		subs	r0, r0, r3
 1065              	.LVL67:
 377:Core/Src/balance_car/raspi_link.c ****         g_raspi_link_state.link_active = 0U;
 1066              		.loc 1 377 8 view .LVU300
 1067 001e A042     		cmp	r0, r4
 1068 0020 F7D9     		bls	.L80
 378:Core/Src/balance_car/raspi_link.c ****         g_raspi_link_state.timeout_count++;
 1069              		.loc 1 378 9 is_stmt 1 view .LVU301
 378:Core/Src/balance_car/raspi_link.c ****         g_raspi_link_state.timeout_count++;
 1070              		.loc 1 378 40 is_stmt 0 view .LVU302
 1071 0022 074B     		ldr	r3, .L84+4
 1072 0024 0022     		movs	r2, #0
 1073 0026 1A70     		strb	r2, [r3]
 379:Core/Src/balance_car/raspi_link.c ****         RaspiLink_SetFault(RASPI_LINK_FAULT_TIMEOUT);
 1074              		.loc 1 379 9 is_stmt 1 view .LVU303
 379:Core/Src/balance_car/raspi_link.c ****         RaspiLink_SetFault(RASPI_LINK_FAULT_TIMEOUT);
 1075              		.loc 1 379 27 is_stmt 0 view .LVU304
 1076 0028 1A6A     		ldr	r2, [r3, #32]
 379:Core/Src/balance_car/raspi_link.c ****         RaspiLink_SetFault(RASPI_LINK_FAULT_TIMEOUT);
 1077              		.loc 1 379 41 view .LVU305
 1078 002a 0132     		adds	r2, r2, #1
 1079 002c 1A62     		str	r2, [r3, #32]
 380:Core/Src/balance_car/raspi_link.c ****         RaspiLink_StopMotion();
 1080              		.loc 1 380 9 is_stmt 1 view .LVU306
 1081 002e 2020     		movs	r0, #32
 1082 0030 FFF7FEFF 		bl	RaspiLink_SetFault
 1083              	.LVL68:
 381:Core/Src/balance_car/raspi_link.c ****     }
 1084              		.loc 1 381 9 view .LVU307
 1085 0034 FFF7FEFF 		bl	RaspiLink_StopMotion
ARM GAS  D:\TMP\ccDrhhFo.s 			page 33


 1086              	.LVL69:
 1087 0038 EBE7     		b	.L80
 1088              	.L85:
 1089 003a 00BF     		.align	2
 1090              	.L84:
 1091 003c 00000000 		.word	g_raspi_link_debug
 1092 0040 00000000 		.word	g_raspi_link_state
 1093              		.cfi_endproc
 1094              	.LFE87:
 1096              		.section	.text.RaspiLink_ParseUint32,"ax",%progbits
 1097              		.align	1
 1098              		.syntax unified
 1099              		.thumb
 1100              		.thumb_func
 1102              	RaspiLink_ParseUint32:
 1103              	.LVL70:
 1104              	.LFB82:
 199:Core/Src/balance_car/raspi_link.c ****     char *endptr;
 1105              		.loc 1 199 1 view -0
 1106              		.cfi_startproc
 1107              		@ args = 0, pretend = 0, frame = 8
 1108              		@ frame_needed = 0, uses_anonymous_args = 0
 200:Core/Src/balance_car/raspi_link.c ****     unsigned long parsed;
 1109              		.loc 1 200 5 view .LVU309
 201:Core/Src/balance_car/raspi_link.c **** 
 1110              		.loc 1 201 5 view .LVU310
 203:Core/Src/balance_car/raspi_link.c ****         return 0U;
 1111              		.loc 1 203 5 view .LVU311
 203:Core/Src/balance_car/raspi_link.c ****         return 0U;
 1112              		.loc 1 203 8 is_stmt 0 view .LVU312
 1113 0000 A8B1     		cbz	r0, .L88
 199:Core/Src/balance_car/raspi_link.c ****     char *endptr;
 1114              		.loc 1 199 1 view .LVU313
 1115 0002 30B5     		push	{r4, r5, lr}
 1116              	.LCFI18:
 1117              		.cfi_def_cfa_offset 12
 1118              		.cfi_offset 4, -12
 1119              		.cfi_offset 5, -8
 1120              		.cfi_offset 14, -4
 1121 0004 83B0     		sub	sp, sp, #12
 1122              	.LCFI19:
 1123              		.cfi_def_cfa_offset 24
 1124 0006 0C46     		mov	r4, r1
 1125 0008 0546     		mov	r5, r0
 203:Core/Src/balance_car/raspi_link.c ****         return 0U;
 1126              		.loc 1 203 19 discriminator 1 view .LVU314
 1127 000a 91B1     		cbz	r1, .L89
 203:Core/Src/balance_car/raspi_link.c ****         return 0U;
 1128              		.loc 1 203 36 discriminator 2 view .LVU315
 1129 000c 0078     		ldrb	r0, [r0]	@ zero_extendqisi2
 1130              	.LVL71:
 203:Core/Src/balance_car/raspi_link.c ****         return 0U;
 1131              		.loc 1 203 33 discriminator 2 view .LVU316
 1132 000e 08B9     		cbnz	r0, .L96
 1133              	.LVL72:
 1134              	.L87:
 212:Core/Src/balance_car/raspi_link.c **** 
ARM GAS  D:\TMP\ccDrhhFo.s 			page 34


 1135              		.loc 1 212 1 view .LVU317
 1136 0010 03B0     		add	sp, sp, #12
 1137              	.LCFI20:
 1138              		.cfi_remember_state
 1139              		.cfi_def_cfa_offset 12
 1140              		@ sp needed
 1141 0012 30BD     		pop	{r4, r5, pc}
 1142              	.LVL73:
 1143              	.L96:
 1144              	.LCFI21:
 1145              		.cfi_restore_state
 206:Core/Src/balance_car/raspi_link.c ****     if (endptr == text || *endptr != '\0') {
 1146              		.loc 1 206 5 is_stmt 1 view .LVU318
 206:Core/Src/balance_car/raspi_link.c ****     if (endptr == text || *endptr != '\0') {
 1147              		.loc 1 206 14 is_stmt 0 view .LVU319
 1148 0014 0A22     		movs	r2, #10
 1149 0016 01A9     		add	r1, sp, #4
 1150              	.LVL74:
 206:Core/Src/balance_car/raspi_link.c ****     if (endptr == text || *endptr != '\0') {
 1151              		.loc 1 206 14 view .LVU320
 1152 0018 2846     		mov	r0, r5
 1153 001a FFF7FEFF 		bl	strtoul
 1154              	.LVL75:
 207:Core/Src/balance_car/raspi_link.c ****         return 0U;
 1155              		.loc 1 207 5 is_stmt 1 view .LVU321
 207:Core/Src/balance_car/raspi_link.c ****         return 0U;
 1156              		.loc 1 207 16 is_stmt 0 view .LVU322
 1157 001e 019B     		ldr	r3, [sp, #4]
 207:Core/Src/balance_car/raspi_link.c ****         return 0U;
 1158              		.loc 1 207 8 view .LVU323
 1159 0020 AB42     		cmp	r3, r5
 1160 0022 08D0     		beq	.L90
 207:Core/Src/balance_car/raspi_link.c ****         return 0U;
 1161              		.loc 1 207 27 discriminator 1 view .LVU324
 1162 0024 1B78     		ldrb	r3, [r3]	@ zero_extendqisi2
 207:Core/Src/balance_car/raspi_link.c ****         return 0U;
 1163              		.loc 1 207 24 discriminator 1 view .LVU325
 1164 0026 43B9     		cbnz	r3, .L91
 210:Core/Src/balance_car/raspi_link.c ****     return 1U;
 1165              		.loc 1 210 5 is_stmt 1 view .LVU326
 210:Core/Src/balance_car/raspi_link.c ****     return 1U;
 1166              		.loc 1 210 12 is_stmt 0 view .LVU327
 1167 0028 2060     		str	r0, [r4]
 211:Core/Src/balance_car/raspi_link.c **** }
 1168              		.loc 1 211 5 is_stmt 1 view .LVU328
 211:Core/Src/balance_car/raspi_link.c **** }
 1169              		.loc 1 211 12 is_stmt 0 view .LVU329
 1170 002a 0120     		movs	r0, #1
 1171              	.LVL76:
 211:Core/Src/balance_car/raspi_link.c **** }
 1172              		.loc 1 211 12 view .LVU330
 1173 002c F0E7     		b	.L87
 1174              	.LVL77:
 1175              	.L88:
 1176              	.LCFI22:
 1177              		.cfi_def_cfa_offset 0
 1178              		.cfi_restore 4
ARM GAS  D:\TMP\ccDrhhFo.s 			page 35


 1179              		.cfi_restore 5
 1180              		.cfi_restore 14
 204:Core/Src/balance_car/raspi_link.c ****     }
 1181              		.loc 1 204 16 view .LVU331
 1182 002e 0020     		movs	r0, #0
 1183              	.LVL78:
 212:Core/Src/balance_car/raspi_link.c **** 
 1184              		.loc 1 212 1 view .LVU332
 1185 0030 7047     		bx	lr
 1186              	.LVL79:
 1187              	.L89:
 1188              	.LCFI23:
 1189              		.cfi_def_cfa_offset 24
 1190              		.cfi_offset 4, -12
 1191              		.cfi_offset 5, -8
 1192              		.cfi_offset 14, -4
 204:Core/Src/balance_car/raspi_link.c ****     }
 1193              		.loc 1 204 16 view .LVU333
 1194 0032 0020     		movs	r0, #0
 1195              	.LVL80:
 204:Core/Src/balance_car/raspi_link.c ****     }
 1196              		.loc 1 204 16 view .LVU334
 1197 0034 ECE7     		b	.L87
 1198              	.LVL81:
 1199              	.L90:
 208:Core/Src/balance_car/raspi_link.c ****     }
 1200              		.loc 1 208 16 view .LVU335
 1201 0036 0020     		movs	r0, #0
 1202              	.LVL82:
 208:Core/Src/balance_car/raspi_link.c ****     }
 1203              		.loc 1 208 16 view .LVU336
 1204 0038 EAE7     		b	.L87
 1205              	.LVL83:
 1206              	.L91:
 208:Core/Src/balance_car/raspi_link.c ****     }
 1207              		.loc 1 208 16 view .LVU337
 1208 003a 0020     		movs	r0, #0
 1209              	.LVL84:
 208:Core/Src/balance_car/raspi_link.c ****     }
 1210              		.loc 1 208 16 view .LVU338
 1211 003c E8E7     		b	.L87
 1212              		.cfi_endproc
 1213              	.LFE82:
 1215              		.section	.text.RaspiLink_ParseFloat,"ax",%progbits
 1216              		.align	1
 1217              		.syntax unified
 1218              		.thumb
 1219              		.thumb_func
 1221              	RaspiLink_ParseFloat:
 1222              	.LVL85:
 1223              	.LFB84:
 231:Core/Src/balance_car/raspi_link.c ****     char *endptr;
 1224              		.loc 1 231 1 is_stmt 1 view -0
 1225              		.cfi_startproc
 1226              		@ args = 0, pretend = 0, frame = 8
 1227              		@ frame_needed = 0, uses_anonymous_args = 0
 232:Core/Src/balance_car/raspi_link.c ****     float parsed;
ARM GAS  D:\TMP\ccDrhhFo.s 			page 36


 1228              		.loc 1 232 5 view .LVU340
 233:Core/Src/balance_car/raspi_link.c **** 
 1229              		.loc 1 233 5 view .LVU341
 235:Core/Src/balance_car/raspi_link.c ****         return 0U;
 1230              		.loc 1 235 5 view .LVU342
 235:Core/Src/balance_car/raspi_link.c ****         return 0U;
 1231              		.loc 1 235 8 is_stmt 0 view .LVU343
 1232 0000 A0B1     		cbz	r0, .L99
 231:Core/Src/balance_car/raspi_link.c ****     char *endptr;
 1233              		.loc 1 231 1 view .LVU344
 1234 0002 30B5     		push	{r4, r5, lr}
 1235              	.LCFI24:
 1236              		.cfi_def_cfa_offset 12
 1237              		.cfi_offset 4, -12
 1238              		.cfi_offset 5, -8
 1239              		.cfi_offset 14, -4
 1240 0004 83B0     		sub	sp, sp, #12
 1241              	.LCFI25:
 1242              		.cfi_def_cfa_offset 24
 1243 0006 0C46     		mov	r4, r1
 1244 0008 0546     		mov	r5, r0
 235:Core/Src/balance_car/raspi_link.c ****         return 0U;
 1245              		.loc 1 235 19 discriminator 1 view .LVU345
 1246 000a 89B1     		cbz	r1, .L100
 235:Core/Src/balance_car/raspi_link.c ****         return 0U;
 1247              		.loc 1 235 36 discriminator 2 view .LVU346
 1248 000c 0078     		ldrb	r0, [r0]	@ zero_extendqisi2
 1249              	.LVL86:
 235:Core/Src/balance_car/raspi_link.c ****         return 0U;
 1250              		.loc 1 235 33 discriminator 2 view .LVU347
 1251 000e 08B9     		cbnz	r0, .L107
 1252              	.LVL87:
 1253              	.L98:
 244:Core/Src/balance_car/raspi_link.c **** 
 1254              		.loc 1 244 1 view .LVU348
 1255 0010 03B0     		add	sp, sp, #12
 1256              	.LCFI26:
 1257              		.cfi_remember_state
 1258              		.cfi_def_cfa_offset 12
 1259              		@ sp needed
 1260 0012 30BD     		pop	{r4, r5, pc}
 1261              	.LVL88:
 1262              	.L107:
 1263              	.LCFI27:
 1264              		.cfi_restore_state
 238:Core/Src/balance_car/raspi_link.c ****     if (endptr == text || *endptr != '\0') {
 1265              		.loc 1 238 5 is_stmt 1 view .LVU349
 238:Core/Src/balance_car/raspi_link.c ****     if (endptr == text || *endptr != '\0') {
 1266              		.loc 1 238 14 is_stmt 0 view .LVU350
 1267 0014 01A9     		add	r1, sp, #4
 1268              	.LVL89:
 238:Core/Src/balance_car/raspi_link.c ****     if (endptr == text || *endptr != '\0') {
 1269              		.loc 1 238 14 view .LVU351
 1270 0016 2846     		mov	r0, r5
 1271 0018 FFF7FEFF 		bl	strtof
 1272              	.LVL90:
 239:Core/Src/balance_car/raspi_link.c ****         return 0U;
ARM GAS  D:\TMP\ccDrhhFo.s 			page 37


 1273              		.loc 1 239 5 is_stmt 1 view .LVU352
 239:Core/Src/balance_car/raspi_link.c ****         return 0U;
 1274              		.loc 1 239 16 is_stmt 0 view .LVU353
 1275 001c 019B     		ldr	r3, [sp, #4]
 239:Core/Src/balance_car/raspi_link.c ****         return 0U;
 1276              		.loc 1 239 8 view .LVU354
 1277 001e AB42     		cmp	r3, r5
 1278 0020 08D0     		beq	.L101
 239:Core/Src/balance_car/raspi_link.c ****         return 0U;
 1279              		.loc 1 239 27 discriminator 1 view .LVU355
 1280 0022 1B78     		ldrb	r3, [r3]	@ zero_extendqisi2
 239:Core/Src/balance_car/raspi_link.c ****         return 0U;
 1281              		.loc 1 239 24 discriminator 1 view .LVU356
 1282 0024 43B9     		cbnz	r3, .L102
 242:Core/Src/balance_car/raspi_link.c ****     return 1U;
 1283              		.loc 1 242 5 is_stmt 1 view .LVU357
 242:Core/Src/balance_car/raspi_link.c ****     return 1U;
 1284              		.loc 1 242 12 is_stmt 0 view .LVU358
 1285 0026 2060     		str	r0, [r4]	@ float
 243:Core/Src/balance_car/raspi_link.c **** }
 1286              		.loc 1 243 5 is_stmt 1 view .LVU359
 243:Core/Src/balance_car/raspi_link.c **** }
 1287              		.loc 1 243 12 is_stmt 0 view .LVU360
 1288 0028 0120     		movs	r0, #1
 1289              	.LVL91:
 243:Core/Src/balance_car/raspi_link.c **** }
 1290              		.loc 1 243 12 view .LVU361
 1291 002a F1E7     		b	.L98
 1292              	.LVL92:
 1293              	.L99:
 1294              	.LCFI28:
 1295              		.cfi_def_cfa_offset 0
 1296              		.cfi_restore 4
 1297              		.cfi_restore 5
 1298              		.cfi_restore 14
 236:Core/Src/balance_car/raspi_link.c ****     }
 1299              		.loc 1 236 16 view .LVU362
 1300 002c 0020     		movs	r0, #0
 1301              	.LVL93:
 244:Core/Src/balance_car/raspi_link.c **** 
 1302              		.loc 1 244 1 view .LVU363
 1303 002e 7047     		bx	lr
 1304              	.LVL94:
 1305              	.L100:
 1306              	.LCFI29:
 1307              		.cfi_def_cfa_offset 24
 1308              		.cfi_offset 4, -12
 1309              		.cfi_offset 5, -8
 1310              		.cfi_offset 14, -4
 236:Core/Src/balance_car/raspi_link.c ****     }
 1311              		.loc 1 236 16 view .LVU364
 1312 0030 0020     		movs	r0, #0
 1313              	.LVL95:
 236:Core/Src/balance_car/raspi_link.c ****     }
 1314              		.loc 1 236 16 view .LVU365
 1315 0032 EDE7     		b	.L98
 1316              	.LVL96:
ARM GAS  D:\TMP\ccDrhhFo.s 			page 38


 1317              	.L101:
 240:Core/Src/balance_car/raspi_link.c ****     }
 1318              		.loc 1 240 16 view .LVU366
 1319 0034 0020     		movs	r0, #0
 1320              	.LVL97:
 240:Core/Src/balance_car/raspi_link.c ****     }
 1321              		.loc 1 240 16 view .LVU367
 1322 0036 EBE7     		b	.L98
 1323              	.LVL98:
 1324              	.L102:
 240:Core/Src/balance_car/raspi_link.c ****     }
 1325              		.loc 1 240 16 view .LVU368
 1326 0038 0020     		movs	r0, #0
 1327              	.LVL99:
 240:Core/Src/balance_car/raspi_link.c ****     }
 1328              		.loc 1 240 16 view .LVU369
 1329 003a E9E7     		b	.L98
 1330              		.cfi_endproc
 1331              	.LFE84:
 1333              		.section	.rodata.RaspiLink_ProcessLine.str1.4,"aMS",%progbits,1
 1334              		.align	2
 1335              	.LC0:
 1336 0000 424200   		.ascii	"BB\000"
 1337              		.global	__aeabi_fcmple
 1338              		.global	__aeabi_fmul
 1339              		.global	__aeabi_fdiv
 1340              		.section	.text.RaspiLink_ProcessLine,"ax",%progbits
 1341              		.align	1
 1342              		.syntax unified
 1343              		.thumb
 1344              		.thumb_func
 1346              	RaspiLink_ProcessLine:
 1347              	.LVL100:
 1348              	.LFB86:
 254:Core/Src/balance_car/raspi_link.c ****     char *star;
 1349              		.loc 1 254 1 is_stmt 1 view -0
 1350              		.cfi_startproc
 1351              		@ args = 0, pretend = 0, frame = 64
 1352              		@ frame_needed = 0, uses_anonymous_args = 0
 255:Core/Src/balance_car/raspi_link.c ****     char *payload;
 1353              		.loc 1 255 5 view .LVU371
 256:Core/Src/balance_car/raspi_link.c ****     char *fields[6];
 1354              		.loc 1 256 5 view .LVU372
 257:Core/Src/balance_car/raspi_link.c ****     uint8_t field_count = 0U;
 1355              		.loc 1 257 5 view .LVU373
 258:Core/Src/balance_car/raspi_link.c ****     uint8_t actual_checksum = 0U;
 1356              		.loc 1 258 5 view .LVU374
 259:Core/Src/balance_car/raspi_link.c ****     uint8_t expected_checksum;
 1357              		.loc 1 259 5 view .LVU375
 260:Core/Src/balance_car/raspi_link.c ****     uint32_t seq;
 1358              		.loc 1 260 5 view .LVU376
 261:Core/Src/balance_car/raspi_link.c ****     uint8_t enable_motion;
 1359              		.loc 1 261 5 view .LVU377
 262:Core/Src/balance_car/raspi_link.c ****     uint8_t obstacle_stop;
 1360              		.loc 1 262 5 view .LVU378
 263:Core/Src/balance_car/raspi_link.c ****     float linear_x;
 1361              		.loc 1 263 5 view .LVU379
ARM GAS  D:\TMP\ccDrhhFo.s 			page 39


 264:Core/Src/balance_car/raspi_link.c ****     float angular_z;
 1362              		.loc 1 264 5 view .LVU380
 265:Core/Src/balance_car/raspi_link.c ****     float wheel_radius_m;
 1363              		.loc 1 265 5 view .LVU381
 266:Core/Src/balance_car/raspi_link.c ****     float speed_target_rps;
 1364              		.loc 1 266 5 view .LVU382
 267:Core/Src/balance_car/raspi_link.c ****     char *cursor;
 1365              		.loc 1 267 5 view .LVU383
 268:Core/Src/balance_car/raspi_link.c **** 
 1366              		.loc 1 268 5 view .LVU384
 270:Core/Src/balance_car/raspi_link.c ****         return;
 1367              		.loc 1 270 5 view .LVU385
 270:Core/Src/balance_car/raspi_link.c ****         return;
 1368              		.loc 1 270 13 is_stmt 0 view .LVU386
 1369 0000 0378     		ldrb	r3, [r0]	@ zero_extendqisi2
 270:Core/Src/balance_car/raspi_link.c ****         return;
 1370              		.loc 1 270 8 view .LVU387
 1371 0002 03B9     		cbnz	r3, .L132
 1372 0004 7047     		bx	lr
 1373              	.L132:
 254:Core/Src/balance_car/raspi_link.c ****     char *star;
 1374              		.loc 1 254 1 view .LVU388
 1375 0006 30B5     		push	{r4, r5, lr}
 1376              	.LCFI30:
 1377              		.cfi_def_cfa_offset 12
 1378              		.cfi_offset 4, -12
 1379              		.cfi_offset 5, -8
 1380              		.cfi_offset 14, -4
 1381 0008 91B0     		sub	sp, sp, #68
 1382              	.LCFI31:
 1383              		.cfi_def_cfa_offset 80
 1384 000a 0446     		mov	r4, r0
 274:Core/Src/balance_car/raspi_link.c ****     g_raspi_link_state.last_frame[sizeof(g_raspi_link_state.last_frame) - 1U] = '\0';
 1385              		.loc 1 274 5 is_stmt 1 view .LVU389
 1386 000c 664D     		ldr	r5, .L140
 1387 000e 4F22     		movs	r2, #79
 1388 0010 0146     		mov	r1, r0
 1389 0012 2846     		mov	r0, r5
 1390              	.LVL101:
 274:Core/Src/balance_car/raspi_link.c ****     g_raspi_link_state.last_frame[sizeof(g_raspi_link_state.last_frame) - 1U] = '\0';
 1391              		.loc 1 274 5 is_stmt 0 view .LVU390
 1392 0014 FFF7FEFF 		bl	strncpy
 1393              	.LVL102:
 275:Core/Src/balance_car/raspi_link.c **** 
 1394              		.loc 1 275 5 is_stmt 1 view .LVU391
 275:Core/Src/balance_car/raspi_link.c **** 
 1395              		.loc 1 275 79 is_stmt 0 view .LVU392
 1396 0018 0023     		movs	r3, #0
 1397 001a 85F84F30 		strb	r3, [r5, #79]
 277:Core/Src/balance_car/raspi_link.c ****         return;
 1398              		.loc 1 277 5 is_stmt 1 view .LVU393
 277:Core/Src/balance_car/raspi_link.c ****         return;
 1399              		.loc 1 277 27 is_stmt 0 view .LVU394
 1400 001e 634B     		ldr	r3, .L140+4
 1401 0020 1B78     		ldrb	r3, [r3]	@ zero_extendqisi2
 277:Core/Src/balance_car/raspi_link.c ****         return;
 1402              		.loc 1 277 8 view .LVU395
ARM GAS  D:\TMP\ccDrhhFo.s 			page 40


 1403 0022 B3B1     		cbz	r3, .L108
 280:Core/Src/balance_car/raspi_link.c ****         RaspiLink_MarkInvalid(RASPI_LINK_FAULT_BAD_FRAME);
 1404              		.loc 1 280 5 is_stmt 1 view .LVU396
 280:Core/Src/balance_car/raspi_link.c ****         RaspiLink_MarkInvalid(RASPI_LINK_FAULT_BAD_FRAME);
 1405              		.loc 1 280 13 is_stmt 0 view .LVU397
 1406 0024 2378     		ldrb	r3, [r4]	@ zero_extendqisi2
 280:Core/Src/balance_car/raspi_link.c ****         RaspiLink_MarkInvalid(RASPI_LINK_FAULT_BAD_FRAME);
 1407              		.loc 1 280 8 view .LVU398
 1408 0026 242B     		cmp	r3, #36
 1409 0028 10D1     		bne	.L133
 285:Core/Src/balance_car/raspi_link.c ****     if (star == 0) {
 1410              		.loc 1 285 5 is_stmt 1 view .LVU399
 285:Core/Src/balance_car/raspi_link.c ****     if (star == 0) {
 1411              		.loc 1 285 12 is_stmt 0 view .LVU400
 1412 002a 2A21     		movs	r1, #42
 1413 002c 2046     		mov	r0, r4
 1414 002e FFF7FEFF 		bl	strchr
 1415              	.LVL103:
 286:Core/Src/balance_car/raspi_link.c ****         RaspiLink_MarkInvalid(RASPI_LINK_FAULT_BAD_FRAME);
 1416              		.loc 1 286 5 is_stmt 1 view .LVU401
 286:Core/Src/balance_car/raspi_link.c ****         RaspiLink_MarkInvalid(RASPI_LINK_FAULT_BAD_FRAME);
 1417              		.loc 1 286 8 is_stmt 0 view .LVU402
 1418 0032 80B1     		cbz	r0, .L134
 290:Core/Src/balance_car/raspi_link.c ****     if (RaspiLink_ParseChecksum(star + 1, &expected_checksum) == 0U) {
 1419              		.loc 1 290 5 is_stmt 1 view .LVU403
 290:Core/Src/balance_car/raspi_link.c ****     if (RaspiLink_ParseChecksum(star + 1, &expected_checksum) == 0U) {
 1420              		.loc 1 290 11 is_stmt 0 view .LVU404
 1421 0034 0023     		movs	r3, #0
 1422 0036 00F8013B 		strb	r3, [r0], #1
 1423              	.LVL104:
 291:Core/Src/balance_car/raspi_link.c ****         RaspiLink_MarkInvalid(RASPI_LINK_FAULT_BAD_FRAME);
 1424              		.loc 1 291 5 is_stmt 1 view .LVU405
 291:Core/Src/balance_car/raspi_link.c ****         RaspiLink_MarkInvalid(RASPI_LINK_FAULT_BAD_FRAME);
 1425              		.loc 1 291 9 is_stmt 0 view .LVU406
 1426 003a 0DF12701 		add	r1, sp, #39
 1427 003e FFF7FEFF 		bl	RaspiLink_ParseChecksum
 1428              	.LVL105:
 291:Core/Src/balance_car/raspi_link.c ****         RaspiLink_MarkInvalid(RASPI_LINK_FAULT_BAD_FRAME);
 1429              		.loc 1 291 8 discriminator 1 view .LVU407
 1430 0042 60B1     		cbz	r0, .L135
 296:Core/Src/balance_car/raspi_link.c ****         actual_checksum ^= (uint8_t)(*cursor);
 1431              		.loc 1 296 5 is_stmt 1 view .LVU408
 296:Core/Src/balance_car/raspi_link.c ****         actual_checksum ^= (uint8_t)(*cursor);
 1432              		.loc 1 296 17 is_stmt 0 view .LVU409
 1433 0044 0134     		adds	r4, r4, #1
 1434              	.LVL106:
 296:Core/Src/balance_car/raspi_link.c ****         actual_checksum ^= (uint8_t)(*cursor);
 1435              		.loc 1 296 17 view .LVU410
 1436 0046 2246     		mov	r2, r4
 259:Core/Src/balance_car/raspi_link.c ****     uint8_t expected_checksum;
 1437              		.loc 1 259 13 view .LVU411
 1438 0048 0021     		movs	r1, #0
 296:Core/Src/balance_car/raspi_link.c ****         actual_checksum ^= (uint8_t)(*cursor);
 1439              		.loc 1 296 5 view .LVU412
 1440 004a 0EE0     		b	.L113
 1441              	.LVL107:
 1442              	.L133:
ARM GAS  D:\TMP\ccDrhhFo.s 			page 41


 281:Core/Src/balance_car/raspi_link.c ****         return;
 1443              		.loc 1 281 9 is_stmt 1 view .LVU413
 1444 004c 0820     		movs	r0, #8
 1445 004e FFF7FEFF 		bl	RaspiLink_MarkInvalid
 1446              	.LVL108:
 282:Core/Src/balance_car/raspi_link.c ****     }
 1447              		.loc 1 282 9 view .LVU414
 1448              	.L108:
 362:Core/Src/balance_car/raspi_link.c **** 
 1449              		.loc 1 362 1 is_stmt 0 view .LVU415
 1450 0052 11B0     		add	sp, sp, #68
 1451              	.LCFI32:
 1452              		.cfi_remember_state
 1453              		.cfi_def_cfa_offset 12
 1454              		@ sp needed
 1455 0054 30BD     		pop	{r4, r5, pc}
 1456              	.LVL109:
 1457              	.L134:
 1458              	.LCFI33:
 1459              		.cfi_restore_state
 287:Core/Src/balance_car/raspi_link.c ****         return;
 1460              		.loc 1 287 9 is_stmt 1 view .LVU416
 1461 0056 0820     		movs	r0, #8
 1462              	.LVL110:
 287:Core/Src/balance_car/raspi_link.c ****         return;
 1463              		.loc 1 287 9 is_stmt 0 view .LVU417
 1464 0058 FFF7FEFF 		bl	RaspiLink_MarkInvalid
 1465              	.LVL111:
 288:Core/Src/balance_car/raspi_link.c ****     }
 1466              		.loc 1 288 9 is_stmt 1 view .LVU418
 1467 005c F9E7     		b	.L108
 1468              	.L135:
 292:Core/Src/balance_car/raspi_link.c ****         return;
 1469              		.loc 1 292 9 view .LVU419
 1470 005e 0820     		movs	r0, #8
 1471 0060 FFF7FEFF 		bl	RaspiLink_MarkInvalid
 1472              	.LVL112:
 293:Core/Src/balance_car/raspi_link.c ****     }
 1473              		.loc 1 293 9 view .LVU420
 1474 0064 F5E7     		b	.L108
 1475              	.LVL113:
 1476              	.L114:
 297:Core/Src/balance_car/raspi_link.c ****     }
 1477              		.loc 1 297 9 view .LVU421
 297:Core/Src/balance_car/raspi_link.c ****     }
 1478              		.loc 1 297 25 is_stmt 0 view .LVU422
 1479 0066 5940     		eors	r1, r1, r3
 1480              	.LVL114:
 296:Core/Src/balance_car/raspi_link.c ****         actual_checksum ^= (uint8_t)(*cursor);
 1481              		.loc 1 296 52 is_stmt 1 discriminator 3 view .LVU423
 1482 0068 0132     		adds	r2, r2, #1
 1483              	.LVL115:
 1484              	.L113:
 296:Core/Src/balance_car/raspi_link.c ****         actual_checksum ^= (uint8_t)(*cursor);
 1485              		.loc 1 296 37 discriminator 1 view .LVU424
 296:Core/Src/balance_car/raspi_link.c ****         actual_checksum ^= (uint8_t)(*cursor);
 1486              		.loc 1 296 29 is_stmt 0 discriminator 1 view .LVU425
ARM GAS  D:\TMP\ccDrhhFo.s 			page 42


 1487 006a 1378     		ldrb	r3, [r2]	@ zero_extendqisi2
 296:Core/Src/balance_car/raspi_link.c ****         actual_checksum ^= (uint8_t)(*cursor);
 1488              		.loc 1 296 37 discriminator 1 view .LVU426
 1489 006c 002B     		cmp	r3, #0
 1490 006e FAD1     		bne	.L114
 299:Core/Src/balance_car/raspi_link.c ****         g_raspi_link_state.checksum_error_count++;
 1491              		.loc 1 299 5 is_stmt 1 view .LVU427
 299:Core/Src/balance_car/raspi_link.c ****         g_raspi_link_state.checksum_error_count++;
 1492              		.loc 1 299 25 is_stmt 0 view .LVU428
 1493 0070 9DF82720 		ldrb	r2, [sp, #39]	@ zero_extendqisi2
 1494              	.LVL116:
 299:Core/Src/balance_car/raspi_link.c ****         g_raspi_link_state.checksum_error_count++;
 1495              		.loc 1 299 8 view .LVU429
 1496 0074 8A42     		cmp	r2, r1
 1497 0076 13D1     		bne	.L136
 1498              	.LVL117:
 1499              	.L115:
 307:Core/Src/balance_car/raspi_link.c ****         fields[field_count++] = cursor;
 1500              		.loc 1 307 24 is_stmt 1 view .LVU430
 1501 0078 052B     		cmp	r3, #5
 1502 007a 1AD8     		bhi	.L116
 308:Core/Src/balance_car/raspi_link.c ****         cursor = strchr(cursor, ',');
 1503              		.loc 1 308 9 view .LVU431
 308:Core/Src/balance_car/raspi_link.c ****         cursor = strchr(cursor, ',');
 1504              		.loc 1 308 27 is_stmt 0 view .LVU432
 1505 007c 5D1C     		adds	r5, r3, #1
 1506 007e EDB2     		uxtb	r5, r5
 1507              	.LVL118:
 308:Core/Src/balance_car/raspi_link.c ****         cursor = strchr(cursor, ',');
 1508              		.loc 1 308 31 view .LVU433
 1509 0080 10AA     		add	r2, sp, #64
 1510 0082 02EB8303 		add	r3, r2, r3, lsl #2
 1511 0086 43F8184C 		str	r4, [r3, #-24]
 309:Core/Src/balance_car/raspi_link.c ****         if (cursor == 0) {
 1512              		.loc 1 309 9 is_stmt 1 view .LVU434
 309:Core/Src/balance_car/raspi_link.c ****         if (cursor == 0) {
 1513              		.loc 1 309 18 is_stmt 0 view .LVU435
 1514 008a 2C21     		movs	r1, #44
 1515 008c 2046     		mov	r0, r4
 1516 008e FFF7FEFF 		bl	strchr
 1517              	.LVL119:
 310:Core/Src/balance_car/raspi_link.c ****             break;
 1518              		.loc 1 310 9 is_stmt 1 view .LVU436
 310:Core/Src/balance_car/raspi_link.c ****             break;
 1519              		.loc 1 310 12 is_stmt 0 view .LVU437
 1520 0092 0446     		mov	r4, r0
 1521 0094 60B1     		cbz	r0, .L126
 313:Core/Src/balance_car/raspi_link.c ****         cursor++;
 1522              		.loc 1 313 9 is_stmt 1 view .LVU438
 313:Core/Src/balance_car/raspi_link.c ****         cursor++;
 1523              		.loc 1 313 17 is_stmt 0 view .LVU439
 1524 0096 0023     		movs	r3, #0
 1525 0098 04F8013B 		strb	r3, [r4], #1
 314:Core/Src/balance_car/raspi_link.c ****     }
 1526              		.loc 1 314 9 is_stmt 1 view .LVU440
 1527              	.LVL120:
 308:Core/Src/balance_car/raspi_link.c ****         cursor = strchr(cursor, ',');
ARM GAS  D:\TMP\ccDrhhFo.s 			page 43


 1528              		.loc 1 308 27 is_stmt 0 view .LVU441
 1529 009c 2B46     		mov	r3, r5
 1530 009e EBE7     		b	.L115
 1531              	.LVL121:
 1532              	.L136:
 300:Core/Src/balance_car/raspi_link.c ****         RaspiLink_MarkInvalid(RASPI_LINK_FAULT_CHECKSUM);
 1533              		.loc 1 300 9 is_stmt 1 view .LVU442
 300:Core/Src/balance_car/raspi_link.c ****         RaspiLink_MarkInvalid(RASPI_LINK_FAULT_CHECKSUM);
 1534              		.loc 1 300 27 is_stmt 0 view .LVU443
 1535 00a0 434A     		ldr	r2, .L140+8
 1536 00a2 D369     		ldr	r3, [r2, #28]
 300:Core/Src/balance_car/raspi_link.c ****         RaspiLink_MarkInvalid(RASPI_LINK_FAULT_CHECKSUM);
 1537              		.loc 1 300 48 view .LVU444
 1538 00a4 0133     		adds	r3, r3, #1
 1539 00a6 D361     		str	r3, [r2, #28]
 301:Core/Src/balance_car/raspi_link.c ****         return;
 1540              		.loc 1 301 9 is_stmt 1 view .LVU445
 1541 00a8 1020     		movs	r0, #16
 1542 00aa FFF7FEFF 		bl	RaspiLink_MarkInvalid
 1543              	.LVL122:
 302:Core/Src/balance_car/raspi_link.c ****     }
 1544              		.loc 1 302 9 view .LVU446
 1545 00ae D0E7     		b	.L108
 1546              	.LVL123:
 1547              	.L126:
 308:Core/Src/balance_car/raspi_link.c ****         cursor = strchr(cursor, ',');
 1548              		.loc 1 308 27 is_stmt 0 view .LVU447
 1549 00b0 2B46     		mov	r3, r5
 1550              	.LVL124:
 1551              	.L116:
 317:Core/Src/balance_car/raspi_link.c ****         RaspiLink_MarkInvalid(RASPI_LINK_FAULT_BAD_FRAME);
 1552              		.loc 1 317 5 is_stmt 1 view .LVU448
 317:Core/Src/balance_car/raspi_link.c ****         RaspiLink_MarkInvalid(RASPI_LINK_FAULT_BAD_FRAME);
 1553              		.loc 1 317 8 is_stmt 0 view .LVU449
 1554 00b2 062B     		cmp	r3, #6
 1555 00b4 00D1     		bne	.L118
 317:Core/Src/balance_car/raspi_link.c ****         RaspiLink_MarkInvalid(RASPI_LINK_FAULT_BAD_FRAME);
 1556              		.loc 1 317 27 discriminator 1 view .LVU450
 1557 00b6 1CB1     		cbz	r4, .L137
 1558              	.LVL125:
 1559              	.L118:
 318:Core/Src/balance_car/raspi_link.c ****         return;
 1560              		.loc 1 318 9 is_stmt 1 view .LVU451
 1561 00b8 0820     		movs	r0, #8
 1562 00ba FFF7FEFF 		bl	RaspiLink_MarkInvalid
 1563              	.LVL126:
 319:Core/Src/balance_car/raspi_link.c ****     }
 1564              		.loc 1 319 9 view .LVU452
 1565 00be C8E7     		b	.L108
 1566              	.LVL127:
 1567              	.L137:
 317:Core/Src/balance_car/raspi_link.c ****         RaspiLink_MarkInvalid(RASPI_LINK_FAULT_BAD_FRAME);
 1568              		.loc 1 317 45 is_stmt 0 discriminator 2 view .LVU453
 1569 00c0 3C49     		ldr	r1, .L140+12
 1570 00c2 0A98     		ldr	r0, [sp, #40]
 1571 00c4 FFF7FEFF 		bl	strcmp
 1572              	.LVL128:
ARM GAS  D:\TMP\ccDrhhFo.s 			page 44


 317:Core/Src/balance_car/raspi_link.c ****         RaspiLink_MarkInvalid(RASPI_LINK_FAULT_BAD_FRAME);
 1573              		.loc 1 317 42 discriminator 1 view .LVU454
 1574 00c8 0028     		cmp	r0, #0
 1575 00ca F5D1     		bne	.L118
 321:Core/Src/balance_car/raspi_link.c ****         RaspiLink_ParseFlag(fields[2], &enable_motion) == 0U ||
 1576              		.loc 1 321 5 is_stmt 1 view .LVU455
 321:Core/Src/balance_car/raspi_link.c ****         RaspiLink_ParseFlag(fields[2], &enable_motion) == 0U ||
 1577              		.loc 1 321 9 is_stmt 0 view .LVU456
 1578 00cc 08A9     		add	r1, sp, #32
 1579 00ce 0B98     		ldr	r0, [sp, #44]
 1580 00d0 FFF7FEFF 		bl	RaspiLink_ParseUint32
 1581              	.LVL129:
 321:Core/Src/balance_car/raspi_link.c ****         RaspiLink_ParseFlag(fields[2], &enable_motion) == 0U ||
 1582              		.loc 1 321 8 discriminator 1 view .LVU457
 1583 00d4 28B1     		cbz	r0, .L120
 322:Core/Src/balance_car/raspi_link.c ****         RaspiLink_ParseFlag(fields[3], &obstacle_stop) == 0U ||
 1584              		.loc 1 322 9 view .LVU458
 1585 00d6 0DF11F01 		add	r1, sp, #31
 1586 00da 0C98     		ldr	r0, [sp, #48]
 1587 00dc FFF7FEFF 		bl	RaspiLink_ParseFlag
 1588              	.LVL130:
 321:Core/Src/balance_car/raspi_link.c ****         RaspiLink_ParseFlag(fields[2], &enable_motion) == 0U ||
 1589              		.loc 1 321 54 discriminator 1 view .LVU459
 1590 00e0 18B9     		cbnz	r0, .L138
 1591              	.L120:
 326:Core/Src/balance_car/raspi_link.c ****         return;
 1592              		.loc 1 326 9 is_stmt 1 view .LVU460
 1593 00e2 0820     		movs	r0, #8
 1594 00e4 FFF7FEFF 		bl	RaspiLink_MarkInvalid
 1595              	.LVL131:
 327:Core/Src/balance_car/raspi_link.c ****     }
 1596              		.loc 1 327 9 view .LVU461
 1597 00e8 B3E7     		b	.L108
 1598              	.L138:
 323:Core/Src/balance_car/raspi_link.c ****         RaspiLink_ParseFloat(fields[4], &linear_x) == 0U ||
 1599              		.loc 1 323 9 is_stmt 0 view .LVU462
 1600 00ea 0DF11E01 		add	r1, sp, #30
 1601 00ee 0D98     		ldr	r0, [sp, #52]
 1602 00f0 FFF7FEFF 		bl	RaspiLink_ParseFlag
 1603              	.LVL132:
 322:Core/Src/balance_car/raspi_link.c ****         RaspiLink_ParseFlag(fields[3], &obstacle_stop) == 0U ||
 1604              		.loc 1 322 62 view .LVU463
 1605 00f4 0028     		cmp	r0, #0
 1606 00f6 F4D0     		beq	.L120
 324:Core/Src/balance_car/raspi_link.c ****         RaspiLink_ParseFloat(fields[5], &angular_z) == 0U) {
 1607              		.loc 1 324 9 view .LVU464
 1608 00f8 06A9     		add	r1, sp, #24
 1609 00fa 0E98     		ldr	r0, [sp, #56]
 1610 00fc FFF7FEFF 		bl	RaspiLink_ParseFloat
 1611              	.LVL133:
 323:Core/Src/balance_car/raspi_link.c ****         RaspiLink_ParseFloat(fields[4], &linear_x) == 0U ||
 1612              		.loc 1 323 62 view .LVU465
 1613 0100 0028     		cmp	r0, #0
 1614 0102 EED0     		beq	.L120
 325:Core/Src/balance_car/raspi_link.c ****         RaspiLink_MarkInvalid(RASPI_LINK_FAULT_BAD_FRAME);
 1615              		.loc 1 325 9 view .LVU466
 1616 0104 05A9     		add	r1, sp, #20
ARM GAS  D:\TMP\ccDrhhFo.s 			page 45


 1617 0106 0F98     		ldr	r0, [sp, #60]
 1618 0108 FFF7FEFF 		bl	RaspiLink_ParseFloat
 1619              	.LVL134:
 324:Core/Src/balance_car/raspi_link.c ****         RaspiLink_ParseFloat(fields[5], &angular_z) == 0U) {
 1620              		.loc 1 324 58 view .LVU467
 1621 010c 0028     		cmp	r0, #0
 1622 010e E8D0     		beq	.L120
 330:Core/Src/balance_car/raspi_link.c ****     angular_z = RaspiLink_Clamp(angular_z, g_raspi_link_debug.turn_limit);
 1623              		.loc 1 330 5 is_stmt 1 view .LVU468
 330:Core/Src/balance_car/raspi_link.c ****     angular_z = RaspiLink_Clamp(angular_z, g_raspi_link_debug.turn_limit);
 1624              		.loc 1 330 60 is_stmt 0 view .LVU469
 1625 0110 264D     		ldr	r5, .L140+4
 1626 0112 A968     		ldr	r1, [r5, #8]	@ float
 330:Core/Src/balance_car/raspi_link.c ****     angular_z = RaspiLink_Clamp(angular_z, g_raspi_link_debug.turn_limit);
 1627              		.loc 1 330 16 view .LVU470
 1628 0114 0698     		ldr	r0, [sp, #24]	@ float
 1629 0116 FFF7FEFF 		bl	RaspiLink_Clamp
 1630              	.LVL135:
 1631 011a 0446     		mov	r4, r0
 1632              	.LVL136:
 330:Core/Src/balance_car/raspi_link.c ****     angular_z = RaspiLink_Clamp(angular_z, g_raspi_link_debug.turn_limit);
 1633              		.loc 1 330 14 discriminator 1 view .LVU471
 1634 011c 0690     		str	r0, [sp, #24]	@ float
 331:Core/Src/balance_car/raspi_link.c ****     wheel_radius_m = g_raspi_link_debug.wheel_radius_m;
 1635              		.loc 1 331 5 is_stmt 1 view .LVU472
 331:Core/Src/balance_car/raspi_link.c ****     wheel_radius_m = g_raspi_link_debug.wheel_radius_m;
 1636              		.loc 1 331 62 is_stmt 0 view .LVU473
 1637 011e E968     		ldr	r1, [r5, #12]	@ float
 331:Core/Src/balance_car/raspi_link.c ****     wheel_radius_m = g_raspi_link_debug.wheel_radius_m;
 1638              		.loc 1 331 17 view .LVU474
 1639 0120 0598     		ldr	r0, [sp, #20]	@ float
 1640 0122 FFF7FEFF 		bl	RaspiLink_Clamp
 1641              	.LVL137:
 331:Core/Src/balance_car/raspi_link.c ****     wheel_radius_m = g_raspi_link_debug.wheel_radius_m;
 1642              		.loc 1 331 15 discriminator 1 view .LVU475
 1643 0126 0590     		str	r0, [sp, #20]	@ float
 332:Core/Src/balance_car/raspi_link.c ****     if (wheel_radius_m <= 0.0f) {
 1644              		.loc 1 332 5 is_stmt 1 view .LVU476
 332:Core/Src/balance_car/raspi_link.c ****     if (wheel_radius_m <= 0.0f) {
 1645              		.loc 1 332 20 is_stmt 0 view .LVU477
 1646 0128 2D69     		ldr	r5, [r5, #16]	@ float
 1647              	.LVL138:
 333:Core/Src/balance_car/raspi_link.c ****         wheel_radius_m = 0.0325f;
 1648              		.loc 1 333 5 is_stmt 1 view .LVU478
 333:Core/Src/balance_car/raspi_link.c ****         wheel_radius_m = 0.0325f;
 1649              		.loc 1 333 8 is_stmt 0 view .LVU479
 1650 012a 0021     		movs	r1, #0
 1651 012c 2846     		mov	r0, r5
 1652 012e FFF7FEFF 		bl	__aeabi_fcmple
 1653              	.LVL139:
 1654 0132 20BB     		cbnz	r0, .L139
 1655              	.LVL140:
 1656              	.L122:
 336:Core/Src/balance_car/raspi_link.c **** 
 1657              		.loc 1 336 5 is_stmt 1 view .LVU480
 336:Core/Src/balance_car/raspi_link.c **** 
 1658              		.loc 1 336 54 is_stmt 0 view .LVU481
ARM GAS  D:\TMP\ccDrhhFo.s 			page 46


 1659 0134 2049     		ldr	r1, .L140+16
 1660 0136 2846     		mov	r0, r5
 1661 0138 FFF7FEFF 		bl	__aeabi_fmul
 1662              	.LVL141:
 1663 013c 0146     		mov	r1, r0
 336:Core/Src/balance_car/raspi_link.c **** 
 1664              		.loc 1 336 22 view .LVU482
 1665 013e 2046     		mov	r0, r4
 1666 0140 FFF7FEFF 		bl	__aeabi_fdiv
 1667              	.LVL142:
 1668 0144 0546     		mov	r5, r0
 1669              	.LVL143:
 338:Core/Src/balance_car/raspi_link.c ****     g_raspi_link_state.parser_error = 0U;
 1670              		.loc 1 338 5 is_stmt 1 view .LVU483
 338:Core/Src/balance_car/raspi_link.c ****     g_raspi_link_state.parser_error = 0U;
 1671              		.loc 1 338 23 is_stmt 0 view .LVU484
 1672 0146 1A4C     		ldr	r4, .L140+8
 1673 0148 6369     		ldr	r3, [r4, #20]
 338:Core/Src/balance_car/raspi_link.c ****     g_raspi_link_state.parser_error = 0U;
 1674              		.loc 1 338 41 view .LVU485
 1675 014a 0133     		adds	r3, r3, #1
 1676 014c 6361     		str	r3, [r4, #20]
 339:Core/Src/balance_car/raspi_link.c ****     g_raspi_link_state.link_active = 1U;
 1677              		.loc 1 339 5 is_stmt 1 view .LVU486
 339:Core/Src/balance_car/raspi_link.c ****     g_raspi_link_state.link_active = 1U;
 1678              		.loc 1 339 37 is_stmt 0 view .LVU487
 1679 014e 0023     		movs	r3, #0
 1680 0150 A370     		strb	r3, [r4, #2]
 340:Core/Src/balance_car/raspi_link.c ****     g_raspi_link_state.last_rx_ms = HAL_GetTick();
 1681              		.loc 1 340 5 is_stmt 1 view .LVU488
 340:Core/Src/balance_car/raspi_link.c ****     g_raspi_link_state.last_rx_ms = HAL_GetTick();
 1682              		.loc 1 340 36 is_stmt 0 view .LVU489
 1683 0152 0123     		movs	r3, #1
 1684 0154 2370     		strb	r3, [r4]
 341:Core/Src/balance_car/raspi_link.c ****     g_raspi_link_state.last_seq = seq;
 1685              		.loc 1 341 5 is_stmt 1 view .LVU490
 341:Core/Src/balance_car/raspi_link.c ****     g_raspi_link_state.last_seq = seq;
 1686              		.loc 1 341 37 is_stmt 0 view .LVU491
 1687 0156 FFF7FEFF 		bl	HAL_GetTick
 1688              	.LVL144:
 341:Core/Src/balance_car/raspi_link.c ****     g_raspi_link_state.last_seq = seq;
 1689              		.loc 1 341 35 discriminator 1 view .LVU492
 1690 015a A062     		str	r0, [r4, #40]
 342:Core/Src/balance_car/raspi_link.c ****     g_raspi_link_state.obstacle_stop = obstacle_stop;
 1691              		.loc 1 342 5 is_stmt 1 view .LVU493
 342:Core/Src/balance_car/raspi_link.c ****     g_raspi_link_state.obstacle_stop = obstacle_stop;
 1692              		.loc 1 342 33 is_stmt 0 view .LVU494
 1693 015c 089B     		ldr	r3, [sp, #32]
 1694 015e 2363     		str	r3, [r4, #48]
 343:Core/Src/balance_car/raspi_link.c ****     g_raspi_link_state.linear_x_cmd = linear_x;
 1695              		.loc 1 343 5 is_stmt 1 view .LVU495
 343:Core/Src/balance_car/raspi_link.c ****     g_raspi_link_state.linear_x_cmd = linear_x;
 1696              		.loc 1 343 38 is_stmt 0 view .LVU496
 1697 0160 9DF81E30 		ldrb	r3, [sp, #30]	@ zero_extendqisi2
 1698 0164 E370     		strb	r3, [r4, #3]
 344:Core/Src/balance_car/raspi_link.c ****     g_raspi_link_state.angular_z_cmd = angular_z;
 1699              		.loc 1 344 5 is_stmt 1 view .LVU497
ARM GAS  D:\TMP\ccDrhhFo.s 			page 47


 344:Core/Src/balance_car/raspi_link.c ****     g_raspi_link_state.angular_z_cmd = angular_z;
 1700              		.loc 1 344 37 is_stmt 0 view .LVU498
 1701 0166 069A     		ldr	r2, [sp, #24]	@ float
 1702 0168 E263     		str	r2, [r4, #60]	@ float
 345:Core/Src/balance_car/raspi_link.c ****     g_raspi_link_state.speed_target_rps = speed_target_rps;
 1703              		.loc 1 345 5 is_stmt 1 view .LVU499
 345:Core/Src/balance_car/raspi_link.c ****     g_raspi_link_state.speed_target_rps = speed_target_rps;
 1704              		.loc 1 345 38 is_stmt 0 view .LVU500
 1705 016a 059A     		ldr	r2, [sp, #20]	@ float
 1706 016c 2264     		str	r2, [r4, #64]	@ float
 346:Core/Src/balance_car/raspi_link.c **** 
 1707              		.loc 1 346 5 is_stmt 1 view .LVU501
 346:Core/Src/balance_car/raspi_link.c **** 
 1708              		.loc 1 346 41 is_stmt 0 view .LVU502
 1709 016e 6564     		str	r5, [r4, #68]	@ float
 348:Core/Src/balance_car/raspi_link.c ****         RaspiLink_StopMotion();
 1710              		.loc 1 348 5 is_stmt 1 view .LVU503
 348:Core/Src/balance_car/raspi_link.c ****         RaspiLink_StopMotion();
 1711              		.loc 1 348 8 is_stmt 0 view .LVU504
 1712 0170 13B9     		cbnz	r3, .L123
 348:Core/Src/balance_car/raspi_link.c ****         RaspiLink_StopMotion();
 1713              		.loc 1 348 46 discriminator 1 view .LVU505
 1714 0172 9DF81F30 		ldrb	r3, [sp, #31]	@ zero_extendqisi2
 348:Core/Src/balance_car/raspi_link.c ****         RaspiLink_StopMotion();
 1715              		.loc 1 348 29 discriminator 1 view .LVU506
 1716 0176 23B9     		cbnz	r3, .L124
 1717              	.L123:
 349:Core/Src/balance_car/raspi_link.c ****         return;
 1718              		.loc 1 349 9 is_stmt 1 view .LVU507
 1719 0178 FFF7FEFF 		bl	RaspiLink_StopMotion
 1720              	.LVL145:
 350:Core/Src/balance_car/raspi_link.c ****     }
 1721              		.loc 1 350 9 view .LVU508
 1722 017c 69E7     		b	.L108
 1723              	.LVL146:
 1724              	.L139:
 334:Core/Src/balance_car/raspi_link.c ****     }
 1725              		.loc 1 334 24 is_stmt 0 view .LVU509
 1726 017e 0F4D     		ldr	r5, .L140+20
 1727              	.LVL147:
 334:Core/Src/balance_car/raspi_link.c ****     }
 1728              		.loc 1 334 24 view .LVU510
 1729 0180 D8E7     		b	.L122
 1730              	.LVL148:
 1731              	.L124:
 353:Core/Src/balance_car/raspi_link.c ****     command.source = APP_CMD_SOURCE_RASPI;
 1732              		.loc 1 353 5 is_stmt 1 view .LVU511
 354:Core/Src/balance_car/raspi_link.c ****     command.run_valid = 0U;
 1733              		.loc 1 354 5 view .LVU512
 354:Core/Src/balance_car/raspi_link.c ****     command.run_valid = 0U;
 1734              		.loc 1 354 20 is_stmt 0 view .LVU513
 1735 0182 0223     		movs	r3, #2
 1736 0184 8DF80430 		strb	r3, [sp, #4]
 355:Core/Src/balance_car/raspi_link.c ****     command.run_enable = 1U;
 1737              		.loc 1 355 5 is_stmt 1 view .LVU514
 355:Core/Src/balance_car/raspi_link.c ****     command.run_enable = 1U;
 1738              		.loc 1 355 23 is_stmt 0 view .LVU515
ARM GAS  D:\TMP\ccDrhhFo.s 			page 48


 1739 0188 0023     		movs	r3, #0
 1740 018a 8DF80530 		strb	r3, [sp, #5]
 356:Core/Src/balance_car/raspi_link.c ****     command.reset_pid = 0U;
 1741              		.loc 1 356 5 is_stmt 1 view .LVU516
 356:Core/Src/balance_car/raspi_link.c ****     command.reset_pid = 0U;
 1742              		.loc 1 356 24 is_stmt 0 view .LVU517
 1743 018e 0121     		movs	r1, #1
 1744 0190 8DF80610 		strb	r1, [sp, #6]
 357:Core/Src/balance_car/raspi_link.c ****     command.clear_fault = 0U;
 1745              		.loc 1 357 5 is_stmt 1 view .LVU518
 357:Core/Src/balance_car/raspi_link.c ****     command.clear_fault = 0U;
 1746              		.loc 1 357 23 is_stmt 0 view .LVU519
 1747 0194 8DF80730 		strb	r3, [sp, #7]
 358:Core/Src/balance_car/raspi_link.c ****     command.speed_target = speed_target_rps;
 1748              		.loc 1 358 5 is_stmt 1 view .LVU520
 358:Core/Src/balance_car/raspi_link.c ****     command.speed_target = speed_target_rps;
 1749              		.loc 1 358 25 is_stmt 0 view .LVU521
 1750 0198 8DF80830 		strb	r3, [sp, #8]
 359:Core/Src/balance_car/raspi_link.c ****     command.turn_target = angular_z;
 1751              		.loc 1 359 5 is_stmt 1 view .LVU522
 359:Core/Src/balance_car/raspi_link.c ****     command.turn_target = angular_z;
 1752              		.loc 1 359 26 is_stmt 0 view .LVU523
 1753 019c 0395     		str	r5, [sp, #12]	@ float
 360:Core/Src/balance_car/raspi_link.c ****     AppTasks_SubmitControlCommandFromTask(&command);
 1754              		.loc 1 360 5 is_stmt 1 view .LVU524
 360:Core/Src/balance_car/raspi_link.c ****     AppTasks_SubmitControlCommandFromTask(&command);
 1755              		.loc 1 360 25 is_stmt 0 view .LVU525
 1756 019e 0492     		str	r2, [sp, #16]	@ float
 361:Core/Src/balance_car/raspi_link.c **** }
 1757              		.loc 1 361 5 is_stmt 1 view .LVU526
 1758 01a0 01A8     		add	r0, sp, #4
 1759 01a2 FFF7FEFF 		bl	AppTasks_SubmitControlCommandFromTask
 1760              	.LVL149:
 1761 01a6 54E7     		b	.L108
 1762              	.L141:
 1763              		.align	2
 1764              	.L140:
 1765 01a8 68000000 		.word	g_raspi_link_state+104
 1766 01ac 00000000 		.word	g_raspi_link_debug
 1767 01b0 00000000 		.word	g_raspi_link_state
 1768 01b4 00000000 		.word	.LC0
 1769 01b8 DA0FC940 		.word	1086918618
 1770 01bc B81E053D 		.word	1023745720
 1771              		.cfi_endproc
 1772              	.LFE86:
 1774              		.global	__aeabi_ui2f
 1775              		.section	.text.RaspiLink_UpdateOdometry,"ax",%progbits
 1776              		.align	1
 1777              		.syntax unified
 1778              		.thumb
 1779              		.thumb_func
 1781              	RaspiLink_UpdateOdometry:
 1782              	.LVL150:
 1783              	.LFB90:
 417:Core/Src/balance_car/raspi_link.c **** 
 418:Core/Src/balance_car/raspi_link.c **** static void RaspiLink_UpdateOdometry(uint32_t now)
 419:Core/Src/balance_car/raspi_link.c **** {
ARM GAS  D:\TMP\ccDrhhFo.s 			page 49


 1784              		.loc 1 419 1 view -0
 1785              		.cfi_startproc
 1786              		@ args = 0, pretend = 0, frame = 72
 1787              		@ frame_needed = 0, uses_anonymous_args = 0
 1788              		.loc 1 419 1 is_stmt 0 view .LVU528
 1789 0000 2DE9F041 		push	{r4, r5, r6, r7, r8, lr}
 1790              	.LCFI34:
 1791              		.cfi_def_cfa_offset 24
 1792              		.cfi_offset 4, -24
 1793              		.cfi_offset 5, -20
 1794              		.cfi_offset 6, -16
 1795              		.cfi_offset 7, -12
 1796              		.cfi_offset 8, -8
 1797              		.cfi_offset 14, -4
 1798 0004 92B0     		sub	sp, sp, #72
 1799              	.LCFI35:
 1800              		.cfi_def_cfa_offset 96
 1801 0006 0446     		mov	r4, r0
 420:Core/Src/balance_car/raspi_link.c ****     uint32_t dt_ms;
 1802              		.loc 1 420 5 is_stmt 1 view .LVU529
 421:Core/Src/balance_car/raspi_link.c ****     float dt_s;
 1803              		.loc 1 421 5 view .LVU530
 422:Core/Src/balance_car/raspi_link.c ****     float wheel_radius_m = g_raspi_link_debug.wheel_radius_m;
 1804              		.loc 1 422 5 view .LVU531
 1805              		.loc 1 422 11 is_stmt 0 view .LVU532
 1806 0008 3E4B     		ldr	r3, .L155
 1807 000a 1E69     		ldr	r6, [r3, #16]	@ float
 1808              	.LVL151:
 423:Core/Src/balance_car/raspi_link.c ****     float linear_x_mps;
 1809              		.loc 1 423 5 is_stmt 1 view .LVU533
 424:Core/Src/balance_car/raspi_link.c ****     float angular_z_rps;
 1810              		.loc 1 424 5 view .LVU534
 425:Core/Src/balance_car/raspi_link.c ****     BalanceCarState_t balance = {0};
 1811              		.loc 1 425 5 view .LVU535
 1812              		.loc 1 425 23 is_stmt 0 view .LVU536
 1813 000c 4822     		movs	r2, #72
 1814 000e 0021     		movs	r1, #0
 1815 0010 6846     		mov	r0, sp
 1816              	.LVL152:
 1817              		.loc 1 425 23 view .LVU537
 1818 0012 FFF7FEFF 		bl	memset
 1819              	.LVL153:
 426:Core/Src/balance_car/raspi_link.c **** 
 427:Core/Src/balance_car/raspi_link.c ****     if (s_last_odom_update_ms == 0U) {
 1820              		.loc 1 427 5 is_stmt 1 view .LVU538
 1821              		.loc 1 427 31 is_stmt 0 view .LVU539
 1822 0016 3C4B     		ldr	r3, .L155+4
 1823 0018 1D68     		ldr	r5, [r3]
 1824              		.loc 1 427 8 view .LVU540
 1825 001a 002D     		cmp	r5, #0
 1826 001c 6ED0     		beq	.L153
 428:Core/Src/balance_car/raspi_link.c ****         s_last_odom_update_ms = now;
 429:Core/Src/balance_car/raspi_link.c ****         return;
 430:Core/Src/balance_car/raspi_link.c ****     }
 431:Core/Src/balance_car/raspi_link.c **** 
 432:Core/Src/balance_car/raspi_link.c ****     dt_ms = now - s_last_odom_update_ms;
 1827              		.loc 1 432 5 is_stmt 1 view .LVU541
ARM GAS  D:\TMP\ccDrhhFo.s 			page 50


 1828              	.LVL154:
 433:Core/Src/balance_car/raspi_link.c ****     if (dt_ms == 0U) {
 1829              		.loc 1 433 5 view .LVU542
 1830              		.loc 1 433 8 is_stmt 0 view .LVU543
 1831 001e 651B     		subs	r5, r4, r5
 1832              	.LVL155:
 1833              		.loc 1 433 8 view .LVU544
 1834 0020 69D0     		beq	.L142
 434:Core/Src/balance_car/raspi_link.c ****         return;
 435:Core/Src/balance_car/raspi_link.c ****     }
 436:Core/Src/balance_car/raspi_link.c ****     s_last_odom_update_ms = now;
 1835              		.loc 1 436 5 is_stmt 1 view .LVU545
 1836              		.loc 1 436 27 is_stmt 0 view .LVU546
 1837 0022 394B     		ldr	r3, .L155+4
 1838 0024 1C60     		str	r4, [r3]
 437:Core/Src/balance_car/raspi_link.c **** 
 438:Core/Src/balance_car/raspi_link.c ****     if (wheel_radius_m <= 0.0f) {
 1839              		.loc 1 438 5 is_stmt 1 view .LVU547
 1840              		.loc 1 438 8 is_stmt 0 view .LVU548
 1841 0026 0021     		movs	r1, #0
 1842 0028 3046     		mov	r0, r6
 1843 002a FFF7FEFF 		bl	__aeabi_fcmple
 1844              	.LVL156:
 1845 002e 0028     		cmp	r0, #0
 1846 0030 66D1     		bne	.L154
 1847              	.LVL157:
 1848              	.L145:
 439:Core/Src/balance_car/raspi_link.c ****         wheel_radius_m = 0.0325f;
 440:Core/Src/balance_car/raspi_link.c ****     }
 441:Core/Src/balance_car/raspi_link.c **** 
 442:Core/Src/balance_car/raspi_link.c ****     dt_s = (float)dt_ms / 1000.0f;
 1849              		.loc 1 442 5 is_stmt 1 view .LVU549
 1850              		.loc 1 442 12 is_stmt 0 view .LVU550
 1851 0032 2846     		mov	r0, r5
 1852 0034 FFF7FEFF 		bl	__aeabi_ui2f
 1853              	.LVL158:
 1854              		.loc 1 442 10 view .LVU551
 1855 0038 3449     		ldr	r1, .L155+8
 1856 003a FFF7FEFF 		bl	__aeabi_fdiv
 1857              	.LVL159:
 1858 003e 0746     		mov	r7, r0
 1859              	.LVL160:
 443:Core/Src/balance_car/raspi_link.c ****     AppTasks_CopyBalanceState(&balance);
 1860              		.loc 1 443 5 is_stmt 1 view .LVU552
 1861 0040 6846     		mov	r0, sp
 1862              	.LVL161:
 1863              		.loc 1 443 5 is_stmt 0 view .LVU553
 1864 0042 FFF7FEFF 		bl	AppTasks_CopyBalanceState
 1865              	.LVL162:
 444:Core/Src/balance_car/raspi_link.c ****     linear_x_mps = balance.ave_speed * 2.0f * RASPI_PI_F * wheel_radius_m;
 1866              		.loc 1 444 5 is_stmt 1 view .LVU554
 1867              		.loc 1 444 27 is_stmt 0 view .LVU555
 1868 0046 DDF83880 		ldr	r8, [sp, #56]	@ float
 1869              		.loc 1 444 38 view .LVU556
 1870 004a 4146     		mov	r1, r8
 1871 004c 4046     		mov	r0, r8
 1872 004e FFF7FEFF 		bl	__aeabi_fadd
ARM GAS  D:\TMP\ccDrhhFo.s 			page 51


 1873              	.LVL163:
 1874              		.loc 1 444 45 view .LVU557
 1875 0052 2F49     		ldr	r1, .L155+12
 1876 0054 FFF7FEFF 		bl	__aeabi_fmul
 1877              	.LVL164:
 1878              		.loc 1 444 18 view .LVU558
 1879 0058 3146     		mov	r1, r6
 1880 005a FFF7FEFF 		bl	__aeabi_fmul
 1881              	.LVL165:
 1882 005e 0546     		mov	r5, r0
 1883              	.LVL166:
 445:Core/Src/balance_car/raspi_link.c ****     angular_z_rps = balance.gyro_z_rate * RASPI_DEG_TO_RAD;
 1884              		.loc 1 445 5 is_stmt 1 view .LVU559
 1885              		.loc 1 445 19 is_stmt 0 view .LVU560
 1886 0060 2C49     		ldr	r1, .L155+16
 1887 0062 0A98     		ldr	r0, [sp, #40]	@ float
 1888              	.LVL167:
 1889              		.loc 1 445 19 view .LVU561
 1890 0064 FFF7FEFF 		bl	__aeabi_fmul
 1891              	.LVL168:
 1892 0068 0646     		mov	r6, r0
 1893              	.LVL169:
 446:Core/Src/balance_car/raspi_link.c ****     if (angular_z_rps > -g_raspi_link_debug.odom_angular_deadband_rps &&
 1894              		.loc 1 446 5 is_stmt 1 view .LVU562
 1895              		.loc 1 446 44 is_stmt 0 view .LVU563
 1896 006a 264B     		ldr	r3, .L155
 1897 006c 5869     		ldr	r0, [r3, #20]	@ float
 1898              	.LVL170:
 1899              		.loc 1 446 25 view .LVU564
 1900 006e 00F10040 		add	r0, r0, #-2147483648
 1901              		.loc 1 446 8 view .LVU565
 1902 0072 3146     		mov	r1, r6
 1903 0074 FFF7FEFF 		bl	__aeabi_fcmplt
 1904              	.LVL171:
 1905 0078 30B1     		cbz	r0, .L146
 447:Core/Src/balance_car/raspi_link.c ****         angular_z_rps < g_raspi_link_debug.odom_angular_deadband_rps) {
 1906              		.loc 1 447 43 view .LVU566
 1907 007a 224B     		ldr	r3, .L155
 1908 007c 5869     		ldr	r0, [r3, #20]	@ float
 446:Core/Src/balance_car/raspi_link.c ****     if (angular_z_rps > -g_raspi_link_debug.odom_angular_deadband_rps &&
 1909              		.loc 1 446 71 discriminator 1 view .LVU567
 1910 007e 3146     		mov	r1, r6
 1911 0080 FFF7FEFF 		bl	__aeabi_fcmpgt
 1912              	.LVL172:
 1913 0084 00B1     		cbz	r0, .L146
 448:Core/Src/balance_car/raspi_link.c ****         angular_z_rps = 0.0f;
 1914              		.loc 1 448 23 view .LVU568
 1915 0086 0026     		movs	r6, #0
 1916              	.LVL173:
 1917              	.L146:
 449:Core/Src/balance_car/raspi_link.c ****     }
 450:Core/Src/balance_car/raspi_link.c **** 
 451:Core/Src/balance_car/raspi_link.c ****     g_raspi_link_state.speed_actual_rps = balance.ave_speed;
 1918              		.loc 1 451 5 is_stmt 1 view .LVU569
 1919              		.loc 1 451 41 is_stmt 0 view .LVU570
 1920 0088 234C     		ldr	r4, .L155+20
 1921              	.LVL174:
ARM GAS  D:\TMP\ccDrhhFo.s 			page 52


 1922              		.loc 1 451 41 view .LVU571
 1923 008a C4F84880 		str	r8, [r4, #72]	@ float
 452:Core/Src/balance_car/raspi_link.c ****     g_raspi_link_state.speed_actual_mps = linear_x_mps;
 1924              		.loc 1 452 5 is_stmt 1 view .LVU572
 1925              		.loc 1 452 41 is_stmt 0 view .LVU573
 1926 008e E564     		str	r5, [r4, #76]	@ float
 453:Core/Src/balance_car/raspi_link.c ****     g_raspi_link_state.left_pwm_snapshot = balance.left_pwm;
 1927              		.loc 1 453 5 is_stmt 1 view .LVU574
 1928              		.loc 1 453 51 is_stmt 0 view .LVU575
 1929 0090 BDF94030 		ldrsh	r3, [sp, #64]
 1930              		.loc 1 453 42 view .LVU576
 1931 0094 A4F85030 		strh	r3, [r4, #80]	@ movhi
 454:Core/Src/balance_car/raspi_link.c ****     g_raspi_link_state.right_pwm_snapshot = balance.right_pwm;
 1932              		.loc 1 454 5 is_stmt 1 view .LVU577
 1933              		.loc 1 454 52 is_stmt 0 view .LVU578
 1934 0098 BDF94230 		ldrsh	r3, [sp, #66]
 1935              		.loc 1 454 43 view .LVU579
 1936 009c A4F85230 		strh	r3, [r4, #82]	@ movhi
 455:Core/Src/balance_car/raspi_link.c ****     g_raspi_link_state.odom_linear_x_mps = linear_x_mps;
 1937              		.loc 1 455 5 is_stmt 1 view .LVU580
 1938              		.loc 1 455 42 is_stmt 0 view .LVU581
 1939 00a0 2566     		str	r5, [r4, #96]	@ float
 456:Core/Src/balance_car/raspi_link.c ****     g_raspi_link_state.odom_angular_z_rps = angular_z_rps;
 1940              		.loc 1 456 5 is_stmt 1 view .LVU582
 1941              		.loc 1 456 43 is_stmt 0 view .LVU583
 1942 00a2 6666     		str	r6, [r4, #100]	@ float
 457:Core/Src/balance_car/raspi_link.c ****     g_raspi_link_state.odom_yaw_rad += angular_z_rps * dt_s;
 1943              		.loc 1 457 5 is_stmt 1 view .LVU584
 1944              		.loc 1 457 23 is_stmt 0 view .LVU585
 1945 00a4 D4F85C80 		ldr	r8, [r4, #92]	@ float
 1946              		.loc 1 457 54 view .LVU586
 1947 00a8 3946     		mov	r1, r7
 1948 00aa 3046     		mov	r0, r6
 1949 00ac FFF7FEFF 		bl	__aeabi_fmul
 1950              	.LVL175:
 1951 00b0 0146     		mov	r1, r0
 1952              		.loc 1 457 37 view .LVU587
 1953 00b2 4046     		mov	r0, r8
 1954 00b4 FFF7FEFF 		bl	__aeabi_fadd
 1955              	.LVL176:
 1956 00b8 E065     		str	r0, [r4, #92]	@ float
 458:Core/Src/balance_car/raspi_link.c ****     RaspiLink_NormalizeYaw();
 1957              		.loc 1 458 5 is_stmt 1 view .LVU588
 1958 00ba FFF7FEFF 		bl	RaspiLink_NormalizeYaw
 1959              	.LVL177:
 459:Core/Src/balance_car/raspi_link.c ****     g_raspi_link_state.odom_x_m += linear_x_mps * cosf(g_raspi_link_state.odom_yaw_rad) * dt_s;
 1960              		.loc 1 459 5 view .LVU589
 1961              		.loc 1 459 74 is_stmt 0 view .LVU590
 1962 00be E06D     		ldr	r0, [r4, #92]	@ float
 1963              		.loc 1 459 51 view .LVU591
 1964 00c0 FFF7FEFF 		bl	cosf
 1965              	.LVL178:
 1966              		.loc 1 459 49 discriminator 1 view .LVU592
 1967 00c4 2946     		mov	r1, r5
 1968 00c6 FFF7FEFF 		bl	__aeabi_fmul
 1969              	.LVL179:
 1970              		.loc 1 459 89 discriminator 1 view .LVU593
ARM GAS  D:\TMP\ccDrhhFo.s 			page 53


 1971 00ca 3946     		mov	r1, r7
 1972 00cc FFF7FEFF 		bl	__aeabi_fmul
 1973              	.LVL180:
 1974 00d0 0146     		mov	r1, r0
 1975              		.loc 1 459 23 discriminator 1 view .LVU594
 1976 00d2 606D     		ldr	r0, [r4, #84]	@ float
 1977              		.loc 1 459 33 discriminator 1 view .LVU595
 1978 00d4 FFF7FEFF 		bl	__aeabi_fadd
 1979              	.LVL181:
 1980 00d8 6065     		str	r0, [r4, #84]	@ float
 460:Core/Src/balance_car/raspi_link.c ****     g_raspi_link_state.odom_y_m += linear_x_mps * sinf(g_raspi_link_state.odom_yaw_rad) * dt_s;
 1981              		.loc 1 460 5 is_stmt 1 view .LVU596
 1982              		.loc 1 460 74 is_stmt 0 view .LVU597
 1983 00da E06D     		ldr	r0, [r4, #92]	@ float
 1984              		.loc 1 460 51 view .LVU598
 1985 00dc FFF7FEFF 		bl	sinf
 1986              	.LVL182:
 1987              		.loc 1 460 49 discriminator 1 view .LVU599
 1988 00e0 2946     		mov	r1, r5
 1989 00e2 FFF7FEFF 		bl	__aeabi_fmul
 1990              	.LVL183:
 1991              		.loc 1 460 89 discriminator 1 view .LVU600
 1992 00e6 3946     		mov	r1, r7
 1993 00e8 FFF7FEFF 		bl	__aeabi_fmul
 1994              	.LVL184:
 1995 00ec 0146     		mov	r1, r0
 1996              		.loc 1 460 23 discriminator 1 view .LVU601
 1997 00ee A06D     		ldr	r0, [r4, #88]	@ float
 1998              		.loc 1 460 33 discriminator 1 view .LVU602
 1999 00f0 FFF7FEFF 		bl	__aeabi_fadd
 2000              	.LVL185:
 2001 00f4 A065     		str	r0, [r4, #88]	@ float
 2002              	.LVL186:
 2003              	.L142:
 461:Core/Src/balance_car/raspi_link.c **** }
 2004              		.loc 1 461 1 view .LVU603
 2005 00f6 12B0     		add	sp, sp, #72
 2006              	.LCFI36:
 2007              		.cfi_remember_state
 2008              		.cfi_def_cfa_offset 24
 2009              		@ sp needed
 2010 00f8 BDE8F081 		pop	{r4, r5, r6, r7, r8, pc}
 2011              	.LVL187:
 2012              	.L153:
 2013              	.LCFI37:
 2014              		.cfi_restore_state
 428:Core/Src/balance_car/raspi_link.c ****         return;
 2015              		.loc 1 428 9 is_stmt 1 view .LVU604
 428:Core/Src/balance_car/raspi_link.c ****         return;
 2016              		.loc 1 428 31 is_stmt 0 view .LVU605
 2017 00fc 1C60     		str	r4, [r3]
 429:Core/Src/balance_car/raspi_link.c ****     }
 2018              		.loc 1 429 9 is_stmt 1 view .LVU606
 2019 00fe FAE7     		b	.L142
 2020              	.LVL188:
 2021              	.L154:
 439:Core/Src/balance_car/raspi_link.c ****     }
ARM GAS  D:\TMP\ccDrhhFo.s 			page 54


 2022              		.loc 1 439 24 is_stmt 0 view .LVU607
 2023 0100 064E     		ldr	r6, .L155+24
 2024              	.LVL189:
 439:Core/Src/balance_car/raspi_link.c ****     }
 2025              		.loc 1 439 24 view .LVU608
 2026 0102 96E7     		b	.L145
 2027              	.L156:
 2028              		.align	2
 2029              	.L155:
 2030 0104 00000000 		.word	g_raspi_link_debug
 2031 0108 00000000 		.word	s_last_odom_update_ms
 2032 010c 00007A44 		.word	1148846080
 2033 0110 DA0F4940 		.word	1078530010
 2034 0114 35FA8E3C 		.word	1016003125
 2035 0118 00000000 		.word	g_raspi_link_state
 2036 011c B81E053D 		.word	1023745720
 2037              		.cfi_endproc
 2038              	.LFE90:
 2040              		.section	.rodata.RaspiLink_FormatFixed4.str1.4,"aMS",%progbits,1
 2041              		.align	2
 2042              	.LC1:
 2043 0000 00       		.ascii	"\000"
 2044 0001 000000   		.align	2
 2045              	.LC2:
 2046 0004 2D00     		.ascii	"-\000"
 2047              		.global	__aeabi_f2iz
 2048 0006 0000     		.align	2
 2049              	.LC3:
 2050 0008 2573256C 		.ascii	"%s%ld.%04ld\000"
 2050      642E2530 
 2050      346C6400 
 2051              		.section	.text.RaspiLink_FormatFixed4,"ax",%progbits
 2052              		.align	1
 2053              		.syntax unified
 2054              		.thumb
 2055              		.thumb_func
 2057              	RaspiLink_FormatFixed4:
 2058              	.LVL190:
 2059              	.LFB91:
 462:Core/Src/balance_car/raspi_link.c **** 
 463:Core/Src/balance_car/raspi_link.c **** static void RaspiLink_FormatFixed4(char *buffer, uint8_t size, float value)
 464:Core/Src/balance_car/raspi_link.c **** {
 2060              		.loc 1 464 1 is_stmt 1 view -0
 2061              		.cfi_startproc
 2062              		@ args = 0, pretend = 0, frame = 0
 2063              		@ frame_needed = 0, uses_anonymous_args = 0
 465:Core/Src/balance_car/raspi_link.c ****     int32_t scaled;
 2064              		.loc 1 465 5 view .LVU610
 466:Core/Src/balance_car/raspi_link.c ****     int32_t whole;
 2065              		.loc 1 466 5 view .LVU611
 467:Core/Src/balance_car/raspi_link.c ****     int32_t frac;
 2066              		.loc 1 467 5 view .LVU612
 468:Core/Src/balance_car/raspi_link.c ****     const char *sign = "";
 2067              		.loc 1 468 5 view .LVU613
 469:Core/Src/balance_car/raspi_link.c **** 
 470:Core/Src/balance_car/raspi_link.c ****     if (buffer == 0 || size == 0U) {
 2068              		.loc 1 470 5 view .LVU614
ARM GAS  D:\TMP\ccDrhhFo.s 			page 55


 2069              		.loc 1 470 8 is_stmt 0 view .LVU615
 2070 0000 68B3     		cbz	r0, .L165
 464:Core/Src/balance_car/raspi_link.c ****     int32_t scaled;
 2071              		.loc 1 464 1 view .LVU616
 2072 0002 F0B5     		push	{r4, r5, r6, r7, lr}
 2073              	.LCFI38:
 2074              		.cfi_def_cfa_offset 20
 2075              		.cfi_offset 4, -20
 2076              		.cfi_offset 5, -16
 2077              		.cfi_offset 6, -12
 2078              		.cfi_offset 7, -8
 2079              		.cfi_offset 14, -4
 2080 0004 83B0     		sub	sp, sp, #12
 2081              	.LCFI39:
 2082              		.cfi_def_cfa_offset 32
 2083 0006 0D46     		mov	r5, r1
 2084 0008 1446     		mov	r4, r2
 2085 000a 0646     		mov	r6, r0
 2086              		.loc 1 470 21 discriminator 1 view .LVU617
 2087 000c 09B3     		cbz	r1, .L157
 471:Core/Src/balance_car/raspi_link.c ****         return;
 472:Core/Src/balance_car/raspi_link.c ****     }
 473:Core/Src/balance_car/raspi_link.c **** 
 474:Core/Src/balance_car/raspi_link.c ****     if (value < 0.0f) {
 2088              		.loc 1 474 5 is_stmt 1 view .LVU618
 2089              		.loc 1 474 8 is_stmt 0 view .LVU619
 2090 000e 0021     		movs	r1, #0
 2091              	.LVL191:
 2092              		.loc 1 474 8 view .LVU620
 2093 0010 1046     		mov	r0, r2
 2094              	.LVL192:
 2095              		.loc 1 474 8 view .LVU621
 2096 0012 FFF7FEFF 		bl	__aeabi_fcmplt
 2097              	.LVL193:
 2098              		.loc 1 474 8 view .LVU622
 2099 0016 F0B9     		cbnz	r0, .L168
 468:Core/Src/balance_car/raspi_link.c **** 
 2100              		.loc 1 468 17 view .LVU623
 2101 0018 114F     		ldr	r7, .L169
 2102              	.LVL194:
 2103              	.L159:
 475:Core/Src/balance_car/raspi_link.c ****         sign = "-";
 476:Core/Src/balance_car/raspi_link.c ****         value = -value;
 477:Core/Src/balance_car/raspi_link.c ****     }
 478:Core/Src/balance_car/raspi_link.c **** 
 479:Core/Src/balance_car/raspi_link.c ****     scaled = (int32_t)(value * 10000.0f + 0.5f);
 2104              		.loc 1 479 5 is_stmt 1 view .LVU624
 2105              		.loc 1 479 30 is_stmt 0 view .LVU625
 2106 001a 1249     		ldr	r1, .L169+4
 2107 001c 2046     		mov	r0, r4
 2108 001e FFF7FEFF 		bl	__aeabi_fmul
 2109              	.LVL195:
 2110              		.loc 1 479 41 view .LVU626
 2111 0022 4FF07C51 		mov	r1, #1056964608
 2112 0026 FFF7FEFF 		bl	__aeabi_fadd
 2113              	.LVL196:
 2114              		.loc 1 479 12 view .LVU627
ARM GAS  D:\TMP\ccDrhhFo.s 			page 56


 2115 002a FFF7FEFF 		bl	__aeabi_f2iz
 2116              	.LVL197:
 480:Core/Src/balance_car/raspi_link.c ****     whole = scaled / 10000;
 2117              		.loc 1 480 5 is_stmt 1 view .LVU628
 2118              		.loc 1 480 11 is_stmt 0 view .LVU629
 2119 002e 0E4A     		ldr	r2, .L169+8
 2120 0030 82FB0032 		smull	r3, r2, r2, r0
 2121 0034 C317     		asrs	r3, r0, #31
 2122 0036 C3EB2233 		rsb	r3, r3, r2, asr #12
 2123              	.LVL198:
 481:Core/Src/balance_car/raspi_link.c ****     frac = scaled % 10000;
 2124              		.loc 1 481 5 is_stmt 1 view .LVU630
 2125              		.loc 1 481 10 is_stmt 0 view .LVU631
 2126 003a 42F21072 		movw	r2, #10000
 2127 003e 02FB1300 		mls	r0, r2, r3, r0
 2128              	.LVL199:
 482:Core/Src/balance_car/raspi_link.c ****     (void)snprintf(buffer, size, "%s%ld.%04ld", sign, (long)whole, (long)frac);
 2129              		.loc 1 482 5 is_stmt 1 view .LVU632
 2130              		.loc 1 482 11 is_stmt 0 view .LVU633
 2131 0042 0190     		str	r0, [sp, #4]
 2132 0044 0093     		str	r3, [sp]
 2133 0046 3B46     		mov	r3, r7
 2134              	.LVL200:
 2135              		.loc 1 482 11 view .LVU634
 2136 0048 084A     		ldr	r2, .L169+12
 2137 004a 2946     		mov	r1, r5
 2138 004c 3046     		mov	r0, r6
 2139              	.LVL201:
 2140              		.loc 1 482 11 view .LVU635
 2141 004e FFF7FEFF 		bl	snprintf
 2142              	.LVL202:
 2143              	.L157:
 483:Core/Src/balance_car/raspi_link.c **** }
 2144              		.loc 1 483 1 view .LVU636
 2145 0052 03B0     		add	sp, sp, #12
 2146              	.LCFI40:
 2147              		.cfi_remember_state
 2148              		.cfi_def_cfa_offset 20
 2149              		@ sp needed
 2150 0054 F0BD     		pop	{r4, r5, r6, r7, pc}
 2151              	.LVL203:
 2152              	.L168:
 2153              	.LCFI41:
 2154              		.cfi_restore_state
 475:Core/Src/balance_car/raspi_link.c ****         value = -value;
 2155              		.loc 1 475 9 is_stmt 1 view .LVU637
 476:Core/Src/balance_car/raspi_link.c ****     }
 2156              		.loc 1 476 9 view .LVU638
 476:Core/Src/balance_car/raspi_link.c ****     }
 2157              		.loc 1 476 15 is_stmt 0 view .LVU639
 2158 0056 04F10044 		add	r4, r4, #-2147483648
 2159              	.LVL204:
 475:Core/Src/balance_car/raspi_link.c ****         value = -value;
 2160              		.loc 1 475 14 view .LVU640
 2161 005a 054F     		ldr	r7, .L169+16
 2162 005c DDE7     		b	.L159
 2163              	.LVL205:
ARM GAS  D:\TMP\ccDrhhFo.s 			page 57


 2164              	.L165:
 2165              	.LCFI42:
 2166              		.cfi_def_cfa_offset 0
 2167              		.cfi_restore 4
 2168              		.cfi_restore 5
 2169              		.cfi_restore 6
 2170              		.cfi_restore 7
 2171              		.cfi_restore 14
 475:Core/Src/balance_car/raspi_link.c ****         value = -value;
 2172              		.loc 1 475 14 view .LVU641
 2173 005e 7047     		bx	lr
 2174              	.L170:
 2175              		.align	2
 2176              	.L169:
 2177 0060 00000000 		.word	.LC1
 2178 0064 00401C46 		.word	1176256512
 2179 0068 AD8BDB68 		.word	1759218605
 2180 006c 08000000 		.word	.LC3
 2181 0070 04000000 		.word	.LC2
 2182              		.cfi_endproc
 2183              	.LFE91:
 2185              		.section	.rodata.RaspiLink_SendOdometry.str1.4,"aMS",%progbits,1
 2186              		.align	2
 2187              	.LC4:
 2188 0000 424F2C25 		.ascii	"BO,%lu,%lu,%s,%s,%s,%s,%s\000"
 2188      6C752C25 
 2188      6C752C25 
 2188      732C2573 
 2188      2C25732C 
 2189 001a 0000     		.align	2
 2190              	.LC5:
 2191 001c 2425732A 		.ascii	"$%s*%02X\012\000"
 2191      25303258 
 2191      0A00
 2192              		.section	.text.RaspiLink_SendOdometry,"ax",%progbits
 2193              		.align	1
 2194              		.syntax unified
 2195              		.thumb
 2196              		.thumb_func
 2198              	RaspiLink_SendOdometry:
 2199              	.LVL206:
 2200              	.LFB92:
 484:Core/Src/balance_car/raspi_link.c **** 
 485:Core/Src/balance_car/raspi_link.c **** static void RaspiLink_SendOdometry(uint32_t now)
 486:Core/Src/balance_car/raspi_link.c **** {
 2201              		.loc 1 486 1 is_stmt 1 view -0
 2202              		.cfi_startproc
 2203              		@ args = 0, pretend = 0, frame = 160
 2204              		@ frame_needed = 0, uses_anonymous_args = 0
 487:Core/Src/balance_car/raspi_link.c ****     char payload[80];
 2205              		.loc 1 487 5 view .LVU643
 488:Core/Src/balance_car/raspi_link.c ****     char x_text[16];
 2206              		.loc 1 488 5 view .LVU644
 489:Core/Src/balance_car/raspi_link.c ****     char y_text[16];
 2207              		.loc 1 489 5 view .LVU645
 490:Core/Src/balance_car/raspi_link.c ****     char yaw_text[16];
 2208              		.loc 1 490 5 view .LVU646
ARM GAS  D:\TMP\ccDrhhFo.s 			page 58


 491:Core/Src/balance_car/raspi_link.c ****     char vx_text[16];
 2209              		.loc 1 491 5 view .LVU647
 492:Core/Src/balance_car/raspi_link.c ****     char wz_text[16];
 2210              		.loc 1 492 5 view .LVU648
 493:Core/Src/balance_car/raspi_link.c ****     uint8_t checksum;
 2211              		.loc 1 493 5 view .LVU649
 494:Core/Src/balance_car/raspi_link.c ****     int payload_len;
 2212              		.loc 1 494 5 view .LVU650
 495:Core/Src/balance_car/raspi_link.c ****     int frame_len;
 2213              		.loc 1 495 5 view .LVU651
 496:Core/Src/balance_car/raspi_link.c **** 
 497:Core/Src/balance_car/raspi_link.c ****     if (g_raspi_link_debug.odom_tx_enable == 0U || g_raspi_link_debug.odom_period_ms == 0U) {
 2214              		.loc 1 497 5 view .LVU652
 2215              		.loc 1 497 27 is_stmt 0 view .LVU653
 2216 0000 5F4B     		ldr	r3, .L189
 2217 0002 DB78     		ldrb	r3, [r3, #3]	@ zero_extendqisi2
 2218              		.loc 1 497 8 view .LVU654
 2219 0004 002B     		cmp	r3, #0
 2220 0006 00F0BA80 		beq	.L184
 486:Core/Src/balance_car/raspi_link.c ****     char payload[80];
 2221              		.loc 1 486 1 view .LVU655
 2222 000a 2DE9F047 		push	{r4, r5, r6, r7, r8, r9, r10, lr}
 2223              	.LCFI43:
 2224              		.cfi_def_cfa_offset 32
 2225              		.cfi_offset 4, -32
 2226              		.cfi_offset 5, -28
 2227              		.cfi_offset 6, -24
 2228              		.cfi_offset 7, -20
 2229              		.cfi_offset 8, -16
 2230              		.cfi_offset 9, -12
 2231              		.cfi_offset 10, -8
 2232              		.cfi_offset 14, -4
 2233 000e AEB0     		sub	sp, sp, #184
 2234              	.LCFI44:
 2235              		.cfi_def_cfa_offset 216
 2236 0010 0446     		mov	r4, r0
 2237              		.loc 1 497 70 discriminator 1 view .LVU656
 2238 0012 5B4B     		ldr	r3, .L189
 2239 0014 DB69     		ldr	r3, [r3, #28]
 2240              		.loc 1 497 49 discriminator 1 view .LVU657
 2241 0016 EBB1     		cbz	r3, .L171
 498:Core/Src/balance_car/raspi_link.c ****         return;
 499:Core/Src/balance_car/raspi_link.c ****     }
 500:Core/Src/balance_car/raspi_link.c ****     if ((int32_t)(now - s_next_odom_tx_ms) < 0) {
 2242              		.loc 1 500 5 is_stmt 1 view .LVU658
 2243              		.loc 1 500 23 is_stmt 0 view .LVU659
 2244 0018 5A4B     		ldr	r3, .L189+4
 2245 001a 1B68     		ldr	r3, [r3]
 2246 001c C31A     		subs	r3, r0, r3
 2247              		.loc 1 500 8 view .LVU660
 2248 001e 002B     		cmp	r3, #0
 2249 0020 18DB     		blt	.L171
 501:Core/Src/balance_car/raspi_link.c ****         return;
 502:Core/Src/balance_car/raspi_link.c ****     }
 503:Core/Src/balance_car/raspi_link.c ****     s_next_odom_tx_ms = now + g_raspi_link_debug.odom_period_ms;
 2250              		.loc 1 503 5 is_stmt 1 view .LVU661
 2251              		.loc 1 503 49 is_stmt 0 view .LVU662
ARM GAS  D:\TMP\ccDrhhFo.s 			page 59


 2252 0022 574B     		ldr	r3, .L189
 2253 0024 DB69     		ldr	r3, [r3, #28]
 2254              		.loc 1 503 29 view .LVU663
 2255 0026 0344     		add	r3, r3, r0
 2256              		.loc 1 503 23 view .LVU664
 2257 0028 564A     		ldr	r2, .L189+4
 2258 002a 1360     		str	r3, [r2]
 504:Core/Src/balance_car/raspi_link.c **** 
 505:Core/Src/balance_car/raspi_link.c ****     if (g_raspi_link_state.tx_busy != 0U) {
 2259              		.loc 1 505 5 is_stmt 1 view .LVU665
 2260              		.loc 1 505 27 is_stmt 0 view .LVU666
 2261 002c 564B     		ldr	r3, .L189+8
 2262 002e 1B79     		ldrb	r3, [r3, #4]	@ zero_extendqisi2
 2263              		.loc 1 505 8 view .LVU667
 2264 0030 63B9     		cbnz	r3, .L187
 506:Core/Src/balance_car/raspi_link.c ****         g_raspi_link_state.tx_error_count++;
 507:Core/Src/balance_car/raspi_link.c ****         return;
 508:Core/Src/balance_car/raspi_link.c ****     }
 509:Core/Src/balance_car/raspi_link.c ****     if (Sem_RaspberryTxMutex != NULL &&
 2265              		.loc 1 509 5 is_stmt 1 view .LVU668
 2266              		.loc 1 509 30 is_stmt 0 view .LVU669
 2267 0032 564B     		ldr	r3, .L189+12
 2268 0034 1868     		ldr	r0, [r3]
 2269              	.LVL207:
 2270              		.loc 1 509 8 view .LVU670
 2271 0036 80B1     		cbz	r0, .L174
 510:Core/Src/balance_car/raspi_link.c ****         xSemaphoreTake(Sem_RaspberryTxMutex, pdMS_TO_TICKS(2U)) != pdPASS) {
 2272              		.loc 1 510 9 view .LVU671
 2273 0038 0221     		movs	r1, #2
 2274 003a FFF7FEFF 		bl	xQueueSemaphoreTake
 2275              	.LVL208:
 509:Core/Src/balance_car/raspi_link.c ****         xSemaphoreTake(Sem_RaspberryTxMutex, pdMS_TO_TICKS(2U)) != pdPASS) {
 2276              		.loc 1 509 38 discriminator 1 view .LVU672
 2277 003e 0128     		cmp	r0, #1
 2278 0040 0BD0     		beq	.L174
 511:Core/Src/balance_car/raspi_link.c ****         g_raspi_link_state.tx_error_count++;
 2279              		.loc 1 511 9 is_stmt 1 view .LVU673
 2280              		.loc 1 511 27 is_stmt 0 view .LVU674
 2281 0042 514A     		ldr	r2, .L189+8
 2282 0044 1369     		ldr	r3, [r2, #16]
 2283              		.loc 1 511 42 view .LVU675
 2284 0046 0133     		adds	r3, r3, #1
 2285 0048 1361     		str	r3, [r2, #16]
 512:Core/Src/balance_car/raspi_link.c ****         return;
 2286              		.loc 1 512 9 is_stmt 1 view .LVU676
 2287 004a 03E0     		b	.L171
 2288              	.LVL209:
 2289              	.L187:
 506:Core/Src/balance_car/raspi_link.c ****         return;
 2290              		.loc 1 506 9 view .LVU677
 506:Core/Src/balance_car/raspi_link.c ****         return;
 2291              		.loc 1 506 27 is_stmt 0 view .LVU678
 2292 004c 4E4A     		ldr	r2, .L189+8
 2293 004e 1369     		ldr	r3, [r2, #16]
 506:Core/Src/balance_car/raspi_link.c ****         return;
 2294              		.loc 1 506 42 view .LVU679
 2295 0050 0133     		adds	r3, r3, #1
ARM GAS  D:\TMP\ccDrhhFo.s 			page 60


 2296 0052 1361     		str	r3, [r2, #16]
 507:Core/Src/balance_car/raspi_link.c ****     }
 2297              		.loc 1 507 9 is_stmt 1 view .LVU680
 2298              	.LVL210:
 2299              	.L171:
 513:Core/Src/balance_car/raspi_link.c ****     }
 514:Core/Src/balance_car/raspi_link.c **** 
 515:Core/Src/balance_car/raspi_link.c ****     g_raspi_link_state.odom_seq++;
 516:Core/Src/balance_car/raspi_link.c ****     RaspiLink_FormatFixed4(x_text, sizeof(x_text), g_raspi_link_state.odom_x_m);
 517:Core/Src/balance_car/raspi_link.c ****     RaspiLink_FormatFixed4(y_text, sizeof(y_text), g_raspi_link_state.odom_y_m);
 518:Core/Src/balance_car/raspi_link.c ****     RaspiLink_FormatFixed4(yaw_text, sizeof(yaw_text), g_raspi_link_state.odom_yaw_rad);
 519:Core/Src/balance_car/raspi_link.c ****     RaspiLink_FormatFixed4(vx_text, sizeof(vx_text), g_raspi_link_state.odom_linear_x_mps);
 520:Core/Src/balance_car/raspi_link.c ****     RaspiLink_FormatFixed4(wz_text, sizeof(wz_text), g_raspi_link_state.odom_angular_z_rps);
 521:Core/Src/balance_car/raspi_link.c ****     payload_len = snprintf(payload, sizeof(payload),
 522:Core/Src/balance_car/raspi_link.c ****                            "BO,%lu,%lu,%s,%s,%s,%s,%s",
 523:Core/Src/balance_car/raspi_link.c ****                            (unsigned long)g_raspi_link_state.odom_seq,
 524:Core/Src/balance_car/raspi_link.c ****                            (unsigned long)now,
 525:Core/Src/balance_car/raspi_link.c ****                            x_text,
 526:Core/Src/balance_car/raspi_link.c ****                            y_text,
 527:Core/Src/balance_car/raspi_link.c ****                            yaw_text,
 528:Core/Src/balance_car/raspi_link.c ****                            vx_text,
 529:Core/Src/balance_car/raspi_link.c ****                            wz_text);
 530:Core/Src/balance_car/raspi_link.c ****     if (payload_len <= 0 || payload_len >= (int)sizeof(payload)) {
 531:Core/Src/balance_car/raspi_link.c ****         g_raspi_link_state.tx_error_count++;
 532:Core/Src/balance_car/raspi_link.c ****         if (Sem_RaspberryTxMutex != NULL) {
 533:Core/Src/balance_car/raspi_link.c ****             (void)xSemaphoreGive(Sem_RaspberryTxMutex);
 534:Core/Src/balance_car/raspi_link.c ****         }
 535:Core/Src/balance_car/raspi_link.c ****         return;
 536:Core/Src/balance_car/raspi_link.c ****     }
 537:Core/Src/balance_car/raspi_link.c **** 
 538:Core/Src/balance_car/raspi_link.c ****     checksum = RaspiLink_ChecksumAscii(payload);
 539:Core/Src/balance_car/raspi_link.c ****     frame_len = snprintf(s_tx_line, sizeof(s_tx_line), "$%s*%02X\n", payload, checksum);
 540:Core/Src/balance_car/raspi_link.c ****     if (frame_len <= 0 || frame_len >= (int)sizeof(s_tx_line)) {
 541:Core/Src/balance_car/raspi_link.c ****         g_raspi_link_state.tx_error_count++;
 542:Core/Src/balance_car/raspi_link.c ****         if (Sem_RaspberryTxMutex != NULL) {
 543:Core/Src/balance_car/raspi_link.c ****             (void)xSemaphoreGive(Sem_RaspberryTxMutex);
 544:Core/Src/balance_car/raspi_link.c ****         }
 545:Core/Src/balance_car/raspi_link.c ****         return;
 546:Core/Src/balance_car/raspi_link.c ****     }
 547:Core/Src/balance_car/raspi_link.c **** 
 548:Core/Src/balance_car/raspi_link.c ****     strncpy((char *)g_raspi_link_state.last_tx_frame,
 549:Core/Src/balance_car/raspi_link.c ****             s_tx_line,
 550:Core/Src/balance_car/raspi_link.c ****             sizeof(g_raspi_link_state.last_tx_frame) - 1U);
 551:Core/Src/balance_car/raspi_link.c ****     g_raspi_link_state.last_tx_frame[sizeof(g_raspi_link_state.last_tx_frame) - 1U] = '\0';
 552:Core/Src/balance_car/raspi_link.c **** 
 553:Core/Src/balance_car/raspi_link.c ****     g_raspi_link_state.tx_busy = 1U;
 554:Core/Src/balance_car/raspi_link.c ****     if (HAL_UART_Transmit_IT(&s_huart_raspi, (uint8_t *)s_tx_line, (uint16_t)frame_len) != HAL_OK) 
 555:Core/Src/balance_car/raspi_link.c ****         g_raspi_link_state.tx_busy = 0U;
 556:Core/Src/balance_car/raspi_link.c ****         g_raspi_link_state.tx_error_count++;
 557:Core/Src/balance_car/raspi_link.c ****         if (Sem_RaspberryTxMutex != NULL) {
 558:Core/Src/balance_car/raspi_link.c ****             (void)xSemaphoreGive(Sem_RaspberryTxMutex);
 559:Core/Src/balance_car/raspi_link.c ****         }
 560:Core/Src/balance_car/raspi_link.c ****         return;
 561:Core/Src/balance_car/raspi_link.c ****     }
 562:Core/Src/balance_car/raspi_link.c ****     if (Sem_RaspberryTxMutex != NULL) {
 563:Core/Src/balance_car/raspi_link.c ****         (void)xSemaphoreGive(Sem_RaspberryTxMutex);
 564:Core/Src/balance_car/raspi_link.c ****     }
ARM GAS  D:\TMP\ccDrhhFo.s 			page 61


 565:Core/Src/balance_car/raspi_link.c ****     g_raspi_link_state.tx_count++;
 566:Core/Src/balance_car/raspi_link.c ****     g_raspi_link_state.last_tx_ms = now;
 567:Core/Src/balance_car/raspi_link.c **** }
 2300              		.loc 1 567 1 is_stmt 0 view .LVU681
 2301 0054 2EB0     		add	sp, sp, #184
 2302              	.LCFI45:
 2303              		.cfi_remember_state
 2304              		.cfi_def_cfa_offset 32
 2305              		@ sp needed
 2306 0056 BDE8F087 		pop	{r4, r5, r6, r7, r8, r9, r10, pc}
 2307              	.LVL211:
 2308              	.L174:
 2309              	.LCFI46:
 2310              		.cfi_restore_state
 515:Core/Src/balance_car/raspi_link.c ****     RaspiLink_FormatFixed4(x_text, sizeof(x_text), g_raspi_link_state.odom_x_m);
 2311              		.loc 1 515 5 is_stmt 1 view .LVU682
 515:Core/Src/balance_car/raspi_link.c ****     RaspiLink_FormatFixed4(x_text, sizeof(x_text), g_raspi_link_state.odom_x_m);
 2312              		.loc 1 515 23 is_stmt 0 view .LVU683
 2313 005a 4B4D     		ldr	r5, .L189+8
 2314 005c 6B6B     		ldr	r3, [r5, #52]
 515:Core/Src/balance_car/raspi_link.c ****     RaspiLink_FormatFixed4(x_text, sizeof(x_text), g_raspi_link_state.odom_x_m);
 2315              		.loc 1 515 32 view .LVU684
 2316 005e 0133     		adds	r3, r3, #1
 2317 0060 6B63     		str	r3, [r5, #52]
 516:Core/Src/balance_car/raspi_link.c ****     RaspiLink_FormatFixed4(y_text, sizeof(y_text), g_raspi_link_state.odom_y_m);
 2318              		.loc 1 516 5 is_stmt 1 view .LVU685
 516:Core/Src/balance_car/raspi_link.c ****     RaspiLink_FormatFixed4(y_text, sizeof(y_text), g_raspi_link_state.odom_y_m);
 2319              		.loc 1 516 70 is_stmt 0 view .LVU686
 2320 0062 6A6D     		ldr	r2, [r5, #84]	@ float
 516:Core/Src/balance_car/raspi_link.c ****     RaspiLink_FormatFixed4(y_text, sizeof(y_text), g_raspi_link_state.odom_y_m);
 2321              		.loc 1 516 5 view .LVU687
 2322 0064 16AE     		add	r6, sp, #88
 2323 0066 1021     		movs	r1, #16
 2324 0068 3046     		mov	r0, r6
 2325 006a FFF7FEFF 		bl	RaspiLink_FormatFixed4
 2326              	.LVL212:
 517:Core/Src/balance_car/raspi_link.c ****     RaspiLink_FormatFixed4(yaw_text, sizeof(yaw_text), g_raspi_link_state.odom_yaw_rad);
 2327              		.loc 1 517 5 is_stmt 1 view .LVU688
 517:Core/Src/balance_car/raspi_link.c ****     RaspiLink_FormatFixed4(yaw_text, sizeof(yaw_text), g_raspi_link_state.odom_yaw_rad);
 2328              		.loc 1 517 70 is_stmt 0 view .LVU689
 2329 006e AA6D     		ldr	r2, [r5, #88]	@ float
 517:Core/Src/balance_car/raspi_link.c ****     RaspiLink_FormatFixed4(yaw_text, sizeof(yaw_text), g_raspi_link_state.odom_yaw_rad);
 2330              		.loc 1 517 5 view .LVU690
 2331 0070 12AF     		add	r7, sp, #72
 2332 0072 1021     		movs	r1, #16
 2333 0074 3846     		mov	r0, r7
 2334 0076 FFF7FEFF 		bl	RaspiLink_FormatFixed4
 2335              	.LVL213:
 518:Core/Src/balance_car/raspi_link.c ****     RaspiLink_FormatFixed4(vx_text, sizeof(vx_text), g_raspi_link_state.odom_linear_x_mps);
 2336              		.loc 1 518 5 is_stmt 1 view .LVU691
 518:Core/Src/balance_car/raspi_link.c ****     RaspiLink_FormatFixed4(vx_text, sizeof(vx_text), g_raspi_link_state.odom_linear_x_mps);
 2337              		.loc 1 518 74 is_stmt 0 view .LVU692
 2338 007a EA6D     		ldr	r2, [r5, #92]	@ float
 518:Core/Src/balance_car/raspi_link.c ****     RaspiLink_FormatFixed4(vx_text, sizeof(vx_text), g_raspi_link_state.odom_linear_x_mps);
 2339              		.loc 1 518 5 view .LVU693
 2340 007c 0DF13808 		add	r8, sp, #56
 2341 0080 1021     		movs	r1, #16
ARM GAS  D:\TMP\ccDrhhFo.s 			page 62


 2342 0082 4046     		mov	r0, r8
 2343 0084 FFF7FEFF 		bl	RaspiLink_FormatFixed4
 2344              	.LVL214:
 519:Core/Src/balance_car/raspi_link.c ****     RaspiLink_FormatFixed4(wz_text, sizeof(wz_text), g_raspi_link_state.odom_angular_z_rps);
 2345              		.loc 1 519 5 is_stmt 1 view .LVU694
 519:Core/Src/balance_car/raspi_link.c ****     RaspiLink_FormatFixed4(wz_text, sizeof(wz_text), g_raspi_link_state.odom_angular_z_rps);
 2346              		.loc 1 519 72 is_stmt 0 view .LVU695
 2347 0088 2A6E     		ldr	r2, [r5, #96]	@ float
 519:Core/Src/balance_car/raspi_link.c ****     RaspiLink_FormatFixed4(wz_text, sizeof(wz_text), g_raspi_link_state.odom_angular_z_rps);
 2348              		.loc 1 519 5 view .LVU696
 2349 008a 0DF12809 		add	r9, sp, #40
 2350 008e 1021     		movs	r1, #16
 2351 0090 4846     		mov	r0, r9
 2352 0092 FFF7FEFF 		bl	RaspiLink_FormatFixed4
 2353              	.LVL215:
 520:Core/Src/balance_car/raspi_link.c ****     payload_len = snprintf(payload, sizeof(payload),
 2354              		.loc 1 520 5 is_stmt 1 view .LVU697
 520:Core/Src/balance_car/raspi_link.c ****     payload_len = snprintf(payload, sizeof(payload),
 2355              		.loc 1 520 72 is_stmt 0 view .LVU698
 2356 0096 6A6E     		ldr	r2, [r5, #100]	@ float
 520:Core/Src/balance_car/raspi_link.c ****     payload_len = snprintf(payload, sizeof(payload),
 2357              		.loc 1 520 5 view .LVU699
 2358 0098 0DF1180A 		add	r10, sp, #24
 2359 009c 1021     		movs	r1, #16
 2360 009e 5046     		mov	r0, r10
 2361 00a0 FFF7FEFF 		bl	RaspiLink_FormatFixed4
 2362              	.LVL216:
 521:Core/Src/balance_car/raspi_link.c ****                            "BO,%lu,%lu,%s,%s,%s,%s,%s",
 2363              		.loc 1 521 5 is_stmt 1 view .LVU700
 523:Core/Src/balance_car/raspi_link.c ****                            (unsigned long)now,
 2364              		.loc 1 523 61 is_stmt 0 view .LVU701
 2365 00a4 6B6B     		ldr	r3, [r5, #52]
 521:Core/Src/balance_car/raspi_link.c ****                            "BO,%lu,%lu,%s,%s,%s,%s,%s",
 2366              		.loc 1 521 19 view .LVU702
 2367 00a6 CDF814A0 		str	r10, [sp, #20]
 2368 00aa CDF81090 		str	r9, [sp, #16]
 2369 00ae CDF80C80 		str	r8, [sp, #12]
 2370 00b2 0297     		str	r7, [sp, #8]
 2371 00b4 0196     		str	r6, [sp, #4]
 2372 00b6 0094     		str	r4, [sp]
 2373 00b8 354A     		ldr	r2, .L189+16
 2374 00ba 5021     		movs	r1, #80
 2375 00bc 1AA8     		add	r0, sp, #104
 2376 00be FFF7FEFF 		bl	snprintf
 2377              	.LVL217:
 530:Core/Src/balance_car/raspi_link.c ****         g_raspi_link_state.tx_error_count++;
 2378              		.loc 1 530 5 is_stmt 1 view .LVU703
 530:Core/Src/balance_car/raspi_link.c ****         g_raspi_link_state.tx_error_count++;
 2379              		.loc 1 530 26 is_stmt 0 view .LVU704
 2380 00c2 0138     		subs	r0, r0, #1
 2381              	.LVL218:
 530:Core/Src/balance_car/raspi_link.c ****         g_raspi_link_state.tx_error_count++;
 2382              		.loc 1 530 8 view .LVU705
 2383 00c4 4E28     		cmp	r0, #78
 2384 00c6 0CD9     		bls	.L175
 531:Core/Src/balance_car/raspi_link.c ****         if (Sem_RaspberryTxMutex != NULL) {
 2385              		.loc 1 531 9 is_stmt 1 view .LVU706
ARM GAS  D:\TMP\ccDrhhFo.s 			page 63


 531:Core/Src/balance_car/raspi_link.c ****         if (Sem_RaspberryTxMutex != NULL) {
 2386              		.loc 1 531 27 is_stmt 0 view .LVU707
 2387 00c8 2B69     		ldr	r3, [r5, #16]
 531:Core/Src/balance_car/raspi_link.c ****         if (Sem_RaspberryTxMutex != NULL) {
 2388              		.loc 1 531 42 view .LVU708
 2389 00ca 0133     		adds	r3, r3, #1
 2390 00cc 2B61     		str	r3, [r5, #16]
 532:Core/Src/balance_car/raspi_link.c ****             (void)xSemaphoreGive(Sem_RaspberryTxMutex);
 2391              		.loc 1 532 9 is_stmt 1 view .LVU709
 532:Core/Src/balance_car/raspi_link.c ****             (void)xSemaphoreGive(Sem_RaspberryTxMutex);
 2392              		.loc 1 532 34 is_stmt 0 view .LVU710
 2393 00ce 2F4B     		ldr	r3, .L189+12
 2394 00d0 1868     		ldr	r0, [r3]
 2395              	.LVL219:
 532:Core/Src/balance_car/raspi_link.c ****             (void)xSemaphoreGive(Sem_RaspberryTxMutex);
 2396              		.loc 1 532 12 view .LVU711
 2397 00d2 0028     		cmp	r0, #0
 2398 00d4 BED0     		beq	.L171
 533:Core/Src/balance_car/raspi_link.c ****         }
 2399              		.loc 1 533 13 is_stmt 1 view .LVU712
 533:Core/Src/balance_car/raspi_link.c ****         }
 2400              		.loc 1 533 19 is_stmt 0 view .LVU713
 2401 00d6 0023     		movs	r3, #0
 2402 00d8 1A46     		mov	r2, r3
 2403 00da 1946     		mov	r1, r3
 2404 00dc FFF7FEFF 		bl	xQueueGenericSend
 2405              	.LVL220:
 535:Core/Src/balance_car/raspi_link.c ****     }
 2406              		.loc 1 535 9 is_stmt 1 view .LVU714
 2407 00e0 B8E7     		b	.L171
 2408              	.LVL221:
 2409              	.L175:
 538:Core/Src/balance_car/raspi_link.c ****     frame_len = snprintf(s_tx_line, sizeof(s_tx_line), "$%s*%02X\n", payload, checksum);
 2410              		.loc 1 538 5 view .LVU715
 538:Core/Src/balance_car/raspi_link.c ****     frame_len = snprintf(s_tx_line, sizeof(s_tx_line), "$%s*%02X\n", payload, checksum);
 2411              		.loc 1 538 16 is_stmt 0 view .LVU716
 2412 00e2 1AA8     		add	r0, sp, #104
 2413              	.LVL222:
 538:Core/Src/balance_car/raspi_link.c ****     frame_len = snprintf(s_tx_line, sizeof(s_tx_line), "$%s*%02X\n", payload, checksum);
 2414              		.loc 1 538 16 view .LVU717
 2415 00e4 FFF7FEFF 		bl	RaspiLink_ChecksumAscii
 2416              	.LVL223:
 539:Core/Src/balance_car/raspi_link.c ****     if (frame_len <= 0 || frame_len >= (int)sizeof(s_tx_line)) {
 2417              		.loc 1 539 5 is_stmt 1 view .LVU718
 539:Core/Src/balance_car/raspi_link.c ****     if (frame_len <= 0 || frame_len >= (int)sizeof(s_tx_line)) {
 2418              		.loc 1 539 17 is_stmt 0 view .LVU719
 2419 00e8 0090     		str	r0, [sp]
 2420 00ea 1AAB     		add	r3, sp, #104
 2421 00ec 294A     		ldr	r2, .L189+20
 2422 00ee 6021     		movs	r1, #96
 2423 00f0 2948     		ldr	r0, .L189+24
 2424              	.LVL224:
 539:Core/Src/balance_car/raspi_link.c ****     if (frame_len <= 0 || frame_len >= (int)sizeof(s_tx_line)) {
 2425              		.loc 1 539 17 view .LVU720
 2426 00f2 FFF7FEFF 		bl	snprintf
 2427              	.LVL225:
 539:Core/Src/balance_car/raspi_link.c ****     if (frame_len <= 0 || frame_len >= (int)sizeof(s_tx_line)) {
ARM GAS  D:\TMP\ccDrhhFo.s 			page 64


 2428              		.loc 1 539 17 view .LVU721
 2429 00f6 0546     		mov	r5, r0
 2430              	.LVL226:
 540:Core/Src/balance_car/raspi_link.c ****         g_raspi_link_state.tx_error_count++;
 2431              		.loc 1 540 5 is_stmt 1 view .LVU722
 540:Core/Src/balance_car/raspi_link.c ****         g_raspi_link_state.tx_error_count++;
 2432              		.loc 1 540 24 is_stmt 0 view .LVU723
 2433 00f8 431E     		subs	r3, r0, #1
 540:Core/Src/balance_car/raspi_link.c ****         g_raspi_link_state.tx_error_count++;
 2434              		.loc 1 540 8 view .LVU724
 2435 00fa 5E2B     		cmp	r3, #94
 2436 00fc 0DD9     		bls	.L177
 541:Core/Src/balance_car/raspi_link.c ****         if (Sem_RaspberryTxMutex != NULL) {
 2437              		.loc 1 541 9 is_stmt 1 view .LVU725
 541:Core/Src/balance_car/raspi_link.c ****         if (Sem_RaspberryTxMutex != NULL) {
 2438              		.loc 1 541 27 is_stmt 0 view .LVU726
 2439 00fe 224A     		ldr	r2, .L189+8
 2440 0100 1369     		ldr	r3, [r2, #16]
 541:Core/Src/balance_car/raspi_link.c ****         if (Sem_RaspberryTxMutex != NULL) {
 2441              		.loc 1 541 42 view .LVU727
 2442 0102 0133     		adds	r3, r3, #1
 2443 0104 1361     		str	r3, [r2, #16]
 542:Core/Src/balance_car/raspi_link.c ****             (void)xSemaphoreGive(Sem_RaspberryTxMutex);
 2444              		.loc 1 542 9 is_stmt 1 view .LVU728
 542:Core/Src/balance_car/raspi_link.c ****             (void)xSemaphoreGive(Sem_RaspberryTxMutex);
 2445              		.loc 1 542 34 is_stmt 0 view .LVU729
 2446 0106 214B     		ldr	r3, .L189+12
 2447 0108 1868     		ldr	r0, [r3]
 2448              	.LVL227:
 542:Core/Src/balance_car/raspi_link.c ****             (void)xSemaphoreGive(Sem_RaspberryTxMutex);
 2449              		.loc 1 542 12 view .LVU730
 2450 010a 0028     		cmp	r0, #0
 2451 010c A2D0     		beq	.L171
 543:Core/Src/balance_car/raspi_link.c ****         }
 2452              		.loc 1 543 13 is_stmt 1 view .LVU731
 543:Core/Src/balance_car/raspi_link.c ****         }
 2453              		.loc 1 543 19 is_stmt 0 view .LVU732
 2454 010e 0023     		movs	r3, #0
 2455 0110 1A46     		mov	r2, r3
 2456 0112 1946     		mov	r1, r3
 2457 0114 FFF7FEFF 		bl	xQueueGenericSend
 2458              	.LVL228:
 545:Core/Src/balance_car/raspi_link.c ****     }
 2459              		.loc 1 545 9 is_stmt 1 view .LVU733
 2460 0118 9CE7     		b	.L171
 2461              	.LVL229:
 2462              	.L177:
 548:Core/Src/balance_car/raspi_link.c ****             s_tx_line,
 2463              		.loc 1 548 5 view .LVU734
 2464 011a 1F4F     		ldr	r7, .L189+24
 2465 011c 1F4E     		ldr	r6, .L189+28
 2466 011e 5F22     		movs	r2, #95
 2467 0120 3946     		mov	r1, r7
 2468 0122 3046     		mov	r0, r6
 2469              	.LVL230:
 548:Core/Src/balance_car/raspi_link.c ****             s_tx_line,
 2470              		.loc 1 548 5 is_stmt 0 view .LVU735
ARM GAS  D:\TMP\ccDrhhFo.s 			page 65


 2471 0124 FFF7FEFF 		bl	strncpy
 2472              	.LVL231:
 551:Core/Src/balance_car/raspi_link.c **** 
 2473              		.loc 1 551 5 is_stmt 1 view .LVU736
 551:Core/Src/balance_car/raspi_link.c **** 
 2474              		.loc 1 551 85 is_stmt 0 view .LVU737
 2475 0128 0023     		movs	r3, #0
 2476 012a 86F85F30 		strb	r3, [r6, #95]
 553:Core/Src/balance_car/raspi_link.c ****     if (HAL_UART_Transmit_IT(&s_huart_raspi, (uint8_t *)s_tx_line, (uint16_t)frame_len) != HAL_OK) 
 2477              		.loc 1 553 5 is_stmt 1 view .LVU738
 553:Core/Src/balance_car/raspi_link.c ****     if (HAL_UART_Transmit_IT(&s_huart_raspi, (uint8_t *)s_tx_line, (uint16_t)frame_len) != HAL_OK) 
 2478              		.loc 1 553 32 is_stmt 0 view .LVU739
 2479 012e 0123     		movs	r3, #1
 2480 0130 06F8B43C 		strb	r3, [r6, #-180]
 551:Core/Src/balance_car/raspi_link.c **** 
 2481              		.loc 1 551 85 view .LVU740
 2482 0134 B83E     		subs	r6, r6, #184
 554:Core/Src/balance_car/raspi_link.c ****         g_raspi_link_state.tx_busy = 0U;
 2483              		.loc 1 554 5 is_stmt 1 view .LVU741
 554:Core/Src/balance_car/raspi_link.c ****         g_raspi_link_state.tx_busy = 0U;
 2484              		.loc 1 554 9 is_stmt 0 view .LVU742
 2485 0136 AAB2     		uxth	r2, r5
 2486 0138 3946     		mov	r1, r7
 2487 013a 1948     		ldr	r0, .L189+32
 2488 013c FFF7FEFF 		bl	HAL_UART_Transmit_IT
 2489              	.LVL232:
 554:Core/Src/balance_car/raspi_link.c ****         g_raspi_link_state.tx_busy = 0U;
 2490              		.loc 1 554 8 discriminator 1 view .LVU743
 2491 0140 68B9     		cbnz	r0, .L188
 562:Core/Src/balance_car/raspi_link.c ****         (void)xSemaphoreGive(Sem_RaspberryTxMutex);
 2492              		.loc 1 562 5 is_stmt 1 view .LVU744
 562:Core/Src/balance_car/raspi_link.c ****         (void)xSemaphoreGive(Sem_RaspberryTxMutex);
 2493              		.loc 1 562 30 is_stmt 0 view .LVU745
 2494 0142 124B     		ldr	r3, .L189+12
 2495 0144 1868     		ldr	r0, [r3]
 562:Core/Src/balance_car/raspi_link.c ****         (void)xSemaphoreGive(Sem_RaspberryTxMutex);
 2496              		.loc 1 562 8 view .LVU746
 2497 0146 20B1     		cbz	r0, .L181
 563:Core/Src/balance_car/raspi_link.c ****     }
 2498              		.loc 1 563 9 is_stmt 1 view .LVU747
 563:Core/Src/balance_car/raspi_link.c ****     }
 2499              		.loc 1 563 15 is_stmt 0 view .LVU748
 2500 0148 0023     		movs	r3, #0
 2501 014a 1A46     		mov	r2, r3
 2502 014c 1946     		mov	r1, r3
 2503 014e FFF7FEFF 		bl	xQueueGenericSend
 2504              	.LVL233:
 2505              	.L181:
 565:Core/Src/balance_car/raspi_link.c ****     g_raspi_link_state.last_tx_ms = now;
 2506              		.loc 1 565 5 is_stmt 1 view .LVU749
 565:Core/Src/balance_car/raspi_link.c ****     g_raspi_link_state.last_tx_ms = now;
 2507              		.loc 1 565 23 is_stmt 0 view .LVU750
 2508 0152 0D4B     		ldr	r3, .L189+8
 2509 0154 DA68     		ldr	r2, [r3, #12]
 565:Core/Src/balance_car/raspi_link.c ****     g_raspi_link_state.last_tx_ms = now;
 2510              		.loc 1 565 32 view .LVU751
 2511 0156 0132     		adds	r2, r2, #1
ARM GAS  D:\TMP\ccDrhhFo.s 			page 66


 2512 0158 DA60     		str	r2, [r3, #12]
 566:Core/Src/balance_car/raspi_link.c **** }
 2513              		.loc 1 566 5 is_stmt 1 view .LVU752
 566:Core/Src/balance_car/raspi_link.c **** }
 2514              		.loc 1 566 35 is_stmt 0 view .LVU753
 2515 015a DC62     		str	r4, [r3, #44]
 2516 015c 7AE7     		b	.L171
 2517              	.L188:
 555:Core/Src/balance_car/raspi_link.c ****         g_raspi_link_state.tx_error_count++;
 2518              		.loc 1 555 9 is_stmt 1 view .LVU754
 555:Core/Src/balance_car/raspi_link.c ****         g_raspi_link_state.tx_error_count++;
 2519              		.loc 1 555 36 is_stmt 0 view .LVU755
 2520 015e 0022     		movs	r2, #0
 2521 0160 3271     		strb	r2, [r6, #4]
 556:Core/Src/balance_car/raspi_link.c ****         if (Sem_RaspberryTxMutex != NULL) {
 2522              		.loc 1 556 9 is_stmt 1 view .LVU756
 556:Core/Src/balance_car/raspi_link.c ****         if (Sem_RaspberryTxMutex != NULL) {
 2523              		.loc 1 556 27 is_stmt 0 view .LVU757
 2524 0162 3269     		ldr	r2, [r6, #16]
 556:Core/Src/balance_car/raspi_link.c ****         if (Sem_RaspberryTxMutex != NULL) {
 2525              		.loc 1 556 42 view .LVU758
 2526 0164 0132     		adds	r2, r2, #1
 2527 0166 3261     		str	r2, [r6, #16]
 557:Core/Src/balance_car/raspi_link.c ****             (void)xSemaphoreGive(Sem_RaspberryTxMutex);
 2528              		.loc 1 557 9 is_stmt 1 view .LVU759
 557:Core/Src/balance_car/raspi_link.c ****             (void)xSemaphoreGive(Sem_RaspberryTxMutex);
 2529              		.loc 1 557 34 is_stmt 0 view .LVU760
 2530 0168 084B     		ldr	r3, .L189+12
 2531 016a 1868     		ldr	r0, [r3]
 557:Core/Src/balance_car/raspi_link.c ****             (void)xSemaphoreGive(Sem_RaspberryTxMutex);
 2532              		.loc 1 557 12 view .LVU761
 2533 016c 0028     		cmp	r0, #0
 2534 016e 3FF471AF 		beq	.L171
 558:Core/Src/balance_car/raspi_link.c ****         }
 2535              		.loc 1 558 13 is_stmt 1 view .LVU762
 558:Core/Src/balance_car/raspi_link.c ****         }
 2536              		.loc 1 558 19 is_stmt 0 view .LVU763
 2537 0172 0023     		movs	r3, #0
 2538 0174 1A46     		mov	r2, r3
 2539 0176 1946     		mov	r1, r3
 2540 0178 FFF7FEFF 		bl	xQueueGenericSend
 2541              	.LVL234:
 560:Core/Src/balance_car/raspi_link.c ****     }
 2542              		.loc 1 560 9 is_stmt 1 view .LVU764
 2543 017c 6AE7     		b	.L171
 2544              	.LVL235:
 2545              	.L184:
 2546              	.LCFI47:
 2547              		.cfi_def_cfa_offset 0
 2548              		.cfi_restore 4
 2549              		.cfi_restore 5
 2550              		.cfi_restore 6
 2551              		.cfi_restore 7
 2552              		.cfi_restore 8
 2553              		.cfi_restore 9
 2554              		.cfi_restore 10
 2555              		.cfi_restore 14
ARM GAS  D:\TMP\ccDrhhFo.s 			page 67


 560:Core/Src/balance_car/raspi_link.c ****     }
 2556              		.loc 1 560 9 is_stmt 0 view .LVU765
 2557 017e 7047     		bx	lr
 2558              	.L190:
 2559              		.align	2
 2560              	.L189:
 2561 0180 00000000 		.word	g_raspi_link_debug
 2562 0184 00000000 		.word	s_next_odom_tx_ms
 2563 0188 00000000 		.word	g_raspi_link_state
 2564 018c 00000000 		.word	Sem_RaspberryTxMutex
 2565 0190 00000000 		.word	.LC4
 2566 0194 1C000000 		.word	.LC5
 2567 0198 00000000 		.word	s_tx_line
 2568 019c B8000000 		.word	g_raspi_link_state+184
 2569 01a0 00000000 		.word	s_huart_raspi
 2570              		.cfi_endproc
 2571              	.LFE92:
 2573              		.section	.text.RaspiLink_Init,"ax",%progbits
 2574              		.align	1
 2575              		.global	RaspiLink_Init
 2576              		.syntax unified
 2577              		.thumb
 2578              		.thumb_func
 2580              	RaspiLink_Init:
 2581              	.LFB79:
 149:Core/Src/balance_car/raspi_link.c ****     HAL_StatusTypeDef status;
 2582              		.loc 1 149 1 is_stmt 1 view -0
 2583              		.cfi_startproc
 2584              		@ args = 0, pretend = 0, frame = 0
 2585              		@ frame_needed = 0, uses_anonymous_args = 0
 2586 0000 10B5     		push	{r4, lr}
 2587              	.LCFI48:
 2588              		.cfi_def_cfa_offset 8
 2589              		.cfi_offset 4, -8
 2590              		.cfi_offset 14, -4
 150:Core/Src/balance_car/raspi_link.c **** 
 2591              		.loc 1 150 5 view .LVU767
 152:Core/Src/balance_car/raspi_link.c ****     s_rx_index = 0U;
 2592              		.loc 1 152 5 view .LVU768
 2593 0002 4FF48C72 		mov	r2, #280
 2594 0006 0021     		movs	r1, #0
 2595 0008 0F48     		ldr	r0, .L195
 2596 000a FFF7FEFF 		bl	memset
 2597              	.LVL236:
 153:Core/Src/balance_car/raspi_link.c ****     s_line_ready = 0U;
 2598              		.loc 1 153 5 view .LVU769
 153:Core/Src/balance_car/raspi_link.c ****     s_line_ready = 0U;
 2599              		.loc 1 153 16 is_stmt 0 view .LVU770
 2600 000e 0023     		movs	r3, #0
 2601 0010 0E4A     		ldr	r2, .L195+4
 2602 0012 1370     		strb	r3, [r2]
 154:Core/Src/balance_car/raspi_link.c ****     s_line_queued = 0U;
 2603              		.loc 1 154 5 is_stmt 1 view .LVU771
 154:Core/Src/balance_car/raspi_link.c ****     s_line_queued = 0U;
 2604              		.loc 1 154 18 is_stmt 0 view .LVU772
 2605 0014 0E4A     		ldr	r2, .L195+8
 2606 0016 1370     		strb	r3, [r2]
ARM GAS  D:\TMP\ccDrhhFo.s 			page 68


 155:Core/Src/balance_car/raspi_link.c ****     s_rx_line_start_ms = 0U;
 2607              		.loc 1 155 5 is_stmt 1 view .LVU773
 155:Core/Src/balance_car/raspi_link.c ****     s_rx_line_start_ms = 0U;
 2608              		.loc 1 155 19 is_stmt 0 view .LVU774
 2609 0018 0E4A     		ldr	r2, .L195+12
 2610 001a 1370     		strb	r3, [r2]
 156:Core/Src/balance_car/raspi_link.c ****     s_next_odom_tx_ms = HAL_GetTick() + g_raspi_link_debug.odom_period_ms;
 2611              		.loc 1 156 5 is_stmt 1 view .LVU775
 156:Core/Src/balance_car/raspi_link.c ****     s_next_odom_tx_ms = HAL_GetTick() + g_raspi_link_debug.odom_period_ms;
 2612              		.loc 1 156 24 is_stmt 0 view .LVU776
 2613 001c 0E4A     		ldr	r2, .L195+16
 2614 001e 1360     		str	r3, [r2]
 157:Core/Src/balance_car/raspi_link.c ****     s_last_odom_update_ms = HAL_GetTick();
 2615              		.loc 1 157 5 is_stmt 1 view .LVU777
 157:Core/Src/balance_car/raspi_link.c ****     s_last_odom_update_ms = HAL_GetTick();
 2616              		.loc 1 157 25 is_stmt 0 view .LVU778
 2617 0020 FFF7FEFF 		bl	HAL_GetTick
 2618              	.LVL237:
 157:Core/Src/balance_car/raspi_link.c ****     s_last_odom_update_ms = HAL_GetTick();
 2619              		.loc 1 157 59 discriminator 1 view .LVU779
 2620 0024 0D4B     		ldr	r3, .L195+20
 2621 0026 DB69     		ldr	r3, [r3, #28]
 157:Core/Src/balance_car/raspi_link.c ****     s_last_odom_update_ms = HAL_GetTick();
 2622              		.loc 1 157 39 discriminator 1 view .LVU780
 2623 0028 1844     		add	r0, r0, r3
 157:Core/Src/balance_car/raspi_link.c ****     s_last_odom_update_ms = HAL_GetTick();
 2624              		.loc 1 157 23 discriminator 1 view .LVU781
 2625 002a 0D4B     		ldr	r3, .L195+24
 2626 002c 1860     		str	r0, [r3]
 158:Core/Src/balance_car/raspi_link.c ****     status = RaspiLink_UartInit();
 2627              		.loc 1 158 5 is_stmt 1 view .LVU782
 158:Core/Src/balance_car/raspi_link.c ****     status = RaspiLink_UartInit();
 2628              		.loc 1 158 29 is_stmt 0 view .LVU783
 2629 002e FFF7FEFF 		bl	HAL_GetTick
 2630              	.LVL238:
 158:Core/Src/balance_car/raspi_link.c ****     status = RaspiLink_UartInit();
 2631              		.loc 1 158 27 discriminator 1 view .LVU784
 2632 0032 0C4B     		ldr	r3, .L195+28
 2633 0034 1860     		str	r0, [r3]
 159:Core/Src/balance_car/raspi_link.c ****     if (status == HAL_OK) {
 2634              		.loc 1 159 5 is_stmt 1 view .LVU785
 159:Core/Src/balance_car/raspi_link.c ****     if (status == HAL_OK) {
 2635              		.loc 1 159 14 is_stmt 0 view .LVU786
 2636 0036 FFF7FEFF 		bl	RaspiLink_UartInit
 2637              	.LVL239:
 160:Core/Src/balance_car/raspi_link.c ****         RaspiLink_StartReceive();
 2638              		.loc 1 160 5 is_stmt 1 view .LVU787
 160:Core/Src/balance_car/raspi_link.c ****         RaspiLink_StartReceive();
 2639              		.loc 1 160 8 is_stmt 0 view .LVU788
 2640 003a 0446     		mov	r4, r0
 2641 003c 08B1     		cbz	r0, .L194
 2642              	.LVL240:
 2643              	.L192:
 163:Core/Src/balance_car/raspi_link.c **** }
 2644              		.loc 1 163 5 is_stmt 1 view .LVU789
 164:Core/Src/balance_car/raspi_link.c **** 
 2645              		.loc 1 164 1 is_stmt 0 view .LVU790
ARM GAS  D:\TMP\ccDrhhFo.s 			page 69


 2646 003e 2046     		mov	r0, r4
 2647 0040 10BD     		pop	{r4, pc}
 2648              	.LVL241:
 2649              	.L194:
 161:Core/Src/balance_car/raspi_link.c ****     }
 2650              		.loc 1 161 9 is_stmt 1 view .LVU791
 2651 0042 FFF7FEFF 		bl	RaspiLink_StartReceive
 2652              	.LVL242:
 161:Core/Src/balance_car/raspi_link.c ****     }
 2653              		.loc 1 161 9 is_stmt 0 view .LVU792
 2654 0046 FAE7     		b	.L192
 2655              	.L196:
 2656              		.align	2
 2657              	.L195:
 2658 0048 00000000 		.word	g_raspi_link_state
 2659 004c 00000000 		.word	s_rx_index
 2660 0050 00000000 		.word	s_line_ready
 2661 0054 00000000 		.word	s_line_queued
 2662 0058 00000000 		.word	s_rx_line_start_ms
 2663 005c 00000000 		.word	g_raspi_link_debug
 2664 0060 00000000 		.word	s_next_odom_tx_ms
 2665 0064 00000000 		.word	s_last_odom_update_ms
 2666              		.cfi_endproc
 2667              	.LFE79:
 2669              		.section	.text.RaspiLink_Background,"ax",%progbits
 2670              		.align	1
 2671              		.global	RaspiLink_Background
 2672              		.syntax unified
 2673              		.thumb
 2674              		.thumb_func
 2676              	RaspiLink_Background:
 2677              	.LFB93:
 568:Core/Src/balance_car/raspi_link.c **** 
 569:Core/Src/balance_car/raspi_link.c **** void RaspiLink_Background(void)
 570:Core/Src/balance_car/raspi_link.c **** {
 2678              		.loc 1 570 1 is_stmt 1 view -0
 2679              		.cfi_startproc
 2680              		@ args = 0, pretend = 0, frame = 80
 2681              		@ frame_needed = 0, uses_anonymous_args = 0
 2682 0000 30B5     		push	{r4, r5, lr}
 2683              	.LCFI49:
 2684              		.cfi_def_cfa_offset 12
 2685              		.cfi_offset 4, -12
 2686              		.cfi_offset 5, -8
 2687              		.cfi_offset 14, -4
 2688 0002 95B0     		sub	sp, sp, #84
 2689              	.LCFI50:
 2690              		.cfi_def_cfa_offset 96
 571:Core/Src/balance_car/raspi_link.c ****     uint32_t now = HAL_GetTick();
 2691              		.loc 1 571 5 view .LVU794
 2692              		.loc 1 571 20 is_stmt 0 view .LVU795
 2693 0004 FFF7FEFF 		bl	HAL_GetTick
 2694              	.LVL243:
 2695 0008 0546     		mov	r5, r0
 2696              	.LVL244:
 572:Core/Src/balance_car/raspi_link.c ****     AppRaspiLine_t queued_line;
 2697              		.loc 1 572 5 is_stmt 1 view .LVU796
ARM GAS  D:\TMP\ccDrhhFo.s 			page 70


 573:Core/Src/balance_car/raspi_link.c ****     uint8_t processed_queued_line = 0U;
 2698              		.loc 1 573 5 view .LVU797
 574:Core/Src/balance_car/raspi_link.c **** 
 575:Core/Src/balance_car/raspi_link.c ****     if (g_raspi_link_debug.odom_reset_request != 0U) {
 2699              		.loc 1 575 5 view .LVU798
 2700              		.loc 1 575 27 is_stmt 0 view .LVU799
 2701 000a 2D4B     		ldr	r3, .L206
 2702 000c 1B79     		ldrb	r3, [r3, #4]	@ zero_extendqisi2
 2703              		.loc 1 575 8 view .LVU800
 2704 000e 3BB1     		cbz	r3, .L198
 576:Core/Src/balance_car/raspi_link.c ****         g_raspi_link_debug.odom_reset_request = 0U;
 2705              		.loc 1 576 9 is_stmt 1 view .LVU801
 2706              		.loc 1 576 47 is_stmt 0 view .LVU802
 2707 0010 2B4B     		ldr	r3, .L206
 2708 0012 0022     		movs	r2, #0
 2709 0014 1A71     		strb	r2, [r3, #4]
 577:Core/Src/balance_car/raspi_link.c ****         g_raspi_link_state.odom_x_m = 0.0f;
 2710              		.loc 1 577 9 is_stmt 1 view .LVU803
 2711              		.loc 1 577 37 is_stmt 0 view .LVU804
 2712 0016 2B4B     		ldr	r3, .L206+4
 2713 0018 0022     		movs	r2, #0
 2714 001a 5A65     		str	r2, [r3, #84]	@ float
 578:Core/Src/balance_car/raspi_link.c ****         g_raspi_link_state.odom_y_m = 0.0f;
 2715              		.loc 1 578 9 is_stmt 1 view .LVU805
 2716              		.loc 1 578 37 is_stmt 0 view .LVU806
 2717 001c 9A65     		str	r2, [r3, #88]	@ float
 579:Core/Src/balance_car/raspi_link.c ****         g_raspi_link_state.odom_yaw_rad = 0.0f;
 2718              		.loc 1 579 9 is_stmt 1 view .LVU807
 2719              		.loc 1 579 41 is_stmt 0 view .LVU808
 2720 001e DA65     		str	r2, [r3, #92]	@ float
 2721              	.L198:
 570:Core/Src/balance_car/raspi_link.c ****     uint32_t now = HAL_GetTick();
 2722              		.loc 1 570 1 view .LVU809
 2723 0020 0024     		movs	r4, #0
 2724 0022 15E0     		b	.L199
 2725              	.LVL245:
 2726              	.L201:
 580:Core/Src/balance_car/raspi_link.c ****     }
 581:Core/Src/balance_car/raspi_link.c **** 
 582:Core/Src/balance_car/raspi_link.c ****     while (Queue_RaspberryRxLine != NULL &&
 583:Core/Src/balance_car/raspi_link.c ****            xQueueReceive(Queue_RaspberryRxLine, &queued_line, 0U) == pdPASS) {
 584:Core/Src/balance_car/raspi_link.c ****         processed_queued_line = 1U;
 2727              		.loc 1 584 9 is_stmt 1 view .LVU810
 585:Core/Src/balance_car/raspi_link.c ****         strncpy(s_parse_line, queued_line.text, sizeof(s_parse_line) - 1U);
 2728              		.loc 1 585 9 view .LVU811
 2729 0024 284C     		ldr	r4, .L206+8
 2730 0026 4F22     		movs	r2, #79
 2731 0028 6946     		mov	r1, sp
 2732 002a 2046     		mov	r0, r4
 2733 002c FFF7FEFF 		bl	strncpy
 2734              	.LVL246:
 586:Core/Src/balance_car/raspi_link.c ****         s_parse_line[sizeof(s_parse_line) - 1U] = '\0';
 2735              		.loc 1 586 9 view .LVU812
 2736              		.loc 1 586 49 is_stmt 0 view .LVU813
 2737 0030 0023     		movs	r3, #0
 2738 0032 84F84F30 		strb	r3, [r4, #79]
 587:Core/Src/balance_car/raspi_link.c ****         g_raspi_link_state.frame_ready = (uint8_t)(uxQueueMessagesWaiting(Queue_RaspberryRxLine) !=
ARM GAS  D:\TMP\ccDrhhFo.s 			page 71


 2739              		.loc 1 587 9 is_stmt 1 view .LVU814
 2740              		.loc 1 587 52 is_stmt 0 view .LVU815
 2741 0036 254B     		ldr	r3, .L206+12
 2742 0038 1868     		ldr	r0, [r3]
 2743 003a FFF7FEFF 		bl	uxQueueMessagesWaiting
 2744              	.LVL247:
 2745              		.loc 1 587 42 discriminator 1 view .LVU816
 2746 003e 0038     		subs	r0, r0, #0
 2747 0040 18BF     		it	ne
 2748 0042 0120     		movne	r0, #1
 2749              		.loc 1 587 40 discriminator 1 view .LVU817
 2750 0044 1F4B     		ldr	r3, .L206+4
 2751 0046 5870     		strb	r0, [r3, #1]
 588:Core/Src/balance_car/raspi_link.c ****         RaspiLink_ProcessLine(s_parse_line);
 2752              		.loc 1 588 9 is_stmt 1 view .LVU818
 2753 0048 2046     		mov	r0, r4
 2754 004a FFF7FEFF 		bl	RaspiLink_ProcessLine
 2755              	.LVL248:
 584:Core/Src/balance_car/raspi_link.c ****         strncpy(s_parse_line, queued_line.text, sizeof(s_parse_line) - 1U);
 2756              		.loc 1 584 31 is_stmt 0 view .LVU819
 2757 004e 0124     		movs	r4, #1
 2758              	.LVL249:
 2759              	.L199:
 582:Core/Src/balance_car/raspi_link.c ****            xQueueReceive(Queue_RaspberryRxLine, &queued_line, 0U) == pdPASS) {
 2760              		.loc 1 582 42 is_stmt 1 view .LVU820
 582:Core/Src/balance_car/raspi_link.c ****            xQueueReceive(Queue_RaspberryRxLine, &queued_line, 0U) == pdPASS) {
 2761              		.loc 1 582 34 is_stmt 0 view .LVU821
 2762 0050 1E4B     		ldr	r3, .L206+12
 2763 0052 1868     		ldr	r0, [r3]
 582:Core/Src/balance_car/raspi_link.c ****            xQueueReceive(Queue_RaspberryRxLine, &queued_line, 0U) == pdPASS) {
 2764              		.loc 1 582 42 view .LVU822
 2765 0054 28B1     		cbz	r0, .L200
 583:Core/Src/balance_car/raspi_link.c ****         processed_queued_line = 1U;
 2766              		.loc 1 583 12 view .LVU823
 2767 0056 0022     		movs	r2, #0
 2768 0058 6946     		mov	r1, sp
 2769 005a FFF7FEFF 		bl	xQueueReceive
 2770              	.LVL250:
 582:Core/Src/balance_car/raspi_link.c ****            xQueueReceive(Queue_RaspberryRxLine, &queued_line, 0U) == pdPASS) {
 2771              		.loc 1 582 42 discriminator 1 view .LVU824
 2772 005e 0128     		cmp	r0, #1
 2773 0060 E0D0     		beq	.L201
 2774              	.L200:
 589:Core/Src/balance_car/raspi_link.c ****     }
 590:Core/Src/balance_car/raspi_link.c **** 
 591:Core/Src/balance_car/raspi_link.c ****     if (processed_queued_line != 0U) {
 2775              		.loc 1 591 5 is_stmt 1 view .LVU825
 2776              		.loc 1 591 8 is_stmt 0 view .LVU826
 2777 0062 34B1     		cbz	r4, .L202
 592:Core/Src/balance_car/raspi_link.c ****         __disable_irq();
 2778              		.loc 1 592 9 is_stmt 1 view .LVU827
 2779              	.LBB22:
 2780              	.LBI22:
 140:Drivers/CMSIS/Include/cmsis_gcc.h **** {
 2781              		.loc 2 140 27 view .LVU828
 2782              	.LBB23:
 2783              		.loc 2 142 3 view .LVU829
ARM GAS  D:\TMP\ccDrhhFo.s 			page 72


 2784              		.syntax unified
 2785              	@ 142 "Drivers/CMSIS/Include/cmsis_gcc.h" 1
 2786 0064 72B6     		cpsid i
 2787              	@ 0 "" 2
 2788              		.thumb
 2789              		.syntax unified
 2790              	.LBE23:
 2791              	.LBE22:
 593:Core/Src/balance_car/raspi_link.c ****         s_line_ready = 0U;
 2792              		.loc 1 593 9 view .LVU830
 2793              		.loc 1 593 22 is_stmt 0 view .LVU831
 2794 0066 0023     		movs	r3, #0
 2795 0068 194A     		ldr	r2, .L206+16
 2796 006a 1370     		strb	r3, [r2]
 594:Core/Src/balance_car/raspi_link.c ****         s_line_queued = 0U;
 2797              		.loc 1 594 9 is_stmt 1 view .LVU832
 2798              		.loc 1 594 23 is_stmt 0 view .LVU833
 2799 006c 194A     		ldr	r2, .L206+20
 2800 006e 1370     		strb	r3, [r2]
 595:Core/Src/balance_car/raspi_link.c ****         __enable_irq();
 2801              		.loc 1 595 9 is_stmt 1 view .LVU834
 2802              	.LBB24:
 2803              	.LBI24:
 129:Drivers/CMSIS/Include/cmsis_gcc.h **** {
 2804              		.loc 2 129 27 view .LVU835
 2805              	.LBB25:
 131:Drivers/CMSIS/Include/cmsis_gcc.h **** }
 2806              		.loc 2 131 3 view .LVU836
 2807              		.syntax unified
 2808              	@ 131 "Drivers/CMSIS/Include/cmsis_gcc.h" 1
 2809 0070 62B6     		cpsie i
 2810              	@ 0 "" 2
 2811              		.thumb
 2812              		.syntax unified
 2813              	.L202:
 2814              	.LBE25:
 2815              	.LBE24:
 596:Core/Src/balance_car/raspi_link.c ****     }
 597:Core/Src/balance_car/raspi_link.c **** 
 598:Core/Src/balance_car/raspi_link.c ****     if (s_line_ready != 0U && s_line_queued == 0U) {
 2816              		.loc 1 598 5 view .LVU837
 2817              		.loc 1 598 22 is_stmt 0 view .LVU838
 2818 0072 174B     		ldr	r3, .L206+16
 2819 0074 1B78     		ldrb	r3, [r3]	@ zero_extendqisi2
 2820              		.loc 1 598 8 view .LVU839
 2821 0076 13B1     		cbz	r3, .L203
 2822              		.loc 1 598 45 discriminator 1 view .LVU840
 2823 0078 164B     		ldr	r3, .L206+20
 2824 007a 1B78     		ldrb	r3, [r3]	@ zero_extendqisi2
 2825              		.loc 1 598 28 discriminator 1 view .LVU841
 2826 007c 5BB1     		cbz	r3, .L205
 2827              	.LVL251:
 2828              	.L203:
 599:Core/Src/balance_car/raspi_link.c ****         __disable_irq();
 600:Core/Src/balance_car/raspi_link.c ****         strncpy(s_parse_line, s_pending_line, sizeof(s_parse_line) - 1U);
 601:Core/Src/balance_car/raspi_link.c ****         s_parse_line[sizeof(s_parse_line) - 1U] = '\0';
 602:Core/Src/balance_car/raspi_link.c ****         s_line_ready = 0U;
ARM GAS  D:\TMP\ccDrhhFo.s 			page 73


 603:Core/Src/balance_car/raspi_link.c ****         s_line_queued = 0U;
 604:Core/Src/balance_car/raspi_link.c ****         g_raspi_link_state.frame_ready = 0U;
 605:Core/Src/balance_car/raspi_link.c ****         __enable_irq();
 606:Core/Src/balance_car/raspi_link.c **** 
 607:Core/Src/balance_car/raspi_link.c ****         RaspiLink_ProcessLine(s_parse_line);
 608:Core/Src/balance_car/raspi_link.c ****     }
 609:Core/Src/balance_car/raspi_link.c **** 
 610:Core/Src/balance_car/raspi_link.c ****     RaspiLink_UpdateOdometry(now);
 2829              		.loc 1 610 5 is_stmt 1 view .LVU842
 2830 007e 2846     		mov	r0, r5
 2831 0080 FFF7FEFF 		bl	RaspiLink_UpdateOdometry
 2832              	.LVL252:
 611:Core/Src/balance_car/raspi_link.c ****     RaspiLink_CheckLineTimeout();
 2833              		.loc 1 611 5 view .LVU843
 2834 0084 FFF7FEFF 		bl	RaspiLink_CheckLineTimeout
 2835              	.LVL253:
 612:Core/Src/balance_car/raspi_link.c ****     RaspiLink_CheckTimeout();
 2836              		.loc 1 612 5 view .LVU844
 2837 0088 FFF7FEFF 		bl	RaspiLink_CheckTimeout
 2838              	.LVL254:
 613:Core/Src/balance_car/raspi_link.c ****     RaspiLink_SendOdometry(now);
 2839              		.loc 1 613 5 view .LVU845
 2840 008c 2846     		mov	r0, r5
 2841 008e FFF7FEFF 		bl	RaspiLink_SendOdometry
 2842              	.LVL255:
 614:Core/Src/balance_car/raspi_link.c **** }
 2843              		.loc 1 614 1 is_stmt 0 view .LVU846
 2844 0092 15B0     		add	sp, sp, #84
 2845              	.LCFI51:
 2846              		.cfi_remember_state
 2847              		.cfi_def_cfa_offset 12
 2848              		@ sp needed
 2849 0094 30BD     		pop	{r4, r5, pc}
 2850              	.LVL256:
 2851              	.L205:
 2852              	.LCFI52:
 2853              		.cfi_restore_state
 599:Core/Src/balance_car/raspi_link.c ****         strncpy(s_parse_line, s_pending_line, sizeof(s_parse_line) - 1U);
 2854              		.loc 1 599 9 is_stmt 1 view .LVU847
 2855              	.LBB26:
 2856              	.LBI26:
 140:Drivers/CMSIS/Include/cmsis_gcc.h **** {
 2857              		.loc 2 140 27 view .LVU848
 2858              	.LBB27:
 2859              		.loc 2 142 3 view .LVU849
 2860              		.syntax unified
 2861              	@ 142 "Drivers/CMSIS/Include/cmsis_gcc.h" 1
 2862 0096 72B6     		cpsid i
 2863              	@ 0 "" 2
 2864              		.thumb
 2865              		.syntax unified
 2866              	.LBE27:
 2867              	.LBE26:
 600:Core/Src/balance_car/raspi_link.c ****         s_parse_line[sizeof(s_parse_line) - 1U] = '\0';
 2868              		.loc 1 600 9 view .LVU850
 2869 0098 0B4C     		ldr	r4, .L206+8
 2870              	.LVL257:
ARM GAS  D:\TMP\ccDrhhFo.s 			page 74


 600:Core/Src/balance_car/raspi_link.c ****         s_parse_line[sizeof(s_parse_line) - 1U] = '\0';
 2871              		.loc 1 600 9 is_stmt 0 view .LVU851
 2872 009a 4F22     		movs	r2, #79
 2873 009c 0E49     		ldr	r1, .L206+24
 2874 009e 2046     		mov	r0, r4
 2875 00a0 FFF7FEFF 		bl	strncpy
 2876              	.LVL258:
 601:Core/Src/balance_car/raspi_link.c ****         s_line_ready = 0U;
 2877              		.loc 1 601 9 is_stmt 1 view .LVU852
 601:Core/Src/balance_car/raspi_link.c ****         s_line_ready = 0U;
 2878              		.loc 1 601 49 is_stmt 0 view .LVU853
 2879 00a4 0023     		movs	r3, #0
 2880 00a6 84F84F30 		strb	r3, [r4, #79]
 602:Core/Src/balance_car/raspi_link.c ****         s_line_queued = 0U;
 2881              		.loc 1 602 9 is_stmt 1 view .LVU854
 602:Core/Src/balance_car/raspi_link.c ****         s_line_queued = 0U;
 2882              		.loc 1 602 22 is_stmt 0 view .LVU855
 2883 00aa 094A     		ldr	r2, .L206+16
 2884 00ac 1370     		strb	r3, [r2]
 603:Core/Src/balance_car/raspi_link.c ****         g_raspi_link_state.frame_ready = 0U;
 2885              		.loc 1 603 9 is_stmt 1 view .LVU856
 603:Core/Src/balance_car/raspi_link.c ****         g_raspi_link_state.frame_ready = 0U;
 2886              		.loc 1 603 23 is_stmt 0 view .LVU857
 2887 00ae 094A     		ldr	r2, .L206+20
 2888 00b0 1370     		strb	r3, [r2]
 604:Core/Src/balance_car/raspi_link.c ****         __enable_irq();
 2889              		.loc 1 604 9 is_stmt 1 view .LVU858
 604:Core/Src/balance_car/raspi_link.c ****         __enable_irq();
 2890              		.loc 1 604 40 is_stmt 0 view .LVU859
 2891 00b2 044A     		ldr	r2, .L206+4
 2892 00b4 5370     		strb	r3, [r2, #1]
 605:Core/Src/balance_car/raspi_link.c **** 
 2893              		.loc 1 605 9 is_stmt 1 view .LVU860
 2894              	.LBB28:
 2895              	.LBI28:
 129:Drivers/CMSIS/Include/cmsis_gcc.h **** {
 2896              		.loc 2 129 27 view .LVU861
 2897              	.LBB29:
 131:Drivers/CMSIS/Include/cmsis_gcc.h **** }
 2898              		.loc 2 131 3 view .LVU862
 2899              		.syntax unified
 2900              	@ 131 "Drivers/CMSIS/Include/cmsis_gcc.h" 1
 2901 00b6 62B6     		cpsie i
 2902              	@ 0 "" 2
 2903              		.thumb
 2904              		.syntax unified
 2905              	.LBE29:
 2906              	.LBE28:
 607:Core/Src/balance_car/raspi_link.c ****     }
 2907              		.loc 1 607 9 view .LVU863
 2908 00b8 2046     		mov	r0, r4
 2909 00ba FFF7FEFF 		bl	RaspiLink_ProcessLine
 2910              	.LVL259:
 2911 00be DEE7     		b	.L203
 2912              	.L207:
 2913              		.align	2
 2914              	.L206:
ARM GAS  D:\TMP\ccDrhhFo.s 			page 75


 2915 00c0 00000000 		.word	g_raspi_link_debug
 2916 00c4 00000000 		.word	g_raspi_link_state
 2917 00c8 00000000 		.word	s_parse_line
 2918 00cc 00000000 		.word	Queue_RaspberryRxLine
 2919 00d0 00000000 		.word	s_line_ready
 2920 00d4 00000000 		.word	s_line_queued
 2921 00d8 00000000 		.word	s_pending_line
 2922              		.cfi_endproc
 2923              	.LFE93:
 2925              		.section	.text.RaspiLink_IRQHandler,"ax",%progbits
 2926              		.align	1
 2927              		.global	RaspiLink_IRQHandler
 2928              		.syntax unified
 2929              		.thumb
 2930              		.thumb_func
 2932              	RaspiLink_IRQHandler:
 2933              	.LFB94:
 615:Core/Src/balance_car/raspi_link.c **** 
 616:Core/Src/balance_car/raspi_link.c **** void RaspiLink_IRQHandler(void)
 617:Core/Src/balance_car/raspi_link.c **** {
 2934              		.loc 1 617 1 view -0
 2935              		.cfi_startproc
 2936              		@ args = 0, pretend = 0, frame = 0
 2937              		@ frame_needed = 0, uses_anonymous_args = 0
 2938 0000 08B5     		push	{r3, lr}
 2939              	.LCFI53:
 2940              		.cfi_def_cfa_offset 8
 2941              		.cfi_offset 3, -8
 2942              		.cfi_offset 14, -4
 618:Core/Src/balance_car/raspi_link.c ****     HAL_UART_IRQHandler(&s_huart_raspi);
 2943              		.loc 1 618 5 view .LVU865
 2944 0002 0248     		ldr	r0, .L210
 2945 0004 FFF7FEFF 		bl	HAL_UART_IRQHandler
 2946              	.LVL260:
 619:Core/Src/balance_car/raspi_link.c **** }
 2947              		.loc 1 619 1 is_stmt 0 view .LVU866
 2948 0008 08BD     		pop	{r3, pc}
 2949              	.L211:
 2950 000a 00BF     		.align	2
 2951              	.L210:
 2952 000c 00000000 		.word	s_huart_raspi
 2953              		.cfi_endproc
 2954              	.LFE94:
 2956              		.section	.text.RaspiLink_RxCpltCallback,"ax",%progbits
 2957              		.align	1
 2958              		.global	RaspiLink_RxCpltCallback
 2959              		.syntax unified
 2960              		.thumb
 2961              		.thumb_func
 2963              	RaspiLink_RxCpltCallback:
 2964              	.LVL261:
 2965              	.LFB95:
 620:Core/Src/balance_car/raspi_link.c **** 
 621:Core/Src/balance_car/raspi_link.c **** uint8_t RaspiLink_RxCpltCallback(UART_HandleTypeDef *huart)
 622:Core/Src/balance_car/raspi_link.c **** {
 2966              		.loc 1 622 1 is_stmt 1 view -0
 2967              		.cfi_startproc
ARM GAS  D:\TMP\ccDrhhFo.s 			page 76


 2968              		@ args = 0, pretend = 0, frame = 88
 2969              		@ frame_needed = 0, uses_anonymous_args = 0
 2970              		.loc 1 622 1 is_stmt 0 view .LVU868
 2971 0000 30B5     		push	{r4, r5, lr}
 2972              	.LCFI54:
 2973              		.cfi_def_cfa_offset 12
 2974              		.cfi_offset 4, -12
 2975              		.cfi_offset 5, -8
 2976              		.cfi_offset 14, -4
 2977 0002 97B0     		sub	sp, sp, #92
 2978              	.LCFI55:
 2979              		.cfi_def_cfa_offset 104
 623:Core/Src/balance_car/raspi_link.c ****     uint8_t ch;
 2980              		.loc 1 623 5 is_stmt 1 view .LVU869
 624:Core/Src/balance_car/raspi_link.c ****     AppRaspiLine_t queued_line;
 2981              		.loc 1 624 5 view .LVU870
 625:Core/Src/balance_car/raspi_link.c ****     BaseType_t higher_priority_task_woken = pdFALSE;
 2982              		.loc 1 625 5 view .LVU871
 2983              		.loc 1 625 16 is_stmt 0 view .LVU872
 2984 0004 0023     		movs	r3, #0
 2985 0006 0193     		str	r3, [sp, #4]
 626:Core/Src/balance_car/raspi_link.c **** 
 627:Core/Src/balance_car/raspi_link.c ****     if (huart->Instance != RASPI_UART) {
 2986              		.loc 1 627 5 is_stmt 1 view .LVU873
 2987              		.loc 1 627 14 is_stmt 0 view .LVU874
 2988 0008 0268     		ldr	r2, [r0]
 2989              		.loc 1 627 8 view .LVU875
 2990 000a 404B     		ldr	r3, .L230
 2991 000c 9A42     		cmp	r2, r3
 2992 000e 02D0     		beq	.L224
 628:Core/Src/balance_car/raspi_link.c ****         return 0U;
 2993              		.loc 1 628 16 view .LVU876
 2994 0010 0020     		movs	r0, #0
 2995              	.LVL262:
 2996              	.L213:
 629:Core/Src/balance_car/raspi_link.c ****     }
 630:Core/Src/balance_car/raspi_link.c **** 
 631:Core/Src/balance_car/raspi_link.c ****     ch = s_rx_byte;
 632:Core/Src/balance_car/raspi_link.c ****     g_raspi_link_state.rx_count++;
 633:Core/Src/balance_car/raspi_link.c **** 
 634:Core/Src/balance_car/raspi_link.c ****     if (ch == '\r') {
 635:Core/Src/balance_car/raspi_link.c ****         RaspiLink_StartReceive();
 636:Core/Src/balance_car/raspi_link.c ****         return 1U;
 637:Core/Src/balance_car/raspi_link.c ****     }
 638:Core/Src/balance_car/raspi_link.c **** 
 639:Core/Src/balance_car/raspi_link.c ****     if (ch == '\n') {
 640:Core/Src/balance_car/raspi_link.c ****         s_rx_line[s_rx_index] = '\0';
 641:Core/Src/balance_car/raspi_link.c ****         strncpy(s_pending_line, s_rx_line, sizeof(s_pending_line) - 1U);
 642:Core/Src/balance_car/raspi_link.c ****         s_pending_line[sizeof(s_pending_line) - 1U] = '\0';
 643:Core/Src/balance_car/raspi_link.c ****         s_line_queued = 0U;
 644:Core/Src/balance_car/raspi_link.c ****         if (Queue_RaspberryRxLine != NULL &&
 645:Core/Src/balance_car/raspi_link.c ****             xTaskGetSchedulerState() != taskSCHEDULER_NOT_STARTED) {
 646:Core/Src/balance_car/raspi_link.c ****             strncpy(queued_line.text, s_rx_line, sizeof(queued_line.text) - 1U);
 647:Core/Src/balance_car/raspi_link.c ****             queued_line.text[sizeof(queued_line.text) - 1U] = '\0';
 648:Core/Src/balance_car/raspi_link.c ****             if (xQueueOverwriteFromISR(Queue_RaspberryRxLine,
 649:Core/Src/balance_car/raspi_link.c ****                                        &queued_line,
 650:Core/Src/balance_car/raspi_link.c ****                                        &higher_priority_task_woken) != pdPASS) {
ARM GAS  D:\TMP\ccDrhhFo.s 			page 77


 651:Core/Src/balance_car/raspi_link.c ****                 RaspiLink_SetFault(RASPI_LINK_FAULT_LINE_OVERFLOW);
 652:Core/Src/balance_car/raspi_link.c ****             } else {
 653:Core/Src/balance_car/raspi_link.c ****                 s_line_queued = 1U;
 654:Core/Src/balance_car/raspi_link.c ****             }
 655:Core/Src/balance_car/raspi_link.c ****         }
 656:Core/Src/balance_car/raspi_link.c ****         s_rx_index = 0U;
 657:Core/Src/balance_car/raspi_link.c ****         s_rx_line_start_ms = 0U;
 658:Core/Src/balance_car/raspi_link.c ****         s_line_ready = 1U;
 659:Core/Src/balance_car/raspi_link.c ****         g_raspi_link_state.frame_ready = 1U;
 660:Core/Src/balance_car/raspi_link.c ****         RaspiLink_StartReceive();
 661:Core/Src/balance_car/raspi_link.c ****         portYIELD_FROM_ISR(higher_priority_task_woken);
 662:Core/Src/balance_car/raspi_link.c ****         return 1U;
 663:Core/Src/balance_car/raspi_link.c ****     }
 664:Core/Src/balance_car/raspi_link.c **** 
 665:Core/Src/balance_car/raspi_link.c ****     if (s_rx_index < RASPI_LINE_MAX) {
 666:Core/Src/balance_car/raspi_link.c ****         if (s_rx_index == 0U) {
 667:Core/Src/balance_car/raspi_link.c ****             s_rx_line_start_ms = HAL_GetTick();
 668:Core/Src/balance_car/raspi_link.c ****         }
 669:Core/Src/balance_car/raspi_link.c ****         s_rx_line[s_rx_index++] = (char)ch;
 670:Core/Src/balance_car/raspi_link.c ****     } else {
 671:Core/Src/balance_car/raspi_link.c ****         s_rx_index = 0U;
 672:Core/Src/balance_car/raspi_link.c ****         s_rx_line[0] = '\0';
 673:Core/Src/balance_car/raspi_link.c ****         s_rx_line_start_ms = 0U;
 674:Core/Src/balance_car/raspi_link.c ****         RaspiLink_SetFault(RASPI_LINK_FAULT_LINE_OVERFLOW);
 675:Core/Src/balance_car/raspi_link.c ****     }
 676:Core/Src/balance_car/raspi_link.c **** 
 677:Core/Src/balance_car/raspi_link.c ****     RaspiLink_StartReceive();
 678:Core/Src/balance_car/raspi_link.c ****     return 1U;
 679:Core/Src/balance_car/raspi_link.c **** }
 2997              		.loc 1 679 1 view .LVU877
 2998 0012 17B0     		add	sp, sp, #92
 2999              	.LCFI56:
 3000              		.cfi_remember_state
 3001              		.cfi_def_cfa_offset 12
 3002              		@ sp needed
 3003 0014 30BD     		pop	{r4, r5, pc}
 3004              	.LVL263:
 3005              	.L224:
 3006              	.LCFI57:
 3007              		.cfi_restore_state
 631:Core/Src/balance_car/raspi_link.c ****     g_raspi_link_state.rx_count++;
 3008              		.loc 1 631 5 is_stmt 1 view .LVU878
 631:Core/Src/balance_car/raspi_link.c ****     g_raspi_link_state.rx_count++;
 3009              		.loc 1 631 8 is_stmt 0 view .LVU879
 3010 0016 3E4B     		ldr	r3, .L230+4
 3011 0018 1C78     		ldrb	r4, [r3]	@ zero_extendqisi2
 3012              	.LVL264:
 632:Core/Src/balance_car/raspi_link.c **** 
 3013              		.loc 1 632 5 is_stmt 1 view .LVU880
 632:Core/Src/balance_car/raspi_link.c **** 
 3014              		.loc 1 632 23 is_stmt 0 view .LVU881
 3015 001a 3E4A     		ldr	r2, .L230+8
 3016 001c 9368     		ldr	r3, [r2, #8]
 632:Core/Src/balance_car/raspi_link.c **** 
 3017              		.loc 1 632 32 view .LVU882
 3018 001e 0133     		adds	r3, r3, #1
 3019 0020 9360     		str	r3, [r2, #8]
ARM GAS  D:\TMP\ccDrhhFo.s 			page 78


 634:Core/Src/balance_car/raspi_link.c ****         RaspiLink_StartReceive();
 3020              		.loc 1 634 5 is_stmt 1 view .LVU883
 634:Core/Src/balance_car/raspi_link.c ****         RaspiLink_StartReceive();
 3021              		.loc 1 634 8 is_stmt 0 view .LVU884
 3022 0022 0D2C     		cmp	r4, #13
 3023 0024 16D0     		beq	.L225
 639:Core/Src/balance_car/raspi_link.c ****         s_rx_line[s_rx_index] = '\0';
 3024              		.loc 1 639 5 is_stmt 1 view .LVU885
 639:Core/Src/balance_car/raspi_link.c ****         s_rx_line[s_rx_index] = '\0';
 3025              		.loc 1 639 8 is_stmt 0 view .LVU886
 3026 0026 0A2C     		cmp	r4, #10
 3027 0028 18D0     		beq	.L226
 665:Core/Src/balance_car/raspi_link.c ****         if (s_rx_index == 0U) {
 3028              		.loc 1 665 5 is_stmt 1 view .LVU887
 665:Core/Src/balance_car/raspi_link.c ****         if (s_rx_index == 0U) {
 3029              		.loc 1 665 20 is_stmt 0 view .LVU888
 3030 002a 3B4B     		ldr	r3, .L230+12
 3031 002c 1B78     		ldrb	r3, [r3]	@ zero_extendqisi2
 3032 002e DBB2     		uxtb	r3, r3
 665:Core/Src/balance_car/raspi_link.c ****         if (s_rx_index == 0U) {
 3033              		.loc 1 665 8 view .LVU889
 3034 0030 4E2B     		cmp	r3, #78
 3035 0032 60D8     		bhi	.L219
 666:Core/Src/balance_car/raspi_link.c ****             s_rx_line_start_ms = HAL_GetTick();
 3036              		.loc 1 666 9 is_stmt 1 view .LVU890
 666:Core/Src/balance_car/raspi_link.c ****             s_rx_line_start_ms = HAL_GetTick();
 3037              		.loc 1 666 24 is_stmt 0 view .LVU891
 3038 0034 384B     		ldr	r3, .L230+12
 3039 0036 1B78     		ldrb	r3, [r3]	@ zero_extendqisi2
 666:Core/Src/balance_car/raspi_link.c ****             s_rx_line_start_ms = HAL_GetTick();
 3040              		.loc 1 666 12 view .LVU892
 3041 0038 002B     		cmp	r3, #0
 3042 003a 57D0     		beq	.L227
 3043              	.LVL265:
 3044              	.L220:
 669:Core/Src/balance_car/raspi_link.c ****     } else {
 3045              		.loc 1 669 9 is_stmt 1 view .LVU893
 669:Core/Src/balance_car/raspi_link.c ****     } else {
 3046              		.loc 1 669 29 is_stmt 0 view .LVU894
 3047 003c 364A     		ldr	r2, .L230+12
 3048 003e 1378     		ldrb	r3, [r2]	@ zero_extendqisi2
 3049 0040 D9B2     		uxtb	r1, r3
 3050 0042 0133     		adds	r3, r3, #1
 3051 0044 DBB2     		uxtb	r3, r3
 3052 0046 1370     		strb	r3, [r2]
 669:Core/Src/balance_car/raspi_link.c ****     } else {
 3053              		.loc 1 669 33 view .LVU895
 3054 0048 344B     		ldr	r3, .L230+16
 3055 004a 5C54     		strb	r4, [r3, r1]
 3056              	.L221:
 677:Core/Src/balance_car/raspi_link.c ****     return 1U;
 3057              		.loc 1 677 5 is_stmt 1 view .LVU896
 3058 004c FFF7FEFF 		bl	RaspiLink_StartReceive
 3059              	.LVL266:
 678:Core/Src/balance_car/raspi_link.c **** }
 3060              		.loc 1 678 5 view .LVU897
 678:Core/Src/balance_car/raspi_link.c **** }
ARM GAS  D:\TMP\ccDrhhFo.s 			page 79


 3061              		.loc 1 678 12 is_stmt 0 view .LVU898
 3062 0050 0120     		movs	r0, #1
 3063 0052 DEE7     		b	.L213
 3064              	.LVL267:
 3065              	.L225:
 635:Core/Src/balance_car/raspi_link.c ****         return 1U;
 3066              		.loc 1 635 9 is_stmt 1 view .LVU899
 3067 0054 FFF7FEFF 		bl	RaspiLink_StartReceive
 3068              	.LVL268:
 636:Core/Src/balance_car/raspi_link.c ****     }
 3069              		.loc 1 636 9 view .LVU900
 636:Core/Src/balance_car/raspi_link.c ****     }
 3070              		.loc 1 636 16 is_stmt 0 view .LVU901
 3071 0058 0120     		movs	r0, #1
 3072 005a DAE7     		b	.L213
 3073              	.LVL269:
 3074              	.L226:
 640:Core/Src/balance_car/raspi_link.c ****         strncpy(s_pending_line, s_rx_line, sizeof(s_pending_line) - 1U);
 3075              		.loc 1 640 9 is_stmt 1 view .LVU902
 640:Core/Src/balance_car/raspi_link.c ****         strncpy(s_pending_line, s_rx_line, sizeof(s_pending_line) - 1U);
 3076              		.loc 1 640 18 is_stmt 0 view .LVU903
 3077 005c 2E4B     		ldr	r3, .L230+12
 3078 005e 1B78     		ldrb	r3, [r3]	@ zero_extendqisi2
 3079 0060 DBB2     		uxtb	r3, r3
 640:Core/Src/balance_car/raspi_link.c ****         strncpy(s_pending_line, s_rx_line, sizeof(s_pending_line) - 1U);
 3080              		.loc 1 640 31 view .LVU904
 3081 0062 2E49     		ldr	r1, .L230+16
 3082 0064 0024     		movs	r4, #0
 3083              	.LVL270:
 640:Core/Src/balance_car/raspi_link.c ****         strncpy(s_pending_line, s_rx_line, sizeof(s_pending_line) - 1U);
 3084              		.loc 1 640 31 view .LVU905
 3085 0066 CC54     		strb	r4, [r1, r3]
 641:Core/Src/balance_car/raspi_link.c ****         s_pending_line[sizeof(s_pending_line) - 1U] = '\0';
 3086              		.loc 1 641 9 is_stmt 1 view .LVU906
 3087 0068 2D4D     		ldr	r5, .L230+20
 3088 006a 4F22     		movs	r2, #79
 3089 006c 2846     		mov	r0, r5
 3090              	.LVL271:
 641:Core/Src/balance_car/raspi_link.c ****         s_pending_line[sizeof(s_pending_line) - 1U] = '\0';
 3091              		.loc 1 641 9 is_stmt 0 view .LVU907
 3092 006e FFF7FEFF 		bl	strncpy
 3093              	.LVL272:
 642:Core/Src/balance_car/raspi_link.c ****         s_line_queued = 0U;
 3094              		.loc 1 642 9 is_stmt 1 view .LVU908
 642:Core/Src/balance_car/raspi_link.c ****         s_line_queued = 0U;
 3095              		.loc 1 642 53 is_stmt 0 view .LVU909
 3096 0072 85F84F40 		strb	r4, [r5, #79]
 643:Core/Src/balance_car/raspi_link.c ****         if (Queue_RaspberryRxLine != NULL &&
 3097              		.loc 1 643 9 is_stmt 1 view .LVU910
 643:Core/Src/balance_car/raspi_link.c ****         if (Queue_RaspberryRxLine != NULL &&
 3098              		.loc 1 643 23 is_stmt 0 view .LVU911
 3099 0076 2B4B     		ldr	r3, .L230+24
 3100 0078 1C70     		strb	r4, [r3]
 644:Core/Src/balance_car/raspi_link.c ****             xTaskGetSchedulerState() != taskSCHEDULER_NOT_STARTED) {
 3101              		.loc 1 644 9 is_stmt 1 view .LVU912
 644:Core/Src/balance_car/raspi_link.c ****             xTaskGetSchedulerState() != taskSCHEDULER_NOT_STARTED) {
 3102              		.loc 1 644 35 is_stmt 0 view .LVU913
ARM GAS  D:\TMP\ccDrhhFo.s 			page 80


 3103 007a 2B4B     		ldr	r3, .L230+28
 3104 007c 1B68     		ldr	r3, [r3]
 644:Core/Src/balance_car/raspi_link.c ****             xTaskGetSchedulerState() != taskSCHEDULER_NOT_STARTED) {
 3105              		.loc 1 644 12 view .LVU914
 3106 007e 1BB1     		cbz	r3, .L216
 645:Core/Src/balance_car/raspi_link.c ****             strncpy(queued_line.text, s_rx_line, sizeof(queued_line.text) - 1U);
 3107              		.loc 1 645 13 view .LVU915
 3108 0080 FFF7FEFF 		bl	xTaskGetSchedulerState
 3109              	.LVL273:
 644:Core/Src/balance_car/raspi_link.c ****             xTaskGetSchedulerState() != taskSCHEDULER_NOT_STARTED) {
 3110              		.loc 1 644 43 discriminator 1 view .LVU916
 3111 0084 0128     		cmp	r0, #1
 3112 0086 19D1     		bne	.L228
 3113              	.L216:
 656:Core/Src/balance_car/raspi_link.c ****         s_rx_line_start_ms = 0U;
 3114              		.loc 1 656 9 is_stmt 1 view .LVU917
 656:Core/Src/balance_car/raspi_link.c ****         s_rx_line_start_ms = 0U;
 3115              		.loc 1 656 20 is_stmt 0 view .LVU918
 3116 0088 0023     		movs	r3, #0
 3117 008a 234A     		ldr	r2, .L230+12
 3118 008c 1370     		strb	r3, [r2]
 657:Core/Src/balance_car/raspi_link.c ****         s_line_ready = 1U;
 3119              		.loc 1 657 9 is_stmt 1 view .LVU919
 657:Core/Src/balance_car/raspi_link.c ****         s_line_ready = 1U;
 3120              		.loc 1 657 28 is_stmt 0 view .LVU920
 3121 008e 274A     		ldr	r2, .L230+32
 3122 0090 1360     		str	r3, [r2]
 658:Core/Src/balance_car/raspi_link.c ****         g_raspi_link_state.frame_ready = 1U;
 3123              		.loc 1 658 9 is_stmt 1 view .LVU921
 658:Core/Src/balance_car/raspi_link.c ****         g_raspi_link_state.frame_ready = 1U;
 3124              		.loc 1 658 22 is_stmt 0 view .LVU922
 3125 0092 0123     		movs	r3, #1
 3126 0094 264A     		ldr	r2, .L230+36
 3127 0096 1370     		strb	r3, [r2]
 659:Core/Src/balance_car/raspi_link.c ****         RaspiLink_StartReceive();
 3128              		.loc 1 659 9 is_stmt 1 view .LVU923
 659:Core/Src/balance_car/raspi_link.c ****         RaspiLink_StartReceive();
 3129              		.loc 1 659 40 is_stmt 0 view .LVU924
 3130 0098 1E4A     		ldr	r2, .L230+8
 3131 009a 5370     		strb	r3, [r2, #1]
 660:Core/Src/balance_car/raspi_link.c ****         portYIELD_FROM_ISR(higher_priority_task_woken);
 3132              		.loc 1 660 9 is_stmt 1 view .LVU925
 3133 009c FFF7FEFF 		bl	RaspiLink_StartReceive
 3134              	.LVL274:
 661:Core/Src/balance_car/raspi_link.c ****         return 1U;
 3135              		.loc 1 661 9 view .LVU926
 3136 00a0 019B     		ldr	r3, [sp, #4]
 3137 00a2 4BB1     		cbz	r3, .L218
 661:Core/Src/balance_car/raspi_link.c ****         return 1U;
 3138              		.loc 1 661 9 discriminator 1 view .LVU927
 3139 00a4 4FF0E023 		mov	r3, #-536813568
 3140 00a8 4FF08052 		mov	r2, #268435456
 3141 00ac C3F8042D 		str	r2, [r3, #3332]
 661:Core/Src/balance_car/raspi_link.c ****         return 1U;
 3142              		.loc 1 661 9 discriminator 1 view .LVU928
 3143              		.syntax unified
 3144              	@ 661 "Core/Src/balance_car/raspi_link.c" 1
ARM GAS  D:\TMP\ccDrhhFo.s 			page 81


 3145 00b0 BFF34F8F 		dsb
 3146              	@ 0 "" 2
 661:Core/Src/balance_car/raspi_link.c ****         return 1U;
 3147              		.loc 1 661 9 discriminator 1 view .LVU929
 3148              	@ 661 "Core/Src/balance_car/raspi_link.c" 1
 3149 00b4 BFF36F8F 		isb
 3150              	@ 0 "" 2
 3151              		.thumb
 3152              		.syntax unified
 3153              	.L218:
 661:Core/Src/balance_car/raspi_link.c ****         return 1U;
 3154              		.loc 1 661 55 discriminator 3 view .LVU930
 662:Core/Src/balance_car/raspi_link.c ****     }
 3155              		.loc 1 662 9 view .LVU931
 662:Core/Src/balance_car/raspi_link.c ****     }
 3156              		.loc 1 662 16 is_stmt 0 view .LVU932
 3157 00b8 0120     		movs	r0, #1
 3158 00ba AAE7     		b	.L213
 3159              	.L228:
 646:Core/Src/balance_car/raspi_link.c ****             queued_line.text[sizeof(queued_line.text) - 1U] = '\0';
 3160              		.loc 1 646 13 is_stmt 1 view .LVU933
 3161 00bc 4F22     		movs	r2, #79
 3162 00be 1749     		ldr	r1, .L230+16
 3163 00c0 02A8     		add	r0, sp, #8
 3164 00c2 FFF7FEFF 		bl	strncpy
 3165              	.LVL275:
 647:Core/Src/balance_car/raspi_link.c ****             if (xQueueOverwriteFromISR(Queue_RaspberryRxLine,
 3166              		.loc 1 647 13 view .LVU934
 647:Core/Src/balance_car/raspi_link.c ****             if (xQueueOverwriteFromISR(Queue_RaspberryRxLine,
 3167              		.loc 1 647 61 is_stmt 0 view .LVU935
 3168 00c6 8DF85740 		strb	r4, [sp, #87]
 648:Core/Src/balance_car/raspi_link.c ****                                        &queued_line,
 3169              		.loc 1 648 13 is_stmt 1 view .LVU936
 648:Core/Src/balance_car/raspi_link.c ****                                        &queued_line,
 3170              		.loc 1 648 17 is_stmt 0 view .LVU937
 3171 00ca 0223     		movs	r3, #2
 3172 00cc 01AA     		add	r2, sp, #4
 3173 00ce 02A9     		add	r1, sp, #8
 3174 00d0 1548     		ldr	r0, .L230+28
 3175 00d2 0068     		ldr	r0, [r0]
 3176 00d4 FFF7FEFF 		bl	xQueueGenericSendFromISR
 3177              	.LVL276:
 648:Core/Src/balance_car/raspi_link.c ****                                        &queued_line,
 3178              		.loc 1 648 16 discriminator 1 view .LVU938
 3179 00d8 0128     		cmp	r0, #1
 3180 00da 03D1     		bne	.L229
 653:Core/Src/balance_car/raspi_link.c ****             }
 3181              		.loc 1 653 17 is_stmt 1 view .LVU939
 653:Core/Src/balance_car/raspi_link.c ****             }
 3182              		.loc 1 653 31 is_stmt 0 view .LVU940
 3183 00dc 114B     		ldr	r3, .L230+24
 3184 00de 0122     		movs	r2, #1
 3185 00e0 1A70     		strb	r2, [r3]
 3186 00e2 D1E7     		b	.L216
 3187              	.L229:
 651:Core/Src/balance_car/raspi_link.c ****             } else {
 3188              		.loc 1 651 17 is_stmt 1 view .LVU941
ARM GAS  D:\TMP\ccDrhhFo.s 			page 82


 3189 00e4 0420     		movs	r0, #4
 3190 00e6 FFF7FEFF 		bl	RaspiLink_SetFault
 3191              	.LVL277:
 3192 00ea CDE7     		b	.L216
 3193              	.LVL278:
 3194              	.L227:
 667:Core/Src/balance_car/raspi_link.c ****         }
 3195              		.loc 1 667 13 view .LVU942
 667:Core/Src/balance_car/raspi_link.c ****         }
 3196              		.loc 1 667 34 is_stmt 0 view .LVU943
 3197 00ec FFF7FEFF 		bl	HAL_GetTick
 3198              	.LVL279:
 667:Core/Src/balance_car/raspi_link.c ****         }
 3199              		.loc 1 667 32 discriminator 1 view .LVU944
 3200 00f0 0E4B     		ldr	r3, .L230+32
 3201 00f2 1860     		str	r0, [r3]
 3202 00f4 A2E7     		b	.L220
 3203              	.LVL280:
 3204              	.L219:
 671:Core/Src/balance_car/raspi_link.c ****         s_rx_line[0] = '\0';
 3205              		.loc 1 671 9 is_stmt 1 view .LVU945
 671:Core/Src/balance_car/raspi_link.c ****         s_rx_line[0] = '\0';
 3206              		.loc 1 671 20 is_stmt 0 view .LVU946
 3207 00f6 0023     		movs	r3, #0
 3208 00f8 074A     		ldr	r2, .L230+12
 3209 00fa 1370     		strb	r3, [r2]
 672:Core/Src/balance_car/raspi_link.c ****         s_rx_line_start_ms = 0U;
 3210              		.loc 1 672 9 is_stmt 1 view .LVU947
 672:Core/Src/balance_car/raspi_link.c ****         s_rx_line_start_ms = 0U;
 3211              		.loc 1 672 22 is_stmt 0 view .LVU948
 3212 00fc 074A     		ldr	r2, .L230+16
 3213 00fe 1370     		strb	r3, [r2]
 673:Core/Src/balance_car/raspi_link.c ****         RaspiLink_SetFault(RASPI_LINK_FAULT_LINE_OVERFLOW);
 3214              		.loc 1 673 9 is_stmt 1 view .LVU949
 673:Core/Src/balance_car/raspi_link.c ****         RaspiLink_SetFault(RASPI_LINK_FAULT_LINE_OVERFLOW);
 3215              		.loc 1 673 28 is_stmt 0 view .LVU950
 3216 0100 0A4A     		ldr	r2, .L230+32
 3217 0102 1360     		str	r3, [r2]
 674:Core/Src/balance_car/raspi_link.c ****     }
 3218              		.loc 1 674 9 is_stmt 1 view .LVU951
 3219 0104 0420     		movs	r0, #4
 3220              	.LVL281:
 674:Core/Src/balance_car/raspi_link.c ****     }
 3221              		.loc 1 674 9 is_stmt 0 view .LVU952
 3222 0106 FFF7FEFF 		bl	RaspiLink_SetFault
 3223              	.LVL282:
 3224 010a 9FE7     		b	.L221
 3225              	.L231:
 3226              		.align	2
 3227              	.L230:
 3228 010c 00380140 		.word	1073821696
 3229 0110 00000000 		.word	s_rx_byte
 3230 0114 00000000 		.word	g_raspi_link_state
 3231 0118 00000000 		.word	s_rx_index
 3232 011c 00000000 		.word	s_rx_line
 3233 0120 00000000 		.word	s_pending_line
 3234 0124 00000000 		.word	s_line_queued
ARM GAS  D:\TMP\ccDrhhFo.s 			page 83


 3235 0128 00000000 		.word	Queue_RaspberryRxLine
 3236 012c 00000000 		.word	s_rx_line_start_ms
 3237 0130 00000000 		.word	s_line_ready
 3238              		.cfi_endproc
 3239              	.LFE95:
 3241              		.section	.text.RaspiLink_TxCpltCallback,"ax",%progbits
 3242              		.align	1
 3243              		.global	RaspiLink_TxCpltCallback
 3244              		.syntax unified
 3245              		.thumb
 3246              		.thumb_func
 3248              	RaspiLink_TxCpltCallback:
 3249              	.LVL283:
 3250              	.LFB96:
 680:Core/Src/balance_car/raspi_link.c **** 
 681:Core/Src/balance_car/raspi_link.c **** uint8_t RaspiLink_TxCpltCallback(UART_HandleTypeDef *huart)
 682:Core/Src/balance_car/raspi_link.c **** {
 3251              		.loc 1 682 1 is_stmt 1 view -0
 3252              		.cfi_startproc
 3253              		@ args = 0, pretend = 0, frame = 0
 3254              		@ frame_needed = 0, uses_anonymous_args = 0
 3255              		@ link register save eliminated.
 683:Core/Src/balance_car/raspi_link.c ****     if (huart->Instance != RASPI_UART) {
 3256              		.loc 1 683 5 view .LVU954
 3257              		.loc 1 683 14 is_stmt 0 view .LVU955
 3258 0000 0268     		ldr	r2, [r0]
 3259              		.loc 1 683 8 view .LVU956
 3260 0002 054B     		ldr	r3, .L236
 3261 0004 9A42     		cmp	r2, r3
 3262 0006 01D0     		beq	.L235
 684:Core/Src/balance_car/raspi_link.c ****         return 0U;
 3263              		.loc 1 684 16 view .LVU957
 3264 0008 0020     		movs	r0, #0
 3265              	.LVL284:
 685:Core/Src/balance_car/raspi_link.c ****     }
 686:Core/Src/balance_car/raspi_link.c ****     g_raspi_link_state.tx_busy = 0U;
 687:Core/Src/balance_car/raspi_link.c ****     return 1U;
 688:Core/Src/balance_car/raspi_link.c **** }
 3266              		.loc 1 688 1 view .LVU958
 3267 000a 7047     		bx	lr
 3268              	.LVL285:
 3269              	.L235:
 686:Core/Src/balance_car/raspi_link.c ****     return 1U;
 3270              		.loc 1 686 5 is_stmt 1 view .LVU959
 686:Core/Src/balance_car/raspi_link.c ****     return 1U;
 3271              		.loc 1 686 32 is_stmt 0 view .LVU960
 3272 000c 034B     		ldr	r3, .L236+4
 3273 000e 0022     		movs	r2, #0
 3274 0010 1A71     		strb	r2, [r3, #4]
 687:Core/Src/balance_car/raspi_link.c **** }
 3275              		.loc 1 687 5 is_stmt 1 view .LVU961
 687:Core/Src/balance_car/raspi_link.c **** }
 3276              		.loc 1 687 12 is_stmt 0 view .LVU962
 3277 0012 0120     		movs	r0, #1
 3278              	.LVL286:
 687:Core/Src/balance_car/raspi_link.c **** }
 3279              		.loc 1 687 12 view .LVU963
ARM GAS  D:\TMP\ccDrhhFo.s 			page 84


 3280 0014 7047     		bx	lr
 3281              	.L237:
 3282 0016 00BF     		.align	2
 3283              	.L236:
 3284 0018 00380140 		.word	1073821696
 3285 001c 00000000 		.word	g_raspi_link_state
 3286              		.cfi_endproc
 3287              	.LFE96:
 3289              		.section	.text.RaspiLink_ErrorCallback,"ax",%progbits
 3290              		.align	1
 3291              		.global	RaspiLink_ErrorCallback
 3292              		.syntax unified
 3293              		.thumb
 3294              		.thumb_func
 3296              	RaspiLink_ErrorCallback:
 3297              	.LVL287:
 3298              	.LFB97:
 689:Core/Src/balance_car/raspi_link.c **** 
 690:Core/Src/balance_car/raspi_link.c **** uint8_t RaspiLink_ErrorCallback(UART_HandleTypeDef *huart)
 691:Core/Src/balance_car/raspi_link.c **** {
 3299              		.loc 1 691 1 is_stmt 1 view -0
 3300              		.cfi_startproc
 3301              		@ args = 0, pretend = 0, frame = 0
 3302              		@ frame_needed = 0, uses_anonymous_args = 0
 3303              		.loc 1 691 1 is_stmt 0 view .LVU965
 3304 0000 08B5     		push	{r3, lr}
 3305              	.LCFI58:
 3306              		.cfi_def_cfa_offset 8
 3307              		.cfi_offset 3, -8
 3308              		.cfi_offset 14, -4
 692:Core/Src/balance_car/raspi_link.c ****     if (huart->Instance != RASPI_UART) {
 3309              		.loc 1 692 5 is_stmt 1 view .LVU966
 3310              		.loc 1 692 14 is_stmt 0 view .LVU967
 3311 0002 0268     		ldr	r2, [r0]
 3312              		.loc 1 692 8 view .LVU968
 3313 0004 054B     		ldr	r3, .L243
 3314 0006 9A42     		cmp	r2, r3
 3315 0008 01D0     		beq	.L242
 693:Core/Src/balance_car/raspi_link.c ****         return 0U;
 3316              		.loc 1 693 16 view .LVU969
 3317 000a 0020     		movs	r0, #0
 3318              	.LVL288:
 3319              	.L239:
 694:Core/Src/balance_car/raspi_link.c ****     }
 695:Core/Src/balance_car/raspi_link.c ****     g_raspi_link_state.tx_busy = 0U;
 696:Core/Src/balance_car/raspi_link.c ****     RaspiLink_StartReceive();
 697:Core/Src/balance_car/raspi_link.c ****     return 1U;
 698:Core/Src/balance_car/raspi_link.c **** }
 3320              		.loc 1 698 1 view .LVU970
 3321 000c 08BD     		pop	{r3, pc}
 3322              	.LVL289:
 3323              	.L242:
 695:Core/Src/balance_car/raspi_link.c ****     RaspiLink_StartReceive();
 3324              		.loc 1 695 5 is_stmt 1 view .LVU971
 695:Core/Src/balance_car/raspi_link.c ****     RaspiLink_StartReceive();
 3325              		.loc 1 695 32 is_stmt 0 view .LVU972
 3326 000e 044B     		ldr	r3, .L243+4
ARM GAS  D:\TMP\ccDrhhFo.s 			page 85


 3327 0010 0022     		movs	r2, #0
 3328 0012 1A71     		strb	r2, [r3, #4]
 696:Core/Src/balance_car/raspi_link.c ****     return 1U;
 3329              		.loc 1 696 5 is_stmt 1 view .LVU973
 3330 0014 FFF7FEFF 		bl	RaspiLink_StartReceive
 3331              	.LVL290:
 697:Core/Src/balance_car/raspi_link.c **** }
 3332              		.loc 1 697 5 view .LVU974
 697:Core/Src/balance_car/raspi_link.c **** }
 3333              		.loc 1 697 12 is_stmt 0 view .LVU975
 3334 0018 0120     		movs	r0, #1
 3335 001a F7E7     		b	.L239
 3336              	.L244:
 3337              		.align	2
 3338              	.L243:
 3339 001c 00380140 		.word	1073821696
 3340 0020 00000000 		.word	g_raspi_link_state
 3341              		.cfi_endproc
 3342              	.LFE97:
 3344              		.section	.bss.s_last_odom_update_ms,"aw",%nobits
 3345              		.align	2
 3348              	s_last_odom_update_ms:
 3349 0000 00000000 		.space	4
 3350              		.section	.bss.s_next_odom_tx_ms,"aw",%nobits
 3351              		.align	2
 3354              	s_next_odom_tx_ms:
 3355 0000 00000000 		.space	4
 3356              		.section	.bss.s_rx_line_start_ms,"aw",%nobits
 3357              		.align	2
 3360              	s_rx_line_start_ms:
 3361 0000 00000000 		.space	4
 3362              		.section	.bss.s_line_queued,"aw",%nobits
 3365              	s_line_queued:
 3366 0000 00       		.space	1
 3367              		.section	.bss.s_tx_line,"aw",%nobits
 3368              		.align	2
 3371              	s_tx_line:
 3372 0000 00000000 		.space	96
 3372      00000000 
 3372      00000000 
 3372      00000000 
 3372      00000000 
 3373              		.section	.bss.s_pending_line,"aw",%nobits
 3374              		.align	2
 3377              	s_pending_line:
 3378 0000 00000000 		.space	80
 3378      00000000 
 3378      00000000 
 3378      00000000 
 3378      00000000 
 3379              		.section	.bss.s_parse_line,"aw",%nobits
 3380              		.align	2
 3383              	s_parse_line:
 3384 0000 00000000 		.space	80
 3384      00000000 
 3384      00000000 
 3384      00000000 
ARM GAS  D:\TMP\ccDrhhFo.s 			page 86


 3384      00000000 
 3385              		.section	.bss.s_line_ready,"aw",%nobits
 3388              	s_line_ready:
 3389 0000 00       		.space	1
 3390              		.section	.bss.s_rx_index,"aw",%nobits
 3393              	s_rx_index:
 3394 0000 00       		.space	1
 3395              		.section	.bss.s_rx_line,"aw",%nobits
 3396              		.align	2
 3399              	s_rx_line:
 3400 0000 00000000 		.space	80
 3400      00000000 
 3400      00000000 
 3400      00000000 
 3400      00000000 
 3401              		.section	.bss.s_rx_byte,"aw",%nobits
 3404              	s_rx_byte:
 3405 0000 00       		.space	1
 3406              		.section	.bss.s_huart_raspi,"aw",%nobits
 3407              		.align	2
 3410              	s_huart_raspi:
 3411 0000 00000000 		.space	72
 3411      00000000 
 3411      00000000 
 3411      00000000 
 3411      00000000 
 3412              		.global	g_raspi_link_debug
 3413              		.section	.data.g_raspi_link_debug,"aw"
 3414              		.align	2
 3417              	g_raspi_link_debug:
 3418 0000 01       		.byte	1
 3419 0001 01       		.byte	1
 3420 0002 00       		.byte	0
 3421 0003 01       		.byte	1
 3422 0004 00       		.byte	0
 3423 0005 000000   		.space	3
 3424 0008 00004040 		.word	1077936128
 3425 000c 00000040 		.word	1073741824
 3426 0010 B81E053D 		.word	1023745720
 3427 0014 0AD7A33C 		.word	1017370378
 3428 0018 F4010000 		.word	500
 3429 001c 32000000 		.word	50
 3430              		.global	g_raspi_link_state
 3431              		.section	.bss.g_raspi_link_state,"aw",%nobits
 3432              		.align	2
 3435              	g_raspi_link_state:
 3436 0000 00000000 		.space	280
 3436      00000000 
 3436      00000000 
 3436      00000000 
 3436      00000000 
 3437              		.text
 3438              	.Letext0:
 3439              		.file 3 "Drivers/CMSIS/Device/ST/STM32F1xx/Include/stm32f103xb.h"
 3440              		.file 4 "F:/Msys2/mingw64/arm-none-eabi/include/machine/_default_types.h"
 3441              		.file 5 "F:/Msys2/mingw64/arm-none-eabi/include/sys/_stdint.h"
 3442              		.file 6 "F:/Msys2/mingw64/lib/gcc/arm-none-eabi/13.3.0/include/stddef.h"
ARM GAS  D:\TMP\ccDrhhFo.s 			page 87


 3443              		.file 7 "Drivers/STM32F1xx_HAL_Driver/Inc/stm32f1xx_hal_def.h"
 3444              		.file 8 "Drivers/STM32F1xx_HAL_Driver/Inc/stm32f1xx_hal_gpio.h"
 3445              		.file 9 "Drivers/STM32F1xx_HAL_Driver/Inc/stm32f1xx_hal_dma.h"
 3446              		.file 10 "Drivers/STM32F1xx_HAL_Driver/Inc/stm32f1xx_hal_uart.h"
 3447              		.file 11 "Core/Inc/balance_car/raspi_link.h"
 3448              		.file 12 "Core/Inc/balance_car/balance_control.h"
 3449              		.file 13 "Middlewares/Third_Party/FreeRTOS/Source/portable/GCC/ARM_CM3/portmacro.h"
 3450              		.file 14 "Middlewares/Third_Party/FreeRTOS/Source/include/queue.h"
 3451              		.file 15 "Middlewares/Third_Party/FreeRTOS/Source/include/semphr.h"
 3452              		.file 16 "Core/Inc/balance_car/app_tasks.h"
 3453              		.file 17 "F:/Msys2/mingw64/arm-none-eabi/include/stdio.h"
 3454              		.file 18 "F:/Msys2/mingw64/arm-none-eabi/include/math.h"
 3455              		.file 19 "F:/Msys2/mingw64/arm-none-eabi/include/stdlib.h"
 3456              		.file 20 "F:/Msys2/mingw64/arm-none-eabi/include/string.h"
 3457              		.file 21 "Drivers/STM32F1xx_HAL_Driver/Inc/stm32f1xx_hal_cortex.h"
 3458              		.file 22 "Middlewares/Third_Party/FreeRTOS/Source/include/task.h"
 3459              		.file 23 "Drivers/STM32F1xx_HAL_Driver/Inc/stm32f1xx_hal.h"
 3460              		.file 24 "<built-in>"
ARM GAS  D:\TMP\ccDrhhFo.s 			page 88


DEFINED SYMBOLS
                            *ABS*:00000000 raspi_link.c
   D:\TMP\ccDrhhFo.s:19     .text.RaspiLink_SetFault:00000000 $t
   D:\TMP\ccDrhhFo.s:24     .text.RaspiLink_SetFault:00000000 RaspiLink_SetFault
   D:\TMP\ccDrhhFo.s:44     .text.RaspiLink_SetFault:0000000c $d
   D:\TMP\ccDrhhFo.s:3435   .bss.g_raspi_link_state:00000000 g_raspi_link_state
   D:\TMP\ccDrhhFo.s:51     .text.RaspiLink_Clamp:00000000 $t
   D:\TMP\ccDrhhFo.s:56     .text.RaspiLink_Clamp:00000000 RaspiLink_Clamp
   D:\TMP\ccDrhhFo.s:121    .text.RaspiLink_ChecksumAscii:00000000 $t
   D:\TMP\ccDrhhFo.s:126    .text.RaspiLink_ChecksumAscii:00000000 RaspiLink_ChecksumAscii
   D:\TMP\ccDrhhFo.s:168    .text.RaspiLink_HexValue:00000000 $t
   D:\TMP\ccDrhhFo.s:173    .text.RaspiLink_HexValue:00000000 RaspiLink_HexValue
   D:\TMP\ccDrhhFo.s:246    .text.RaspiLink_ParseChecksum:00000000 $t
   D:\TMP\ccDrhhFo.s:251    .text.RaspiLink_ParseChecksum:00000000 RaspiLink_ParseChecksum
   D:\TMP\ccDrhhFo.s:371    .text.RaspiLink_ParseFlag:00000000 $t
   D:\TMP\ccDrhhFo.s:376    .text.RaspiLink_ParseFlag:00000000 RaspiLink_ParseFlag
   D:\TMP\ccDrhhFo.s:447    .text.RaspiLink_MarkInvalid:00000000 $t
   D:\TMP\ccDrhhFo.s:452    .text.RaspiLink_MarkInvalid:00000000 RaspiLink_MarkInvalid
   D:\TMP\ccDrhhFo.s:484    .text.RaspiLink_MarkInvalid:00000014 $d
   D:\TMP\ccDrhhFo.s:491    .text.RaspiLink_NormalizeYaw:00000000 $t
   D:\TMP\ccDrhhFo.s:496    .text.RaspiLink_NormalizeYaw:00000000 RaspiLink_NormalizeYaw
   D:\TMP\ccDrhhFo.s:558    .text.RaspiLink_NormalizeYaw:0000003c $d
   D:\TMP\ccDrhhFo.s:566    .text.RaspiLink_CheckLineTimeout:00000000 $t
   D:\TMP\ccDrhhFo.s:571    .text.RaspiLink_CheckLineTimeout:00000000 RaspiLink_CheckLineTimeout
   D:\TMP\ccDrhhFo.s:680    .text.RaspiLink_CheckLineTimeout:00000050 $d
   D:\TMP\ccDrhhFo.s:3393   .bss.s_rx_index:00000000 s_rx_index
   D:\TMP\ccDrhhFo.s:3360   .bss.s_rx_line_start_ms:00000000 s_rx_line_start_ms
   D:\TMP\ccDrhhFo.s:3399   .bss.s_rx_line:00000000 s_rx_line
   D:\TMP\ccDrhhFo.s:3377   .bss.s_pending_line:00000000 s_pending_line
   D:\TMP\ccDrhhFo.s:3388   .bss.s_line_ready:00000000 s_line_ready
   D:\TMP\ccDrhhFo.s:3365   .bss.s_line_queued:00000000 s_line_queued
   D:\TMP\ccDrhhFo.s:691    .text.RaspiLink_UartInit:00000000 $t
   D:\TMP\ccDrhhFo.s:696    .text.RaspiLink_UartInit:00000000 RaspiLink_UartInit
   D:\TMP\ccDrhhFo.s:891    .text.RaspiLink_UartInit:000000c0 $d
   D:\TMP\ccDrhhFo.s:3410   .bss.s_huart_raspi:00000000 s_huart_raspi
   D:\TMP\ccDrhhFo.s:900    .text.RaspiLink_StartReceive:00000000 $t
   D:\TMP\ccDrhhFo.s:905    .text.RaspiLink_StartReceive:00000000 RaspiLink_StartReceive
   D:\TMP\ccDrhhFo.s:938    .text.RaspiLink_StartReceive:00000018 $d
   D:\TMP\ccDrhhFo.s:3404   .bss.s_rx_byte:00000000 s_rx_byte
   D:\TMP\ccDrhhFo.s:944    .text.RaspiLink_StopMotion:00000000 $t
   D:\TMP\ccDrhhFo.s:949    .text.RaspiLink_StopMotion:00000000 RaspiLink_StopMotion
   D:\TMP\ccDrhhFo.s:1010   .text.RaspiLink_StopMotion:00000038 $d
   D:\TMP\ccDrhhFo.s:1015   .text.RaspiLink_CheckTimeout:00000000 $t
   D:\TMP\ccDrhhFo.s:1020   .text.RaspiLink_CheckTimeout:00000000 RaspiLink_CheckTimeout
   D:\TMP\ccDrhhFo.s:1091   .text.RaspiLink_CheckTimeout:0000003c $d
   D:\TMP\ccDrhhFo.s:3417   .data.g_raspi_link_debug:00000000 g_raspi_link_debug
   D:\TMP\ccDrhhFo.s:1097   .text.RaspiLink_ParseUint32:00000000 $t
   D:\TMP\ccDrhhFo.s:1102   .text.RaspiLink_ParseUint32:00000000 RaspiLink_ParseUint32
   D:\TMP\ccDrhhFo.s:1216   .text.RaspiLink_ParseFloat:00000000 $t
   D:\TMP\ccDrhhFo.s:1221   .text.RaspiLink_ParseFloat:00000000 RaspiLink_ParseFloat
   D:\TMP\ccDrhhFo.s:1334   .rodata.RaspiLink_ProcessLine.str1.4:00000000 $d
   D:\TMP\ccDrhhFo.s:1341   .text.RaspiLink_ProcessLine:00000000 $t
   D:\TMP\ccDrhhFo.s:1346   .text.RaspiLink_ProcessLine:00000000 RaspiLink_ProcessLine
   D:\TMP\ccDrhhFo.s:1765   .text.RaspiLink_ProcessLine:000001a8 $d
   D:\TMP\ccDrhhFo.s:1776   .text.RaspiLink_UpdateOdometry:00000000 $t
   D:\TMP\ccDrhhFo.s:1781   .text.RaspiLink_UpdateOdometry:00000000 RaspiLink_UpdateOdometry
   D:\TMP\ccDrhhFo.s:2030   .text.RaspiLink_UpdateOdometry:00000104 $d
ARM GAS  D:\TMP\ccDrhhFo.s 			page 89


   D:\TMP\ccDrhhFo.s:3348   .bss.s_last_odom_update_ms:00000000 s_last_odom_update_ms
   D:\TMP\ccDrhhFo.s:2041   .rodata.RaspiLink_FormatFixed4.str1.4:00000000 $d
   D:\TMP\ccDrhhFo.s:2052   .text.RaspiLink_FormatFixed4:00000000 $t
   D:\TMP\ccDrhhFo.s:2057   .text.RaspiLink_FormatFixed4:00000000 RaspiLink_FormatFixed4
   D:\TMP\ccDrhhFo.s:2177   .text.RaspiLink_FormatFixed4:00000060 $d
   D:\TMP\ccDrhhFo.s:2186   .rodata.RaspiLink_SendOdometry.str1.4:00000000 $d
   D:\TMP\ccDrhhFo.s:2193   .text.RaspiLink_SendOdometry:00000000 $t
   D:\TMP\ccDrhhFo.s:2198   .text.RaspiLink_SendOdometry:00000000 RaspiLink_SendOdometry
   D:\TMP\ccDrhhFo.s:2561   .text.RaspiLink_SendOdometry:00000180 $d
   D:\TMP\ccDrhhFo.s:3354   .bss.s_next_odom_tx_ms:00000000 s_next_odom_tx_ms
   D:\TMP\ccDrhhFo.s:3371   .bss.s_tx_line:00000000 s_tx_line
   D:\TMP\ccDrhhFo.s:2574   .text.RaspiLink_Init:00000000 $t
   D:\TMP\ccDrhhFo.s:2580   .text.RaspiLink_Init:00000000 RaspiLink_Init
   D:\TMP\ccDrhhFo.s:2658   .text.RaspiLink_Init:00000048 $d
   D:\TMP\ccDrhhFo.s:2670   .text.RaspiLink_Background:00000000 $t
   D:\TMP\ccDrhhFo.s:2676   .text.RaspiLink_Background:00000000 RaspiLink_Background
   D:\TMP\ccDrhhFo.s:2915   .text.RaspiLink_Background:000000c0 $d
   D:\TMP\ccDrhhFo.s:3383   .bss.s_parse_line:00000000 s_parse_line
   D:\TMP\ccDrhhFo.s:2926   .text.RaspiLink_IRQHandler:00000000 $t
   D:\TMP\ccDrhhFo.s:2932   .text.RaspiLink_IRQHandler:00000000 RaspiLink_IRQHandler
   D:\TMP\ccDrhhFo.s:2952   .text.RaspiLink_IRQHandler:0000000c $d
   D:\TMP\ccDrhhFo.s:2957   .text.RaspiLink_RxCpltCallback:00000000 $t
   D:\TMP\ccDrhhFo.s:2963   .text.RaspiLink_RxCpltCallback:00000000 RaspiLink_RxCpltCallback
   D:\TMP\ccDrhhFo.s:3228   .text.RaspiLink_RxCpltCallback:0000010c $d
   D:\TMP\ccDrhhFo.s:3242   .text.RaspiLink_TxCpltCallback:00000000 $t
   D:\TMP\ccDrhhFo.s:3248   .text.RaspiLink_TxCpltCallback:00000000 RaspiLink_TxCpltCallback
   D:\TMP\ccDrhhFo.s:3284   .text.RaspiLink_TxCpltCallback:00000018 $d
   D:\TMP\ccDrhhFo.s:3290   .text.RaspiLink_ErrorCallback:00000000 $t
   D:\TMP\ccDrhhFo.s:3296   .text.RaspiLink_ErrorCallback:00000000 RaspiLink_ErrorCallback
   D:\TMP\ccDrhhFo.s:3339   .text.RaspiLink_ErrorCallback:0000001c $d
   D:\TMP\ccDrhhFo.s:3345   .bss.s_last_odom_update_ms:00000000 $d
   D:\TMP\ccDrhhFo.s:3351   .bss.s_next_odom_tx_ms:00000000 $d
   D:\TMP\ccDrhhFo.s:3357   .bss.s_rx_line_start_ms:00000000 $d
   D:\TMP\ccDrhhFo.s:3366   .bss.s_line_queued:00000000 $d
   D:\TMP\ccDrhhFo.s:3368   .bss.s_tx_line:00000000 $d
   D:\TMP\ccDrhhFo.s:3374   .bss.s_pending_line:00000000 $d
   D:\TMP\ccDrhhFo.s:3380   .bss.s_parse_line:00000000 $d
   D:\TMP\ccDrhhFo.s:3389   .bss.s_line_ready:00000000 $d
   D:\TMP\ccDrhhFo.s:3394   .bss.s_rx_index:00000000 $d
   D:\TMP\ccDrhhFo.s:3396   .bss.s_rx_line:00000000 $d
   D:\TMP\ccDrhhFo.s:3405   .bss.s_rx_byte:00000000 $d
   D:\TMP\ccDrhhFo.s:3407   .bss.s_huart_raspi:00000000 $d
   D:\TMP\ccDrhhFo.s:3414   .data.g_raspi_link_debug:00000000 $d
   D:\TMP\ccDrhhFo.s:3432   .bss.g_raspi_link_state:00000000 $d

UNDEFINED SYMBOLS
__aeabi_fcmplt
__aeabi_fcmpgt
__aeabi_fsub
__aeabi_fadd
HAL_GetTick
HAL_GPIO_Init
HAL_UART_Init
HAL_NVIC_SetPriority
HAL_NVIC_EnableIRQ
HAL_UART_Receive_IT
AppTasks_SubmitControlCommandFromTask
ARM GAS  D:\TMP\ccDrhhFo.s 			page 90


strtoul
strtof
__aeabi_fcmple
__aeabi_fmul
__aeabi_fdiv
strncpy
strchr
strcmp
__aeabi_ui2f
memset
AppTasks_CopyBalanceState
cosf
sinf
__aeabi_f2iz
snprintf
xQueueSemaphoreTake
xQueueGenericSend
HAL_UART_Transmit_IT
Sem_RaspberryTxMutex
uxQueueMessagesWaiting
xQueueReceive
Queue_RaspberryRxLine
HAL_UART_IRQHandler
xTaskGetSchedulerState
xQueueGenericSendFromISR
