ARM GAS  D:\TMP\ccuVazxM.s 			page 1


   1              		.cpu cortex-m3
   2              		.arch armv7-m
   3              		.fpu softvfp
   4              		.eabi_attribute 20, 1
   5              		.eabi_attribute 21, 1
   6              		.eabi_attribute 23, 3
   7              		.eabi_attribute 24, 1
   8              		.eabi_attribute 25, 1
   9              		.eabi_attribute 26, 1
  10              		.eabi_attribute 30, 1
  11              		.eabi_attribute 34, 1
  12              		.eabi_attribute 18, 4
  13              		.file	"remote_control.c"
  14              		.text
  15              	.Ltext0:
  16              		.cfi_sections	.debug_frame
  17              		.file 1 "Core/Src/balance_car/remote_control.c"
  18              		.global	__aeabi_fcmplt
  19              		.global	__aeabi_fcmpgt
  20              		.section	.text.RemoteControl_Clamp,"ax",%progbits
  21              		.align	1
  22              		.syntax unified
  23              		.thumb
  24              		.thumb_func
  26              	RemoteControl_Clamp:
  27              	.LVL0:
  28              	.LFB68:
   1:Core/Src/balance_car/remote_control.c **** #include "balance_car/remote_control.h"
   2:Core/Src/balance_car/remote_control.c **** 
   3:Core/Src/balance_car/remote_control.c **** #include "balance_car/app_sensors.h"
   4:Core/Src/balance_car/remote_control.c **** #include "balance_car/balance_control.h"
   5:Core/Src/balance_car/remote_control.c **** #include <stdlib.h>
   6:Core/Src/balance_car/remote_control.c **** #include <string.h>
   7:Core/Src/balance_car/remote_control.c **** #include <stdio.h>
   8:Core/Src/balance_car/remote_control.c **** 
   9:Core/Src/balance_car/remote_control.c **** #define REMOTE_UART                         USART3
  10:Core/Src/balance_car/remote_control.c **** #define REMOTE_UART_BAUDRATE                9600U
  11:Core/Src/balance_car/remote_control.c **** #define REMOTE_UART_TX_PORT                 GPIOB
  12:Core/Src/balance_car/remote_control.c **** #define REMOTE_UART_TX_PIN                  GPIO_PIN_10
  13:Core/Src/balance_car/remote_control.c **** #define REMOTE_UART_RX_PORT                 GPIOB
  14:Core/Src/balance_car/remote_control.c **** #define REMOTE_UART_RX_PIN                  GPIO_PIN_11
  15:Core/Src/balance_car/remote_control.c **** #define REMOTE_LINE_MAX                     31U
  16:Core/Src/balance_car/remote_control.c **** #define REMOTE_TELEMETRY_PERIOD_MS          500U
  17:Core/Src/balance_car/remote_control.c **** #define REMOTE_DEBUG_PERIOD_MS              100U
  18:Core/Src/balance_car/remote_control.c **** 
  19:Core/Src/balance_car/remote_control.c **** volatile RemoteControlState_t g_remote_state = {0};
  20:Core/Src/balance_car/remote_control.c **** volatile RemoteControlDebug_t g_remote_debug = {
  21:Core/Src/balance_car/remote_control.c ****     .enable = 1U,
  22:Core/Src/balance_car/remote_control.c ****     .allow_run_command = 1U,
  23:Core/Src/balance_car/remote_control.c ****     .timeout_stop_enable = 1U,
  24:Core/Src/balance_car/remote_control.c ****     .speed_limit = 3.0f,
  25:Core/Src/balance_car/remote_control.c ****     .turn_limit = 2.0f,
  26:Core/Src/balance_car/remote_control.c ****     .timeout_ms = 500U,
  27:Core/Src/balance_car/remote_control.c **** };
  28:Core/Src/balance_car/remote_control.c **** 
  29:Core/Src/balance_car/remote_control.c **** static UART_HandleTypeDef s_huart_remote;
  30:Core/Src/balance_car/remote_control.c **** static uint8_t s_rx_byte;
ARM GAS  D:\TMP\ccuVazxM.s 			page 2


  31:Core/Src/balance_car/remote_control.c **** static char s_rx_line[REMOTE_LINE_MAX + 1U];
  32:Core/Src/balance_car/remote_control.c **** static volatile uint8_t s_rx_index;
  33:Core/Src/balance_car/remote_control.c **** static volatile uint8_t s_line_ready;
  34:Core/Src/balance_car/remote_control.c **** static char s_parse_line[REMOTE_LINE_MAX + 1U];
  35:Core/Src/balance_car/remote_control.c **** static char s_tx_line[96];
  36:Core/Src/balance_car/remote_control.c **** static volatile uint8_t s_tx_busy;
  37:Core/Src/balance_car/remote_control.c **** static uint32_t s_next_telemetry_ms;
  38:Core/Src/balance_car/remote_control.c **** static uint32_t s_next_debug_ms;
  39:Core/Src/balance_car/remote_control.c **** 
  40:Core/Src/balance_car/remote_control.c **** static float RemoteControl_Clamp(float value, float limit)
  41:Core/Src/balance_car/remote_control.c **** {
  29              		.loc 1 41 1 view -0
  30              		.cfi_startproc
  31              		@ args = 0, pretend = 0, frame = 0
  32              		@ frame_needed = 0, uses_anonymous_args = 0
  33              		.loc 1 41 1 is_stmt 0 view .LVU1
  34 0000 38B5     		push	{r3, r4, r5, lr}
  35              	.LCFI0:
  36              		.cfi_def_cfa_offset 16
  37              		.cfi_offset 3, -16
  38              		.cfi_offset 4, -12
  39              		.cfi_offset 5, -8
  40              		.cfi_offset 14, -4
  41 0002 0546     		mov	r5, r0
  42 0004 0C46     		mov	r4, r1
  42:Core/Src/balance_car/remote_control.c ****     if (limit < 0.0f) {
  43              		.loc 1 42 5 is_stmt 1 view .LVU2
  44              		.loc 1 42 8 is_stmt 0 view .LVU3
  45 0006 0021     		movs	r1, #0
  46              	.LVL1:
  47              		.loc 1 42 8 view .LVU4
  48 0008 2046     		mov	r0, r4
  49              	.LVL2:
  50              		.loc 1 42 8 view .LVU5
  51 000a FFF7FEFF 		bl	__aeabi_fcmplt
  52              	.LVL3:
  53 000e 70B9     		cbnz	r0, .L8
  54              	.LVL4:
  55              	.L2:
  43:Core/Src/balance_car/remote_control.c ****         limit = -limit;
  44:Core/Src/balance_car/remote_control.c ****     }
  45:Core/Src/balance_car/remote_control.c ****     if (value > limit) {
  56              		.loc 1 45 5 is_stmt 1 view .LVU6
  57              		.loc 1 45 8 is_stmt 0 view .LVU7
  58 0010 2946     		mov	r1, r5
  59 0012 2046     		mov	r0, r4
  60 0014 FFF7FEFF 		bl	__aeabi_fcmplt
  61              	.LVL5:
  62 0018 38B9     		cbnz	r0, .L1
  46:Core/Src/balance_car/remote_control.c ****         return limit;
  47:Core/Src/balance_car/remote_control.c ****     }
  48:Core/Src/balance_car/remote_control.c ****     if (value < -limit) {
  63              		.loc 1 48 5 is_stmt 1 view .LVU8
  64              		.loc 1 48 17 is_stmt 0 view .LVU9
  65 001a 04F10044 		add	r4, r4, #-2147483648
  66              	.LVL6:
  67              		.loc 1 48 8 view .LVU10
ARM GAS  D:\TMP\ccuVazxM.s 			page 3


  68 001e 2946     		mov	r1, r5
  69 0020 2046     		mov	r0, r4
  70 0022 FFF7FEFF 		bl	__aeabi_fcmpgt
  71              	.LVL7:
  72 0026 00B9     		cbnz	r0, .L1
  49:Core/Src/balance_car/remote_control.c ****         return -limit;
  50:Core/Src/balance_car/remote_control.c ****     }
  51:Core/Src/balance_car/remote_control.c ****     return value;
  73              		.loc 1 51 12 view .LVU11
  74 0028 2C46     		mov	r4, r5
  75              	.L1:
  52:Core/Src/balance_car/remote_control.c **** }
  76              		.loc 1 52 1 view .LVU12
  77 002a 2046     		mov	r0, r4
  78 002c 38BD     		pop	{r3, r4, r5, pc}
  79              	.LVL8:
  80              	.L8:
  43:Core/Src/balance_car/remote_control.c ****     }
  81              		.loc 1 43 9 is_stmt 1 view .LVU13
  43:Core/Src/balance_car/remote_control.c ****     }
  82              		.loc 1 43 15 is_stmt 0 view .LVU14
  83 002e 04F10044 		add	r4, r4, #-2147483648
  84              	.LVL9:
  43:Core/Src/balance_car/remote_control.c ****     }
  85              		.loc 1 43 15 view .LVU15
  86 0032 EDE7     		b	.L2
  87              		.cfi_endproc
  88              	.LFE68:
  90              		.section	.text.RemoteControl_SetFault,"ax",%progbits
  91              		.align	1
  92              		.syntax unified
  93              		.thumb
  94              		.thumb_func
  96              	RemoteControl_SetFault:
  97              	.LVL10:
  98              	.LFB69:
  53:Core/Src/balance_car/remote_control.c **** 
  54:Core/Src/balance_car/remote_control.c **** static void RemoteControl_SetFault(uint32_t fault)
  55:Core/Src/balance_car/remote_control.c **** {
  99              		.loc 1 55 1 is_stmt 1 view -0
 100              		.cfi_startproc
 101              		@ args = 0, pretend = 0, frame = 0
 102              		@ frame_needed = 0, uses_anonymous_args = 0
 103              		@ link register save eliminated.
  56:Core/Src/balance_car/remote_control.c ****     g_remote_state.fault_flags |= fault;
 104              		.loc 1 56 5 view .LVU17
 105              		.loc 1 56 19 is_stmt 0 view .LVU18
 106 0000 024A     		ldr	r2, .L10
 107 0002 9369     		ldr	r3, [r2, #24]
 108              		.loc 1 56 32 view .LVU19
 109 0004 0343     		orrs	r3, r3, r0
 110 0006 9361     		str	r3, [r2, #24]
  57:Core/Src/balance_car/remote_control.c **** }
 111              		.loc 1 57 1 view .LVU20
 112 0008 7047     		bx	lr
 113              	.L11:
 114 000a 00BF     		.align	2
ARM GAS  D:\TMP\ccuVazxM.s 			page 4


 115              	.L10:
 116 000c 00000000 		.word	g_remote_state
 117              		.cfi_endproc
 118              	.LFE69:
 120              		.section	.text.RemoteControl_ApplyPid,"ax",%progbits
 121              		.align	1
 122              		.syntax unified
 123              		.thumb
 124              		.thumb_func
 126              	RemoteControl_ApplyPid:
 127              	.LVL11:
 128              	.LFB80:
  58:Core/Src/balance_car/remote_control.c **** 
  59:Core/Src/balance_car/remote_control.c **** static void RemoteControl_StartReceive(void)
  60:Core/Src/balance_car/remote_control.c **** {
  61:Core/Src/balance_car/remote_control.c ****     if (HAL_UART_Receive_IT(&s_huart_remote, &s_rx_byte, 1U) != HAL_OK) {
  62:Core/Src/balance_car/remote_control.c ****         RemoteControl_SetFault(REMOTE_FAULT_RX_RESTART);
  63:Core/Src/balance_car/remote_control.c ****     }
  64:Core/Src/balance_car/remote_control.c **** }
  65:Core/Src/balance_car/remote_control.c **** 
  66:Core/Src/balance_car/remote_control.c **** static HAL_StatusTypeDef RemoteControl_UartInit(void)
  67:Core/Src/balance_car/remote_control.c **** {
  68:Core/Src/balance_car/remote_control.c ****     GPIO_InitTypeDef gpio = {0};
  69:Core/Src/balance_car/remote_control.c **** 
  70:Core/Src/balance_car/remote_control.c ****     __HAL_RCC_GPIOB_CLK_ENABLE();
  71:Core/Src/balance_car/remote_control.c ****     __HAL_RCC_USART3_CLK_ENABLE();
  72:Core/Src/balance_car/remote_control.c **** 
  73:Core/Src/balance_car/remote_control.c ****     gpio.Pin = REMOTE_UART_TX_PIN;
  74:Core/Src/balance_car/remote_control.c ****     gpio.Mode = GPIO_MODE_AF_PP;
  75:Core/Src/balance_car/remote_control.c ****     gpio.Speed = GPIO_SPEED_FREQ_HIGH;
  76:Core/Src/balance_car/remote_control.c ****     HAL_GPIO_Init(REMOTE_UART_TX_PORT, &gpio);
  77:Core/Src/balance_car/remote_control.c **** 
  78:Core/Src/balance_car/remote_control.c ****     gpio.Pin = REMOTE_UART_RX_PIN;
  79:Core/Src/balance_car/remote_control.c ****     gpio.Mode = GPIO_MODE_INPUT;
  80:Core/Src/balance_car/remote_control.c ****     gpio.Pull = GPIO_PULLUP;
  81:Core/Src/balance_car/remote_control.c ****     gpio.Speed = GPIO_SPEED_FREQ_HIGH;
  82:Core/Src/balance_car/remote_control.c ****     HAL_GPIO_Init(REMOTE_UART_RX_PORT, &gpio);
  83:Core/Src/balance_car/remote_control.c **** 
  84:Core/Src/balance_car/remote_control.c ****     s_huart_remote.Instance = REMOTE_UART;
  85:Core/Src/balance_car/remote_control.c ****     s_huart_remote.Init.BaudRate = REMOTE_UART_BAUDRATE;
  86:Core/Src/balance_car/remote_control.c ****     s_huart_remote.Init.WordLength = UART_WORDLENGTH_8B;
  87:Core/Src/balance_car/remote_control.c ****     s_huart_remote.Init.StopBits = UART_STOPBITS_1;
  88:Core/Src/balance_car/remote_control.c ****     s_huart_remote.Init.Parity = UART_PARITY_NONE;
  89:Core/Src/balance_car/remote_control.c ****     s_huart_remote.Init.Mode = UART_MODE_TX_RX;
  90:Core/Src/balance_car/remote_control.c ****     s_huart_remote.Init.HwFlowCtl = UART_HWCONTROL_NONE;
  91:Core/Src/balance_car/remote_control.c ****     s_huart_remote.Init.OverSampling = UART_OVERSAMPLING_16;
  92:Core/Src/balance_car/remote_control.c **** 
  93:Core/Src/balance_car/remote_control.c ****     if (HAL_UART_Init(&s_huart_remote) != HAL_OK) {
  94:Core/Src/balance_car/remote_control.c ****         RemoteControl_SetFault(REMOTE_FAULT_UART_INIT);
  95:Core/Src/balance_car/remote_control.c ****         return HAL_ERROR;
  96:Core/Src/balance_car/remote_control.c ****     }
  97:Core/Src/balance_car/remote_control.c **** 
  98:Core/Src/balance_car/remote_control.c ****     HAL_NVIC_SetPriority(USART3_IRQn, 2U, 0U);
  99:Core/Src/balance_car/remote_control.c ****     HAL_NVIC_EnableIRQ(USART3_IRQn);
 100:Core/Src/balance_car/remote_control.c ****     return HAL_OK;
 101:Core/Src/balance_car/remote_control.c **** }
 102:Core/Src/balance_car/remote_control.c **** 
ARM GAS  D:\TMP\ccuVazxM.s 			page 5


 103:Core/Src/balance_car/remote_control.c **** HAL_StatusTypeDef RemoteControl_Init(void)
 104:Core/Src/balance_car/remote_control.c **** {
 105:Core/Src/balance_car/remote_control.c ****     HAL_StatusTypeDef status;
 106:Core/Src/balance_car/remote_control.c **** 
 107:Core/Src/balance_car/remote_control.c ****     memset((void *)&g_remote_state, 0, sizeof(g_remote_state));
 108:Core/Src/balance_car/remote_control.c ****     s_rx_index = 0U;
 109:Core/Src/balance_car/remote_control.c ****     s_line_ready = 0U;
 110:Core/Src/balance_car/remote_control.c ****     s_tx_busy = 0U;
 111:Core/Src/balance_car/remote_control.c ****     s_next_telemetry_ms = HAL_GetTick() + REMOTE_TELEMETRY_PERIOD_MS;
 112:Core/Src/balance_car/remote_control.c ****     s_next_debug_ms = HAL_GetTick() + REMOTE_DEBUG_PERIOD_MS;
 113:Core/Src/balance_car/remote_control.c ****     status = RemoteControl_UartInit();
 114:Core/Src/balance_car/remote_control.c ****     if (status == HAL_OK) {
 115:Core/Src/balance_car/remote_control.c ****         RemoteControl_StartReceive();
 116:Core/Src/balance_car/remote_control.c ****     }
 117:Core/Src/balance_car/remote_control.c ****     return status;
 118:Core/Src/balance_car/remote_control.c **** }
 119:Core/Src/balance_car/remote_control.c **** 
 120:Core/Src/balance_car/remote_control.c **** static uint8_t RemoteControl_SendLine(const char *line, int len)
 121:Core/Src/balance_car/remote_control.c **** {
 122:Core/Src/balance_car/remote_control.c ****     if (len <= 0 || s_tx_busy != 0U) {
 123:Core/Src/balance_car/remote_control.c ****         return 0U;
 124:Core/Src/balance_car/remote_control.c ****     }
 125:Core/Src/balance_car/remote_control.c ****     if (len >= (int)sizeof(s_tx_line)) {
 126:Core/Src/balance_car/remote_control.c ****         len = (int)sizeof(s_tx_line) - 1;
 127:Core/Src/balance_car/remote_control.c ****     }
 128:Core/Src/balance_car/remote_control.c ****     memcpy(s_tx_line, line, (uint16_t)len);
 129:Core/Src/balance_car/remote_control.c ****     s_tx_busy = 1U;
 130:Core/Src/balance_car/remote_control.c ****     if (HAL_UART_Transmit_IT(&s_huart_remote, (uint8_t *)s_tx_line, (uint16_t)len) != HAL_OK) {
 131:Core/Src/balance_car/remote_control.c ****         s_tx_busy = 0U;
 132:Core/Src/balance_car/remote_control.c ****         return 0U;
 133:Core/Src/balance_car/remote_control.c ****     }
 134:Core/Src/balance_car/remote_control.c ****     return 1U;
 135:Core/Src/balance_car/remote_control.c **** }
 136:Core/Src/balance_car/remote_control.c **** 
 137:Core/Src/balance_car/remote_control.c **** static void RemoteControl_SendTelemetry(void)
 138:Core/Src/balance_car/remote_control.c **** {
 139:Core/Src/balance_car/remote_control.c ****     char line[96];
 140:Core/Src/balance_car/remote_control.c ****     char temp_text[20];
 141:Core/Src/balance_car/remote_control.c ****     char humi_text[20];
 142:Core/Src/balance_car/remote_control.c ****     int temp10 = (int)(g_sensor_state.temperature_c * 10.0f);
 143:Core/Src/balance_car/remote_control.c ****     int humi = (int)(g_sensor_state.humidity_percent + 0.5f);
 144:Core/Src/balance_car/remote_control.c ****     int weight = (int)(g_sensor_state.weight_g + 0.5f);
 145:Core/Src/balance_car/remote_control.c ****     int len;
 146:Core/Src/balance_car/remote_control.c **** 
 147:Core/Src/balance_car/remote_control.c ****     if (g_sensor_state.dht_valid != 0U) {
 148:Core/Src/balance_car/remote_control.c ****         (void)snprintf(temp_text, sizeof(temp_text), "Temp:%d.%d C",
 149:Core/Src/balance_car/remote_control.c ****                        temp10 / 10,
 150:Core/Src/balance_car/remote_control.c ****                        temp10 < 0 ? -(temp10 % 10) : temp10 % 10);
 151:Core/Src/balance_car/remote_control.c ****         (void)snprintf(humi_text, sizeof(humi_text), "Humi:%d %%", humi);
 152:Core/Src/balance_car/remote_control.c ****     } else {
 153:Core/Src/balance_car/remote_control.c ****         (void)snprintf(temp_text, sizeof(temp_text), "DHT Err:%u", (unsigned)g_sensor_state.dht_fai
 154:Core/Src/balance_car/remote_control.c ****         (void)snprintf(humi_text, sizeof(humi_text), "Humi:-- %%");
 155:Core/Src/balance_car/remote_control.c ****     }
 156:Core/Src/balance_car/remote_control.c **** 
 157:Core/Src/balance_car/remote_control.c ****     len = snprintf(line, sizeof(line),
 158:Core/Src/balance_car/remote_control.c ****                    "OLED %s|%s|Weight:%d g|Raw:%ld\n",
 159:Core/Src/balance_car/remote_control.c ****                    temp_text,
ARM GAS  D:\TMP\ccuVazxM.s 			page 6


 160:Core/Src/balance_car/remote_control.c ****                    humi_text,
 161:Core/Src/balance_car/remote_control.c ****                    weight,
 162:Core/Src/balance_car/remote_control.c ****                    (long)g_sensor_state.hx711_raw);
 163:Core/Src/balance_car/remote_control.c ****     if (len <= 0) {
 164:Core/Src/balance_car/remote_control.c ****         return;
 165:Core/Src/balance_car/remote_control.c ****     }
 166:Core/Src/balance_car/remote_control.c ****     if (len >= (int)sizeof(line)) {
 167:Core/Src/balance_car/remote_control.c ****         len = (int)sizeof(line) - 1;
 168:Core/Src/balance_car/remote_control.c ****     }
 169:Core/Src/balance_car/remote_control.c **** 
 170:Core/Src/balance_car/remote_control.c ****     RemoteControl_SendLine(line, len);
 171:Core/Src/balance_car/remote_control.c **** }
 172:Core/Src/balance_car/remote_control.c **** 
 173:Core/Src/balance_car/remote_control.c **** static void RemoteControl_SendDebugTelemetry(void)
 174:Core/Src/balance_car/remote_control.c **** {
 175:Core/Src/balance_car/remote_control.c ****     char line[96];
 176:Core/Src/balance_car/remote_control.c ****     int len;
 177:Core/Src/balance_car/remote_control.c **** 
 178:Core/Src/balance_car/remote_control.c ****     len = snprintf(line, sizeof(line),
 179:Core/Src/balance_car/remote_control.c ****                    "DBG SPD %.3f %.3f ANG %.3f %.3f TURN %.3f %.3f\n",
 180:Core/Src/balance_car/remote_control.c ****                    g_speed_pid.Target,
 181:Core/Src/balance_car/remote_control.c ****                    g_speed_pid.Actual,
 182:Core/Src/balance_car/remote_control.c ****                    g_angle_pid.Target,
 183:Core/Src/balance_car/remote_control.c ****                    g_angle_pid.Actual,
 184:Core/Src/balance_car/remote_control.c ****                    g_turn_pid.Target,
 185:Core/Src/balance_car/remote_control.c ****                    g_turn_pid.Actual);
 186:Core/Src/balance_car/remote_control.c ****     if (len <= 0) {
 187:Core/Src/balance_car/remote_control.c ****         return;
 188:Core/Src/balance_car/remote_control.c ****     }
 189:Core/Src/balance_car/remote_control.c ****     if (len >= (int)sizeof(line)) {
 190:Core/Src/balance_car/remote_control.c ****         len = (int)sizeof(line) - 1;
 191:Core/Src/balance_car/remote_control.c ****     }
 192:Core/Src/balance_car/remote_control.c ****     (void)RemoteControl_SendLine(line, len);
 193:Core/Src/balance_car/remote_control.c **** }
 194:Core/Src/balance_car/remote_control.c **** 
 195:Core/Src/balance_car/remote_control.c **** static void RemoteControl_MarkValid(const char *line)
 196:Core/Src/balance_car/remote_control.c **** {
 197:Core/Src/balance_car/remote_control.c ****     g_remote_state.valid_cmd_count++;
 198:Core/Src/balance_car/remote_control.c ****     g_remote_state.parser_error = 0U;
 199:Core/Src/balance_car/remote_control.c ****     g_remote_state.last_rx_ms = HAL_GetTick();
 200:Core/Src/balance_car/remote_control.c ****     g_remote_state.link_active = 1U;
 201:Core/Src/balance_car/remote_control.c ****     strncpy((char *)g_remote_state.last_command, line, sizeof(g_remote_state.last_command) - 1U);
 202:Core/Src/balance_car/remote_control.c ****     g_remote_state.last_command[sizeof(g_remote_state.last_command) - 1U] = '\0';
 203:Core/Src/balance_car/remote_control.c **** }
 204:Core/Src/balance_car/remote_control.c **** 
 205:Core/Src/balance_car/remote_control.c **** static void RemoteControl_MarkInvalid(const char *line)
 206:Core/Src/balance_car/remote_control.c **** {
 207:Core/Src/balance_car/remote_control.c ****     g_remote_state.invalid_cmd_count++;
 208:Core/Src/balance_car/remote_control.c ****     g_remote_state.parser_error = 1U;
 209:Core/Src/balance_car/remote_control.c ****     RemoteControl_SetFault(REMOTE_FAULT_BAD_COMMAND);
 210:Core/Src/balance_car/remote_control.c ****     strncpy((char *)g_remote_state.last_command, line, sizeof(g_remote_state.last_command) - 1U);
 211:Core/Src/balance_car/remote_control.c ****     g_remote_state.last_command[sizeof(g_remote_state.last_command) - 1U] = '\0';
 212:Core/Src/balance_car/remote_control.c **** }
 213:Core/Src/balance_car/remote_control.c **** 
 214:Core/Src/balance_car/remote_control.c **** static uint8_t RemoteControl_ParseFloat(const char *text, float *value)
 215:Core/Src/balance_car/remote_control.c **** {
 216:Core/Src/balance_car/remote_control.c ****     char *endptr;
ARM GAS  D:\TMP\ccuVazxM.s 			page 7


 217:Core/Src/balance_car/remote_control.c ****     float parsed;
 218:Core/Src/balance_car/remote_control.c **** 
 219:Core/Src/balance_car/remote_control.c ****     if (text == 0 || value == 0) {
 220:Core/Src/balance_car/remote_control.c ****         return 0U;
 221:Core/Src/balance_car/remote_control.c ****     }
 222:Core/Src/balance_car/remote_control.c **** 
 223:Core/Src/balance_car/remote_control.c ****     parsed = strtof(text, &endptr);
 224:Core/Src/balance_car/remote_control.c ****     if (endptr == text) {
 225:Core/Src/balance_car/remote_control.c ****         return 0U;
 226:Core/Src/balance_car/remote_control.c ****     }
 227:Core/Src/balance_car/remote_control.c ****     while (*endptr == ' ') {
 228:Core/Src/balance_car/remote_control.c ****         endptr++;
 229:Core/Src/balance_car/remote_control.c ****     }
 230:Core/Src/balance_car/remote_control.c ****     if (*endptr != '\0') {
 231:Core/Src/balance_car/remote_control.c ****         return 0U;
 232:Core/Src/balance_car/remote_control.c ****     }
 233:Core/Src/balance_car/remote_control.c **** 
 234:Core/Src/balance_car/remote_control.c ****     *value = parsed;
 235:Core/Src/balance_car/remote_control.c ****     return 1U;
 236:Core/Src/balance_car/remote_control.c **** }
 237:Core/Src/balance_car/remote_control.c **** 
 238:Core/Src/balance_car/remote_control.c **** static uint8_t RemoteControl_ParsePidValues(char *text, float *kp, float *ki, float *kd)
 239:Core/Src/balance_car/remote_control.c **** {
 240:Core/Src/balance_car/remote_control.c ****     char *ki_text;
 241:Core/Src/balance_car/remote_control.c ****     char *kd_text;
 242:Core/Src/balance_car/remote_control.c **** 
 243:Core/Src/balance_car/remote_control.c ****     if (text == 0 || kp == 0 || ki == 0 || kd == 0) {
 244:Core/Src/balance_car/remote_control.c ****         return 0U;
 245:Core/Src/balance_car/remote_control.c ****     }
 246:Core/Src/balance_car/remote_control.c **** 
 247:Core/Src/balance_car/remote_control.c ****     while (*text == ' ') {
 248:Core/Src/balance_car/remote_control.c ****         text++;
 249:Core/Src/balance_car/remote_control.c ****     }
 250:Core/Src/balance_car/remote_control.c ****     ki_text = strchr(text, ' ');
 251:Core/Src/balance_car/remote_control.c ****     if (ki_text == 0) {
 252:Core/Src/balance_car/remote_control.c ****         return 0U;
 253:Core/Src/balance_car/remote_control.c ****     }
 254:Core/Src/balance_car/remote_control.c ****     *ki_text = '\0';
 255:Core/Src/balance_car/remote_control.c ****     ki_text++;
 256:Core/Src/balance_car/remote_control.c ****     while (*ki_text == ' ') {
 257:Core/Src/balance_car/remote_control.c ****         ki_text++;
 258:Core/Src/balance_car/remote_control.c ****     }
 259:Core/Src/balance_car/remote_control.c **** 
 260:Core/Src/balance_car/remote_control.c ****     kd_text = strchr(ki_text, ' ');
 261:Core/Src/balance_car/remote_control.c ****     if (kd_text == 0) {
 262:Core/Src/balance_car/remote_control.c ****         return 0U;
 263:Core/Src/balance_car/remote_control.c ****     }
 264:Core/Src/balance_car/remote_control.c ****     *kd_text = '\0';
 265:Core/Src/balance_car/remote_control.c ****     kd_text++;
 266:Core/Src/balance_car/remote_control.c ****     while (*kd_text == ' ') {
 267:Core/Src/balance_car/remote_control.c ****         kd_text++;
 268:Core/Src/balance_car/remote_control.c ****     }
 269:Core/Src/balance_car/remote_control.c **** 
 270:Core/Src/balance_car/remote_control.c ****     return (uint8_t)(RemoteControl_ParseFloat(text, kp) != 0U &&
 271:Core/Src/balance_car/remote_control.c ****                      RemoteControl_ParseFloat(ki_text, ki) != 0U &&
 272:Core/Src/balance_car/remote_control.c ****                      RemoteControl_ParseFloat(kd_text, kd) != 0U);
 273:Core/Src/balance_car/remote_control.c **** }
ARM GAS  D:\TMP\ccuVazxM.s 			page 8


 274:Core/Src/balance_car/remote_control.c **** 
 275:Core/Src/balance_car/remote_control.c **** static void RemoteControl_ApplyPid(PID_t *pid, float kp, float ki, float kd)
 276:Core/Src/balance_car/remote_control.c **** {
 129              		.loc 1 276 1 is_stmt 1 view -0
 130              		.cfi_startproc
 131              		@ args = 0, pretend = 0, frame = 0
 132              		@ frame_needed = 0, uses_anonymous_args = 0
 133              		@ link register save eliminated.
 277:Core/Src/balance_car/remote_control.c ****     pid->Kp = kp;
 134              		.loc 1 277 5 view .LVU22
 135              		.loc 1 277 13 is_stmt 0 view .LVU23
 136 0000 0161     		str	r1, [r0, #16]	@ float
 278:Core/Src/balance_car/remote_control.c ****     pid->Ki = ki;
 137              		.loc 1 278 5 is_stmt 1 view .LVU24
 138              		.loc 1 278 13 is_stmt 0 view .LVU25
 139 0002 4261     		str	r2, [r0, #20]	@ float
 279:Core/Src/balance_car/remote_control.c ****     pid->Kd = kd;
 140              		.loc 1 279 5 is_stmt 1 view .LVU26
 141              		.loc 1 279 13 is_stmt 0 view .LVU27
 142 0004 8361     		str	r3, [r0, #24]	@ float
 280:Core/Src/balance_car/remote_control.c **** }
 143              		.loc 1 280 1 view .LVU28
 144 0006 7047     		bx	lr
 145              		.cfi_endproc
 146              	.LFE80:
 148              		.section	.text.RemoteControl_CheckTimeout,"ax",%progbits
 149              		.align	1
 150              		.syntax unified
 151              		.thumb
 152              		.thumb_func
 154              	RemoteControl_CheckTimeout:
 155              	.LFB82:
 281:Core/Src/balance_car/remote_control.c **** 
 282:Core/Src/balance_car/remote_control.c **** static void RemoteControl_ProcessLine(char *line)
 283:Core/Src/balance_car/remote_control.c **** {
 284:Core/Src/balance_car/remote_control.c ****     if (line[0] == '\0') {
 285:Core/Src/balance_car/remote_control.c ****         return;
 286:Core/Src/balance_car/remote_control.c ****     }
 287:Core/Src/balance_car/remote_control.c **** 
 288:Core/Src/balance_car/remote_control.c ****     if (g_remote_debug.enable == 0U) {
 289:Core/Src/balance_car/remote_control.c ****         RemoteControl_MarkValid(line);
 290:Core/Src/balance_car/remote_control.c ****         return;
 291:Core/Src/balance_car/remote_control.c ****     }
 292:Core/Src/balance_car/remote_control.c **** 
 293:Core/Src/balance_car/remote_control.c ****     if (strcmp(line, "STOP") == 0) {
 294:Core/Src/balance_car/remote_control.c ****         g_balance_debug.speed_target = 0.0f;
 295:Core/Src/balance_car/remote_control.c ****         g_balance_debug.turn_target = 0.0f;
 296:Core/Src/balance_car/remote_control.c ****         g_remote_state.speed_cmd = 0.0f;
 297:Core/Src/balance_car/remote_control.c ****         g_remote_state.turn_cmd = 0.0f;
 298:Core/Src/balance_car/remote_control.c ****         RemoteControl_MarkValid(line);
 299:Core/Src/balance_car/remote_control.c ****         return;
 300:Core/Src/balance_car/remote_control.c ****     }
 301:Core/Src/balance_car/remote_control.c **** 
 302:Core/Src/balance_car/remote_control.c ****     if (strcmp(line, "PING") == 0) {
 303:Core/Src/balance_car/remote_control.c ****         RemoteControl_MarkValid(line);
 304:Core/Src/balance_car/remote_control.c ****         return;
 305:Core/Src/balance_car/remote_control.c ****     }
ARM GAS  D:\TMP\ccuVazxM.s 			page 9


 306:Core/Src/balance_car/remote_control.c **** 
 307:Core/Src/balance_car/remote_control.c ****     if (strcmp(line, "PIDRST") == 0) {
 308:Core/Src/balance_car/remote_control.c ****         g_balance_debug.reset_pid_request = 1U;
 309:Core/Src/balance_car/remote_control.c ****         RemoteControl_MarkValid(line);
 310:Core/Src/balance_car/remote_control.c ****         return;
 311:Core/Src/balance_car/remote_control.c ****     }
 312:Core/Src/balance_car/remote_control.c **** 
 313:Core/Src/balance_car/remote_control.c ****     if (strncmp(line, "RUN ", 4U) == 0) {
 314:Core/Src/balance_car/remote_control.c ****         if (strcmp(&line[4], "1") == 0) {
 315:Core/Src/balance_car/remote_control.c ****             if (g_remote_debug.allow_run_command != 0U) {
 316:Core/Src/balance_car/remote_control.c ****                 g_balance_debug.run_enable = 1U;
 317:Core/Src/balance_car/remote_control.c ****             }
 318:Core/Src/balance_car/remote_control.c ****             RemoteControl_MarkValid(line);
 319:Core/Src/balance_car/remote_control.c ****             return;
 320:Core/Src/balance_car/remote_control.c ****         }
 321:Core/Src/balance_car/remote_control.c ****         if (strcmp(&line[4], "0") == 0) {
 322:Core/Src/balance_car/remote_control.c ****             if (g_remote_debug.allow_run_command != 0U) {
 323:Core/Src/balance_car/remote_control.c ****                 g_balance_debug.run_enable = 0U;
 324:Core/Src/balance_car/remote_control.c ****             }
 325:Core/Src/balance_car/remote_control.c ****             g_balance_debug.speed_target = 0.0f;
 326:Core/Src/balance_car/remote_control.c ****             g_balance_debug.turn_target = 0.0f;
 327:Core/Src/balance_car/remote_control.c ****             g_remote_state.speed_cmd = 0.0f;
 328:Core/Src/balance_car/remote_control.c ****             g_remote_state.turn_cmd = 0.0f;
 329:Core/Src/balance_car/remote_control.c ****             RemoteControl_MarkValid(line);
 330:Core/Src/balance_car/remote_control.c ****             return;
 331:Core/Src/balance_car/remote_control.c ****         }
 332:Core/Src/balance_car/remote_control.c ****     }
 333:Core/Src/balance_car/remote_control.c **** 
 334:Core/Src/balance_car/remote_control.c ****     if (strncmp(line, "PID ", 4U) == 0) {
 335:Core/Src/balance_car/remote_control.c ****         char *values_text;
 336:Core/Src/balance_car/remote_control.c ****         float kp;
 337:Core/Src/balance_car/remote_control.c ****         float ki;
 338:Core/Src/balance_car/remote_control.c ****         float kd;
 339:Core/Src/balance_car/remote_control.c **** 
 340:Core/Src/balance_car/remote_control.c ****         values_text = strchr(&line[4], ' ');
 341:Core/Src/balance_car/remote_control.c ****         if (values_text != 0) {
 342:Core/Src/balance_car/remote_control.c ****             *values_text = '\0';
 343:Core/Src/balance_car/remote_control.c ****             values_text++;
 344:Core/Src/balance_car/remote_control.c ****             if (RemoteControl_ParsePidValues(values_text, &kp, &ki, &kd) != 0U) {
 345:Core/Src/balance_car/remote_control.c ****                 if (strcmp(&line[4], "SPD") == 0) {
 346:Core/Src/balance_car/remote_control.c ****                     RemoteControl_ApplyPid(&g_speed_pid, kp, ki, kd);
 347:Core/Src/balance_car/remote_control.c ****                     RemoteControl_MarkValid("PID SPD");
 348:Core/Src/balance_car/remote_control.c ****                     return;
 349:Core/Src/balance_car/remote_control.c ****                 }
 350:Core/Src/balance_car/remote_control.c ****                 if (strcmp(&line[4], "ANG") == 0) {
 351:Core/Src/balance_car/remote_control.c ****                     RemoteControl_ApplyPid(&g_angle_pid, kp, ki, kd);
 352:Core/Src/balance_car/remote_control.c ****                     RemoteControl_MarkValid("PID ANG");
 353:Core/Src/balance_car/remote_control.c ****                     return;
 354:Core/Src/balance_car/remote_control.c ****                 }
 355:Core/Src/balance_car/remote_control.c ****                 if (strcmp(&line[4], "TURN") == 0) {
 356:Core/Src/balance_car/remote_control.c ****                     RemoteControl_ApplyPid(&g_turn_pid, kp, ki, kd);
 357:Core/Src/balance_car/remote_control.c ****                     RemoteControl_MarkValid("PID TURN");
 358:Core/Src/balance_car/remote_control.c ****                     return;
 359:Core/Src/balance_car/remote_control.c ****                 }
 360:Core/Src/balance_car/remote_control.c ****             }
 361:Core/Src/balance_car/remote_control.c ****         }
 362:Core/Src/balance_car/remote_control.c ****     }
ARM GAS  D:\TMP\ccuVazxM.s 			page 10


 363:Core/Src/balance_car/remote_control.c **** 
 364:Core/Src/balance_car/remote_control.c ****     if (strncmp(line, "SPD ", 4U) == 0) {
 365:Core/Src/balance_car/remote_control.c ****         float speed;
 366:Core/Src/balance_car/remote_control.c ****         if (RemoteControl_ParseFloat(&line[4], &speed) != 0U) {
 367:Core/Src/balance_car/remote_control.c ****             speed = RemoteControl_Clamp(speed, g_remote_debug.speed_limit);
 368:Core/Src/balance_car/remote_control.c ****             g_balance_debug.speed_target = speed;
 369:Core/Src/balance_car/remote_control.c ****             g_remote_state.speed_cmd = speed;
 370:Core/Src/balance_car/remote_control.c ****             RemoteControl_MarkValid(line);
 371:Core/Src/balance_car/remote_control.c ****             return;
 372:Core/Src/balance_car/remote_control.c ****         }
 373:Core/Src/balance_car/remote_control.c ****     }
 374:Core/Src/balance_car/remote_control.c **** 
 375:Core/Src/balance_car/remote_control.c ****     if (strncmp(line, "CTL ", 4U) == 0) {
 376:Core/Src/balance_car/remote_control.c ****         char *turn_text;
 377:Core/Src/balance_car/remote_control.c ****         float speed;
 378:Core/Src/balance_car/remote_control.c ****         float turn;
 379:Core/Src/balance_car/remote_control.c **** 
 380:Core/Src/balance_car/remote_control.c ****         turn_text = strchr(&line[4], ' ');
 381:Core/Src/balance_car/remote_control.c ****         if (turn_text != 0) {
 382:Core/Src/balance_car/remote_control.c ****             *turn_text = '\0';
 383:Core/Src/balance_car/remote_control.c ****             turn_text++;
 384:Core/Src/balance_car/remote_control.c ****             while (*turn_text == ' ') {
 385:Core/Src/balance_car/remote_control.c ****                 turn_text++;
 386:Core/Src/balance_car/remote_control.c ****             }
 387:Core/Src/balance_car/remote_control.c ****             if (RemoteControl_ParseFloat(&line[4], &speed) != 0U &&
 388:Core/Src/balance_car/remote_control.c ****                 RemoteControl_ParseFloat(turn_text, &turn) != 0U) {
 389:Core/Src/balance_car/remote_control.c ****                 speed = RemoteControl_Clamp(speed, g_remote_debug.speed_limit);
 390:Core/Src/balance_car/remote_control.c ****                 turn = RemoteControl_Clamp(turn, g_remote_debug.turn_limit);
 391:Core/Src/balance_car/remote_control.c ****                 g_balance_debug.speed_target = speed;
 392:Core/Src/balance_car/remote_control.c ****                 g_balance_debug.turn_target = turn;
 393:Core/Src/balance_car/remote_control.c ****                 g_remote_state.speed_cmd = speed;
 394:Core/Src/balance_car/remote_control.c ****                 g_remote_state.turn_cmd = turn;
 395:Core/Src/balance_car/remote_control.c ****                 RemoteControl_MarkValid("CTL");
 396:Core/Src/balance_car/remote_control.c ****                 return;
 397:Core/Src/balance_car/remote_control.c ****             }
 398:Core/Src/balance_car/remote_control.c ****         }
 399:Core/Src/balance_car/remote_control.c ****     }
 400:Core/Src/balance_car/remote_control.c **** 
 401:Core/Src/balance_car/remote_control.c ****     if (strncmp(line, "TURN ", 5U) == 0) {
 402:Core/Src/balance_car/remote_control.c ****         float turn;
 403:Core/Src/balance_car/remote_control.c ****         if (RemoteControl_ParseFloat(&line[5], &turn) != 0U) {
 404:Core/Src/balance_car/remote_control.c ****             turn = RemoteControl_Clamp(turn, g_remote_debug.turn_limit);
 405:Core/Src/balance_car/remote_control.c ****             g_balance_debug.turn_target = turn;
 406:Core/Src/balance_car/remote_control.c ****             g_remote_state.turn_cmd = turn;
 407:Core/Src/balance_car/remote_control.c ****             RemoteControl_MarkValid(line);
 408:Core/Src/balance_car/remote_control.c ****             return;
 409:Core/Src/balance_car/remote_control.c ****         }
 410:Core/Src/balance_car/remote_control.c ****     }
 411:Core/Src/balance_car/remote_control.c **** 
 412:Core/Src/balance_car/remote_control.c ****     RemoteControl_MarkInvalid(line);
 413:Core/Src/balance_car/remote_control.c **** }
 414:Core/Src/balance_car/remote_control.c **** 
 415:Core/Src/balance_car/remote_control.c **** static void RemoteControl_CheckTimeout(void)
 416:Core/Src/balance_car/remote_control.c **** {
 156              		.loc 1 416 1 is_stmt 1 view -0
 157              		.cfi_startproc
 158              		@ args = 0, pretend = 0, frame = 0
ARM GAS  D:\TMP\ccuVazxM.s 			page 11


 159              		@ frame_needed = 0, uses_anonymous_args = 0
 160 0000 10B5     		push	{r4, lr}
 161              	.LCFI1:
 162              		.cfi_def_cfa_offset 8
 163              		.cfi_offset 4, -8
 164              		.cfi_offset 14, -4
 417:Core/Src/balance_car/remote_control.c ****     uint32_t now;
 165              		.loc 1 417 5 view .LVU30
 418:Core/Src/balance_car/remote_control.c ****     uint32_t timeout_ms = g_remote_debug.timeout_ms;
 166              		.loc 1 418 5 view .LVU31
 167              		.loc 1 418 14 is_stmt 0 view .LVU32
 168 0002 0E4B     		ldr	r3, .L17
 169 0004 DC68     		ldr	r4, [r3, #12]
 170              	.LVL12:
 419:Core/Src/balance_car/remote_control.c **** 
 420:Core/Src/balance_car/remote_control.c ****     if (g_remote_debug.timeout_stop_enable == 0U || timeout_ms == 0U) {
 171              		.loc 1 420 5 is_stmt 1 view .LVU33
 172              		.loc 1 420 23 is_stmt 0 view .LVU34
 173 0006 9B78     		ldrb	r3, [r3, #2]	@ zero_extendqisi2
 174              		.loc 1 420 8 view .LVU35
 175 0008 1BB1     		cbz	r3, .L13
 176              		.loc 1 420 50 discriminator 1 view .LVU36
 177 000a 14B1     		cbz	r4, .L13
 421:Core/Src/balance_car/remote_control.c ****         return;
 422:Core/Src/balance_car/remote_control.c ****     }
 423:Core/Src/balance_car/remote_control.c ****     if (g_remote_state.link_active == 0U) {
 178              		.loc 1 423 5 is_stmt 1 view .LVU37
 179              		.loc 1 423 23 is_stmt 0 view .LVU38
 180 000c 0C4B     		ldr	r3, .L17+4
 181 000e 1B78     		ldrb	r3, [r3]	@ zero_extendqisi2
 182              		.loc 1 423 8 view .LVU39
 183 0010 03B9     		cbnz	r3, .L16
 184              	.L13:
 424:Core/Src/balance_car/remote_control.c ****         return;
 425:Core/Src/balance_car/remote_control.c ****     }
 426:Core/Src/balance_car/remote_control.c **** 
 427:Core/Src/balance_car/remote_control.c ****     now = HAL_GetTick();
 428:Core/Src/balance_car/remote_control.c ****     if ((uint32_t)(now - g_remote_state.last_rx_ms) > timeout_ms) {
 429:Core/Src/balance_car/remote_control.c ****         g_remote_state.link_active = 0U;
 430:Core/Src/balance_car/remote_control.c ****         g_remote_state.timeout_count++;
 431:Core/Src/balance_car/remote_control.c ****         g_balance_debug.speed_target = 0.0f;
 432:Core/Src/balance_car/remote_control.c ****         g_balance_debug.turn_target = 0.0f;
 433:Core/Src/balance_car/remote_control.c ****         g_remote_state.speed_cmd = 0.0f;
 434:Core/Src/balance_car/remote_control.c ****         g_remote_state.turn_cmd = 0.0f;
 435:Core/Src/balance_car/remote_control.c ****     }
 436:Core/Src/balance_car/remote_control.c **** }
 185              		.loc 1 436 1 view .LVU40
 186 0012 10BD     		pop	{r4, pc}
 187              	.LVL13:
 188              	.L16:
 427:Core/Src/balance_car/remote_control.c ****     if ((uint32_t)(now - g_remote_state.last_rx_ms) > timeout_ms) {
 189              		.loc 1 427 5 is_stmt 1 view .LVU41
 427:Core/Src/balance_car/remote_control.c ****     if ((uint32_t)(now - g_remote_state.last_rx_ms) > timeout_ms) {
 190              		.loc 1 427 11 is_stmt 0 view .LVU42
 191 0014 FFF7FEFF 		bl	HAL_GetTick
 192              	.LVL14:
 428:Core/Src/balance_car/remote_control.c ****         g_remote_state.link_active = 0U;
ARM GAS  D:\TMP\ccuVazxM.s 			page 12


 193              		.loc 1 428 5 is_stmt 1 view .LVU43
 428:Core/Src/balance_car/remote_control.c ****         g_remote_state.link_active = 0U;
 194              		.loc 1 428 40 is_stmt 0 view .LVU44
 195 0018 094B     		ldr	r3, .L17+4
 196 001a 5B69     		ldr	r3, [r3, #20]
 428:Core/Src/balance_car/remote_control.c ****         g_remote_state.link_active = 0U;
 197              		.loc 1 428 24 view .LVU45
 198 001c C01A     		subs	r0, r0, r3
 199              	.LVL15:
 428:Core/Src/balance_car/remote_control.c ****         g_remote_state.link_active = 0U;
 200              		.loc 1 428 8 view .LVU46
 201 001e A042     		cmp	r0, r4
 202 0020 F7D9     		bls	.L13
 429:Core/Src/balance_car/remote_control.c ****         g_remote_state.timeout_count++;
 203              		.loc 1 429 9 is_stmt 1 view .LVU47
 429:Core/Src/balance_car/remote_control.c ****         g_remote_state.timeout_count++;
 204              		.loc 1 429 36 is_stmt 0 view .LVU48
 205 0022 074B     		ldr	r3, .L17+4
 206 0024 0022     		movs	r2, #0
 207 0026 1A70     		strb	r2, [r3]
 430:Core/Src/balance_car/remote_control.c ****         g_balance_debug.speed_target = 0.0f;
 208              		.loc 1 430 9 is_stmt 1 view .LVU49
 430:Core/Src/balance_car/remote_control.c ****         g_balance_debug.speed_target = 0.0f;
 209              		.loc 1 430 23 is_stmt 0 view .LVU50
 210 0028 1A69     		ldr	r2, [r3, #16]
 430:Core/Src/balance_car/remote_control.c ****         g_balance_debug.speed_target = 0.0f;
 211              		.loc 1 430 37 view .LVU51
 212 002a 0132     		adds	r2, r2, #1
 213 002c 1A61     		str	r2, [r3, #16]
 431:Core/Src/balance_car/remote_control.c ****         g_balance_debug.turn_target = 0.0f;
 214              		.loc 1 431 9 is_stmt 1 view .LVU52
 431:Core/Src/balance_car/remote_control.c ****         g_balance_debug.turn_target = 0.0f;
 215              		.loc 1 431 38 is_stmt 0 view .LVU53
 216 002e 0549     		ldr	r1, .L17+8
 217 0030 0022     		movs	r2, #0
 218 0032 4A60     		str	r2, [r1, #4]	@ float
 432:Core/Src/balance_car/remote_control.c ****         g_remote_state.speed_cmd = 0.0f;
 219              		.loc 1 432 9 is_stmt 1 view .LVU54
 432:Core/Src/balance_car/remote_control.c ****         g_remote_state.speed_cmd = 0.0f;
 220              		.loc 1 432 37 is_stmt 0 view .LVU55
 221 0034 8A60     		str	r2, [r1, #8]	@ float
 433:Core/Src/balance_car/remote_control.c ****         g_remote_state.turn_cmd = 0.0f;
 222              		.loc 1 433 9 is_stmt 1 view .LVU56
 433:Core/Src/balance_car/remote_control.c ****         g_remote_state.turn_cmd = 0.0f;
 223              		.loc 1 433 34 is_stmt 0 view .LVU57
 224 0036 DA61     		str	r2, [r3, #28]	@ float
 434:Core/Src/balance_car/remote_control.c ****     }
 225              		.loc 1 434 9 is_stmt 1 view .LVU58
 434:Core/Src/balance_car/remote_control.c ****     }
 226              		.loc 1 434 33 is_stmt 0 view .LVU59
 227 0038 1A62     		str	r2, [r3, #32]	@ float
 228 003a EAE7     		b	.L13
 229              	.L18:
 230              		.align	2
 231              	.L17:
 232 003c 00000000 		.word	g_remote_debug
 233 0040 00000000 		.word	g_remote_state
ARM GAS  D:\TMP\ccuVazxM.s 			page 13


 234 0044 00000000 		.word	g_balance_debug
 235              		.cfi_endproc
 236              	.LFE82:
 238              		.section	.text.RemoteControl_UartInit,"ax",%progbits
 239              		.align	1
 240              		.syntax unified
 241              		.thumb
 242              		.thumb_func
 244              	RemoteControl_UartInit:
 245              	.LFB71:
  67:Core/Src/balance_car/remote_control.c ****     GPIO_InitTypeDef gpio = {0};
 246              		.loc 1 67 1 is_stmt 1 view -0
 247              		.cfi_startproc
 248              		@ args = 0, pretend = 0, frame = 24
 249              		@ frame_needed = 0, uses_anonymous_args = 0
 250 0000 70B5     		push	{r4, r5, r6, lr}
 251              	.LCFI2:
 252              		.cfi_def_cfa_offset 16
 253              		.cfi_offset 4, -16
 254              		.cfi_offset 5, -12
 255              		.cfi_offset 6, -8
 256              		.cfi_offset 14, -4
 257 0002 86B0     		sub	sp, sp, #24
 258              	.LCFI3:
 259              		.cfi_def_cfa_offset 40
  68:Core/Src/balance_car/remote_control.c **** 
 260              		.loc 1 68 5 view .LVU61
  68:Core/Src/balance_car/remote_control.c **** 
 261              		.loc 1 68 22 is_stmt 0 view .LVU62
 262 0004 0024     		movs	r4, #0
 263 0006 0294     		str	r4, [sp, #8]
 264 0008 0394     		str	r4, [sp, #12]
 265 000a 0494     		str	r4, [sp, #16]
 266 000c 0594     		str	r4, [sp, #20]
  70:Core/Src/balance_car/remote_control.c ****     __HAL_RCC_USART3_CLK_ENABLE();
 267              		.loc 1 70 5 is_stmt 1 view .LVU63
 268              	.LBB6:
  70:Core/Src/balance_car/remote_control.c ****     __HAL_RCC_USART3_CLK_ENABLE();
 269              		.loc 1 70 5 view .LVU64
  70:Core/Src/balance_car/remote_control.c ****     __HAL_RCC_USART3_CLK_ENABLE();
 270              		.loc 1 70 5 view .LVU65
 271 000e 254B     		ldr	r3, .L24
 272 0010 9A69     		ldr	r2, [r3, #24]
 273 0012 42F00802 		orr	r2, r2, #8
 274 0016 9A61     		str	r2, [r3, #24]
  70:Core/Src/balance_car/remote_control.c ****     __HAL_RCC_USART3_CLK_ENABLE();
 275              		.loc 1 70 5 view .LVU66
 276 0018 9A69     		ldr	r2, [r3, #24]
 277 001a 02F00802 		and	r2, r2, #8
 278 001e 0092     		str	r2, [sp]
  70:Core/Src/balance_car/remote_control.c ****     __HAL_RCC_USART3_CLK_ENABLE();
 279              		.loc 1 70 5 view .LVU67
 280 0020 009A     		ldr	r2, [sp]
 281              	.LBE6:
  70:Core/Src/balance_car/remote_control.c ****     __HAL_RCC_USART3_CLK_ENABLE();
 282              		.loc 1 70 5 view .LVU68
  71:Core/Src/balance_car/remote_control.c **** 
ARM GAS  D:\TMP\ccuVazxM.s 			page 14


 283              		.loc 1 71 5 view .LVU69
 284              	.LBB7:
  71:Core/Src/balance_car/remote_control.c **** 
 285              		.loc 1 71 5 view .LVU70
  71:Core/Src/balance_car/remote_control.c **** 
 286              		.loc 1 71 5 view .LVU71
 287 0022 DA69     		ldr	r2, [r3, #28]
 288 0024 42F48022 		orr	r2, r2, #262144
 289 0028 DA61     		str	r2, [r3, #28]
  71:Core/Src/balance_car/remote_control.c **** 
 290              		.loc 1 71 5 view .LVU72
 291 002a DB69     		ldr	r3, [r3, #28]
 292 002c 03F48023 		and	r3, r3, #262144
 293 0030 0193     		str	r3, [sp, #4]
  71:Core/Src/balance_car/remote_control.c **** 
 294              		.loc 1 71 5 view .LVU73
 295 0032 019B     		ldr	r3, [sp, #4]
 296              	.LBE7:
  71:Core/Src/balance_car/remote_control.c **** 
 297              		.loc 1 71 5 view .LVU74
  73:Core/Src/balance_car/remote_control.c ****     gpio.Mode = GPIO_MODE_AF_PP;
 298              		.loc 1 73 5 view .LVU75
  73:Core/Src/balance_car/remote_control.c ****     gpio.Mode = GPIO_MODE_AF_PP;
 299              		.loc 1 73 14 is_stmt 0 view .LVU76
 300 0034 4FF48063 		mov	r3, #1024
 301 0038 0293     		str	r3, [sp, #8]
  74:Core/Src/balance_car/remote_control.c ****     gpio.Speed = GPIO_SPEED_FREQ_HIGH;
 302              		.loc 1 74 5 is_stmt 1 view .LVU77
  74:Core/Src/balance_car/remote_control.c ****     gpio.Speed = GPIO_SPEED_FREQ_HIGH;
 303              		.loc 1 74 15 is_stmt 0 view .LVU78
 304 003a 0223     		movs	r3, #2
 305 003c 0393     		str	r3, [sp, #12]
  75:Core/Src/balance_car/remote_control.c ****     HAL_GPIO_Init(REMOTE_UART_TX_PORT, &gpio);
 306              		.loc 1 75 5 is_stmt 1 view .LVU79
  75:Core/Src/balance_car/remote_control.c ****     HAL_GPIO_Init(REMOTE_UART_TX_PORT, &gpio);
 307              		.loc 1 75 16 is_stmt 0 view .LVU80
 308 003e 0326     		movs	r6, #3
 309 0040 0596     		str	r6, [sp, #20]
  76:Core/Src/balance_car/remote_control.c **** 
 310              		.loc 1 76 5 is_stmt 1 view .LVU81
 311 0042 194D     		ldr	r5, .L24+4
 312 0044 02A9     		add	r1, sp, #8
 313 0046 2846     		mov	r0, r5
 314 0048 FFF7FEFF 		bl	HAL_GPIO_Init
 315              	.LVL16:
  78:Core/Src/balance_car/remote_control.c ****     gpio.Mode = GPIO_MODE_INPUT;
 316              		.loc 1 78 5 view .LVU82
  78:Core/Src/balance_car/remote_control.c ****     gpio.Mode = GPIO_MODE_INPUT;
 317              		.loc 1 78 14 is_stmt 0 view .LVU83
 318 004c 4FF40063 		mov	r3, #2048
 319 0050 0293     		str	r3, [sp, #8]
  79:Core/Src/balance_car/remote_control.c ****     gpio.Pull = GPIO_PULLUP;
 320              		.loc 1 79 5 is_stmt 1 view .LVU84
  79:Core/Src/balance_car/remote_control.c ****     gpio.Pull = GPIO_PULLUP;
 321              		.loc 1 79 15 is_stmt 0 view .LVU85
 322 0052 0394     		str	r4, [sp, #12]
  80:Core/Src/balance_car/remote_control.c ****     gpio.Speed = GPIO_SPEED_FREQ_HIGH;
ARM GAS  D:\TMP\ccuVazxM.s 			page 15


 323              		.loc 1 80 5 is_stmt 1 view .LVU86
  80:Core/Src/balance_car/remote_control.c ****     gpio.Speed = GPIO_SPEED_FREQ_HIGH;
 324              		.loc 1 80 15 is_stmt 0 view .LVU87
 325 0054 0123     		movs	r3, #1
 326 0056 0493     		str	r3, [sp, #16]
  81:Core/Src/balance_car/remote_control.c ****     HAL_GPIO_Init(REMOTE_UART_RX_PORT, &gpio);
 327              		.loc 1 81 5 is_stmt 1 view .LVU88
  81:Core/Src/balance_car/remote_control.c ****     HAL_GPIO_Init(REMOTE_UART_RX_PORT, &gpio);
 328              		.loc 1 81 16 is_stmt 0 view .LVU89
 329 0058 0596     		str	r6, [sp, #20]
  82:Core/Src/balance_car/remote_control.c **** 
 330              		.loc 1 82 5 is_stmt 1 view .LVU90
 331 005a 02A9     		add	r1, sp, #8
 332 005c 2846     		mov	r0, r5
 333 005e FFF7FEFF 		bl	HAL_GPIO_Init
 334              	.LVL17:
  84:Core/Src/balance_car/remote_control.c ****     s_huart_remote.Init.BaudRate = REMOTE_UART_BAUDRATE;
 335              		.loc 1 84 5 view .LVU91
  84:Core/Src/balance_car/remote_control.c ****     s_huart_remote.Init.BaudRate = REMOTE_UART_BAUDRATE;
 336              		.loc 1 84 29 is_stmt 0 view .LVU92
 337 0062 1248     		ldr	r0, .L24+8
 338 0064 124B     		ldr	r3, .L24+12
 339 0066 0360     		str	r3, [r0]
  85:Core/Src/balance_car/remote_control.c ****     s_huart_remote.Init.WordLength = UART_WORDLENGTH_8B;
 340              		.loc 1 85 5 is_stmt 1 view .LVU93
  85:Core/Src/balance_car/remote_control.c ****     s_huart_remote.Init.WordLength = UART_WORDLENGTH_8B;
 341              		.loc 1 85 34 is_stmt 0 view .LVU94
 342 0068 4FF41653 		mov	r3, #9600
 343 006c 4360     		str	r3, [r0, #4]
  86:Core/Src/balance_car/remote_control.c ****     s_huart_remote.Init.StopBits = UART_STOPBITS_1;
 344              		.loc 1 86 5 is_stmt 1 view .LVU95
  86:Core/Src/balance_car/remote_control.c ****     s_huart_remote.Init.StopBits = UART_STOPBITS_1;
 345              		.loc 1 86 36 is_stmt 0 view .LVU96
 346 006e 8460     		str	r4, [r0, #8]
  87:Core/Src/balance_car/remote_control.c ****     s_huart_remote.Init.Parity = UART_PARITY_NONE;
 347              		.loc 1 87 5 is_stmt 1 view .LVU97
  87:Core/Src/balance_car/remote_control.c ****     s_huart_remote.Init.Parity = UART_PARITY_NONE;
 348              		.loc 1 87 34 is_stmt 0 view .LVU98
 349 0070 C460     		str	r4, [r0, #12]
  88:Core/Src/balance_car/remote_control.c ****     s_huart_remote.Init.Mode = UART_MODE_TX_RX;
 350              		.loc 1 88 5 is_stmt 1 view .LVU99
  88:Core/Src/balance_car/remote_control.c ****     s_huart_remote.Init.Mode = UART_MODE_TX_RX;
 351              		.loc 1 88 32 is_stmt 0 view .LVU100
 352 0072 0461     		str	r4, [r0, #16]
  89:Core/Src/balance_car/remote_control.c ****     s_huart_remote.Init.HwFlowCtl = UART_HWCONTROL_NONE;
 353              		.loc 1 89 5 is_stmt 1 view .LVU101
  89:Core/Src/balance_car/remote_control.c ****     s_huart_remote.Init.HwFlowCtl = UART_HWCONTROL_NONE;
 354              		.loc 1 89 30 is_stmt 0 view .LVU102
 355 0074 0C23     		movs	r3, #12
 356 0076 4361     		str	r3, [r0, #20]
  90:Core/Src/balance_car/remote_control.c ****     s_huart_remote.Init.OverSampling = UART_OVERSAMPLING_16;
 357              		.loc 1 90 5 is_stmt 1 view .LVU103
  90:Core/Src/balance_car/remote_control.c ****     s_huart_remote.Init.OverSampling = UART_OVERSAMPLING_16;
 358              		.loc 1 90 35 is_stmt 0 view .LVU104
 359 0078 8461     		str	r4, [r0, #24]
  91:Core/Src/balance_car/remote_control.c **** 
 360              		.loc 1 91 5 is_stmt 1 view .LVU105
ARM GAS  D:\TMP\ccuVazxM.s 			page 16


  91:Core/Src/balance_car/remote_control.c **** 
 361              		.loc 1 91 38 is_stmt 0 view .LVU106
 362 007a C461     		str	r4, [r0, #28]
  93:Core/Src/balance_car/remote_control.c ****         RemoteControl_SetFault(REMOTE_FAULT_UART_INIT);
 363              		.loc 1 93 5 is_stmt 1 view .LVU107
  93:Core/Src/balance_car/remote_control.c ****         RemoteControl_SetFault(REMOTE_FAULT_UART_INIT);
 364              		.loc 1 93 9 is_stmt 0 view .LVU108
 365 007c FFF7FEFF 		bl	HAL_UART_Init
 366              	.LVL18:
  93:Core/Src/balance_car/remote_control.c ****         RemoteControl_SetFault(REMOTE_FAULT_UART_INIT);
 367              		.loc 1 93 8 discriminator 1 view .LVU109
 368 0080 58B9     		cbnz	r0, .L23
 369 0082 0446     		mov	r4, r0
  98:Core/Src/balance_car/remote_control.c ****     HAL_NVIC_EnableIRQ(USART3_IRQn);
 370              		.loc 1 98 5 is_stmt 1 view .LVU110
 371 0084 0022     		movs	r2, #0
 372 0086 0221     		movs	r1, #2
 373 0088 2720     		movs	r0, #39
 374 008a FFF7FEFF 		bl	HAL_NVIC_SetPriority
 375              	.LVL19:
  99:Core/Src/balance_car/remote_control.c ****     return HAL_OK;
 376              		.loc 1 99 5 view .LVU111
 377 008e 2720     		movs	r0, #39
 378 0090 FFF7FEFF 		bl	HAL_NVIC_EnableIRQ
 379              	.LVL20:
 100:Core/Src/balance_car/remote_control.c **** }
 380              		.loc 1 100 5 view .LVU112
 381              	.L21:
 101:Core/Src/balance_car/remote_control.c **** 
 382              		.loc 1 101 1 is_stmt 0 view .LVU113
 383 0094 2046     		mov	r0, r4
 384 0096 06B0     		add	sp, sp, #24
 385              	.LCFI4:
 386              		.cfi_remember_state
 387              		.cfi_def_cfa_offset 16
 388              		@ sp needed
 389 0098 70BD     		pop	{r4, r5, r6, pc}
 390              	.L23:
 391              	.LCFI5:
 392              		.cfi_restore_state
  94:Core/Src/balance_car/remote_control.c ****         return HAL_ERROR;
 393              		.loc 1 94 9 is_stmt 1 view .LVU114
 394 009a 0120     		movs	r0, #1
 395 009c FFF7FEFF 		bl	RemoteControl_SetFault
 396              	.LVL21:
  95:Core/Src/balance_car/remote_control.c ****     }
 397              		.loc 1 95 9 view .LVU115
  95:Core/Src/balance_car/remote_control.c ****     }
 398              		.loc 1 95 16 is_stmt 0 view .LVU116
 399 00a0 0124     		movs	r4, #1
 400 00a2 F7E7     		b	.L21
 401              	.L25:
 402              		.align	2
 403              	.L24:
 404 00a4 00100240 		.word	1073876992
 405 00a8 000C0140 		.word	1073810432
 406 00ac 00000000 		.word	s_huart_remote
ARM GAS  D:\TMP\ccuVazxM.s 			page 17


 407 00b0 00480040 		.word	1073760256
 408              		.cfi_endproc
 409              	.LFE71:
 411              		.section	.text.RemoteControl_StartReceive,"ax",%progbits
 412              		.align	1
 413              		.syntax unified
 414              		.thumb
 415              		.thumb_func
 417              	RemoteControl_StartReceive:
 418              	.LFB70:
  60:Core/Src/balance_car/remote_control.c ****     if (HAL_UART_Receive_IT(&s_huart_remote, &s_rx_byte, 1U) != HAL_OK) {
 419              		.loc 1 60 1 is_stmt 1 view -0
 420              		.cfi_startproc
 421              		@ args = 0, pretend = 0, frame = 0
 422              		@ frame_needed = 0, uses_anonymous_args = 0
 423 0000 08B5     		push	{r3, lr}
 424              	.LCFI6:
 425              		.cfi_def_cfa_offset 8
 426              		.cfi_offset 3, -8
 427              		.cfi_offset 14, -4
  61:Core/Src/balance_car/remote_control.c ****         RemoteControl_SetFault(REMOTE_FAULT_RX_RESTART);
 428              		.loc 1 61 5 view .LVU118
  61:Core/Src/balance_car/remote_control.c ****         RemoteControl_SetFault(REMOTE_FAULT_RX_RESTART);
 429              		.loc 1 61 9 is_stmt 0 view .LVU119
 430 0002 0122     		movs	r2, #1
 431 0004 0449     		ldr	r1, .L30
 432 0006 0548     		ldr	r0, .L30+4
 433 0008 FFF7FEFF 		bl	HAL_UART_Receive_IT
 434              	.LVL22:
  61:Core/Src/balance_car/remote_control.c ****         RemoteControl_SetFault(REMOTE_FAULT_RX_RESTART);
 435              		.loc 1 61 8 discriminator 1 view .LVU120
 436 000c 00B9     		cbnz	r0, .L29
 437              	.L26:
  64:Core/Src/balance_car/remote_control.c **** 
 438              		.loc 1 64 1 view .LVU121
 439 000e 08BD     		pop	{r3, pc}
 440              	.L29:
  62:Core/Src/balance_car/remote_control.c ****     }
 441              		.loc 1 62 9 is_stmt 1 view .LVU122
 442 0010 0220     		movs	r0, #2
 443 0012 FFF7FEFF 		bl	RemoteControl_SetFault
 444              	.LVL23:
  64:Core/Src/balance_car/remote_control.c **** 
 445              		.loc 1 64 1 is_stmt 0 view .LVU123
 446 0016 FAE7     		b	.L26
 447              	.L31:
 448              		.align	2
 449              	.L30:
 450 0018 00000000 		.word	s_rx_byte
 451 001c 00000000 		.word	s_huart_remote
 452              		.cfi_endproc
 453              	.LFE70:
 455              		.section	.text.RemoteControl_MarkValid,"ax",%progbits
 456              		.align	1
 457              		.syntax unified
 458              		.thumb
 459              		.thumb_func
ARM GAS  D:\TMP\ccuVazxM.s 			page 18


 461              	RemoteControl_MarkValid:
 462              	.LVL24:
 463              	.LFB76:
 196:Core/Src/balance_car/remote_control.c ****     g_remote_state.valid_cmd_count++;
 464              		.loc 1 196 1 is_stmt 1 view -0
 465              		.cfi_startproc
 466              		@ args = 0, pretend = 0, frame = 0
 467              		@ frame_needed = 0, uses_anonymous_args = 0
 196:Core/Src/balance_car/remote_control.c ****     g_remote_state.valid_cmd_count++;
 468              		.loc 1 196 1 is_stmt 0 view .LVU125
 469 0000 70B5     		push	{r4, r5, r6, lr}
 470              	.LCFI7:
 471              		.cfi_def_cfa_offset 16
 472              		.cfi_offset 4, -16
 473              		.cfi_offset 5, -12
 474              		.cfi_offset 6, -8
 475              		.cfi_offset 14, -4
 476 0002 0546     		mov	r5, r0
 197:Core/Src/balance_car/remote_control.c ****     g_remote_state.parser_error = 0U;
 477              		.loc 1 197 5 is_stmt 1 view .LVU126
 197:Core/Src/balance_car/remote_control.c ****     g_remote_state.parser_error = 0U;
 478              		.loc 1 197 19 is_stmt 0 view .LVU127
 479 0004 094C     		ldr	r4, .L34
 480 0006 A368     		ldr	r3, [r4, #8]
 197:Core/Src/balance_car/remote_control.c ****     g_remote_state.parser_error = 0U;
 481              		.loc 1 197 35 view .LVU128
 482 0008 0133     		adds	r3, r3, #1
 483 000a A360     		str	r3, [r4, #8]
 198:Core/Src/balance_car/remote_control.c ****     g_remote_state.last_rx_ms = HAL_GetTick();
 484              		.loc 1 198 5 is_stmt 1 view .LVU129
 198:Core/Src/balance_car/remote_control.c ****     g_remote_state.last_rx_ms = HAL_GetTick();
 485              		.loc 1 198 33 is_stmt 0 view .LVU130
 486 000c 0026     		movs	r6, #0
 487 000e A670     		strb	r6, [r4, #2]
 199:Core/Src/balance_car/remote_control.c ****     g_remote_state.link_active = 1U;
 488              		.loc 1 199 5 is_stmt 1 view .LVU131
 199:Core/Src/balance_car/remote_control.c ****     g_remote_state.link_active = 1U;
 489              		.loc 1 199 33 is_stmt 0 view .LVU132
 490 0010 FFF7FEFF 		bl	HAL_GetTick
 491              	.LVL25:
 199:Core/Src/balance_car/remote_control.c ****     g_remote_state.link_active = 1U;
 492              		.loc 1 199 31 discriminator 1 view .LVU133
 493 0014 6061     		str	r0, [r4, #20]
 200:Core/Src/balance_car/remote_control.c ****     strncpy((char *)g_remote_state.last_command, line, sizeof(g_remote_state.last_command) - 1U);
 494              		.loc 1 200 5 is_stmt 1 view .LVU134
 200:Core/Src/balance_car/remote_control.c ****     strncpy((char *)g_remote_state.last_command, line, sizeof(g_remote_state.last_command) - 1U);
 495              		.loc 1 200 32 is_stmt 0 view .LVU135
 496 0016 2046     		mov	r0, r4
 497 0018 0123     		movs	r3, #1
 498 001a 00F8243B 		strb	r3, [r0], #36
 201:Core/Src/balance_car/remote_control.c ****     g_remote_state.last_command[sizeof(g_remote_state.last_command) - 1U] = '\0';
 499              		.loc 1 201 5 is_stmt 1 view .LVU136
 500 001e 1F22     		movs	r2, #31
 501 0020 2946     		mov	r1, r5
 502 0022 FFF7FEFF 		bl	strncpy
 503              	.LVL26:
 202:Core/Src/balance_car/remote_control.c **** }
ARM GAS  D:\TMP\ccuVazxM.s 			page 19


 504              		.loc 1 202 5 view .LVU137
 202:Core/Src/balance_car/remote_control.c **** }
 505              		.loc 1 202 75 is_stmt 0 view .LVU138
 506 0026 84F84360 		strb	r6, [r4, #67]
 203:Core/Src/balance_car/remote_control.c **** 
 507              		.loc 1 203 1 view .LVU139
 508 002a 70BD     		pop	{r4, r5, r6, pc}
 509              	.LVL27:
 510              	.L35:
 203:Core/Src/balance_car/remote_control.c **** 
 511              		.loc 1 203 1 view .LVU140
 512              		.align	2
 513              	.L34:
 514 002c 00000000 		.word	g_remote_state
 515              		.cfi_endproc
 516              	.LFE76:
 518              		.section	.text.RemoteControl_MarkInvalid,"ax",%progbits
 519              		.align	1
 520              		.syntax unified
 521              		.thumb
 522              		.thumb_func
 524              	RemoteControl_MarkInvalid:
 525              	.LVL28:
 526              	.LFB77:
 206:Core/Src/balance_car/remote_control.c ****     g_remote_state.invalid_cmd_count++;
 527              		.loc 1 206 1 is_stmt 1 view -0
 528              		.cfi_startproc
 529              		@ args = 0, pretend = 0, frame = 0
 530              		@ frame_needed = 0, uses_anonymous_args = 0
 206:Core/Src/balance_car/remote_control.c ****     g_remote_state.invalid_cmd_count++;
 531              		.loc 1 206 1 is_stmt 0 view .LVU142
 532 0000 38B5     		push	{r3, r4, r5, lr}
 533              	.LCFI8:
 534              		.cfi_def_cfa_offset 16
 535              		.cfi_offset 3, -16
 536              		.cfi_offset 4, -12
 537              		.cfi_offset 5, -8
 538              		.cfi_offset 14, -4
 539 0002 0546     		mov	r5, r0
 207:Core/Src/balance_car/remote_control.c ****     g_remote_state.parser_error = 1U;
 540              		.loc 1 207 5 is_stmt 1 view .LVU143
 207:Core/Src/balance_car/remote_control.c ****     g_remote_state.parser_error = 1U;
 541              		.loc 1 207 19 is_stmt 0 view .LVU144
 542 0004 094C     		ldr	r4, .L38
 543 0006 E368     		ldr	r3, [r4, #12]
 207:Core/Src/balance_car/remote_control.c ****     g_remote_state.parser_error = 1U;
 544              		.loc 1 207 37 view .LVU145
 545 0008 0133     		adds	r3, r3, #1
 546 000a E360     		str	r3, [r4, #12]
 208:Core/Src/balance_car/remote_control.c ****     RemoteControl_SetFault(REMOTE_FAULT_BAD_COMMAND);
 547              		.loc 1 208 5 is_stmt 1 view .LVU146
 208:Core/Src/balance_car/remote_control.c ****     RemoteControl_SetFault(REMOTE_FAULT_BAD_COMMAND);
 548              		.loc 1 208 33 is_stmt 0 view .LVU147
 549 000c 0123     		movs	r3, #1
 550 000e A370     		strb	r3, [r4, #2]
 209:Core/Src/balance_car/remote_control.c ****     strncpy((char *)g_remote_state.last_command, line, sizeof(g_remote_state.last_command) - 1U);
 551              		.loc 1 209 5 is_stmt 1 view .LVU148
ARM GAS  D:\TMP\ccuVazxM.s 			page 20


 552 0010 0820     		movs	r0, #8
 553              	.LVL29:
 209:Core/Src/balance_car/remote_control.c ****     strncpy((char *)g_remote_state.last_command, line, sizeof(g_remote_state.last_command) - 1U);
 554              		.loc 1 209 5 is_stmt 0 view .LVU149
 555 0012 FFF7FEFF 		bl	RemoteControl_SetFault
 556              	.LVL30:
 210:Core/Src/balance_car/remote_control.c ****     g_remote_state.last_command[sizeof(g_remote_state.last_command) - 1U] = '\0';
 557              		.loc 1 210 5 is_stmt 1 view .LVU150
 558 0016 1F22     		movs	r2, #31
 559 0018 2946     		mov	r1, r5
 560 001a 04F12400 		add	r0, r4, #36
 561 001e FFF7FEFF 		bl	strncpy
 562              	.LVL31:
 211:Core/Src/balance_car/remote_control.c **** }
 563              		.loc 1 211 5 view .LVU151
 211:Core/Src/balance_car/remote_control.c **** }
 564              		.loc 1 211 75 is_stmt 0 view .LVU152
 565 0022 0023     		movs	r3, #0
 566 0024 84F84330 		strb	r3, [r4, #67]
 212:Core/Src/balance_car/remote_control.c **** 
 567              		.loc 1 212 1 view .LVU153
 568 0028 38BD     		pop	{r3, r4, r5, pc}
 569              	.LVL32:
 570              	.L39:
 212:Core/Src/balance_car/remote_control.c **** 
 571              		.loc 1 212 1 view .LVU154
 572 002a 00BF     		.align	2
 573              	.L38:
 574 002c 00000000 		.word	g_remote_state
 575              		.cfi_endproc
 576              	.LFE77:
 578              		.section	.text.RemoteControl_ParseFloat,"ax",%progbits
 579              		.align	1
 580              		.syntax unified
 581              		.thumb
 582              		.thumb_func
 584              	RemoteControl_ParseFloat:
 585              	.LVL33:
 586              	.LFB78:
 215:Core/Src/balance_car/remote_control.c ****     char *endptr;
 587              		.loc 1 215 1 is_stmt 1 view -0
 588              		.cfi_startproc
 589              		@ args = 0, pretend = 0, frame = 8
 590              		@ frame_needed = 0, uses_anonymous_args = 0
 216:Core/Src/balance_car/remote_control.c ****     float parsed;
 591              		.loc 1 216 5 view .LVU156
 217:Core/Src/balance_car/remote_control.c **** 
 592              		.loc 1 217 5 view .LVU157
 219:Core/Src/balance_car/remote_control.c ****         return 0U;
 593              		.loc 1 219 5 view .LVU158
 219:Core/Src/balance_car/remote_control.c ****         return 0U;
 594              		.loc 1 219 8 is_stmt 0 view .LVU159
 595 0000 B8B1     		cbz	r0, .L44
 215:Core/Src/balance_car/remote_control.c ****     char *endptr;
 596              		.loc 1 215 1 view .LVU160
 597 0002 30B5     		push	{r4, r5, lr}
 598              	.LCFI9:
ARM GAS  D:\TMP\ccuVazxM.s 			page 21


 599              		.cfi_def_cfa_offset 12
 600              		.cfi_offset 4, -12
 601              		.cfi_offset 5, -8
 602              		.cfi_offset 14, -4
 603 0004 83B0     		sub	sp, sp, #12
 604              	.LCFI10:
 605              		.cfi_def_cfa_offset 24
 606 0006 0C46     		mov	r4, r1
 607 0008 0546     		mov	r5, r0
 219:Core/Src/balance_car/remote_control.c ****         return 0U;
 608              		.loc 1 219 19 discriminator 1 view .LVU161
 609 000a A1B1     		cbz	r1, .L45
 223:Core/Src/balance_car/remote_control.c ****     if (endptr == text) {
 610              		.loc 1 223 5 is_stmt 1 view .LVU162
 223:Core/Src/balance_car/remote_control.c ****     if (endptr == text) {
 611              		.loc 1 223 14 is_stmt 0 view .LVU163
 612 000c 01A9     		add	r1, sp, #4
 613              	.LVL34:
 223:Core/Src/balance_car/remote_control.c ****     if (endptr == text) {
 614              		.loc 1 223 14 view .LVU164
 615 000e FFF7FEFF 		bl	strtof
 616              	.LVL35:
 224:Core/Src/balance_car/remote_control.c ****         return 0U;
 617              		.loc 1 224 5 is_stmt 1 view .LVU165
 224:Core/Src/balance_car/remote_control.c ****         return 0U;
 618              		.loc 1 224 16 is_stmt 0 view .LVU166
 619 0012 019B     		ldr	r3, [sp, #4]
 224:Core/Src/balance_car/remote_control.c ****         return 0U;
 620              		.loc 1 224 8 view .LVU167
 621 0014 AB42     		cmp	r3, r5
 622 0016 03D1     		bne	.L42
 225:Core/Src/balance_car/remote_control.c ****     }
 623              		.loc 1 225 16 view .LVU168
 624 0018 0020     		movs	r0, #0
 625              	.LVL36:
 225:Core/Src/balance_car/remote_control.c ****     }
 626              		.loc 1 225 16 view .LVU169
 627 001a 08E0     		b	.L41
 628              	.LVL37:
 629              	.L43:
 228:Core/Src/balance_car/remote_control.c ****     }
 630              		.loc 1 228 9 is_stmt 1 view .LVU170
 228:Core/Src/balance_car/remote_control.c ****     }
 631              		.loc 1 228 15 is_stmt 0 view .LVU171
 632 001c 0133     		adds	r3, r3, #1
 633 001e 0193     		str	r3, [sp, #4]
 634              	.L42:
 227:Core/Src/balance_car/remote_control.c ****         endptr++;
 635              		.loc 1 227 20 is_stmt 1 view .LVU172
 227:Core/Src/balance_car/remote_control.c ****         endptr++;
 636              		.loc 1 227 12 is_stmt 0 view .LVU173
 637 0020 019B     		ldr	r3, [sp, #4]
 638 0022 1A78     		ldrb	r2, [r3]	@ zero_extendqisi2
 227:Core/Src/balance_car/remote_control.c ****         endptr++;
 639              		.loc 1 227 20 view .LVU174
 640 0024 202A     		cmp	r2, #32
 641 0026 F9D0     		beq	.L43
ARM GAS  D:\TMP\ccuVazxM.s 			page 22


 230:Core/Src/balance_car/remote_control.c ****         return 0U;
 642              		.loc 1 230 5 is_stmt 1 view .LVU175
 230:Core/Src/balance_car/remote_control.c ****         return 0U;
 643              		.loc 1 230 8 is_stmt 0 view .LVU176
 644 0028 3AB9     		cbnz	r2, .L47
 234:Core/Src/balance_car/remote_control.c ****     return 1U;
 645              		.loc 1 234 5 is_stmt 1 view .LVU177
 234:Core/Src/balance_car/remote_control.c ****     return 1U;
 646              		.loc 1 234 12 is_stmt 0 view .LVU178
 647 002a 2060     		str	r0, [r4]	@ float
 235:Core/Src/balance_car/remote_control.c **** }
 648              		.loc 1 235 5 is_stmt 1 view .LVU179
 235:Core/Src/balance_car/remote_control.c **** }
 649              		.loc 1 235 12 is_stmt 0 view .LVU180
 650 002c 0120     		movs	r0, #1
 651              	.LVL38:
 652              	.L41:
 236:Core/Src/balance_car/remote_control.c **** 
 653              		.loc 1 236 1 view .LVU181
 654 002e 03B0     		add	sp, sp, #12
 655              	.LCFI11:
 656              		.cfi_def_cfa_offset 12
 657              		@ sp needed
 658 0030 30BD     		pop	{r4, r5, pc}
 659              	.LVL39:
 660              	.L44:
 661              	.LCFI12:
 662              		.cfi_def_cfa_offset 0
 663              		.cfi_restore 4
 664              		.cfi_restore 5
 665              		.cfi_restore 14
 220:Core/Src/balance_car/remote_control.c ****     }
 666              		.loc 1 220 16 view .LVU182
 667 0032 0020     		movs	r0, #0
 668              	.LVL40:
 236:Core/Src/balance_car/remote_control.c **** 
 669              		.loc 1 236 1 view .LVU183
 670 0034 7047     		bx	lr
 671              	.LVL41:
 672              	.L45:
 673              	.LCFI13:
 674              		.cfi_def_cfa_offset 24
 675              		.cfi_offset 4, -12
 676              		.cfi_offset 5, -8
 677              		.cfi_offset 14, -4
 220:Core/Src/balance_car/remote_control.c ****     }
 678              		.loc 1 220 16 view .LVU184
 679 0036 0020     		movs	r0, #0
 680              	.LVL42:
 220:Core/Src/balance_car/remote_control.c ****     }
 681              		.loc 1 220 16 view .LVU185
 682 0038 F9E7     		b	.L41
 683              	.LVL43:
 684              	.L47:
 231:Core/Src/balance_car/remote_control.c ****     }
 685              		.loc 1 231 16 view .LVU186
 686 003a 0020     		movs	r0, #0
ARM GAS  D:\TMP\ccuVazxM.s 			page 23


 687              	.LVL44:
 231:Core/Src/balance_car/remote_control.c ****     }
 688              		.loc 1 231 16 view .LVU187
 689 003c F7E7     		b	.L41
 690              		.cfi_endproc
 691              	.LFE78:
 693              		.section	.text.RemoteControl_ParsePidValues,"ax",%progbits
 694              		.align	1
 695              		.syntax unified
 696              		.thumb
 697              		.thumb_func
 699              	RemoteControl_ParsePidValues:
 700              	.LVL45:
 701              	.LFB79:
 239:Core/Src/balance_car/remote_control.c ****     char *ki_text;
 702              		.loc 1 239 1 is_stmt 1 view -0
 703              		.cfi_startproc
 704              		@ args = 0, pretend = 0, frame = 0
 705              		@ frame_needed = 0, uses_anonymous_args = 0
 240:Core/Src/balance_car/remote_control.c ****     char *kd_text;
 706              		.loc 1 240 5 view .LVU189
 241:Core/Src/balance_car/remote_control.c **** 
 707              		.loc 1 241 5 view .LVU190
 243:Core/Src/balance_car/remote_control.c ****         return 0U;
 708              		.loc 1 243 5 view .LVU191
 243:Core/Src/balance_car/remote_control.c ****         return 0U;
 709              		.loc 1 243 8 is_stmt 0 view .LVU192
 710 0000 0028     		cmp	r0, #0
 711 0002 45D0     		beq	.L61
 239:Core/Src/balance_car/remote_control.c ****     char *ki_text;
 712              		.loc 1 239 1 view .LVU193
 713 0004 2DE9F843 		push	{r3, r4, r5, r6, r7, r8, r9, lr}
 714              	.LCFI14:
 715              		.cfi_def_cfa_offset 32
 716              		.cfi_offset 3, -32
 717              		.cfi_offset 4, -28
 718              		.cfi_offset 5, -24
 719              		.cfi_offset 6, -20
 720              		.cfi_offset 7, -16
 721              		.cfi_offset 8, -12
 722              		.cfi_offset 9, -8
 723              		.cfi_offset 14, -4
 724 0008 0F46     		mov	r7, r1
 725 000a 9046     		mov	r8, r2
 726 000c 9946     		mov	r9, r3
 727 000e 0446     		mov	r4, r0
 243:Core/Src/balance_car/remote_control.c ****         return 0U;
 728              		.loc 1 243 19 discriminator 1 view .LVU194
 729 0010 0029     		cmp	r1, #0
 730 0012 3FD0     		beq	.L62
 243:Core/Src/balance_car/remote_control.c ****         return 0U;
 731              		.loc 1 243 30 discriminator 2 view .LVU195
 732 0014 002A     		cmp	r2, #0
 733 0016 3FD0     		beq	.L63
 243:Core/Src/balance_car/remote_control.c ****         return 0U;
 734              		.loc 1 243 41 discriminator 3 view .LVU196
 735 0018 13B9     		cbnz	r3, .L54
ARM GAS  D:\TMP\ccuVazxM.s 			page 24


 244:Core/Src/balance_car/remote_control.c ****     }
 736              		.loc 1 244 16 view .LVU197
 737 001a 0020     		movs	r0, #0
 738              	.LVL46:
 244:Core/Src/balance_car/remote_control.c ****     }
 739              		.loc 1 244 16 view .LVU198
 740 001c 26E0     		b	.L53
 741              	.L55:
 248:Core/Src/balance_car/remote_control.c ****     }
 742              		.loc 1 248 9 is_stmt 1 view .LVU199
 248:Core/Src/balance_car/remote_control.c ****     }
 743              		.loc 1 248 13 is_stmt 0 view .LVU200
 744 001e 0134     		adds	r4, r4, #1
 745              	.LVL47:
 746              	.L54:
 247:Core/Src/balance_car/remote_control.c ****         text++;
 747              		.loc 1 247 18 is_stmt 1 view .LVU201
 247:Core/Src/balance_car/remote_control.c ****         text++;
 748              		.loc 1 247 12 is_stmt 0 view .LVU202
 749 0020 2078     		ldrb	r0, [r4]	@ zero_extendqisi2
 247:Core/Src/balance_car/remote_control.c ****         text++;
 750              		.loc 1 247 18 view .LVU203
 751 0022 2028     		cmp	r0, #32
 752 0024 FBD0     		beq	.L55
 250:Core/Src/balance_car/remote_control.c ****     if (ki_text == 0) {
 753              		.loc 1 250 5 is_stmt 1 view .LVU204
 250:Core/Src/balance_car/remote_control.c ****     if (ki_text == 0) {
 754              		.loc 1 250 15 is_stmt 0 view .LVU205
 755 0026 2021     		movs	r1, #32
 756              	.LVL48:
 250:Core/Src/balance_car/remote_control.c ****     if (ki_text == 0) {
 757              		.loc 1 250 15 view .LVU206
 758 0028 2046     		mov	r0, r4
 759 002a FFF7FEFF 		bl	strchr
 760              	.LVL49:
 251:Core/Src/balance_car/remote_control.c ****         return 0U;
 761              		.loc 1 251 5 is_stmt 1 view .LVU207
 251:Core/Src/balance_car/remote_control.c ****         return 0U;
 762              		.loc 1 251 8 is_stmt 0 view .LVU208
 763 002e 0546     		mov	r5, r0
 764 0030 A0B3     		cbz	r0, .L65
 254:Core/Src/balance_car/remote_control.c ****     ki_text++;
 765              		.loc 1 254 5 is_stmt 1 view .LVU209
 254:Core/Src/balance_car/remote_control.c ****     ki_text++;
 766              		.loc 1 254 14 is_stmt 0 view .LVU210
 767 0032 0023     		movs	r3, #0
 768 0034 05F8013B 		strb	r3, [r5], #1
 255:Core/Src/balance_car/remote_control.c ****     while (*ki_text == ' ') {
 769              		.loc 1 255 5 is_stmt 1 view .LVU211
 770              	.LVL50:
 256:Core/Src/balance_car/remote_control.c ****         ki_text++;
 771              		.loc 1 256 5 view .LVU212
 256:Core/Src/balance_car/remote_control.c ****         ki_text++;
 772              		.loc 1 256 11 is_stmt 0 view .LVU213
 773 0038 00E0     		b	.L56
 774              	.L57:
 257:Core/Src/balance_car/remote_control.c ****     }
ARM GAS  D:\TMP\ccuVazxM.s 			page 25


 775              		.loc 1 257 9 is_stmt 1 view .LVU214
 257:Core/Src/balance_car/remote_control.c ****     }
 776              		.loc 1 257 16 is_stmt 0 view .LVU215
 777 003a 0135     		adds	r5, r5, #1
 778              	.LVL51:
 779              	.L56:
 256:Core/Src/balance_car/remote_control.c ****         ki_text++;
 780              		.loc 1 256 21 is_stmt 1 view .LVU216
 256:Core/Src/balance_car/remote_control.c ****         ki_text++;
 781              		.loc 1 256 12 is_stmt 0 view .LVU217
 782 003c 2878     		ldrb	r0, [r5]	@ zero_extendqisi2
 256:Core/Src/balance_car/remote_control.c ****         ki_text++;
 783              		.loc 1 256 21 view .LVU218
 784 003e 2028     		cmp	r0, #32
 785 0040 FBD0     		beq	.L57
 260:Core/Src/balance_car/remote_control.c ****     if (kd_text == 0) {
 786              		.loc 1 260 5 is_stmt 1 view .LVU219
 260:Core/Src/balance_car/remote_control.c ****     if (kd_text == 0) {
 787              		.loc 1 260 15 is_stmt 0 view .LVU220
 788 0042 2021     		movs	r1, #32
 789 0044 2846     		mov	r0, r5
 790 0046 FFF7FEFF 		bl	strchr
 791              	.LVL52:
 261:Core/Src/balance_car/remote_control.c ****         return 0U;
 792              		.loc 1 261 5 is_stmt 1 view .LVU221
 261:Core/Src/balance_car/remote_control.c ****         return 0U;
 793              		.loc 1 261 8 is_stmt 0 view .LVU222
 794 004a 0646     		mov	r6, r0
 795 004c 40B3     		cbz	r0, .L66
 264:Core/Src/balance_car/remote_control.c ****     kd_text++;
 796              		.loc 1 264 5 is_stmt 1 view .LVU223
 264:Core/Src/balance_car/remote_control.c ****     kd_text++;
 797              		.loc 1 264 14 is_stmt 0 view .LVU224
 798 004e 0023     		movs	r3, #0
 799 0050 06F8013B 		strb	r3, [r6], #1
 265:Core/Src/balance_car/remote_control.c ****     while (*kd_text == ' ') {
 800              		.loc 1 265 5 is_stmt 1 view .LVU225
 801              	.LVL53:
 266:Core/Src/balance_car/remote_control.c ****         kd_text++;
 802              		.loc 1 266 5 view .LVU226
 266:Core/Src/balance_car/remote_control.c ****         kd_text++;
 803              		.loc 1 266 11 is_stmt 0 view .LVU227
 804 0054 00E0     		b	.L58
 805              	.L59:
 267:Core/Src/balance_car/remote_control.c ****     }
 806              		.loc 1 267 9 is_stmt 1 view .LVU228
 267:Core/Src/balance_car/remote_control.c ****     }
 807              		.loc 1 267 16 is_stmt 0 view .LVU229
 808 0056 0136     		adds	r6, r6, #1
 809              	.LVL54:
 810              	.L58:
 266:Core/Src/balance_car/remote_control.c ****         kd_text++;
 811              		.loc 1 266 21 is_stmt 1 view .LVU230
 266:Core/Src/balance_car/remote_control.c ****         kd_text++;
 812              		.loc 1 266 12 is_stmt 0 view .LVU231
 813 0058 3378     		ldrb	r3, [r6]	@ zero_extendqisi2
 266:Core/Src/balance_car/remote_control.c ****         kd_text++;
ARM GAS  D:\TMP\ccuVazxM.s 			page 26


 814              		.loc 1 266 21 view .LVU232
 815 005a 202B     		cmp	r3, #32
 816 005c FBD0     		beq	.L59
 270:Core/Src/balance_car/remote_control.c ****                      RemoteControl_ParseFloat(ki_text, ki) != 0U &&
 817              		.loc 1 270 5 is_stmt 1 view .LVU233
 270:Core/Src/balance_car/remote_control.c ****                      RemoteControl_ParseFloat(ki_text, ki) != 0U &&
 818              		.loc 1 270 22 is_stmt 0 view .LVU234
 819 005e 3946     		mov	r1, r7
 820 0060 2046     		mov	r0, r4
 821 0062 FFF7FEFF 		bl	RemoteControl_ParseFloat
 822              	.LVL55:
 271:Core/Src/balance_car/remote_control.c ****                      RemoteControl_ParseFloat(kd_text, kd) != 0U);
 823              		.loc 1 271 66 view .LVU235
 824 0066 18B9     		cbnz	r0, .L74
 271:Core/Src/balance_car/remote_control.c ****                      RemoteControl_ParseFloat(kd_text, kd) != 0U);
 825              		.loc 1 271 66 discriminator 2 view .LVU236
 826 0068 0020     		movs	r0, #0
 827              	.L60:
 270:Core/Src/balance_car/remote_control.c ****                      RemoteControl_ParseFloat(ki_text, ki) != 0U &&
 828              		.loc 1 270 12 view .LVU237
 829 006a C0B2     		uxtb	r0, r0
 830              	.LVL56:
 831              	.L53:
 273:Core/Src/balance_car/remote_control.c **** 
 832              		.loc 1 273 1 view .LVU238
 833 006c BDE8F883 		pop	{r3, r4, r5, r6, r7, r8, r9, pc}
 834              	.LVL57:
 835              	.L74:
 271:Core/Src/balance_car/remote_control.c ****                      RemoteControl_ParseFloat(kd_text, kd) != 0U);
 836              		.loc 1 271 22 discriminator 1 view .LVU239
 837 0070 4146     		mov	r1, r8
 838 0072 2846     		mov	r0, r5
 839 0074 FFF7FEFF 		bl	RemoteControl_ParseFloat
 840              	.LVL58:
 270:Core/Src/balance_car/remote_control.c ****                      RemoteControl_ParseFloat(ki_text, ki) != 0U &&
 841              		.loc 1 270 63 view .LVU240
 842 0078 08B9     		cbnz	r0, .L75
 271:Core/Src/balance_car/remote_control.c ****                      RemoteControl_ParseFloat(kd_text, kd) != 0U);
 843              		.loc 1 271 66 discriminator 2 view .LVU241
 844 007a 0020     		movs	r0, #0
 845 007c F5E7     		b	.L60
 846              	.L75:
 272:Core/Src/balance_car/remote_control.c **** }
 847              		.loc 1 272 22 view .LVU242
 848 007e 4946     		mov	r1, r9
 849 0080 3046     		mov	r0, r6
 850 0082 FFF7FEFF 		bl	RemoteControl_ParseFloat
 851              	.LVL59:
 271:Core/Src/balance_car/remote_control.c ****                      RemoteControl_ParseFloat(kd_text, kd) != 0U);
 852              		.loc 1 271 66 discriminator 4 view .LVU243
 853 0086 08B1     		cbz	r0, .L69
 271:Core/Src/balance_car/remote_control.c ****                      RemoteControl_ParseFloat(kd_text, kd) != 0U);
 854              		.loc 1 271 66 discriminator 3 view .LVU244
 855 0088 0120     		movs	r0, #1
 856 008a EEE7     		b	.L60
 857              	.L69:
 271:Core/Src/balance_car/remote_control.c ****                      RemoteControl_ParseFloat(kd_text, kd) != 0U);
ARM GAS  D:\TMP\ccuVazxM.s 			page 27


 858              		.loc 1 271 66 discriminator 2 view .LVU245
 859 008c 0020     		movs	r0, #0
 860 008e ECE7     		b	.L60
 861              	.LVL60:
 862              	.L61:
 863              	.LCFI15:
 864              		.cfi_def_cfa_offset 0
 865              		.cfi_restore 3
 866              		.cfi_restore 4
 867              		.cfi_restore 5
 868              		.cfi_restore 6
 869              		.cfi_restore 7
 870              		.cfi_restore 8
 871              		.cfi_restore 9
 872              		.cfi_restore 14
 244:Core/Src/balance_car/remote_control.c ****     }
 873              		.loc 1 244 16 view .LVU246
 874 0090 0020     		movs	r0, #0
 875              	.LVL61:
 273:Core/Src/balance_car/remote_control.c **** 
 876              		.loc 1 273 1 view .LVU247
 877 0092 7047     		bx	lr
 878              	.LVL62:
 879              	.L62:
 880              	.LCFI16:
 881              		.cfi_def_cfa_offset 32
 882              		.cfi_offset 3, -32
 883              		.cfi_offset 4, -28
 884              		.cfi_offset 5, -24
 885              		.cfi_offset 6, -20
 886              		.cfi_offset 7, -16
 887              		.cfi_offset 8, -12
 888              		.cfi_offset 9, -8
 889              		.cfi_offset 14, -4
 244:Core/Src/balance_car/remote_control.c ****     }
 890              		.loc 1 244 16 view .LVU248
 891 0094 0020     		movs	r0, #0
 892              	.LVL63:
 244:Core/Src/balance_car/remote_control.c ****     }
 893              		.loc 1 244 16 view .LVU249
 894 0096 E9E7     		b	.L53
 895              	.LVL64:
 896              	.L63:
 244:Core/Src/balance_car/remote_control.c ****     }
 897              		.loc 1 244 16 view .LVU250
 898 0098 0020     		movs	r0, #0
 899              	.LVL65:
 244:Core/Src/balance_car/remote_control.c ****     }
 900              		.loc 1 244 16 view .LVU251
 901 009a E7E7     		b	.L53
 902              	.LVL66:
 903              	.L65:
 252:Core/Src/balance_car/remote_control.c ****     }
 904              		.loc 1 252 16 view .LVU252
 905 009c 0020     		movs	r0, #0
 906              	.LVL67:
 252:Core/Src/balance_car/remote_control.c ****     }
ARM GAS  D:\TMP\ccuVazxM.s 			page 28


 907              		.loc 1 252 16 view .LVU253
 908 009e E5E7     		b	.L53
 909              	.LVL68:
 910              	.L66:
 262:Core/Src/balance_car/remote_control.c ****     }
 911              		.loc 1 262 16 view .LVU254
 912 00a0 0020     		movs	r0, #0
 913              	.LVL69:
 262:Core/Src/balance_car/remote_control.c ****     }
 914              		.loc 1 262 16 view .LVU255
 915 00a2 E3E7     		b	.L53
 916              		.cfi_endproc
 917              	.LFE79:
 919              		.section	.rodata.RemoteControl_ProcessLine.str1.4,"aMS",%progbits,1
 920              		.align	2
 921              	.LC0:
 922 0000 53544F50 		.ascii	"STOP\000"
 922      00
 923 0005 000000   		.align	2
 924              	.LC1:
 925 0008 50494E47 		.ascii	"PING\000"
 925      00
 926 000d 000000   		.align	2
 927              	.LC2:
 928 0010 50494452 		.ascii	"PIDRST\000"
 928      535400
 929 0017 00       		.align	2
 930              	.LC3:
 931 0018 52554E20 		.ascii	"RUN \000"
 931      00
 932 001d 000000   		.align	2
 933              	.LC4:
 934 0020 3100     		.ascii	"1\000"
 935 0022 0000     		.align	2
 936              	.LC5:
 937 0024 3000     		.ascii	"0\000"
 938 0026 0000     		.align	2
 939              	.LC6:
 940 0028 50494420 		.ascii	"PID \000"
 940      00
 941 002d 000000   		.align	2
 942              	.LC7:
 943 0030 53504400 		.ascii	"SPD\000"
 944              		.align	2
 945              	.LC8:
 946 0034 50494420 		.ascii	"PID SPD\000"
 946      53504400 
 947              		.align	2
 948              	.LC9:
 949 003c 414E4700 		.ascii	"ANG\000"
 950              		.align	2
 951              	.LC10:
 952 0040 50494420 		.ascii	"PID ANG\000"
 952      414E4700 
 953              		.align	2
 954              	.LC11:
 955 0048 5455524E 		.ascii	"TURN\000"
ARM GAS  D:\TMP\ccuVazxM.s 			page 29


 955      00
 956 004d 000000   		.align	2
 957              	.LC12:
 958 0050 50494420 		.ascii	"PID TURN\000"
 958      5455524E 
 958      00
 959 0059 000000   		.align	2
 960              	.LC13:
 961 005c 53504420 		.ascii	"SPD \000"
 961      00
 962 0061 000000   		.align	2
 963              	.LC14:
 964 0064 43544C20 		.ascii	"CTL \000"
 964      00
 965 0069 000000   		.align	2
 966              	.LC15:
 967 006c 43544C00 		.ascii	"CTL\000"
 968              		.align	2
 969              	.LC16:
 970 0070 5455524E 		.ascii	"TURN \000"
 970      2000
 971              		.section	.text.RemoteControl_ProcessLine,"ax",%progbits
 972              		.align	1
 973              		.syntax unified
 974              		.thumb
 975              		.thumb_func
 977              	RemoteControl_ProcessLine:
 978              	.LVL70:
 979              	.LFB81:
 283:Core/Src/balance_car/remote_control.c ****     if (line[0] == '\0') {
 980              		.loc 1 283 1 is_stmt 1 view -0
 981              		.cfi_startproc
 982              		@ args = 0, pretend = 0, frame = 16
 983              		@ frame_needed = 0, uses_anonymous_args = 0
 284:Core/Src/balance_car/remote_control.c ****         return;
 984              		.loc 1 284 5 view .LVU257
 284:Core/Src/balance_car/remote_control.c ****         return;
 985              		.loc 1 284 13 is_stmt 0 view .LVU258
 986 0000 0378     		ldrb	r3, [r0]	@ zero_extendqisi2
 284:Core/Src/balance_car/remote_control.c ****         return;
 987              		.loc 1 284 8 view .LVU259
 988 0002 002B     		cmp	r3, #0
 989 0004 00F01581 		beq	.L100
 283:Core/Src/balance_car/remote_control.c ****     if (line[0] == '\0') {
 990              		.loc 1 283 1 view .LVU260
 991 0008 70B5     		push	{r4, r5, r6, lr}
 992              	.LCFI17:
 993              		.cfi_def_cfa_offset 16
 994              		.cfi_offset 4, -16
 995              		.cfi_offset 5, -12
 996              		.cfi_offset 6, -8
 997              		.cfi_offset 14, -4
 998 000a 84B0     		sub	sp, sp, #16
 999              	.LCFI18:
 1000              		.cfi_def_cfa_offset 32
 1001 000c 0446     		mov	r4, r0
 288:Core/Src/balance_car/remote_control.c ****         RemoteControl_MarkValid(line);
ARM GAS  D:\TMP\ccuVazxM.s 			page 30


 1002              		.loc 1 288 5 is_stmt 1 view .LVU261
 288:Core/Src/balance_car/remote_control.c ****         RemoteControl_MarkValid(line);
 1003              		.loc 1 288 23 is_stmt 0 view .LVU262
 1004 000e 894B     		ldr	r3, .L116
 1005 0010 1B78     		ldrb	r3, [r3]	@ zero_extendqisi2
 288:Core/Src/balance_car/remote_control.c ****         RemoteControl_MarkValid(line);
 1006              		.loc 1 288 8 view .LVU263
 1007 0012 002B     		cmp	r3, #0
 1008 0014 68D0     		beq	.L103
 293:Core/Src/balance_car/remote_control.c ****         g_balance_debug.speed_target = 0.0f;
 1009              		.loc 1 293 5 is_stmt 1 view .LVU264
 293:Core/Src/balance_car/remote_control.c ****         g_balance_debug.speed_target = 0.0f;
 1010              		.loc 1 293 9 is_stmt 0 view .LVU265
 1011 0016 8849     		ldr	r1, .L116+4
 1012 0018 FFF7FEFF 		bl	strcmp
 1013              	.LVL71:
 293:Core/Src/balance_car/remote_control.c ****         g_balance_debug.speed_target = 0.0f;
 1014              		.loc 1 293 8 discriminator 1 view .LVU266
 1015 001c 0028     		cmp	r0, #0
 1016 001e 66D0     		beq	.L104
 302:Core/Src/balance_car/remote_control.c ****         RemoteControl_MarkValid(line);
 1017              		.loc 1 302 5 is_stmt 1 view .LVU267
 302:Core/Src/balance_car/remote_control.c ****         RemoteControl_MarkValid(line);
 1018              		.loc 1 302 9 is_stmt 0 view .LVU268
 1019 0020 8649     		ldr	r1, .L116+8
 1020 0022 2046     		mov	r0, r4
 1021 0024 FFF7FEFF 		bl	strcmp
 1022              	.LVL72:
 302:Core/Src/balance_car/remote_control.c ****         RemoteControl_MarkValid(line);
 1023              		.loc 1 302 8 discriminator 1 view .LVU269
 1024 0028 0028     		cmp	r0, #0
 1025 002a 6BD0     		beq	.L105
 307:Core/Src/balance_car/remote_control.c ****         g_balance_debug.reset_pid_request = 1U;
 1026              		.loc 1 307 5 is_stmt 1 view .LVU270
 307:Core/Src/balance_car/remote_control.c ****         g_balance_debug.reset_pid_request = 1U;
 1027              		.loc 1 307 9 is_stmt 0 view .LVU271
 1028 002c 8449     		ldr	r1, .L116+12
 1029 002e 2046     		mov	r0, r4
 1030 0030 FFF7FEFF 		bl	strcmp
 1031              	.LVL73:
 307:Core/Src/balance_car/remote_control.c ****         g_balance_debug.reset_pid_request = 1U;
 1032              		.loc 1 307 8 discriminator 1 view .LVU272
 1033 0034 0028     		cmp	r0, #0
 1034 0036 69D0     		beq	.L106
 313:Core/Src/balance_car/remote_control.c ****         if (strcmp(&line[4], "1") == 0) {
 1035              		.loc 1 313 5 is_stmt 1 view .LVU273
 313:Core/Src/balance_car/remote_control.c ****         if (strcmp(&line[4], "1") == 0) {
 1036              		.loc 1 313 9 is_stmt 0 view .LVU274
 1037 0038 0422     		movs	r2, #4
 1038 003a 8249     		ldr	r1, .L116+16
 1039 003c 2046     		mov	r0, r4
 1040 003e FFF7FEFF 		bl	strncmp
 1041              	.LVL74:
 313:Core/Src/balance_car/remote_control.c ****         if (strcmp(&line[4], "1") == 0) {
 1042              		.loc 1 313 8 discriminator 1 view .LVU275
 1043 0042 60B9     		cbnz	r0, .L82
 314:Core/Src/balance_car/remote_control.c ****             if (g_remote_debug.allow_run_command != 0U) {
ARM GAS  D:\TMP\ccuVazxM.s 			page 31


 1044              		.loc 1 314 9 is_stmt 1 view .LVU276
 314:Core/Src/balance_car/remote_control.c ****             if (g_remote_debug.allow_run_command != 0U) {
 1045              		.loc 1 314 20 is_stmt 0 view .LVU277
 1046 0044 251D     		adds	r5, r4, #4
 314:Core/Src/balance_car/remote_control.c ****             if (g_remote_debug.allow_run_command != 0U) {
 1047              		.loc 1 314 13 view .LVU278
 1048 0046 8049     		ldr	r1, .L116+20
 1049 0048 2846     		mov	r0, r5
 1050 004a FFF7FEFF 		bl	strcmp
 1051              	.LVL75:
 314:Core/Src/balance_car/remote_control.c ****             if (g_remote_debug.allow_run_command != 0U) {
 1052              		.loc 1 314 12 discriminator 1 view .LVU279
 1053 004e 0028     		cmp	r0, #0
 1054 0050 63D0     		beq	.L107
 321:Core/Src/balance_car/remote_control.c ****             if (g_remote_debug.allow_run_command != 0U) {
 1055              		.loc 1 321 9 is_stmt 1 view .LVU280
 321:Core/Src/balance_car/remote_control.c ****             if (g_remote_debug.allow_run_command != 0U) {
 1056              		.loc 1 321 13 is_stmt 0 view .LVU281
 1057 0052 7E49     		ldr	r1, .L116+24
 1058 0054 2846     		mov	r0, r5
 1059 0056 FFF7FEFF 		bl	strcmp
 1060              	.LVL76:
 321:Core/Src/balance_car/remote_control.c ****             if (g_remote_debug.allow_run_command != 0U) {
 1061              		.loc 1 321 12 discriminator 1 view .LVU282
 1062 005a 0028     		cmp	r0, #0
 1063 005c 67D0     		beq	.L108
 1064              	.L82:
 334:Core/Src/balance_car/remote_control.c ****         char *values_text;
 1065              		.loc 1 334 5 is_stmt 1 view .LVU283
 334:Core/Src/balance_car/remote_control.c ****         char *values_text;
 1066              		.loc 1 334 9 is_stmt 0 view .LVU284
 1067 005e 0422     		movs	r2, #4
 1068 0060 7B49     		ldr	r1, .L116+28
 1069 0062 2046     		mov	r0, r4
 1070 0064 FFF7FEFF 		bl	strncmp
 1071              	.LVL77:
 334:Core/Src/balance_car/remote_control.c ****         char *values_text;
 1072              		.loc 1 334 8 discriminator 1 view .LVU285
 1073 0068 00BB     		cbnz	r0, .L86
 1074              	.LBB8:
 335:Core/Src/balance_car/remote_control.c ****         float kp;
 1075              		.loc 1 335 9 is_stmt 1 view .LVU286
 336:Core/Src/balance_car/remote_control.c ****         float ki;
 1076              		.loc 1 336 9 view .LVU287
 337:Core/Src/balance_car/remote_control.c ****         float kd;
 1077              		.loc 1 337 9 view .LVU288
 338:Core/Src/balance_car/remote_control.c **** 
 1078              		.loc 1 338 9 view .LVU289
 340:Core/Src/balance_car/remote_control.c ****         if (values_text != 0) {
 1079              		.loc 1 340 9 view .LVU290
 340:Core/Src/balance_car/remote_control.c ****         if (values_text != 0) {
 1080              		.loc 1 340 30 is_stmt 0 view .LVU291
 1081 006a 251D     		adds	r5, r4, #4
 340:Core/Src/balance_car/remote_control.c ****         if (values_text != 0) {
 1082              		.loc 1 340 23 view .LVU292
 1083 006c 2021     		movs	r1, #32
 1084 006e 2846     		mov	r0, r5
ARM GAS  D:\TMP\ccuVazxM.s 			page 32


 1085 0070 FFF7FEFF 		bl	strchr
 1086              	.LVL78:
 341:Core/Src/balance_car/remote_control.c ****             *values_text = '\0';
 1087              		.loc 1 341 9 is_stmt 1 view .LVU293
 341:Core/Src/balance_car/remote_control.c ****             *values_text = '\0';
 1088              		.loc 1 341 12 is_stmt 0 view .LVU294
 1089 0074 D0B1     		cbz	r0, .L86
 342:Core/Src/balance_car/remote_control.c ****             values_text++;
 1090              		.loc 1 342 13 is_stmt 1 view .LVU295
 342:Core/Src/balance_car/remote_control.c ****             values_text++;
 1091              		.loc 1 342 26 is_stmt 0 view .LVU296
 1092 0076 0023     		movs	r3, #0
 1093 0078 00F8013B 		strb	r3, [r0], #1
 1094              	.LVL79:
 343:Core/Src/balance_car/remote_control.c ****             if (RemoteControl_ParsePidValues(values_text, &kp, &ki, &kd) != 0U) {
 1095              		.loc 1 343 13 is_stmt 1 view .LVU297
 344:Core/Src/balance_car/remote_control.c ****                 if (strcmp(&line[4], "SPD") == 0) {
 1096              		.loc 1 344 13 view .LVU298
 344:Core/Src/balance_car/remote_control.c ****                 if (strcmp(&line[4], "SPD") == 0) {
 1097              		.loc 1 344 17 is_stmt 0 view .LVU299
 1098 007c 03AB     		add	r3, sp, #12
 1099 007e 02AA     		add	r2, sp, #8
 1100 0080 01A9     		add	r1, sp, #4
 1101 0082 FFF7FEFF 		bl	RemoteControl_ParsePidValues
 1102              	.LVL80:
 344:Core/Src/balance_car/remote_control.c ****                 if (strcmp(&line[4], "SPD") == 0) {
 1103              		.loc 1 344 16 discriminator 1 view .LVU300
 1104 0086 88B1     		cbz	r0, .L86
 345:Core/Src/balance_car/remote_control.c ****                     RemoteControl_ApplyPid(&g_speed_pid, kp, ki, kd);
 1105              		.loc 1 345 17 is_stmt 1 view .LVU301
 345:Core/Src/balance_car/remote_control.c ****                     RemoteControl_ApplyPid(&g_speed_pid, kp, ki, kd);
 1106              		.loc 1 345 21 is_stmt 0 view .LVU302
 1107 0088 7249     		ldr	r1, .L116+32
 1108 008a 2846     		mov	r0, r5
 1109 008c FFF7FEFF 		bl	strcmp
 1110              	.LVL81:
 345:Core/Src/balance_car/remote_control.c ****                     RemoteControl_ApplyPid(&g_speed_pid, kp, ki, kd);
 1111              		.loc 1 345 20 discriminator 1 view .LVU303
 1112 0090 0028     		cmp	r0, #0
 1113 0092 5DD0     		beq	.L109
 350:Core/Src/balance_car/remote_control.c ****                     RemoteControl_ApplyPid(&g_angle_pid, kp, ki, kd);
 1114              		.loc 1 350 17 is_stmt 1 view .LVU304
 350:Core/Src/balance_car/remote_control.c ****                     RemoteControl_ApplyPid(&g_angle_pid, kp, ki, kd);
 1115              		.loc 1 350 21 is_stmt 0 view .LVU305
 1116 0094 7049     		ldr	r1, .L116+36
 1117 0096 2846     		mov	r0, r5
 1118 0098 FFF7FEFF 		bl	strcmp
 1119              	.LVL82:
 350:Core/Src/balance_car/remote_control.c ****                     RemoteControl_ApplyPid(&g_angle_pid, kp, ki, kd);
 1120              		.loc 1 350 20 discriminator 1 view .LVU306
 1121 009c 0028     		cmp	r0, #0
 1122 009e 61D0     		beq	.L110
 355:Core/Src/balance_car/remote_control.c ****                     RemoteControl_ApplyPid(&g_turn_pid, kp, ki, kd);
 1123              		.loc 1 355 17 is_stmt 1 view .LVU307
 355:Core/Src/balance_car/remote_control.c ****                     RemoteControl_ApplyPid(&g_turn_pid, kp, ki, kd);
 1124              		.loc 1 355 21 is_stmt 0 view .LVU308
 1125 00a0 6E49     		ldr	r1, .L116+40
ARM GAS  D:\TMP\ccuVazxM.s 			page 33


 1126 00a2 2846     		mov	r0, r5
 1127 00a4 FFF7FEFF 		bl	strcmp
 1128              	.LVL83:
 355:Core/Src/balance_car/remote_control.c ****                     RemoteControl_ApplyPid(&g_turn_pid, kp, ki, kd);
 1129              		.loc 1 355 20 discriminator 1 view .LVU309
 1130 00a8 0028     		cmp	r0, #0
 1131 00aa 65D0     		beq	.L111
 1132              	.LVL84:
 1133              	.L86:
 355:Core/Src/balance_car/remote_control.c ****                     RemoteControl_ApplyPid(&g_turn_pid, kp, ki, kd);
 1134              		.loc 1 355 20 discriminator 1 view .LVU310
 1135              	.LBE8:
 364:Core/Src/balance_car/remote_control.c ****         float speed;
 1136              		.loc 1 364 5 is_stmt 1 view .LVU311
 364:Core/Src/balance_car/remote_control.c ****         float speed;
 1137              		.loc 1 364 9 is_stmt 0 view .LVU312
 1138 00ac 0422     		movs	r2, #4
 1139 00ae 6C49     		ldr	r1, .L116+44
 1140 00b0 2046     		mov	r0, r4
 1141 00b2 FFF7FEFF 		bl	strncmp
 1142              	.LVL85:
 364:Core/Src/balance_car/remote_control.c ****         float speed;
 1143              		.loc 1 364 8 discriminator 1 view .LVU313
 1144 00b6 0028     		cmp	r0, #0
 1145 00b8 68D0     		beq	.L112
 1146              	.L91:
 375:Core/Src/balance_car/remote_control.c ****         char *turn_text;
 1147              		.loc 1 375 5 is_stmt 1 view .LVU314
 375:Core/Src/balance_car/remote_control.c ****         char *turn_text;
 1148              		.loc 1 375 9 is_stmt 0 view .LVU315
 1149 00ba 0422     		movs	r2, #4
 1150 00bc 6949     		ldr	r1, .L116+48
 1151 00be 2046     		mov	r0, r4
 1152 00c0 FFF7FEFF 		bl	strncmp
 1153              	.LVL86:
 375:Core/Src/balance_car/remote_control.c ****         char *turn_text;
 1154              		.loc 1 375 8 discriminator 1 view .LVU316
 1155 00c4 0028     		cmp	r0, #0
 1156 00c6 7AD1     		bne	.L93
 1157              	.LBB9:
 376:Core/Src/balance_car/remote_control.c ****         float speed;
 1158              		.loc 1 376 9 is_stmt 1 view .LVU317
 377:Core/Src/balance_car/remote_control.c ****         float turn;
 1159              		.loc 1 377 9 view .LVU318
 378:Core/Src/balance_car/remote_control.c **** 
 1160              		.loc 1 378 9 view .LVU319
 380:Core/Src/balance_car/remote_control.c ****         if (turn_text != 0) {
 1161              		.loc 1 380 9 view .LVU320
 380:Core/Src/balance_car/remote_control.c ****         if (turn_text != 0) {
 1162              		.loc 1 380 28 is_stmt 0 view .LVU321
 1163 00c8 261D     		adds	r6, r4, #4
 380:Core/Src/balance_car/remote_control.c ****         if (turn_text != 0) {
 1164              		.loc 1 380 21 view .LVU322
 1165 00ca 2021     		movs	r1, #32
 1166 00cc 3046     		mov	r0, r6
 1167 00ce FFF7FEFF 		bl	strchr
 1168              	.LVL87:
ARM GAS  D:\TMP\ccuVazxM.s 			page 34


 381:Core/Src/balance_car/remote_control.c ****             *turn_text = '\0';
 1169              		.loc 1 381 9 is_stmt 1 view .LVU323
 381:Core/Src/balance_car/remote_control.c ****             *turn_text = '\0';
 1170              		.loc 1 381 12 is_stmt 0 view .LVU324
 1171 00d2 0546     		mov	r5, r0
 1172 00d4 0028     		cmp	r0, #0
 1173 00d6 72D0     		beq	.L93
 382:Core/Src/balance_car/remote_control.c ****             turn_text++;
 1174              		.loc 1 382 13 is_stmt 1 view .LVU325
 382:Core/Src/balance_car/remote_control.c ****             turn_text++;
 1175              		.loc 1 382 24 is_stmt 0 view .LVU326
 1176 00d8 0023     		movs	r3, #0
 1177 00da 05F8013B 		strb	r3, [r5], #1
 383:Core/Src/balance_car/remote_control.c ****             while (*turn_text == ' ') {
 1178              		.loc 1 383 13 is_stmt 1 view .LVU327
 1179              	.LVL88:
 384:Core/Src/balance_car/remote_control.c ****                 turn_text++;
 1180              		.loc 1 384 13 view .LVU328
 1181              	.L95:
 384:Core/Src/balance_car/remote_control.c ****                 turn_text++;
 1182              		.loc 1 384 31 view .LVU329
 384:Core/Src/balance_car/remote_control.c ****                 turn_text++;
 1183              		.loc 1 384 20 is_stmt 0 view .LVU330
 1184 00de 2B78     		ldrb	r3, [r5]	@ zero_extendqisi2
 384:Core/Src/balance_car/remote_control.c ****                 turn_text++;
 1185              		.loc 1 384 31 view .LVU331
 1186 00e0 202B     		cmp	r3, #32
 1187 00e2 67D1     		bne	.L113
 385:Core/Src/balance_car/remote_control.c ****             }
 1188              		.loc 1 385 17 is_stmt 1 view .LVU332
 385:Core/Src/balance_car/remote_control.c ****             }
 1189              		.loc 1 385 26 is_stmt 0 view .LVU333
 1190 00e4 0135     		adds	r5, r5, #1
 1191              	.LVL89:
 385:Core/Src/balance_car/remote_control.c ****             }
 1192              		.loc 1 385 26 view .LVU334
 1193 00e6 FAE7     		b	.L95
 1194              	.LVL90:
 1195              	.L103:
 385:Core/Src/balance_car/remote_control.c ****             }
 1196              		.loc 1 385 26 view .LVU335
 1197              	.LBE9:
 289:Core/Src/balance_car/remote_control.c ****         return;
 1198              		.loc 1 289 9 is_stmt 1 view .LVU336
 1199 00e8 FFF7FEFF 		bl	RemoteControl_MarkValid
 1200              	.LVL91:
 290:Core/Src/balance_car/remote_control.c ****     }
 1201              		.loc 1 290 9 view .LVU337
 1202 00ec 75E0     		b	.L76
 1203              	.L104:
 294:Core/Src/balance_car/remote_control.c ****         g_balance_debug.turn_target = 0.0f;
 1204              		.loc 1 294 9 view .LVU338
 294:Core/Src/balance_car/remote_control.c ****         g_balance_debug.turn_target = 0.0f;
 1205              		.loc 1 294 38 is_stmt 0 view .LVU339
 1206 00ee 5E4A     		ldr	r2, .L116+52
 1207 00f0 0023     		movs	r3, #0
 1208 00f2 5360     		str	r3, [r2, #4]	@ float
ARM GAS  D:\TMP\ccuVazxM.s 			page 35


 295:Core/Src/balance_car/remote_control.c ****         g_remote_state.speed_cmd = 0.0f;
 1209              		.loc 1 295 9 is_stmt 1 view .LVU340
 295:Core/Src/balance_car/remote_control.c ****         g_remote_state.speed_cmd = 0.0f;
 1210              		.loc 1 295 37 is_stmt 0 view .LVU341
 1211 00f4 9360     		str	r3, [r2, #8]	@ float
 296:Core/Src/balance_car/remote_control.c ****         g_remote_state.turn_cmd = 0.0f;
 1212              		.loc 1 296 9 is_stmt 1 view .LVU342
 296:Core/Src/balance_car/remote_control.c ****         g_remote_state.turn_cmd = 0.0f;
 1213              		.loc 1 296 34 is_stmt 0 view .LVU343
 1214 00f6 5D4A     		ldr	r2, .L116+56
 1215 00f8 D361     		str	r3, [r2, #28]	@ float
 297:Core/Src/balance_car/remote_control.c ****         RemoteControl_MarkValid(line);
 1216              		.loc 1 297 9 is_stmt 1 view .LVU344
 297:Core/Src/balance_car/remote_control.c ****         RemoteControl_MarkValid(line);
 1217              		.loc 1 297 33 is_stmt 0 view .LVU345
 1218 00fa 1362     		str	r3, [r2, #32]	@ float
 298:Core/Src/balance_car/remote_control.c ****         return;
 1219              		.loc 1 298 9 is_stmt 1 view .LVU346
 1220 00fc 2046     		mov	r0, r4
 1221 00fe FFF7FEFF 		bl	RemoteControl_MarkValid
 1222              	.LVL92:
 299:Core/Src/balance_car/remote_control.c ****     }
 1223              		.loc 1 299 9 view .LVU347
 1224 0102 6AE0     		b	.L76
 1225              	.L105:
 303:Core/Src/balance_car/remote_control.c ****         return;
 1226              		.loc 1 303 9 view .LVU348
 1227 0104 2046     		mov	r0, r4
 1228 0106 FFF7FEFF 		bl	RemoteControl_MarkValid
 1229              	.LVL93:
 304:Core/Src/balance_car/remote_control.c ****     }
 1230              		.loc 1 304 9 view .LVU349
 1231 010a 66E0     		b	.L76
 1232              	.L106:
 308:Core/Src/balance_car/remote_control.c ****         RemoteControl_MarkValid(line);
 1233              		.loc 1 308 9 view .LVU350
 308:Core/Src/balance_car/remote_control.c ****         RemoteControl_MarkValid(line);
 1234              		.loc 1 308 43 is_stmt 0 view .LVU351
 1235 010c 564B     		ldr	r3, .L116+52
 1236 010e 0122     		movs	r2, #1
 1237 0110 5A70     		strb	r2, [r3, #1]
 309:Core/Src/balance_car/remote_control.c ****         return;
 1238              		.loc 1 309 9 is_stmt 1 view .LVU352
 1239 0112 2046     		mov	r0, r4
 1240 0114 FFF7FEFF 		bl	RemoteControl_MarkValid
 1241              	.LVL94:
 310:Core/Src/balance_car/remote_control.c ****     }
 1242              		.loc 1 310 9 view .LVU353
 1243 0118 5FE0     		b	.L76
 1244              	.L107:
 315:Core/Src/balance_car/remote_control.c ****                 g_balance_debug.run_enable = 1U;
 1245              		.loc 1 315 13 view .LVU354
 315:Core/Src/balance_car/remote_control.c ****                 g_balance_debug.run_enable = 1U;
 1246              		.loc 1 315 31 is_stmt 0 view .LVU355
 1247 011a 464B     		ldr	r3, .L116
 1248 011c 5B78     		ldrb	r3, [r3, #1]	@ zero_extendqisi2
 315:Core/Src/balance_car/remote_control.c ****                 g_balance_debug.run_enable = 1U;
ARM GAS  D:\TMP\ccuVazxM.s 			page 36


 1249              		.loc 1 315 16 view .LVU356
 1250 011e 13B1     		cbz	r3, .L84
 316:Core/Src/balance_car/remote_control.c ****             }
 1251              		.loc 1 316 17 is_stmt 1 view .LVU357
 316:Core/Src/balance_car/remote_control.c ****             }
 1252              		.loc 1 316 44 is_stmt 0 view .LVU358
 1253 0120 514B     		ldr	r3, .L116+52
 1254 0122 0122     		movs	r2, #1
 1255 0124 1A70     		strb	r2, [r3]
 1256              	.L84:
 318:Core/Src/balance_car/remote_control.c ****             return;
 1257              		.loc 1 318 13 is_stmt 1 view .LVU359
 1258 0126 2046     		mov	r0, r4
 1259 0128 FFF7FEFF 		bl	RemoteControl_MarkValid
 1260              	.LVL95:
 319:Core/Src/balance_car/remote_control.c ****         }
 1261              		.loc 1 319 13 view .LVU360
 1262 012c 55E0     		b	.L76
 1263              	.L108:
 322:Core/Src/balance_car/remote_control.c ****                 g_balance_debug.run_enable = 0U;
 1264              		.loc 1 322 13 view .LVU361
 322:Core/Src/balance_car/remote_control.c ****                 g_balance_debug.run_enable = 0U;
 1265              		.loc 1 322 31 is_stmt 0 view .LVU362
 1266 012e 414B     		ldr	r3, .L116
 1267 0130 5B78     		ldrb	r3, [r3, #1]	@ zero_extendqisi2
 322:Core/Src/balance_car/remote_control.c ****                 g_balance_debug.run_enable = 0U;
 1268              		.loc 1 322 16 view .LVU363
 1269 0132 13B1     		cbz	r3, .L85
 323:Core/Src/balance_car/remote_control.c ****             }
 1270              		.loc 1 323 17 is_stmt 1 view .LVU364
 323:Core/Src/balance_car/remote_control.c ****             }
 1271              		.loc 1 323 44 is_stmt 0 view .LVU365
 1272 0134 4C4B     		ldr	r3, .L116+52
 1273 0136 0022     		movs	r2, #0
 1274 0138 1A70     		strb	r2, [r3]
 1275              	.L85:
 325:Core/Src/balance_car/remote_control.c ****             g_balance_debug.turn_target = 0.0f;
 1276              		.loc 1 325 13 is_stmt 1 view .LVU366
 325:Core/Src/balance_car/remote_control.c ****             g_balance_debug.turn_target = 0.0f;
 1277              		.loc 1 325 42 is_stmt 0 view .LVU367
 1278 013a 4B4A     		ldr	r2, .L116+52
 1279 013c 0023     		movs	r3, #0
 1280 013e 5360     		str	r3, [r2, #4]	@ float
 326:Core/Src/balance_car/remote_control.c ****             g_remote_state.speed_cmd = 0.0f;
 1281              		.loc 1 326 13 is_stmt 1 view .LVU368
 326:Core/Src/balance_car/remote_control.c ****             g_remote_state.speed_cmd = 0.0f;
 1282              		.loc 1 326 41 is_stmt 0 view .LVU369
 1283 0140 9360     		str	r3, [r2, #8]	@ float
 327:Core/Src/balance_car/remote_control.c ****             g_remote_state.turn_cmd = 0.0f;
 1284              		.loc 1 327 13 is_stmt 1 view .LVU370
 327:Core/Src/balance_car/remote_control.c ****             g_remote_state.turn_cmd = 0.0f;
 1285              		.loc 1 327 38 is_stmt 0 view .LVU371
 1286 0142 4A4A     		ldr	r2, .L116+56
 1287 0144 D361     		str	r3, [r2, #28]	@ float
 328:Core/Src/balance_car/remote_control.c ****             RemoteControl_MarkValid(line);
 1288              		.loc 1 328 13 is_stmt 1 view .LVU372
 328:Core/Src/balance_car/remote_control.c ****             RemoteControl_MarkValid(line);
ARM GAS  D:\TMP\ccuVazxM.s 			page 37


 1289              		.loc 1 328 37 is_stmt 0 view .LVU373
 1290 0146 1362     		str	r3, [r2, #32]	@ float
 329:Core/Src/balance_car/remote_control.c ****             return;
 1291              		.loc 1 329 13 is_stmt 1 view .LVU374
 1292 0148 2046     		mov	r0, r4
 1293 014a FFF7FEFF 		bl	RemoteControl_MarkValid
 1294              	.LVL96:
 330:Core/Src/balance_car/remote_control.c ****         }
 1295              		.loc 1 330 13 view .LVU375
 1296 014e 44E0     		b	.L76
 1297              	.LVL97:
 1298              	.L109:
 1299              	.LBB10:
 346:Core/Src/balance_car/remote_control.c ****                     RemoteControl_MarkValid("PID SPD");
 1300              		.loc 1 346 21 view .LVU376
 1301 0150 039B     		ldr	r3, [sp, #12]	@ float
 1302 0152 029A     		ldr	r2, [sp, #8]	@ float
 1303 0154 0199     		ldr	r1, [sp, #4]	@ float
 1304 0156 4648     		ldr	r0, .L116+60
 1305 0158 FFF7FEFF 		bl	RemoteControl_ApplyPid
 1306              	.LVL98:
 347:Core/Src/balance_car/remote_control.c ****                     return;
 1307              		.loc 1 347 21 view .LVU377
 1308 015c 4548     		ldr	r0, .L116+64
 1309 015e FFF7FEFF 		bl	RemoteControl_MarkValid
 1310              	.LVL99:
 348:Core/Src/balance_car/remote_control.c ****                 }
 1311              		.loc 1 348 21 view .LVU378
 1312 0162 3AE0     		b	.L76
 1313              	.L110:
 351:Core/Src/balance_car/remote_control.c ****                     RemoteControl_MarkValid("PID ANG");
 1314              		.loc 1 351 21 view .LVU379
 1315 0164 039B     		ldr	r3, [sp, #12]	@ float
 1316 0166 029A     		ldr	r2, [sp, #8]	@ float
 1317 0168 0199     		ldr	r1, [sp, #4]	@ float
 1318 016a 4348     		ldr	r0, .L116+68
 1319 016c FFF7FEFF 		bl	RemoteControl_ApplyPid
 1320              	.LVL100:
 352:Core/Src/balance_car/remote_control.c ****                     return;
 1321              		.loc 1 352 21 view .LVU380
 1322 0170 4248     		ldr	r0, .L116+72
 1323 0172 FFF7FEFF 		bl	RemoteControl_MarkValid
 1324              	.LVL101:
 353:Core/Src/balance_car/remote_control.c ****                 }
 1325              		.loc 1 353 21 view .LVU381
 1326 0176 30E0     		b	.L76
 1327              	.L111:
 356:Core/Src/balance_car/remote_control.c ****                     RemoteControl_MarkValid("PID TURN");
 1328              		.loc 1 356 21 view .LVU382
 1329 0178 039B     		ldr	r3, [sp, #12]	@ float
 1330 017a 029A     		ldr	r2, [sp, #8]	@ float
 1331 017c 0199     		ldr	r1, [sp, #4]	@ float
 1332 017e 4048     		ldr	r0, .L116+76
 1333 0180 FFF7FEFF 		bl	RemoteControl_ApplyPid
 1334              	.LVL102:
 357:Core/Src/balance_car/remote_control.c ****                     return;
 1335              		.loc 1 357 21 view .LVU383
ARM GAS  D:\TMP\ccuVazxM.s 			page 38


 1336 0184 3F48     		ldr	r0, .L116+80
 1337 0186 FFF7FEFF 		bl	RemoteControl_MarkValid
 1338              	.LVL103:
 358:Core/Src/balance_car/remote_control.c ****                 }
 1339              		.loc 1 358 21 view .LVU384
 1340 018a 26E0     		b	.L76
 1341              	.LVL104:
 1342              	.L112:
 358:Core/Src/balance_car/remote_control.c ****                 }
 1343              		.loc 1 358 21 is_stmt 0 view .LVU385
 1344              	.LBE10:
 1345              	.LBB11:
 365:Core/Src/balance_car/remote_control.c ****         if (RemoteControl_ParseFloat(&line[4], &speed) != 0U) {
 1346              		.loc 1 365 9 is_stmt 1 view .LVU386
 366:Core/Src/balance_car/remote_control.c ****             speed = RemoteControl_Clamp(speed, g_remote_debug.speed_limit);
 1347              		.loc 1 366 9 view .LVU387
 366:Core/Src/balance_car/remote_control.c ****             speed = RemoteControl_Clamp(speed, g_remote_debug.speed_limit);
 1348              		.loc 1 366 13 is_stmt 0 view .LVU388
 1349 018c 03A9     		add	r1, sp, #12
 1350 018e 201D     		adds	r0, r4, #4
 1351 0190 FFF7FEFF 		bl	RemoteControl_ParseFloat
 1352              	.LVL105:
 366:Core/Src/balance_car/remote_control.c ****             speed = RemoteControl_Clamp(speed, g_remote_debug.speed_limit);
 1353              		.loc 1 366 12 discriminator 1 view .LVU389
 1354 0194 0028     		cmp	r0, #0
 1355 0196 90D0     		beq	.L91
 367:Core/Src/balance_car/remote_control.c ****             g_balance_debug.speed_target = speed;
 1356              		.loc 1 367 13 is_stmt 1 view .LVU390
 367:Core/Src/balance_car/remote_control.c ****             g_balance_debug.speed_target = speed;
 1357              		.loc 1 367 62 is_stmt 0 view .LVU391
 1358 0198 264B     		ldr	r3, .L116
 1359 019a 5968     		ldr	r1, [r3, #4]	@ float
 367:Core/Src/balance_car/remote_control.c ****             g_balance_debug.speed_target = speed;
 1360              		.loc 1 367 21 view .LVU392
 1361 019c 0398     		ldr	r0, [sp, #12]	@ float
 1362 019e FFF7FEFF 		bl	RemoteControl_Clamp
 1363              	.LVL106:
 367:Core/Src/balance_car/remote_control.c ****             g_balance_debug.speed_target = speed;
 1364              		.loc 1 367 19 discriminator 1 view .LVU393
 1365 01a2 0390     		str	r0, [sp, #12]	@ float
 368:Core/Src/balance_car/remote_control.c ****             g_remote_state.speed_cmd = speed;
 1366              		.loc 1 368 13 is_stmt 1 view .LVU394
 368:Core/Src/balance_car/remote_control.c ****             g_remote_state.speed_cmd = speed;
 1367              		.loc 1 368 42 is_stmt 0 view .LVU395
 1368 01a4 304B     		ldr	r3, .L116+52
 1369 01a6 5860     		str	r0, [r3, #4]	@ float
 369:Core/Src/balance_car/remote_control.c ****             RemoteControl_MarkValid(line);
 1370              		.loc 1 369 13 is_stmt 1 view .LVU396
 369:Core/Src/balance_car/remote_control.c ****             RemoteControl_MarkValid(line);
 1371              		.loc 1 369 38 is_stmt 0 view .LVU397
 1372 01a8 304B     		ldr	r3, .L116+56
 1373 01aa D861     		str	r0, [r3, #28]	@ float
 370:Core/Src/balance_car/remote_control.c ****             return;
 1374              		.loc 1 370 13 is_stmt 1 view .LVU398
 1375 01ac 2046     		mov	r0, r4
 1376 01ae FFF7FEFF 		bl	RemoteControl_MarkValid
 1377              	.LVL107:
ARM GAS  D:\TMP\ccuVazxM.s 			page 39


 371:Core/Src/balance_car/remote_control.c ****         }
 1378              		.loc 1 371 13 view .LVU399
 1379 01b2 12E0     		b	.L76
 1380              	.LVL108:
 1381              	.L113:
 371:Core/Src/balance_car/remote_control.c ****         }
 1382              		.loc 1 371 13 is_stmt 0 view .LVU400
 1383              	.LBE11:
 1384              	.LBB12:
 387:Core/Src/balance_car/remote_control.c ****                 RemoteControl_ParseFloat(turn_text, &turn) != 0U) {
 1385              		.loc 1 387 13 is_stmt 1 view .LVU401
 387:Core/Src/balance_car/remote_control.c ****                 RemoteControl_ParseFloat(turn_text, &turn) != 0U) {
 1386              		.loc 1 387 17 is_stmt 0 view .LVU402
 1387 01b4 02A9     		add	r1, sp, #8
 1388 01b6 3046     		mov	r0, r6
 1389 01b8 FFF7FEFF 		bl	RemoteControl_ParseFloat
 1390              	.LVL109:
 387:Core/Src/balance_car/remote_control.c ****                 RemoteControl_ParseFloat(turn_text, &turn) != 0U) {
 1391              		.loc 1 387 16 discriminator 1 view .LVU403
 1392 01bc 78B9     		cbnz	r0, .L114
 1393              	.LVL110:
 1394              	.L93:
 387:Core/Src/balance_car/remote_control.c ****                 RemoteControl_ParseFloat(turn_text, &turn) != 0U) {
 1395              		.loc 1 387 16 discriminator 1 view .LVU404
 1396              	.LBE12:
 401:Core/Src/balance_car/remote_control.c ****         float turn;
 1397              		.loc 1 401 5 is_stmt 1 view .LVU405
 401:Core/Src/balance_car/remote_control.c ****         float turn;
 1398              		.loc 1 401 9 is_stmt 0 view .LVU406
 1399 01be 0522     		movs	r2, #5
 1400 01c0 3149     		ldr	r1, .L116+84
 1401 01c2 2046     		mov	r0, r4
 1402 01c4 FFF7FEFF 		bl	strncmp
 1403              	.LVL111:
 401:Core/Src/balance_car/remote_control.c ****         float turn;
 1404              		.loc 1 401 8 discriminator 1 view .LVU407
 1405 01c8 20B9     		cbnz	r0, .L97
 1406              	.LBB13:
 402:Core/Src/balance_car/remote_control.c ****         if (RemoteControl_ParseFloat(&line[5], &turn) != 0U) {
 1407              		.loc 1 402 9 is_stmt 1 view .LVU408
 403:Core/Src/balance_car/remote_control.c ****             turn = RemoteControl_Clamp(turn, g_remote_debug.turn_limit);
 1408              		.loc 1 403 9 view .LVU409
 403:Core/Src/balance_car/remote_control.c ****             turn = RemoteControl_Clamp(turn, g_remote_debug.turn_limit);
 1409              		.loc 1 403 13 is_stmt 0 view .LVU410
 1410 01ca 03A9     		add	r1, sp, #12
 1411 01cc 601D     		adds	r0, r4, #5
 1412 01ce FFF7FEFF 		bl	RemoteControl_ParseFloat
 1413              	.LVL112:
 403:Core/Src/balance_car/remote_control.c ****             turn = RemoteControl_Clamp(turn, g_remote_debug.turn_limit);
 1414              		.loc 1 403 12 discriminator 1 view .LVU411
 1415 01d2 00BB     		cbnz	r0, .L115
 1416              	.L97:
 1417              	.LBE13:
 412:Core/Src/balance_car/remote_control.c **** }
 1418              		.loc 1 412 5 is_stmt 1 view .LVU412
 1419 01d4 2046     		mov	r0, r4
 1420 01d6 FFF7FEFF 		bl	RemoteControl_MarkInvalid
ARM GAS  D:\TMP\ccuVazxM.s 			page 40


 1421              	.LVL113:
 1422              	.L76:
 413:Core/Src/balance_car/remote_control.c **** 
 1423              		.loc 1 413 1 is_stmt 0 view .LVU413
 1424 01da 04B0     		add	sp, sp, #16
 1425              	.LCFI19:
 1426              		.cfi_remember_state
 1427              		.cfi_def_cfa_offset 16
 1428              		@ sp needed
 1429 01dc 70BD     		pop	{r4, r5, r6, pc}
 1430              	.LVL114:
 1431              	.L114:
 1432              	.LCFI20:
 1433              		.cfi_restore_state
 1434              	.LBB14:
 388:Core/Src/balance_car/remote_control.c ****                 speed = RemoteControl_Clamp(speed, g_remote_debug.speed_limit);
 1435              		.loc 1 388 17 view .LVU414
 1436 01de 03A9     		add	r1, sp, #12
 1437 01e0 2846     		mov	r0, r5
 1438 01e2 FFF7FEFF 		bl	RemoteControl_ParseFloat
 1439              	.LVL115:
 387:Core/Src/balance_car/remote_control.c ****                 RemoteControl_ParseFloat(turn_text, &turn) != 0U) {
 1440              		.loc 1 387 66 discriminator 1 view .LVU415
 1441 01e6 0028     		cmp	r0, #0
 1442 01e8 E9D0     		beq	.L93
 389:Core/Src/balance_car/remote_control.c ****                 turn = RemoteControl_Clamp(turn, g_remote_debug.turn_limit);
 1443              		.loc 1 389 17 is_stmt 1 view .LVU416
 389:Core/Src/balance_car/remote_control.c ****                 turn = RemoteControl_Clamp(turn, g_remote_debug.turn_limit);
 1444              		.loc 1 389 66 is_stmt 0 view .LVU417
 1445 01ea 124D     		ldr	r5, .L116
 1446              	.LVL116:
 389:Core/Src/balance_car/remote_control.c ****                 turn = RemoteControl_Clamp(turn, g_remote_debug.turn_limit);
 1447              		.loc 1 389 66 view .LVU418
 1448 01ec 6968     		ldr	r1, [r5, #4]	@ float
 389:Core/Src/balance_car/remote_control.c ****                 turn = RemoteControl_Clamp(turn, g_remote_debug.turn_limit);
 1449              		.loc 1 389 25 view .LVU419
 1450 01ee 0298     		ldr	r0, [sp, #8]	@ float
 1451 01f0 FFF7FEFF 		bl	RemoteControl_Clamp
 1452              	.LVL117:
 1453 01f4 0446     		mov	r4, r0
 1454              	.LVL118:
 389:Core/Src/balance_car/remote_control.c ****                 turn = RemoteControl_Clamp(turn, g_remote_debug.turn_limit);
 1455              		.loc 1 389 23 discriminator 1 view .LVU420
 1456 01f6 0290     		str	r0, [sp, #8]	@ float
 390:Core/Src/balance_car/remote_control.c ****                 g_balance_debug.speed_target = speed;
 1457              		.loc 1 390 17 is_stmt 1 view .LVU421
 390:Core/Src/balance_car/remote_control.c ****                 g_balance_debug.speed_target = speed;
 1458              		.loc 1 390 64 is_stmt 0 view .LVU422
 1459 01f8 A968     		ldr	r1, [r5, #8]	@ float
 390:Core/Src/balance_car/remote_control.c ****                 g_balance_debug.speed_target = speed;
 1460              		.loc 1 390 24 view .LVU423
 1461 01fa 0398     		ldr	r0, [sp, #12]	@ float
 1462 01fc FFF7FEFF 		bl	RemoteControl_Clamp
 1463              	.LVL119:
 390:Core/Src/balance_car/remote_control.c ****                 g_balance_debug.speed_target = speed;
 1464              		.loc 1 390 22 discriminator 1 view .LVU424
 1465 0200 0390     		str	r0, [sp, #12]	@ float
ARM GAS  D:\TMP\ccuVazxM.s 			page 41


 391:Core/Src/balance_car/remote_control.c ****                 g_balance_debug.turn_target = turn;
 1466              		.loc 1 391 17 is_stmt 1 view .LVU425
 391:Core/Src/balance_car/remote_control.c ****                 g_balance_debug.turn_target = turn;
 1467              		.loc 1 391 46 is_stmt 0 view .LVU426
 1468 0202 194B     		ldr	r3, .L116+52
 1469 0204 5C60     		str	r4, [r3, #4]	@ float
 392:Core/Src/balance_car/remote_control.c ****                 g_remote_state.speed_cmd = speed;
 1470              		.loc 1 392 17 is_stmt 1 view .LVU427
 392:Core/Src/balance_car/remote_control.c ****                 g_remote_state.speed_cmd = speed;
 1471              		.loc 1 392 45 is_stmt 0 view .LVU428
 1472 0206 9860     		str	r0, [r3, #8]	@ float
 393:Core/Src/balance_car/remote_control.c ****                 g_remote_state.turn_cmd = turn;
 1473              		.loc 1 393 17 is_stmt 1 view .LVU429
 393:Core/Src/balance_car/remote_control.c ****                 g_remote_state.turn_cmd = turn;
 1474              		.loc 1 393 42 is_stmt 0 view .LVU430
 1475 0208 184B     		ldr	r3, .L116+56
 1476 020a DC61     		str	r4, [r3, #28]	@ float
 394:Core/Src/balance_car/remote_control.c ****                 RemoteControl_MarkValid("CTL");
 1477              		.loc 1 394 17 is_stmt 1 view .LVU431
 394:Core/Src/balance_car/remote_control.c ****                 RemoteControl_MarkValid("CTL");
 1478              		.loc 1 394 41 is_stmt 0 view .LVU432
 1479 020c 1862     		str	r0, [r3, #32]	@ float
 395:Core/Src/balance_car/remote_control.c ****                 return;
 1480              		.loc 1 395 17 is_stmt 1 view .LVU433
 1481 020e 1F48     		ldr	r0, .L116+88
 1482 0210 FFF7FEFF 		bl	RemoteControl_MarkValid
 1483              	.LVL120:
 396:Core/Src/balance_car/remote_control.c ****             }
 1484              		.loc 1 396 17 view .LVU434
 1485 0214 E1E7     		b	.L76
 1486              	.LVL121:
 1487              	.L115:
 396:Core/Src/balance_car/remote_control.c ****             }
 1488              		.loc 1 396 17 is_stmt 0 view .LVU435
 1489              	.LBE14:
 1490              	.LBB15:
 404:Core/Src/balance_car/remote_control.c ****             g_balance_debug.turn_target = turn;
 1491              		.loc 1 404 13 is_stmt 1 view .LVU436
 404:Core/Src/balance_car/remote_control.c ****             g_balance_debug.turn_target = turn;
 1492              		.loc 1 404 60 is_stmt 0 view .LVU437
 1493 0216 074B     		ldr	r3, .L116
 1494 0218 9968     		ldr	r1, [r3, #8]	@ float
 404:Core/Src/balance_car/remote_control.c ****             g_balance_debug.turn_target = turn;
 1495              		.loc 1 404 20 view .LVU438
 1496 021a 0398     		ldr	r0, [sp, #12]	@ float
 1497 021c FFF7FEFF 		bl	RemoteControl_Clamp
 1498              	.LVL122:
 404:Core/Src/balance_car/remote_control.c ****             g_balance_debug.turn_target = turn;
 1499              		.loc 1 404 18 discriminator 1 view .LVU439
 1500 0220 0390     		str	r0, [sp, #12]	@ float
 405:Core/Src/balance_car/remote_control.c ****             g_remote_state.turn_cmd = turn;
 1501              		.loc 1 405 13 is_stmt 1 view .LVU440
 405:Core/Src/balance_car/remote_control.c ****             g_remote_state.turn_cmd = turn;
 1502              		.loc 1 405 41 is_stmt 0 view .LVU441
 1503 0222 114B     		ldr	r3, .L116+52
 1504 0224 9860     		str	r0, [r3, #8]	@ float
 406:Core/Src/balance_car/remote_control.c ****             RemoteControl_MarkValid(line);
ARM GAS  D:\TMP\ccuVazxM.s 			page 42


 1505              		.loc 1 406 13 is_stmt 1 view .LVU442
 406:Core/Src/balance_car/remote_control.c ****             RemoteControl_MarkValid(line);
 1506              		.loc 1 406 37 is_stmt 0 view .LVU443
 1507 0226 114B     		ldr	r3, .L116+56
 1508 0228 1862     		str	r0, [r3, #32]	@ float
 407:Core/Src/balance_car/remote_control.c ****             return;
 1509              		.loc 1 407 13 is_stmt 1 view .LVU444
 1510 022a 2046     		mov	r0, r4
 1511 022c FFF7FEFF 		bl	RemoteControl_MarkValid
 1512              	.LVL123:
 408:Core/Src/balance_car/remote_control.c ****         }
 1513              		.loc 1 408 13 view .LVU445
 1514 0230 D3E7     		b	.L76
 1515              	.LVL124:
 1516              	.L100:
 1517              	.LCFI21:
 1518              		.cfi_def_cfa_offset 0
 1519              		.cfi_restore 4
 1520              		.cfi_restore 5
 1521              		.cfi_restore 6
 1522              		.cfi_restore 14
 408:Core/Src/balance_car/remote_control.c ****         }
 1523              		.loc 1 408 13 is_stmt 0 view .LVU446
 1524 0232 7047     		bx	lr
 1525              	.L117:
 1526              		.align	2
 1527              	.L116:
 1528 0234 00000000 		.word	g_remote_debug
 1529 0238 00000000 		.word	.LC0
 1530 023c 08000000 		.word	.LC1
 1531 0240 10000000 		.word	.LC2
 1532 0244 18000000 		.word	.LC3
 1533 0248 20000000 		.word	.LC4
 1534 024c 24000000 		.word	.LC5
 1535 0250 28000000 		.word	.LC6
 1536 0254 30000000 		.word	.LC7
 1537 0258 3C000000 		.word	.LC9
 1538 025c 48000000 		.word	.LC11
 1539 0260 5C000000 		.word	.LC13
 1540 0264 64000000 		.word	.LC14
 1541 0268 00000000 		.word	g_balance_debug
 1542 026c 00000000 		.word	g_remote_state
 1543 0270 00000000 		.word	g_speed_pid
 1544 0274 34000000 		.word	.LC8
 1545 0278 00000000 		.word	g_angle_pid
 1546 027c 40000000 		.word	.LC10
 1547 0280 00000000 		.word	g_turn_pid
 1548 0284 50000000 		.word	.LC12
 1549 0288 70000000 		.word	.LC16
 1550 028c 6C000000 		.word	.LC15
 1551              	.LBE15:
 1552              		.cfi_endproc
 1553              	.LFE81:
 1555              		.section	.text.RemoteControl_SendLine,"ax",%progbits
 1556              		.align	1
 1557              		.syntax unified
 1558              		.thumb
ARM GAS  D:\TMP\ccuVazxM.s 			page 43


 1559              		.thumb_func
 1561              	RemoteControl_SendLine:
 1562              	.LVL125:
 1563              	.LFB73:
 121:Core/Src/balance_car/remote_control.c ****     if (len <= 0 || s_tx_busy != 0U) {
 1564              		.loc 1 121 1 is_stmt 1 view -0
 1565              		.cfi_startproc
 1566              		@ args = 0, pretend = 0, frame = 0
 1567              		@ frame_needed = 0, uses_anonymous_args = 0
 121:Core/Src/balance_car/remote_control.c ****     if (len <= 0 || s_tx_busy != 0U) {
 1568              		.loc 1 121 1 is_stmt 0 view .LVU448
 1569 0000 70B5     		push	{r4, r5, r6, lr}
 1570              	.LCFI22:
 1571              		.cfi_def_cfa_offset 16
 1572              		.cfi_offset 4, -16
 1573              		.cfi_offset 5, -12
 1574              		.cfi_offset 6, -8
 1575              		.cfi_offset 14, -4
 122:Core/Src/balance_car/remote_control.c ****         return 0U;
 1576              		.loc 1 122 5 is_stmt 1 view .LVU449
 122:Core/Src/balance_car/remote_control.c ****         return 0U;
 1577              		.loc 1 122 8 is_stmt 0 view .LVU450
 1578 0002 0029     		cmp	r1, #0
 122:Core/Src/balance_car/remote_control.c ****         return 0U;
 1579              		.loc 1 122 8 view .LVU451
 1580 0004 1EDD     		ble	.L121
 122:Core/Src/balance_car/remote_control.c ****         return 0U;
 1581              		.loc 1 122 31 discriminator 1 view .LVU452
 1582 0006 114B     		ldr	r3, .L127
 1583 0008 1B78     		ldrb	r3, [r3]	@ zero_extendqisi2
 122:Core/Src/balance_car/remote_control.c ****         return 0U;
 1584              		.loc 1 122 18 discriminator 1 view .LVU453
 1585 000a 03F0FF05 		and	r5, r3, #255
 1586 000e DBB9     		cbnz	r3, .L122
 125:Core/Src/balance_car/remote_control.c ****         len = (int)sizeof(s_tx_line) - 1;
 1587              		.loc 1 125 5 is_stmt 1 view .LVU454
 125:Core/Src/balance_car/remote_control.c ****         len = (int)sizeof(s_tx_line) - 1;
 1588              		.loc 1 125 8 is_stmt 0 view .LVU455
 1589 0010 5F29     		cmp	r1, #95
 1590 0012 00DD     		ble	.L120
 126:Core/Src/balance_car/remote_control.c ****     }
 1591              		.loc 1 126 13 view .LVU456
 1592 0014 5F21     		movs	r1, #95
 1593              	.LVL126:
 1594              	.L120:
 128:Core/Src/balance_car/remote_control.c ****     s_tx_busy = 1U;
 1595              		.loc 1 128 5 is_stmt 1 view .LVU457
 1596 0016 0E4E     		ldr	r6, .L127+4
 1597 0018 8CB2     		uxth	r4, r1
 1598 001a 2246     		mov	r2, r4
 1599 001c 0146     		mov	r1, r0
 1600              	.LVL127:
 128:Core/Src/balance_car/remote_control.c ****     s_tx_busy = 1U;
 1601              		.loc 1 128 5 is_stmt 0 view .LVU458
 1602 001e 3046     		mov	r0, r6
 1603              	.LVL128:
 128:Core/Src/balance_car/remote_control.c ****     s_tx_busy = 1U;
ARM GAS  D:\TMP\ccuVazxM.s 			page 44


 1604              		.loc 1 128 5 view .LVU459
 1605 0020 FFF7FEFF 		bl	memcpy
 1606              	.LVL129:
 129:Core/Src/balance_car/remote_control.c ****     if (HAL_UART_Transmit_IT(&s_huart_remote, (uint8_t *)s_tx_line, (uint16_t)len) != HAL_OK) {
 1607              		.loc 1 129 5 is_stmt 1 view .LVU460
 129:Core/Src/balance_car/remote_control.c ****     if (HAL_UART_Transmit_IT(&s_huart_remote, (uint8_t *)s_tx_line, (uint16_t)len) != HAL_OK) {
 1608              		.loc 1 129 15 is_stmt 0 view .LVU461
 1609 0024 094B     		ldr	r3, .L127
 1610 0026 0122     		movs	r2, #1
 1611 0028 1A70     		strb	r2, [r3]
 130:Core/Src/balance_car/remote_control.c ****         s_tx_busy = 0U;
 1612              		.loc 1 130 5 is_stmt 1 view .LVU462
 130:Core/Src/balance_car/remote_control.c ****         s_tx_busy = 0U;
 1613              		.loc 1 130 9 is_stmt 0 view .LVU463
 1614 002a 2246     		mov	r2, r4
 1615 002c 3146     		mov	r1, r6
 1616 002e 0948     		ldr	r0, .L127+8
 1617 0030 FFF7FEFF 		bl	HAL_UART_Transmit_IT
 1618              	.LVL130:
 130:Core/Src/balance_car/remote_control.c ****         s_tx_busy = 0U;
 1619              		.loc 1 130 8 discriminator 1 view .LVU464
 1620 0034 10B9     		cbnz	r0, .L126
 134:Core/Src/balance_car/remote_control.c **** }
 1621              		.loc 1 134 12 view .LVU465
 1622 0036 0125     		movs	r5, #1
 1623              	.LVL131:
 1624              	.L119:
 135:Core/Src/balance_car/remote_control.c **** 
 1625              		.loc 1 135 1 view .LVU466
 1626 0038 2846     		mov	r0, r5
 1627 003a 70BD     		pop	{r4, r5, r6, pc}
 1628              	.LVL132:
 1629              	.L126:
 131:Core/Src/balance_car/remote_control.c ****         return 0U;
 1630              		.loc 1 131 9 is_stmt 1 view .LVU467
 131:Core/Src/balance_car/remote_control.c ****         return 0U;
 1631              		.loc 1 131 19 is_stmt 0 view .LVU468
 1632 003c 034B     		ldr	r3, .L127
 1633 003e 0022     		movs	r2, #0
 1634 0040 1A70     		strb	r2, [r3]
 132:Core/Src/balance_car/remote_control.c ****     }
 1635              		.loc 1 132 9 is_stmt 1 view .LVU469
 132:Core/Src/balance_car/remote_control.c ****     }
 1636              		.loc 1 132 16 is_stmt 0 view .LVU470
 1637 0042 F9E7     		b	.L119
 1638              	.LVL133:
 1639              	.L121:
 123:Core/Src/balance_car/remote_control.c ****     }
 1640              		.loc 1 123 16 view .LVU471
 1641 0044 0025     		movs	r5, #0
 1642 0046 F7E7     		b	.L119
 1643              	.L122:
 1644 0048 0025     		movs	r5, #0
 1645 004a F5E7     		b	.L119
 1646              	.L128:
 1647              		.align	2
 1648              	.L127:
ARM GAS  D:\TMP\ccuVazxM.s 			page 45


 1649 004c 00000000 		.word	s_tx_busy
 1650 0050 00000000 		.word	s_tx_line
 1651 0054 00000000 		.word	s_huart_remote
 1652              		.cfi_endproc
 1653              	.LFE73:
 1655              		.global	__aeabi_fmul
 1656              		.global	__aeabi_f2iz
 1657              		.global	__aeabi_fadd
 1658              		.section	.rodata.RemoteControl_SendTelemetry.str1.4,"aMS",%progbits,1
 1659              		.align	2
 1660              	.LC17:
 1661 0000 54656D70 		.ascii	"Temp:%d.%d C\000"
 1661      3A25642E 
 1661      25642043 
 1661      00
 1662 000d 000000   		.align	2
 1663              	.LC18:
 1664 0010 48756D69 		.ascii	"Humi:%d %%\000"
 1664      3A256420 
 1664      252500
 1665 001b 00       		.align	2
 1666              	.LC19:
 1667 001c 44485420 		.ascii	"DHT Err:%u\000"
 1667      4572723A 
 1667      257500
 1668 0027 00       		.align	2
 1669              	.LC20:
 1670 0028 48756D69 		.ascii	"Humi:-- %%\000"
 1670      3A2D2D20 
 1670      252500
 1671 0033 00       		.align	2
 1672              	.LC21:
 1673 0034 4F4C4544 		.ascii	"OLED %s|%s|Weight:%d g|Raw:%ld\012\000"
 1673      2025737C 
 1673      25737C57 
 1673      65696768 
 1673      743A2564 
 1674              		.section	.text.RemoteControl_SendTelemetry,"ax",%progbits
 1675              		.align	1
 1676              		.syntax unified
 1677              		.thumb
 1678              		.thumb_func
 1680              	RemoteControl_SendTelemetry:
 1681              	.LFB74:
 138:Core/Src/balance_car/remote_control.c ****     char line[96];
 1682              		.loc 1 138 1 is_stmt 1 view -0
 1683              		.cfi_startproc
 1684              		@ args = 0, pretend = 0, frame = 136
 1685              		@ frame_needed = 0, uses_anonymous_args = 0
 1686 0000 F0B5     		push	{r4, r5, r6, r7, lr}
 1687              	.LCFI23:
 1688              		.cfi_def_cfa_offset 20
 1689              		.cfi_offset 4, -20
 1690              		.cfi_offset 5, -16
 1691              		.cfi_offset 6, -12
 1692              		.cfi_offset 7, -8
 1693              		.cfi_offset 14, -4
ARM GAS  D:\TMP\ccuVazxM.s 			page 46


 1694 0002 A7B0     		sub	sp, sp, #156
 1695              	.LCFI24:
 1696              		.cfi_def_cfa_offset 176
 139:Core/Src/balance_car/remote_control.c ****     char temp_text[20];
 1697              		.loc 1 139 5 view .LVU473
 140:Core/Src/balance_car/remote_control.c ****     char humi_text[20];
 1698              		.loc 1 140 5 view .LVU474
 141:Core/Src/balance_car/remote_control.c ****     int temp10 = (int)(g_sensor_state.temperature_c * 10.0f);
 1699              		.loc 1 141 5 view .LVU475
 142:Core/Src/balance_car/remote_control.c ****     int humi = (int)(g_sensor_state.humidity_percent + 0.5f);
 1700              		.loc 1 142 5 view .LVU476
 142:Core/Src/balance_car/remote_control.c ****     int humi = (int)(g_sensor_state.humidity_percent + 0.5f);
 1701              		.loc 1 142 38 is_stmt 0 view .LVU477
 1702 0004 314F     		ldr	r7, .L140
 1703 0006 3868     		ldr	r0, [r7]	@ float
 142:Core/Src/balance_car/remote_control.c ****     int humi = (int)(g_sensor_state.humidity_percent + 0.5f);
 1704              		.loc 1 142 53 view .LVU478
 1705 0008 3149     		ldr	r1, .L140+4
 1706 000a FFF7FEFF 		bl	__aeabi_fmul
 1707              	.LVL134:
 142:Core/Src/balance_car/remote_control.c ****     int humi = (int)(g_sensor_state.humidity_percent + 0.5f);
 1708              		.loc 1 142 9 view .LVU479
 1709 000e FFF7FEFF 		bl	__aeabi_f2iz
 1710              	.LVL135:
 1711 0012 0446     		mov	r4, r0
 1712              	.LVL136:
 143:Core/Src/balance_car/remote_control.c ****     int weight = (int)(g_sensor_state.weight_g + 0.5f);
 1713              		.loc 1 143 5 is_stmt 1 view .LVU480
 143:Core/Src/balance_car/remote_control.c ****     int weight = (int)(g_sensor_state.weight_g + 0.5f);
 1714              		.loc 1 143 36 is_stmt 0 view .LVU481
 1715 0014 7868     		ldr	r0, [r7, #4]	@ float
 1716              	.LVL137:
 143:Core/Src/balance_car/remote_control.c ****     int weight = (int)(g_sensor_state.weight_g + 0.5f);
 1717              		.loc 1 143 54 view .LVU482
 1718 0016 4FF07C51 		mov	r1, #1056964608
 1719 001a FFF7FEFF 		bl	__aeabi_fadd
 1720              	.LVL138:
 143:Core/Src/balance_car/remote_control.c ****     int weight = (int)(g_sensor_state.weight_g + 0.5f);
 1721              		.loc 1 143 9 view .LVU483
 1722 001e FFF7FEFF 		bl	__aeabi_f2iz
 1723              	.LVL139:
 1724 0022 0646     		mov	r6, r0
 1725              	.LVL140:
 144:Core/Src/balance_car/remote_control.c ****     int len;
 1726              		.loc 1 144 5 is_stmt 1 view .LVU484
 144:Core/Src/balance_car/remote_control.c ****     int len;
 1727              		.loc 1 144 38 is_stmt 0 view .LVU485
 1728 0024 B868     		ldr	r0, [r7, #8]	@ float
 1729              	.LVL141:
 144:Core/Src/balance_car/remote_control.c ****     int len;
 1730              		.loc 1 144 48 view .LVU486
 1731 0026 4FF07C51 		mov	r1, #1056964608
 1732 002a FFF7FEFF 		bl	__aeabi_fadd
 1733              	.LVL142:
 144:Core/Src/balance_car/remote_control.c ****     int len;
 1734              		.loc 1 144 9 view .LVU487
 1735 002e FFF7FEFF 		bl	__aeabi_f2iz
ARM GAS  D:\TMP\ccuVazxM.s 			page 47


 1736              	.LVL143:
 1737 0032 0546     		mov	r5, r0
 1738              	.LVL144:
 145:Core/Src/balance_car/remote_control.c **** 
 1739              		.loc 1 145 5 is_stmt 1 view .LVU488
 147:Core/Src/balance_car/remote_control.c ****         (void)snprintf(temp_text, sizeof(temp_text), "Temp:%d.%d C",
 1740              		.loc 1 147 5 view .LVU489
 147:Core/Src/balance_car/remote_control.c ****         (void)snprintf(temp_text, sizeof(temp_text), "Temp:%d.%d C",
 1741              		.loc 1 147 23 is_stmt 0 view .LVU490
 1742 0034 97F82030 		ldrb	r3, [r7, #32]	@ zero_extendqisi2
 147:Core/Src/balance_car/remote_control.c ****         (void)snprintf(temp_text, sizeof(temp_text), "Temp:%d.%d C",
 1743              		.loc 1 147 8 view .LVU491
 1744 0038 002B     		cmp	r3, #0
 1745 003a 38D0     		beq	.L130
 148:Core/Src/balance_car/remote_control.c ****                        temp10 / 10,
 1746              		.loc 1 148 9 is_stmt 1 view .LVU492
 148:Core/Src/balance_car/remote_control.c ****                        temp10 / 10,
 1747              		.loc 1 148 15 is_stmt 0 view .LVU493
 1748 003c 254A     		ldr	r2, .L140+8
 1749 003e 82FB0432 		smull	r3, r2, r2, r4
 1750 0042 E317     		asrs	r3, r4, #31
 1751 0044 C3EBA203 		rsb	r3, r3, r2, asr #2
 1752 0048 002C     		cmp	r4, #0
 1753 004a 2BDB     		blt	.L139
 148:Core/Src/balance_car/remote_control.c ****                        temp10 / 10,
 1754              		.loc 1 148 15 discriminator 2 view .LVU494
 1755 004c 2149     		ldr	r1, .L140+8
 1756 004e 81FB0421 		smull	r2, r1, r1, r4
 1757 0052 E217     		asrs	r2, r4, #31
 1758 0054 C2EBA102 		rsb	r2, r2, r1, asr #2
 1759 0058 02EB8202 		add	r2, r2, r2, lsl #2
 1760 005c A4EB4202 		sub	r2, r4, r2, lsl #1
 1761              	.L132:
 148:Core/Src/balance_car/remote_control.c ****                        temp10 / 10,
 1762              		.loc 1 148 15 discriminator 4 view .LVU495
 1763 0060 0092     		str	r2, [sp]
 1764 0062 1D4A     		ldr	r2, .L140+12
 1765 0064 1421     		movs	r1, #20
 1766 0066 09A8     		add	r0, sp, #36
 1767              	.LVL145:
 148:Core/Src/balance_car/remote_control.c ****                        temp10 / 10,
 1768              		.loc 1 148 15 discriminator 4 view .LVU496
 1769 0068 FFF7FEFF 		bl	snprintf
 1770              	.LVL146:
 151:Core/Src/balance_car/remote_control.c ****     } else {
 1771              		.loc 1 151 9 is_stmt 1 view .LVU497
 151:Core/Src/balance_car/remote_control.c ****     } else {
 1772              		.loc 1 151 15 is_stmt 0 view .LVU498
 1773 006c 3346     		mov	r3, r6
 1774 006e 1B4A     		ldr	r2, .L140+16
 1775 0070 1421     		movs	r1, #20
 1776 0072 04A8     		add	r0, sp, #16
 1777 0074 FFF7FEFF 		bl	snprintf
 1778              	.LVL147:
 1779              	.L133:
 157:Core/Src/balance_car/remote_control.c ****                    "OLED %s|%s|Weight:%d g|Raw:%ld\n",
 1780              		.loc 1 157 5 is_stmt 1 view .LVU499
ARM GAS  D:\TMP\ccuVazxM.s 			page 48


 162:Core/Src/balance_car/remote_control.c ****     if (len <= 0) {
 1781              		.loc 1 162 40 is_stmt 0 view .LVU500
 1782 0078 144B     		ldr	r3, .L140
 1783 007a DB68     		ldr	r3, [r3, #12]
 157:Core/Src/balance_car/remote_control.c ****                    "OLED %s|%s|Weight:%d g|Raw:%ld\n",
 1784              		.loc 1 157 11 view .LVU501
 1785 007c 0293     		str	r3, [sp, #8]
 1786 007e 0195     		str	r5, [sp, #4]
 1787 0080 04AB     		add	r3, sp, #16
 1788 0082 0093     		str	r3, [sp]
 1789 0084 09AB     		add	r3, sp, #36
 1790 0086 164A     		ldr	r2, .L140+20
 1791 0088 6021     		movs	r1, #96
 1792 008a 0EA8     		add	r0, sp, #56
 1793 008c FFF7FEFF 		bl	snprintf
 1794              	.LVL148:
 163:Core/Src/balance_car/remote_control.c ****         return;
 1795              		.loc 1 163 5 is_stmt 1 view .LVU502
 163:Core/Src/balance_car/remote_control.c ****         return;
 1796              		.loc 1 163 8 is_stmt 0 view .LVU503
 1797 0090 011E     		subs	r1, r0, #0
 1798 0092 05DD     		ble	.L129
 166:Core/Src/balance_car/remote_control.c ****         len = (int)sizeof(line) - 1;
 1799              		.loc 1 166 5 is_stmt 1 view .LVU504
 166:Core/Src/balance_car/remote_control.c ****         len = (int)sizeof(line) - 1;
 1800              		.loc 1 166 8 is_stmt 0 view .LVU505
 1801 0094 5F29     		cmp	r1, #95
 1802 0096 00DD     		ble	.L136
 167:Core/Src/balance_car/remote_control.c ****     }
 1803              		.loc 1 167 13 view .LVU506
 1804 0098 5F21     		movs	r1, #95
 1805              	.L136:
 1806              	.LVL149:
 170:Core/Src/balance_car/remote_control.c **** }
 1807              		.loc 1 170 5 is_stmt 1 view .LVU507
 1808 009a 0EA8     		add	r0, sp, #56
 1809 009c FFF7FEFF 		bl	RemoteControl_SendLine
 1810              	.LVL150:
 1811              	.L129:
 171:Core/Src/balance_car/remote_control.c **** 
 1812              		.loc 1 171 1 is_stmt 0 view .LVU508
 1813 00a0 27B0     		add	sp, sp, #156
 1814              	.LCFI25:
 1815              		.cfi_remember_state
 1816              		.cfi_def_cfa_offset 20
 1817              		@ sp needed
 1818 00a2 F0BD     		pop	{r4, r5, r6, r7, pc}
 1819              	.LVL151:
 1820              	.L139:
 1821              	.LCFI26:
 1822              		.cfi_restore_state
 150:Core/Src/balance_car/remote_control.c ****         (void)snprintf(humi_text, sizeof(humi_text), "Humi:%d %%", humi);
 1823              		.loc 1 150 46 view .LVU509
 1824 00a4 03EB8302 		add	r2, r3, r3, lsl #2
 148:Core/Src/balance_car/remote_control.c ****                        temp10 / 10,
 1825              		.loc 1 148 15 discriminator 1 view .LVU510
 1826 00a8 C4EB4202 		rsb	r2, r4, r2, lsl #1
ARM GAS  D:\TMP\ccuVazxM.s 			page 49


 1827 00ac D8E7     		b	.L132
 1828              	.L130:
 153:Core/Src/balance_car/remote_control.c ****         (void)snprintf(humi_text, sizeof(humi_text), "Humi:-- %%");
 1829              		.loc 1 153 9 is_stmt 1 view .LVU511
 153:Core/Src/balance_car/remote_control.c ****         (void)snprintf(humi_text, sizeof(humi_text), "Humi:-- %%");
 1830              		.loc 1 153 92 is_stmt 0 view .LVU512
 1831 00ae 074B     		ldr	r3, .L140
 1832 00b0 93F82630 		ldrb	r3, [r3, #38]	@ zero_extendqisi2
 153:Core/Src/balance_car/remote_control.c ****         (void)snprintf(humi_text, sizeof(humi_text), "Humi:-- %%");
 1833              		.loc 1 153 15 view .LVU513
 1834 00b4 0B4A     		ldr	r2, .L140+24
 1835 00b6 1421     		movs	r1, #20
 1836 00b8 09A8     		add	r0, sp, #36
 1837              	.LVL152:
 153:Core/Src/balance_car/remote_control.c ****         (void)snprintf(humi_text, sizeof(humi_text), "Humi:-- %%");
 1838              		.loc 1 153 15 view .LVU514
 1839 00ba FFF7FEFF 		bl	snprintf
 1840              	.LVL153:
 154:Core/Src/balance_car/remote_control.c ****     }
 1841              		.loc 1 154 9 is_stmt 1 view .LVU515
 154:Core/Src/balance_car/remote_control.c ****     }
 1842              		.loc 1 154 15 is_stmt 0 view .LVU516
 1843 00be 0A4A     		ldr	r2, .L140+28
 1844 00c0 1421     		movs	r1, #20
 1845 00c2 04A8     		add	r0, sp, #16
 1846 00c4 FFF7FEFF 		bl	snprintf
 1847              	.LVL154:
 1848 00c8 D6E7     		b	.L133
 1849              	.L141:
 1850 00ca 00BF     		.align	2
 1851              	.L140:
 1852 00cc 00000000 		.word	g_sensor_state
 1853 00d0 00002041 		.word	1092616192
 1854 00d4 67666666 		.word	1717986919
 1855 00d8 00000000 		.word	.LC17
 1856 00dc 10000000 		.word	.LC18
 1857 00e0 34000000 		.word	.LC21
 1858 00e4 1C000000 		.word	.LC19
 1859 00e8 28000000 		.word	.LC20
 1860              		.cfi_endproc
 1861              	.LFE74:
 1863              		.section	.rodata.RemoteControl_SendDebugTelemetry.str1.4,"aMS",%progbits,1
 1864              		.align	2
 1865              	.LC22:
 1866 0000 44424720 		.ascii	"DBG SPD %.3f %.3f ANG %.3f %.3f TURN %.3f %.3f\012\000"
 1866      53504420 
 1866      252E3366 
 1866      20252E33 
 1866      6620414E 
 1867              		.global	__aeabi_f2d
 1868              		.section	.text.RemoteControl_SendDebugTelemetry,"ax",%progbits
 1869              		.align	1
 1870              		.syntax unified
 1871              		.thumb
 1872              		.thumb_func
 1874              	RemoteControl_SendDebugTelemetry:
 1875              	.LFB75:
ARM GAS  D:\TMP\ccuVazxM.s 			page 50


 174:Core/Src/balance_car/remote_control.c ****     char line[96];
 1876              		.loc 1 174 1 is_stmt 1 view -0
 1877              		.cfi_startproc
 1878              		@ args = 0, pretend = 0, frame = 96
 1879              		@ frame_needed = 0, uses_anonymous_args = 0
 1880 0000 2DE9F041 		push	{r4, r5, r6, r7, r8, lr}
 1881              	.LCFI27:
 1882              		.cfi_def_cfa_offset 24
 1883              		.cfi_offset 4, -24
 1884              		.cfi_offset 5, -20
 1885              		.cfi_offset 6, -16
 1886              		.cfi_offset 7, -12
 1887              		.cfi_offset 8, -8
 1888              		.cfi_offset 14, -4
 1889 0004 A4B0     		sub	sp, sp, #144
 1890              	.LCFI28:
 1891              		.cfi_def_cfa_offset 168
 175:Core/Src/balance_car/remote_control.c ****     int len;
 1892              		.loc 1 175 5 view .LVU518
 176:Core/Src/balance_car/remote_control.c **** 
 1893              		.loc 1 176 5 view .LVU519
 178:Core/Src/balance_car/remote_control.c ****                    "DBG SPD %.3f %.3f ANG %.3f %.3f TURN %.3f %.3f\n",
 1894              		.loc 1 178 5 view .LVU520
 180:Core/Src/balance_car/remote_control.c ****                    g_speed_pid.Actual,
 1895              		.loc 1 180 31 is_stmt 0 view .LVU521
 1896 0006 1B4B     		ldr	r3, .L148
 1897 0008 1C68     		ldr	r4, [r3]	@ float
 181:Core/Src/balance_car/remote_control.c ****                    g_angle_pid.Target,
 1898              		.loc 1 181 31 view .LVU522
 1899 000a 5D68     		ldr	r5, [r3, #4]	@ float
 182:Core/Src/balance_car/remote_control.c ****                    g_angle_pid.Actual,
 1900              		.loc 1 182 31 view .LVU523
 1901 000c 1A4B     		ldr	r3, .L148+4
 1902 000e 1E68     		ldr	r6, [r3]	@ float
 183:Core/Src/balance_car/remote_control.c ****                    g_turn_pid.Target,
 1903              		.loc 1 183 31 view .LVU524
 1904 0010 5F68     		ldr	r7, [r3, #4]	@ float
 184:Core/Src/balance_car/remote_control.c ****                    g_turn_pid.Actual);
 1905              		.loc 1 184 30 view .LVU525
 1906 0012 1A4B     		ldr	r3, .L148+8
 1907 0014 D3F80080 		ldr	r8, [r3]	@ float
 178:Core/Src/balance_car/remote_control.c ****                    "DBG SPD %.3f %.3f ANG %.3f %.3f TURN %.3f %.3f\n",
 1908              		.loc 1 178 11 view .LVU526
 1909 0018 5868     		ldr	r0, [r3, #4]	@ float
 1910 001a FFF7FEFF 		bl	__aeabi_f2d
 1911              	.LVL155:
 1912 001e CDE90A01 		strd	r0, [sp, #40]
 1913 0022 4046     		mov	r0, r8
 1914 0024 FFF7FEFF 		bl	__aeabi_f2d
 1915              	.LVL156:
 1916 0028 CDE90801 		strd	r0, [sp, #32]
 1917 002c 3846     		mov	r0, r7
 1918 002e FFF7FEFF 		bl	__aeabi_f2d
 1919              	.LVL157:
 1920 0032 CDE90601 		strd	r0, [sp, #24]
 1921 0036 3046     		mov	r0, r6
 1922 0038 FFF7FEFF 		bl	__aeabi_f2d
ARM GAS  D:\TMP\ccuVazxM.s 			page 51


 1923              	.LVL158:
 1924 003c CDE90401 		strd	r0, [sp, #16]
 1925 0040 2846     		mov	r0, r5
 1926 0042 FFF7FEFF 		bl	__aeabi_f2d
 1927              	.LVL159:
 1928 0046 CDE90201 		strd	r0, [sp, #8]
 1929 004a 2046     		mov	r0, r4
 1930 004c FFF7FEFF 		bl	__aeabi_f2d
 1931              	.LVL160:
 1932 0050 CDE90001 		strd	r0, [sp]
 1933 0054 0A4A     		ldr	r2, .L148+12
 1934 0056 6021     		movs	r1, #96
 1935 0058 0CA8     		add	r0, sp, #48
 1936 005a FFF7FEFF 		bl	snprintf
 1937              	.LVL161:
 186:Core/Src/balance_car/remote_control.c ****         return;
 1938              		.loc 1 186 5 is_stmt 1 view .LVU527
 186:Core/Src/balance_car/remote_control.c ****         return;
 1939              		.loc 1 186 8 is_stmt 0 view .LVU528
 1940 005e 011E     		subs	r1, r0, #0
 1941 0060 05DD     		ble	.L142
 189:Core/Src/balance_car/remote_control.c ****         len = (int)sizeof(line) - 1;
 1942              		.loc 1 189 5 is_stmt 1 view .LVU529
 189:Core/Src/balance_car/remote_control.c ****         len = (int)sizeof(line) - 1;
 1943              		.loc 1 189 8 is_stmt 0 view .LVU530
 1944 0062 5F29     		cmp	r1, #95
 1945 0064 00DD     		ble	.L145
 190:Core/Src/balance_car/remote_control.c ****     }
 1946              		.loc 1 190 13 view .LVU531
 1947 0066 5F21     		movs	r1, #95
 1948              	.L145:
 1949              	.LVL162:
 192:Core/Src/balance_car/remote_control.c **** }
 1950              		.loc 1 192 5 is_stmt 1 view .LVU532
 192:Core/Src/balance_car/remote_control.c **** }
 1951              		.loc 1 192 11 is_stmt 0 view .LVU533
 1952 0068 0CA8     		add	r0, sp, #48
 1953 006a FFF7FEFF 		bl	RemoteControl_SendLine
 1954              	.LVL163:
 1955              	.L142:
 193:Core/Src/balance_car/remote_control.c **** 
 1956              		.loc 1 193 1 view .LVU534
 1957 006e 24B0     		add	sp, sp, #144
 1958              	.LCFI29:
 1959              		.cfi_def_cfa_offset 24
 1960              		@ sp needed
 1961 0070 BDE8F081 		pop	{r4, r5, r6, r7, r8, pc}
 1962              	.L149:
 1963              		.align	2
 1964              	.L148:
 1965 0074 00000000 		.word	g_speed_pid
 1966 0078 00000000 		.word	g_angle_pid
 1967 007c 00000000 		.word	g_turn_pid
 1968 0080 00000000 		.word	.LC22
 1969              		.cfi_endproc
 1970              	.LFE75:
 1972              		.section	.text.RemoteControl_Init,"ax",%progbits
ARM GAS  D:\TMP\ccuVazxM.s 			page 52


 1973              		.align	1
 1974              		.global	RemoteControl_Init
 1975              		.syntax unified
 1976              		.thumb
 1977              		.thumb_func
 1979              	RemoteControl_Init:
 1980              	.LFB72:
 104:Core/Src/balance_car/remote_control.c ****     HAL_StatusTypeDef status;
 1981              		.loc 1 104 1 is_stmt 1 view -0
 1982              		.cfi_startproc
 1983              		@ args = 0, pretend = 0, frame = 0
 1984              		@ frame_needed = 0, uses_anonymous_args = 0
 1985 0000 10B5     		push	{r4, lr}
 1986              	.LCFI30:
 1987              		.cfi_def_cfa_offset 8
 1988              		.cfi_offset 4, -8
 1989              		.cfi_offset 14, -4
 105:Core/Src/balance_car/remote_control.c **** 
 1990              		.loc 1 105 5 view .LVU536
 107:Core/Src/balance_car/remote_control.c ****     s_rx_index = 0U;
 1991              		.loc 1 107 5 view .LVU537
 1992 0002 4422     		movs	r2, #68
 1993 0004 0021     		movs	r1, #0
 1994 0006 0F48     		ldr	r0, .L154
 1995 0008 FFF7FEFF 		bl	memset
 1996              	.LVL164:
 108:Core/Src/balance_car/remote_control.c ****     s_line_ready = 0U;
 1997              		.loc 1 108 5 view .LVU538
 108:Core/Src/balance_car/remote_control.c ****     s_line_ready = 0U;
 1998              		.loc 1 108 16 is_stmt 0 view .LVU539
 1999 000c 0023     		movs	r3, #0
 2000 000e 0E4A     		ldr	r2, .L154+4
 2001 0010 1370     		strb	r3, [r2]
 109:Core/Src/balance_car/remote_control.c ****     s_tx_busy = 0U;
 2002              		.loc 1 109 5 is_stmt 1 view .LVU540
 109:Core/Src/balance_car/remote_control.c ****     s_tx_busy = 0U;
 2003              		.loc 1 109 18 is_stmt 0 view .LVU541
 2004 0012 0E4A     		ldr	r2, .L154+8
 2005 0014 1370     		strb	r3, [r2]
 110:Core/Src/balance_car/remote_control.c ****     s_next_telemetry_ms = HAL_GetTick() + REMOTE_TELEMETRY_PERIOD_MS;
 2006              		.loc 1 110 5 is_stmt 1 view .LVU542
 110:Core/Src/balance_car/remote_control.c ****     s_next_telemetry_ms = HAL_GetTick() + REMOTE_TELEMETRY_PERIOD_MS;
 2007              		.loc 1 110 15 is_stmt 0 view .LVU543
 2008 0016 0E4A     		ldr	r2, .L154+12
 2009 0018 1370     		strb	r3, [r2]
 111:Core/Src/balance_car/remote_control.c ****     s_next_debug_ms = HAL_GetTick() + REMOTE_DEBUG_PERIOD_MS;
 2010              		.loc 1 111 5 is_stmt 1 view .LVU544
 111:Core/Src/balance_car/remote_control.c ****     s_next_debug_ms = HAL_GetTick() + REMOTE_DEBUG_PERIOD_MS;
 2011              		.loc 1 111 27 is_stmt 0 view .LVU545
 2012 001a FFF7FEFF 		bl	HAL_GetTick
 2013              	.LVL165:
 111:Core/Src/balance_car/remote_control.c ****     s_next_debug_ms = HAL_GetTick() + REMOTE_DEBUG_PERIOD_MS;
 2014              		.loc 1 111 41 discriminator 1 view .LVU546
 2015 001e 00F5FA70 		add	r0, r0, #500
 111:Core/Src/balance_car/remote_control.c ****     s_next_debug_ms = HAL_GetTick() + REMOTE_DEBUG_PERIOD_MS;
 2016              		.loc 1 111 25 discriminator 1 view .LVU547
 2017 0022 0C4B     		ldr	r3, .L154+16
ARM GAS  D:\TMP\ccuVazxM.s 			page 53


 2018 0024 1860     		str	r0, [r3]
 112:Core/Src/balance_car/remote_control.c ****     status = RemoteControl_UartInit();
 2019              		.loc 1 112 5 is_stmt 1 view .LVU548
 112:Core/Src/balance_car/remote_control.c ****     status = RemoteControl_UartInit();
 2020              		.loc 1 112 23 is_stmt 0 view .LVU549
 2021 0026 FFF7FEFF 		bl	HAL_GetTick
 2022              	.LVL166:
 112:Core/Src/balance_car/remote_control.c ****     status = RemoteControl_UartInit();
 2023              		.loc 1 112 37 discriminator 1 view .LVU550
 2024 002a 6430     		adds	r0, r0, #100
 112:Core/Src/balance_car/remote_control.c ****     status = RemoteControl_UartInit();
 2025              		.loc 1 112 21 discriminator 1 view .LVU551
 2026 002c 0A4B     		ldr	r3, .L154+20
 2027 002e 1860     		str	r0, [r3]
 113:Core/Src/balance_car/remote_control.c ****     if (status == HAL_OK) {
 2028              		.loc 1 113 5 is_stmt 1 view .LVU552
 113:Core/Src/balance_car/remote_control.c ****     if (status == HAL_OK) {
 2029              		.loc 1 113 14 is_stmt 0 view .LVU553
 2030 0030 FFF7FEFF 		bl	RemoteControl_UartInit
 2031              	.LVL167:
 114:Core/Src/balance_car/remote_control.c ****         RemoteControl_StartReceive();
 2032              		.loc 1 114 5 is_stmt 1 view .LVU554
 114:Core/Src/balance_car/remote_control.c ****         RemoteControl_StartReceive();
 2033              		.loc 1 114 8 is_stmt 0 view .LVU555
 2034 0034 0446     		mov	r4, r0
 2035 0036 08B1     		cbz	r0, .L153
 2036              	.LVL168:
 2037              	.L151:
 117:Core/Src/balance_car/remote_control.c **** }
 2038              		.loc 1 117 5 is_stmt 1 view .LVU556
 118:Core/Src/balance_car/remote_control.c **** 
 2039              		.loc 1 118 1 is_stmt 0 view .LVU557
 2040 0038 2046     		mov	r0, r4
 2041 003a 10BD     		pop	{r4, pc}
 2042              	.LVL169:
 2043              	.L153:
 115:Core/Src/balance_car/remote_control.c ****     }
 2044              		.loc 1 115 9 is_stmt 1 view .LVU558
 2045 003c FFF7FEFF 		bl	RemoteControl_StartReceive
 2046              	.LVL170:
 115:Core/Src/balance_car/remote_control.c ****     }
 2047              		.loc 1 115 9 is_stmt 0 view .LVU559
 2048 0040 FAE7     		b	.L151
 2049              	.L155:
 2050 0042 00BF     		.align	2
 2051              	.L154:
 2052 0044 00000000 		.word	g_remote_state
 2053 0048 00000000 		.word	s_rx_index
 2054 004c 00000000 		.word	s_line_ready
 2055 0050 00000000 		.word	s_tx_busy
 2056 0054 00000000 		.word	s_next_telemetry_ms
 2057 0058 00000000 		.word	s_next_debug_ms
 2058              		.cfi_endproc
 2059              	.LFE72:
 2061              		.section	.text.RemoteControl_Background,"ax",%progbits
 2062              		.align	1
 2063              		.global	RemoteControl_Background
ARM GAS  D:\TMP\ccuVazxM.s 			page 54


 2064              		.syntax unified
 2065              		.thumb
 2066              		.thumb_func
 2068              	RemoteControl_Background:
 2069              	.LFB83:
 437:Core/Src/balance_car/remote_control.c **** 
 438:Core/Src/balance_car/remote_control.c **** void RemoteControl_Background(void)
 439:Core/Src/balance_car/remote_control.c **** {
 2070              		.loc 1 439 1 is_stmt 1 view -0
 2071              		.cfi_startproc
 2072              		@ args = 0, pretend = 0, frame = 0
 2073              		@ frame_needed = 0, uses_anonymous_args = 0
 2074 0000 10B5     		push	{r4, lr}
 2075              	.LCFI31:
 2076              		.cfi_def_cfa_offset 8
 2077              		.cfi_offset 4, -8
 2078              		.cfi_offset 14, -4
 440:Core/Src/balance_car/remote_control.c ****     uint32_t now;
 2079              		.loc 1 440 5 view .LVU561
 441:Core/Src/balance_car/remote_control.c **** 
 442:Core/Src/balance_car/remote_control.c ****     if (s_line_ready != 0U) {
 2080              		.loc 1 442 5 view .LVU562
 2081              		.loc 1 442 22 is_stmt 0 view .LVU563
 2082 0002 194B     		ldr	r3, .L164
 2083 0004 1B78     		ldrb	r3, [r3]	@ zero_extendqisi2
 2084              		.loc 1 442 8 view .LVU564
 2085 0006 7BB9     		cbnz	r3, .L161
 2086              	.L157:
 443:Core/Src/balance_car/remote_control.c ****         __disable_irq();
 444:Core/Src/balance_car/remote_control.c ****         strncpy(s_parse_line, s_rx_line, sizeof(s_parse_line) - 1U);
 445:Core/Src/balance_car/remote_control.c ****         s_parse_line[sizeof(s_parse_line) - 1U] = '\0';
 446:Core/Src/balance_car/remote_control.c ****         s_line_ready = 0U;
 447:Core/Src/balance_car/remote_control.c ****         g_remote_state.command_ready = 0U;
 448:Core/Src/balance_car/remote_control.c ****         __enable_irq();
 449:Core/Src/balance_car/remote_control.c **** 
 450:Core/Src/balance_car/remote_control.c ****         RemoteControl_ProcessLine(s_parse_line);
 451:Core/Src/balance_car/remote_control.c ****     }
 452:Core/Src/balance_car/remote_control.c **** 
 453:Core/Src/balance_car/remote_control.c ****     RemoteControl_CheckTimeout();
 2087              		.loc 1 453 5 is_stmt 1 view .LVU565
 2088 0008 FFF7FEFF 		bl	RemoteControl_CheckTimeout
 2089              	.LVL171:
 454:Core/Src/balance_car/remote_control.c **** 
 455:Core/Src/balance_car/remote_control.c ****     now = HAL_GetTick();
 2090              		.loc 1 455 5 view .LVU566
 2091              		.loc 1 455 11 is_stmt 0 view .LVU567
 2092 000c FFF7FEFF 		bl	HAL_GetTick
 2093              	.LVL172:
 2094 0010 0446     		mov	r4, r0
 2095              	.LVL173:
 456:Core/Src/balance_car/remote_control.c ****     if ((int32_t)(now - s_next_telemetry_ms) >= 0) {
 2096              		.loc 1 456 5 is_stmt 1 view .LVU568
 2097              		.loc 1 456 23 is_stmt 0 view .LVU569
 2098 0012 164B     		ldr	r3, .L164+4
 2099 0014 1B68     		ldr	r3, [r3]
 2100 0016 C31A     		subs	r3, r0, r3
 2101              		.loc 1 456 8 view .LVU570
ARM GAS  D:\TMP\ccuVazxM.s 			page 55


 2102 0018 002B     		cmp	r3, #0
 2103 001a 17DA     		bge	.L162
 2104              	.LVL174:
 2105              	.L158:
 457:Core/Src/balance_car/remote_control.c ****         s_next_telemetry_ms = now + REMOTE_TELEMETRY_PERIOD_MS;
 458:Core/Src/balance_car/remote_control.c ****         RemoteControl_SendTelemetry();
 459:Core/Src/balance_car/remote_control.c ****     }
 460:Core/Src/balance_car/remote_control.c ****     if ((int32_t)(now - s_next_debug_ms) >= 0) {
 2106              		.loc 1 460 5 is_stmt 1 view .LVU571
 2107              		.loc 1 460 23 is_stmt 0 view .LVU572
 2108 001c 144B     		ldr	r3, .L164+8
 2109 001e 1B68     		ldr	r3, [r3]
 2110 0020 E31A     		subs	r3, r4, r3
 2111              		.loc 1 460 8 view .LVU573
 2112 0022 002B     		cmp	r3, #0
 2113 0024 19DA     		bge	.L163
 2114              	.LVL175:
 2115              	.L156:
 461:Core/Src/balance_car/remote_control.c ****         s_next_debug_ms = now + REMOTE_DEBUG_PERIOD_MS;
 462:Core/Src/balance_car/remote_control.c ****         RemoteControl_SendDebugTelemetry();
 463:Core/Src/balance_car/remote_control.c ****     }
 464:Core/Src/balance_car/remote_control.c **** }
 2116              		.loc 1 464 1 view .LVU574
 2117 0026 10BD     		pop	{r4, pc}
 2118              	.LVL176:
 2119              	.L161:
 443:Core/Src/balance_car/remote_control.c ****         strncpy(s_parse_line, s_rx_line, sizeof(s_parse_line) - 1U);
 2120              		.loc 1 443 9 is_stmt 1 view .LVU575
 2121              	.LBB16:
 2122              	.LBI16:
 2123              		.file 2 "Drivers/CMSIS/Include/cmsis_gcc.h"
   1:Drivers/CMSIS/Include/cmsis_gcc.h **** /**************************************************************************//**
   2:Drivers/CMSIS/Include/cmsis_gcc.h ****  * @file     cmsis_gcc.h
   3:Drivers/CMSIS/Include/cmsis_gcc.h ****  * @brief    CMSIS compiler GCC header file
   4:Drivers/CMSIS/Include/cmsis_gcc.h ****  * @version  V5.0.4
   5:Drivers/CMSIS/Include/cmsis_gcc.h ****  * @date     09. April 2018
   6:Drivers/CMSIS/Include/cmsis_gcc.h ****  ******************************************************************************/
   7:Drivers/CMSIS/Include/cmsis_gcc.h **** /*
   8:Drivers/CMSIS/Include/cmsis_gcc.h ****  * Copyright (c) 2009-2018 Arm Limited. All rights reserved.
   9:Drivers/CMSIS/Include/cmsis_gcc.h ****  *
  10:Drivers/CMSIS/Include/cmsis_gcc.h ****  * SPDX-License-Identifier: Apache-2.0
  11:Drivers/CMSIS/Include/cmsis_gcc.h ****  *
  12:Drivers/CMSIS/Include/cmsis_gcc.h ****  * Licensed under the Apache License, Version 2.0 (the License); you may
  13:Drivers/CMSIS/Include/cmsis_gcc.h ****  * not use this file except in compliance with the License.
  14:Drivers/CMSIS/Include/cmsis_gcc.h ****  * You may obtain a copy of the License at
  15:Drivers/CMSIS/Include/cmsis_gcc.h ****  *
  16:Drivers/CMSIS/Include/cmsis_gcc.h ****  * www.apache.org/licenses/LICENSE-2.0
  17:Drivers/CMSIS/Include/cmsis_gcc.h ****  *
  18:Drivers/CMSIS/Include/cmsis_gcc.h ****  * Unless required by applicable law or agreed to in writing, software
  19:Drivers/CMSIS/Include/cmsis_gcc.h ****  * distributed under the License is distributed on an AS IS BASIS, WITHOUT
  20:Drivers/CMSIS/Include/cmsis_gcc.h ****  * WARRANTIES OR CONDITIONS OF ANY KIND, either express or implied.
  21:Drivers/CMSIS/Include/cmsis_gcc.h ****  * See the License for the specific language governing permissions and
  22:Drivers/CMSIS/Include/cmsis_gcc.h ****  * limitations under the License.
  23:Drivers/CMSIS/Include/cmsis_gcc.h ****  */
  24:Drivers/CMSIS/Include/cmsis_gcc.h **** 
  25:Drivers/CMSIS/Include/cmsis_gcc.h **** #ifndef __CMSIS_GCC_H
  26:Drivers/CMSIS/Include/cmsis_gcc.h **** #define __CMSIS_GCC_H
ARM GAS  D:\TMP\ccuVazxM.s 			page 56


  27:Drivers/CMSIS/Include/cmsis_gcc.h **** 
  28:Drivers/CMSIS/Include/cmsis_gcc.h **** /* ignore some GCC warnings */
  29:Drivers/CMSIS/Include/cmsis_gcc.h **** #pragma GCC diagnostic push
  30:Drivers/CMSIS/Include/cmsis_gcc.h **** #pragma GCC diagnostic ignored "-Wsign-conversion"
  31:Drivers/CMSIS/Include/cmsis_gcc.h **** #pragma GCC diagnostic ignored "-Wconversion"
  32:Drivers/CMSIS/Include/cmsis_gcc.h **** #pragma GCC diagnostic ignored "-Wunused-parameter"
  33:Drivers/CMSIS/Include/cmsis_gcc.h **** 
  34:Drivers/CMSIS/Include/cmsis_gcc.h **** /* Fallback for __has_builtin */
  35:Drivers/CMSIS/Include/cmsis_gcc.h **** #ifndef __has_builtin
  36:Drivers/CMSIS/Include/cmsis_gcc.h ****   #define __has_builtin(x) (0)
  37:Drivers/CMSIS/Include/cmsis_gcc.h **** #endif
  38:Drivers/CMSIS/Include/cmsis_gcc.h **** 
  39:Drivers/CMSIS/Include/cmsis_gcc.h **** /* CMSIS compiler specific defines */
  40:Drivers/CMSIS/Include/cmsis_gcc.h **** #ifndef   __ASM
  41:Drivers/CMSIS/Include/cmsis_gcc.h ****   #define __ASM                                  __asm
  42:Drivers/CMSIS/Include/cmsis_gcc.h **** #endif
  43:Drivers/CMSIS/Include/cmsis_gcc.h **** #ifndef   __INLINE
  44:Drivers/CMSIS/Include/cmsis_gcc.h ****   #define __INLINE                               inline
  45:Drivers/CMSIS/Include/cmsis_gcc.h **** #endif
  46:Drivers/CMSIS/Include/cmsis_gcc.h **** #ifndef   __STATIC_INLINE
  47:Drivers/CMSIS/Include/cmsis_gcc.h ****   #define __STATIC_INLINE                        static inline
  48:Drivers/CMSIS/Include/cmsis_gcc.h **** #endif
  49:Drivers/CMSIS/Include/cmsis_gcc.h **** #ifndef   __STATIC_FORCEINLINE                 
  50:Drivers/CMSIS/Include/cmsis_gcc.h ****   #define __STATIC_FORCEINLINE                   __attribute__((always_inline)) static inline
  51:Drivers/CMSIS/Include/cmsis_gcc.h **** #endif                                           
  52:Drivers/CMSIS/Include/cmsis_gcc.h **** #ifndef   __NO_RETURN
  53:Drivers/CMSIS/Include/cmsis_gcc.h ****   #define __NO_RETURN                            __attribute__((__noreturn__))
  54:Drivers/CMSIS/Include/cmsis_gcc.h **** #endif
  55:Drivers/CMSIS/Include/cmsis_gcc.h **** #ifndef   __USED
  56:Drivers/CMSIS/Include/cmsis_gcc.h ****   #define __USED                                 __attribute__((used))
  57:Drivers/CMSIS/Include/cmsis_gcc.h **** #endif
  58:Drivers/CMSIS/Include/cmsis_gcc.h **** #ifndef   __WEAK
  59:Drivers/CMSIS/Include/cmsis_gcc.h ****   #define __WEAK                                 __attribute__((weak))
  60:Drivers/CMSIS/Include/cmsis_gcc.h **** #endif
  61:Drivers/CMSIS/Include/cmsis_gcc.h **** #ifndef   __PACKED
  62:Drivers/CMSIS/Include/cmsis_gcc.h ****   #define __PACKED                               __attribute__((packed, aligned(1)))
  63:Drivers/CMSIS/Include/cmsis_gcc.h **** #endif
  64:Drivers/CMSIS/Include/cmsis_gcc.h **** #ifndef   __PACKED_STRUCT
  65:Drivers/CMSIS/Include/cmsis_gcc.h ****   #define __PACKED_STRUCT                        struct __attribute__((packed, aligned(1)))
  66:Drivers/CMSIS/Include/cmsis_gcc.h **** #endif
  67:Drivers/CMSIS/Include/cmsis_gcc.h **** #ifndef   __PACKED_UNION
  68:Drivers/CMSIS/Include/cmsis_gcc.h ****   #define __PACKED_UNION                         union __attribute__((packed, aligned(1)))
  69:Drivers/CMSIS/Include/cmsis_gcc.h **** #endif
  70:Drivers/CMSIS/Include/cmsis_gcc.h **** #ifndef   __UNALIGNED_UINT32        /* deprecated */
  71:Drivers/CMSIS/Include/cmsis_gcc.h ****   #pragma GCC diagnostic push
  72:Drivers/CMSIS/Include/cmsis_gcc.h ****   #pragma GCC diagnostic ignored "-Wpacked"
  73:Drivers/CMSIS/Include/cmsis_gcc.h ****   #pragma GCC diagnostic ignored "-Wattributes"
  74:Drivers/CMSIS/Include/cmsis_gcc.h ****   struct __attribute__((packed)) T_UINT32 { uint32_t v; };
  75:Drivers/CMSIS/Include/cmsis_gcc.h ****   #pragma GCC diagnostic pop
  76:Drivers/CMSIS/Include/cmsis_gcc.h ****   #define __UNALIGNED_UINT32(x)                  (((struct T_UINT32 *)(x))->v)
  77:Drivers/CMSIS/Include/cmsis_gcc.h **** #endif
  78:Drivers/CMSIS/Include/cmsis_gcc.h **** #ifndef   __UNALIGNED_UINT16_WRITE
  79:Drivers/CMSIS/Include/cmsis_gcc.h ****   #pragma GCC diagnostic push
  80:Drivers/CMSIS/Include/cmsis_gcc.h ****   #pragma GCC diagnostic ignored "-Wpacked"
  81:Drivers/CMSIS/Include/cmsis_gcc.h ****   #pragma GCC diagnostic ignored "-Wattributes"
  82:Drivers/CMSIS/Include/cmsis_gcc.h ****   __PACKED_STRUCT T_UINT16_WRITE { uint16_t v; };
  83:Drivers/CMSIS/Include/cmsis_gcc.h ****   #pragma GCC diagnostic pop
ARM GAS  D:\TMP\ccuVazxM.s 			page 57


  84:Drivers/CMSIS/Include/cmsis_gcc.h ****   #define __UNALIGNED_UINT16_WRITE(addr, val)    (void)((((struct T_UINT16_WRITE *)(void *)(addr))-
  85:Drivers/CMSIS/Include/cmsis_gcc.h **** #endif
  86:Drivers/CMSIS/Include/cmsis_gcc.h **** #ifndef   __UNALIGNED_UINT16_READ
  87:Drivers/CMSIS/Include/cmsis_gcc.h ****   #pragma GCC diagnostic push
  88:Drivers/CMSIS/Include/cmsis_gcc.h ****   #pragma GCC diagnostic ignored "-Wpacked"
  89:Drivers/CMSIS/Include/cmsis_gcc.h ****   #pragma GCC diagnostic ignored "-Wattributes"
  90:Drivers/CMSIS/Include/cmsis_gcc.h ****   __PACKED_STRUCT T_UINT16_READ { uint16_t v; };
  91:Drivers/CMSIS/Include/cmsis_gcc.h ****   #pragma GCC diagnostic pop
  92:Drivers/CMSIS/Include/cmsis_gcc.h ****   #define __UNALIGNED_UINT16_READ(addr)          (((const struct T_UINT16_READ *)(const void *)(add
  93:Drivers/CMSIS/Include/cmsis_gcc.h **** #endif
  94:Drivers/CMSIS/Include/cmsis_gcc.h **** #ifndef   __UNALIGNED_UINT32_WRITE
  95:Drivers/CMSIS/Include/cmsis_gcc.h ****   #pragma GCC diagnostic push
  96:Drivers/CMSIS/Include/cmsis_gcc.h ****   #pragma GCC diagnostic ignored "-Wpacked"
  97:Drivers/CMSIS/Include/cmsis_gcc.h ****   #pragma GCC diagnostic ignored "-Wattributes"
  98:Drivers/CMSIS/Include/cmsis_gcc.h ****   __PACKED_STRUCT T_UINT32_WRITE { uint32_t v; };
  99:Drivers/CMSIS/Include/cmsis_gcc.h ****   #pragma GCC diagnostic pop
 100:Drivers/CMSIS/Include/cmsis_gcc.h ****   #define __UNALIGNED_UINT32_WRITE(addr, val)    (void)((((struct T_UINT32_WRITE *)(void *)(addr))-
 101:Drivers/CMSIS/Include/cmsis_gcc.h **** #endif
 102:Drivers/CMSIS/Include/cmsis_gcc.h **** #ifndef   __UNALIGNED_UINT32_READ
 103:Drivers/CMSIS/Include/cmsis_gcc.h ****   #pragma GCC diagnostic push
 104:Drivers/CMSIS/Include/cmsis_gcc.h ****   #pragma GCC diagnostic ignored "-Wpacked"
 105:Drivers/CMSIS/Include/cmsis_gcc.h ****   #pragma GCC diagnostic ignored "-Wattributes"
 106:Drivers/CMSIS/Include/cmsis_gcc.h ****   __PACKED_STRUCT T_UINT32_READ { uint32_t v; };
 107:Drivers/CMSIS/Include/cmsis_gcc.h ****   #pragma GCC diagnostic pop
 108:Drivers/CMSIS/Include/cmsis_gcc.h ****   #define __UNALIGNED_UINT32_READ(addr)          (((const struct T_UINT32_READ *)(const void *)(add
 109:Drivers/CMSIS/Include/cmsis_gcc.h **** #endif
 110:Drivers/CMSIS/Include/cmsis_gcc.h **** #ifndef   __ALIGNED
 111:Drivers/CMSIS/Include/cmsis_gcc.h ****   #define __ALIGNED(x)                           __attribute__((aligned(x)))
 112:Drivers/CMSIS/Include/cmsis_gcc.h **** #endif
 113:Drivers/CMSIS/Include/cmsis_gcc.h **** #ifndef   __RESTRICT
 114:Drivers/CMSIS/Include/cmsis_gcc.h ****   #define __RESTRICT                             __restrict
 115:Drivers/CMSIS/Include/cmsis_gcc.h **** #endif
 116:Drivers/CMSIS/Include/cmsis_gcc.h **** 
 117:Drivers/CMSIS/Include/cmsis_gcc.h **** 
 118:Drivers/CMSIS/Include/cmsis_gcc.h **** /* ###########################  Core Function Access  ########################### */
 119:Drivers/CMSIS/Include/cmsis_gcc.h **** /** \ingroup  CMSIS_Core_FunctionInterface
 120:Drivers/CMSIS/Include/cmsis_gcc.h ****     \defgroup CMSIS_Core_RegAccFunctions CMSIS Core Register Access Functions
 121:Drivers/CMSIS/Include/cmsis_gcc.h ****   @{
 122:Drivers/CMSIS/Include/cmsis_gcc.h ****  */
 123:Drivers/CMSIS/Include/cmsis_gcc.h **** 
 124:Drivers/CMSIS/Include/cmsis_gcc.h **** /**
 125:Drivers/CMSIS/Include/cmsis_gcc.h ****   \brief   Enable IRQ Interrupts
 126:Drivers/CMSIS/Include/cmsis_gcc.h ****   \details Enables IRQ interrupts by clearing the I-bit in the CPSR.
 127:Drivers/CMSIS/Include/cmsis_gcc.h ****            Can only be executed in Privileged modes.
 128:Drivers/CMSIS/Include/cmsis_gcc.h ****  */
 129:Drivers/CMSIS/Include/cmsis_gcc.h **** __STATIC_FORCEINLINE void __enable_irq(void)
 130:Drivers/CMSIS/Include/cmsis_gcc.h **** {
 131:Drivers/CMSIS/Include/cmsis_gcc.h ****   __ASM volatile ("cpsie i" : : : "memory");
 132:Drivers/CMSIS/Include/cmsis_gcc.h **** }
 133:Drivers/CMSIS/Include/cmsis_gcc.h **** 
 134:Drivers/CMSIS/Include/cmsis_gcc.h **** 
 135:Drivers/CMSIS/Include/cmsis_gcc.h **** /**
 136:Drivers/CMSIS/Include/cmsis_gcc.h ****   \brief   Disable IRQ Interrupts
 137:Drivers/CMSIS/Include/cmsis_gcc.h ****   \details Disables IRQ interrupts by setting the I-bit in the CPSR.
 138:Drivers/CMSIS/Include/cmsis_gcc.h ****            Can only be executed in Privileged modes.
 139:Drivers/CMSIS/Include/cmsis_gcc.h ****  */
 140:Drivers/CMSIS/Include/cmsis_gcc.h **** __STATIC_FORCEINLINE void __disable_irq(void)
ARM GAS  D:\TMP\ccuVazxM.s 			page 58


 2124              		.loc 2 140 27 view .LVU576
 2125              	.LBB17:
 141:Drivers/CMSIS/Include/cmsis_gcc.h **** {
 142:Drivers/CMSIS/Include/cmsis_gcc.h ****   __ASM volatile ("cpsid i" : : : "memory");
 2126              		.loc 2 142 3 view .LVU577
 2127              		.syntax unified
 2128              	@ 142 "Drivers/CMSIS/Include/cmsis_gcc.h" 1
 2129 0028 72B6     		cpsid i
 2130              	@ 0 "" 2
 2131              		.thumb
 2132              		.syntax unified
 2133              	.LBE17:
 2134              	.LBE16:
 444:Core/Src/balance_car/remote_control.c ****         s_parse_line[sizeof(s_parse_line) - 1U] = '\0';
 2135              		.loc 1 444 9 view .LVU578
 2136 002a 124C     		ldr	r4, .L164+12
 2137 002c 1F22     		movs	r2, #31
 2138 002e 1249     		ldr	r1, .L164+16
 2139 0030 2046     		mov	r0, r4
 2140 0032 FFF7FEFF 		bl	strncpy
 2141              	.LVL177:
 445:Core/Src/balance_car/remote_control.c ****         s_line_ready = 0U;
 2142              		.loc 1 445 9 view .LVU579
 445:Core/Src/balance_car/remote_control.c ****         s_line_ready = 0U;
 2143              		.loc 1 445 49 is_stmt 0 view .LVU580
 2144 0036 0023     		movs	r3, #0
 2145 0038 E377     		strb	r3, [r4, #31]
 446:Core/Src/balance_car/remote_control.c ****         g_remote_state.command_ready = 0U;
 2146              		.loc 1 446 9 is_stmt 1 view .LVU581
 446:Core/Src/balance_car/remote_control.c ****         g_remote_state.command_ready = 0U;
 2147              		.loc 1 446 22 is_stmt 0 view .LVU582
 2148 003a 0B4A     		ldr	r2, .L164
 2149 003c 1370     		strb	r3, [r2]
 447:Core/Src/balance_car/remote_control.c ****         __enable_irq();
 2150              		.loc 1 447 9 is_stmt 1 view .LVU583
 447:Core/Src/balance_car/remote_control.c ****         __enable_irq();
 2151              		.loc 1 447 38 is_stmt 0 view .LVU584
 2152 003e 0F4A     		ldr	r2, .L164+20
 2153 0040 5370     		strb	r3, [r2, #1]
 448:Core/Src/balance_car/remote_control.c **** 
 2154              		.loc 1 448 9 is_stmt 1 view .LVU585
 2155              	.LBB18:
 2156              	.LBI18:
 129:Drivers/CMSIS/Include/cmsis_gcc.h **** {
 2157              		.loc 2 129 27 view .LVU586
 2158              	.LBB19:
 131:Drivers/CMSIS/Include/cmsis_gcc.h **** }
 2159              		.loc 2 131 3 view .LVU587
 2160              		.syntax unified
 2161              	@ 131 "Drivers/CMSIS/Include/cmsis_gcc.h" 1
 2162 0042 62B6     		cpsie i
 2163              	@ 0 "" 2
 2164              		.thumb
 2165              		.syntax unified
 2166              	.LBE19:
 2167              	.LBE18:
 450:Core/Src/balance_car/remote_control.c ****     }
ARM GAS  D:\TMP\ccuVazxM.s 			page 59


 2168              		.loc 1 450 9 view .LVU588
 2169 0044 2046     		mov	r0, r4
 2170 0046 FFF7FEFF 		bl	RemoteControl_ProcessLine
 2171              	.LVL178:
 2172 004a DDE7     		b	.L157
 2173              	.LVL179:
 2174              	.L162:
 457:Core/Src/balance_car/remote_control.c ****         RemoteControl_SendTelemetry();
 2175              		.loc 1 457 9 view .LVU589
 457:Core/Src/balance_car/remote_control.c ****         RemoteControl_SendTelemetry();
 2176              		.loc 1 457 35 is_stmt 0 view .LVU590
 2177 004c 00F5FA73 		add	r3, r0, #500
 457:Core/Src/balance_car/remote_control.c ****         RemoteControl_SendTelemetry();
 2178              		.loc 1 457 29 view .LVU591
 2179 0050 064A     		ldr	r2, .L164+4
 2180 0052 1360     		str	r3, [r2]
 458:Core/Src/balance_car/remote_control.c ****     }
 2181              		.loc 1 458 9 is_stmt 1 view .LVU592
 2182 0054 FFF7FEFF 		bl	RemoteControl_SendTelemetry
 2183              	.LVL180:
 458:Core/Src/balance_car/remote_control.c ****     }
 2184              		.loc 1 458 9 is_stmt 0 view .LVU593
 2185 0058 E0E7     		b	.L158
 2186              	.L163:
 461:Core/Src/balance_car/remote_control.c ****         RemoteControl_SendDebugTelemetry();
 2187              		.loc 1 461 9 is_stmt 1 view .LVU594
 461:Core/Src/balance_car/remote_control.c ****         RemoteControl_SendDebugTelemetry();
 2188              		.loc 1 461 31 is_stmt 0 view .LVU595
 2189 005a 6434     		adds	r4, r4, #100
 2190              	.LVL181:
 461:Core/Src/balance_car/remote_control.c ****         RemoteControl_SendDebugTelemetry();
 2191              		.loc 1 461 25 view .LVU596
 2192 005c 044B     		ldr	r3, .L164+8
 2193 005e 1C60     		str	r4, [r3]
 462:Core/Src/balance_car/remote_control.c ****     }
 2194              		.loc 1 462 9 is_stmt 1 view .LVU597
 2195 0060 FFF7FEFF 		bl	RemoteControl_SendDebugTelemetry
 2196              	.LVL182:
 2197              		.loc 1 464 1 is_stmt 0 view .LVU598
 2198 0064 DFE7     		b	.L156
 2199              	.L165:
 2200 0066 00BF     		.align	2
 2201              	.L164:
 2202 0068 00000000 		.word	s_line_ready
 2203 006c 00000000 		.word	s_next_telemetry_ms
 2204 0070 00000000 		.word	s_next_debug_ms
 2205 0074 00000000 		.word	s_parse_line
 2206 0078 00000000 		.word	s_rx_line
 2207 007c 00000000 		.word	g_remote_state
 2208              		.cfi_endproc
 2209              	.LFE83:
 2211              		.section	.text.RemoteControl_IRQHandler,"ax",%progbits
 2212              		.align	1
 2213              		.global	RemoteControl_IRQHandler
 2214              		.syntax unified
 2215              		.thumb
 2216              		.thumb_func
ARM GAS  D:\TMP\ccuVazxM.s 			page 60


 2218              	RemoteControl_IRQHandler:
 2219              	.LFB84:
 465:Core/Src/balance_car/remote_control.c **** 
 466:Core/Src/balance_car/remote_control.c **** void RemoteControl_IRQHandler(void)
 467:Core/Src/balance_car/remote_control.c **** {
 2220              		.loc 1 467 1 is_stmt 1 view -0
 2221              		.cfi_startproc
 2222              		@ args = 0, pretend = 0, frame = 0
 2223              		@ frame_needed = 0, uses_anonymous_args = 0
 2224 0000 08B5     		push	{r3, lr}
 2225              	.LCFI32:
 2226              		.cfi_def_cfa_offset 8
 2227              		.cfi_offset 3, -8
 2228              		.cfi_offset 14, -4
 468:Core/Src/balance_car/remote_control.c ****     HAL_UART_IRQHandler(&s_huart_remote);
 2229              		.loc 1 468 5 view .LVU600
 2230 0002 0248     		ldr	r0, .L168
 2231 0004 FFF7FEFF 		bl	HAL_UART_IRQHandler
 2232              	.LVL183:
 469:Core/Src/balance_car/remote_control.c **** }
 2233              		.loc 1 469 1 is_stmt 0 view .LVU601
 2234 0008 08BD     		pop	{r3, pc}
 2235              	.L169:
 2236 000a 00BF     		.align	2
 2237              	.L168:
 2238 000c 00000000 		.word	s_huart_remote
 2239              		.cfi_endproc
 2240              	.LFE84:
 2242              		.section	.text.RemoteControl_RxCpltCallback,"ax",%progbits
 2243              		.align	1
 2244              		.global	RemoteControl_RxCpltCallback
 2245              		.syntax unified
 2246              		.thumb
 2247              		.thumb_func
 2249              	RemoteControl_RxCpltCallback:
 2250              	.LVL184:
 2251              	.LFB85:
 470:Core/Src/balance_car/remote_control.c **** 
 471:Core/Src/balance_car/remote_control.c **** uint8_t RemoteControl_RxCpltCallback(UART_HandleTypeDef *huart)
 472:Core/Src/balance_car/remote_control.c **** {
 2252              		.loc 1 472 1 is_stmt 1 view -0
 2253              		.cfi_startproc
 2254              		@ args = 0, pretend = 0, frame = 0
 2255              		@ frame_needed = 0, uses_anonymous_args = 0
 473:Core/Src/balance_car/remote_control.c ****     uint8_t ch;
 2256              		.loc 1 473 5 view .LVU603
 474:Core/Src/balance_car/remote_control.c **** 
 475:Core/Src/balance_car/remote_control.c ****     if (huart->Instance != REMOTE_UART) {
 2257              		.loc 1 475 5 view .LVU604
 2258              		.loc 1 475 14 is_stmt 0 view .LVU605
 2259 0000 0268     		ldr	r2, [r0]
 2260              		.loc 1 475 8 view .LVU606
 2261 0002 1F4B     		ldr	r3, .L184
 2262 0004 9A42     		cmp	r2, r3
 2263 0006 01D0     		beq	.L181
 476:Core/Src/balance_car/remote_control.c ****         return 0U;
 2264              		.loc 1 476 16 view .LVU607
ARM GAS  D:\TMP\ccuVazxM.s 			page 61


 2265 0008 0020     		movs	r0, #0
 2266              	.LVL185:
 477:Core/Src/balance_car/remote_control.c ****     }
 478:Core/Src/balance_car/remote_control.c **** 
 479:Core/Src/balance_car/remote_control.c ****     ch = s_rx_byte;
 480:Core/Src/balance_car/remote_control.c ****     g_remote_state.rx_count++;
 481:Core/Src/balance_car/remote_control.c **** 
 482:Core/Src/balance_car/remote_control.c ****     if (ch == '\r') {
 483:Core/Src/balance_car/remote_control.c ****         RemoteControl_StartReceive();
 484:Core/Src/balance_car/remote_control.c ****         return 1U;
 485:Core/Src/balance_car/remote_control.c ****     }
 486:Core/Src/balance_car/remote_control.c **** 
 487:Core/Src/balance_car/remote_control.c ****     if (ch == '\n') {
 488:Core/Src/balance_car/remote_control.c ****         s_rx_line[s_rx_index] = '\0';
 489:Core/Src/balance_car/remote_control.c ****         s_rx_index = 0U;
 490:Core/Src/balance_car/remote_control.c ****         s_line_ready = 1U;
 491:Core/Src/balance_car/remote_control.c ****         g_remote_state.command_ready = 1U;
 492:Core/Src/balance_car/remote_control.c ****         RemoteControl_StartReceive();
 493:Core/Src/balance_car/remote_control.c ****         return 1U;
 494:Core/Src/balance_car/remote_control.c ****     }
 495:Core/Src/balance_car/remote_control.c **** 
 496:Core/Src/balance_car/remote_control.c ****     if (s_rx_index < REMOTE_LINE_MAX) {
 497:Core/Src/balance_car/remote_control.c ****         s_rx_line[s_rx_index++] = (char)ch;
 498:Core/Src/balance_car/remote_control.c ****     } else {
 499:Core/Src/balance_car/remote_control.c ****         s_rx_index = 0U;
 500:Core/Src/balance_car/remote_control.c ****         s_rx_line[0] = '\0';
 501:Core/Src/balance_car/remote_control.c ****         RemoteControl_SetFault(REMOTE_FAULT_LINE_OVERFLOW);
 502:Core/Src/balance_car/remote_control.c ****     }
 503:Core/Src/balance_car/remote_control.c **** 
 504:Core/Src/balance_car/remote_control.c ****     RemoteControl_StartReceive();
 505:Core/Src/balance_car/remote_control.c ****     return 1U;
 506:Core/Src/balance_car/remote_control.c **** }
 2267              		.loc 1 506 1 view .LVU608
 2268 000a 7047     		bx	lr
 2269              	.LVL186:
 2270              	.L181:
 472:Core/Src/balance_car/remote_control.c ****     uint8_t ch;
 2271              		.loc 1 472 1 view .LVU609
 2272 000c 10B5     		push	{r4, lr}
 2273              	.LCFI33:
 2274              		.cfi_def_cfa_offset 8
 2275              		.cfi_offset 4, -8
 2276              		.cfi_offset 14, -4
 479:Core/Src/balance_car/remote_control.c ****     g_remote_state.rx_count++;
 2277              		.loc 1 479 5 is_stmt 1 view .LVU610
 479:Core/Src/balance_car/remote_control.c ****     g_remote_state.rx_count++;
 2278              		.loc 1 479 8 is_stmt 0 view .LVU611
 2279 000e 1D4B     		ldr	r3, .L184+4
 2280 0010 1A78     		ldrb	r2, [r3]	@ zero_extendqisi2
 2281              	.LVL187:
 480:Core/Src/balance_car/remote_control.c **** 
 2282              		.loc 1 480 5 is_stmt 1 view .LVU612
 480:Core/Src/balance_car/remote_control.c **** 
 2283              		.loc 1 480 19 is_stmt 0 view .LVU613
 2284 0012 1D49     		ldr	r1, .L184+8
 2285 0014 4B68     		ldr	r3, [r1, #4]
 480:Core/Src/balance_car/remote_control.c **** 
ARM GAS  D:\TMP\ccuVazxM.s 			page 62


 2286              		.loc 1 480 28 view .LVU614
 2287 0016 0133     		adds	r3, r3, #1
 2288 0018 4B60     		str	r3, [r1, #4]
 482:Core/Src/balance_car/remote_control.c ****         RemoteControl_StartReceive();
 2289              		.loc 1 482 5 is_stmt 1 view .LVU615
 482:Core/Src/balance_car/remote_control.c ****         RemoteControl_StartReceive();
 2290              		.loc 1 482 8 is_stmt 0 view .LVU616
 2291 001a 0D2A     		cmp	r2, #13
 2292 001c 12D0     		beq	.L182
 487:Core/Src/balance_car/remote_control.c ****         s_rx_line[s_rx_index] = '\0';
 2293              		.loc 1 487 5 is_stmt 1 view .LVU617
 487:Core/Src/balance_car/remote_control.c ****         s_rx_line[s_rx_index] = '\0';
 2294              		.loc 1 487 8 is_stmt 0 view .LVU618
 2295 001e 0A2A     		cmp	r2, #10
 2296 0020 14D0     		beq	.L183
 496:Core/Src/balance_car/remote_control.c ****         s_rx_line[s_rx_index++] = (char)ch;
 2297              		.loc 1 496 5 is_stmt 1 view .LVU619
 496:Core/Src/balance_car/remote_control.c ****         s_rx_line[s_rx_index++] = (char)ch;
 2298              		.loc 1 496 20 is_stmt 0 view .LVU620
 2299 0022 1A4B     		ldr	r3, .L184+12
 2300 0024 1B78     		ldrb	r3, [r3]	@ zero_extendqisi2
 2301 0026 DBB2     		uxtb	r3, r3
 496:Core/Src/balance_car/remote_control.c ****         s_rx_line[s_rx_index++] = (char)ch;
 2302              		.loc 1 496 8 view .LVU621
 2303 0028 1E2B     		cmp	r3, #30
 2304 002a 1FD8     		bhi	.L174
 497:Core/Src/balance_car/remote_control.c ****     } else {
 2305              		.loc 1 497 9 is_stmt 1 view .LVU622
 497:Core/Src/balance_car/remote_control.c ****     } else {
 2306              		.loc 1 497 29 is_stmt 0 view .LVU623
 2307 002c 1749     		ldr	r1, .L184+12
 2308 002e 0B78     		ldrb	r3, [r1]	@ zero_extendqisi2
 2309 0030 D8B2     		uxtb	r0, r3
 2310              	.LVL188:
 497:Core/Src/balance_car/remote_control.c ****     } else {
 2311              		.loc 1 497 29 view .LVU624
 2312 0032 0133     		adds	r3, r3, #1
 2313 0034 DBB2     		uxtb	r3, r3
 2314 0036 0B70     		strb	r3, [r1]
 497:Core/Src/balance_car/remote_control.c ****     } else {
 2315              		.loc 1 497 33 view .LVU625
 2316 0038 154B     		ldr	r3, .L184+16
 2317 003a 1A54     		strb	r2, [r3, r0]
 2318              	.LVL189:
 2319              	.L175:
 504:Core/Src/balance_car/remote_control.c ****     return 1U;
 2320              		.loc 1 504 5 is_stmt 1 view .LVU626
 2321 003c FFF7FEFF 		bl	RemoteControl_StartReceive
 2322              	.LVL190:
 505:Core/Src/balance_car/remote_control.c **** }
 2323              		.loc 1 505 5 view .LVU627
 505:Core/Src/balance_car/remote_control.c **** }
 2324              		.loc 1 505 12 is_stmt 0 view .LVU628
 2325 0040 0120     		movs	r0, #1
 2326              	.L171:
 2327              		.loc 1 506 1 view .LVU629
 2328 0042 10BD     		pop	{r4, pc}
ARM GAS  D:\TMP\ccuVazxM.s 			page 63


 2329              	.LVL191:
 2330              	.L182:
 483:Core/Src/balance_car/remote_control.c ****         return 1U;
 2331              		.loc 1 483 9 is_stmt 1 view .LVU630
 2332 0044 FFF7FEFF 		bl	RemoteControl_StartReceive
 2333              	.LVL192:
 484:Core/Src/balance_car/remote_control.c ****     }
 2334              		.loc 1 484 9 view .LVU631
 484:Core/Src/balance_car/remote_control.c ****     }
 2335              		.loc 1 484 16 is_stmt 0 view .LVU632
 2336 0048 0120     		movs	r0, #1
 2337 004a FAE7     		b	.L171
 2338              	.LVL193:
 2339              	.L183:
 488:Core/Src/balance_car/remote_control.c ****         s_rx_index = 0U;
 2340              		.loc 1 488 9 is_stmt 1 view .LVU633
 488:Core/Src/balance_car/remote_control.c ****         s_rx_index = 0U;
 2341              		.loc 1 488 18 is_stmt 0 view .LVU634
 2342 004c 0F4A     		ldr	r2, .L184+12
 2343              	.LVL194:
 488:Core/Src/balance_car/remote_control.c ****         s_rx_index = 0U;
 2344              		.loc 1 488 18 view .LVU635
 2345 004e 1378     		ldrb	r3, [r2]	@ zero_extendqisi2
 2346 0050 DBB2     		uxtb	r3, r3
 488:Core/Src/balance_car/remote_control.c ****         s_rx_index = 0U;
 2347              		.loc 1 488 31 view .LVU636
 2348 0052 0021     		movs	r1, #0
 2349 0054 0E48     		ldr	r0, .L184+16
 2350              	.LVL195:
 488:Core/Src/balance_car/remote_control.c ****         s_rx_index = 0U;
 2351              		.loc 1 488 31 view .LVU637
 2352 0056 C154     		strb	r1, [r0, r3]
 489:Core/Src/balance_car/remote_control.c ****         s_line_ready = 1U;
 2353              		.loc 1 489 9 is_stmt 1 view .LVU638
 489:Core/Src/balance_car/remote_control.c ****         s_line_ready = 1U;
 2354              		.loc 1 489 20 is_stmt 0 view .LVU639
 2355 0058 1170     		strb	r1, [r2]
 490:Core/Src/balance_car/remote_control.c ****         g_remote_state.command_ready = 1U;
 2356              		.loc 1 490 9 is_stmt 1 view .LVU640
 490:Core/Src/balance_car/remote_control.c ****         g_remote_state.command_ready = 1U;
 2357              		.loc 1 490 22 is_stmt 0 view .LVU641
 2358 005a 0124     		movs	r4, #1
 2359 005c 0D4B     		ldr	r3, .L184+20
 2360 005e 1C70     		strb	r4, [r3]
 491:Core/Src/balance_car/remote_control.c ****         RemoteControl_StartReceive();
 2361              		.loc 1 491 9 is_stmt 1 view .LVU642
 491:Core/Src/balance_car/remote_control.c ****         RemoteControl_StartReceive();
 2362              		.loc 1 491 38 is_stmt 0 view .LVU643
 2363 0060 094B     		ldr	r3, .L184+8
 2364 0062 5C70     		strb	r4, [r3, #1]
 492:Core/Src/balance_car/remote_control.c ****         return 1U;
 2365              		.loc 1 492 9 is_stmt 1 view .LVU644
 2366 0064 FFF7FEFF 		bl	RemoteControl_StartReceive
 2367              	.LVL196:
 493:Core/Src/balance_car/remote_control.c ****     }
 2368              		.loc 1 493 9 view .LVU645
 493:Core/Src/balance_car/remote_control.c ****     }
ARM GAS  D:\TMP\ccuVazxM.s 			page 64


 2369              		.loc 1 493 16 is_stmt 0 view .LVU646
 2370 0068 2046     		mov	r0, r4
 2371 006a EAE7     		b	.L171
 2372              	.LVL197:
 2373              	.L174:
 499:Core/Src/balance_car/remote_control.c ****         s_rx_line[0] = '\0';
 2374              		.loc 1 499 9 is_stmt 1 view .LVU647
 499:Core/Src/balance_car/remote_control.c ****         s_rx_line[0] = '\0';
 2375              		.loc 1 499 20 is_stmt 0 view .LVU648
 2376 006c 0023     		movs	r3, #0
 2377 006e 074A     		ldr	r2, .L184+12
 2378              	.LVL198:
 499:Core/Src/balance_car/remote_control.c ****         s_rx_line[0] = '\0';
 2379              		.loc 1 499 20 view .LVU649
 2380 0070 1370     		strb	r3, [r2]
 500:Core/Src/balance_car/remote_control.c ****         RemoteControl_SetFault(REMOTE_FAULT_LINE_OVERFLOW);
 2381              		.loc 1 500 9 is_stmt 1 view .LVU650
 500:Core/Src/balance_car/remote_control.c ****         RemoteControl_SetFault(REMOTE_FAULT_LINE_OVERFLOW);
 2382              		.loc 1 500 22 is_stmt 0 view .LVU651
 2383 0072 074A     		ldr	r2, .L184+16
 2384 0074 1370     		strb	r3, [r2]
 501:Core/Src/balance_car/remote_control.c ****     }
 2385              		.loc 1 501 9 is_stmt 1 view .LVU652
 2386 0076 0420     		movs	r0, #4
 2387              	.LVL199:
 501:Core/Src/balance_car/remote_control.c ****     }
 2388              		.loc 1 501 9 is_stmt 0 view .LVU653
 2389 0078 FFF7FEFF 		bl	RemoteControl_SetFault
 2390              	.LVL200:
 501:Core/Src/balance_car/remote_control.c ****     }
 2391              		.loc 1 501 9 view .LVU654
 2392 007c DEE7     		b	.L175
 2393              	.L185:
 2394 007e 00BF     		.align	2
 2395              	.L184:
 2396 0080 00480040 		.word	1073760256
 2397 0084 00000000 		.word	s_rx_byte
 2398 0088 00000000 		.word	g_remote_state
 2399 008c 00000000 		.word	s_rx_index
 2400 0090 00000000 		.word	s_rx_line
 2401 0094 00000000 		.word	s_line_ready
 2402              		.cfi_endproc
 2403              	.LFE85:
 2405              		.section	.text.RemoteControl_TxCpltCallback,"ax",%progbits
 2406              		.align	1
 2407              		.global	RemoteControl_TxCpltCallback
 2408              		.syntax unified
 2409              		.thumb
 2410              		.thumb_func
 2412              	RemoteControl_TxCpltCallback:
 2413              	.LVL201:
 2414              	.LFB86:
 507:Core/Src/balance_car/remote_control.c **** 
 508:Core/Src/balance_car/remote_control.c **** uint8_t RemoteControl_TxCpltCallback(UART_HandleTypeDef *huart)
 509:Core/Src/balance_car/remote_control.c **** {
 2415              		.loc 1 509 1 is_stmt 1 view -0
 2416              		.cfi_startproc
ARM GAS  D:\TMP\ccuVazxM.s 			page 65


 2417              		@ args = 0, pretend = 0, frame = 0
 2418              		@ frame_needed = 0, uses_anonymous_args = 0
 2419              		@ link register save eliminated.
 510:Core/Src/balance_car/remote_control.c ****     if (huart->Instance != REMOTE_UART) {
 2420              		.loc 1 510 5 view .LVU656
 2421              		.loc 1 510 14 is_stmt 0 view .LVU657
 2422 0000 0268     		ldr	r2, [r0]
 2423              		.loc 1 510 8 view .LVU658
 2424 0002 054B     		ldr	r3, .L190
 2425 0004 9A42     		cmp	r2, r3
 2426 0006 01D0     		beq	.L189
 511:Core/Src/balance_car/remote_control.c ****         return 0U;
 2427              		.loc 1 511 16 view .LVU659
 2428 0008 0020     		movs	r0, #0
 2429              	.LVL202:
 512:Core/Src/balance_car/remote_control.c ****     }
 513:Core/Src/balance_car/remote_control.c ****     s_tx_busy = 0U;
 514:Core/Src/balance_car/remote_control.c ****     return 1U;
 515:Core/Src/balance_car/remote_control.c **** }
 2430              		.loc 1 515 1 view .LVU660
 2431 000a 7047     		bx	lr
 2432              	.LVL203:
 2433              	.L189:
 513:Core/Src/balance_car/remote_control.c ****     return 1U;
 2434              		.loc 1 513 5 is_stmt 1 view .LVU661
 513:Core/Src/balance_car/remote_control.c ****     return 1U;
 2435              		.loc 1 513 15 is_stmt 0 view .LVU662
 2436 000c 034B     		ldr	r3, .L190+4
 2437 000e 0022     		movs	r2, #0
 2438 0010 1A70     		strb	r2, [r3]
 514:Core/Src/balance_car/remote_control.c **** }
 2439              		.loc 1 514 5 is_stmt 1 view .LVU663
 514:Core/Src/balance_car/remote_control.c **** }
 2440              		.loc 1 514 12 is_stmt 0 view .LVU664
 2441 0012 0120     		movs	r0, #1
 2442              	.LVL204:
 514:Core/Src/balance_car/remote_control.c **** }
 2443              		.loc 1 514 12 view .LVU665
 2444 0014 7047     		bx	lr
 2445              	.L191:
 2446 0016 00BF     		.align	2
 2447              	.L190:
 2448 0018 00480040 		.word	1073760256
 2449 001c 00000000 		.word	s_tx_busy
 2450              		.cfi_endproc
 2451              	.LFE86:
 2453              		.section	.text.RemoteControl_ErrorCallback,"ax",%progbits
 2454              		.align	1
 2455              		.global	RemoteControl_ErrorCallback
 2456              		.syntax unified
 2457              		.thumb
 2458              		.thumb_func
 2460              	RemoteControl_ErrorCallback:
 2461              	.LVL205:
 2462              	.LFB87:
 516:Core/Src/balance_car/remote_control.c **** 
 517:Core/Src/balance_car/remote_control.c **** uint8_t RemoteControl_ErrorCallback(UART_HandleTypeDef *huart)
ARM GAS  D:\TMP\ccuVazxM.s 			page 66


 518:Core/Src/balance_car/remote_control.c **** {
 2463              		.loc 1 518 1 is_stmt 1 view -0
 2464              		.cfi_startproc
 2465              		@ args = 0, pretend = 0, frame = 0
 2466              		@ frame_needed = 0, uses_anonymous_args = 0
 2467              		.loc 1 518 1 is_stmt 0 view .LVU667
 2468 0000 08B5     		push	{r3, lr}
 2469              	.LCFI34:
 2470              		.cfi_def_cfa_offset 8
 2471              		.cfi_offset 3, -8
 2472              		.cfi_offset 14, -4
 519:Core/Src/balance_car/remote_control.c ****     if (huart->Instance == REMOTE_UART) {
 2473              		.loc 1 519 5 is_stmt 1 view .LVU668
 2474              		.loc 1 519 14 is_stmt 0 view .LVU669
 2475 0002 0268     		ldr	r2, [r0]
 2476              		.loc 1 519 8 view .LVU670
 2477 0004 054B     		ldr	r3, .L197
 2478 0006 9A42     		cmp	r2, r3
 2479 0008 01D0     		beq	.L196
 520:Core/Src/balance_car/remote_control.c ****         s_tx_busy = 0U;
 521:Core/Src/balance_car/remote_control.c ****         RemoteControl_StartReceive();
 522:Core/Src/balance_car/remote_control.c ****         return 1U;
 523:Core/Src/balance_car/remote_control.c ****     }
 524:Core/Src/balance_car/remote_control.c ****     return 0U;
 2480              		.loc 1 524 12 view .LVU671
 2481 000a 0020     		movs	r0, #0
 2482              	.LVL206:
 2483              	.L193:
 525:Core/Src/balance_car/remote_control.c **** }
 2484              		.loc 1 525 1 view .LVU672
 2485 000c 08BD     		pop	{r3, pc}
 2486              	.LVL207:
 2487              	.L196:
 520:Core/Src/balance_car/remote_control.c ****         s_tx_busy = 0U;
 2488              		.loc 1 520 9 is_stmt 1 view .LVU673
 520:Core/Src/balance_car/remote_control.c ****         s_tx_busy = 0U;
 2489              		.loc 1 520 19 is_stmt 0 view .LVU674
 2490 000e 044B     		ldr	r3, .L197+4
 2491 0010 0022     		movs	r2, #0
 2492 0012 1A70     		strb	r2, [r3]
 521:Core/Src/balance_car/remote_control.c ****         return 1U;
 2493              		.loc 1 521 9 is_stmt 1 view .LVU675
 2494 0014 FFF7FEFF 		bl	RemoteControl_StartReceive
 2495              	.LVL208:
 522:Core/Src/balance_car/remote_control.c ****     }
 2496              		.loc 1 522 9 view .LVU676
 522:Core/Src/balance_car/remote_control.c ****     }
 2497              		.loc 1 522 16 is_stmt 0 view .LVU677
 2498 0018 0120     		movs	r0, #1
 2499 001a F7E7     		b	.L193
 2500              	.L198:
 2501              		.align	2
 2502              	.L197:
 2503 001c 00480040 		.word	1073760256
 2504 0020 00000000 		.word	s_tx_busy
 2505              		.cfi_endproc
 2506              	.LFE87:
ARM GAS  D:\TMP\ccuVazxM.s 			page 67


 2508              		.section	.bss.s_next_debug_ms,"aw",%nobits
 2509              		.align	2
 2512              	s_next_debug_ms:
 2513 0000 00000000 		.space	4
 2514              		.section	.bss.s_next_telemetry_ms,"aw",%nobits
 2515              		.align	2
 2518              	s_next_telemetry_ms:
 2519 0000 00000000 		.space	4
 2520              		.section	.bss.s_tx_busy,"aw",%nobits
 2523              	s_tx_busy:
 2524 0000 00       		.space	1
 2525              		.section	.bss.s_tx_line,"aw",%nobits
 2526              		.align	2
 2529              	s_tx_line:
 2530 0000 00000000 		.space	96
 2530      00000000 
 2530      00000000 
 2530      00000000 
 2530      00000000 
 2531              		.section	.bss.s_parse_line,"aw",%nobits
 2532              		.align	2
 2535              	s_parse_line:
 2536 0000 00000000 		.space	32
 2536      00000000 
 2536      00000000 
 2536      00000000 
 2536      00000000 
 2537              		.section	.bss.s_line_ready,"aw",%nobits
 2540              	s_line_ready:
 2541 0000 00       		.space	1
 2542              		.section	.bss.s_rx_index,"aw",%nobits
 2545              	s_rx_index:
 2546 0000 00       		.space	1
 2547              		.section	.bss.s_rx_line,"aw",%nobits
 2548              		.align	2
 2551              	s_rx_line:
 2552 0000 00000000 		.space	32
 2552      00000000 
 2552      00000000 
 2552      00000000 
 2552      00000000 
 2553              		.section	.bss.s_rx_byte,"aw",%nobits
 2556              	s_rx_byte:
 2557 0000 00       		.space	1
 2558              		.section	.bss.s_huart_remote,"aw",%nobits
 2559              		.align	2
 2562              	s_huart_remote:
 2563 0000 00000000 		.space	72
 2563      00000000 
 2563      00000000 
 2563      00000000 
 2563      00000000 
 2564              		.global	g_remote_debug
 2565              		.section	.data.g_remote_debug,"aw"
 2566              		.align	2
 2569              	g_remote_debug:
 2570 0000 01       		.byte	1
ARM GAS  D:\TMP\ccuVazxM.s 			page 68


 2571 0001 01       		.byte	1
 2572 0002 01       		.byte	1
 2573 0003 00       		.space	1
 2574 0004 00004040 		.word	1077936128
 2575 0008 00000040 		.word	1073741824
 2576 000c F4010000 		.word	500
 2577              		.global	g_remote_state
 2578              		.section	.bss.g_remote_state,"aw",%nobits
 2579              		.align	2
 2582              	g_remote_state:
 2583 0000 00000000 		.space	68
 2583      00000000 
 2583      00000000 
 2583      00000000 
 2583      00000000 
 2584              		.text
 2585              	.Letext0:
 2586              		.file 3 "Drivers/CMSIS/Device/ST/STM32F1xx/Include/stm32f103xb.h"
 2587              		.file 4 "F:/Msys2/mingw64/arm-none-eabi/include/machine/_default_types.h"
 2588              		.file 5 "F:/Msys2/mingw64/arm-none-eabi/include/sys/_stdint.h"
 2589              		.file 6 "F:/Msys2/mingw64/lib/gcc/arm-none-eabi/13.3.0/include/stddef.h"
 2590              		.file 7 "Drivers/STM32F1xx_HAL_Driver/Inc/stm32f1xx_hal_def.h"
 2591              		.file 8 "Drivers/STM32F1xx_HAL_Driver/Inc/stm32f1xx_hal_gpio.h"
 2592              		.file 9 "Drivers/STM32F1xx_HAL_Driver/Inc/stm32f1xx_hal_dma.h"
 2593              		.file 10 "Drivers/STM32F1xx_HAL_Driver/Inc/stm32f1xx_hal_uart.h"
 2594              		.file 11 "Core/Inc/balance_car/remote_control.h"
 2595              		.file 12 "Core/Inc/balance_car/app_sensors.h"
 2596              		.file 13 "Core/Inc/balance_car/pid.h"
 2597              		.file 14 "Core/Inc/balance_car/balance_control.h"
 2598              		.file 15 "F:/Msys2/mingw64/arm-none-eabi/include/string.h"
 2599              		.file 16 "F:/Msys2/mingw64/arm-none-eabi/include/stdio.h"
 2600              		.file 17 "F:/Msys2/mingw64/arm-none-eabi/include/stdlib.h"
 2601              		.file 18 "Drivers/STM32F1xx_HAL_Driver/Inc/stm32f1xx_hal_cortex.h"
 2602              		.file 19 "<built-in>"
 2603              		.file 20 "Drivers/STM32F1xx_HAL_Driver/Inc/stm32f1xx_hal.h"
ARM GAS  D:\TMP\ccuVazxM.s 			page 69


DEFINED SYMBOLS
                            *ABS*:00000000 remote_control.c
   D:\TMP\ccuVazxM.s:21     .text.RemoteControl_Clamp:00000000 $t
   D:\TMP\ccuVazxM.s:26     .text.RemoteControl_Clamp:00000000 RemoteControl_Clamp
   D:\TMP\ccuVazxM.s:91     .text.RemoteControl_SetFault:00000000 $t
   D:\TMP\ccuVazxM.s:96     .text.RemoteControl_SetFault:00000000 RemoteControl_SetFault
   D:\TMP\ccuVazxM.s:116    .text.RemoteControl_SetFault:0000000c $d
   D:\TMP\ccuVazxM.s:2582   .bss.g_remote_state:00000000 g_remote_state
   D:\TMP\ccuVazxM.s:121    .text.RemoteControl_ApplyPid:00000000 $t
   D:\TMP\ccuVazxM.s:126    .text.RemoteControl_ApplyPid:00000000 RemoteControl_ApplyPid
   D:\TMP\ccuVazxM.s:149    .text.RemoteControl_CheckTimeout:00000000 $t
   D:\TMP\ccuVazxM.s:154    .text.RemoteControl_CheckTimeout:00000000 RemoteControl_CheckTimeout
   D:\TMP\ccuVazxM.s:232    .text.RemoteControl_CheckTimeout:0000003c $d
   D:\TMP\ccuVazxM.s:2569   .data.g_remote_debug:00000000 g_remote_debug
   D:\TMP\ccuVazxM.s:239    .text.RemoteControl_UartInit:00000000 $t
   D:\TMP\ccuVazxM.s:244    .text.RemoteControl_UartInit:00000000 RemoteControl_UartInit
   D:\TMP\ccuVazxM.s:404    .text.RemoteControl_UartInit:000000a4 $d
   D:\TMP\ccuVazxM.s:2562   .bss.s_huart_remote:00000000 s_huart_remote
   D:\TMP\ccuVazxM.s:412    .text.RemoteControl_StartReceive:00000000 $t
   D:\TMP\ccuVazxM.s:417    .text.RemoteControl_StartReceive:00000000 RemoteControl_StartReceive
   D:\TMP\ccuVazxM.s:450    .text.RemoteControl_StartReceive:00000018 $d
   D:\TMP\ccuVazxM.s:2556   .bss.s_rx_byte:00000000 s_rx_byte
   D:\TMP\ccuVazxM.s:456    .text.RemoteControl_MarkValid:00000000 $t
   D:\TMP\ccuVazxM.s:461    .text.RemoteControl_MarkValid:00000000 RemoteControl_MarkValid
   D:\TMP\ccuVazxM.s:514    .text.RemoteControl_MarkValid:0000002c $d
   D:\TMP\ccuVazxM.s:519    .text.RemoteControl_MarkInvalid:00000000 $t
   D:\TMP\ccuVazxM.s:524    .text.RemoteControl_MarkInvalid:00000000 RemoteControl_MarkInvalid
   D:\TMP\ccuVazxM.s:574    .text.RemoteControl_MarkInvalid:0000002c $d
   D:\TMP\ccuVazxM.s:579    .text.RemoteControl_ParseFloat:00000000 $t
   D:\TMP\ccuVazxM.s:584    .text.RemoteControl_ParseFloat:00000000 RemoteControl_ParseFloat
   D:\TMP\ccuVazxM.s:694    .text.RemoteControl_ParsePidValues:00000000 $t
   D:\TMP\ccuVazxM.s:699    .text.RemoteControl_ParsePidValues:00000000 RemoteControl_ParsePidValues
   D:\TMP\ccuVazxM.s:920    .rodata.RemoteControl_ProcessLine.str1.4:00000000 $d
   D:\TMP\ccuVazxM.s:972    .text.RemoteControl_ProcessLine:00000000 $t
   D:\TMP\ccuVazxM.s:977    .text.RemoteControl_ProcessLine:00000000 RemoteControl_ProcessLine
   D:\TMP\ccuVazxM.s:1528   .text.RemoteControl_ProcessLine:00000234 $d
   D:\TMP\ccuVazxM.s:1556   .text.RemoteControl_SendLine:00000000 $t
   D:\TMP\ccuVazxM.s:1561   .text.RemoteControl_SendLine:00000000 RemoteControl_SendLine
   D:\TMP\ccuVazxM.s:1649   .text.RemoteControl_SendLine:0000004c $d
   D:\TMP\ccuVazxM.s:2523   .bss.s_tx_busy:00000000 s_tx_busy
   D:\TMP\ccuVazxM.s:2529   .bss.s_tx_line:00000000 s_tx_line
   D:\TMP\ccuVazxM.s:1659   .rodata.RemoteControl_SendTelemetry.str1.4:00000000 $d
   D:\TMP\ccuVazxM.s:1675   .text.RemoteControl_SendTelemetry:00000000 $t
   D:\TMP\ccuVazxM.s:1680   .text.RemoteControl_SendTelemetry:00000000 RemoteControl_SendTelemetry
   D:\TMP\ccuVazxM.s:1852   .text.RemoteControl_SendTelemetry:000000cc $d
   D:\TMP\ccuVazxM.s:1864   .rodata.RemoteControl_SendDebugTelemetry.str1.4:00000000 $d
   D:\TMP\ccuVazxM.s:1869   .text.RemoteControl_SendDebugTelemetry:00000000 $t
   D:\TMP\ccuVazxM.s:1874   .text.RemoteControl_SendDebugTelemetry:00000000 RemoteControl_SendDebugTelemetry
   D:\TMP\ccuVazxM.s:1965   .text.RemoteControl_SendDebugTelemetry:00000074 $d
   D:\TMP\ccuVazxM.s:1973   .text.RemoteControl_Init:00000000 $t
   D:\TMP\ccuVazxM.s:1979   .text.RemoteControl_Init:00000000 RemoteControl_Init
   D:\TMP\ccuVazxM.s:2052   .text.RemoteControl_Init:00000044 $d
   D:\TMP\ccuVazxM.s:2545   .bss.s_rx_index:00000000 s_rx_index
   D:\TMP\ccuVazxM.s:2540   .bss.s_line_ready:00000000 s_line_ready
   D:\TMP\ccuVazxM.s:2518   .bss.s_next_telemetry_ms:00000000 s_next_telemetry_ms
   D:\TMP\ccuVazxM.s:2512   .bss.s_next_debug_ms:00000000 s_next_debug_ms
   D:\TMP\ccuVazxM.s:2062   .text.RemoteControl_Background:00000000 $t
ARM GAS  D:\TMP\ccuVazxM.s 			page 70


   D:\TMP\ccuVazxM.s:2068   .text.RemoteControl_Background:00000000 RemoteControl_Background
   D:\TMP\ccuVazxM.s:2202   .text.RemoteControl_Background:00000068 $d
   D:\TMP\ccuVazxM.s:2535   .bss.s_parse_line:00000000 s_parse_line
   D:\TMP\ccuVazxM.s:2551   .bss.s_rx_line:00000000 s_rx_line
   D:\TMP\ccuVazxM.s:2212   .text.RemoteControl_IRQHandler:00000000 $t
   D:\TMP\ccuVazxM.s:2218   .text.RemoteControl_IRQHandler:00000000 RemoteControl_IRQHandler
   D:\TMP\ccuVazxM.s:2238   .text.RemoteControl_IRQHandler:0000000c $d
   D:\TMP\ccuVazxM.s:2243   .text.RemoteControl_RxCpltCallback:00000000 $t
   D:\TMP\ccuVazxM.s:2249   .text.RemoteControl_RxCpltCallback:00000000 RemoteControl_RxCpltCallback
   D:\TMP\ccuVazxM.s:2396   .text.RemoteControl_RxCpltCallback:00000080 $d
   D:\TMP\ccuVazxM.s:2406   .text.RemoteControl_TxCpltCallback:00000000 $t
   D:\TMP\ccuVazxM.s:2412   .text.RemoteControl_TxCpltCallback:00000000 RemoteControl_TxCpltCallback
   D:\TMP\ccuVazxM.s:2448   .text.RemoteControl_TxCpltCallback:00000018 $d
   D:\TMP\ccuVazxM.s:2454   .text.RemoteControl_ErrorCallback:00000000 $t
   D:\TMP\ccuVazxM.s:2460   .text.RemoteControl_ErrorCallback:00000000 RemoteControl_ErrorCallback
   D:\TMP\ccuVazxM.s:2503   .text.RemoteControl_ErrorCallback:0000001c $d
   D:\TMP\ccuVazxM.s:2509   .bss.s_next_debug_ms:00000000 $d
   D:\TMP\ccuVazxM.s:2515   .bss.s_next_telemetry_ms:00000000 $d
   D:\TMP\ccuVazxM.s:2524   .bss.s_tx_busy:00000000 $d
   D:\TMP\ccuVazxM.s:2526   .bss.s_tx_line:00000000 $d
   D:\TMP\ccuVazxM.s:2532   .bss.s_parse_line:00000000 $d
   D:\TMP\ccuVazxM.s:2541   .bss.s_line_ready:00000000 $d
   D:\TMP\ccuVazxM.s:2546   .bss.s_rx_index:00000000 $d
   D:\TMP\ccuVazxM.s:2548   .bss.s_rx_line:00000000 $d
   D:\TMP\ccuVazxM.s:2557   .bss.s_rx_byte:00000000 $d
   D:\TMP\ccuVazxM.s:2559   .bss.s_huart_remote:00000000 $d
   D:\TMP\ccuVazxM.s:2566   .data.g_remote_debug:00000000 $d
   D:\TMP\ccuVazxM.s:2579   .bss.g_remote_state:00000000 $d

UNDEFINED SYMBOLS
__aeabi_fcmplt
__aeabi_fcmpgt
HAL_GetTick
g_balance_debug
HAL_GPIO_Init
HAL_UART_Init
HAL_NVIC_SetPriority
HAL_NVIC_EnableIRQ
HAL_UART_Receive_IT
strncpy
strtof
strchr
strcmp
strncmp
g_speed_pid
g_angle_pid
g_turn_pid
memcpy
HAL_UART_Transmit_IT
__aeabi_fmul
__aeabi_f2iz
__aeabi_fadd
snprintf
g_sensor_state
__aeabi_f2d
memset
HAL_UART_IRQHandler
ARM GAS  D:\TMP\ccuVazxM.s 			page 71


