ARM GAS  D:\TMP\ccko02Uc.s 			page 1


   1              		.cpu cortex-m3
   2              		.arch armv7-m
   3              		.fpu softvfp
   4              		.eabi_attribute 20, 1
   5              		.eabi_attribute 21, 1
   6              		.eabi_attribute 23, 3
   7              		.eabi_attribute 24, 1
   8              		.eabi_attribute 25, 1
   9              		.eabi_attribute 26, 1
  10              		.eabi_attribute 30, 1
  11              		.eabi_attribute 34, 1
  12              		.eabi_attribute 18, 4
  13              		.file	"stream_buffer.c"
  14              		.text
  15              	.Ltext0:
  16              		.cfi_sections	.debug_frame
  17              		.file 1 "Middlewares/Third_Party/FreeRTOS/Source/stream_buffer.c"
  18              		.section	.text.prvBytesInBuffer,"ax",%progbits
  19              		.align	1
  20              		.syntax unified
  21              		.thumb
  22              		.thumb_func
  24              	prvBytesInBuffer:
  25              	.LVL0:
  26              	.LFB24:
   1:Middlewares/Third_Party/FreeRTOS/Source/stream_buffer.c **** /*
   2:Middlewares/Third_Party/FreeRTOS/Source/stream_buffer.c ****  * FreeRTOS Kernel V10.3.1
   3:Middlewares/Third_Party/FreeRTOS/Source/stream_buffer.c ****  * Copyright (C) 2020 Amazon.com, Inc. or its affiliates.  All Rights Reserved.
   4:Middlewares/Third_Party/FreeRTOS/Source/stream_buffer.c ****  *
   5:Middlewares/Third_Party/FreeRTOS/Source/stream_buffer.c ****  * Permission is hereby granted, free of charge, to any person obtaining a copy of
   6:Middlewares/Third_Party/FreeRTOS/Source/stream_buffer.c ****  * this software and associated documentation files (the "Software"), to deal in
   7:Middlewares/Third_Party/FreeRTOS/Source/stream_buffer.c ****  * the Software without restriction, including without limitation the rights to
   8:Middlewares/Third_Party/FreeRTOS/Source/stream_buffer.c ****  * use, copy, modify, merge, publish, distribute, sublicense, and/or sell copies of
   9:Middlewares/Third_Party/FreeRTOS/Source/stream_buffer.c ****  * the Software, and to permit persons to whom the Software is furnished to do so,
  10:Middlewares/Third_Party/FreeRTOS/Source/stream_buffer.c ****  * subject to the following conditions:
  11:Middlewares/Third_Party/FreeRTOS/Source/stream_buffer.c ****  *
  12:Middlewares/Third_Party/FreeRTOS/Source/stream_buffer.c ****  * The above copyright notice and this permission notice shall be included in all
  13:Middlewares/Third_Party/FreeRTOS/Source/stream_buffer.c ****  * copies or substantial portions of the Software.
  14:Middlewares/Third_Party/FreeRTOS/Source/stream_buffer.c ****  *
  15:Middlewares/Third_Party/FreeRTOS/Source/stream_buffer.c ****  * THE SOFTWARE IS PROVIDED "AS IS", WITHOUT WARRANTY OF ANY KIND, EXPRESS OR
  16:Middlewares/Third_Party/FreeRTOS/Source/stream_buffer.c ****  * IMPLIED, INCLUDING BUT NOT LIMITED TO THE WARRANTIES OF MERCHANTABILITY, FITNESS
  17:Middlewares/Third_Party/FreeRTOS/Source/stream_buffer.c ****  * FOR A PARTICULAR PURPOSE AND NONINFRINGEMENT. IN NO EVENT SHALL THE AUTHORS OR
  18:Middlewares/Third_Party/FreeRTOS/Source/stream_buffer.c ****  * COPYRIGHT HOLDERS BE LIABLE FOR ANY CLAIM, DAMAGES OR OTHER LIABILITY, WHETHER
  19:Middlewares/Third_Party/FreeRTOS/Source/stream_buffer.c ****  * IN AN ACTION OF CONTRACT, TORT OR OTHERWISE, ARISING FROM, OUT OF OR IN
  20:Middlewares/Third_Party/FreeRTOS/Source/stream_buffer.c ****  * CONNECTION WITH THE SOFTWARE OR THE USE OR OTHER DEALINGS IN THE SOFTWARE.
  21:Middlewares/Third_Party/FreeRTOS/Source/stream_buffer.c ****  *
  22:Middlewares/Third_Party/FreeRTOS/Source/stream_buffer.c ****  * http://www.FreeRTOS.org
  23:Middlewares/Third_Party/FreeRTOS/Source/stream_buffer.c ****  * http://aws.amazon.com/freertos
  24:Middlewares/Third_Party/FreeRTOS/Source/stream_buffer.c ****  *
  25:Middlewares/Third_Party/FreeRTOS/Source/stream_buffer.c ****  * 1 tab == 4 spaces!
  26:Middlewares/Third_Party/FreeRTOS/Source/stream_buffer.c ****  */
  27:Middlewares/Third_Party/FreeRTOS/Source/stream_buffer.c **** 
  28:Middlewares/Third_Party/FreeRTOS/Source/stream_buffer.c **** /* Standard includes. */
  29:Middlewares/Third_Party/FreeRTOS/Source/stream_buffer.c **** #include <stdint.h>
  30:Middlewares/Third_Party/FreeRTOS/Source/stream_buffer.c **** #include <string.h>
  31:Middlewares/Third_Party/FreeRTOS/Source/stream_buffer.c **** 
  32:Middlewares/Third_Party/FreeRTOS/Source/stream_buffer.c **** /* Defining MPU_WRAPPERS_INCLUDED_FROM_API_FILE prevents task.h from redefining
ARM GAS  D:\TMP\ccko02Uc.s 			page 2


  33:Middlewares/Third_Party/FreeRTOS/Source/stream_buffer.c **** all the API functions to use the MPU wrappers.  That should only be done when
  34:Middlewares/Third_Party/FreeRTOS/Source/stream_buffer.c **** task.h is included from an application file. */
  35:Middlewares/Third_Party/FreeRTOS/Source/stream_buffer.c **** #define MPU_WRAPPERS_INCLUDED_FROM_API_FILE
  36:Middlewares/Third_Party/FreeRTOS/Source/stream_buffer.c **** 
  37:Middlewares/Third_Party/FreeRTOS/Source/stream_buffer.c **** /* FreeRTOS includes. */
  38:Middlewares/Third_Party/FreeRTOS/Source/stream_buffer.c **** #include "FreeRTOS.h"
  39:Middlewares/Third_Party/FreeRTOS/Source/stream_buffer.c **** #include "task.h"
  40:Middlewares/Third_Party/FreeRTOS/Source/stream_buffer.c **** #include "stream_buffer.h"
  41:Middlewares/Third_Party/FreeRTOS/Source/stream_buffer.c **** 
  42:Middlewares/Third_Party/FreeRTOS/Source/stream_buffer.c **** #if( configUSE_TASK_NOTIFICATIONS != 1 )
  43:Middlewares/Third_Party/FreeRTOS/Source/stream_buffer.c **** 	#error configUSE_TASK_NOTIFICATIONS must be set to 1 to build stream_buffer.c
  44:Middlewares/Third_Party/FreeRTOS/Source/stream_buffer.c **** #endif
  45:Middlewares/Third_Party/FreeRTOS/Source/stream_buffer.c **** 
  46:Middlewares/Third_Party/FreeRTOS/Source/stream_buffer.c **** /* Lint e961, e9021 and e750 are suppressed as a MISRA exception justified
  47:Middlewares/Third_Party/FreeRTOS/Source/stream_buffer.c **** because the MPU ports require MPU_WRAPPERS_INCLUDED_FROM_API_FILE to be defined
  48:Middlewares/Third_Party/FreeRTOS/Source/stream_buffer.c **** for the header files above, but not in this file, in order to generate the
  49:Middlewares/Third_Party/FreeRTOS/Source/stream_buffer.c **** correct privileged Vs unprivileged linkage and placement. */
  50:Middlewares/Third_Party/FreeRTOS/Source/stream_buffer.c **** #undef MPU_WRAPPERS_INCLUDED_FROM_API_FILE /*lint !e961 !e750 !e9021. */
  51:Middlewares/Third_Party/FreeRTOS/Source/stream_buffer.c **** 
  52:Middlewares/Third_Party/FreeRTOS/Source/stream_buffer.c **** /* If the user has not provided application specific Rx notification macros,
  53:Middlewares/Third_Party/FreeRTOS/Source/stream_buffer.c **** or #defined the notification macros away, them provide default implementations
  54:Middlewares/Third_Party/FreeRTOS/Source/stream_buffer.c **** that uses task notifications. */
  55:Middlewares/Third_Party/FreeRTOS/Source/stream_buffer.c **** /*lint -save -e9026 Function like macros allowed and needed here so they can be overidden. */
  56:Middlewares/Third_Party/FreeRTOS/Source/stream_buffer.c **** #ifndef sbRECEIVE_COMPLETED
  57:Middlewares/Third_Party/FreeRTOS/Source/stream_buffer.c **** 	#define sbRECEIVE_COMPLETED( pxStreamBuffer )										\
  58:Middlewares/Third_Party/FreeRTOS/Source/stream_buffer.c **** 		vTaskSuspendAll();																\
  59:Middlewares/Third_Party/FreeRTOS/Source/stream_buffer.c **** 		{																				\
  60:Middlewares/Third_Party/FreeRTOS/Source/stream_buffer.c **** 			if( ( pxStreamBuffer )->xTaskWaitingToSend != NULL )						\
  61:Middlewares/Third_Party/FreeRTOS/Source/stream_buffer.c **** 			{																			\
  62:Middlewares/Third_Party/FreeRTOS/Source/stream_buffer.c **** 				( void ) xTaskNotify( ( pxStreamBuffer )->xTaskWaitingToSend,			\
  63:Middlewares/Third_Party/FreeRTOS/Source/stream_buffer.c **** 									  ( uint32_t ) 0,									\
  64:Middlewares/Third_Party/FreeRTOS/Source/stream_buffer.c **** 									  eNoAction );										\
  65:Middlewares/Third_Party/FreeRTOS/Source/stream_buffer.c **** 				( pxStreamBuffer )->xTaskWaitingToSend = NULL;							\
  66:Middlewares/Third_Party/FreeRTOS/Source/stream_buffer.c **** 			}																			\
  67:Middlewares/Third_Party/FreeRTOS/Source/stream_buffer.c **** 		}																				\
  68:Middlewares/Third_Party/FreeRTOS/Source/stream_buffer.c **** 		( void ) xTaskResumeAll();
  69:Middlewares/Third_Party/FreeRTOS/Source/stream_buffer.c **** #endif /* sbRECEIVE_COMPLETED */
  70:Middlewares/Third_Party/FreeRTOS/Source/stream_buffer.c **** 
  71:Middlewares/Third_Party/FreeRTOS/Source/stream_buffer.c **** #ifndef sbRECEIVE_COMPLETED_FROM_ISR
  72:Middlewares/Third_Party/FreeRTOS/Source/stream_buffer.c **** 	#define sbRECEIVE_COMPLETED_FROM_ISR( pxStreamBuffer,								\
  73:Middlewares/Third_Party/FreeRTOS/Source/stream_buffer.c **** 										  pxHigherPriorityTaskWoken )					\
  74:Middlewares/Third_Party/FreeRTOS/Source/stream_buffer.c **** 	{																					\
  75:Middlewares/Third_Party/FreeRTOS/Source/stream_buffer.c **** 	UBaseType_t uxSavedInterruptStatus;													\
  76:Middlewares/Third_Party/FreeRTOS/Source/stream_buffer.c **** 																						\
  77:Middlewares/Third_Party/FreeRTOS/Source/stream_buffer.c **** 		uxSavedInterruptStatus = ( UBaseType_t ) portSET_INTERRUPT_MASK_FROM_ISR();		\
  78:Middlewares/Third_Party/FreeRTOS/Source/stream_buffer.c **** 		{																				\
  79:Middlewares/Third_Party/FreeRTOS/Source/stream_buffer.c **** 			if( ( pxStreamBuffer )->xTaskWaitingToSend != NULL )						\
  80:Middlewares/Third_Party/FreeRTOS/Source/stream_buffer.c **** 			{																			\
  81:Middlewares/Third_Party/FreeRTOS/Source/stream_buffer.c **** 				( void ) xTaskNotifyFromISR( ( pxStreamBuffer )->xTaskWaitingToSend,	\
  82:Middlewares/Third_Party/FreeRTOS/Source/stream_buffer.c **** 											 ( uint32_t ) 0,							\
  83:Middlewares/Third_Party/FreeRTOS/Source/stream_buffer.c **** 											 eNoAction,									\
  84:Middlewares/Third_Party/FreeRTOS/Source/stream_buffer.c **** 											 pxHigherPriorityTaskWoken );				\
  85:Middlewares/Third_Party/FreeRTOS/Source/stream_buffer.c **** 				( pxStreamBuffer )->xTaskWaitingToSend = NULL;							\
  86:Middlewares/Third_Party/FreeRTOS/Source/stream_buffer.c **** 			}																			\
  87:Middlewares/Third_Party/FreeRTOS/Source/stream_buffer.c **** 		}																				\
  88:Middlewares/Third_Party/FreeRTOS/Source/stream_buffer.c **** 		portCLEAR_INTERRUPT_MASK_FROM_ISR( uxSavedInterruptStatus );					\
  89:Middlewares/Third_Party/FreeRTOS/Source/stream_buffer.c **** 	}
ARM GAS  D:\TMP\ccko02Uc.s 			page 3


  90:Middlewares/Third_Party/FreeRTOS/Source/stream_buffer.c **** #endif /* sbRECEIVE_COMPLETED_FROM_ISR */
  91:Middlewares/Third_Party/FreeRTOS/Source/stream_buffer.c **** 
  92:Middlewares/Third_Party/FreeRTOS/Source/stream_buffer.c **** /* If the user has not provided an application specific Tx notification macro,
  93:Middlewares/Third_Party/FreeRTOS/Source/stream_buffer.c **** or #defined the notification macro away, them provide a default implementation
  94:Middlewares/Third_Party/FreeRTOS/Source/stream_buffer.c **** that uses task notifications. */
  95:Middlewares/Third_Party/FreeRTOS/Source/stream_buffer.c **** #ifndef sbSEND_COMPLETED
  96:Middlewares/Third_Party/FreeRTOS/Source/stream_buffer.c **** 	#define sbSEND_COMPLETED( pxStreamBuffer )											\
  97:Middlewares/Third_Party/FreeRTOS/Source/stream_buffer.c **** 		vTaskSuspendAll();																\
  98:Middlewares/Third_Party/FreeRTOS/Source/stream_buffer.c **** 		{																				\
  99:Middlewares/Third_Party/FreeRTOS/Source/stream_buffer.c **** 			if( ( pxStreamBuffer )->xTaskWaitingToReceive != NULL )						\
 100:Middlewares/Third_Party/FreeRTOS/Source/stream_buffer.c **** 			{																			\
 101:Middlewares/Third_Party/FreeRTOS/Source/stream_buffer.c **** 				( void ) xTaskNotify( ( pxStreamBuffer )->xTaskWaitingToReceive,		\
 102:Middlewares/Third_Party/FreeRTOS/Source/stream_buffer.c **** 									  ( uint32_t ) 0,									\
 103:Middlewares/Third_Party/FreeRTOS/Source/stream_buffer.c **** 									  eNoAction );										\
 104:Middlewares/Third_Party/FreeRTOS/Source/stream_buffer.c **** 				( pxStreamBuffer )->xTaskWaitingToReceive = NULL;						\
 105:Middlewares/Third_Party/FreeRTOS/Source/stream_buffer.c **** 			}																			\
 106:Middlewares/Third_Party/FreeRTOS/Source/stream_buffer.c **** 		}																				\
 107:Middlewares/Third_Party/FreeRTOS/Source/stream_buffer.c **** 		( void ) xTaskResumeAll();
 108:Middlewares/Third_Party/FreeRTOS/Source/stream_buffer.c **** #endif /* sbSEND_COMPLETED */
 109:Middlewares/Third_Party/FreeRTOS/Source/stream_buffer.c **** 
 110:Middlewares/Third_Party/FreeRTOS/Source/stream_buffer.c **** #ifndef sbSEND_COMPLETE_FROM_ISR
 111:Middlewares/Third_Party/FreeRTOS/Source/stream_buffer.c **** 	#define sbSEND_COMPLETE_FROM_ISR( pxStreamBuffer, pxHigherPriorityTaskWoken )		\
 112:Middlewares/Third_Party/FreeRTOS/Source/stream_buffer.c **** 	{																					\
 113:Middlewares/Third_Party/FreeRTOS/Source/stream_buffer.c **** 	UBaseType_t uxSavedInterruptStatus;													\
 114:Middlewares/Third_Party/FreeRTOS/Source/stream_buffer.c **** 																						\
 115:Middlewares/Third_Party/FreeRTOS/Source/stream_buffer.c **** 		uxSavedInterruptStatus = ( UBaseType_t ) portSET_INTERRUPT_MASK_FROM_ISR();		\
 116:Middlewares/Third_Party/FreeRTOS/Source/stream_buffer.c **** 		{																				\
 117:Middlewares/Third_Party/FreeRTOS/Source/stream_buffer.c **** 			if( ( pxStreamBuffer )->xTaskWaitingToReceive != NULL )						\
 118:Middlewares/Third_Party/FreeRTOS/Source/stream_buffer.c **** 			{																			\
 119:Middlewares/Third_Party/FreeRTOS/Source/stream_buffer.c **** 				( void ) xTaskNotifyFromISR( ( pxStreamBuffer )->xTaskWaitingToReceive,	\
 120:Middlewares/Third_Party/FreeRTOS/Source/stream_buffer.c **** 											 ( uint32_t ) 0,							\
 121:Middlewares/Third_Party/FreeRTOS/Source/stream_buffer.c **** 											 eNoAction,									\
 122:Middlewares/Third_Party/FreeRTOS/Source/stream_buffer.c **** 											 pxHigherPriorityTaskWoken );				\
 123:Middlewares/Third_Party/FreeRTOS/Source/stream_buffer.c **** 				( pxStreamBuffer )->xTaskWaitingToReceive = NULL;						\
 124:Middlewares/Third_Party/FreeRTOS/Source/stream_buffer.c **** 			}																			\
 125:Middlewares/Third_Party/FreeRTOS/Source/stream_buffer.c **** 		}																				\
 126:Middlewares/Third_Party/FreeRTOS/Source/stream_buffer.c **** 		portCLEAR_INTERRUPT_MASK_FROM_ISR( uxSavedInterruptStatus );					\
 127:Middlewares/Third_Party/FreeRTOS/Source/stream_buffer.c **** 	}
 128:Middlewares/Third_Party/FreeRTOS/Source/stream_buffer.c **** #endif /* sbSEND_COMPLETE_FROM_ISR */
 129:Middlewares/Third_Party/FreeRTOS/Source/stream_buffer.c **** /*lint -restore (9026) */
 130:Middlewares/Third_Party/FreeRTOS/Source/stream_buffer.c **** 
 131:Middlewares/Third_Party/FreeRTOS/Source/stream_buffer.c **** /* The number of bytes used to hold the length of a message in the buffer. */
 132:Middlewares/Third_Party/FreeRTOS/Source/stream_buffer.c **** #define sbBYTES_TO_STORE_MESSAGE_LENGTH ( sizeof( configMESSAGE_BUFFER_LENGTH_TYPE ) )
 133:Middlewares/Third_Party/FreeRTOS/Source/stream_buffer.c **** 
 134:Middlewares/Third_Party/FreeRTOS/Source/stream_buffer.c **** /* Bits stored in the ucFlags field of the stream buffer. */
 135:Middlewares/Third_Party/FreeRTOS/Source/stream_buffer.c **** #define sbFLAGS_IS_MESSAGE_BUFFER		( ( uint8_t ) 1 ) /* Set if the stream buffer was created as a m
 136:Middlewares/Third_Party/FreeRTOS/Source/stream_buffer.c **** #define sbFLAGS_IS_STATICALLY_ALLOCATED ( ( uint8_t ) 2 ) /* Set if the stream buffer was created u
 137:Middlewares/Third_Party/FreeRTOS/Source/stream_buffer.c **** 
 138:Middlewares/Third_Party/FreeRTOS/Source/stream_buffer.c **** /*-----------------------------------------------------------*/
 139:Middlewares/Third_Party/FreeRTOS/Source/stream_buffer.c **** 
 140:Middlewares/Third_Party/FreeRTOS/Source/stream_buffer.c **** /* Structure that hold state information on the buffer. */
 141:Middlewares/Third_Party/FreeRTOS/Source/stream_buffer.c **** typedef struct StreamBufferDef_t /*lint !e9058 Style convention uses tag. */
 142:Middlewares/Third_Party/FreeRTOS/Source/stream_buffer.c **** {
 143:Middlewares/Third_Party/FreeRTOS/Source/stream_buffer.c **** 	volatile size_t xTail;				/* Index to the next item to read within the buffer. */
 144:Middlewares/Third_Party/FreeRTOS/Source/stream_buffer.c **** 	volatile size_t xHead;				/* Index to the next item to write within the buffer. */
 145:Middlewares/Third_Party/FreeRTOS/Source/stream_buffer.c **** 	size_t xLength;						/* The length of the buffer pointed to by pucBuffer. */
 146:Middlewares/Third_Party/FreeRTOS/Source/stream_buffer.c **** 	size_t xTriggerLevelBytes;			/* The number of bytes that must be in the stream buffer before a tas
ARM GAS  D:\TMP\ccko02Uc.s 			page 4


 147:Middlewares/Third_Party/FreeRTOS/Source/stream_buffer.c **** 	volatile TaskHandle_t xTaskWaitingToReceive; /* Holds the handle of a task waiting for data, or NU
 148:Middlewares/Third_Party/FreeRTOS/Source/stream_buffer.c **** 	volatile TaskHandle_t xTaskWaitingToSend;	/* Holds the handle of a task waiting to send data to a 
 149:Middlewares/Third_Party/FreeRTOS/Source/stream_buffer.c **** 	uint8_t *pucBuffer;					/* Points to the buffer itself - that is - the RAM that stores the data pa
 150:Middlewares/Third_Party/FreeRTOS/Source/stream_buffer.c **** 	uint8_t ucFlags;
 151:Middlewares/Third_Party/FreeRTOS/Source/stream_buffer.c **** 
 152:Middlewares/Third_Party/FreeRTOS/Source/stream_buffer.c **** 	#if ( configUSE_TRACE_FACILITY == 1 )
 153:Middlewares/Third_Party/FreeRTOS/Source/stream_buffer.c **** 		UBaseType_t uxStreamBufferNumber;		/* Used for tracing purposes. */
 154:Middlewares/Third_Party/FreeRTOS/Source/stream_buffer.c **** 	#endif
 155:Middlewares/Third_Party/FreeRTOS/Source/stream_buffer.c **** } StreamBuffer_t;
 156:Middlewares/Third_Party/FreeRTOS/Source/stream_buffer.c **** 
 157:Middlewares/Third_Party/FreeRTOS/Source/stream_buffer.c **** /*
 158:Middlewares/Third_Party/FreeRTOS/Source/stream_buffer.c ****  * The number of bytes available to be read from the buffer.
 159:Middlewares/Third_Party/FreeRTOS/Source/stream_buffer.c ****  */
 160:Middlewares/Third_Party/FreeRTOS/Source/stream_buffer.c **** static size_t prvBytesInBuffer( const StreamBuffer_t * const pxStreamBuffer ) PRIVILEGED_FUNCTION;
 161:Middlewares/Third_Party/FreeRTOS/Source/stream_buffer.c **** 
 162:Middlewares/Third_Party/FreeRTOS/Source/stream_buffer.c **** /*
 163:Middlewares/Third_Party/FreeRTOS/Source/stream_buffer.c ****  * Add xCount bytes from pucData into the pxStreamBuffer message buffer.
 164:Middlewares/Third_Party/FreeRTOS/Source/stream_buffer.c ****  * Returns the number of bytes written, which will either equal xCount in the
 165:Middlewares/Third_Party/FreeRTOS/Source/stream_buffer.c ****  * success case, or 0 if there was not enough space in the buffer (in which case
 166:Middlewares/Third_Party/FreeRTOS/Source/stream_buffer.c ****  * no data is written into the buffer).
 167:Middlewares/Third_Party/FreeRTOS/Source/stream_buffer.c ****  */
 168:Middlewares/Third_Party/FreeRTOS/Source/stream_buffer.c **** static size_t prvWriteBytesToBuffer( StreamBuffer_t * const pxStreamBuffer, const uint8_t *pucData,
 169:Middlewares/Third_Party/FreeRTOS/Source/stream_buffer.c **** 
 170:Middlewares/Third_Party/FreeRTOS/Source/stream_buffer.c **** /*
 171:Middlewares/Third_Party/FreeRTOS/Source/stream_buffer.c ****  * If the stream buffer is being used as a message buffer, then reads an entire
 172:Middlewares/Third_Party/FreeRTOS/Source/stream_buffer.c ****  * message out of the buffer.  If the stream buffer is being used as a stream
 173:Middlewares/Third_Party/FreeRTOS/Source/stream_buffer.c ****  * buffer then read as many bytes as possible from the buffer.
 174:Middlewares/Third_Party/FreeRTOS/Source/stream_buffer.c ****  * prvReadBytesFromBuffer() is called to actually extract the bytes from the
 175:Middlewares/Third_Party/FreeRTOS/Source/stream_buffer.c ****  * buffer's data storage area.
 176:Middlewares/Third_Party/FreeRTOS/Source/stream_buffer.c ****  */
 177:Middlewares/Third_Party/FreeRTOS/Source/stream_buffer.c **** static size_t prvReadMessageFromBuffer( StreamBuffer_t *pxStreamBuffer,
 178:Middlewares/Third_Party/FreeRTOS/Source/stream_buffer.c **** 										void *pvRxData,
 179:Middlewares/Third_Party/FreeRTOS/Source/stream_buffer.c **** 										size_t xBufferLengthBytes,
 180:Middlewares/Third_Party/FreeRTOS/Source/stream_buffer.c **** 										size_t xBytesAvailable,
 181:Middlewares/Third_Party/FreeRTOS/Source/stream_buffer.c **** 										size_t xBytesToStoreMessageLength ) PRIVILEGED_FUNCTION;
 182:Middlewares/Third_Party/FreeRTOS/Source/stream_buffer.c **** 
 183:Middlewares/Third_Party/FreeRTOS/Source/stream_buffer.c **** /*
 184:Middlewares/Third_Party/FreeRTOS/Source/stream_buffer.c ****  * If the stream buffer is being used as a message buffer, then writes an entire
 185:Middlewares/Third_Party/FreeRTOS/Source/stream_buffer.c ****  * message to the buffer.  If the stream buffer is being used as a stream
 186:Middlewares/Third_Party/FreeRTOS/Source/stream_buffer.c ****  * buffer then write as many bytes as possible to the buffer.
 187:Middlewares/Third_Party/FreeRTOS/Source/stream_buffer.c ****  * prvWriteBytestoBuffer() is called to actually send the bytes to the buffer's
 188:Middlewares/Third_Party/FreeRTOS/Source/stream_buffer.c ****  * data storage area.
 189:Middlewares/Third_Party/FreeRTOS/Source/stream_buffer.c ****  */
 190:Middlewares/Third_Party/FreeRTOS/Source/stream_buffer.c **** static size_t prvWriteMessageToBuffer(  StreamBuffer_t * const pxStreamBuffer,
 191:Middlewares/Third_Party/FreeRTOS/Source/stream_buffer.c **** 										const void * pvTxData,
 192:Middlewares/Third_Party/FreeRTOS/Source/stream_buffer.c **** 										size_t xDataLengthBytes,
 193:Middlewares/Third_Party/FreeRTOS/Source/stream_buffer.c **** 										size_t xSpace,
 194:Middlewares/Third_Party/FreeRTOS/Source/stream_buffer.c **** 										size_t xRequiredSpace ) PRIVILEGED_FUNCTION;
 195:Middlewares/Third_Party/FreeRTOS/Source/stream_buffer.c **** 
 196:Middlewares/Third_Party/FreeRTOS/Source/stream_buffer.c **** /*
 197:Middlewares/Third_Party/FreeRTOS/Source/stream_buffer.c ****  * Read xMaxCount bytes from the pxStreamBuffer message buffer and write them
 198:Middlewares/Third_Party/FreeRTOS/Source/stream_buffer.c ****  * to pucData.
 199:Middlewares/Third_Party/FreeRTOS/Source/stream_buffer.c ****  */
 200:Middlewares/Third_Party/FreeRTOS/Source/stream_buffer.c **** static size_t prvReadBytesFromBuffer( StreamBuffer_t *pxStreamBuffer,
 201:Middlewares/Third_Party/FreeRTOS/Source/stream_buffer.c **** 									  uint8_t *pucData,
 202:Middlewares/Third_Party/FreeRTOS/Source/stream_buffer.c **** 									  size_t xMaxCount,
 203:Middlewares/Third_Party/FreeRTOS/Source/stream_buffer.c **** 									  size_t xBytesAvailable ) PRIVILEGED_FUNCTION;
ARM GAS  D:\TMP\ccko02Uc.s 			page 5


 204:Middlewares/Third_Party/FreeRTOS/Source/stream_buffer.c **** 
 205:Middlewares/Third_Party/FreeRTOS/Source/stream_buffer.c **** /*
 206:Middlewares/Third_Party/FreeRTOS/Source/stream_buffer.c ****  * Called by both pxStreamBufferCreate() and pxStreamBufferCreateStatic() to
 207:Middlewares/Third_Party/FreeRTOS/Source/stream_buffer.c ****  * initialise the members of the newly created stream buffer structure.
 208:Middlewares/Third_Party/FreeRTOS/Source/stream_buffer.c ****  */
 209:Middlewares/Third_Party/FreeRTOS/Source/stream_buffer.c **** static void prvInitialiseNewStreamBuffer( StreamBuffer_t * const pxStreamBuffer,
 210:Middlewares/Third_Party/FreeRTOS/Source/stream_buffer.c **** 										  uint8_t * const pucBuffer,
 211:Middlewares/Third_Party/FreeRTOS/Source/stream_buffer.c **** 										  size_t xBufferSizeBytes,
 212:Middlewares/Third_Party/FreeRTOS/Source/stream_buffer.c **** 										  size_t xTriggerLevelBytes,
 213:Middlewares/Third_Party/FreeRTOS/Source/stream_buffer.c **** 										  uint8_t ucFlags ) PRIVILEGED_FUNCTION;
 214:Middlewares/Third_Party/FreeRTOS/Source/stream_buffer.c **** 
 215:Middlewares/Third_Party/FreeRTOS/Source/stream_buffer.c **** /*-----------------------------------------------------------*/
 216:Middlewares/Third_Party/FreeRTOS/Source/stream_buffer.c **** 
 217:Middlewares/Third_Party/FreeRTOS/Source/stream_buffer.c **** #if( configSUPPORT_DYNAMIC_ALLOCATION == 1 )
 218:Middlewares/Third_Party/FreeRTOS/Source/stream_buffer.c **** 
 219:Middlewares/Third_Party/FreeRTOS/Source/stream_buffer.c **** 	StreamBufferHandle_t xStreamBufferGenericCreate( size_t xBufferSizeBytes, size_t xTriggerLevelByte
 220:Middlewares/Third_Party/FreeRTOS/Source/stream_buffer.c **** 	{
 221:Middlewares/Third_Party/FreeRTOS/Source/stream_buffer.c **** 	uint8_t *pucAllocatedMemory;
 222:Middlewares/Third_Party/FreeRTOS/Source/stream_buffer.c **** 	uint8_t ucFlags;
 223:Middlewares/Third_Party/FreeRTOS/Source/stream_buffer.c **** 
 224:Middlewares/Third_Party/FreeRTOS/Source/stream_buffer.c **** 		/* In case the stream buffer is going to be used as a message buffer
 225:Middlewares/Third_Party/FreeRTOS/Source/stream_buffer.c **** 		(that is, it will hold discrete messages with a little meta data that
 226:Middlewares/Third_Party/FreeRTOS/Source/stream_buffer.c **** 		says how big the next message is) check the buffer will be large enough
 227:Middlewares/Third_Party/FreeRTOS/Source/stream_buffer.c **** 		to hold at least one message. */
 228:Middlewares/Third_Party/FreeRTOS/Source/stream_buffer.c **** 		if( xIsMessageBuffer == pdTRUE )
 229:Middlewares/Third_Party/FreeRTOS/Source/stream_buffer.c **** 		{
 230:Middlewares/Third_Party/FreeRTOS/Source/stream_buffer.c **** 			/* Is a message buffer but not statically allocated. */
 231:Middlewares/Third_Party/FreeRTOS/Source/stream_buffer.c **** 			ucFlags = sbFLAGS_IS_MESSAGE_BUFFER;
 232:Middlewares/Third_Party/FreeRTOS/Source/stream_buffer.c **** 			configASSERT( xBufferSizeBytes > sbBYTES_TO_STORE_MESSAGE_LENGTH );
 233:Middlewares/Third_Party/FreeRTOS/Source/stream_buffer.c **** 		}
 234:Middlewares/Third_Party/FreeRTOS/Source/stream_buffer.c **** 		else
 235:Middlewares/Third_Party/FreeRTOS/Source/stream_buffer.c **** 		{
 236:Middlewares/Third_Party/FreeRTOS/Source/stream_buffer.c **** 			/* Not a message buffer and not statically allocated. */
 237:Middlewares/Third_Party/FreeRTOS/Source/stream_buffer.c **** 			ucFlags = 0;
 238:Middlewares/Third_Party/FreeRTOS/Source/stream_buffer.c **** 			configASSERT( xBufferSizeBytes > 0 );
 239:Middlewares/Third_Party/FreeRTOS/Source/stream_buffer.c **** 		}
 240:Middlewares/Third_Party/FreeRTOS/Source/stream_buffer.c **** 		configASSERT( xTriggerLevelBytes <= xBufferSizeBytes );
 241:Middlewares/Third_Party/FreeRTOS/Source/stream_buffer.c **** 
 242:Middlewares/Third_Party/FreeRTOS/Source/stream_buffer.c **** 		/* A trigger level of 0 would cause a waiting task to unblock even when
 243:Middlewares/Third_Party/FreeRTOS/Source/stream_buffer.c **** 		the buffer was empty. */
 244:Middlewares/Third_Party/FreeRTOS/Source/stream_buffer.c **** 		if( xTriggerLevelBytes == ( size_t ) 0 )
 245:Middlewares/Third_Party/FreeRTOS/Source/stream_buffer.c **** 		{
 246:Middlewares/Third_Party/FreeRTOS/Source/stream_buffer.c **** 			xTriggerLevelBytes = ( size_t ) 1;
 247:Middlewares/Third_Party/FreeRTOS/Source/stream_buffer.c **** 		}
 248:Middlewares/Third_Party/FreeRTOS/Source/stream_buffer.c **** 
 249:Middlewares/Third_Party/FreeRTOS/Source/stream_buffer.c **** 		/* A stream buffer requires a StreamBuffer_t structure and a buffer.
 250:Middlewares/Third_Party/FreeRTOS/Source/stream_buffer.c **** 		Both are allocated in a single call to pvPortMalloc().  The
 251:Middlewares/Third_Party/FreeRTOS/Source/stream_buffer.c **** 		StreamBuffer_t structure is placed at the start of the allocated memory
 252:Middlewares/Third_Party/FreeRTOS/Source/stream_buffer.c **** 		and the buffer follows immediately after.  The requested size is
 253:Middlewares/Third_Party/FreeRTOS/Source/stream_buffer.c **** 		incremented so the free space is returned as the user would expect -
 254:Middlewares/Third_Party/FreeRTOS/Source/stream_buffer.c **** 		this is a quirk of the implementation that means otherwise the free
 255:Middlewares/Third_Party/FreeRTOS/Source/stream_buffer.c **** 		space would be reported as one byte smaller than would be logically
 256:Middlewares/Third_Party/FreeRTOS/Source/stream_buffer.c **** 		expected. */
 257:Middlewares/Third_Party/FreeRTOS/Source/stream_buffer.c **** 		xBufferSizeBytes++;
 258:Middlewares/Third_Party/FreeRTOS/Source/stream_buffer.c **** 		pucAllocatedMemory = ( uint8_t * ) pvPortMalloc( xBufferSizeBytes + sizeof( StreamBuffer_t ) ); /
 259:Middlewares/Third_Party/FreeRTOS/Source/stream_buffer.c **** 
 260:Middlewares/Third_Party/FreeRTOS/Source/stream_buffer.c **** 		if( pucAllocatedMemory != NULL )
ARM GAS  D:\TMP\ccko02Uc.s 			page 6


 261:Middlewares/Third_Party/FreeRTOS/Source/stream_buffer.c **** 		{
 262:Middlewares/Third_Party/FreeRTOS/Source/stream_buffer.c **** 			prvInitialiseNewStreamBuffer( ( StreamBuffer_t * ) pucAllocatedMemory, /* Structure at the start
 263:Middlewares/Third_Party/FreeRTOS/Source/stream_buffer.c **** 										   pucAllocatedMemory + sizeof( StreamBuffer_t ),  /* Storage area follows. */ /*lint !e9
 264:Middlewares/Third_Party/FreeRTOS/Source/stream_buffer.c **** 										   xBufferSizeBytes,
 265:Middlewares/Third_Party/FreeRTOS/Source/stream_buffer.c **** 										   xTriggerLevelBytes,
 266:Middlewares/Third_Party/FreeRTOS/Source/stream_buffer.c **** 										   ucFlags );
 267:Middlewares/Third_Party/FreeRTOS/Source/stream_buffer.c **** 
 268:Middlewares/Third_Party/FreeRTOS/Source/stream_buffer.c **** 			traceSTREAM_BUFFER_CREATE( ( ( StreamBuffer_t * ) pucAllocatedMemory ), xIsMessageBuffer );
 269:Middlewares/Third_Party/FreeRTOS/Source/stream_buffer.c **** 		}
 270:Middlewares/Third_Party/FreeRTOS/Source/stream_buffer.c **** 		else
 271:Middlewares/Third_Party/FreeRTOS/Source/stream_buffer.c **** 		{
 272:Middlewares/Third_Party/FreeRTOS/Source/stream_buffer.c **** 			traceSTREAM_BUFFER_CREATE_FAILED( xIsMessageBuffer );
 273:Middlewares/Third_Party/FreeRTOS/Source/stream_buffer.c **** 		}
 274:Middlewares/Third_Party/FreeRTOS/Source/stream_buffer.c **** 
 275:Middlewares/Third_Party/FreeRTOS/Source/stream_buffer.c **** 		return ( StreamBufferHandle_t ) pucAllocatedMemory; /*lint !e9087 !e826 Safe cast as allocated me
 276:Middlewares/Third_Party/FreeRTOS/Source/stream_buffer.c **** 	}
 277:Middlewares/Third_Party/FreeRTOS/Source/stream_buffer.c **** 
 278:Middlewares/Third_Party/FreeRTOS/Source/stream_buffer.c **** #endif /* configSUPPORT_DYNAMIC_ALLOCATION */
 279:Middlewares/Third_Party/FreeRTOS/Source/stream_buffer.c **** /*-----------------------------------------------------------*/
 280:Middlewares/Third_Party/FreeRTOS/Source/stream_buffer.c **** 
 281:Middlewares/Third_Party/FreeRTOS/Source/stream_buffer.c **** #if( configSUPPORT_STATIC_ALLOCATION == 1 )
 282:Middlewares/Third_Party/FreeRTOS/Source/stream_buffer.c **** 
 283:Middlewares/Third_Party/FreeRTOS/Source/stream_buffer.c **** 	StreamBufferHandle_t xStreamBufferGenericCreateStatic( size_t xBufferSizeBytes,
 284:Middlewares/Third_Party/FreeRTOS/Source/stream_buffer.c **** 														   size_t xTriggerLevelBytes,
 285:Middlewares/Third_Party/FreeRTOS/Source/stream_buffer.c **** 														   BaseType_t xIsMessageBuffer,
 286:Middlewares/Third_Party/FreeRTOS/Source/stream_buffer.c **** 														   uint8_t * const pucStreamBufferStorageArea,
 287:Middlewares/Third_Party/FreeRTOS/Source/stream_buffer.c **** 														   StaticStreamBuffer_t * const pxStaticStreamBuffer )
 288:Middlewares/Third_Party/FreeRTOS/Source/stream_buffer.c **** 	{
 289:Middlewares/Third_Party/FreeRTOS/Source/stream_buffer.c **** 	StreamBuffer_t * const pxStreamBuffer = ( StreamBuffer_t * ) pxStaticStreamBuffer; /*lint !e740 !e
 290:Middlewares/Third_Party/FreeRTOS/Source/stream_buffer.c **** 	StreamBufferHandle_t xReturn;
 291:Middlewares/Third_Party/FreeRTOS/Source/stream_buffer.c **** 	uint8_t ucFlags;
 292:Middlewares/Third_Party/FreeRTOS/Source/stream_buffer.c **** 
 293:Middlewares/Third_Party/FreeRTOS/Source/stream_buffer.c **** 		configASSERT( pucStreamBufferStorageArea );
 294:Middlewares/Third_Party/FreeRTOS/Source/stream_buffer.c **** 		configASSERT( pxStaticStreamBuffer );
 295:Middlewares/Third_Party/FreeRTOS/Source/stream_buffer.c **** 		configASSERT( xTriggerLevelBytes <= xBufferSizeBytes );
 296:Middlewares/Third_Party/FreeRTOS/Source/stream_buffer.c **** 
 297:Middlewares/Third_Party/FreeRTOS/Source/stream_buffer.c **** 		/* A trigger level of 0 would cause a waiting task to unblock even when
 298:Middlewares/Third_Party/FreeRTOS/Source/stream_buffer.c **** 		the buffer was empty. */
 299:Middlewares/Third_Party/FreeRTOS/Source/stream_buffer.c **** 		if( xTriggerLevelBytes == ( size_t ) 0 )
 300:Middlewares/Third_Party/FreeRTOS/Source/stream_buffer.c **** 		{
 301:Middlewares/Third_Party/FreeRTOS/Source/stream_buffer.c **** 			xTriggerLevelBytes = ( size_t ) 1;
 302:Middlewares/Third_Party/FreeRTOS/Source/stream_buffer.c **** 		}
 303:Middlewares/Third_Party/FreeRTOS/Source/stream_buffer.c **** 
 304:Middlewares/Third_Party/FreeRTOS/Source/stream_buffer.c **** 		if( xIsMessageBuffer != pdFALSE )
 305:Middlewares/Third_Party/FreeRTOS/Source/stream_buffer.c **** 		{
 306:Middlewares/Third_Party/FreeRTOS/Source/stream_buffer.c **** 			/* Statically allocated message buffer. */
 307:Middlewares/Third_Party/FreeRTOS/Source/stream_buffer.c **** 			ucFlags = sbFLAGS_IS_MESSAGE_BUFFER | sbFLAGS_IS_STATICALLY_ALLOCATED;
 308:Middlewares/Third_Party/FreeRTOS/Source/stream_buffer.c **** 		}
 309:Middlewares/Third_Party/FreeRTOS/Source/stream_buffer.c **** 		else
 310:Middlewares/Third_Party/FreeRTOS/Source/stream_buffer.c **** 		{
 311:Middlewares/Third_Party/FreeRTOS/Source/stream_buffer.c **** 			/* Statically allocated stream buffer. */
 312:Middlewares/Third_Party/FreeRTOS/Source/stream_buffer.c **** 			ucFlags = sbFLAGS_IS_STATICALLY_ALLOCATED;
 313:Middlewares/Third_Party/FreeRTOS/Source/stream_buffer.c **** 		}
 314:Middlewares/Third_Party/FreeRTOS/Source/stream_buffer.c **** 
 315:Middlewares/Third_Party/FreeRTOS/Source/stream_buffer.c **** 		/* In case the stream buffer is going to be used as a message buffer
 316:Middlewares/Third_Party/FreeRTOS/Source/stream_buffer.c **** 		(that is, it will hold discrete messages with a little meta data that
 317:Middlewares/Third_Party/FreeRTOS/Source/stream_buffer.c **** 		says how big the next message is) check the buffer will be large enough
ARM GAS  D:\TMP\ccko02Uc.s 			page 7


 318:Middlewares/Third_Party/FreeRTOS/Source/stream_buffer.c **** 		to hold at least one message. */
 319:Middlewares/Third_Party/FreeRTOS/Source/stream_buffer.c **** 		configASSERT( xBufferSizeBytes > sbBYTES_TO_STORE_MESSAGE_LENGTH );
 320:Middlewares/Third_Party/FreeRTOS/Source/stream_buffer.c **** 
 321:Middlewares/Third_Party/FreeRTOS/Source/stream_buffer.c **** 		#if( configASSERT_DEFINED == 1 )
 322:Middlewares/Third_Party/FreeRTOS/Source/stream_buffer.c **** 		{
 323:Middlewares/Third_Party/FreeRTOS/Source/stream_buffer.c **** 			/* Sanity check that the size of the structure used to declare a
 324:Middlewares/Third_Party/FreeRTOS/Source/stream_buffer.c **** 			variable of type StaticStreamBuffer_t equals the size of the real
 325:Middlewares/Third_Party/FreeRTOS/Source/stream_buffer.c **** 			message buffer structure. */
 326:Middlewares/Third_Party/FreeRTOS/Source/stream_buffer.c **** 			volatile size_t xSize = sizeof( StaticStreamBuffer_t );
 327:Middlewares/Third_Party/FreeRTOS/Source/stream_buffer.c **** 			configASSERT( xSize == sizeof( StreamBuffer_t ) );
 328:Middlewares/Third_Party/FreeRTOS/Source/stream_buffer.c **** 		} /*lint !e529 xSize is referenced is configASSERT() is defined. */
 329:Middlewares/Third_Party/FreeRTOS/Source/stream_buffer.c **** 		#endif /* configASSERT_DEFINED */
 330:Middlewares/Third_Party/FreeRTOS/Source/stream_buffer.c **** 
 331:Middlewares/Third_Party/FreeRTOS/Source/stream_buffer.c **** 		if( ( pucStreamBufferStorageArea != NULL ) && ( pxStaticStreamBuffer != NULL ) )
 332:Middlewares/Third_Party/FreeRTOS/Source/stream_buffer.c **** 		{
 333:Middlewares/Third_Party/FreeRTOS/Source/stream_buffer.c **** 			prvInitialiseNewStreamBuffer( pxStreamBuffer,
 334:Middlewares/Third_Party/FreeRTOS/Source/stream_buffer.c **** 										  pucStreamBufferStorageArea,
 335:Middlewares/Third_Party/FreeRTOS/Source/stream_buffer.c **** 										  xBufferSizeBytes,
 336:Middlewares/Third_Party/FreeRTOS/Source/stream_buffer.c **** 										  xTriggerLevelBytes,
 337:Middlewares/Third_Party/FreeRTOS/Source/stream_buffer.c **** 										  ucFlags );
 338:Middlewares/Third_Party/FreeRTOS/Source/stream_buffer.c **** 
 339:Middlewares/Third_Party/FreeRTOS/Source/stream_buffer.c **** 			/* Remember this was statically allocated in case it is ever deleted
 340:Middlewares/Third_Party/FreeRTOS/Source/stream_buffer.c **** 			again. */
 341:Middlewares/Third_Party/FreeRTOS/Source/stream_buffer.c **** 			pxStreamBuffer->ucFlags |= sbFLAGS_IS_STATICALLY_ALLOCATED;
 342:Middlewares/Third_Party/FreeRTOS/Source/stream_buffer.c **** 
 343:Middlewares/Third_Party/FreeRTOS/Source/stream_buffer.c **** 			traceSTREAM_BUFFER_CREATE( pxStreamBuffer, xIsMessageBuffer );
 344:Middlewares/Third_Party/FreeRTOS/Source/stream_buffer.c **** 
 345:Middlewares/Third_Party/FreeRTOS/Source/stream_buffer.c **** 			xReturn = ( StreamBufferHandle_t ) pxStaticStreamBuffer; /*lint !e9087 Data hiding requires cast
 346:Middlewares/Third_Party/FreeRTOS/Source/stream_buffer.c **** 		}
 347:Middlewares/Third_Party/FreeRTOS/Source/stream_buffer.c **** 		else
 348:Middlewares/Third_Party/FreeRTOS/Source/stream_buffer.c **** 		{
 349:Middlewares/Third_Party/FreeRTOS/Source/stream_buffer.c **** 			xReturn = NULL;
 350:Middlewares/Third_Party/FreeRTOS/Source/stream_buffer.c **** 			traceSTREAM_BUFFER_CREATE_STATIC_FAILED( xReturn, xIsMessageBuffer );
 351:Middlewares/Third_Party/FreeRTOS/Source/stream_buffer.c **** 		}
 352:Middlewares/Third_Party/FreeRTOS/Source/stream_buffer.c **** 
 353:Middlewares/Third_Party/FreeRTOS/Source/stream_buffer.c **** 		return xReturn;
 354:Middlewares/Third_Party/FreeRTOS/Source/stream_buffer.c **** 	}
 355:Middlewares/Third_Party/FreeRTOS/Source/stream_buffer.c **** 
 356:Middlewares/Third_Party/FreeRTOS/Source/stream_buffer.c **** #endif /* ( configSUPPORT_STATIC_ALLOCATION == 1 ) */
 357:Middlewares/Third_Party/FreeRTOS/Source/stream_buffer.c **** /*-----------------------------------------------------------*/
 358:Middlewares/Third_Party/FreeRTOS/Source/stream_buffer.c **** 
 359:Middlewares/Third_Party/FreeRTOS/Source/stream_buffer.c **** void vStreamBufferDelete( StreamBufferHandle_t xStreamBuffer )
 360:Middlewares/Third_Party/FreeRTOS/Source/stream_buffer.c **** {
 361:Middlewares/Third_Party/FreeRTOS/Source/stream_buffer.c **** StreamBuffer_t * pxStreamBuffer = xStreamBuffer;
 362:Middlewares/Third_Party/FreeRTOS/Source/stream_buffer.c **** 
 363:Middlewares/Third_Party/FreeRTOS/Source/stream_buffer.c **** 	configASSERT( pxStreamBuffer );
 364:Middlewares/Third_Party/FreeRTOS/Source/stream_buffer.c **** 
 365:Middlewares/Third_Party/FreeRTOS/Source/stream_buffer.c **** 	traceSTREAM_BUFFER_DELETE( xStreamBuffer );
 366:Middlewares/Third_Party/FreeRTOS/Source/stream_buffer.c **** 
 367:Middlewares/Third_Party/FreeRTOS/Source/stream_buffer.c **** 	if( ( pxStreamBuffer->ucFlags & sbFLAGS_IS_STATICALLY_ALLOCATED ) == ( uint8_t ) pdFALSE )
 368:Middlewares/Third_Party/FreeRTOS/Source/stream_buffer.c **** 	{
 369:Middlewares/Third_Party/FreeRTOS/Source/stream_buffer.c **** 		#if( configSUPPORT_DYNAMIC_ALLOCATION == 1 )
 370:Middlewares/Third_Party/FreeRTOS/Source/stream_buffer.c **** 		{
 371:Middlewares/Third_Party/FreeRTOS/Source/stream_buffer.c **** 			/* Both the structure and the buffer were allocated using a single call
 372:Middlewares/Third_Party/FreeRTOS/Source/stream_buffer.c **** 			to pvPortMalloc(), hence only one call to vPortFree() is required. */
 373:Middlewares/Third_Party/FreeRTOS/Source/stream_buffer.c **** 			vPortFree( ( void * ) pxStreamBuffer ); /*lint !e9087 Standard free() semantics require void *, 
 374:Middlewares/Third_Party/FreeRTOS/Source/stream_buffer.c **** 		}
ARM GAS  D:\TMP\ccko02Uc.s 			page 8


 375:Middlewares/Third_Party/FreeRTOS/Source/stream_buffer.c **** 		#else
 376:Middlewares/Third_Party/FreeRTOS/Source/stream_buffer.c **** 		{
 377:Middlewares/Third_Party/FreeRTOS/Source/stream_buffer.c **** 			/* Should not be possible to get here, ucFlags must be corrupt.
 378:Middlewares/Third_Party/FreeRTOS/Source/stream_buffer.c **** 			Force an assert. */
 379:Middlewares/Third_Party/FreeRTOS/Source/stream_buffer.c **** 			configASSERT( xStreamBuffer == ( StreamBufferHandle_t ) ~0 );
 380:Middlewares/Third_Party/FreeRTOS/Source/stream_buffer.c **** 		}
 381:Middlewares/Third_Party/FreeRTOS/Source/stream_buffer.c **** 		#endif
 382:Middlewares/Third_Party/FreeRTOS/Source/stream_buffer.c **** 	}
 383:Middlewares/Third_Party/FreeRTOS/Source/stream_buffer.c **** 	else
 384:Middlewares/Third_Party/FreeRTOS/Source/stream_buffer.c **** 	{
 385:Middlewares/Third_Party/FreeRTOS/Source/stream_buffer.c **** 		/* The structure and buffer were not allocated dynamically and cannot be
 386:Middlewares/Third_Party/FreeRTOS/Source/stream_buffer.c **** 		freed - just scrub the structure so future use will assert. */
 387:Middlewares/Third_Party/FreeRTOS/Source/stream_buffer.c **** 		( void ) memset( pxStreamBuffer, 0x00, sizeof( StreamBuffer_t ) );
 388:Middlewares/Third_Party/FreeRTOS/Source/stream_buffer.c **** 	}
 389:Middlewares/Third_Party/FreeRTOS/Source/stream_buffer.c **** }
 390:Middlewares/Third_Party/FreeRTOS/Source/stream_buffer.c **** /*-----------------------------------------------------------*/
 391:Middlewares/Third_Party/FreeRTOS/Source/stream_buffer.c **** 
 392:Middlewares/Third_Party/FreeRTOS/Source/stream_buffer.c **** BaseType_t xStreamBufferReset( StreamBufferHandle_t xStreamBuffer )
 393:Middlewares/Third_Party/FreeRTOS/Source/stream_buffer.c **** {
 394:Middlewares/Third_Party/FreeRTOS/Source/stream_buffer.c **** StreamBuffer_t * const pxStreamBuffer = xStreamBuffer;
 395:Middlewares/Third_Party/FreeRTOS/Source/stream_buffer.c **** BaseType_t xReturn = pdFAIL;
 396:Middlewares/Third_Party/FreeRTOS/Source/stream_buffer.c **** 
 397:Middlewares/Third_Party/FreeRTOS/Source/stream_buffer.c **** #if( configUSE_TRACE_FACILITY == 1 )
 398:Middlewares/Third_Party/FreeRTOS/Source/stream_buffer.c **** 	UBaseType_t uxStreamBufferNumber;
 399:Middlewares/Third_Party/FreeRTOS/Source/stream_buffer.c **** #endif
 400:Middlewares/Third_Party/FreeRTOS/Source/stream_buffer.c **** 
 401:Middlewares/Third_Party/FreeRTOS/Source/stream_buffer.c **** 	configASSERT( pxStreamBuffer );
 402:Middlewares/Third_Party/FreeRTOS/Source/stream_buffer.c **** 
 403:Middlewares/Third_Party/FreeRTOS/Source/stream_buffer.c **** 	#if( configUSE_TRACE_FACILITY == 1 )
 404:Middlewares/Third_Party/FreeRTOS/Source/stream_buffer.c **** 	{
 405:Middlewares/Third_Party/FreeRTOS/Source/stream_buffer.c **** 		/* Store the stream buffer number so it can be restored after the
 406:Middlewares/Third_Party/FreeRTOS/Source/stream_buffer.c **** 		reset. */
 407:Middlewares/Third_Party/FreeRTOS/Source/stream_buffer.c **** 		uxStreamBufferNumber = pxStreamBuffer->uxStreamBufferNumber;
 408:Middlewares/Third_Party/FreeRTOS/Source/stream_buffer.c **** 	}
 409:Middlewares/Third_Party/FreeRTOS/Source/stream_buffer.c **** 	#endif
 410:Middlewares/Third_Party/FreeRTOS/Source/stream_buffer.c **** 
 411:Middlewares/Third_Party/FreeRTOS/Source/stream_buffer.c **** 	/* Can only reset a message buffer if there are no tasks blocked on it. */
 412:Middlewares/Third_Party/FreeRTOS/Source/stream_buffer.c **** 	taskENTER_CRITICAL();
 413:Middlewares/Third_Party/FreeRTOS/Source/stream_buffer.c **** 	{
 414:Middlewares/Third_Party/FreeRTOS/Source/stream_buffer.c **** 		if( pxStreamBuffer->xTaskWaitingToReceive == NULL )
 415:Middlewares/Third_Party/FreeRTOS/Source/stream_buffer.c **** 		{
 416:Middlewares/Third_Party/FreeRTOS/Source/stream_buffer.c **** 			if( pxStreamBuffer->xTaskWaitingToSend == NULL )
 417:Middlewares/Third_Party/FreeRTOS/Source/stream_buffer.c **** 			{
 418:Middlewares/Third_Party/FreeRTOS/Source/stream_buffer.c **** 				prvInitialiseNewStreamBuffer( pxStreamBuffer,
 419:Middlewares/Third_Party/FreeRTOS/Source/stream_buffer.c **** 											  pxStreamBuffer->pucBuffer,
 420:Middlewares/Third_Party/FreeRTOS/Source/stream_buffer.c **** 											  pxStreamBuffer->xLength,
 421:Middlewares/Third_Party/FreeRTOS/Source/stream_buffer.c **** 											  pxStreamBuffer->xTriggerLevelBytes,
 422:Middlewares/Third_Party/FreeRTOS/Source/stream_buffer.c **** 											  pxStreamBuffer->ucFlags );
 423:Middlewares/Third_Party/FreeRTOS/Source/stream_buffer.c **** 				xReturn = pdPASS;
 424:Middlewares/Third_Party/FreeRTOS/Source/stream_buffer.c **** 
 425:Middlewares/Third_Party/FreeRTOS/Source/stream_buffer.c **** 				#if( configUSE_TRACE_FACILITY == 1 )
 426:Middlewares/Third_Party/FreeRTOS/Source/stream_buffer.c **** 				{
 427:Middlewares/Third_Party/FreeRTOS/Source/stream_buffer.c **** 					pxStreamBuffer->uxStreamBufferNumber = uxStreamBufferNumber;
 428:Middlewares/Third_Party/FreeRTOS/Source/stream_buffer.c **** 				}
 429:Middlewares/Third_Party/FreeRTOS/Source/stream_buffer.c **** 				#endif
 430:Middlewares/Third_Party/FreeRTOS/Source/stream_buffer.c **** 
 431:Middlewares/Third_Party/FreeRTOS/Source/stream_buffer.c **** 				traceSTREAM_BUFFER_RESET( xStreamBuffer );
ARM GAS  D:\TMP\ccko02Uc.s 			page 9


 432:Middlewares/Third_Party/FreeRTOS/Source/stream_buffer.c **** 			}
 433:Middlewares/Third_Party/FreeRTOS/Source/stream_buffer.c **** 		}
 434:Middlewares/Third_Party/FreeRTOS/Source/stream_buffer.c **** 	}
 435:Middlewares/Third_Party/FreeRTOS/Source/stream_buffer.c **** 	taskEXIT_CRITICAL();
 436:Middlewares/Third_Party/FreeRTOS/Source/stream_buffer.c **** 
 437:Middlewares/Third_Party/FreeRTOS/Source/stream_buffer.c **** 	return xReturn;
 438:Middlewares/Third_Party/FreeRTOS/Source/stream_buffer.c **** }
 439:Middlewares/Third_Party/FreeRTOS/Source/stream_buffer.c **** /*-----------------------------------------------------------*/
 440:Middlewares/Third_Party/FreeRTOS/Source/stream_buffer.c **** 
 441:Middlewares/Third_Party/FreeRTOS/Source/stream_buffer.c **** BaseType_t xStreamBufferSetTriggerLevel( StreamBufferHandle_t xStreamBuffer, size_t xTriggerLevel )
 442:Middlewares/Third_Party/FreeRTOS/Source/stream_buffer.c **** {
 443:Middlewares/Third_Party/FreeRTOS/Source/stream_buffer.c **** StreamBuffer_t * const pxStreamBuffer = xStreamBuffer;
 444:Middlewares/Third_Party/FreeRTOS/Source/stream_buffer.c **** BaseType_t xReturn;
 445:Middlewares/Third_Party/FreeRTOS/Source/stream_buffer.c **** 
 446:Middlewares/Third_Party/FreeRTOS/Source/stream_buffer.c **** 	configASSERT( pxStreamBuffer );
 447:Middlewares/Third_Party/FreeRTOS/Source/stream_buffer.c **** 
 448:Middlewares/Third_Party/FreeRTOS/Source/stream_buffer.c **** 	/* It is not valid for the trigger level to be 0. */
 449:Middlewares/Third_Party/FreeRTOS/Source/stream_buffer.c **** 	if( xTriggerLevel == ( size_t ) 0 )
 450:Middlewares/Third_Party/FreeRTOS/Source/stream_buffer.c **** 	{
 451:Middlewares/Third_Party/FreeRTOS/Source/stream_buffer.c **** 		xTriggerLevel = ( size_t ) 1;
 452:Middlewares/Third_Party/FreeRTOS/Source/stream_buffer.c **** 	}
 453:Middlewares/Third_Party/FreeRTOS/Source/stream_buffer.c **** 
 454:Middlewares/Third_Party/FreeRTOS/Source/stream_buffer.c **** 	/* The trigger level is the number of bytes that must be in the stream
 455:Middlewares/Third_Party/FreeRTOS/Source/stream_buffer.c **** 	buffer before a task that is waiting for data is unblocked. */
 456:Middlewares/Third_Party/FreeRTOS/Source/stream_buffer.c **** 	if( xTriggerLevel <= pxStreamBuffer->xLength )
 457:Middlewares/Third_Party/FreeRTOS/Source/stream_buffer.c **** 	{
 458:Middlewares/Third_Party/FreeRTOS/Source/stream_buffer.c **** 		pxStreamBuffer->xTriggerLevelBytes = xTriggerLevel;
 459:Middlewares/Third_Party/FreeRTOS/Source/stream_buffer.c **** 		xReturn = pdPASS;
 460:Middlewares/Third_Party/FreeRTOS/Source/stream_buffer.c **** 	}
 461:Middlewares/Third_Party/FreeRTOS/Source/stream_buffer.c **** 	else
 462:Middlewares/Third_Party/FreeRTOS/Source/stream_buffer.c **** 	{
 463:Middlewares/Third_Party/FreeRTOS/Source/stream_buffer.c **** 		xReturn = pdFALSE;
 464:Middlewares/Third_Party/FreeRTOS/Source/stream_buffer.c **** 	}
 465:Middlewares/Third_Party/FreeRTOS/Source/stream_buffer.c **** 
 466:Middlewares/Third_Party/FreeRTOS/Source/stream_buffer.c **** 	return xReturn;
 467:Middlewares/Third_Party/FreeRTOS/Source/stream_buffer.c **** }
 468:Middlewares/Third_Party/FreeRTOS/Source/stream_buffer.c **** /*-----------------------------------------------------------*/
 469:Middlewares/Third_Party/FreeRTOS/Source/stream_buffer.c **** 
 470:Middlewares/Third_Party/FreeRTOS/Source/stream_buffer.c **** size_t xStreamBufferSpacesAvailable( StreamBufferHandle_t xStreamBuffer )
 471:Middlewares/Third_Party/FreeRTOS/Source/stream_buffer.c **** {
 472:Middlewares/Third_Party/FreeRTOS/Source/stream_buffer.c **** const StreamBuffer_t * const pxStreamBuffer = xStreamBuffer;
 473:Middlewares/Third_Party/FreeRTOS/Source/stream_buffer.c **** size_t xSpace;
 474:Middlewares/Third_Party/FreeRTOS/Source/stream_buffer.c **** 
 475:Middlewares/Third_Party/FreeRTOS/Source/stream_buffer.c **** 	configASSERT( pxStreamBuffer );
 476:Middlewares/Third_Party/FreeRTOS/Source/stream_buffer.c **** 
 477:Middlewares/Third_Party/FreeRTOS/Source/stream_buffer.c **** 	xSpace = pxStreamBuffer->xLength + pxStreamBuffer->xTail;
 478:Middlewares/Third_Party/FreeRTOS/Source/stream_buffer.c **** 	xSpace -= pxStreamBuffer->xHead;
 479:Middlewares/Third_Party/FreeRTOS/Source/stream_buffer.c **** 	xSpace -= ( size_t ) 1;
 480:Middlewares/Third_Party/FreeRTOS/Source/stream_buffer.c **** 
 481:Middlewares/Third_Party/FreeRTOS/Source/stream_buffer.c **** 	if( xSpace >= pxStreamBuffer->xLength )
 482:Middlewares/Third_Party/FreeRTOS/Source/stream_buffer.c **** 	{
 483:Middlewares/Third_Party/FreeRTOS/Source/stream_buffer.c **** 		xSpace -= pxStreamBuffer->xLength;
 484:Middlewares/Third_Party/FreeRTOS/Source/stream_buffer.c **** 	}
 485:Middlewares/Third_Party/FreeRTOS/Source/stream_buffer.c **** 	else
 486:Middlewares/Third_Party/FreeRTOS/Source/stream_buffer.c **** 	{
 487:Middlewares/Third_Party/FreeRTOS/Source/stream_buffer.c **** 		mtCOVERAGE_TEST_MARKER();
 488:Middlewares/Third_Party/FreeRTOS/Source/stream_buffer.c **** 	}
ARM GAS  D:\TMP\ccko02Uc.s 			page 10


 489:Middlewares/Third_Party/FreeRTOS/Source/stream_buffer.c **** 
 490:Middlewares/Third_Party/FreeRTOS/Source/stream_buffer.c **** 	return xSpace;
 491:Middlewares/Third_Party/FreeRTOS/Source/stream_buffer.c **** }
 492:Middlewares/Third_Party/FreeRTOS/Source/stream_buffer.c **** /*-----------------------------------------------------------*/
 493:Middlewares/Third_Party/FreeRTOS/Source/stream_buffer.c **** 
 494:Middlewares/Third_Party/FreeRTOS/Source/stream_buffer.c **** size_t xStreamBufferBytesAvailable( StreamBufferHandle_t xStreamBuffer )
 495:Middlewares/Third_Party/FreeRTOS/Source/stream_buffer.c **** {
 496:Middlewares/Third_Party/FreeRTOS/Source/stream_buffer.c **** const StreamBuffer_t * const pxStreamBuffer = xStreamBuffer;
 497:Middlewares/Third_Party/FreeRTOS/Source/stream_buffer.c **** size_t xReturn;
 498:Middlewares/Third_Party/FreeRTOS/Source/stream_buffer.c **** 
 499:Middlewares/Third_Party/FreeRTOS/Source/stream_buffer.c **** 	configASSERT( pxStreamBuffer );
 500:Middlewares/Third_Party/FreeRTOS/Source/stream_buffer.c **** 
 501:Middlewares/Third_Party/FreeRTOS/Source/stream_buffer.c **** 	xReturn = prvBytesInBuffer( pxStreamBuffer );
 502:Middlewares/Third_Party/FreeRTOS/Source/stream_buffer.c **** 	return xReturn;
 503:Middlewares/Third_Party/FreeRTOS/Source/stream_buffer.c **** }
 504:Middlewares/Third_Party/FreeRTOS/Source/stream_buffer.c **** /*-----------------------------------------------------------*/
 505:Middlewares/Third_Party/FreeRTOS/Source/stream_buffer.c **** 
 506:Middlewares/Third_Party/FreeRTOS/Source/stream_buffer.c **** size_t xStreamBufferSend( StreamBufferHandle_t xStreamBuffer,
 507:Middlewares/Third_Party/FreeRTOS/Source/stream_buffer.c **** 						  const void *pvTxData,
 508:Middlewares/Third_Party/FreeRTOS/Source/stream_buffer.c **** 						  size_t xDataLengthBytes,
 509:Middlewares/Third_Party/FreeRTOS/Source/stream_buffer.c **** 						  TickType_t xTicksToWait )
 510:Middlewares/Third_Party/FreeRTOS/Source/stream_buffer.c **** {
 511:Middlewares/Third_Party/FreeRTOS/Source/stream_buffer.c **** StreamBuffer_t * const pxStreamBuffer = xStreamBuffer;
 512:Middlewares/Third_Party/FreeRTOS/Source/stream_buffer.c **** size_t xReturn, xSpace = 0;
 513:Middlewares/Third_Party/FreeRTOS/Source/stream_buffer.c **** size_t xRequiredSpace = xDataLengthBytes;
 514:Middlewares/Third_Party/FreeRTOS/Source/stream_buffer.c **** TimeOut_t xTimeOut;
 515:Middlewares/Third_Party/FreeRTOS/Source/stream_buffer.c **** 
 516:Middlewares/Third_Party/FreeRTOS/Source/stream_buffer.c **** 	configASSERT( pvTxData );
 517:Middlewares/Third_Party/FreeRTOS/Source/stream_buffer.c **** 	configASSERT( pxStreamBuffer );
 518:Middlewares/Third_Party/FreeRTOS/Source/stream_buffer.c **** 
 519:Middlewares/Third_Party/FreeRTOS/Source/stream_buffer.c **** 	/* This send function is used to write to both message buffers and stream
 520:Middlewares/Third_Party/FreeRTOS/Source/stream_buffer.c **** 	buffers.  If this is a message buffer then the space needed must be
 521:Middlewares/Third_Party/FreeRTOS/Source/stream_buffer.c **** 	increased by the amount of bytes needed to store the length of the
 522:Middlewares/Third_Party/FreeRTOS/Source/stream_buffer.c **** 	message. */
 523:Middlewares/Third_Party/FreeRTOS/Source/stream_buffer.c **** 	if( ( pxStreamBuffer->ucFlags & sbFLAGS_IS_MESSAGE_BUFFER ) != ( uint8_t ) 0 )
 524:Middlewares/Third_Party/FreeRTOS/Source/stream_buffer.c **** 	{
 525:Middlewares/Third_Party/FreeRTOS/Source/stream_buffer.c **** 		xRequiredSpace += sbBYTES_TO_STORE_MESSAGE_LENGTH;
 526:Middlewares/Third_Party/FreeRTOS/Source/stream_buffer.c **** 
 527:Middlewares/Third_Party/FreeRTOS/Source/stream_buffer.c **** 		/* Overflow? */
 528:Middlewares/Third_Party/FreeRTOS/Source/stream_buffer.c **** 		configASSERT( xRequiredSpace > xDataLengthBytes );
 529:Middlewares/Third_Party/FreeRTOS/Source/stream_buffer.c **** 	}
 530:Middlewares/Third_Party/FreeRTOS/Source/stream_buffer.c **** 	else
 531:Middlewares/Third_Party/FreeRTOS/Source/stream_buffer.c **** 	{
 532:Middlewares/Third_Party/FreeRTOS/Source/stream_buffer.c **** 		mtCOVERAGE_TEST_MARKER();
 533:Middlewares/Third_Party/FreeRTOS/Source/stream_buffer.c **** 	}
 534:Middlewares/Third_Party/FreeRTOS/Source/stream_buffer.c **** 
 535:Middlewares/Third_Party/FreeRTOS/Source/stream_buffer.c **** 	if( xTicksToWait != ( TickType_t ) 0 )
 536:Middlewares/Third_Party/FreeRTOS/Source/stream_buffer.c **** 	{
 537:Middlewares/Third_Party/FreeRTOS/Source/stream_buffer.c **** 		vTaskSetTimeOutState( &xTimeOut );
 538:Middlewares/Third_Party/FreeRTOS/Source/stream_buffer.c **** 
 539:Middlewares/Third_Party/FreeRTOS/Source/stream_buffer.c **** 		do
 540:Middlewares/Third_Party/FreeRTOS/Source/stream_buffer.c **** 		{
 541:Middlewares/Third_Party/FreeRTOS/Source/stream_buffer.c **** 			/* Wait until the required number of bytes are free in the message
 542:Middlewares/Third_Party/FreeRTOS/Source/stream_buffer.c **** 			buffer. */
 543:Middlewares/Third_Party/FreeRTOS/Source/stream_buffer.c **** 			taskENTER_CRITICAL();
 544:Middlewares/Third_Party/FreeRTOS/Source/stream_buffer.c **** 			{
 545:Middlewares/Third_Party/FreeRTOS/Source/stream_buffer.c **** 				xSpace = xStreamBufferSpacesAvailable( pxStreamBuffer );
ARM GAS  D:\TMP\ccko02Uc.s 			page 11


 546:Middlewares/Third_Party/FreeRTOS/Source/stream_buffer.c **** 
 547:Middlewares/Third_Party/FreeRTOS/Source/stream_buffer.c **** 				if( xSpace < xRequiredSpace )
 548:Middlewares/Third_Party/FreeRTOS/Source/stream_buffer.c **** 				{
 549:Middlewares/Third_Party/FreeRTOS/Source/stream_buffer.c **** 					/* Clear notification state as going to wait for space. */
 550:Middlewares/Third_Party/FreeRTOS/Source/stream_buffer.c **** 					( void ) xTaskNotifyStateClear( NULL );
 551:Middlewares/Third_Party/FreeRTOS/Source/stream_buffer.c **** 
 552:Middlewares/Third_Party/FreeRTOS/Source/stream_buffer.c **** 					/* Should only be one writer. */
 553:Middlewares/Third_Party/FreeRTOS/Source/stream_buffer.c **** 					configASSERT( pxStreamBuffer->xTaskWaitingToSend == NULL );
 554:Middlewares/Third_Party/FreeRTOS/Source/stream_buffer.c **** 					pxStreamBuffer->xTaskWaitingToSend = xTaskGetCurrentTaskHandle();
 555:Middlewares/Third_Party/FreeRTOS/Source/stream_buffer.c **** 				}
 556:Middlewares/Third_Party/FreeRTOS/Source/stream_buffer.c **** 				else
 557:Middlewares/Third_Party/FreeRTOS/Source/stream_buffer.c **** 				{
 558:Middlewares/Third_Party/FreeRTOS/Source/stream_buffer.c **** 					taskEXIT_CRITICAL();
 559:Middlewares/Third_Party/FreeRTOS/Source/stream_buffer.c **** 					break;
 560:Middlewares/Third_Party/FreeRTOS/Source/stream_buffer.c **** 				}
 561:Middlewares/Third_Party/FreeRTOS/Source/stream_buffer.c **** 			}
 562:Middlewares/Third_Party/FreeRTOS/Source/stream_buffer.c **** 			taskEXIT_CRITICAL();
 563:Middlewares/Third_Party/FreeRTOS/Source/stream_buffer.c **** 
 564:Middlewares/Third_Party/FreeRTOS/Source/stream_buffer.c **** 			traceBLOCKING_ON_STREAM_BUFFER_SEND( xStreamBuffer );
 565:Middlewares/Third_Party/FreeRTOS/Source/stream_buffer.c **** 			( void ) xTaskNotifyWait( ( uint32_t ) 0, ( uint32_t ) 0, NULL, xTicksToWait );
 566:Middlewares/Third_Party/FreeRTOS/Source/stream_buffer.c **** 			pxStreamBuffer->xTaskWaitingToSend = NULL;
 567:Middlewares/Third_Party/FreeRTOS/Source/stream_buffer.c **** 
 568:Middlewares/Third_Party/FreeRTOS/Source/stream_buffer.c **** 		} while( xTaskCheckForTimeOut( &xTimeOut, &xTicksToWait ) == pdFALSE );
 569:Middlewares/Third_Party/FreeRTOS/Source/stream_buffer.c **** 	}
 570:Middlewares/Third_Party/FreeRTOS/Source/stream_buffer.c **** 	else
 571:Middlewares/Third_Party/FreeRTOS/Source/stream_buffer.c **** 	{
 572:Middlewares/Third_Party/FreeRTOS/Source/stream_buffer.c **** 		mtCOVERAGE_TEST_MARKER();
 573:Middlewares/Third_Party/FreeRTOS/Source/stream_buffer.c **** 	}
 574:Middlewares/Third_Party/FreeRTOS/Source/stream_buffer.c **** 
 575:Middlewares/Third_Party/FreeRTOS/Source/stream_buffer.c **** 	if( xSpace == ( size_t ) 0 )
 576:Middlewares/Third_Party/FreeRTOS/Source/stream_buffer.c **** 	{
 577:Middlewares/Third_Party/FreeRTOS/Source/stream_buffer.c **** 		xSpace = xStreamBufferSpacesAvailable( pxStreamBuffer );
 578:Middlewares/Third_Party/FreeRTOS/Source/stream_buffer.c **** 	}
 579:Middlewares/Third_Party/FreeRTOS/Source/stream_buffer.c **** 	else
 580:Middlewares/Third_Party/FreeRTOS/Source/stream_buffer.c **** 	{
 581:Middlewares/Third_Party/FreeRTOS/Source/stream_buffer.c **** 		mtCOVERAGE_TEST_MARKER();
 582:Middlewares/Third_Party/FreeRTOS/Source/stream_buffer.c **** 	}
 583:Middlewares/Third_Party/FreeRTOS/Source/stream_buffer.c **** 
 584:Middlewares/Third_Party/FreeRTOS/Source/stream_buffer.c **** 	xReturn = prvWriteMessageToBuffer( pxStreamBuffer, pvTxData, xDataLengthBytes, xSpace, xRequiredSp
 585:Middlewares/Third_Party/FreeRTOS/Source/stream_buffer.c **** 
 586:Middlewares/Third_Party/FreeRTOS/Source/stream_buffer.c **** 	if( xReturn > ( size_t ) 0 )
 587:Middlewares/Third_Party/FreeRTOS/Source/stream_buffer.c **** 	{
 588:Middlewares/Third_Party/FreeRTOS/Source/stream_buffer.c **** 		traceSTREAM_BUFFER_SEND( xStreamBuffer, xReturn );
 589:Middlewares/Third_Party/FreeRTOS/Source/stream_buffer.c **** 
 590:Middlewares/Third_Party/FreeRTOS/Source/stream_buffer.c **** 		/* Was a task waiting for the data? */
 591:Middlewares/Third_Party/FreeRTOS/Source/stream_buffer.c **** 		if( prvBytesInBuffer( pxStreamBuffer ) >= pxStreamBuffer->xTriggerLevelBytes )
 592:Middlewares/Third_Party/FreeRTOS/Source/stream_buffer.c **** 		{
 593:Middlewares/Third_Party/FreeRTOS/Source/stream_buffer.c **** 			sbSEND_COMPLETED( pxStreamBuffer );
 594:Middlewares/Third_Party/FreeRTOS/Source/stream_buffer.c **** 		}
 595:Middlewares/Third_Party/FreeRTOS/Source/stream_buffer.c **** 		else
 596:Middlewares/Third_Party/FreeRTOS/Source/stream_buffer.c **** 		{
 597:Middlewares/Third_Party/FreeRTOS/Source/stream_buffer.c **** 			mtCOVERAGE_TEST_MARKER();
 598:Middlewares/Third_Party/FreeRTOS/Source/stream_buffer.c **** 		}
 599:Middlewares/Third_Party/FreeRTOS/Source/stream_buffer.c **** 	}
 600:Middlewares/Third_Party/FreeRTOS/Source/stream_buffer.c **** 	else
 601:Middlewares/Third_Party/FreeRTOS/Source/stream_buffer.c **** 	{
 602:Middlewares/Third_Party/FreeRTOS/Source/stream_buffer.c **** 		mtCOVERAGE_TEST_MARKER();
ARM GAS  D:\TMP\ccko02Uc.s 			page 12


 603:Middlewares/Third_Party/FreeRTOS/Source/stream_buffer.c **** 		traceSTREAM_BUFFER_SEND_FAILED( xStreamBuffer );
 604:Middlewares/Third_Party/FreeRTOS/Source/stream_buffer.c **** 	}
 605:Middlewares/Third_Party/FreeRTOS/Source/stream_buffer.c **** 
 606:Middlewares/Third_Party/FreeRTOS/Source/stream_buffer.c **** 	return xReturn;
 607:Middlewares/Third_Party/FreeRTOS/Source/stream_buffer.c **** }
 608:Middlewares/Third_Party/FreeRTOS/Source/stream_buffer.c **** /*-----------------------------------------------------------*/
 609:Middlewares/Third_Party/FreeRTOS/Source/stream_buffer.c **** 
 610:Middlewares/Third_Party/FreeRTOS/Source/stream_buffer.c **** size_t xStreamBufferSendFromISR( StreamBufferHandle_t xStreamBuffer,
 611:Middlewares/Third_Party/FreeRTOS/Source/stream_buffer.c **** 								 const void *pvTxData,
 612:Middlewares/Third_Party/FreeRTOS/Source/stream_buffer.c **** 								 size_t xDataLengthBytes,
 613:Middlewares/Third_Party/FreeRTOS/Source/stream_buffer.c **** 								 BaseType_t * const pxHigherPriorityTaskWoken )
 614:Middlewares/Third_Party/FreeRTOS/Source/stream_buffer.c **** {
 615:Middlewares/Third_Party/FreeRTOS/Source/stream_buffer.c **** StreamBuffer_t * const pxStreamBuffer = xStreamBuffer;
 616:Middlewares/Third_Party/FreeRTOS/Source/stream_buffer.c **** size_t xReturn, xSpace;
 617:Middlewares/Third_Party/FreeRTOS/Source/stream_buffer.c **** size_t xRequiredSpace = xDataLengthBytes;
 618:Middlewares/Third_Party/FreeRTOS/Source/stream_buffer.c **** 
 619:Middlewares/Third_Party/FreeRTOS/Source/stream_buffer.c **** 	configASSERT( pvTxData );
 620:Middlewares/Third_Party/FreeRTOS/Source/stream_buffer.c **** 	configASSERT( pxStreamBuffer );
 621:Middlewares/Third_Party/FreeRTOS/Source/stream_buffer.c **** 
 622:Middlewares/Third_Party/FreeRTOS/Source/stream_buffer.c **** 	/* This send function is used to write to both message buffers and stream
 623:Middlewares/Third_Party/FreeRTOS/Source/stream_buffer.c **** 	buffers.  If this is a message buffer then the space needed must be
 624:Middlewares/Third_Party/FreeRTOS/Source/stream_buffer.c **** 	increased by the amount of bytes needed to store the length of the
 625:Middlewares/Third_Party/FreeRTOS/Source/stream_buffer.c **** 	message. */
 626:Middlewares/Third_Party/FreeRTOS/Source/stream_buffer.c **** 	if( ( pxStreamBuffer->ucFlags & sbFLAGS_IS_MESSAGE_BUFFER ) != ( uint8_t ) 0 )
 627:Middlewares/Third_Party/FreeRTOS/Source/stream_buffer.c **** 	{
 628:Middlewares/Third_Party/FreeRTOS/Source/stream_buffer.c **** 		xRequiredSpace += sbBYTES_TO_STORE_MESSAGE_LENGTH;
 629:Middlewares/Third_Party/FreeRTOS/Source/stream_buffer.c **** 	}
 630:Middlewares/Third_Party/FreeRTOS/Source/stream_buffer.c **** 	else
 631:Middlewares/Third_Party/FreeRTOS/Source/stream_buffer.c **** 	{
 632:Middlewares/Third_Party/FreeRTOS/Source/stream_buffer.c **** 		mtCOVERAGE_TEST_MARKER();
 633:Middlewares/Third_Party/FreeRTOS/Source/stream_buffer.c **** 	}
 634:Middlewares/Third_Party/FreeRTOS/Source/stream_buffer.c **** 
 635:Middlewares/Third_Party/FreeRTOS/Source/stream_buffer.c **** 	xSpace = xStreamBufferSpacesAvailable( pxStreamBuffer );
 636:Middlewares/Third_Party/FreeRTOS/Source/stream_buffer.c **** 	xReturn = prvWriteMessageToBuffer( pxStreamBuffer, pvTxData, xDataLengthBytes, xSpace, xRequiredSp
 637:Middlewares/Third_Party/FreeRTOS/Source/stream_buffer.c **** 
 638:Middlewares/Third_Party/FreeRTOS/Source/stream_buffer.c **** 	if( xReturn > ( size_t ) 0 )
 639:Middlewares/Third_Party/FreeRTOS/Source/stream_buffer.c **** 	{
 640:Middlewares/Third_Party/FreeRTOS/Source/stream_buffer.c **** 		/* Was a task waiting for the data? */
 641:Middlewares/Third_Party/FreeRTOS/Source/stream_buffer.c **** 		if( prvBytesInBuffer( pxStreamBuffer ) >= pxStreamBuffer->xTriggerLevelBytes )
 642:Middlewares/Third_Party/FreeRTOS/Source/stream_buffer.c **** 		{
 643:Middlewares/Third_Party/FreeRTOS/Source/stream_buffer.c **** 			sbSEND_COMPLETE_FROM_ISR( pxStreamBuffer, pxHigherPriorityTaskWoken );
 644:Middlewares/Third_Party/FreeRTOS/Source/stream_buffer.c **** 		}
 645:Middlewares/Third_Party/FreeRTOS/Source/stream_buffer.c **** 		else
 646:Middlewares/Third_Party/FreeRTOS/Source/stream_buffer.c **** 		{
 647:Middlewares/Third_Party/FreeRTOS/Source/stream_buffer.c **** 			mtCOVERAGE_TEST_MARKER();
 648:Middlewares/Third_Party/FreeRTOS/Source/stream_buffer.c **** 		}
 649:Middlewares/Third_Party/FreeRTOS/Source/stream_buffer.c **** 	}
 650:Middlewares/Third_Party/FreeRTOS/Source/stream_buffer.c **** 	else
 651:Middlewares/Third_Party/FreeRTOS/Source/stream_buffer.c **** 	{
 652:Middlewares/Third_Party/FreeRTOS/Source/stream_buffer.c **** 		mtCOVERAGE_TEST_MARKER();
 653:Middlewares/Third_Party/FreeRTOS/Source/stream_buffer.c **** 	}
 654:Middlewares/Third_Party/FreeRTOS/Source/stream_buffer.c **** 
 655:Middlewares/Third_Party/FreeRTOS/Source/stream_buffer.c **** 	traceSTREAM_BUFFER_SEND_FROM_ISR( xStreamBuffer, xReturn );
 656:Middlewares/Third_Party/FreeRTOS/Source/stream_buffer.c **** 
 657:Middlewares/Third_Party/FreeRTOS/Source/stream_buffer.c **** 	return xReturn;
 658:Middlewares/Third_Party/FreeRTOS/Source/stream_buffer.c **** }
 659:Middlewares/Third_Party/FreeRTOS/Source/stream_buffer.c **** /*-----------------------------------------------------------*/
ARM GAS  D:\TMP\ccko02Uc.s 			page 13


 660:Middlewares/Third_Party/FreeRTOS/Source/stream_buffer.c **** 
 661:Middlewares/Third_Party/FreeRTOS/Source/stream_buffer.c **** static size_t prvWriteMessageToBuffer( StreamBuffer_t * const pxStreamBuffer,
 662:Middlewares/Third_Party/FreeRTOS/Source/stream_buffer.c **** 									   const void * pvTxData,
 663:Middlewares/Third_Party/FreeRTOS/Source/stream_buffer.c **** 									   size_t xDataLengthBytes,
 664:Middlewares/Third_Party/FreeRTOS/Source/stream_buffer.c **** 									   size_t xSpace,
 665:Middlewares/Third_Party/FreeRTOS/Source/stream_buffer.c **** 									   size_t xRequiredSpace )
 666:Middlewares/Third_Party/FreeRTOS/Source/stream_buffer.c **** {
 667:Middlewares/Third_Party/FreeRTOS/Source/stream_buffer.c **** 	BaseType_t xShouldWrite;
 668:Middlewares/Third_Party/FreeRTOS/Source/stream_buffer.c **** 	size_t xReturn;
 669:Middlewares/Third_Party/FreeRTOS/Source/stream_buffer.c **** 
 670:Middlewares/Third_Party/FreeRTOS/Source/stream_buffer.c **** 	if( xSpace == ( size_t ) 0 )
 671:Middlewares/Third_Party/FreeRTOS/Source/stream_buffer.c **** 	{
 672:Middlewares/Third_Party/FreeRTOS/Source/stream_buffer.c **** 		/* Doesn't matter if this is a stream buffer or a message buffer, there
 673:Middlewares/Third_Party/FreeRTOS/Source/stream_buffer.c **** 		is no space to write. */
 674:Middlewares/Third_Party/FreeRTOS/Source/stream_buffer.c **** 		xShouldWrite = pdFALSE;
 675:Middlewares/Third_Party/FreeRTOS/Source/stream_buffer.c **** 	}
 676:Middlewares/Third_Party/FreeRTOS/Source/stream_buffer.c **** 	else if( ( pxStreamBuffer->ucFlags & sbFLAGS_IS_MESSAGE_BUFFER ) == ( uint8_t ) 0 )
 677:Middlewares/Third_Party/FreeRTOS/Source/stream_buffer.c **** 	{
 678:Middlewares/Third_Party/FreeRTOS/Source/stream_buffer.c **** 		/* This is a stream buffer, as opposed to a message buffer, so writing a
 679:Middlewares/Third_Party/FreeRTOS/Source/stream_buffer.c **** 		stream of bytes rather than discrete messages.  Write as many bytes as
 680:Middlewares/Third_Party/FreeRTOS/Source/stream_buffer.c **** 		possible. */
 681:Middlewares/Third_Party/FreeRTOS/Source/stream_buffer.c **** 		xShouldWrite = pdTRUE;
 682:Middlewares/Third_Party/FreeRTOS/Source/stream_buffer.c **** 		xDataLengthBytes = configMIN( xDataLengthBytes, xSpace );
 683:Middlewares/Third_Party/FreeRTOS/Source/stream_buffer.c **** 	}
 684:Middlewares/Third_Party/FreeRTOS/Source/stream_buffer.c **** 	else if( xSpace >= xRequiredSpace )
 685:Middlewares/Third_Party/FreeRTOS/Source/stream_buffer.c **** 	{
 686:Middlewares/Third_Party/FreeRTOS/Source/stream_buffer.c **** 		/* This is a message buffer, as opposed to a stream buffer, and there
 687:Middlewares/Third_Party/FreeRTOS/Source/stream_buffer.c **** 		is enough space to write both the message length and the message itself
 688:Middlewares/Third_Party/FreeRTOS/Source/stream_buffer.c **** 		into the buffer.  Start by writing the length of the data, the data
 689:Middlewares/Third_Party/FreeRTOS/Source/stream_buffer.c **** 		itself will be written later in this function. */
 690:Middlewares/Third_Party/FreeRTOS/Source/stream_buffer.c **** 		xShouldWrite = pdTRUE;
 691:Middlewares/Third_Party/FreeRTOS/Source/stream_buffer.c **** 		( void ) prvWriteBytesToBuffer( pxStreamBuffer, ( const uint8_t * ) &( xDataLengthBytes ), sbBYTE
 692:Middlewares/Third_Party/FreeRTOS/Source/stream_buffer.c **** 	}
 693:Middlewares/Third_Party/FreeRTOS/Source/stream_buffer.c **** 	else
 694:Middlewares/Third_Party/FreeRTOS/Source/stream_buffer.c **** 	{
 695:Middlewares/Third_Party/FreeRTOS/Source/stream_buffer.c **** 		/* There is space available, but not enough space. */
 696:Middlewares/Third_Party/FreeRTOS/Source/stream_buffer.c **** 		xShouldWrite = pdFALSE;
 697:Middlewares/Third_Party/FreeRTOS/Source/stream_buffer.c **** 	}
 698:Middlewares/Third_Party/FreeRTOS/Source/stream_buffer.c **** 
 699:Middlewares/Third_Party/FreeRTOS/Source/stream_buffer.c **** 	if( xShouldWrite != pdFALSE )
 700:Middlewares/Third_Party/FreeRTOS/Source/stream_buffer.c **** 	{
 701:Middlewares/Third_Party/FreeRTOS/Source/stream_buffer.c **** 		/* Writes the data itself. */
 702:Middlewares/Third_Party/FreeRTOS/Source/stream_buffer.c **** 		xReturn = prvWriteBytesToBuffer( pxStreamBuffer, ( const uint8_t * ) pvTxData, xDataLengthBytes )
 703:Middlewares/Third_Party/FreeRTOS/Source/stream_buffer.c **** 	}
 704:Middlewares/Third_Party/FreeRTOS/Source/stream_buffer.c **** 	else
 705:Middlewares/Third_Party/FreeRTOS/Source/stream_buffer.c **** 	{
 706:Middlewares/Third_Party/FreeRTOS/Source/stream_buffer.c **** 		xReturn = 0;
 707:Middlewares/Third_Party/FreeRTOS/Source/stream_buffer.c **** 	}
 708:Middlewares/Third_Party/FreeRTOS/Source/stream_buffer.c **** 
 709:Middlewares/Third_Party/FreeRTOS/Source/stream_buffer.c **** 	return xReturn;
 710:Middlewares/Third_Party/FreeRTOS/Source/stream_buffer.c **** }
 711:Middlewares/Third_Party/FreeRTOS/Source/stream_buffer.c **** /*-----------------------------------------------------------*/
 712:Middlewares/Third_Party/FreeRTOS/Source/stream_buffer.c **** 
 713:Middlewares/Third_Party/FreeRTOS/Source/stream_buffer.c **** size_t xStreamBufferReceive( StreamBufferHandle_t xStreamBuffer,
 714:Middlewares/Third_Party/FreeRTOS/Source/stream_buffer.c **** 							 void *pvRxData,
 715:Middlewares/Third_Party/FreeRTOS/Source/stream_buffer.c **** 							 size_t xBufferLengthBytes,
 716:Middlewares/Third_Party/FreeRTOS/Source/stream_buffer.c **** 							 TickType_t xTicksToWait )
ARM GAS  D:\TMP\ccko02Uc.s 			page 14


 717:Middlewares/Third_Party/FreeRTOS/Source/stream_buffer.c **** {
 718:Middlewares/Third_Party/FreeRTOS/Source/stream_buffer.c **** StreamBuffer_t * const pxStreamBuffer = xStreamBuffer;
 719:Middlewares/Third_Party/FreeRTOS/Source/stream_buffer.c **** size_t xReceivedLength = 0, xBytesAvailable, xBytesToStoreMessageLength;
 720:Middlewares/Third_Party/FreeRTOS/Source/stream_buffer.c **** 
 721:Middlewares/Third_Party/FreeRTOS/Source/stream_buffer.c **** 	configASSERT( pvRxData );
 722:Middlewares/Third_Party/FreeRTOS/Source/stream_buffer.c **** 	configASSERT( pxStreamBuffer );
 723:Middlewares/Third_Party/FreeRTOS/Source/stream_buffer.c **** 
 724:Middlewares/Third_Party/FreeRTOS/Source/stream_buffer.c **** 	/* This receive function is used by both message buffers, which store
 725:Middlewares/Third_Party/FreeRTOS/Source/stream_buffer.c **** 	discrete messages, and stream buffers, which store a continuous stream of
 726:Middlewares/Third_Party/FreeRTOS/Source/stream_buffer.c **** 	bytes.  Discrete messages include an additional
 727:Middlewares/Third_Party/FreeRTOS/Source/stream_buffer.c **** 	sbBYTES_TO_STORE_MESSAGE_LENGTH bytes that hold the length of the
 728:Middlewares/Third_Party/FreeRTOS/Source/stream_buffer.c **** 	message. */
 729:Middlewares/Third_Party/FreeRTOS/Source/stream_buffer.c **** 	if( ( pxStreamBuffer->ucFlags & sbFLAGS_IS_MESSAGE_BUFFER ) != ( uint8_t ) 0 )
 730:Middlewares/Third_Party/FreeRTOS/Source/stream_buffer.c **** 	{
 731:Middlewares/Third_Party/FreeRTOS/Source/stream_buffer.c **** 		xBytesToStoreMessageLength = sbBYTES_TO_STORE_MESSAGE_LENGTH;
 732:Middlewares/Third_Party/FreeRTOS/Source/stream_buffer.c **** 	}
 733:Middlewares/Third_Party/FreeRTOS/Source/stream_buffer.c **** 	else
 734:Middlewares/Third_Party/FreeRTOS/Source/stream_buffer.c **** 	{
 735:Middlewares/Third_Party/FreeRTOS/Source/stream_buffer.c **** 		xBytesToStoreMessageLength = 0;
 736:Middlewares/Third_Party/FreeRTOS/Source/stream_buffer.c **** 	}
 737:Middlewares/Third_Party/FreeRTOS/Source/stream_buffer.c **** 
 738:Middlewares/Third_Party/FreeRTOS/Source/stream_buffer.c **** 	if( xTicksToWait != ( TickType_t ) 0 )
 739:Middlewares/Third_Party/FreeRTOS/Source/stream_buffer.c **** 	{
 740:Middlewares/Third_Party/FreeRTOS/Source/stream_buffer.c **** 		/* Checking if there is data and clearing the notification state must be
 741:Middlewares/Third_Party/FreeRTOS/Source/stream_buffer.c **** 		performed atomically. */
 742:Middlewares/Third_Party/FreeRTOS/Source/stream_buffer.c **** 		taskENTER_CRITICAL();
 743:Middlewares/Third_Party/FreeRTOS/Source/stream_buffer.c **** 		{
 744:Middlewares/Third_Party/FreeRTOS/Source/stream_buffer.c **** 			xBytesAvailable = prvBytesInBuffer( pxStreamBuffer );
 745:Middlewares/Third_Party/FreeRTOS/Source/stream_buffer.c **** 
 746:Middlewares/Third_Party/FreeRTOS/Source/stream_buffer.c **** 			/* If this function was invoked by a message buffer read then
 747:Middlewares/Third_Party/FreeRTOS/Source/stream_buffer.c **** 			xBytesToStoreMessageLength holds the number of bytes used to hold
 748:Middlewares/Third_Party/FreeRTOS/Source/stream_buffer.c **** 			the length of the next discrete message.  If this function was
 749:Middlewares/Third_Party/FreeRTOS/Source/stream_buffer.c **** 			invoked by a stream buffer read then xBytesToStoreMessageLength will
 750:Middlewares/Third_Party/FreeRTOS/Source/stream_buffer.c **** 			be 0. */
 751:Middlewares/Third_Party/FreeRTOS/Source/stream_buffer.c **** 			if( xBytesAvailable <= xBytesToStoreMessageLength )
 752:Middlewares/Third_Party/FreeRTOS/Source/stream_buffer.c **** 			{
 753:Middlewares/Third_Party/FreeRTOS/Source/stream_buffer.c **** 				/* Clear notification state as going to wait for data. */
 754:Middlewares/Third_Party/FreeRTOS/Source/stream_buffer.c **** 				( void ) xTaskNotifyStateClear( NULL );
 755:Middlewares/Third_Party/FreeRTOS/Source/stream_buffer.c **** 
 756:Middlewares/Third_Party/FreeRTOS/Source/stream_buffer.c **** 				/* Should only be one reader. */
 757:Middlewares/Third_Party/FreeRTOS/Source/stream_buffer.c **** 				configASSERT( pxStreamBuffer->xTaskWaitingToReceive == NULL );
 758:Middlewares/Third_Party/FreeRTOS/Source/stream_buffer.c **** 				pxStreamBuffer->xTaskWaitingToReceive = xTaskGetCurrentTaskHandle();
 759:Middlewares/Third_Party/FreeRTOS/Source/stream_buffer.c **** 			}
 760:Middlewares/Third_Party/FreeRTOS/Source/stream_buffer.c **** 			else
 761:Middlewares/Third_Party/FreeRTOS/Source/stream_buffer.c **** 			{
 762:Middlewares/Third_Party/FreeRTOS/Source/stream_buffer.c **** 				mtCOVERAGE_TEST_MARKER();
 763:Middlewares/Third_Party/FreeRTOS/Source/stream_buffer.c **** 			}
 764:Middlewares/Third_Party/FreeRTOS/Source/stream_buffer.c **** 		}
 765:Middlewares/Third_Party/FreeRTOS/Source/stream_buffer.c **** 		taskEXIT_CRITICAL();
 766:Middlewares/Third_Party/FreeRTOS/Source/stream_buffer.c **** 
 767:Middlewares/Third_Party/FreeRTOS/Source/stream_buffer.c **** 		if( xBytesAvailable <= xBytesToStoreMessageLength )
 768:Middlewares/Third_Party/FreeRTOS/Source/stream_buffer.c **** 		{
 769:Middlewares/Third_Party/FreeRTOS/Source/stream_buffer.c **** 			/* Wait for data to be available. */
 770:Middlewares/Third_Party/FreeRTOS/Source/stream_buffer.c **** 			traceBLOCKING_ON_STREAM_BUFFER_RECEIVE( xStreamBuffer );
 771:Middlewares/Third_Party/FreeRTOS/Source/stream_buffer.c **** 			( void ) xTaskNotifyWait( ( uint32_t ) 0, ( uint32_t ) 0, NULL, xTicksToWait );
 772:Middlewares/Third_Party/FreeRTOS/Source/stream_buffer.c **** 			pxStreamBuffer->xTaskWaitingToReceive = NULL;
 773:Middlewares/Third_Party/FreeRTOS/Source/stream_buffer.c **** 
ARM GAS  D:\TMP\ccko02Uc.s 			page 15


 774:Middlewares/Third_Party/FreeRTOS/Source/stream_buffer.c **** 			/* Recheck the data available after blocking. */
 775:Middlewares/Third_Party/FreeRTOS/Source/stream_buffer.c **** 			xBytesAvailable = prvBytesInBuffer( pxStreamBuffer );
 776:Middlewares/Third_Party/FreeRTOS/Source/stream_buffer.c **** 		}
 777:Middlewares/Third_Party/FreeRTOS/Source/stream_buffer.c **** 		else
 778:Middlewares/Third_Party/FreeRTOS/Source/stream_buffer.c **** 		{
 779:Middlewares/Third_Party/FreeRTOS/Source/stream_buffer.c **** 			mtCOVERAGE_TEST_MARKER();
 780:Middlewares/Third_Party/FreeRTOS/Source/stream_buffer.c **** 		}
 781:Middlewares/Third_Party/FreeRTOS/Source/stream_buffer.c **** 	}
 782:Middlewares/Third_Party/FreeRTOS/Source/stream_buffer.c **** 	else
 783:Middlewares/Third_Party/FreeRTOS/Source/stream_buffer.c **** 	{
 784:Middlewares/Third_Party/FreeRTOS/Source/stream_buffer.c **** 		xBytesAvailable = prvBytesInBuffer( pxStreamBuffer );
 785:Middlewares/Third_Party/FreeRTOS/Source/stream_buffer.c **** 	}
 786:Middlewares/Third_Party/FreeRTOS/Source/stream_buffer.c **** 
 787:Middlewares/Third_Party/FreeRTOS/Source/stream_buffer.c **** 	/* Whether receiving a discrete message (where xBytesToStoreMessageLength
 788:Middlewares/Third_Party/FreeRTOS/Source/stream_buffer.c **** 	holds the number of bytes used to store the message length) or a stream of
 789:Middlewares/Third_Party/FreeRTOS/Source/stream_buffer.c **** 	bytes (where xBytesToStoreMessageLength is zero), the number of bytes
 790:Middlewares/Third_Party/FreeRTOS/Source/stream_buffer.c **** 	available must be greater than xBytesToStoreMessageLength to be able to
 791:Middlewares/Third_Party/FreeRTOS/Source/stream_buffer.c **** 	read bytes from the buffer. */
 792:Middlewares/Third_Party/FreeRTOS/Source/stream_buffer.c **** 	if( xBytesAvailable > xBytesToStoreMessageLength )
 793:Middlewares/Third_Party/FreeRTOS/Source/stream_buffer.c **** 	{
 794:Middlewares/Third_Party/FreeRTOS/Source/stream_buffer.c **** 		xReceivedLength = prvReadMessageFromBuffer( pxStreamBuffer, pvRxData, xBufferLengthBytes, xBytesA
 795:Middlewares/Third_Party/FreeRTOS/Source/stream_buffer.c **** 
 796:Middlewares/Third_Party/FreeRTOS/Source/stream_buffer.c **** 		/* Was a task waiting for space in the buffer? */
 797:Middlewares/Third_Party/FreeRTOS/Source/stream_buffer.c **** 		if( xReceivedLength != ( size_t ) 0 )
 798:Middlewares/Third_Party/FreeRTOS/Source/stream_buffer.c **** 		{
 799:Middlewares/Third_Party/FreeRTOS/Source/stream_buffer.c **** 			traceSTREAM_BUFFER_RECEIVE( xStreamBuffer, xReceivedLength );
 800:Middlewares/Third_Party/FreeRTOS/Source/stream_buffer.c **** 			sbRECEIVE_COMPLETED( pxStreamBuffer );
 801:Middlewares/Third_Party/FreeRTOS/Source/stream_buffer.c **** 		}
 802:Middlewares/Third_Party/FreeRTOS/Source/stream_buffer.c **** 		else
 803:Middlewares/Third_Party/FreeRTOS/Source/stream_buffer.c **** 		{
 804:Middlewares/Third_Party/FreeRTOS/Source/stream_buffer.c **** 			mtCOVERAGE_TEST_MARKER();
 805:Middlewares/Third_Party/FreeRTOS/Source/stream_buffer.c **** 		}
 806:Middlewares/Third_Party/FreeRTOS/Source/stream_buffer.c **** 	}
 807:Middlewares/Third_Party/FreeRTOS/Source/stream_buffer.c **** 	else
 808:Middlewares/Third_Party/FreeRTOS/Source/stream_buffer.c **** 	{
 809:Middlewares/Third_Party/FreeRTOS/Source/stream_buffer.c **** 		traceSTREAM_BUFFER_RECEIVE_FAILED( xStreamBuffer );
 810:Middlewares/Third_Party/FreeRTOS/Source/stream_buffer.c **** 		mtCOVERAGE_TEST_MARKER();
 811:Middlewares/Third_Party/FreeRTOS/Source/stream_buffer.c **** 	}
 812:Middlewares/Third_Party/FreeRTOS/Source/stream_buffer.c **** 
 813:Middlewares/Third_Party/FreeRTOS/Source/stream_buffer.c **** 	return xReceivedLength;
 814:Middlewares/Third_Party/FreeRTOS/Source/stream_buffer.c **** }
 815:Middlewares/Third_Party/FreeRTOS/Source/stream_buffer.c **** /*-----------------------------------------------------------*/
 816:Middlewares/Third_Party/FreeRTOS/Source/stream_buffer.c **** 
 817:Middlewares/Third_Party/FreeRTOS/Source/stream_buffer.c **** size_t xStreamBufferNextMessageLengthBytes( StreamBufferHandle_t xStreamBuffer )
 818:Middlewares/Third_Party/FreeRTOS/Source/stream_buffer.c **** {
 819:Middlewares/Third_Party/FreeRTOS/Source/stream_buffer.c **** StreamBuffer_t * const pxStreamBuffer = xStreamBuffer;
 820:Middlewares/Third_Party/FreeRTOS/Source/stream_buffer.c **** size_t xReturn, xBytesAvailable, xOriginalTail;
 821:Middlewares/Third_Party/FreeRTOS/Source/stream_buffer.c **** configMESSAGE_BUFFER_LENGTH_TYPE xTempReturn;
 822:Middlewares/Third_Party/FreeRTOS/Source/stream_buffer.c **** 
 823:Middlewares/Third_Party/FreeRTOS/Source/stream_buffer.c **** 	configASSERT( pxStreamBuffer );
 824:Middlewares/Third_Party/FreeRTOS/Source/stream_buffer.c **** 
 825:Middlewares/Third_Party/FreeRTOS/Source/stream_buffer.c **** 	/* Ensure the stream buffer is being used as a message buffer. */
 826:Middlewares/Third_Party/FreeRTOS/Source/stream_buffer.c **** 	if( ( pxStreamBuffer->ucFlags & sbFLAGS_IS_MESSAGE_BUFFER ) != ( uint8_t ) 0 )
 827:Middlewares/Third_Party/FreeRTOS/Source/stream_buffer.c **** 	{
 828:Middlewares/Third_Party/FreeRTOS/Source/stream_buffer.c **** 		xBytesAvailable = prvBytesInBuffer( pxStreamBuffer );
 829:Middlewares/Third_Party/FreeRTOS/Source/stream_buffer.c **** 		if( xBytesAvailable > sbBYTES_TO_STORE_MESSAGE_LENGTH )
 830:Middlewares/Third_Party/FreeRTOS/Source/stream_buffer.c **** 		{
ARM GAS  D:\TMP\ccko02Uc.s 			page 16


 831:Middlewares/Third_Party/FreeRTOS/Source/stream_buffer.c **** 			/* The number of bytes available is greater than the number of bytes
 832:Middlewares/Third_Party/FreeRTOS/Source/stream_buffer.c **** 			required to hold the length of the next message, so another message
 833:Middlewares/Third_Party/FreeRTOS/Source/stream_buffer.c **** 			is available.  Return its length without removing the length bytes
 834:Middlewares/Third_Party/FreeRTOS/Source/stream_buffer.c **** 			from the buffer.  A copy of the tail is stored so the buffer can be
 835:Middlewares/Third_Party/FreeRTOS/Source/stream_buffer.c **** 			returned to its prior state as the message is not actually being
 836:Middlewares/Third_Party/FreeRTOS/Source/stream_buffer.c **** 			removed from the buffer. */
 837:Middlewares/Third_Party/FreeRTOS/Source/stream_buffer.c **** 			xOriginalTail = pxStreamBuffer->xTail;
 838:Middlewares/Third_Party/FreeRTOS/Source/stream_buffer.c **** 			( void ) prvReadBytesFromBuffer( pxStreamBuffer, ( uint8_t * ) &xTempReturn, sbBYTES_TO_STORE_ME
 839:Middlewares/Third_Party/FreeRTOS/Source/stream_buffer.c **** 			xReturn = ( size_t ) xTempReturn;
 840:Middlewares/Third_Party/FreeRTOS/Source/stream_buffer.c **** 			pxStreamBuffer->xTail = xOriginalTail;
 841:Middlewares/Third_Party/FreeRTOS/Source/stream_buffer.c **** 		}
 842:Middlewares/Third_Party/FreeRTOS/Source/stream_buffer.c **** 		else
 843:Middlewares/Third_Party/FreeRTOS/Source/stream_buffer.c **** 		{
 844:Middlewares/Third_Party/FreeRTOS/Source/stream_buffer.c **** 			/* The minimum amount of bytes in a message buffer is
 845:Middlewares/Third_Party/FreeRTOS/Source/stream_buffer.c **** 			( sbBYTES_TO_STORE_MESSAGE_LENGTH + 1 ), so if xBytesAvailable is
 846:Middlewares/Third_Party/FreeRTOS/Source/stream_buffer.c **** 			less than sbBYTES_TO_STORE_MESSAGE_LENGTH the only other valid
 847:Middlewares/Third_Party/FreeRTOS/Source/stream_buffer.c **** 			value is 0. */
 848:Middlewares/Third_Party/FreeRTOS/Source/stream_buffer.c **** 			configASSERT( xBytesAvailable == 0 );
 849:Middlewares/Third_Party/FreeRTOS/Source/stream_buffer.c **** 			xReturn = 0;
 850:Middlewares/Third_Party/FreeRTOS/Source/stream_buffer.c **** 		}
 851:Middlewares/Third_Party/FreeRTOS/Source/stream_buffer.c **** 	}
 852:Middlewares/Third_Party/FreeRTOS/Source/stream_buffer.c **** 	else
 853:Middlewares/Third_Party/FreeRTOS/Source/stream_buffer.c **** 	{
 854:Middlewares/Third_Party/FreeRTOS/Source/stream_buffer.c **** 		xReturn = 0;
 855:Middlewares/Third_Party/FreeRTOS/Source/stream_buffer.c **** 	}
 856:Middlewares/Third_Party/FreeRTOS/Source/stream_buffer.c **** 
 857:Middlewares/Third_Party/FreeRTOS/Source/stream_buffer.c **** 	return xReturn;
 858:Middlewares/Third_Party/FreeRTOS/Source/stream_buffer.c **** }
 859:Middlewares/Third_Party/FreeRTOS/Source/stream_buffer.c **** /*-----------------------------------------------------------*/
 860:Middlewares/Third_Party/FreeRTOS/Source/stream_buffer.c **** 
 861:Middlewares/Third_Party/FreeRTOS/Source/stream_buffer.c **** size_t xStreamBufferReceiveFromISR( StreamBufferHandle_t xStreamBuffer,
 862:Middlewares/Third_Party/FreeRTOS/Source/stream_buffer.c **** 									void *pvRxData,
 863:Middlewares/Third_Party/FreeRTOS/Source/stream_buffer.c **** 									size_t xBufferLengthBytes,
 864:Middlewares/Third_Party/FreeRTOS/Source/stream_buffer.c **** 									BaseType_t * const pxHigherPriorityTaskWoken )
 865:Middlewares/Third_Party/FreeRTOS/Source/stream_buffer.c **** {
 866:Middlewares/Third_Party/FreeRTOS/Source/stream_buffer.c **** StreamBuffer_t * const pxStreamBuffer = xStreamBuffer;
 867:Middlewares/Third_Party/FreeRTOS/Source/stream_buffer.c **** size_t xReceivedLength = 0, xBytesAvailable, xBytesToStoreMessageLength;
 868:Middlewares/Third_Party/FreeRTOS/Source/stream_buffer.c **** 
 869:Middlewares/Third_Party/FreeRTOS/Source/stream_buffer.c **** 	configASSERT( pvRxData );
 870:Middlewares/Third_Party/FreeRTOS/Source/stream_buffer.c **** 	configASSERT( pxStreamBuffer );
 871:Middlewares/Third_Party/FreeRTOS/Source/stream_buffer.c **** 
 872:Middlewares/Third_Party/FreeRTOS/Source/stream_buffer.c **** 	/* This receive function is used by both message buffers, which store
 873:Middlewares/Third_Party/FreeRTOS/Source/stream_buffer.c **** 	discrete messages, and stream buffers, which store a continuous stream of
 874:Middlewares/Third_Party/FreeRTOS/Source/stream_buffer.c **** 	bytes.  Discrete messages include an additional
 875:Middlewares/Third_Party/FreeRTOS/Source/stream_buffer.c **** 	sbBYTES_TO_STORE_MESSAGE_LENGTH bytes that hold the length of the
 876:Middlewares/Third_Party/FreeRTOS/Source/stream_buffer.c **** 	message. */
 877:Middlewares/Third_Party/FreeRTOS/Source/stream_buffer.c **** 	if( ( pxStreamBuffer->ucFlags & sbFLAGS_IS_MESSAGE_BUFFER ) != ( uint8_t ) 0 )
 878:Middlewares/Third_Party/FreeRTOS/Source/stream_buffer.c **** 	{
 879:Middlewares/Third_Party/FreeRTOS/Source/stream_buffer.c **** 		xBytesToStoreMessageLength = sbBYTES_TO_STORE_MESSAGE_LENGTH;
 880:Middlewares/Third_Party/FreeRTOS/Source/stream_buffer.c **** 	}
 881:Middlewares/Third_Party/FreeRTOS/Source/stream_buffer.c **** 	else
 882:Middlewares/Third_Party/FreeRTOS/Source/stream_buffer.c **** 	{
 883:Middlewares/Third_Party/FreeRTOS/Source/stream_buffer.c **** 		xBytesToStoreMessageLength = 0;
 884:Middlewares/Third_Party/FreeRTOS/Source/stream_buffer.c **** 	}
 885:Middlewares/Third_Party/FreeRTOS/Source/stream_buffer.c **** 
 886:Middlewares/Third_Party/FreeRTOS/Source/stream_buffer.c **** 	xBytesAvailable = prvBytesInBuffer( pxStreamBuffer );
 887:Middlewares/Third_Party/FreeRTOS/Source/stream_buffer.c **** 
ARM GAS  D:\TMP\ccko02Uc.s 			page 17


 888:Middlewares/Third_Party/FreeRTOS/Source/stream_buffer.c **** 	/* Whether receiving a discrete message (where xBytesToStoreMessageLength
 889:Middlewares/Third_Party/FreeRTOS/Source/stream_buffer.c **** 	holds the number of bytes used to store the message length) or a stream of
 890:Middlewares/Third_Party/FreeRTOS/Source/stream_buffer.c **** 	bytes (where xBytesToStoreMessageLength is zero), the number of bytes
 891:Middlewares/Third_Party/FreeRTOS/Source/stream_buffer.c **** 	available must be greater than xBytesToStoreMessageLength to be able to
 892:Middlewares/Third_Party/FreeRTOS/Source/stream_buffer.c **** 	read bytes from the buffer. */
 893:Middlewares/Third_Party/FreeRTOS/Source/stream_buffer.c **** 	if( xBytesAvailable > xBytesToStoreMessageLength )
 894:Middlewares/Third_Party/FreeRTOS/Source/stream_buffer.c **** 	{
 895:Middlewares/Third_Party/FreeRTOS/Source/stream_buffer.c **** 		xReceivedLength = prvReadMessageFromBuffer( pxStreamBuffer, pvRxData, xBufferLengthBytes, xBytesA
 896:Middlewares/Third_Party/FreeRTOS/Source/stream_buffer.c **** 
 897:Middlewares/Third_Party/FreeRTOS/Source/stream_buffer.c **** 		/* Was a task waiting for space in the buffer? */
 898:Middlewares/Third_Party/FreeRTOS/Source/stream_buffer.c **** 		if( xReceivedLength != ( size_t ) 0 )
 899:Middlewares/Third_Party/FreeRTOS/Source/stream_buffer.c **** 		{
 900:Middlewares/Third_Party/FreeRTOS/Source/stream_buffer.c **** 			sbRECEIVE_COMPLETED_FROM_ISR( pxStreamBuffer, pxHigherPriorityTaskWoken );
 901:Middlewares/Third_Party/FreeRTOS/Source/stream_buffer.c **** 		}
 902:Middlewares/Third_Party/FreeRTOS/Source/stream_buffer.c **** 		else
 903:Middlewares/Third_Party/FreeRTOS/Source/stream_buffer.c **** 		{
 904:Middlewares/Third_Party/FreeRTOS/Source/stream_buffer.c **** 			mtCOVERAGE_TEST_MARKER();
 905:Middlewares/Third_Party/FreeRTOS/Source/stream_buffer.c **** 		}
 906:Middlewares/Third_Party/FreeRTOS/Source/stream_buffer.c **** 	}
 907:Middlewares/Third_Party/FreeRTOS/Source/stream_buffer.c **** 	else
 908:Middlewares/Third_Party/FreeRTOS/Source/stream_buffer.c **** 	{
 909:Middlewares/Third_Party/FreeRTOS/Source/stream_buffer.c **** 		mtCOVERAGE_TEST_MARKER();
 910:Middlewares/Third_Party/FreeRTOS/Source/stream_buffer.c **** 	}
 911:Middlewares/Third_Party/FreeRTOS/Source/stream_buffer.c **** 
 912:Middlewares/Third_Party/FreeRTOS/Source/stream_buffer.c **** 	traceSTREAM_BUFFER_RECEIVE_FROM_ISR( xStreamBuffer, xReceivedLength );
 913:Middlewares/Third_Party/FreeRTOS/Source/stream_buffer.c **** 
 914:Middlewares/Third_Party/FreeRTOS/Source/stream_buffer.c **** 	return xReceivedLength;
 915:Middlewares/Third_Party/FreeRTOS/Source/stream_buffer.c **** }
 916:Middlewares/Third_Party/FreeRTOS/Source/stream_buffer.c **** /*-----------------------------------------------------------*/
 917:Middlewares/Third_Party/FreeRTOS/Source/stream_buffer.c **** 
 918:Middlewares/Third_Party/FreeRTOS/Source/stream_buffer.c **** static size_t prvReadMessageFromBuffer( StreamBuffer_t *pxStreamBuffer,
 919:Middlewares/Third_Party/FreeRTOS/Source/stream_buffer.c **** 										void *pvRxData,
 920:Middlewares/Third_Party/FreeRTOS/Source/stream_buffer.c **** 										size_t xBufferLengthBytes,
 921:Middlewares/Third_Party/FreeRTOS/Source/stream_buffer.c **** 										size_t xBytesAvailable,
 922:Middlewares/Third_Party/FreeRTOS/Source/stream_buffer.c **** 										size_t xBytesToStoreMessageLength )
 923:Middlewares/Third_Party/FreeRTOS/Source/stream_buffer.c **** {
 924:Middlewares/Third_Party/FreeRTOS/Source/stream_buffer.c **** size_t xOriginalTail, xReceivedLength, xNextMessageLength;
 925:Middlewares/Third_Party/FreeRTOS/Source/stream_buffer.c **** configMESSAGE_BUFFER_LENGTH_TYPE xTempNextMessageLength;
 926:Middlewares/Third_Party/FreeRTOS/Source/stream_buffer.c **** 
 927:Middlewares/Third_Party/FreeRTOS/Source/stream_buffer.c **** 	if( xBytesToStoreMessageLength != ( size_t ) 0 )
 928:Middlewares/Third_Party/FreeRTOS/Source/stream_buffer.c **** 	{
 929:Middlewares/Third_Party/FreeRTOS/Source/stream_buffer.c **** 		/* A discrete message is being received.  First receive the length
 930:Middlewares/Third_Party/FreeRTOS/Source/stream_buffer.c **** 		of the message.  A copy of the tail is stored so the buffer can be
 931:Middlewares/Third_Party/FreeRTOS/Source/stream_buffer.c **** 		returned to its prior state if the length of the message is too
 932:Middlewares/Third_Party/FreeRTOS/Source/stream_buffer.c **** 		large for the provided buffer. */
 933:Middlewares/Third_Party/FreeRTOS/Source/stream_buffer.c **** 		xOriginalTail = pxStreamBuffer->xTail;
 934:Middlewares/Third_Party/FreeRTOS/Source/stream_buffer.c **** 		( void ) prvReadBytesFromBuffer( pxStreamBuffer, ( uint8_t * ) &xTempNextMessageLength, xBytesToS
 935:Middlewares/Third_Party/FreeRTOS/Source/stream_buffer.c **** 		xNextMessageLength = ( size_t ) xTempNextMessageLength;
 936:Middlewares/Third_Party/FreeRTOS/Source/stream_buffer.c **** 
 937:Middlewares/Third_Party/FreeRTOS/Source/stream_buffer.c **** 		/* Reduce the number of bytes available by the number of bytes just
 938:Middlewares/Third_Party/FreeRTOS/Source/stream_buffer.c **** 		read out. */
 939:Middlewares/Third_Party/FreeRTOS/Source/stream_buffer.c **** 		xBytesAvailable -= xBytesToStoreMessageLength;
 940:Middlewares/Third_Party/FreeRTOS/Source/stream_buffer.c **** 
 941:Middlewares/Third_Party/FreeRTOS/Source/stream_buffer.c **** 		/* Check there is enough space in the buffer provided by the
 942:Middlewares/Third_Party/FreeRTOS/Source/stream_buffer.c **** 		user. */
 943:Middlewares/Third_Party/FreeRTOS/Source/stream_buffer.c **** 		if( xNextMessageLength > xBufferLengthBytes )
 944:Middlewares/Third_Party/FreeRTOS/Source/stream_buffer.c **** 		{
ARM GAS  D:\TMP\ccko02Uc.s 			page 18


 945:Middlewares/Third_Party/FreeRTOS/Source/stream_buffer.c **** 			/* The user has provided insufficient space to read the message
 946:Middlewares/Third_Party/FreeRTOS/Source/stream_buffer.c **** 			so return the buffer to its previous state (so the length of
 947:Middlewares/Third_Party/FreeRTOS/Source/stream_buffer.c **** 			the message is in the buffer again). */
 948:Middlewares/Third_Party/FreeRTOS/Source/stream_buffer.c **** 			pxStreamBuffer->xTail = xOriginalTail;
 949:Middlewares/Third_Party/FreeRTOS/Source/stream_buffer.c **** 			xNextMessageLength = 0;
 950:Middlewares/Third_Party/FreeRTOS/Source/stream_buffer.c **** 		}
 951:Middlewares/Third_Party/FreeRTOS/Source/stream_buffer.c **** 		else
 952:Middlewares/Third_Party/FreeRTOS/Source/stream_buffer.c **** 		{
 953:Middlewares/Third_Party/FreeRTOS/Source/stream_buffer.c **** 			mtCOVERAGE_TEST_MARKER();
 954:Middlewares/Third_Party/FreeRTOS/Source/stream_buffer.c **** 		}
 955:Middlewares/Third_Party/FreeRTOS/Source/stream_buffer.c **** 	}
 956:Middlewares/Third_Party/FreeRTOS/Source/stream_buffer.c **** 	else
 957:Middlewares/Third_Party/FreeRTOS/Source/stream_buffer.c **** 	{
 958:Middlewares/Third_Party/FreeRTOS/Source/stream_buffer.c **** 		/* A stream of bytes is being received (as opposed to a discrete
 959:Middlewares/Third_Party/FreeRTOS/Source/stream_buffer.c **** 		message), so read as many bytes as possible. */
 960:Middlewares/Third_Party/FreeRTOS/Source/stream_buffer.c **** 		xNextMessageLength = xBufferLengthBytes;
 961:Middlewares/Third_Party/FreeRTOS/Source/stream_buffer.c **** 	}
 962:Middlewares/Third_Party/FreeRTOS/Source/stream_buffer.c **** 
 963:Middlewares/Third_Party/FreeRTOS/Source/stream_buffer.c **** 	/* Read the actual data. */
 964:Middlewares/Third_Party/FreeRTOS/Source/stream_buffer.c **** 	xReceivedLength = prvReadBytesFromBuffer( pxStreamBuffer, ( uint8_t * ) pvRxData, xNextMessageLeng
 965:Middlewares/Third_Party/FreeRTOS/Source/stream_buffer.c **** 
 966:Middlewares/Third_Party/FreeRTOS/Source/stream_buffer.c **** 	return xReceivedLength;
 967:Middlewares/Third_Party/FreeRTOS/Source/stream_buffer.c **** }
 968:Middlewares/Third_Party/FreeRTOS/Source/stream_buffer.c **** /*-----------------------------------------------------------*/
 969:Middlewares/Third_Party/FreeRTOS/Source/stream_buffer.c **** 
 970:Middlewares/Third_Party/FreeRTOS/Source/stream_buffer.c **** BaseType_t xStreamBufferIsEmpty( StreamBufferHandle_t xStreamBuffer )
 971:Middlewares/Third_Party/FreeRTOS/Source/stream_buffer.c **** {
 972:Middlewares/Third_Party/FreeRTOS/Source/stream_buffer.c **** const StreamBuffer_t * const pxStreamBuffer = xStreamBuffer;
 973:Middlewares/Third_Party/FreeRTOS/Source/stream_buffer.c **** BaseType_t xReturn;
 974:Middlewares/Third_Party/FreeRTOS/Source/stream_buffer.c **** size_t xTail;
 975:Middlewares/Third_Party/FreeRTOS/Source/stream_buffer.c **** 
 976:Middlewares/Third_Party/FreeRTOS/Source/stream_buffer.c **** 	configASSERT( pxStreamBuffer );
 977:Middlewares/Third_Party/FreeRTOS/Source/stream_buffer.c **** 
 978:Middlewares/Third_Party/FreeRTOS/Source/stream_buffer.c **** 	/* True if no bytes are available. */
 979:Middlewares/Third_Party/FreeRTOS/Source/stream_buffer.c **** 	xTail = pxStreamBuffer->xTail;
 980:Middlewares/Third_Party/FreeRTOS/Source/stream_buffer.c **** 	if( pxStreamBuffer->xHead == xTail )
 981:Middlewares/Third_Party/FreeRTOS/Source/stream_buffer.c **** 	{
 982:Middlewares/Third_Party/FreeRTOS/Source/stream_buffer.c **** 		xReturn = pdTRUE;
 983:Middlewares/Third_Party/FreeRTOS/Source/stream_buffer.c **** 	}
 984:Middlewares/Third_Party/FreeRTOS/Source/stream_buffer.c **** 	else
 985:Middlewares/Third_Party/FreeRTOS/Source/stream_buffer.c **** 	{
 986:Middlewares/Third_Party/FreeRTOS/Source/stream_buffer.c **** 		xReturn = pdFALSE;
 987:Middlewares/Third_Party/FreeRTOS/Source/stream_buffer.c **** 	}
 988:Middlewares/Third_Party/FreeRTOS/Source/stream_buffer.c **** 
 989:Middlewares/Third_Party/FreeRTOS/Source/stream_buffer.c **** 	return xReturn;
 990:Middlewares/Third_Party/FreeRTOS/Source/stream_buffer.c **** }
 991:Middlewares/Third_Party/FreeRTOS/Source/stream_buffer.c **** /*-----------------------------------------------------------*/
 992:Middlewares/Third_Party/FreeRTOS/Source/stream_buffer.c **** 
 993:Middlewares/Third_Party/FreeRTOS/Source/stream_buffer.c **** BaseType_t xStreamBufferIsFull( StreamBufferHandle_t xStreamBuffer )
 994:Middlewares/Third_Party/FreeRTOS/Source/stream_buffer.c **** {
 995:Middlewares/Third_Party/FreeRTOS/Source/stream_buffer.c **** BaseType_t xReturn;
 996:Middlewares/Third_Party/FreeRTOS/Source/stream_buffer.c **** size_t xBytesToStoreMessageLength;
 997:Middlewares/Third_Party/FreeRTOS/Source/stream_buffer.c **** const StreamBuffer_t * const pxStreamBuffer = xStreamBuffer;
 998:Middlewares/Third_Party/FreeRTOS/Source/stream_buffer.c **** 
 999:Middlewares/Third_Party/FreeRTOS/Source/stream_buffer.c **** 	configASSERT( pxStreamBuffer );
1000:Middlewares/Third_Party/FreeRTOS/Source/stream_buffer.c **** 
1001:Middlewares/Third_Party/FreeRTOS/Source/stream_buffer.c **** 	/* This generic version of the receive function is used by both message
ARM GAS  D:\TMP\ccko02Uc.s 			page 19


1002:Middlewares/Third_Party/FreeRTOS/Source/stream_buffer.c **** 	buffers, which store discrete messages, and stream buffers, which store a
1003:Middlewares/Third_Party/FreeRTOS/Source/stream_buffer.c **** 	continuous stream of bytes.  Discrete messages include an additional
1004:Middlewares/Third_Party/FreeRTOS/Source/stream_buffer.c **** 	sbBYTES_TO_STORE_MESSAGE_LENGTH bytes that hold the length of the message. */
1005:Middlewares/Third_Party/FreeRTOS/Source/stream_buffer.c **** 	if( ( pxStreamBuffer->ucFlags & sbFLAGS_IS_MESSAGE_BUFFER ) != ( uint8_t ) 0 )
1006:Middlewares/Third_Party/FreeRTOS/Source/stream_buffer.c **** 	{
1007:Middlewares/Third_Party/FreeRTOS/Source/stream_buffer.c **** 		xBytesToStoreMessageLength = sbBYTES_TO_STORE_MESSAGE_LENGTH;
1008:Middlewares/Third_Party/FreeRTOS/Source/stream_buffer.c **** 	}
1009:Middlewares/Third_Party/FreeRTOS/Source/stream_buffer.c **** 	else
1010:Middlewares/Third_Party/FreeRTOS/Source/stream_buffer.c **** 	{
1011:Middlewares/Third_Party/FreeRTOS/Source/stream_buffer.c **** 		xBytesToStoreMessageLength = 0;
1012:Middlewares/Third_Party/FreeRTOS/Source/stream_buffer.c **** 	}
1013:Middlewares/Third_Party/FreeRTOS/Source/stream_buffer.c **** 
1014:Middlewares/Third_Party/FreeRTOS/Source/stream_buffer.c **** 	/* True if the available space equals zero. */
1015:Middlewares/Third_Party/FreeRTOS/Source/stream_buffer.c **** 	if( xStreamBufferSpacesAvailable( xStreamBuffer ) <= xBytesToStoreMessageLength )
1016:Middlewares/Third_Party/FreeRTOS/Source/stream_buffer.c **** 	{
1017:Middlewares/Third_Party/FreeRTOS/Source/stream_buffer.c **** 		xReturn = pdTRUE;
1018:Middlewares/Third_Party/FreeRTOS/Source/stream_buffer.c **** 	}
1019:Middlewares/Third_Party/FreeRTOS/Source/stream_buffer.c **** 	else
1020:Middlewares/Third_Party/FreeRTOS/Source/stream_buffer.c **** 	{
1021:Middlewares/Third_Party/FreeRTOS/Source/stream_buffer.c **** 		xReturn = pdFALSE;
1022:Middlewares/Third_Party/FreeRTOS/Source/stream_buffer.c **** 	}
1023:Middlewares/Third_Party/FreeRTOS/Source/stream_buffer.c **** 
1024:Middlewares/Third_Party/FreeRTOS/Source/stream_buffer.c **** 	return xReturn;
1025:Middlewares/Third_Party/FreeRTOS/Source/stream_buffer.c **** }
1026:Middlewares/Third_Party/FreeRTOS/Source/stream_buffer.c **** /*-----------------------------------------------------------*/
1027:Middlewares/Third_Party/FreeRTOS/Source/stream_buffer.c **** 
1028:Middlewares/Third_Party/FreeRTOS/Source/stream_buffer.c **** BaseType_t xStreamBufferSendCompletedFromISR( StreamBufferHandle_t xStreamBuffer, BaseType_t *pxHig
1029:Middlewares/Third_Party/FreeRTOS/Source/stream_buffer.c **** {
1030:Middlewares/Third_Party/FreeRTOS/Source/stream_buffer.c **** StreamBuffer_t * const pxStreamBuffer = xStreamBuffer;
1031:Middlewares/Third_Party/FreeRTOS/Source/stream_buffer.c **** BaseType_t xReturn;
1032:Middlewares/Third_Party/FreeRTOS/Source/stream_buffer.c **** UBaseType_t uxSavedInterruptStatus;
1033:Middlewares/Third_Party/FreeRTOS/Source/stream_buffer.c **** 
1034:Middlewares/Third_Party/FreeRTOS/Source/stream_buffer.c **** 	configASSERT( pxStreamBuffer );
1035:Middlewares/Third_Party/FreeRTOS/Source/stream_buffer.c **** 
1036:Middlewares/Third_Party/FreeRTOS/Source/stream_buffer.c **** 	uxSavedInterruptStatus = ( UBaseType_t ) portSET_INTERRUPT_MASK_FROM_ISR();
1037:Middlewares/Third_Party/FreeRTOS/Source/stream_buffer.c **** 	{
1038:Middlewares/Third_Party/FreeRTOS/Source/stream_buffer.c **** 		if( ( pxStreamBuffer )->xTaskWaitingToReceive != NULL )
1039:Middlewares/Third_Party/FreeRTOS/Source/stream_buffer.c **** 		{
1040:Middlewares/Third_Party/FreeRTOS/Source/stream_buffer.c **** 			( void ) xTaskNotifyFromISR( ( pxStreamBuffer )->xTaskWaitingToReceive,
1041:Middlewares/Third_Party/FreeRTOS/Source/stream_buffer.c **** 										 ( uint32_t ) 0,
1042:Middlewares/Third_Party/FreeRTOS/Source/stream_buffer.c **** 										 eNoAction,
1043:Middlewares/Third_Party/FreeRTOS/Source/stream_buffer.c **** 										 pxHigherPriorityTaskWoken );
1044:Middlewares/Third_Party/FreeRTOS/Source/stream_buffer.c **** 			( pxStreamBuffer )->xTaskWaitingToReceive = NULL;
1045:Middlewares/Third_Party/FreeRTOS/Source/stream_buffer.c **** 			xReturn = pdTRUE;
1046:Middlewares/Third_Party/FreeRTOS/Source/stream_buffer.c **** 		}
1047:Middlewares/Third_Party/FreeRTOS/Source/stream_buffer.c **** 		else
1048:Middlewares/Third_Party/FreeRTOS/Source/stream_buffer.c **** 		{
1049:Middlewares/Third_Party/FreeRTOS/Source/stream_buffer.c **** 			xReturn = pdFALSE;
1050:Middlewares/Third_Party/FreeRTOS/Source/stream_buffer.c **** 		}
1051:Middlewares/Third_Party/FreeRTOS/Source/stream_buffer.c **** 	}
1052:Middlewares/Third_Party/FreeRTOS/Source/stream_buffer.c **** 	portCLEAR_INTERRUPT_MASK_FROM_ISR( uxSavedInterruptStatus );
1053:Middlewares/Third_Party/FreeRTOS/Source/stream_buffer.c **** 
1054:Middlewares/Third_Party/FreeRTOS/Source/stream_buffer.c **** 	return xReturn;
1055:Middlewares/Third_Party/FreeRTOS/Source/stream_buffer.c **** }
1056:Middlewares/Third_Party/FreeRTOS/Source/stream_buffer.c **** /*-----------------------------------------------------------*/
1057:Middlewares/Third_Party/FreeRTOS/Source/stream_buffer.c **** 
1058:Middlewares/Third_Party/FreeRTOS/Source/stream_buffer.c **** BaseType_t xStreamBufferReceiveCompletedFromISR( StreamBufferHandle_t xStreamBuffer, BaseType_t *px
ARM GAS  D:\TMP\ccko02Uc.s 			page 20


1059:Middlewares/Third_Party/FreeRTOS/Source/stream_buffer.c **** {
1060:Middlewares/Third_Party/FreeRTOS/Source/stream_buffer.c **** StreamBuffer_t * const pxStreamBuffer = xStreamBuffer;
1061:Middlewares/Third_Party/FreeRTOS/Source/stream_buffer.c **** BaseType_t xReturn;
1062:Middlewares/Third_Party/FreeRTOS/Source/stream_buffer.c **** UBaseType_t uxSavedInterruptStatus;
1063:Middlewares/Third_Party/FreeRTOS/Source/stream_buffer.c **** 
1064:Middlewares/Third_Party/FreeRTOS/Source/stream_buffer.c **** 	configASSERT( pxStreamBuffer );
1065:Middlewares/Third_Party/FreeRTOS/Source/stream_buffer.c **** 
1066:Middlewares/Third_Party/FreeRTOS/Source/stream_buffer.c **** 	uxSavedInterruptStatus = ( UBaseType_t ) portSET_INTERRUPT_MASK_FROM_ISR();
1067:Middlewares/Third_Party/FreeRTOS/Source/stream_buffer.c **** 	{
1068:Middlewares/Third_Party/FreeRTOS/Source/stream_buffer.c **** 		if( ( pxStreamBuffer )->xTaskWaitingToSend != NULL )
1069:Middlewares/Third_Party/FreeRTOS/Source/stream_buffer.c **** 		{
1070:Middlewares/Third_Party/FreeRTOS/Source/stream_buffer.c **** 			( void ) xTaskNotifyFromISR( ( pxStreamBuffer )->xTaskWaitingToSend,
1071:Middlewares/Third_Party/FreeRTOS/Source/stream_buffer.c **** 										 ( uint32_t ) 0,
1072:Middlewares/Third_Party/FreeRTOS/Source/stream_buffer.c **** 										 eNoAction,
1073:Middlewares/Third_Party/FreeRTOS/Source/stream_buffer.c **** 										 pxHigherPriorityTaskWoken );
1074:Middlewares/Third_Party/FreeRTOS/Source/stream_buffer.c **** 			( pxStreamBuffer )->xTaskWaitingToSend = NULL;
1075:Middlewares/Third_Party/FreeRTOS/Source/stream_buffer.c **** 			xReturn = pdTRUE;
1076:Middlewares/Third_Party/FreeRTOS/Source/stream_buffer.c **** 		}
1077:Middlewares/Third_Party/FreeRTOS/Source/stream_buffer.c **** 		else
1078:Middlewares/Third_Party/FreeRTOS/Source/stream_buffer.c **** 		{
1079:Middlewares/Third_Party/FreeRTOS/Source/stream_buffer.c **** 			xReturn = pdFALSE;
1080:Middlewares/Third_Party/FreeRTOS/Source/stream_buffer.c **** 		}
1081:Middlewares/Third_Party/FreeRTOS/Source/stream_buffer.c **** 	}
1082:Middlewares/Third_Party/FreeRTOS/Source/stream_buffer.c **** 	portCLEAR_INTERRUPT_MASK_FROM_ISR( uxSavedInterruptStatus );
1083:Middlewares/Third_Party/FreeRTOS/Source/stream_buffer.c **** 
1084:Middlewares/Third_Party/FreeRTOS/Source/stream_buffer.c **** 	return xReturn;
1085:Middlewares/Third_Party/FreeRTOS/Source/stream_buffer.c **** }
1086:Middlewares/Third_Party/FreeRTOS/Source/stream_buffer.c **** /*-----------------------------------------------------------*/
1087:Middlewares/Third_Party/FreeRTOS/Source/stream_buffer.c **** 
1088:Middlewares/Third_Party/FreeRTOS/Source/stream_buffer.c **** static size_t prvWriteBytesToBuffer( StreamBuffer_t * const pxStreamBuffer, const uint8_t *pucData,
1089:Middlewares/Third_Party/FreeRTOS/Source/stream_buffer.c **** {
1090:Middlewares/Third_Party/FreeRTOS/Source/stream_buffer.c **** size_t xNextHead, xFirstLength;
1091:Middlewares/Third_Party/FreeRTOS/Source/stream_buffer.c **** 
1092:Middlewares/Third_Party/FreeRTOS/Source/stream_buffer.c **** 	configASSERT( xCount > ( size_t ) 0 );
1093:Middlewares/Third_Party/FreeRTOS/Source/stream_buffer.c **** 
1094:Middlewares/Third_Party/FreeRTOS/Source/stream_buffer.c **** 	xNextHead = pxStreamBuffer->xHead;
1095:Middlewares/Third_Party/FreeRTOS/Source/stream_buffer.c **** 
1096:Middlewares/Third_Party/FreeRTOS/Source/stream_buffer.c **** 	/* Calculate the number of bytes that can be added in the first write -
1097:Middlewares/Third_Party/FreeRTOS/Source/stream_buffer.c **** 	which may be less than the total number of bytes that need to be added if
1098:Middlewares/Third_Party/FreeRTOS/Source/stream_buffer.c **** 	the buffer will wrap back to the beginning. */
1099:Middlewares/Third_Party/FreeRTOS/Source/stream_buffer.c **** 	xFirstLength = configMIN( pxStreamBuffer->xLength - xNextHead, xCount );
1100:Middlewares/Third_Party/FreeRTOS/Source/stream_buffer.c **** 
1101:Middlewares/Third_Party/FreeRTOS/Source/stream_buffer.c **** 	/* Write as many bytes as can be written in the first write. */
1102:Middlewares/Third_Party/FreeRTOS/Source/stream_buffer.c **** 	configASSERT( ( xNextHead + xFirstLength ) <= pxStreamBuffer->xLength );
1103:Middlewares/Third_Party/FreeRTOS/Source/stream_buffer.c **** 	( void ) memcpy( ( void* ) ( &( pxStreamBuffer->pucBuffer[ xNextHead ] ) ), ( const void * ) pucDa
1104:Middlewares/Third_Party/FreeRTOS/Source/stream_buffer.c **** 
1105:Middlewares/Third_Party/FreeRTOS/Source/stream_buffer.c **** 	/* If the number of bytes written was less than the number that could be
1106:Middlewares/Third_Party/FreeRTOS/Source/stream_buffer.c **** 	written in the first write... */
1107:Middlewares/Third_Party/FreeRTOS/Source/stream_buffer.c **** 	if( xCount > xFirstLength )
1108:Middlewares/Third_Party/FreeRTOS/Source/stream_buffer.c **** 	{
1109:Middlewares/Third_Party/FreeRTOS/Source/stream_buffer.c **** 		/* ...then write the remaining bytes to the start of the buffer. */
1110:Middlewares/Third_Party/FreeRTOS/Source/stream_buffer.c **** 		configASSERT( ( xCount - xFirstLength ) <= pxStreamBuffer->xLength );
1111:Middlewares/Third_Party/FreeRTOS/Source/stream_buffer.c **** 		( void ) memcpy( ( void * ) pxStreamBuffer->pucBuffer, ( const void * ) &( pucData[ xFirstLength 
1112:Middlewares/Third_Party/FreeRTOS/Source/stream_buffer.c **** 	}
1113:Middlewares/Third_Party/FreeRTOS/Source/stream_buffer.c **** 	else
1114:Middlewares/Third_Party/FreeRTOS/Source/stream_buffer.c **** 	{
1115:Middlewares/Third_Party/FreeRTOS/Source/stream_buffer.c **** 		mtCOVERAGE_TEST_MARKER();
ARM GAS  D:\TMP\ccko02Uc.s 			page 21


1116:Middlewares/Third_Party/FreeRTOS/Source/stream_buffer.c **** 	}
1117:Middlewares/Third_Party/FreeRTOS/Source/stream_buffer.c **** 
1118:Middlewares/Third_Party/FreeRTOS/Source/stream_buffer.c **** 	xNextHead += xCount;
1119:Middlewares/Third_Party/FreeRTOS/Source/stream_buffer.c **** 	if( xNextHead >= pxStreamBuffer->xLength )
1120:Middlewares/Third_Party/FreeRTOS/Source/stream_buffer.c **** 	{
1121:Middlewares/Third_Party/FreeRTOS/Source/stream_buffer.c **** 		xNextHead -= pxStreamBuffer->xLength;
1122:Middlewares/Third_Party/FreeRTOS/Source/stream_buffer.c **** 	}
1123:Middlewares/Third_Party/FreeRTOS/Source/stream_buffer.c **** 	else
1124:Middlewares/Third_Party/FreeRTOS/Source/stream_buffer.c **** 	{
1125:Middlewares/Third_Party/FreeRTOS/Source/stream_buffer.c **** 		mtCOVERAGE_TEST_MARKER();
1126:Middlewares/Third_Party/FreeRTOS/Source/stream_buffer.c **** 	}
1127:Middlewares/Third_Party/FreeRTOS/Source/stream_buffer.c **** 
1128:Middlewares/Third_Party/FreeRTOS/Source/stream_buffer.c **** 	pxStreamBuffer->xHead = xNextHead;
1129:Middlewares/Third_Party/FreeRTOS/Source/stream_buffer.c **** 
1130:Middlewares/Third_Party/FreeRTOS/Source/stream_buffer.c **** 	return xCount;
1131:Middlewares/Third_Party/FreeRTOS/Source/stream_buffer.c **** }
1132:Middlewares/Third_Party/FreeRTOS/Source/stream_buffer.c **** /*-----------------------------------------------------------*/
1133:Middlewares/Third_Party/FreeRTOS/Source/stream_buffer.c **** 
1134:Middlewares/Third_Party/FreeRTOS/Source/stream_buffer.c **** static size_t prvReadBytesFromBuffer( StreamBuffer_t *pxStreamBuffer, uint8_t *pucData, size_t xMax
1135:Middlewares/Third_Party/FreeRTOS/Source/stream_buffer.c **** {
1136:Middlewares/Third_Party/FreeRTOS/Source/stream_buffer.c **** size_t xCount, xFirstLength, xNextTail;
1137:Middlewares/Third_Party/FreeRTOS/Source/stream_buffer.c **** 
1138:Middlewares/Third_Party/FreeRTOS/Source/stream_buffer.c **** 	/* Use the minimum of the wanted bytes and the available bytes. */
1139:Middlewares/Third_Party/FreeRTOS/Source/stream_buffer.c **** 	xCount = configMIN( xBytesAvailable, xMaxCount );
1140:Middlewares/Third_Party/FreeRTOS/Source/stream_buffer.c **** 
1141:Middlewares/Third_Party/FreeRTOS/Source/stream_buffer.c **** 	if( xCount > ( size_t ) 0 )
1142:Middlewares/Third_Party/FreeRTOS/Source/stream_buffer.c **** 	{
1143:Middlewares/Third_Party/FreeRTOS/Source/stream_buffer.c **** 		xNextTail = pxStreamBuffer->xTail;
1144:Middlewares/Third_Party/FreeRTOS/Source/stream_buffer.c **** 
1145:Middlewares/Third_Party/FreeRTOS/Source/stream_buffer.c **** 		/* Calculate the number of bytes that can be read - which may be
1146:Middlewares/Third_Party/FreeRTOS/Source/stream_buffer.c **** 		less than the number wanted if the data wraps around to the start of
1147:Middlewares/Third_Party/FreeRTOS/Source/stream_buffer.c **** 		the buffer. */
1148:Middlewares/Third_Party/FreeRTOS/Source/stream_buffer.c **** 		xFirstLength = configMIN( pxStreamBuffer->xLength - xNextTail, xCount );
1149:Middlewares/Third_Party/FreeRTOS/Source/stream_buffer.c **** 
1150:Middlewares/Third_Party/FreeRTOS/Source/stream_buffer.c **** 		/* Obtain the number of bytes it is possible to obtain in the first
1151:Middlewares/Third_Party/FreeRTOS/Source/stream_buffer.c **** 		read.  Asserts check bounds of read and write. */
1152:Middlewares/Third_Party/FreeRTOS/Source/stream_buffer.c **** 		configASSERT( xFirstLength <= xMaxCount );
1153:Middlewares/Third_Party/FreeRTOS/Source/stream_buffer.c **** 		configASSERT( ( xNextTail + xFirstLength ) <= pxStreamBuffer->xLength );
1154:Middlewares/Third_Party/FreeRTOS/Source/stream_buffer.c **** 		( void ) memcpy( ( void * ) pucData, ( const void * ) &( pxStreamBuffer->pucBuffer[ xNextTail ] )
1155:Middlewares/Third_Party/FreeRTOS/Source/stream_buffer.c **** 
1156:Middlewares/Third_Party/FreeRTOS/Source/stream_buffer.c **** 		/* If the total number of wanted bytes is greater than the number
1157:Middlewares/Third_Party/FreeRTOS/Source/stream_buffer.c **** 		that could be read in the first read... */
1158:Middlewares/Third_Party/FreeRTOS/Source/stream_buffer.c **** 		if( xCount > xFirstLength )
1159:Middlewares/Third_Party/FreeRTOS/Source/stream_buffer.c **** 		{
1160:Middlewares/Third_Party/FreeRTOS/Source/stream_buffer.c **** 			/*...then read the remaining bytes from the start of the buffer. */
1161:Middlewares/Third_Party/FreeRTOS/Source/stream_buffer.c **** 			configASSERT( xCount <= xMaxCount );
1162:Middlewares/Third_Party/FreeRTOS/Source/stream_buffer.c **** 			( void ) memcpy( ( void * ) &( pucData[ xFirstLength ] ), ( void * ) ( pxStreamBuffer->pucBuffer
1163:Middlewares/Third_Party/FreeRTOS/Source/stream_buffer.c **** 		}
1164:Middlewares/Third_Party/FreeRTOS/Source/stream_buffer.c **** 		else
1165:Middlewares/Third_Party/FreeRTOS/Source/stream_buffer.c **** 		{
1166:Middlewares/Third_Party/FreeRTOS/Source/stream_buffer.c **** 			mtCOVERAGE_TEST_MARKER();
1167:Middlewares/Third_Party/FreeRTOS/Source/stream_buffer.c **** 		}
1168:Middlewares/Third_Party/FreeRTOS/Source/stream_buffer.c **** 
1169:Middlewares/Third_Party/FreeRTOS/Source/stream_buffer.c **** 		/* Move the tail pointer to effectively remove the data read from
1170:Middlewares/Third_Party/FreeRTOS/Source/stream_buffer.c **** 		the buffer. */
1171:Middlewares/Third_Party/FreeRTOS/Source/stream_buffer.c **** 		xNextTail += xCount;
1172:Middlewares/Third_Party/FreeRTOS/Source/stream_buffer.c **** 
ARM GAS  D:\TMP\ccko02Uc.s 			page 22


1173:Middlewares/Third_Party/FreeRTOS/Source/stream_buffer.c **** 		if( xNextTail >= pxStreamBuffer->xLength )
1174:Middlewares/Third_Party/FreeRTOS/Source/stream_buffer.c **** 		{
1175:Middlewares/Third_Party/FreeRTOS/Source/stream_buffer.c **** 			xNextTail -= pxStreamBuffer->xLength;
1176:Middlewares/Third_Party/FreeRTOS/Source/stream_buffer.c **** 		}
1177:Middlewares/Third_Party/FreeRTOS/Source/stream_buffer.c **** 
1178:Middlewares/Third_Party/FreeRTOS/Source/stream_buffer.c **** 		pxStreamBuffer->xTail = xNextTail;
1179:Middlewares/Third_Party/FreeRTOS/Source/stream_buffer.c **** 	}
1180:Middlewares/Third_Party/FreeRTOS/Source/stream_buffer.c **** 	else
1181:Middlewares/Third_Party/FreeRTOS/Source/stream_buffer.c **** 	{
1182:Middlewares/Third_Party/FreeRTOS/Source/stream_buffer.c **** 		mtCOVERAGE_TEST_MARKER();
1183:Middlewares/Third_Party/FreeRTOS/Source/stream_buffer.c **** 	}
1184:Middlewares/Third_Party/FreeRTOS/Source/stream_buffer.c **** 
1185:Middlewares/Third_Party/FreeRTOS/Source/stream_buffer.c **** 	return xCount;
1186:Middlewares/Third_Party/FreeRTOS/Source/stream_buffer.c **** }
1187:Middlewares/Third_Party/FreeRTOS/Source/stream_buffer.c **** /*-----------------------------------------------------------*/
1188:Middlewares/Third_Party/FreeRTOS/Source/stream_buffer.c **** 
1189:Middlewares/Third_Party/FreeRTOS/Source/stream_buffer.c **** static size_t prvBytesInBuffer( const StreamBuffer_t * const pxStreamBuffer )
1190:Middlewares/Third_Party/FreeRTOS/Source/stream_buffer.c **** {
  27              		.loc 1 1190 1 view -0
  28              		.cfi_startproc
  29              		@ args = 0, pretend = 0, frame = 0
  30              		@ frame_needed = 0, uses_anonymous_args = 0
  31              		@ link register save eliminated.
1191:Middlewares/Third_Party/FreeRTOS/Source/stream_buffer.c **** /* Returns the distance between xTail and xHead. */
1192:Middlewares/Third_Party/FreeRTOS/Source/stream_buffer.c **** size_t xCount;
  32              		.loc 1 1192 1 view .LVU1
1193:Middlewares/Third_Party/FreeRTOS/Source/stream_buffer.c **** 
1194:Middlewares/Third_Party/FreeRTOS/Source/stream_buffer.c **** 	xCount = pxStreamBuffer->xLength + pxStreamBuffer->xHead;
  33              		.loc 1 1194 2 view .LVU2
  34              		.loc 1 1194 25 is_stmt 0 view .LVU3
  35 0000 8268     		ldr	r2, [r0, #8]
  36              		.loc 1 1194 51 view .LVU4
  37 0002 4368     		ldr	r3, [r0, #4]
  38              		.loc 1 1194 9 view .LVU5
  39 0004 1344     		add	r3, r3, r2
  40              	.LVL1:
1195:Middlewares/Third_Party/FreeRTOS/Source/stream_buffer.c **** 	xCount -= pxStreamBuffer->xTail;
  41              		.loc 1 1195 2 is_stmt 1 view .LVU6
  42              		.loc 1 1195 26 is_stmt 0 view .LVU7
  43 0006 0068     		ldr	r0, [r0]
  44              	.LVL2:
  45              		.loc 1 1195 9 view .LVU8
  46 0008 181A     		subs	r0, r3, r0
  47              	.LVL3:
1196:Middlewares/Third_Party/FreeRTOS/Source/stream_buffer.c **** 	if ( xCount >= pxStreamBuffer->xLength )
  48              		.loc 1 1196 2 is_stmt 1 view .LVU9
  49              		.loc 1 1196 5 is_stmt 0 view .LVU10
  50 000a 8242     		cmp	r2, r0
  51 000c 00D8     		bhi	.L1
1197:Middlewares/Third_Party/FreeRTOS/Source/stream_buffer.c **** 	{
1198:Middlewares/Third_Party/FreeRTOS/Source/stream_buffer.c **** 		xCount -= pxStreamBuffer->xLength;
  52              		.loc 1 1198 3 is_stmt 1 view .LVU11
  53              		.loc 1 1198 10 is_stmt 0 view .LVU12
  54 000e 801A     		subs	r0, r0, r2
  55              	.LVL4:
1199:Middlewares/Third_Party/FreeRTOS/Source/stream_buffer.c **** 	}
1200:Middlewares/Third_Party/FreeRTOS/Source/stream_buffer.c **** 	else
ARM GAS  D:\TMP\ccko02Uc.s 			page 23


1201:Middlewares/Third_Party/FreeRTOS/Source/stream_buffer.c **** 	{
1202:Middlewares/Third_Party/FreeRTOS/Source/stream_buffer.c **** 		mtCOVERAGE_TEST_MARKER();
  56              		.loc 1 1202 27 is_stmt 1 view .LVU13
1203:Middlewares/Third_Party/FreeRTOS/Source/stream_buffer.c **** 	}
1204:Middlewares/Third_Party/FreeRTOS/Source/stream_buffer.c **** 
1205:Middlewares/Third_Party/FreeRTOS/Source/stream_buffer.c **** 	return xCount;
  57              		.loc 1 1205 2 view .LVU14
  58              	.L1:
1206:Middlewares/Third_Party/FreeRTOS/Source/stream_buffer.c **** }
  59              		.loc 1 1206 1 is_stmt 0 view .LVU15
  60 0010 7047     		bx	lr
  61              		.cfi_endproc
  62              	.LFE24:
  64              		.section	.text.prvInitialiseNewStreamBuffer,"ax",%progbits
  65              		.align	1
  66              		.syntax unified
  67              		.thumb
  68              		.thumb_func
  70              	prvInitialiseNewStreamBuffer:
  71              	.LVL5:
  72              	.LFB25:
1207:Middlewares/Third_Party/FreeRTOS/Source/stream_buffer.c **** /*-----------------------------------------------------------*/
1208:Middlewares/Third_Party/FreeRTOS/Source/stream_buffer.c **** 
1209:Middlewares/Third_Party/FreeRTOS/Source/stream_buffer.c **** static void prvInitialiseNewStreamBuffer( StreamBuffer_t * const pxStreamBuffer,
1210:Middlewares/Third_Party/FreeRTOS/Source/stream_buffer.c **** 										  uint8_t * const pucBuffer,
1211:Middlewares/Third_Party/FreeRTOS/Source/stream_buffer.c **** 										  size_t xBufferSizeBytes,
1212:Middlewares/Third_Party/FreeRTOS/Source/stream_buffer.c **** 										  size_t xTriggerLevelBytes,
1213:Middlewares/Third_Party/FreeRTOS/Source/stream_buffer.c **** 										  uint8_t ucFlags )
1214:Middlewares/Third_Party/FreeRTOS/Source/stream_buffer.c **** {
  73              		.loc 1 1214 1 is_stmt 1 view -0
  74              		.cfi_startproc
  75              		@ args = 4, pretend = 0, frame = 0
  76              		@ frame_needed = 0, uses_anonymous_args = 0
  77              		.loc 1 1214 1 is_stmt 0 view .LVU17
  78 0000 F8B5     		push	{r3, r4, r5, r6, r7, lr}
  79              	.LCFI0:
  80              		.cfi_def_cfa_offset 24
  81              		.cfi_offset 3, -24
  82              		.cfi_offset 4, -20
  83              		.cfi_offset 5, -16
  84              		.cfi_offset 6, -12
  85              		.cfi_offset 7, -8
  86              		.cfi_offset 14, -4
  87 0002 0746     		mov	r7, r0
  88 0004 0C46     		mov	r4, r1
  89 0006 1646     		mov	r6, r2
  90 0008 1D46     		mov	r5, r3
  91              	.LBB85:
1215:Middlewares/Third_Party/FreeRTOS/Source/stream_buffer.c **** 	/* Assert here is deliberately writing to the entire buffer to ensure it can
1216:Middlewares/Third_Party/FreeRTOS/Source/stream_buffer.c **** 	be written to without generating exceptions, and is setting the buffer to a
1217:Middlewares/Third_Party/FreeRTOS/Source/stream_buffer.c **** 	known value to assist in development/debugging. */
1218:Middlewares/Third_Party/FreeRTOS/Source/stream_buffer.c **** 	#if( configASSERT_DEFINED == 1 )
1219:Middlewares/Third_Party/FreeRTOS/Source/stream_buffer.c **** 	{
1220:Middlewares/Third_Party/FreeRTOS/Source/stream_buffer.c **** 		/* The value written just has to be identifiable when looking at the
1221:Middlewares/Third_Party/FreeRTOS/Source/stream_buffer.c **** 		memory.  Don't use 0xA5 as that is the stack fill value and could
1222:Middlewares/Third_Party/FreeRTOS/Source/stream_buffer.c **** 		result in confusion as to what is actually being observed. */
1223:Middlewares/Third_Party/FreeRTOS/Source/stream_buffer.c **** 		const BaseType_t xWriteValue = 0x55;
ARM GAS  D:\TMP\ccko02Uc.s 			page 24


  92              		.loc 1 1223 3 is_stmt 1 view .LVU18
  93              	.LVL6:
1224:Middlewares/Third_Party/FreeRTOS/Source/stream_buffer.c **** 		configASSERT( memset( pucBuffer, ( int ) xWriteValue, xBufferSizeBytes ) == pucBuffer );
  94              		.loc 1 1224 3 view .LVU19
  95 000a 5521     		movs	r1, #85
  96              	.LVL7:
  97              		.loc 1 1224 3 is_stmt 0 view .LVU20
  98 000c 2046     		mov	r0, r4
  99              	.LVL8:
 100              		.loc 1 1224 3 view .LVU21
 101 000e FFF7FEFF 		bl	memset
 102              	.LVL9:
 103              		.loc 1 1224 3 discriminator 1 view .LVU22
 104 0012 8442     		cmp	r4, r0
 105 0014 08D0     		beq	.L4
 106              		.loc 1 1224 3 is_stmt 1 discriminator 1 view .LVU23
 107              	.LBB86:
 108              	.LBI86:
 109              		.file 2 "Middlewares/Third_Party/FreeRTOS/Source/portable/GCC/ARM_CM3/portmacro.h"
   1:Middlewares/Third_Party/FreeRTOS/Source/portable/GCC/ARM_CM3/portmacro.h **** /*
   2:Middlewares/Third_Party/FreeRTOS/Source/portable/GCC/ARM_CM3/portmacro.h ****  * FreeRTOS Kernel V10.3.1
   3:Middlewares/Third_Party/FreeRTOS/Source/portable/GCC/ARM_CM3/portmacro.h ****  * Copyright (C) 2020 Amazon.com, Inc. or its affiliates.  All Rights Reserved.
   4:Middlewares/Third_Party/FreeRTOS/Source/portable/GCC/ARM_CM3/portmacro.h ****  *
   5:Middlewares/Third_Party/FreeRTOS/Source/portable/GCC/ARM_CM3/portmacro.h ****  * Permission is hereby granted, free of charge, to any person obtaining a copy of
   6:Middlewares/Third_Party/FreeRTOS/Source/portable/GCC/ARM_CM3/portmacro.h ****  * this software and associated documentation files (the "Software"), to deal in
   7:Middlewares/Third_Party/FreeRTOS/Source/portable/GCC/ARM_CM3/portmacro.h ****  * the Software without restriction, including without limitation the rights to
   8:Middlewares/Third_Party/FreeRTOS/Source/portable/GCC/ARM_CM3/portmacro.h ****  * use, copy, modify, merge, publish, distribute, sublicense, and/or sell copies of
   9:Middlewares/Third_Party/FreeRTOS/Source/portable/GCC/ARM_CM3/portmacro.h ****  * the Software, and to permit persons to whom the Software is furnished to do so,
  10:Middlewares/Third_Party/FreeRTOS/Source/portable/GCC/ARM_CM3/portmacro.h ****  * subject to the following conditions:
  11:Middlewares/Third_Party/FreeRTOS/Source/portable/GCC/ARM_CM3/portmacro.h ****  *
  12:Middlewares/Third_Party/FreeRTOS/Source/portable/GCC/ARM_CM3/portmacro.h ****  * The above copyright notice and this permission notice shall be included in all
  13:Middlewares/Third_Party/FreeRTOS/Source/portable/GCC/ARM_CM3/portmacro.h ****  * copies or substantial portions of the Software.
  14:Middlewares/Third_Party/FreeRTOS/Source/portable/GCC/ARM_CM3/portmacro.h ****  *
  15:Middlewares/Third_Party/FreeRTOS/Source/portable/GCC/ARM_CM3/portmacro.h ****  * THE SOFTWARE IS PROVIDED "AS IS", WITHOUT WARRANTY OF ANY KIND, EXPRESS OR
  16:Middlewares/Third_Party/FreeRTOS/Source/portable/GCC/ARM_CM3/portmacro.h ****  * IMPLIED, INCLUDING BUT NOT LIMITED TO THE WARRANTIES OF MERCHANTABILITY, FITNESS
  17:Middlewares/Third_Party/FreeRTOS/Source/portable/GCC/ARM_CM3/portmacro.h ****  * FOR A PARTICULAR PURPOSE AND NONINFRINGEMENT. IN NO EVENT SHALL THE AUTHORS OR
  18:Middlewares/Third_Party/FreeRTOS/Source/portable/GCC/ARM_CM3/portmacro.h ****  * COPYRIGHT HOLDERS BE LIABLE FOR ANY CLAIM, DAMAGES OR OTHER LIABILITY, WHETHER
  19:Middlewares/Third_Party/FreeRTOS/Source/portable/GCC/ARM_CM3/portmacro.h ****  * IN AN ACTION OF CONTRACT, TORT OR OTHERWISE, ARISING FROM, OUT OF OR IN
  20:Middlewares/Third_Party/FreeRTOS/Source/portable/GCC/ARM_CM3/portmacro.h ****  * CONNECTION WITH THE SOFTWARE OR THE USE OR OTHER DEALINGS IN THE SOFTWARE.
  21:Middlewares/Third_Party/FreeRTOS/Source/portable/GCC/ARM_CM3/portmacro.h ****  *
  22:Middlewares/Third_Party/FreeRTOS/Source/portable/GCC/ARM_CM3/portmacro.h ****  * http://www.FreeRTOS.org
  23:Middlewares/Third_Party/FreeRTOS/Source/portable/GCC/ARM_CM3/portmacro.h ****  * http://aws.amazon.com/freertos
  24:Middlewares/Third_Party/FreeRTOS/Source/portable/GCC/ARM_CM3/portmacro.h ****  *
  25:Middlewares/Third_Party/FreeRTOS/Source/portable/GCC/ARM_CM3/portmacro.h ****  * 1 tab == 4 spaces!
  26:Middlewares/Third_Party/FreeRTOS/Source/portable/GCC/ARM_CM3/portmacro.h ****  */
  27:Middlewares/Third_Party/FreeRTOS/Source/portable/GCC/ARM_CM3/portmacro.h **** 
  28:Middlewares/Third_Party/FreeRTOS/Source/portable/GCC/ARM_CM3/portmacro.h **** 
  29:Middlewares/Third_Party/FreeRTOS/Source/portable/GCC/ARM_CM3/portmacro.h **** #ifndef PORTMACRO_H
  30:Middlewares/Third_Party/FreeRTOS/Source/portable/GCC/ARM_CM3/portmacro.h **** #define PORTMACRO_H
  31:Middlewares/Third_Party/FreeRTOS/Source/portable/GCC/ARM_CM3/portmacro.h **** 
  32:Middlewares/Third_Party/FreeRTOS/Source/portable/GCC/ARM_CM3/portmacro.h **** #ifdef __cplusplus
  33:Middlewares/Third_Party/FreeRTOS/Source/portable/GCC/ARM_CM3/portmacro.h **** extern "C" {
  34:Middlewares/Third_Party/FreeRTOS/Source/portable/GCC/ARM_CM3/portmacro.h **** #endif
  35:Middlewares/Third_Party/FreeRTOS/Source/portable/GCC/ARM_CM3/portmacro.h **** 
  36:Middlewares/Third_Party/FreeRTOS/Source/portable/GCC/ARM_CM3/portmacro.h **** /*-----------------------------------------------------------
  37:Middlewares/Third_Party/FreeRTOS/Source/portable/GCC/ARM_CM3/portmacro.h ****  * Port specific definitions.
  38:Middlewares/Third_Party/FreeRTOS/Source/portable/GCC/ARM_CM3/portmacro.h ****  *
ARM GAS  D:\TMP\ccko02Uc.s 			page 25


  39:Middlewares/Third_Party/FreeRTOS/Source/portable/GCC/ARM_CM3/portmacro.h ****  * The settings in this file configure FreeRTOS correctly for the
  40:Middlewares/Third_Party/FreeRTOS/Source/portable/GCC/ARM_CM3/portmacro.h ****  * given hardware and compiler.
  41:Middlewares/Third_Party/FreeRTOS/Source/portable/GCC/ARM_CM3/portmacro.h ****  *
  42:Middlewares/Third_Party/FreeRTOS/Source/portable/GCC/ARM_CM3/portmacro.h ****  * These settings should not be altered.
  43:Middlewares/Third_Party/FreeRTOS/Source/portable/GCC/ARM_CM3/portmacro.h ****  *-----------------------------------------------------------
  44:Middlewares/Third_Party/FreeRTOS/Source/portable/GCC/ARM_CM3/portmacro.h ****  */
  45:Middlewares/Third_Party/FreeRTOS/Source/portable/GCC/ARM_CM3/portmacro.h **** 
  46:Middlewares/Third_Party/FreeRTOS/Source/portable/GCC/ARM_CM3/portmacro.h **** /* Type definitions. */
  47:Middlewares/Third_Party/FreeRTOS/Source/portable/GCC/ARM_CM3/portmacro.h **** #define portCHAR		char
  48:Middlewares/Third_Party/FreeRTOS/Source/portable/GCC/ARM_CM3/portmacro.h **** #define portFLOAT		float
  49:Middlewares/Third_Party/FreeRTOS/Source/portable/GCC/ARM_CM3/portmacro.h **** #define portDOUBLE		double
  50:Middlewares/Third_Party/FreeRTOS/Source/portable/GCC/ARM_CM3/portmacro.h **** #define portLONG		long
  51:Middlewares/Third_Party/FreeRTOS/Source/portable/GCC/ARM_CM3/portmacro.h **** #define portSHORT		short
  52:Middlewares/Third_Party/FreeRTOS/Source/portable/GCC/ARM_CM3/portmacro.h **** #define portSTACK_TYPE	uint32_t
  53:Middlewares/Third_Party/FreeRTOS/Source/portable/GCC/ARM_CM3/portmacro.h **** #define portBASE_TYPE	long
  54:Middlewares/Third_Party/FreeRTOS/Source/portable/GCC/ARM_CM3/portmacro.h **** 
  55:Middlewares/Third_Party/FreeRTOS/Source/portable/GCC/ARM_CM3/portmacro.h **** typedef portSTACK_TYPE StackType_t;
  56:Middlewares/Third_Party/FreeRTOS/Source/portable/GCC/ARM_CM3/portmacro.h **** typedef long BaseType_t;
  57:Middlewares/Third_Party/FreeRTOS/Source/portable/GCC/ARM_CM3/portmacro.h **** typedef unsigned long UBaseType_t;
  58:Middlewares/Third_Party/FreeRTOS/Source/portable/GCC/ARM_CM3/portmacro.h **** 
  59:Middlewares/Third_Party/FreeRTOS/Source/portable/GCC/ARM_CM3/portmacro.h **** #if( configUSE_16_BIT_TICKS == 1 )
  60:Middlewares/Third_Party/FreeRTOS/Source/portable/GCC/ARM_CM3/portmacro.h **** 	typedef uint16_t TickType_t;
  61:Middlewares/Third_Party/FreeRTOS/Source/portable/GCC/ARM_CM3/portmacro.h **** 	#define portMAX_DELAY ( TickType_t ) 0xffff
  62:Middlewares/Third_Party/FreeRTOS/Source/portable/GCC/ARM_CM3/portmacro.h **** #else
  63:Middlewares/Third_Party/FreeRTOS/Source/portable/GCC/ARM_CM3/portmacro.h **** 	typedef uint32_t TickType_t;
  64:Middlewares/Third_Party/FreeRTOS/Source/portable/GCC/ARM_CM3/portmacro.h **** 	#define portMAX_DELAY ( TickType_t ) 0xffffffffUL
  65:Middlewares/Third_Party/FreeRTOS/Source/portable/GCC/ARM_CM3/portmacro.h **** 
  66:Middlewares/Third_Party/FreeRTOS/Source/portable/GCC/ARM_CM3/portmacro.h **** 	/* 32-bit tick type on a 32-bit architecture, so reads of the tick count do
  67:Middlewares/Third_Party/FreeRTOS/Source/portable/GCC/ARM_CM3/portmacro.h **** 	not need to be guarded with a critical section. */
  68:Middlewares/Third_Party/FreeRTOS/Source/portable/GCC/ARM_CM3/portmacro.h **** 	#define portTICK_TYPE_IS_ATOMIC 1
  69:Middlewares/Third_Party/FreeRTOS/Source/portable/GCC/ARM_CM3/portmacro.h **** #endif
  70:Middlewares/Third_Party/FreeRTOS/Source/portable/GCC/ARM_CM3/portmacro.h **** /*-----------------------------------------------------------*/
  71:Middlewares/Third_Party/FreeRTOS/Source/portable/GCC/ARM_CM3/portmacro.h **** 
  72:Middlewares/Third_Party/FreeRTOS/Source/portable/GCC/ARM_CM3/portmacro.h **** /* Architecture specifics. */
  73:Middlewares/Third_Party/FreeRTOS/Source/portable/GCC/ARM_CM3/portmacro.h **** #define portSTACK_GROWTH			( -1 )
  74:Middlewares/Third_Party/FreeRTOS/Source/portable/GCC/ARM_CM3/portmacro.h **** #define portTICK_PERIOD_MS			( ( TickType_t ) 1000 / configTICK_RATE_HZ )
  75:Middlewares/Third_Party/FreeRTOS/Source/portable/GCC/ARM_CM3/portmacro.h **** #define portBYTE_ALIGNMENT			8
  76:Middlewares/Third_Party/FreeRTOS/Source/portable/GCC/ARM_CM3/portmacro.h **** /*-----------------------------------------------------------*/
  77:Middlewares/Third_Party/FreeRTOS/Source/portable/GCC/ARM_CM3/portmacro.h **** 
  78:Middlewares/Third_Party/FreeRTOS/Source/portable/GCC/ARM_CM3/portmacro.h **** /* Scheduler utilities. */
  79:Middlewares/Third_Party/FreeRTOS/Source/portable/GCC/ARM_CM3/portmacro.h **** #define portYIELD() 															\
  80:Middlewares/Third_Party/FreeRTOS/Source/portable/GCC/ARM_CM3/portmacro.h **** {																				\
  81:Middlewares/Third_Party/FreeRTOS/Source/portable/GCC/ARM_CM3/portmacro.h **** 	/* Set a PendSV to request a context switch. */								\
  82:Middlewares/Third_Party/FreeRTOS/Source/portable/GCC/ARM_CM3/portmacro.h **** 	portNVIC_INT_CTRL_REG = portNVIC_PENDSVSET_BIT;								\
  83:Middlewares/Third_Party/FreeRTOS/Source/portable/GCC/ARM_CM3/portmacro.h **** 																				\
  84:Middlewares/Third_Party/FreeRTOS/Source/portable/GCC/ARM_CM3/portmacro.h **** 	/* Barriers are normally not required but do ensure the code is completely	\
  85:Middlewares/Third_Party/FreeRTOS/Source/portable/GCC/ARM_CM3/portmacro.h **** 	within the specified behaviour for the architecture. */						\
  86:Middlewares/Third_Party/FreeRTOS/Source/portable/GCC/ARM_CM3/portmacro.h **** 	__asm volatile( "dsb" ::: "memory" );										\
  87:Middlewares/Third_Party/FreeRTOS/Source/portable/GCC/ARM_CM3/portmacro.h **** 	__asm volatile( "isb" );													\
  88:Middlewares/Third_Party/FreeRTOS/Source/portable/GCC/ARM_CM3/portmacro.h **** }
  89:Middlewares/Third_Party/FreeRTOS/Source/portable/GCC/ARM_CM3/portmacro.h **** 
  90:Middlewares/Third_Party/FreeRTOS/Source/portable/GCC/ARM_CM3/portmacro.h **** #define portNVIC_INT_CTRL_REG		( * ( ( volatile uint32_t * ) 0xe000ed04 ) )
  91:Middlewares/Third_Party/FreeRTOS/Source/portable/GCC/ARM_CM3/portmacro.h **** #define portNVIC_PENDSVSET_BIT		( 1UL << 28UL )
  92:Middlewares/Third_Party/FreeRTOS/Source/portable/GCC/ARM_CM3/portmacro.h **** #define portEND_SWITCHING_ISR( xSwitchRequired ) if( xSwitchRequired != pdFALSE ) portYIELD()
  93:Middlewares/Third_Party/FreeRTOS/Source/portable/GCC/ARM_CM3/portmacro.h **** #define portYIELD_FROM_ISR( x ) portEND_SWITCHING_ISR( x )
  94:Middlewares/Third_Party/FreeRTOS/Source/portable/GCC/ARM_CM3/portmacro.h **** /*-----------------------------------------------------------*/
  95:Middlewares/Third_Party/FreeRTOS/Source/portable/GCC/ARM_CM3/portmacro.h **** 
ARM GAS  D:\TMP\ccko02Uc.s 			page 26


  96:Middlewares/Third_Party/FreeRTOS/Source/portable/GCC/ARM_CM3/portmacro.h **** /* Critical section management. */
  97:Middlewares/Third_Party/FreeRTOS/Source/portable/GCC/ARM_CM3/portmacro.h **** extern void vPortEnterCritical( void );
  98:Middlewares/Third_Party/FreeRTOS/Source/portable/GCC/ARM_CM3/portmacro.h **** extern void vPortExitCritical( void );
  99:Middlewares/Third_Party/FreeRTOS/Source/portable/GCC/ARM_CM3/portmacro.h **** #define portSET_INTERRUPT_MASK_FROM_ISR()		ulPortRaiseBASEPRI()
 100:Middlewares/Third_Party/FreeRTOS/Source/portable/GCC/ARM_CM3/portmacro.h **** #define portCLEAR_INTERRUPT_MASK_FROM_ISR(x)	vPortSetBASEPRI(x)
 101:Middlewares/Third_Party/FreeRTOS/Source/portable/GCC/ARM_CM3/portmacro.h **** #define portDISABLE_INTERRUPTS()				vPortRaiseBASEPRI()
 102:Middlewares/Third_Party/FreeRTOS/Source/portable/GCC/ARM_CM3/portmacro.h **** #define portENABLE_INTERRUPTS()					vPortSetBASEPRI(0)
 103:Middlewares/Third_Party/FreeRTOS/Source/portable/GCC/ARM_CM3/portmacro.h **** #define portENTER_CRITICAL()					vPortEnterCritical()
 104:Middlewares/Third_Party/FreeRTOS/Source/portable/GCC/ARM_CM3/portmacro.h **** #define portEXIT_CRITICAL()						vPortExitCritical()
 105:Middlewares/Third_Party/FreeRTOS/Source/portable/GCC/ARM_CM3/portmacro.h **** 
 106:Middlewares/Third_Party/FreeRTOS/Source/portable/GCC/ARM_CM3/portmacro.h **** /*-----------------------------------------------------------*/
 107:Middlewares/Third_Party/FreeRTOS/Source/portable/GCC/ARM_CM3/portmacro.h **** 
 108:Middlewares/Third_Party/FreeRTOS/Source/portable/GCC/ARM_CM3/portmacro.h **** /* Task function macros as described on the FreeRTOS.org WEB site.  These are
 109:Middlewares/Third_Party/FreeRTOS/Source/portable/GCC/ARM_CM3/portmacro.h **** not necessary for to use this port.  They are defined so the common demo files
 110:Middlewares/Third_Party/FreeRTOS/Source/portable/GCC/ARM_CM3/portmacro.h **** (which build with all the ports) will build. */
 111:Middlewares/Third_Party/FreeRTOS/Source/portable/GCC/ARM_CM3/portmacro.h **** #define portTASK_FUNCTION_PROTO( vFunction, pvParameters ) void vFunction( void *pvParameters )
 112:Middlewares/Third_Party/FreeRTOS/Source/portable/GCC/ARM_CM3/portmacro.h **** #define portTASK_FUNCTION( vFunction, pvParameters ) void vFunction( void *pvParameters )
 113:Middlewares/Third_Party/FreeRTOS/Source/portable/GCC/ARM_CM3/portmacro.h **** /*-----------------------------------------------------------*/
 114:Middlewares/Third_Party/FreeRTOS/Source/portable/GCC/ARM_CM3/portmacro.h **** 
 115:Middlewares/Third_Party/FreeRTOS/Source/portable/GCC/ARM_CM3/portmacro.h **** /* Tickless idle/low power functionality. */
 116:Middlewares/Third_Party/FreeRTOS/Source/portable/GCC/ARM_CM3/portmacro.h **** #ifndef portSUPPRESS_TICKS_AND_SLEEP
 117:Middlewares/Third_Party/FreeRTOS/Source/portable/GCC/ARM_CM3/portmacro.h **** 	extern void vPortSuppressTicksAndSleep( TickType_t xExpectedIdleTime );
 118:Middlewares/Third_Party/FreeRTOS/Source/portable/GCC/ARM_CM3/portmacro.h **** 	#define portSUPPRESS_TICKS_AND_SLEEP( xExpectedIdleTime ) vPortSuppressTicksAndSleep( xExpectedIdl
 119:Middlewares/Third_Party/FreeRTOS/Source/portable/GCC/ARM_CM3/portmacro.h **** #endif
 120:Middlewares/Third_Party/FreeRTOS/Source/portable/GCC/ARM_CM3/portmacro.h **** /*-----------------------------------------------------------*/
 121:Middlewares/Third_Party/FreeRTOS/Source/portable/GCC/ARM_CM3/portmacro.h **** 
 122:Middlewares/Third_Party/FreeRTOS/Source/portable/GCC/ARM_CM3/portmacro.h **** /* Architecture specific optimisations. */
 123:Middlewares/Third_Party/FreeRTOS/Source/portable/GCC/ARM_CM3/portmacro.h **** #ifndef configUSE_PORT_OPTIMISED_TASK_SELECTION
 124:Middlewares/Third_Party/FreeRTOS/Source/portable/GCC/ARM_CM3/portmacro.h **** 	#define configUSE_PORT_OPTIMISED_TASK_SELECTION 1
 125:Middlewares/Third_Party/FreeRTOS/Source/portable/GCC/ARM_CM3/portmacro.h **** #endif
 126:Middlewares/Third_Party/FreeRTOS/Source/portable/GCC/ARM_CM3/portmacro.h **** 
 127:Middlewares/Third_Party/FreeRTOS/Source/portable/GCC/ARM_CM3/portmacro.h **** #if configUSE_PORT_OPTIMISED_TASK_SELECTION == 1
 128:Middlewares/Third_Party/FreeRTOS/Source/portable/GCC/ARM_CM3/portmacro.h **** 
 129:Middlewares/Third_Party/FreeRTOS/Source/portable/GCC/ARM_CM3/portmacro.h **** 	/* Generic helper function. */
 130:Middlewares/Third_Party/FreeRTOS/Source/portable/GCC/ARM_CM3/portmacro.h **** 	__attribute__( ( always_inline ) ) static inline uint8_t ucPortCountLeadingZeros( uint32_t ulBitma
 131:Middlewares/Third_Party/FreeRTOS/Source/portable/GCC/ARM_CM3/portmacro.h **** 	{
 132:Middlewares/Third_Party/FreeRTOS/Source/portable/GCC/ARM_CM3/portmacro.h **** 	uint8_t ucReturn;
 133:Middlewares/Third_Party/FreeRTOS/Source/portable/GCC/ARM_CM3/portmacro.h **** 
 134:Middlewares/Third_Party/FreeRTOS/Source/portable/GCC/ARM_CM3/portmacro.h **** 		__asm volatile ( "clz %0, %1" : "=r" ( ucReturn ) : "r" ( ulBitmap ) : "memory" );
 135:Middlewares/Third_Party/FreeRTOS/Source/portable/GCC/ARM_CM3/portmacro.h **** 		return ucReturn;
 136:Middlewares/Third_Party/FreeRTOS/Source/portable/GCC/ARM_CM3/portmacro.h **** 	}
 137:Middlewares/Third_Party/FreeRTOS/Source/portable/GCC/ARM_CM3/portmacro.h **** 
 138:Middlewares/Third_Party/FreeRTOS/Source/portable/GCC/ARM_CM3/portmacro.h **** 	/* Check the configuration. */
 139:Middlewares/Third_Party/FreeRTOS/Source/portable/GCC/ARM_CM3/portmacro.h **** 	#if( configMAX_PRIORITIES > 32 )
 140:Middlewares/Third_Party/FreeRTOS/Source/portable/GCC/ARM_CM3/portmacro.h **** 		#error configUSE_PORT_OPTIMISED_TASK_SELECTION can only be set to 1 when configMAX_PRIORITIES is 
 141:Middlewares/Third_Party/FreeRTOS/Source/portable/GCC/ARM_CM3/portmacro.h **** 	#endif
 142:Middlewares/Third_Party/FreeRTOS/Source/portable/GCC/ARM_CM3/portmacro.h **** 
 143:Middlewares/Third_Party/FreeRTOS/Source/portable/GCC/ARM_CM3/portmacro.h **** 	/* Store/clear the ready priorities in a bit map. */
 144:Middlewares/Third_Party/FreeRTOS/Source/portable/GCC/ARM_CM3/portmacro.h **** 	#define portRECORD_READY_PRIORITY( uxPriority, uxReadyPriorities ) ( uxReadyPriorities ) |= ( 1UL 
 145:Middlewares/Third_Party/FreeRTOS/Source/portable/GCC/ARM_CM3/portmacro.h **** 	#define portRESET_READY_PRIORITY( uxPriority, uxReadyPriorities ) ( uxReadyPriorities ) &= ~( 1UL 
 146:Middlewares/Third_Party/FreeRTOS/Source/portable/GCC/ARM_CM3/portmacro.h **** 
 147:Middlewares/Third_Party/FreeRTOS/Source/portable/GCC/ARM_CM3/portmacro.h **** 	/*-----------------------------------------------------------*/
 148:Middlewares/Third_Party/FreeRTOS/Source/portable/GCC/ARM_CM3/portmacro.h **** 
 149:Middlewares/Third_Party/FreeRTOS/Source/portable/GCC/ARM_CM3/portmacro.h **** 	#define portGET_HIGHEST_PRIORITY( uxTopPriority, uxReadyPriorities ) uxTopPriority = ( 31UL - ( ui
 150:Middlewares/Third_Party/FreeRTOS/Source/portable/GCC/ARM_CM3/portmacro.h **** 
 151:Middlewares/Third_Party/FreeRTOS/Source/portable/GCC/ARM_CM3/portmacro.h **** #endif /* configUSE_PORT_OPTIMISED_TASK_SELECTION */
 152:Middlewares/Third_Party/FreeRTOS/Source/portable/GCC/ARM_CM3/portmacro.h **** 
ARM GAS  D:\TMP\ccko02Uc.s 			page 27


 153:Middlewares/Third_Party/FreeRTOS/Source/portable/GCC/ARM_CM3/portmacro.h **** /*-----------------------------------------------------------*/
 154:Middlewares/Third_Party/FreeRTOS/Source/portable/GCC/ARM_CM3/portmacro.h **** 
 155:Middlewares/Third_Party/FreeRTOS/Source/portable/GCC/ARM_CM3/portmacro.h **** #ifdef configASSERT
 156:Middlewares/Third_Party/FreeRTOS/Source/portable/GCC/ARM_CM3/portmacro.h **** 	void vPortValidateInterruptPriority( void );
 157:Middlewares/Third_Party/FreeRTOS/Source/portable/GCC/ARM_CM3/portmacro.h **** 	#define portASSERT_IF_INTERRUPT_PRIORITY_INVALID() 	vPortValidateInterruptPriority()
 158:Middlewares/Third_Party/FreeRTOS/Source/portable/GCC/ARM_CM3/portmacro.h **** #endif
 159:Middlewares/Third_Party/FreeRTOS/Source/portable/GCC/ARM_CM3/portmacro.h **** 
 160:Middlewares/Third_Party/FreeRTOS/Source/portable/GCC/ARM_CM3/portmacro.h **** /* portNOP() is not required by this port. */
 161:Middlewares/Third_Party/FreeRTOS/Source/portable/GCC/ARM_CM3/portmacro.h **** #define portNOP()
 162:Middlewares/Third_Party/FreeRTOS/Source/portable/GCC/ARM_CM3/portmacro.h **** 
 163:Middlewares/Third_Party/FreeRTOS/Source/portable/GCC/ARM_CM3/portmacro.h **** #define portINLINE	__inline
 164:Middlewares/Third_Party/FreeRTOS/Source/portable/GCC/ARM_CM3/portmacro.h **** 
 165:Middlewares/Third_Party/FreeRTOS/Source/portable/GCC/ARM_CM3/portmacro.h **** #ifndef portFORCE_INLINE
 166:Middlewares/Third_Party/FreeRTOS/Source/portable/GCC/ARM_CM3/portmacro.h **** 	#define portFORCE_INLINE inline __attribute__(( always_inline))
 167:Middlewares/Third_Party/FreeRTOS/Source/portable/GCC/ARM_CM3/portmacro.h **** #endif
 168:Middlewares/Third_Party/FreeRTOS/Source/portable/GCC/ARM_CM3/portmacro.h **** 
 169:Middlewares/Third_Party/FreeRTOS/Source/portable/GCC/ARM_CM3/portmacro.h **** /*-----------------------------------------------------------*/
 170:Middlewares/Third_Party/FreeRTOS/Source/portable/GCC/ARM_CM3/portmacro.h **** 
 171:Middlewares/Third_Party/FreeRTOS/Source/portable/GCC/ARM_CM3/portmacro.h **** portFORCE_INLINE static BaseType_t xPortIsInsideInterrupt( void )
 172:Middlewares/Third_Party/FreeRTOS/Source/portable/GCC/ARM_CM3/portmacro.h **** {
 173:Middlewares/Third_Party/FreeRTOS/Source/portable/GCC/ARM_CM3/portmacro.h **** uint32_t ulCurrentInterrupt;
 174:Middlewares/Third_Party/FreeRTOS/Source/portable/GCC/ARM_CM3/portmacro.h **** BaseType_t xReturn;
 175:Middlewares/Third_Party/FreeRTOS/Source/portable/GCC/ARM_CM3/portmacro.h **** 
 176:Middlewares/Third_Party/FreeRTOS/Source/portable/GCC/ARM_CM3/portmacro.h **** 	/* Obtain the number of the currently executing interrupt. */
 177:Middlewares/Third_Party/FreeRTOS/Source/portable/GCC/ARM_CM3/portmacro.h **** 	__asm volatile( "mrs %0, ipsr" : "=r"( ulCurrentInterrupt ) :: "memory" );
 178:Middlewares/Third_Party/FreeRTOS/Source/portable/GCC/ARM_CM3/portmacro.h **** 
 179:Middlewares/Third_Party/FreeRTOS/Source/portable/GCC/ARM_CM3/portmacro.h **** 	if( ulCurrentInterrupt == 0 )
 180:Middlewares/Third_Party/FreeRTOS/Source/portable/GCC/ARM_CM3/portmacro.h **** 	{
 181:Middlewares/Third_Party/FreeRTOS/Source/portable/GCC/ARM_CM3/portmacro.h **** 		xReturn = pdFALSE;
 182:Middlewares/Third_Party/FreeRTOS/Source/portable/GCC/ARM_CM3/portmacro.h **** 	}
 183:Middlewares/Third_Party/FreeRTOS/Source/portable/GCC/ARM_CM3/portmacro.h **** 	else
 184:Middlewares/Third_Party/FreeRTOS/Source/portable/GCC/ARM_CM3/portmacro.h **** 	{
 185:Middlewares/Third_Party/FreeRTOS/Source/portable/GCC/ARM_CM3/portmacro.h **** 		xReturn = pdTRUE;
 186:Middlewares/Third_Party/FreeRTOS/Source/portable/GCC/ARM_CM3/portmacro.h **** 	}
 187:Middlewares/Third_Party/FreeRTOS/Source/portable/GCC/ARM_CM3/portmacro.h **** 
 188:Middlewares/Third_Party/FreeRTOS/Source/portable/GCC/ARM_CM3/portmacro.h **** 	return xReturn;
 189:Middlewares/Third_Party/FreeRTOS/Source/portable/GCC/ARM_CM3/portmacro.h **** }
 190:Middlewares/Third_Party/FreeRTOS/Source/portable/GCC/ARM_CM3/portmacro.h **** 
 191:Middlewares/Third_Party/FreeRTOS/Source/portable/GCC/ARM_CM3/portmacro.h **** /*-----------------------------------------------------------*/
 192:Middlewares/Third_Party/FreeRTOS/Source/portable/GCC/ARM_CM3/portmacro.h **** 
 193:Middlewares/Third_Party/FreeRTOS/Source/portable/GCC/ARM_CM3/portmacro.h **** portFORCE_INLINE static void vPortRaiseBASEPRI( void )
 110              		.loc 2 193 30 view .LVU24
 111              	.LBB87:
 194:Middlewares/Third_Party/FreeRTOS/Source/portable/GCC/ARM_CM3/portmacro.h **** {
 195:Middlewares/Third_Party/FreeRTOS/Source/portable/GCC/ARM_CM3/portmacro.h **** uint32_t ulNewBASEPRI;
 112              		.loc 2 195 1 view .LVU25
 196:Middlewares/Third_Party/FreeRTOS/Source/portable/GCC/ARM_CM3/portmacro.h **** 
 197:Middlewares/Third_Party/FreeRTOS/Source/portable/GCC/ARM_CM3/portmacro.h **** 	__asm volatile
 113              		.loc 2 197 2 view .LVU26
 114              		.syntax unified
 115              	@ 197 "Middlewares/Third_Party/FreeRTOS/Source/portable/GCC/ARM_CM3/portmacro.h" 1
 116 0016 4FF02003 			mov r3, #32												
 117 001a 83F31188 		msr basepri, r3											
 118 001e BFF36F8F 		isb														
 119 0022 BFF34F8F 		dsb														
 120              	
 121              	@ 0 "" 2
ARM GAS  D:\TMP\ccko02Uc.s 			page 28


 122              		.thumb
 123              		.syntax unified
 124              	.L5:
 125              	.LBE87:
 126              	.LBE86:
 127              		.loc 1 1224 3 discriminator 3 view .LVU27
 128              		.loc 1 1224 3 discriminator 3 view .LVU28
 129              		.loc 1 1224 3 discriminator 3 view .LVU29
 130 0026 FEE7     		b	.L5
 131              	.L4:
 132              		.loc 1 1224 90 discriminator 2 view .LVU30
 133              	.LBE85:
1225:Middlewares/Third_Party/FreeRTOS/Source/stream_buffer.c **** 	} /*lint !e529 !e438 xWriteValue is only used if configASSERT() is defined. */
1226:Middlewares/Third_Party/FreeRTOS/Source/stream_buffer.c **** 	#endif
1227:Middlewares/Third_Party/FreeRTOS/Source/stream_buffer.c **** 
1228:Middlewares/Third_Party/FreeRTOS/Source/stream_buffer.c **** 	( void ) memset( ( void * ) pxStreamBuffer, 0x00, sizeof( StreamBuffer_t ) ); /*lint !e9087 memset
 134              		.loc 1 1228 2 view .LVU31
 135              		.loc 1 1228 11 is_stmt 0 view .LVU32
 136 0028 2022     		movs	r2, #32
 137 002a 0021     		movs	r1, #0
 138 002c 3846     		mov	r0, r7
 139 002e FFF7FEFF 		bl	memset
 140              	.LVL10:
1229:Middlewares/Third_Party/FreeRTOS/Source/stream_buffer.c **** 	pxStreamBuffer->pucBuffer = pucBuffer;
 141              		.loc 1 1229 2 is_stmt 1 view .LVU33
 142              		.loc 1 1229 28 is_stmt 0 view .LVU34
 143 0032 BC61     		str	r4, [r7, #24]
1230:Middlewares/Third_Party/FreeRTOS/Source/stream_buffer.c **** 	pxStreamBuffer->xLength = xBufferSizeBytes;
 144              		.loc 1 1230 2 is_stmt 1 view .LVU35
 145              		.loc 1 1230 26 is_stmt 0 view .LVU36
 146 0034 BE60     		str	r6, [r7, #8]
1231:Middlewares/Third_Party/FreeRTOS/Source/stream_buffer.c **** 	pxStreamBuffer->xTriggerLevelBytes = xTriggerLevelBytes;
 147              		.loc 1 1231 2 is_stmt 1 view .LVU37
 148              		.loc 1 1231 37 is_stmt 0 view .LVU38
 149 0036 FD60     		str	r5, [r7, #12]
1232:Middlewares/Third_Party/FreeRTOS/Source/stream_buffer.c **** 	pxStreamBuffer->ucFlags = ucFlags;
 150              		.loc 1 1232 2 is_stmt 1 view .LVU39
 151              		.loc 1 1232 26 is_stmt 0 view .LVU40
 152 0038 9DF81830 		ldrb	r3, [sp, #24]	@ zero_extendqisi2
 153 003c 3B77     		strb	r3, [r7, #28]
1233:Middlewares/Third_Party/FreeRTOS/Source/stream_buffer.c **** }
 154              		.loc 1 1233 1 view .LVU41
 155 003e F8BD     		pop	{r3, r4, r5, r6, r7, pc}
 156              		.loc 1 1233 1 view .LVU42
 157              		.cfi_endproc
 158              	.LFE25:
 160              		.section	.text.prvWriteBytesToBuffer,"ax",%progbits
 161              		.align	1
 162              		.syntax unified
 163              		.thumb
 164              		.thumb_func
 166              	prvWriteBytesToBuffer:
 167              	.LVL11:
 168              	.LFB22:
1089:Middlewares/Third_Party/FreeRTOS/Source/stream_buffer.c **** size_t xNextHead, xFirstLength;
 169              		.loc 1 1089 1 is_stmt 1 view -0
 170              		.cfi_startproc
ARM GAS  D:\TMP\ccko02Uc.s 			page 29


 171              		@ args = 0, pretend = 0, frame = 0
 172              		@ frame_needed = 0, uses_anonymous_args = 0
1090:Middlewares/Third_Party/FreeRTOS/Source/stream_buffer.c **** 
 173              		.loc 1 1090 1 view .LVU44
1092:Middlewares/Third_Party/FreeRTOS/Source/stream_buffer.c **** 
 174              		.loc 1 1092 2 view .LVU45
 175 0000 42B9     		cbnz	r2, .L8
1092:Middlewares/Third_Party/FreeRTOS/Source/stream_buffer.c **** 
 176              		.loc 1 1092 2 discriminator 1 view .LVU46
 177              	.LBB88:
 178              	.LBI88:
 193:Middlewares/Third_Party/FreeRTOS/Source/portable/GCC/ARM_CM3/portmacro.h **** {
 179              		.loc 2 193 30 view .LVU47
 180              	.LBB89:
 195:Middlewares/Third_Party/FreeRTOS/Source/portable/GCC/ARM_CM3/portmacro.h **** 
 181              		.loc 2 195 1 view .LVU48
 182              		.loc 2 197 2 view .LVU49
 183              		.syntax unified
 184              	@ 197 "Middlewares/Third_Party/FreeRTOS/Source/portable/GCC/ARM_CM3/portmacro.h" 1
 185 0002 4FF02003 			mov r3, #32												
 186 0006 83F31188 		msr basepri, r3											
 187 000a BFF36F8F 		isb														
 188 000e BFF34F8F 		dsb														
 189              	
 190              	@ 0 "" 2
 191              		.thumb
 192              		.syntax unified
 193              	.L9:
 194              	.LBE89:
 195              	.LBE88:
1092:Middlewares/Third_Party/FreeRTOS/Source/stream_buffer.c **** 
 196              		.loc 1 1092 2 discriminator 3 view .LVU50
1092:Middlewares/Third_Party/FreeRTOS/Source/stream_buffer.c **** 
 197              		.loc 1 1092 2 discriminator 3 view .LVU51
1092:Middlewares/Third_Party/FreeRTOS/Source/stream_buffer.c **** 
 198              		.loc 1 1092 2 discriminator 3 view .LVU52
 199 0012 FEE7     		b	.L9
 200              	.L8:
1089:Middlewares/Third_Party/FreeRTOS/Source/stream_buffer.c **** size_t xNextHead, xFirstLength;
 201              		.loc 1 1089 1 is_stmt 0 view .LVU53
 202 0014 2DE9F041 		push	{r4, r5, r6, r7, r8, lr}
 203              	.LCFI1:
 204              		.cfi_def_cfa_offset 24
 205              		.cfi_offset 4, -24
 206              		.cfi_offset 5, -20
 207              		.cfi_offset 6, -16
 208              		.cfi_offset 7, -12
 209              		.cfi_offset 8, -8
 210              		.cfi_offset 14, -4
 211 0018 0446     		mov	r4, r0
 212 001a 0E46     		mov	r6, r1
 213 001c 1746     		mov	r7, r2
1092:Middlewares/Third_Party/FreeRTOS/Source/stream_buffer.c **** 
 214              		.loc 1 1092 39 is_stmt 1 discriminator 2 view .LVU54
1094:Middlewares/Third_Party/FreeRTOS/Source/stream_buffer.c **** 
 215              		.loc 1 1094 2 view .LVU55
1094:Middlewares/Third_Party/FreeRTOS/Source/stream_buffer.c **** 
ARM GAS  D:\TMP\ccko02Uc.s 			page 30


 216              		.loc 1 1094 12 is_stmt 0 view .LVU56
 217 001e D0F80480 		ldr	r8, [r0, #4]
 218              	.LVL12:
1099:Middlewares/Third_Party/FreeRTOS/Source/stream_buffer.c **** 
 219              		.loc 1 1099 2 is_stmt 1 view .LVU57
1099:Middlewares/Third_Party/FreeRTOS/Source/stream_buffer.c **** 
 220              		.loc 1 1099 17 is_stmt 0 view .LVU58
 221 0022 8368     		ldr	r3, [r0, #8]
 222 0024 A3EB0805 		sub	r5, r3, r8
1099:Middlewares/Third_Party/FreeRTOS/Source/stream_buffer.c **** 
 223              		.loc 1 1099 15 view .LVU59
 224 0028 9542     		cmp	r5, r2
 225 002a 28BF     		it	cs
 226 002c 1546     		movcs	r5, r2
 227              	.LVL13:
1102:Middlewares/Third_Party/FreeRTOS/Source/stream_buffer.c **** 	( void ) memcpy( ( void* ) ( &( pxStreamBuffer->pucBuffer[ xNextHead ] ) ), ( const void * ) pucDa
 228              		.loc 1 1102 2 is_stmt 1 view .LVU60
 229 002e 08EB0502 		add	r2, r8, r5
 230              	.LVL14:
1102:Middlewares/Third_Party/FreeRTOS/Source/stream_buffer.c **** 	( void ) memcpy( ( void* ) ( &( pxStreamBuffer->pucBuffer[ xNextHead ] ) ), ( const void * ) pucDa
 231              		.loc 1 1102 2 is_stmt 0 view .LVU61
 232 0032 9342     		cmp	r3, r2
 233 0034 08D2     		bcs	.L10
1102:Middlewares/Third_Party/FreeRTOS/Source/stream_buffer.c **** 	( void ) memcpy( ( void* ) ( &( pxStreamBuffer->pucBuffer[ xNextHead ] ) ), ( const void * ) pucDa
 234              		.loc 1 1102 2 is_stmt 1 discriminator 1 view .LVU62
 235              	.LBB90:
 236              	.LBI90:
 193:Middlewares/Third_Party/FreeRTOS/Source/portable/GCC/ARM_CM3/portmacro.h **** {
 237              		.loc 2 193 30 view .LVU63
 238              	.LBB91:
 195:Middlewares/Third_Party/FreeRTOS/Source/portable/GCC/ARM_CM3/portmacro.h **** 
 239              		.loc 2 195 1 view .LVU64
 240              		.loc 2 197 2 view .LVU65
 241              		.syntax unified
 242              	@ 197 "Middlewares/Third_Party/FreeRTOS/Source/portable/GCC/ARM_CM3/portmacro.h" 1
 243 0036 4FF02003 			mov r3, #32												
 244 003a 83F31188 		msr basepri, r3											
 245 003e BFF36F8F 		isb														
 246 0042 BFF34F8F 		dsb														
 247              	
 248              	@ 0 "" 2
 249              		.thumb
 250              		.syntax unified
 251              	.L11:
 252              	.LBE91:
 253              	.LBE90:
1102:Middlewares/Third_Party/FreeRTOS/Source/stream_buffer.c **** 	( void ) memcpy( ( void* ) ( &( pxStreamBuffer->pucBuffer[ xNextHead ] ) ), ( const void * ) pucDa
 254              		.loc 1 1102 2 discriminator 3 view .LVU66
1102:Middlewares/Third_Party/FreeRTOS/Source/stream_buffer.c **** 	( void ) memcpy( ( void* ) ( &( pxStreamBuffer->pucBuffer[ xNextHead ] ) ), ( const void * ) pucDa
 255              		.loc 1 1102 2 discriminator 3 view .LVU67
1102:Middlewares/Third_Party/FreeRTOS/Source/stream_buffer.c **** 	( void ) memcpy( ( void* ) ( &( pxStreamBuffer->pucBuffer[ xNextHead ] ) ), ( const void * ) pucDa
 256              		.loc 1 1102 2 discriminator 3 view .LVU68
 257 0046 FEE7     		b	.L11
 258              	.L10:
1102:Middlewares/Third_Party/FreeRTOS/Source/stream_buffer.c **** 	( void ) memcpy( ( void* ) ( &( pxStreamBuffer->pucBuffer[ xNextHead ] ) ), ( const void * ) pucDa
 259              		.loc 1 1102 73 discriminator 2 view .LVU69
1103:Middlewares/Third_Party/FreeRTOS/Source/stream_buffer.c **** 
ARM GAS  D:\TMP\ccko02Uc.s 			page 31


 260              		.loc 1 1103 2 view .LVU70
1103:Middlewares/Third_Party/FreeRTOS/Source/stream_buffer.c **** 
 261              		.loc 1 1103 48 is_stmt 0 view .LVU71
 262 0048 8069     		ldr	r0, [r0, #24]
 263              	.LVL15:
1103:Middlewares/Third_Party/FreeRTOS/Source/stream_buffer.c **** 
 264              		.loc 1 1103 11 view .LVU72
 265 004a 2A46     		mov	r2, r5
 266 004c 4044     		add	r0, r0, r8
 267 004e FFF7FEFF 		bl	memcpy
 268              	.LVL16:
1107:Middlewares/Third_Party/FreeRTOS/Source/stream_buffer.c **** 	{
 269              		.loc 1 1107 2 is_stmt 1 view .LVU73
1107:Middlewares/Third_Party/FreeRTOS/Source/stream_buffer.c **** 	{
 270              		.loc 1 1107 4 is_stmt 0 view .LVU74
 271 0052 AF42     		cmp	r7, r5
 272 0054 10D9     		bls	.L12
1110:Middlewares/Third_Party/FreeRTOS/Source/stream_buffer.c **** 		( void ) memcpy( ( void * ) pxStreamBuffer->pucBuffer, ( const void * ) &( pucData[ xFirstLength 
 273              		.loc 1 1110 3 is_stmt 1 view .LVU75
 274 0056 7A1B     		subs	r2, r7, r5
 275 0058 A368     		ldr	r3, [r4, #8]
 276 005a 9A42     		cmp	r2, r3
 277 005c 08D9     		bls	.L13
1110:Middlewares/Third_Party/FreeRTOS/Source/stream_buffer.c **** 		( void ) memcpy( ( void * ) pxStreamBuffer->pucBuffer, ( const void * ) &( pucData[ xFirstLength 
 278              		.loc 1 1110 3 discriminator 1 view .LVU76
 279              	.LBB92:
 280              	.LBI92:
 193:Middlewares/Third_Party/FreeRTOS/Source/portable/GCC/ARM_CM3/portmacro.h **** {
 281              		.loc 2 193 30 view .LVU77
 282              	.LBB93:
 195:Middlewares/Third_Party/FreeRTOS/Source/portable/GCC/ARM_CM3/portmacro.h **** 
 283              		.loc 2 195 1 view .LVU78
 284              		.loc 2 197 2 view .LVU79
 285              		.syntax unified
 286              	@ 197 "Middlewares/Third_Party/FreeRTOS/Source/portable/GCC/ARM_CM3/portmacro.h" 1
 287 005e 4FF02003 			mov r3, #32												
 288 0062 83F31188 		msr basepri, r3											
 289 0066 BFF36F8F 		isb														
 290 006a BFF34F8F 		dsb														
 291              	
 292              	@ 0 "" 2
 293              		.thumb
 294              		.syntax unified
 295              	.L14:
 296              	.LBE93:
 297              	.LBE92:
1110:Middlewares/Third_Party/FreeRTOS/Source/stream_buffer.c **** 		( void ) memcpy( ( void * ) pxStreamBuffer->pucBuffer, ( const void * ) &( pucData[ xFirstLength 
 298              		.loc 1 1110 3 discriminator 3 view .LVU80
1110:Middlewares/Third_Party/FreeRTOS/Source/stream_buffer.c **** 		( void ) memcpy( ( void * ) pxStreamBuffer->pucBuffer, ( const void * ) &( pucData[ xFirstLength 
 299              		.loc 1 1110 3 discriminator 3 view .LVU81
1110:Middlewares/Third_Party/FreeRTOS/Source/stream_buffer.c **** 		( void ) memcpy( ( void * ) pxStreamBuffer->pucBuffer, ( const void * ) &( pucData[ xFirstLength 
 300              		.loc 1 1110 3 discriminator 3 view .LVU82
 301 006e FEE7     		b	.L14
 302              	.L13:
1110:Middlewares/Third_Party/FreeRTOS/Source/stream_buffer.c **** 		( void ) memcpy( ( void * ) pxStreamBuffer->pucBuffer, ( const void * ) &( pucData[ xFirstLength 
 303              		.loc 1 1110 71 discriminator 2 view .LVU83
1111:Middlewares/Third_Party/FreeRTOS/Source/stream_buffer.c **** 	}
ARM GAS  D:\TMP\ccko02Uc.s 			page 32


 304              		.loc 1 1111 3 view .LVU84
1111:Middlewares/Third_Party/FreeRTOS/Source/stream_buffer.c **** 	}
 305              		.loc 1 1111 12 is_stmt 0 view .LVU85
 306 0070 7119     		adds	r1, r6, r5
 307 0072 A069     		ldr	r0, [r4, #24]
 308 0074 FFF7FEFF 		bl	memcpy
 309              	.LVL17:
 310              	.L12:
1115:Middlewares/Third_Party/FreeRTOS/Source/stream_buffer.c **** 	}
 311              		.loc 1 1115 27 is_stmt 1 view .LVU86
1118:Middlewares/Third_Party/FreeRTOS/Source/stream_buffer.c **** 	if( xNextHead >= pxStreamBuffer->xLength )
 312              		.loc 1 1118 2 view .LVU87
1118:Middlewares/Third_Party/FreeRTOS/Source/stream_buffer.c **** 	if( xNextHead >= pxStreamBuffer->xLength )
 313              		.loc 1 1118 12 is_stmt 0 view .LVU88
 314 0078 07EB0803 		add	r3, r7, r8
 315              	.LVL18:
1119:Middlewares/Third_Party/FreeRTOS/Source/stream_buffer.c **** 	{
 316              		.loc 1 1119 2 is_stmt 1 view .LVU89
1119:Middlewares/Third_Party/FreeRTOS/Source/stream_buffer.c **** 	{
 317              		.loc 1 1119 33 is_stmt 0 view .LVU90
 318 007c A268     		ldr	r2, [r4, #8]
1119:Middlewares/Third_Party/FreeRTOS/Source/stream_buffer.c **** 	{
 319              		.loc 1 1119 4 view .LVU91
 320 007e 9A42     		cmp	r2, r3
 321 0080 00D8     		bhi	.L15
1121:Middlewares/Third_Party/FreeRTOS/Source/stream_buffer.c **** 	}
 322              		.loc 1 1121 3 is_stmt 1 view .LVU92
1121:Middlewares/Third_Party/FreeRTOS/Source/stream_buffer.c **** 	}
 323              		.loc 1 1121 13 is_stmt 0 view .LVU93
 324 0082 9B1A     		subs	r3, r3, r2
 325              	.LVL19:
 326              	.L15:
1125:Middlewares/Third_Party/FreeRTOS/Source/stream_buffer.c **** 	}
 327              		.loc 1 1125 27 is_stmt 1 view .LVU94
1128:Middlewares/Third_Party/FreeRTOS/Source/stream_buffer.c **** 
 328              		.loc 1 1128 2 view .LVU95
1128:Middlewares/Third_Party/FreeRTOS/Source/stream_buffer.c **** 
 329              		.loc 1 1128 24 is_stmt 0 view .LVU96
 330 0084 6360     		str	r3, [r4, #4]
1130:Middlewares/Third_Party/FreeRTOS/Source/stream_buffer.c **** }
 331              		.loc 1 1130 2 is_stmt 1 view .LVU97
1131:Middlewares/Third_Party/FreeRTOS/Source/stream_buffer.c **** /*-----------------------------------------------------------*/
 332              		.loc 1 1131 1 is_stmt 0 view .LVU98
 333 0086 3846     		mov	r0, r7
 334 0088 BDE8F081 		pop	{r4, r5, r6, r7, r8, pc}
1131:Middlewares/Third_Party/FreeRTOS/Source/stream_buffer.c **** /*-----------------------------------------------------------*/
 335              		.loc 1 1131 1 view .LVU99
 336              		.cfi_endproc
 337              	.LFE22:
 339              		.section	.text.prvWriteMessageToBuffer,"ax",%progbits
 340              		.align	1
 341              		.syntax unified
 342              		.thumb
 343              		.thumb_func
 345              	prvWriteMessageToBuffer:
 346              	.LVL20:
 347              	.LFB13:
ARM GAS  D:\TMP\ccko02Uc.s 			page 33


 666:Middlewares/Third_Party/FreeRTOS/Source/stream_buffer.c **** 	BaseType_t xShouldWrite;
 348              		.loc 1 666 1 is_stmt 1 view -0
 349              		.cfi_startproc
 350              		@ args = 4, pretend = 0, frame = 8
 351              		@ frame_needed = 0, uses_anonymous_args = 0
 666:Middlewares/Third_Party/FreeRTOS/Source/stream_buffer.c **** 	BaseType_t xShouldWrite;
 352              		.loc 1 666 1 is_stmt 0 view .LVU101
 353 0000 30B5     		push	{r4, r5, lr}
 354              	.LCFI2:
 355              		.cfi_def_cfa_offset 12
 356              		.cfi_offset 4, -12
 357              		.cfi_offset 5, -8
 358              		.cfi_offset 14, -4
 359 0002 83B0     		sub	sp, sp, #12
 360              	.LCFI3:
 361              		.cfi_def_cfa_offset 24
 362 0004 0546     		mov	r5, r0
 363 0006 0192     		str	r2, [sp, #4]
 667:Middlewares/Third_Party/FreeRTOS/Source/stream_buffer.c **** 	size_t xReturn;
 364              		.loc 1 667 2 is_stmt 1 view .LVU102
 668:Middlewares/Third_Party/FreeRTOS/Source/stream_buffer.c **** 
 365              		.loc 1 668 2 view .LVU103
 670:Middlewares/Third_Party/FreeRTOS/Source/stream_buffer.c **** 	{
 366              		.loc 1 670 2 view .LVU104
 670:Middlewares/Third_Party/FreeRTOS/Source/stream_buffer.c **** 	{
 367              		.loc 1 670 4 is_stmt 0 view .LVU105
 368 0008 1846     		mov	r0, r3
 369              	.LVL21:
 670:Middlewares/Third_Party/FreeRTOS/Source/stream_buffer.c **** 	{
 370              		.loc 1 670 4 view .LVU106
 371 000a 6BB1     		cbz	r3, .L19
 372 000c 0C46     		mov	r4, r1
 676:Middlewares/Third_Party/FreeRTOS/Source/stream_buffer.c **** 	{
 373              		.loc 1 676 7 is_stmt 1 view .LVU107
 676:Middlewares/Third_Party/FreeRTOS/Source/stream_buffer.c **** 	{
 374              		.loc 1 676 27 is_stmt 0 view .LVU108
 375 000e 2B7F     		ldrb	r3, [r5, #28]	@ zero_extendqisi2
 376              	.LVL22:
 676:Middlewares/Third_Party/FreeRTOS/Source/stream_buffer.c **** 	{
 377              		.loc 1 676 9 view .LVU109
 378 0010 13F0010F 		tst	r3, #1
 379 0014 0AD1     		bne	.L20
 681:Middlewares/Third_Party/FreeRTOS/Source/stream_buffer.c **** 		xDataLengthBytes = configMIN( xDataLengthBytes, xSpace );
 380              		.loc 1 681 3 is_stmt 1 view .LVU110
 381              	.LVL23:
 682:Middlewares/Third_Party/FreeRTOS/Source/stream_buffer.c **** 	}
 382              		.loc 1 682 3 view .LVU111
 682:Middlewares/Third_Party/FreeRTOS/Source/stream_buffer.c **** 	}
 383              		.loc 1 682 22 is_stmt 0 view .LVU112
 384 0016 9042     		cmp	r0, r2
 385 0018 28BF     		it	cs
 386 001a 1046     		movcs	r0, r2
 387              	.LVL24:
 682:Middlewares/Third_Party/FreeRTOS/Source/stream_buffer.c **** 	}
 388              		.loc 1 682 20 view .LVU113
 389 001c 0190     		str	r0, [sp, #4]
 699:Middlewares/Third_Party/FreeRTOS/Source/stream_buffer.c **** 	{
ARM GAS  D:\TMP\ccko02Uc.s 			page 34


 390              		.loc 1 699 2 is_stmt 1 view .LVU114
 391              	.LVL25:
 392              	.L21:
 702:Middlewares/Third_Party/FreeRTOS/Source/stream_buffer.c **** 	}
 393              		.loc 1 702 3 view .LVU115
 702:Middlewares/Third_Party/FreeRTOS/Source/stream_buffer.c **** 	}
 394              		.loc 1 702 13 is_stmt 0 view .LVU116
 395 001e 019A     		ldr	r2, [sp, #4]
 396 0020 2146     		mov	r1, r4
 397 0022 2846     		mov	r0, r5
 398 0024 FFF7FEFF 		bl	prvWriteBytesToBuffer
 399              	.LVL26:
 400              	.L19:
 709:Middlewares/Third_Party/FreeRTOS/Source/stream_buffer.c **** }
 401              		.loc 1 709 2 is_stmt 1 view .LVU117
 710:Middlewares/Third_Party/FreeRTOS/Source/stream_buffer.c **** /*-----------------------------------------------------------*/
 402              		.loc 1 710 1 is_stmt 0 view .LVU118
 403 0028 03B0     		add	sp, sp, #12
 404              	.LCFI4:
 405              		.cfi_remember_state
 406              		.cfi_def_cfa_offset 12
 407              		@ sp needed
 408 002a 30BD     		pop	{r4, r5, pc}
 409              	.LVL27:
 410              	.L20:
 411              	.LCFI5:
 412              		.cfi_restore_state
 684:Middlewares/Third_Party/FreeRTOS/Source/stream_buffer.c **** 	{
 413              		.loc 1 684 7 is_stmt 1 view .LVU119
 684:Middlewares/Third_Party/FreeRTOS/Source/stream_buffer.c **** 	{
 414              		.loc 1 684 9 is_stmt 0 view .LVU120
 415 002c 069B     		ldr	r3, [sp, #24]
 416 002e 9842     		cmp	r0, r3
 417 0030 01D2     		bcs	.L24
 706:Middlewares/Third_Party/FreeRTOS/Source/stream_buffer.c **** 	}
 418              		.loc 1 706 11 view .LVU121
 419 0032 0020     		movs	r0, #0
 420              	.LVL28:
 706:Middlewares/Third_Party/FreeRTOS/Source/stream_buffer.c **** 	}
 421              		.loc 1 706 11 view .LVU122
 422 0034 F8E7     		b	.L19
 423              	.LVL29:
 424              	.L24:
 690:Middlewares/Third_Party/FreeRTOS/Source/stream_buffer.c **** 		( void ) prvWriteBytesToBuffer( pxStreamBuffer, ( const uint8_t * ) &( xDataLengthBytes ), sbBYTE
 425              		.loc 1 690 3 is_stmt 1 view .LVU123
 691:Middlewares/Third_Party/FreeRTOS/Source/stream_buffer.c **** 	}
 426              		.loc 1 691 3 view .LVU124
 691:Middlewares/Third_Party/FreeRTOS/Source/stream_buffer.c **** 	}
 427              		.loc 1 691 12 is_stmt 0 view .LVU125
 428 0036 0422     		movs	r2, #4
 429              	.LVL30:
 691:Middlewares/Third_Party/FreeRTOS/Source/stream_buffer.c **** 	}
 430              		.loc 1 691 12 view .LVU126
 431 0038 0DEB0201 		add	r1, sp, r2
 432              	.LVL31:
 691:Middlewares/Third_Party/FreeRTOS/Source/stream_buffer.c **** 	}
 433              		.loc 1 691 12 view .LVU127
ARM GAS  D:\TMP\ccko02Uc.s 			page 35


 434 003c 2846     		mov	r0, r5
 435              	.LVL32:
 691:Middlewares/Third_Party/FreeRTOS/Source/stream_buffer.c **** 	}
 436              		.loc 1 691 12 view .LVU128
 437 003e FFF7FEFF 		bl	prvWriteBytesToBuffer
 438              	.LVL33:
 699:Middlewares/Third_Party/FreeRTOS/Source/stream_buffer.c **** 	{
 439              		.loc 1 699 2 is_stmt 1 view .LVU129
 440 0042 ECE7     		b	.L21
 441              		.cfi_endproc
 442              	.LFE13:
 444              		.section	.text.prvReadBytesFromBuffer,"ax",%progbits
 445              		.align	1
 446              		.syntax unified
 447              		.thumb
 448              		.thumb_func
 450              	prvReadBytesFromBuffer:
 451              	.LVL34:
 452              	.LFB23:
1135:Middlewares/Third_Party/FreeRTOS/Source/stream_buffer.c **** size_t xCount, xFirstLength, xNextTail;
 453              		.loc 1 1135 1 view -0
 454              		.cfi_startproc
 455              		@ args = 0, pretend = 0, frame = 0
 456              		@ frame_needed = 0, uses_anonymous_args = 0
1135:Middlewares/Third_Party/FreeRTOS/Source/stream_buffer.c **** size_t xCount, xFirstLength, xNextTail;
 457              		.loc 1 1135 1 is_stmt 0 view .LVU131
 458 0000 2DE9F041 		push	{r4, r5, r6, r7, r8, lr}
 459              	.LCFI6:
 460              		.cfi_def_cfa_offset 24
 461              		.cfi_offset 4, -24
 462              		.cfi_offset 5, -20
 463              		.cfi_offset 6, -16
 464              		.cfi_offset 7, -12
 465              		.cfi_offset 8, -8
 466              		.cfi_offset 14, -4
1136:Middlewares/Third_Party/FreeRTOS/Source/stream_buffer.c **** 
 467              		.loc 1 1136 1 is_stmt 1 view .LVU132
1139:Middlewares/Third_Party/FreeRTOS/Source/stream_buffer.c **** 
 468              		.loc 1 1139 2 view .LVU133
1139:Middlewares/Third_Party/FreeRTOS/Source/stream_buffer.c **** 
 469              		.loc 1 1139 9 is_stmt 0 view .LVU134
 470 0004 9342     		cmp	r3, r2
 471 0006 28BF     		it	cs
 472 0008 1346     		movcs	r3, r2
 473              	.LVL35:
1139:Middlewares/Third_Party/FreeRTOS/Source/stream_buffer.c **** 
 474              		.loc 1 1139 9 view .LVU135
 475 000a 1C46     		mov	r4, r3
 476              	.LVL36:
1141:Middlewares/Third_Party/FreeRTOS/Source/stream_buffer.c **** 	{
 477              		.loc 1 1141 2 is_stmt 1 view .LVU136
1141:Middlewares/Third_Party/FreeRTOS/Source/stream_buffer.c **** 	{
 478              		.loc 1 1141 4 is_stmt 0 view .LVU137
 479 000c 83B3     		cbz	r3, .L25
 480 000e 0646     		mov	r6, r0
 481 0010 0F46     		mov	r7, r1
1143:Middlewares/Third_Party/FreeRTOS/Source/stream_buffer.c **** 
ARM GAS  D:\TMP\ccko02Uc.s 			page 36


 482              		.loc 1 1143 3 is_stmt 1 view .LVU138
1143:Middlewares/Third_Party/FreeRTOS/Source/stream_buffer.c **** 
 483              		.loc 1 1143 13 is_stmt 0 view .LVU139
 484 0012 D0F80080 		ldr	r8, [r0]
 485              	.LVL37:
1148:Middlewares/Third_Party/FreeRTOS/Source/stream_buffer.c **** 
 486              		.loc 1 1148 3 is_stmt 1 view .LVU140
1148:Middlewares/Third_Party/FreeRTOS/Source/stream_buffer.c **** 
 487              		.loc 1 1148 18 is_stmt 0 view .LVU141
 488 0016 8368     		ldr	r3, [r0, #8]
 489              	.LVL38:
1148:Middlewares/Third_Party/FreeRTOS/Source/stream_buffer.c **** 
 490              		.loc 1 1148 18 view .LVU142
 491 0018 A3EB0805 		sub	r5, r3, r8
1148:Middlewares/Third_Party/FreeRTOS/Source/stream_buffer.c **** 
 492              		.loc 1 1148 16 view .LVU143
 493 001c A542     		cmp	r5, r4
 494 001e 28BF     		it	cs
 495 0020 2546     		movcs	r5, r4
 496              	.LVL39:
1152:Middlewares/Third_Party/FreeRTOS/Source/stream_buffer.c **** 		configASSERT( ( xNextTail + xFirstLength ) <= pxStreamBuffer->xLength );
 497              		.loc 1 1152 3 is_stmt 1 view .LVU144
 498 0022 AA42     		cmp	r2, r5
 499 0024 08D2     		bcs	.L27
1152:Middlewares/Third_Party/FreeRTOS/Source/stream_buffer.c **** 		configASSERT( ( xNextTail + xFirstLength ) <= pxStreamBuffer->xLength );
 500              		.loc 1 1152 3 discriminator 1 view .LVU145
 501              	.LBB94:
 502              	.LBI94:
 193:Middlewares/Third_Party/FreeRTOS/Source/portable/GCC/ARM_CM3/portmacro.h **** {
 503              		.loc 2 193 30 view .LVU146
 504              	.LBB95:
 195:Middlewares/Third_Party/FreeRTOS/Source/portable/GCC/ARM_CM3/portmacro.h **** 
 505              		.loc 2 195 1 view .LVU147
 506              		.loc 2 197 2 view .LVU148
 507              		.syntax unified
 508              	@ 197 "Middlewares/Third_Party/FreeRTOS/Source/portable/GCC/ARM_CM3/portmacro.h" 1
 509 0026 4FF02003 			mov r3, #32												
 510 002a 83F31188 		msr basepri, r3											
 511 002e BFF36F8F 		isb														
 512 0032 BFF34F8F 		dsb														
 513              	
 514              	@ 0 "" 2
 515              		.thumb
 516              		.syntax unified
 517              	.L28:
 518              	.LBE95:
 519              	.LBE94:
1152:Middlewares/Third_Party/FreeRTOS/Source/stream_buffer.c **** 		configASSERT( ( xNextTail + xFirstLength ) <= pxStreamBuffer->xLength );
 520              		.loc 1 1152 3 discriminator 3 view .LVU149
1152:Middlewares/Third_Party/FreeRTOS/Source/stream_buffer.c **** 		configASSERT( ( xNextTail + xFirstLength ) <= pxStreamBuffer->xLength );
 521              		.loc 1 1152 3 discriminator 3 view .LVU150
1152:Middlewares/Third_Party/FreeRTOS/Source/stream_buffer.c **** 		configASSERT( ( xNextTail + xFirstLength ) <= pxStreamBuffer->xLength );
 522              		.loc 1 1152 3 discriminator 3 view .LVU151
 523 0036 FEE7     		b	.L28
 524              	.L27:
1152:Middlewares/Third_Party/FreeRTOS/Source/stream_buffer.c **** 		configASSERT( ( xNextTail + xFirstLength ) <= pxStreamBuffer->xLength );
 525              		.loc 1 1152 44 discriminator 2 view .LVU152
ARM GAS  D:\TMP\ccko02Uc.s 			page 37


1153:Middlewares/Third_Party/FreeRTOS/Source/stream_buffer.c **** 		( void ) memcpy( ( void * ) pucData, ( const void * ) &( pxStreamBuffer->pucBuffer[ xNextTail ] )
 526              		.loc 1 1153 3 view .LVU153
 527 0038 08EB0502 		add	r2, r8, r5
 528              	.LVL40:
1153:Middlewares/Third_Party/FreeRTOS/Source/stream_buffer.c **** 		( void ) memcpy( ( void * ) pucData, ( const void * ) &( pxStreamBuffer->pucBuffer[ xNextTail ] )
 529              		.loc 1 1153 3 is_stmt 0 view .LVU154
 530 003c 9342     		cmp	r3, r2
 531 003e 08D2     		bcs	.L29
1153:Middlewares/Third_Party/FreeRTOS/Source/stream_buffer.c **** 		( void ) memcpy( ( void * ) pucData, ( const void * ) &( pxStreamBuffer->pucBuffer[ xNextTail ] )
 532              		.loc 1 1153 3 is_stmt 1 discriminator 1 view .LVU155
 533              	.LBB96:
 534              	.LBI96:
 193:Middlewares/Third_Party/FreeRTOS/Source/portable/GCC/ARM_CM3/portmacro.h **** {
 535              		.loc 2 193 30 view .LVU156
 536              	.LBB97:
 195:Middlewares/Third_Party/FreeRTOS/Source/portable/GCC/ARM_CM3/portmacro.h **** 
 537              		.loc 2 195 1 view .LVU157
 538              		.loc 2 197 2 view .LVU158
 539              		.syntax unified
 540              	@ 197 "Middlewares/Third_Party/FreeRTOS/Source/portable/GCC/ARM_CM3/portmacro.h" 1
 541 0040 4FF02003 			mov r3, #32												
 542 0044 83F31188 		msr basepri, r3											
 543 0048 BFF36F8F 		isb														
 544 004c BFF34F8F 		dsb														
 545              	
 546              	@ 0 "" 2
 547              		.thumb
 548              		.syntax unified
 549              	.L30:
 550              	.LBE97:
 551              	.LBE96:
1153:Middlewares/Third_Party/FreeRTOS/Source/stream_buffer.c **** 		( void ) memcpy( ( void * ) pucData, ( const void * ) &( pxStreamBuffer->pucBuffer[ xNextTail ] )
 552              		.loc 1 1153 3 discriminator 3 view .LVU159
1153:Middlewares/Third_Party/FreeRTOS/Source/stream_buffer.c **** 		( void ) memcpy( ( void * ) pucData, ( const void * ) &( pxStreamBuffer->pucBuffer[ xNextTail ] )
 553              		.loc 1 1153 3 discriminator 3 view .LVU160
1153:Middlewares/Third_Party/FreeRTOS/Source/stream_buffer.c **** 		( void ) memcpy( ( void * ) pucData, ( const void * ) &( pxStreamBuffer->pucBuffer[ xNextTail ] )
 554              		.loc 1 1153 3 discriminator 3 view .LVU161
 555 0050 FEE7     		b	.L30
 556              	.L29:
1153:Middlewares/Third_Party/FreeRTOS/Source/stream_buffer.c **** 		( void ) memcpy( ( void * ) pucData, ( const void * ) &( pxStreamBuffer->pucBuffer[ xNextTail ] )
 557              		.loc 1 1153 74 discriminator 2 view .LVU162
1154:Middlewares/Third_Party/FreeRTOS/Source/stream_buffer.c **** 
 558              		.loc 1 1154 3 view .LVU163
1154:Middlewares/Third_Party/FreeRTOS/Source/stream_buffer.c **** 
 559              		.loc 1 1154 74 is_stmt 0 view .LVU164
 560 0052 8169     		ldr	r1, [r0, #24]
 561              	.LVL41:
1154:Middlewares/Third_Party/FreeRTOS/Source/stream_buffer.c **** 
 562              		.loc 1 1154 12 view .LVU165
 563 0054 2A46     		mov	r2, r5
 564 0056 4144     		add	r1, r1, r8
 565 0058 3846     		mov	r0, r7
 566              	.LVL42:
1154:Middlewares/Third_Party/FreeRTOS/Source/stream_buffer.c **** 
 567              		.loc 1 1154 12 view .LVU166
 568 005a FFF7FEFF 		bl	memcpy
 569              	.LVL43:
ARM GAS  D:\TMP\ccko02Uc.s 			page 38


1158:Middlewares/Third_Party/FreeRTOS/Source/stream_buffer.c **** 		{
 570              		.loc 1 1158 3 is_stmt 1 view .LVU167
1158:Middlewares/Third_Party/FreeRTOS/Source/stream_buffer.c **** 		{
 571              		.loc 1 1158 5 is_stmt 0 view .LVU168
 572 005e AC42     		cmp	r4, r5
 573 0060 09D8     		bhi	.L34
 574              	.L31:
1166:Middlewares/Third_Party/FreeRTOS/Source/stream_buffer.c **** 		}
 575              		.loc 1 1166 28 is_stmt 1 view .LVU169
1171:Middlewares/Third_Party/FreeRTOS/Source/stream_buffer.c **** 
 576              		.loc 1 1171 3 view .LVU170
1171:Middlewares/Third_Party/FreeRTOS/Source/stream_buffer.c **** 
 577              		.loc 1 1171 13 is_stmt 0 view .LVU171
 578 0062 04EB0803 		add	r3, r4, r8
 579              	.LVL44:
1173:Middlewares/Third_Party/FreeRTOS/Source/stream_buffer.c **** 		{
 580              		.loc 1 1173 3 is_stmt 1 view .LVU172
1173:Middlewares/Third_Party/FreeRTOS/Source/stream_buffer.c **** 		{
 581              		.loc 1 1173 34 is_stmt 0 view .LVU173
 582 0066 B268     		ldr	r2, [r6, #8]
1173:Middlewares/Third_Party/FreeRTOS/Source/stream_buffer.c **** 		{
 583              		.loc 1 1173 5 view .LVU174
 584 0068 9A42     		cmp	r2, r3
 585 006a 00D8     		bhi	.L32
1175:Middlewares/Third_Party/FreeRTOS/Source/stream_buffer.c **** 		}
 586              		.loc 1 1175 4 is_stmt 1 view .LVU175
1175:Middlewares/Third_Party/FreeRTOS/Source/stream_buffer.c **** 		}
 587              		.loc 1 1175 14 is_stmt 0 view .LVU176
 588 006c 9B1A     		subs	r3, r3, r2
 589              	.LVL45:
 590              	.L32:
1178:Middlewares/Third_Party/FreeRTOS/Source/stream_buffer.c **** 	}
 591              		.loc 1 1178 3 is_stmt 1 view .LVU177
1178:Middlewares/Third_Party/FreeRTOS/Source/stream_buffer.c **** 	}
 592              		.loc 1 1178 25 is_stmt 0 view .LVU178
 593 006e 3360     		str	r3, [r6]
1182:Middlewares/Third_Party/FreeRTOS/Source/stream_buffer.c **** 	}
 594              		.loc 1 1182 27 is_stmt 1 view .LVU179
1185:Middlewares/Third_Party/FreeRTOS/Source/stream_buffer.c **** }
 595              		.loc 1 1185 2 view .LVU180
 596              	.LVL46:
 597              	.L25:
1186:Middlewares/Third_Party/FreeRTOS/Source/stream_buffer.c **** /*-----------------------------------------------------------*/
 598              		.loc 1 1186 1 is_stmt 0 view .LVU181
 599 0070 2046     		mov	r0, r4
 600 0072 BDE8F081 		pop	{r4, r5, r6, r7, r8, pc}
 601              	.LVL47:
 602              	.L34:
1161:Middlewares/Third_Party/FreeRTOS/Source/stream_buffer.c **** 			( void ) memcpy( ( void * ) &( pucData[ xFirstLength ] ), ( void * ) ( pxStreamBuffer->pucBuffer
 603              		.loc 1 1161 4 is_stmt 1 view .LVU182
1161:Middlewares/Third_Party/FreeRTOS/Source/stream_buffer.c **** 			( void ) memcpy( ( void * ) &( pucData[ xFirstLength ] ), ( void * ) ( pxStreamBuffer->pucBuffer
 604              		.loc 1 1161 39 discriminator 2 view .LVU183
1162:Middlewares/Third_Party/FreeRTOS/Source/stream_buffer.c **** 		}
 605              		.loc 1 1162 4 view .LVU184
1162:Middlewares/Third_Party/FreeRTOS/Source/stream_buffer.c **** 		}
 606              		.loc 1 1162 13 is_stmt 0 view .LVU185
 607 0076 621B     		subs	r2, r4, r5
ARM GAS  D:\TMP\ccko02Uc.s 			page 39


 608 0078 B169     		ldr	r1, [r6, #24]
 609 007a 7819     		adds	r0, r7, r5
 610 007c FFF7FEFF 		bl	memcpy
 611              	.LVL48:
 612 0080 EFE7     		b	.L31
 613              		.cfi_endproc
 614              	.LFE23:
 616              		.section	.text.prvReadMessageFromBuffer,"ax",%progbits
 617              		.align	1
 618              		.syntax unified
 619              		.thumb
 620              		.thumb_func
 622              	prvReadMessageFromBuffer:
 623              	.LVL49:
 624              	.LFB17:
 923:Middlewares/Third_Party/FreeRTOS/Source/stream_buffer.c **** size_t xOriginalTail, xReceivedLength, xNextMessageLength;
 625              		.loc 1 923 1 is_stmt 1 view -0
 626              		.cfi_startproc
 627              		@ args = 4, pretend = 0, frame = 8
 628              		@ frame_needed = 0, uses_anonymous_args = 0
 923:Middlewares/Third_Party/FreeRTOS/Source/stream_buffer.c **** size_t xOriginalTail, xReceivedLength, xNextMessageLength;
 629              		.loc 1 923 1 is_stmt 0 view .LVU187
 630 0000 2DE9F043 		push	{r4, r5, r6, r7, r8, r9, lr}
 631              	.LCFI7:
 632              		.cfi_def_cfa_offset 28
 633              		.cfi_offset 4, -28
 634              		.cfi_offset 5, -24
 635              		.cfi_offset 6, -20
 636              		.cfi_offset 7, -16
 637              		.cfi_offset 8, -12
 638              		.cfi_offset 9, -8
 639              		.cfi_offset 14, -4
 640 0004 83B0     		sub	sp, sp, #12
 641              	.LCFI8:
 642              		.cfi_def_cfa_offset 40
 643 0006 0546     		mov	r5, r0
 644 0008 0F46     		mov	r7, r1
 645 000a 1646     		mov	r6, r2
 646 000c 1C46     		mov	r4, r3
 647 000e DDF82880 		ldr	r8, [sp, #40]
 924:Middlewares/Third_Party/FreeRTOS/Source/stream_buffer.c **** configMESSAGE_BUFFER_LENGTH_TYPE xTempNextMessageLength;
 648              		.loc 1 924 1 is_stmt 1 view .LVU188
 925:Middlewares/Third_Party/FreeRTOS/Source/stream_buffer.c **** 
 649              		.loc 1 925 1 view .LVU189
 927:Middlewares/Third_Party/FreeRTOS/Source/stream_buffer.c **** 	{
 650              		.loc 1 927 2 view .LVU190
 927:Middlewares/Third_Party/FreeRTOS/Source/stream_buffer.c **** 	{
 651              		.loc 1 927 4 is_stmt 0 view .LVU191
 652 0012 B8F1000F 		cmp	r8, #0
 653 0016 08D1     		bne	.L39
 654              	.LVL50:
 655              	.L36:
 964:Middlewares/Third_Party/FreeRTOS/Source/stream_buffer.c **** 
 656              		.loc 1 964 2 is_stmt 1 view .LVU192
 964:Middlewares/Third_Party/FreeRTOS/Source/stream_buffer.c **** 
 657              		.loc 1 964 20 is_stmt 0 view .LVU193
 658 0018 2346     		mov	r3, r4
ARM GAS  D:\TMP\ccko02Uc.s 			page 40


 659 001a 3246     		mov	r2, r6
 660 001c 3946     		mov	r1, r7
 661 001e 2846     		mov	r0, r5
 662 0020 FFF7FEFF 		bl	prvReadBytesFromBuffer
 663              	.LVL51:
 966:Middlewares/Third_Party/FreeRTOS/Source/stream_buffer.c **** }
 664              		.loc 1 966 2 is_stmt 1 view .LVU194
 967:Middlewares/Third_Party/FreeRTOS/Source/stream_buffer.c **** /*-----------------------------------------------------------*/
 665              		.loc 1 967 1 is_stmt 0 view .LVU195
 666 0024 03B0     		add	sp, sp, #12
 667              	.LCFI9:
 668              		.cfi_remember_state
 669              		.cfi_def_cfa_offset 28
 670              		@ sp needed
 671 0026 BDE8F083 		pop	{r4, r5, r6, r7, r8, r9, pc}
 672              	.LVL52:
 673              	.L39:
 674              	.LCFI10:
 675              		.cfi_restore_state
 933:Middlewares/Third_Party/FreeRTOS/Source/stream_buffer.c **** 		( void ) prvReadBytesFromBuffer( pxStreamBuffer, ( uint8_t * ) &xTempNextMessageLength, xBytesToS
 676              		.loc 1 933 3 is_stmt 1 view .LVU196
 933:Middlewares/Third_Party/FreeRTOS/Source/stream_buffer.c **** 		( void ) prvReadBytesFromBuffer( pxStreamBuffer, ( uint8_t * ) &xTempNextMessageLength, xBytesToS
 677              		.loc 1 933 17 is_stmt 0 view .LVU197
 678 002a D0F80090 		ldr	r9, [r0]
 679              	.LVL53:
 934:Middlewares/Third_Party/FreeRTOS/Source/stream_buffer.c **** 		xNextMessageLength = ( size_t ) xTempNextMessageLength;
 680              		.loc 1 934 3 is_stmt 1 view .LVU198
 934:Middlewares/Third_Party/FreeRTOS/Source/stream_buffer.c **** 		xNextMessageLength = ( size_t ) xTempNextMessageLength;
 681              		.loc 1 934 12 is_stmt 0 view .LVU199
 682 002e 4246     		mov	r2, r8
 683              	.LVL54:
 934:Middlewares/Third_Party/FreeRTOS/Source/stream_buffer.c **** 		xNextMessageLength = ( size_t ) xTempNextMessageLength;
 684              		.loc 1 934 12 view .LVU200
 685 0030 01A9     		add	r1, sp, #4
 686              	.LVL55:
 934:Middlewares/Third_Party/FreeRTOS/Source/stream_buffer.c **** 		xNextMessageLength = ( size_t ) xTempNextMessageLength;
 687              		.loc 1 934 12 view .LVU201
 688 0032 FFF7FEFF 		bl	prvReadBytesFromBuffer
 689              	.LVL56:
 935:Middlewares/Third_Party/FreeRTOS/Source/stream_buffer.c **** 
 690              		.loc 1 935 3 is_stmt 1 view .LVU202
 935:Middlewares/Third_Party/FreeRTOS/Source/stream_buffer.c **** 
 691              		.loc 1 935 22 is_stmt 0 view .LVU203
 692 0036 019B     		ldr	r3, [sp, #4]
 693              	.LVL57:
 939:Middlewares/Third_Party/FreeRTOS/Source/stream_buffer.c **** 
 694              		.loc 1 939 3 is_stmt 1 view .LVU204
 939:Middlewares/Third_Party/FreeRTOS/Source/stream_buffer.c **** 
 695              		.loc 1 939 19 is_stmt 0 view .LVU205
 696 0038 A4EB0804 		sub	r4, r4, r8
 697              	.LVL58:
 943:Middlewares/Third_Party/FreeRTOS/Source/stream_buffer.c **** 		{
 698              		.loc 1 943 3 is_stmt 1 view .LVU206
 943:Middlewares/Third_Party/FreeRTOS/Source/stream_buffer.c **** 		{
 699              		.loc 1 943 5 is_stmt 0 view .LVU207
 700 003c 9E42     		cmp	r6, r3
 701 003e 03D2     		bcs	.L37
ARM GAS  D:\TMP\ccko02Uc.s 			page 41


 948:Middlewares/Third_Party/FreeRTOS/Source/stream_buffer.c **** 			xNextMessageLength = 0;
 702              		.loc 1 948 4 is_stmt 1 view .LVU208
 948:Middlewares/Third_Party/FreeRTOS/Source/stream_buffer.c **** 			xNextMessageLength = 0;
 703              		.loc 1 948 26 is_stmt 0 view .LVU209
 704 0040 C5F80090 		str	r9, [r5]
 949:Middlewares/Third_Party/FreeRTOS/Source/stream_buffer.c **** 		}
 705              		.loc 1 949 4 is_stmt 1 view .LVU210
 706              	.LVL59:
 949:Middlewares/Third_Party/FreeRTOS/Source/stream_buffer.c **** 		}
 707              		.loc 1 949 23 is_stmt 0 view .LVU211
 708 0044 0026     		movs	r6, #0
 709              	.LVL60:
 949:Middlewares/Third_Party/FreeRTOS/Source/stream_buffer.c **** 		}
 710              		.loc 1 949 23 view .LVU212
 711 0046 E7E7     		b	.L36
 712              	.LVL61:
 713              	.L37:
 935:Middlewares/Third_Party/FreeRTOS/Source/stream_buffer.c **** 
 714              		.loc 1 935 22 view .LVU213
 715 0048 1E46     		mov	r6, r3
 716              	.LVL62:
 935:Middlewares/Third_Party/FreeRTOS/Source/stream_buffer.c **** 
 717              		.loc 1 935 22 view .LVU214
 718 004a E5E7     		b	.L36
 719              		.cfi_endproc
 720              	.LFE17:
 722              		.section	.text.xStreamBufferGenericCreate,"ax",%progbits
 723              		.align	1
 724              		.global	xStreamBufferGenericCreate
 725              		.syntax unified
 726              		.thumb
 727              		.thumb_func
 729              	xStreamBufferGenericCreate:
 730              	.LVL63:
 731              	.LFB5:
 220:Middlewares/Third_Party/FreeRTOS/Source/stream_buffer.c **** 	uint8_t *pucAllocatedMemory;
 732              		.loc 1 220 2 is_stmt 1 view -0
 733              		.cfi_startproc
 734              		@ args = 0, pretend = 0, frame = 0
 735              		@ frame_needed = 0, uses_anonymous_args = 0
 220:Middlewares/Third_Party/FreeRTOS/Source/stream_buffer.c **** 	uint8_t *pucAllocatedMemory;
 736              		.loc 1 220 2 is_stmt 0 view .LVU216
 737 0000 F0B5     		push	{r4, r5, r6, r7, lr}
 738              	.LCFI11:
 739              		.cfi_def_cfa_offset 20
 740              		.cfi_offset 4, -20
 741              		.cfi_offset 5, -16
 742              		.cfi_offset 6, -12
 743              		.cfi_offset 7, -8
 744              		.cfi_offset 14, -4
 745 0002 83B0     		sub	sp, sp, #12
 746              	.LCFI12:
 747              		.cfi_def_cfa_offset 32
 748 0004 0C46     		mov	r4, r1
 221:Middlewares/Third_Party/FreeRTOS/Source/stream_buffer.c **** 	uint8_t ucFlags;
 749              		.loc 1 221 2 is_stmt 1 view .LVU217
 222:Middlewares/Third_Party/FreeRTOS/Source/stream_buffer.c **** 
ARM GAS  D:\TMP\ccko02Uc.s 			page 42


 750              		.loc 1 222 2 view .LVU218
 228:Middlewares/Third_Party/FreeRTOS/Source/stream_buffer.c **** 		{
 751              		.loc 1 228 3 view .LVU219
 228:Middlewares/Third_Party/FreeRTOS/Source/stream_buffer.c **** 		{
 752              		.loc 1 228 5 is_stmt 0 view .LVU220
 753 0006 012A     		cmp	r2, #1
 754 0008 09D0     		beq	.L53
 237:Middlewares/Third_Party/FreeRTOS/Source/stream_buffer.c **** 			configASSERT( xBufferSizeBytes > 0 );
 755              		.loc 1 237 4 is_stmt 1 view .LVU221
 756              	.LVL64:
 238:Middlewares/Third_Party/FreeRTOS/Source/stream_buffer.c **** 		}
 757              		.loc 1 238 4 view .LVU222
 758 000a A8B9     		cbnz	r0, .L50
 238:Middlewares/Third_Party/FreeRTOS/Source/stream_buffer.c **** 		}
 759              		.loc 1 238 4 discriminator 1 view .LVU223
 760              	.LBB98:
 761              	.LBI98:
 193:Middlewares/Third_Party/FreeRTOS/Source/portable/GCC/ARM_CM3/portmacro.h **** {
 762              		.loc 2 193 30 view .LVU224
 763              	.LBB99:
 195:Middlewares/Third_Party/FreeRTOS/Source/portable/GCC/ARM_CM3/portmacro.h **** 
 764              		.loc 2 195 1 view .LVU225
 765              		.loc 2 197 2 view .LVU226
 766              		.syntax unified
 767              	@ 197 "Middlewares/Third_Party/FreeRTOS/Source/portable/GCC/ARM_CM3/portmacro.h" 1
 768 000c 4FF02003 			mov r3, #32												
 769 0010 83F31188 		msr basepri, r3											
 770 0014 BFF36F8F 		isb														
 771 0018 BFF34F8F 		dsb														
 772              	
 773              	@ 0 "" 2
 774              		.thumb
 775              		.syntax unified
 776              	.L44:
 777              	.LBE99:
 778              	.LBE98:
 238:Middlewares/Third_Party/FreeRTOS/Source/stream_buffer.c **** 		}
 779              		.loc 1 238 4 discriminator 3 view .LVU227
 238:Middlewares/Third_Party/FreeRTOS/Source/stream_buffer.c **** 		}
 780              		.loc 1 238 4 discriminator 3 view .LVU228
 238:Middlewares/Third_Party/FreeRTOS/Source/stream_buffer.c **** 		}
 781              		.loc 1 238 4 discriminator 3 view .LVU229
 782 001c FEE7     		b	.L44
 783              	.LVL65:
 784              	.L53:
 231:Middlewares/Third_Party/FreeRTOS/Source/stream_buffer.c **** 			configASSERT( xBufferSizeBytes > sbBYTES_TO_STORE_MESSAGE_LENGTH );
 785              		.loc 1 231 4 view .LVU230
 232:Middlewares/Third_Party/FreeRTOS/Source/stream_buffer.c **** 		}
 786              		.loc 1 232 4 view .LVU231
 787 001e 0428     		cmp	r0, #4
 788 0020 08D8     		bhi	.L49
 232:Middlewares/Third_Party/FreeRTOS/Source/stream_buffer.c **** 		}
 789              		.loc 1 232 4 discriminator 1 view .LVU232
 790              	.LBB100:
 791              	.LBI100:
 193:Middlewares/Third_Party/FreeRTOS/Source/portable/GCC/ARM_CM3/portmacro.h **** {
 792              		.loc 2 193 30 view .LVU233
ARM GAS  D:\TMP\ccko02Uc.s 			page 43


 793              	.LBB101:
 195:Middlewares/Third_Party/FreeRTOS/Source/portable/GCC/ARM_CM3/portmacro.h **** 
 794              		.loc 2 195 1 view .LVU234
 795              		.loc 2 197 2 view .LVU235
 796              		.syntax unified
 797              	@ 197 "Middlewares/Third_Party/FreeRTOS/Source/portable/GCC/ARM_CM3/portmacro.h" 1
 798 0022 4FF02003 			mov r3, #32												
 799 0026 83F31188 		msr basepri, r3											
 800 002a BFF36F8F 		isb														
 801 002e BFF34F8F 		dsb														
 802              	
 803              	@ 0 "" 2
 804              		.thumb
 805              		.syntax unified
 806              	.L43:
 807              	.LBE101:
 808              	.LBE100:
 232:Middlewares/Third_Party/FreeRTOS/Source/stream_buffer.c **** 		}
 809              		.loc 1 232 4 discriminator 3 view .LVU236
 232:Middlewares/Third_Party/FreeRTOS/Source/stream_buffer.c **** 		}
 810              		.loc 1 232 4 discriminator 3 view .LVU237
 232:Middlewares/Third_Party/FreeRTOS/Source/stream_buffer.c **** 		}
 811              		.loc 1 232 4 discriminator 3 view .LVU238
 812 0032 FEE7     		b	.L43
 813              	.L49:
 231:Middlewares/Third_Party/FreeRTOS/Source/stream_buffer.c **** 			configASSERT( xBufferSizeBytes > sbBYTES_TO_STORE_MESSAGE_LENGTH );
 814              		.loc 1 231 12 is_stmt 0 view .LVU239
 815 0034 0126     		movs	r6, #1
 816 0036 00E0     		b	.L42
 817              	.LVL66:
 818              	.L50:
 237:Middlewares/Third_Party/FreeRTOS/Source/stream_buffer.c **** 			configASSERT( xBufferSizeBytes > 0 );
 819              		.loc 1 237 12 view .LVU240
 820 0038 0026     		movs	r6, #0
 821              	.LVL67:
 822              	.L42:
 238:Middlewares/Third_Party/FreeRTOS/Source/stream_buffer.c **** 		}
 823              		.loc 1 238 40 is_stmt 1 discriminator 2 view .LVU241
 240:Middlewares/Third_Party/FreeRTOS/Source/stream_buffer.c **** 
 824              		.loc 1 240 3 view .LVU242
 825 003a A042     		cmp	r0, r4
 826 003c 08D2     		bcs	.L45
 240:Middlewares/Third_Party/FreeRTOS/Source/stream_buffer.c **** 
 827              		.loc 1 240 3 discriminator 1 view .LVU243
 828              	.LBB102:
 829              	.LBI102:
 193:Middlewares/Third_Party/FreeRTOS/Source/portable/GCC/ARM_CM3/portmacro.h **** {
 830              		.loc 2 193 30 view .LVU244
 831              	.LBB103:
 195:Middlewares/Third_Party/FreeRTOS/Source/portable/GCC/ARM_CM3/portmacro.h **** 
 832              		.loc 2 195 1 view .LVU245
 833              		.loc 2 197 2 view .LVU246
 834              		.syntax unified
 835              	@ 197 "Middlewares/Third_Party/FreeRTOS/Source/portable/GCC/ARM_CM3/portmacro.h" 1
 836 003e 4FF02003 			mov r3, #32												
 837 0042 83F31188 		msr basepri, r3											
 838 0046 BFF36F8F 		isb														
ARM GAS  D:\TMP\ccko02Uc.s 			page 44


 839 004a BFF34F8F 		dsb														
 840              	
 841              	@ 0 "" 2
 842              		.thumb
 843              		.syntax unified
 844              	.L46:
 845              	.LBE103:
 846              	.LBE102:
 240:Middlewares/Third_Party/FreeRTOS/Source/stream_buffer.c **** 
 847              		.loc 1 240 3 discriminator 3 view .LVU247
 240:Middlewares/Third_Party/FreeRTOS/Source/stream_buffer.c **** 
 848              		.loc 1 240 3 discriminator 3 view .LVU248
 240:Middlewares/Third_Party/FreeRTOS/Source/stream_buffer.c **** 
 849              		.loc 1 240 3 discriminator 3 view .LVU249
 850 004e FEE7     		b	.L46
 851              	.L45:
 240:Middlewares/Third_Party/FreeRTOS/Source/stream_buffer.c **** 
 852              		.loc 1 240 57 discriminator 2 view .LVU250
 244:Middlewares/Third_Party/FreeRTOS/Source/stream_buffer.c **** 		{
 853              		.loc 1 244 3 view .LVU251
 244:Middlewares/Third_Party/FreeRTOS/Source/stream_buffer.c **** 		{
 854              		.loc 1 244 5 is_stmt 0 view .LVU252
 855 0050 04B9     		cbnz	r4, .L47
 246:Middlewares/Third_Party/FreeRTOS/Source/stream_buffer.c **** 		}
 856              		.loc 1 246 23 view .LVU253
 857 0052 0124     		movs	r4, #1
 858              	.L47:
 859              	.LVL68:
 257:Middlewares/Third_Party/FreeRTOS/Source/stream_buffer.c **** 		pucAllocatedMemory = ( uint8_t * ) pvPortMalloc( xBufferSizeBytes + sizeof( StreamBuffer_t ) ); /
 860              		.loc 1 257 3 is_stmt 1 view .LVU254
 257:Middlewares/Third_Party/FreeRTOS/Source/stream_buffer.c **** 		pucAllocatedMemory = ( uint8_t * ) pvPortMalloc( xBufferSizeBytes + sizeof( StreamBuffer_t ) ); /
 861              		.loc 1 257 19 is_stmt 0 view .LVU255
 862 0054 471C     		adds	r7, r0, #1
 863              	.LVL69:
 258:Middlewares/Third_Party/FreeRTOS/Source/stream_buffer.c **** 
 864              		.loc 1 258 3 is_stmt 1 view .LVU256
 258:Middlewares/Third_Party/FreeRTOS/Source/stream_buffer.c **** 
 865              		.loc 1 258 38 is_stmt 0 view .LVU257
 866 0056 2130     		adds	r0, r0, #33
 867 0058 FFF7FEFF 		bl	pvPortMalloc
 868              	.LVL70:
 260:Middlewares/Third_Party/FreeRTOS/Source/stream_buffer.c **** 		{
 869              		.loc 1 260 3 is_stmt 1 view .LVU258
 260:Middlewares/Third_Party/FreeRTOS/Source/stream_buffer.c **** 		{
 870              		.loc 1 260 5 is_stmt 0 view .LVU259
 871 005c 0546     		mov	r5, r0
 872 005e 30B1     		cbz	r0, .L40
 262:Middlewares/Third_Party/FreeRTOS/Source/stream_buffer.c **** 										   pucAllocatedMemory + sizeof( StreamBuffer_t ),  /* Storage area follows. */ /*lint !e9
 873              		.loc 1 262 4 is_stmt 1 view .LVU260
 874 0060 0096     		str	r6, [sp]
 875 0062 2346     		mov	r3, r4
 876 0064 3A46     		mov	r2, r7
 877 0066 00F12001 		add	r1, r0, #32
 878 006a FFF7FEFF 		bl	prvInitialiseNewStreamBuffer
 879              	.LVL71:
 268:Middlewares/Third_Party/FreeRTOS/Source/stream_buffer.c **** 		}
 880              		.loc 1 268 94 view .LVU261
ARM GAS  D:\TMP\ccko02Uc.s 			page 45


 272:Middlewares/Third_Party/FreeRTOS/Source/stream_buffer.c **** 		}
 881              		.loc 1 272 56 view .LVU262
 275:Middlewares/Third_Party/FreeRTOS/Source/stream_buffer.c **** 	}
 882              		.loc 1 275 3 view .LVU263
 883              	.L40:
 276:Middlewares/Third_Party/FreeRTOS/Source/stream_buffer.c **** 
 884              		.loc 1 276 2 is_stmt 0 view .LVU264
 885 006e 2846     		mov	r0, r5
 886 0070 03B0     		add	sp, sp, #12
 887              	.LCFI13:
 888              		.cfi_def_cfa_offset 20
 889              		@ sp needed
 890 0072 F0BD     		pop	{r4, r5, r6, r7, pc}
 276:Middlewares/Third_Party/FreeRTOS/Source/stream_buffer.c **** 
 891              		.loc 1 276 2 view .LVU265
 892              		.cfi_endproc
 893              	.LFE5:
 895              		.section	.text.vStreamBufferDelete,"ax",%progbits
 896              		.align	1
 897              		.global	vStreamBufferDelete
 898              		.syntax unified
 899              		.thumb
 900              		.thumb_func
 902              	vStreamBufferDelete:
 903              	.LVL72:
 904              	.LFB6:
 360:Middlewares/Third_Party/FreeRTOS/Source/stream_buffer.c **** StreamBuffer_t * pxStreamBuffer = xStreamBuffer;
 905              		.loc 1 360 1 is_stmt 1 view -0
 906              		.cfi_startproc
 907              		@ args = 0, pretend = 0, frame = 0
 908              		@ frame_needed = 0, uses_anonymous_args = 0
 360:Middlewares/Third_Party/FreeRTOS/Source/stream_buffer.c **** StreamBuffer_t * pxStreamBuffer = xStreamBuffer;
 909              		.loc 1 360 1 is_stmt 0 view .LVU267
 910 0000 08B5     		push	{r3, lr}
 911              	.LCFI14:
 912              		.cfi_def_cfa_offset 8
 913              		.cfi_offset 3, -8
 914              		.cfi_offset 14, -4
 361:Middlewares/Third_Party/FreeRTOS/Source/stream_buffer.c **** 
 915              		.loc 1 361 1 is_stmt 1 view .LVU268
 916              	.LVL73:
 363:Middlewares/Third_Party/FreeRTOS/Source/stream_buffer.c **** 
 917              		.loc 1 363 2 view .LVU269
 918 0002 30B1     		cbz	r0, .L60
 363:Middlewares/Third_Party/FreeRTOS/Source/stream_buffer.c **** 
 919              		.loc 1 363 32 discriminator 2 view .LVU270
 365:Middlewares/Third_Party/FreeRTOS/Source/stream_buffer.c **** 
 920              		.loc 1 365 44 view .LVU271
 367:Middlewares/Third_Party/FreeRTOS/Source/stream_buffer.c **** 	{
 921              		.loc 1 367 2 view .LVU272
 367:Middlewares/Third_Party/FreeRTOS/Source/stream_buffer.c **** 	{
 922              		.loc 1 367 22 is_stmt 0 view .LVU273
 923 0004 027F     		ldrb	r2, [r0, #28]	@ zero_extendqisi2
 367:Middlewares/Third_Party/FreeRTOS/Source/stream_buffer.c **** 	{
 924              		.loc 1 367 4 view .LVU274
 925 0006 12F0020F 		tst	r2, #2
 926 000a 0BD1     		bne	.L57
ARM GAS  D:\TMP\ccko02Uc.s 			page 46


 373:Middlewares/Third_Party/FreeRTOS/Source/stream_buffer.c **** 		}
 927              		.loc 1 373 4 is_stmt 1 view .LVU275
 928 000c FFF7FEFF 		bl	vPortFree
 929              	.LVL74:
 930              	.L54:
 389:Middlewares/Third_Party/FreeRTOS/Source/stream_buffer.c **** /*-----------------------------------------------------------*/
 931              		.loc 1 389 1 is_stmt 0 view .LVU276
 932 0010 08BD     		pop	{r3, pc}
 933              	.LVL75:
 934              	.L60:
 363:Middlewares/Third_Party/FreeRTOS/Source/stream_buffer.c **** 
 935              		.loc 1 363 2 is_stmt 1 discriminator 1 view .LVU277
 936              	.LBB104:
 937              	.LBI104:
 193:Middlewares/Third_Party/FreeRTOS/Source/portable/GCC/ARM_CM3/portmacro.h **** {
 938              		.loc 2 193 30 view .LVU278
 939              	.LBB105:
 195:Middlewares/Third_Party/FreeRTOS/Source/portable/GCC/ARM_CM3/portmacro.h **** 
 940              		.loc 2 195 1 view .LVU279
 941              		.loc 2 197 2 view .LVU280
 942              		.syntax unified
 943              	@ 197 "Middlewares/Third_Party/FreeRTOS/Source/portable/GCC/ARM_CM3/portmacro.h" 1
 944 0012 4FF02003 			mov r3, #32												
 945 0016 83F31188 		msr basepri, r3											
 946 001a BFF36F8F 		isb														
 947 001e BFF34F8F 		dsb														
 948              	
 949              	@ 0 "" 2
 950              		.thumb
 951              		.syntax unified
 952              	.L56:
 953              	.LBE105:
 954              	.LBE104:
 363:Middlewares/Third_Party/FreeRTOS/Source/stream_buffer.c **** 
 955              		.loc 1 363 2 discriminator 3 view .LVU281
 363:Middlewares/Third_Party/FreeRTOS/Source/stream_buffer.c **** 
 956              		.loc 1 363 2 discriminator 3 view .LVU282
 363:Middlewares/Third_Party/FreeRTOS/Source/stream_buffer.c **** 
 957              		.loc 1 363 2 discriminator 3 view .LVU283
 958 0022 FEE7     		b	.L56
 959              	.L57:
 387:Middlewares/Third_Party/FreeRTOS/Source/stream_buffer.c **** 	}
 960              		.loc 1 387 3 view .LVU284
 387:Middlewares/Third_Party/FreeRTOS/Source/stream_buffer.c **** 	}
 961              		.loc 1 387 12 is_stmt 0 view .LVU285
 962 0024 2022     		movs	r2, #32
 963 0026 0021     		movs	r1, #0
 964 0028 FFF7FEFF 		bl	memset
 965              	.LVL76:
 389:Middlewares/Third_Party/FreeRTOS/Source/stream_buffer.c **** /*-----------------------------------------------------------*/
 966              		.loc 1 389 1 view .LVU286
 967 002c F0E7     		b	.L54
 968              		.cfi_endproc
 969              	.LFE6:
 971              		.section	.text.xStreamBufferReset,"ax",%progbits
 972              		.align	1
 973              		.global	xStreamBufferReset
ARM GAS  D:\TMP\ccko02Uc.s 			page 47


 974              		.syntax unified
 975              		.thumb
 976              		.thumb_func
 978              	xStreamBufferReset:
 979              	.LVL77:
 980              	.LFB7:
 393:Middlewares/Third_Party/FreeRTOS/Source/stream_buffer.c **** StreamBuffer_t * const pxStreamBuffer = xStreamBuffer;
 981              		.loc 1 393 1 is_stmt 1 view -0
 982              		.cfi_startproc
 983              		@ args = 0, pretend = 0, frame = 0
 984              		@ frame_needed = 0, uses_anonymous_args = 0
 394:Middlewares/Third_Party/FreeRTOS/Source/stream_buffer.c **** BaseType_t xReturn = pdFAIL;
 985              		.loc 1 394 1 view .LVU288
 395:Middlewares/Third_Party/FreeRTOS/Source/stream_buffer.c **** 
 986              		.loc 1 395 1 view .LVU289
 401:Middlewares/Third_Party/FreeRTOS/Source/stream_buffer.c **** 
 987              		.loc 1 401 2 view .LVU290
 988 0000 60B1     		cbz	r0, .L69
 393:Middlewares/Third_Party/FreeRTOS/Source/stream_buffer.c **** StreamBuffer_t * const pxStreamBuffer = xStreamBuffer;
 989              		.loc 1 393 1 is_stmt 0 view .LVU291
 990 0002 10B5     		push	{r4, lr}
 991              	.LCFI15:
 992              		.cfi_def_cfa_offset 8
 993              		.cfi_offset 4, -8
 994              		.cfi_offset 14, -4
 995 0004 82B0     		sub	sp, sp, #8
 996              	.LCFI16:
 997              		.cfi_def_cfa_offset 16
 998 0006 0446     		mov	r4, r0
 401:Middlewares/Third_Party/FreeRTOS/Source/stream_buffer.c **** 
 999              		.loc 1 401 32 is_stmt 1 discriminator 2 view .LVU292
 412:Middlewares/Third_Party/FreeRTOS/Source/stream_buffer.c **** 	{
 1000              		.loc 1 412 2 view .LVU293
 1001 0008 FFF7FEFF 		bl	vPortEnterCritical
 1002              	.LVL78:
 414:Middlewares/Third_Party/FreeRTOS/Source/stream_buffer.c **** 		{
 1003              		.loc 1 414 3 view .LVU294
 414:Middlewares/Third_Party/FreeRTOS/Source/stream_buffer.c **** 		{
 1004              		.loc 1 414 21 is_stmt 0 view .LVU295
 1005 000c 2369     		ldr	r3, [r4, #16]
 414:Middlewares/Third_Party/FreeRTOS/Source/stream_buffer.c **** 		{
 1006              		.loc 1 414 5 view .LVU296
 1007 000e 73B1     		cbz	r3, .L70
 395:Middlewares/Third_Party/FreeRTOS/Source/stream_buffer.c **** 
 1008              		.loc 1 395 12 view .LVU297
 1009 0010 0024     		movs	r4, #0
 1010              	.LVL79:
 1011              	.L64:
 431:Middlewares/Third_Party/FreeRTOS/Source/stream_buffer.c **** 			}
 1012              		.loc 1 431 46 is_stmt 1 view .LVU298
 435:Middlewares/Third_Party/FreeRTOS/Source/stream_buffer.c **** 
 1013              		.loc 1 435 2 view .LVU299
 1014 0012 FFF7FEFF 		bl	vPortExitCritical
 1015              	.LVL80:
 437:Middlewares/Third_Party/FreeRTOS/Source/stream_buffer.c **** }
 1016              		.loc 1 437 2 view .LVU300
 438:Middlewares/Third_Party/FreeRTOS/Source/stream_buffer.c **** /*-----------------------------------------------------------*/
ARM GAS  D:\TMP\ccko02Uc.s 			page 48


 1017              		.loc 1 438 1 is_stmt 0 view .LVU301
 1018 0016 2046     		mov	r0, r4
 1019 0018 02B0     		add	sp, sp, #8
 1020              	.LCFI17:
 1021              		.cfi_def_cfa_offset 8
 1022              		@ sp needed
 1023 001a 10BD     		pop	{r4, pc}
 1024              	.LVL81:
 1025              	.L69:
 1026              	.LCFI18:
 1027              		.cfi_def_cfa_offset 0
 1028              		.cfi_restore 4
 1029              		.cfi_restore 14
 401:Middlewares/Third_Party/FreeRTOS/Source/stream_buffer.c **** 
 1030              		.loc 1 401 2 is_stmt 1 discriminator 1 view .LVU302
 1031              	.LBB106:
 1032              	.LBI106:
 193:Middlewares/Third_Party/FreeRTOS/Source/portable/GCC/ARM_CM3/portmacro.h **** {
 1033              		.loc 2 193 30 view .LVU303
 1034              	.LBB107:
 195:Middlewares/Third_Party/FreeRTOS/Source/portable/GCC/ARM_CM3/portmacro.h **** 
 1035              		.loc 2 195 1 view .LVU304
 1036              		.loc 2 197 2 view .LVU305
 1037              		.syntax unified
 1038              	@ 197 "Middlewares/Third_Party/FreeRTOS/Source/portable/GCC/ARM_CM3/portmacro.h" 1
 1039 001c 4FF02003 			mov r3, #32												
 1040 0020 83F31188 		msr basepri, r3											
 1041 0024 BFF36F8F 		isb														
 1042 0028 BFF34F8F 		dsb														
 1043              	
 1044              	@ 0 "" 2
 1045              		.thumb
 1046              		.syntax unified
 1047              	.L63:
 1048              	.LBE107:
 1049              	.LBE106:
 401:Middlewares/Third_Party/FreeRTOS/Source/stream_buffer.c **** 
 1050              		.loc 1 401 2 discriminator 3 view .LVU306
 401:Middlewares/Third_Party/FreeRTOS/Source/stream_buffer.c **** 
 1051              		.loc 1 401 2 discriminator 3 view .LVU307
 401:Middlewares/Third_Party/FreeRTOS/Source/stream_buffer.c **** 
 1052              		.loc 1 401 2 discriminator 3 view .LVU308
 1053 002c FEE7     		b	.L63
 1054              	.LVL82:
 1055              	.L70:
 1056              	.LCFI19:
 1057              		.cfi_def_cfa_offset 16
 1058              		.cfi_offset 4, -8
 1059              		.cfi_offset 14, -4
 416:Middlewares/Third_Party/FreeRTOS/Source/stream_buffer.c **** 			{
 1060              		.loc 1 416 4 view .LVU309
 416:Middlewares/Third_Party/FreeRTOS/Source/stream_buffer.c **** 			{
 1061              		.loc 1 416 22 is_stmt 0 view .LVU310
 1062 002e 6369     		ldr	r3, [r4, #20]
 416:Middlewares/Third_Party/FreeRTOS/Source/stream_buffer.c **** 			{
 1063              		.loc 1 416 6 view .LVU311
 1064 0030 0BB1     		cbz	r3, .L71
ARM GAS  D:\TMP\ccko02Uc.s 			page 49


 395:Middlewares/Third_Party/FreeRTOS/Source/stream_buffer.c **** 
 1065              		.loc 1 395 12 view .LVU312
 1066 0032 0024     		movs	r4, #0
 1067              	.LVL83:
 395:Middlewares/Third_Party/FreeRTOS/Source/stream_buffer.c **** 
 1068              		.loc 1 395 12 view .LVU313
 1069 0034 EDE7     		b	.L64
 1070              	.LVL84:
 1071              	.L71:
 418:Middlewares/Third_Party/FreeRTOS/Source/stream_buffer.c **** 											  pxStreamBuffer->pucBuffer,
 1072              		.loc 1 418 5 is_stmt 1 view .LVU314
 1073 0036 237F     		ldrb	r3, [r4, #28]	@ zero_extendqisi2
 1074 0038 0093     		str	r3, [sp]
 1075 003a E368     		ldr	r3, [r4, #12]
 1076 003c A268     		ldr	r2, [r4, #8]
 1077 003e A169     		ldr	r1, [r4, #24]
 1078 0040 2046     		mov	r0, r4
 1079 0042 FFF7FEFF 		bl	prvInitialiseNewStreamBuffer
 1080              	.LVL85:
 423:Middlewares/Third_Party/FreeRTOS/Source/stream_buffer.c **** 
 1081              		.loc 1 423 5 view .LVU315
 423:Middlewares/Third_Party/FreeRTOS/Source/stream_buffer.c **** 
 1082              		.loc 1 423 13 is_stmt 0 view .LVU316
 1083 0046 0124     		movs	r4, #1
 1084              	.LVL86:
 423:Middlewares/Third_Party/FreeRTOS/Source/stream_buffer.c **** 
 1085              		.loc 1 423 13 view .LVU317
 1086 0048 E3E7     		b	.L64
 1087              		.cfi_endproc
 1088              	.LFE7:
 1090              		.section	.text.xStreamBufferSetTriggerLevel,"ax",%progbits
 1091              		.align	1
 1092              		.global	xStreamBufferSetTriggerLevel
 1093              		.syntax unified
 1094              		.thumb
 1095              		.thumb_func
 1097              	xStreamBufferSetTriggerLevel:
 1098              	.LVL87:
 1099              	.LFB8:
 442:Middlewares/Third_Party/FreeRTOS/Source/stream_buffer.c **** StreamBuffer_t * const pxStreamBuffer = xStreamBuffer;
 1100              		.loc 1 442 1 is_stmt 1 view -0
 1101              		.cfi_startproc
 1102              		@ args = 0, pretend = 0, frame = 0
 1103              		@ frame_needed = 0, uses_anonymous_args = 0
 1104              		@ link register save eliminated.
 443:Middlewares/Third_Party/FreeRTOS/Source/stream_buffer.c **** BaseType_t xReturn;
 1105              		.loc 1 443 1 view .LVU319
 444:Middlewares/Third_Party/FreeRTOS/Source/stream_buffer.c **** 
 1106              		.loc 1 444 1 view .LVU320
 446:Middlewares/Third_Party/FreeRTOS/Source/stream_buffer.c **** 
 1107              		.loc 1 446 2 view .LVU321
 1108 0000 0346     		mov	r3, r0
 1109 0002 38B1     		cbz	r0, .L79
 446:Middlewares/Third_Party/FreeRTOS/Source/stream_buffer.c **** 
 1110              		.loc 1 446 32 discriminator 2 view .LVU322
 449:Middlewares/Third_Party/FreeRTOS/Source/stream_buffer.c **** 	{
 1111              		.loc 1 449 2 view .LVU323
ARM GAS  D:\TMP\ccko02Uc.s 			page 50


 449:Middlewares/Third_Party/FreeRTOS/Source/stream_buffer.c **** 	{
 1112              		.loc 1 449 4 is_stmt 0 view .LVU324
 1113 0004 01B9     		cbnz	r1, .L75
 451:Middlewares/Third_Party/FreeRTOS/Source/stream_buffer.c **** 	}
 1114              		.loc 1 451 17 view .LVU325
 1115 0006 0121     		movs	r1, #1
 1116              	.LVL88:
 1117              	.L75:
 456:Middlewares/Third_Party/FreeRTOS/Source/stream_buffer.c **** 	{
 1118              		.loc 1 456 2 is_stmt 1 view .LVU326
 456:Middlewares/Third_Party/FreeRTOS/Source/stream_buffer.c **** 	{
 1119              		.loc 1 456 37 is_stmt 0 view .LVU327
 1120 0008 9A68     		ldr	r2, [r3, #8]
 456:Middlewares/Third_Party/FreeRTOS/Source/stream_buffer.c **** 	{
 1121              		.loc 1 456 4 view .LVU328
 1122 000a 8A42     		cmp	r2, r1
 1123 000c 0BD3     		bcc	.L78
 458:Middlewares/Third_Party/FreeRTOS/Source/stream_buffer.c **** 		xReturn = pdPASS;
 1124              		.loc 1 458 3 is_stmt 1 view .LVU329
 458:Middlewares/Third_Party/FreeRTOS/Source/stream_buffer.c **** 		xReturn = pdPASS;
 1125              		.loc 1 458 38 is_stmt 0 view .LVU330
 1126 000e D960     		str	r1, [r3, #12]
 459:Middlewares/Third_Party/FreeRTOS/Source/stream_buffer.c **** 	}
 1127              		.loc 1 459 3 is_stmt 1 view .LVU331
 1128              	.LVL89:
 459:Middlewares/Third_Party/FreeRTOS/Source/stream_buffer.c **** 	}
 1129              		.loc 1 459 11 is_stmt 0 view .LVU332
 1130 0010 0120     		movs	r0, #1
 1131              	.LVL90:
 459:Middlewares/Third_Party/FreeRTOS/Source/stream_buffer.c **** 	}
 1132              		.loc 1 459 11 view .LVU333
 1133 0012 7047     		bx	lr
 1134              	.LVL91:
 1135              	.L79:
 446:Middlewares/Third_Party/FreeRTOS/Source/stream_buffer.c **** 
 1136              		.loc 1 446 2 is_stmt 1 discriminator 1 view .LVU334
 1137              	.LBB108:
 1138              	.LBI108:
 193:Middlewares/Third_Party/FreeRTOS/Source/portable/GCC/ARM_CM3/portmacro.h **** {
 1139              		.loc 2 193 30 view .LVU335
 1140              	.LBB109:
 195:Middlewares/Third_Party/FreeRTOS/Source/portable/GCC/ARM_CM3/portmacro.h **** 
 1141              		.loc 2 195 1 view .LVU336
 1142              		.loc 2 197 2 view .LVU337
 1143              		.syntax unified
 1144              	@ 197 "Middlewares/Third_Party/FreeRTOS/Source/portable/GCC/ARM_CM3/portmacro.h" 1
 1145 0014 4FF02003 			mov r3, #32												
 1146 0018 83F31188 		msr basepri, r3											
 1147 001c BFF36F8F 		isb														
 1148 0020 BFF34F8F 		dsb														
 1149              	
 1150              	@ 0 "" 2
 1151              		.thumb
 1152              		.syntax unified
 1153              	.L74:
 1154              	.LBE109:
 1155              	.LBE108:
ARM GAS  D:\TMP\ccko02Uc.s 			page 51


 446:Middlewares/Third_Party/FreeRTOS/Source/stream_buffer.c **** 
 1156              		.loc 1 446 2 discriminator 3 view .LVU338
 446:Middlewares/Third_Party/FreeRTOS/Source/stream_buffer.c **** 
 1157              		.loc 1 446 2 discriminator 3 view .LVU339
 446:Middlewares/Third_Party/FreeRTOS/Source/stream_buffer.c **** 
 1158              		.loc 1 446 2 discriminator 3 view .LVU340
 1159 0024 FEE7     		b	.L74
 1160              	.L78:
 463:Middlewares/Third_Party/FreeRTOS/Source/stream_buffer.c **** 	}
 1161              		.loc 1 463 11 is_stmt 0 view .LVU341
 1162 0026 0020     		movs	r0, #0
 1163              	.LVL92:
 466:Middlewares/Third_Party/FreeRTOS/Source/stream_buffer.c **** }
 1164              		.loc 1 466 2 is_stmt 1 view .LVU342
 467:Middlewares/Third_Party/FreeRTOS/Source/stream_buffer.c **** /*-----------------------------------------------------------*/
 1165              		.loc 1 467 1 is_stmt 0 view .LVU343
 1166 0028 7047     		bx	lr
 1167              		.cfi_endproc
 1168              	.LFE8:
 1170              		.section	.text.xStreamBufferSpacesAvailable,"ax",%progbits
 1171              		.align	1
 1172              		.global	xStreamBufferSpacesAvailable
 1173              		.syntax unified
 1174              		.thumb
 1175              		.thumb_func
 1177              	xStreamBufferSpacesAvailable:
 1178              	.LVL93:
 1179              	.LFB9:
 471:Middlewares/Third_Party/FreeRTOS/Source/stream_buffer.c **** const StreamBuffer_t * const pxStreamBuffer = xStreamBuffer;
 1180              		.loc 1 471 1 is_stmt 1 view -0
 1181              		.cfi_startproc
 1182              		@ args = 0, pretend = 0, frame = 0
 1183              		@ frame_needed = 0, uses_anonymous_args = 0
 1184              		@ link register save eliminated.
 472:Middlewares/Third_Party/FreeRTOS/Source/stream_buffer.c **** size_t xSpace;
 1185              		.loc 1 472 1 view .LVU345
 473:Middlewares/Third_Party/FreeRTOS/Source/stream_buffer.c **** 
 1186              		.loc 1 473 1 view .LVU346
 475:Middlewares/Third_Party/FreeRTOS/Source/stream_buffer.c **** 
 1187              		.loc 1 475 2 view .LVU347
 1188 0000 0346     		mov	r3, r0
 1189 0002 48B1     		cbz	r0, .L84
 475:Middlewares/Third_Party/FreeRTOS/Source/stream_buffer.c **** 
 1190              		.loc 1 475 32 discriminator 2 view .LVU348
 477:Middlewares/Third_Party/FreeRTOS/Source/stream_buffer.c **** 	xSpace -= pxStreamBuffer->xHead;
 1191              		.loc 1 477 2 view .LVU349
 477:Middlewares/Third_Party/FreeRTOS/Source/stream_buffer.c **** 	xSpace -= pxStreamBuffer->xHead;
 1192              		.loc 1 477 25 is_stmt 0 view .LVU350
 1193 0004 8268     		ldr	r2, [r0, #8]
 477:Middlewares/Third_Party/FreeRTOS/Source/stream_buffer.c **** 	xSpace -= pxStreamBuffer->xHead;
 1194              		.loc 1 477 51 view .LVU351
 1195 0006 0068     		ldr	r0, [r0]
 1196              	.LVL94:
 477:Middlewares/Third_Party/FreeRTOS/Source/stream_buffer.c **** 	xSpace -= pxStreamBuffer->xHead;
 1197              		.loc 1 477 9 view .LVU352
 1198 0008 1044     		add	r0, r0, r2
 1199              	.LVL95:
ARM GAS  D:\TMP\ccko02Uc.s 			page 52


 478:Middlewares/Third_Party/FreeRTOS/Source/stream_buffer.c **** 	xSpace -= ( size_t ) 1;
 1200              		.loc 1 478 2 is_stmt 1 view .LVU353
 478:Middlewares/Third_Party/FreeRTOS/Source/stream_buffer.c **** 	xSpace -= ( size_t ) 1;
 1201              		.loc 1 478 26 is_stmt 0 view .LVU354
 1202 000a 5B68     		ldr	r3, [r3, #4]
 1203              	.LVL96:
 478:Middlewares/Third_Party/FreeRTOS/Source/stream_buffer.c **** 	xSpace -= ( size_t ) 1;
 1204              		.loc 1 478 9 view .LVU355
 1205 000c C01A     		subs	r0, r0, r3
 1206              	.LVL97:
 479:Middlewares/Third_Party/FreeRTOS/Source/stream_buffer.c **** 
 1207              		.loc 1 479 2 is_stmt 1 view .LVU356
 479:Middlewares/Third_Party/FreeRTOS/Source/stream_buffer.c **** 
 1208              		.loc 1 479 9 is_stmt 0 view .LVU357
 1209 000e 0138     		subs	r0, r0, #1
 1210              	.LVL98:
 481:Middlewares/Third_Party/FreeRTOS/Source/stream_buffer.c **** 	{
 1211              		.loc 1 481 2 is_stmt 1 view .LVU358
 481:Middlewares/Third_Party/FreeRTOS/Source/stream_buffer.c **** 	{
 1212              		.loc 1 481 4 is_stmt 0 view .LVU359
 1213 0010 8242     		cmp	r2, r0
 1214 0012 00D8     		bhi	.L80
 483:Middlewares/Third_Party/FreeRTOS/Source/stream_buffer.c **** 	}
 1215              		.loc 1 483 3 is_stmt 1 view .LVU360
 483:Middlewares/Third_Party/FreeRTOS/Source/stream_buffer.c **** 	}
 1216              		.loc 1 483 10 is_stmt 0 view .LVU361
 1217 0014 801A     		subs	r0, r0, r2
 1218              	.LVL99:
 487:Middlewares/Third_Party/FreeRTOS/Source/stream_buffer.c **** 	}
 1219              		.loc 1 487 27 is_stmt 1 view .LVU362
 490:Middlewares/Third_Party/FreeRTOS/Source/stream_buffer.c **** }
 1220              		.loc 1 490 2 view .LVU363
 1221              	.L80:
 491:Middlewares/Third_Party/FreeRTOS/Source/stream_buffer.c **** /*-----------------------------------------------------------*/
 1222              		.loc 1 491 1 is_stmt 0 view .LVU364
 1223 0016 7047     		bx	lr
 1224              	.LVL100:
 1225              	.L84:
 475:Middlewares/Third_Party/FreeRTOS/Source/stream_buffer.c **** 
 1226              		.loc 1 475 2 is_stmt 1 discriminator 1 view .LVU365
 1227              	.LBB110:
 1228              	.LBI110:
 193:Middlewares/Third_Party/FreeRTOS/Source/portable/GCC/ARM_CM3/portmacro.h **** {
 1229              		.loc 2 193 30 view .LVU366
 1230              	.LBB111:
 195:Middlewares/Third_Party/FreeRTOS/Source/portable/GCC/ARM_CM3/portmacro.h **** 
 1231              		.loc 2 195 1 view .LVU367
 1232              		.loc 2 197 2 view .LVU368
 1233              		.syntax unified
 1234              	@ 197 "Middlewares/Third_Party/FreeRTOS/Source/portable/GCC/ARM_CM3/portmacro.h" 1
 1235 0018 4FF02003 			mov r3, #32												
 1236 001c 83F31188 		msr basepri, r3											
 1237 0020 BFF36F8F 		isb														
 1238 0024 BFF34F8F 		dsb														
 1239              	
 1240              	@ 0 "" 2
 1241              		.thumb
ARM GAS  D:\TMP\ccko02Uc.s 			page 53


 1242              		.syntax unified
 1243              	.L82:
 1244              	.LBE111:
 1245              	.LBE110:
 475:Middlewares/Third_Party/FreeRTOS/Source/stream_buffer.c **** 
 1246              		.loc 1 475 2 discriminator 3 view .LVU369
 475:Middlewares/Third_Party/FreeRTOS/Source/stream_buffer.c **** 
 1247              		.loc 1 475 2 discriminator 3 view .LVU370
 475:Middlewares/Third_Party/FreeRTOS/Source/stream_buffer.c **** 
 1248              		.loc 1 475 2 discriminator 3 view .LVU371
 1249 0028 FEE7     		b	.L82
 1250              		.cfi_endproc
 1251              	.LFE9:
 1253              		.section	.text.xStreamBufferBytesAvailable,"ax",%progbits
 1254              		.align	1
 1255              		.global	xStreamBufferBytesAvailable
 1256              		.syntax unified
 1257              		.thumb
 1258              		.thumb_func
 1260              	xStreamBufferBytesAvailable:
 1261              	.LVL101:
 1262              	.LFB10:
 495:Middlewares/Third_Party/FreeRTOS/Source/stream_buffer.c **** const StreamBuffer_t * const pxStreamBuffer = xStreamBuffer;
 1263              		.loc 1 495 1 view -0
 1264              		.cfi_startproc
 1265              		@ args = 0, pretend = 0, frame = 0
 1266              		@ frame_needed = 0, uses_anonymous_args = 0
 495:Middlewares/Third_Party/FreeRTOS/Source/stream_buffer.c **** const StreamBuffer_t * const pxStreamBuffer = xStreamBuffer;
 1267              		.loc 1 495 1 is_stmt 0 view .LVU373
 1268 0000 08B5     		push	{r3, lr}
 1269              	.LCFI20:
 1270              		.cfi_def_cfa_offset 8
 1271              		.cfi_offset 3, -8
 1272              		.cfi_offset 14, -4
 496:Middlewares/Third_Party/FreeRTOS/Source/stream_buffer.c **** size_t xReturn;
 1273              		.loc 1 496 1 is_stmt 1 view .LVU374
 1274              	.LVL102:
 497:Middlewares/Third_Party/FreeRTOS/Source/stream_buffer.c **** 
 1275              		.loc 1 497 1 view .LVU375
 499:Middlewares/Third_Party/FreeRTOS/Source/stream_buffer.c **** 
 1276              		.loc 1 499 2 view .LVU376
 1277 0002 10B1     		cbz	r0, .L89
 499:Middlewares/Third_Party/FreeRTOS/Source/stream_buffer.c **** 
 1278              		.loc 1 499 32 discriminator 2 view .LVU377
 501:Middlewares/Third_Party/FreeRTOS/Source/stream_buffer.c **** 	return xReturn;
 1279              		.loc 1 501 2 view .LVU378
 501:Middlewares/Third_Party/FreeRTOS/Source/stream_buffer.c **** 	return xReturn;
 1280              		.loc 1 501 12 is_stmt 0 view .LVU379
 1281 0004 FFF7FEFF 		bl	prvBytesInBuffer
 1282              	.LVL103:
 502:Middlewares/Third_Party/FreeRTOS/Source/stream_buffer.c **** }
 1283              		.loc 1 502 2 is_stmt 1 view .LVU380
 503:Middlewares/Third_Party/FreeRTOS/Source/stream_buffer.c **** /*-----------------------------------------------------------*/
 1284              		.loc 1 503 1 is_stmt 0 view .LVU381
 1285 0008 08BD     		pop	{r3, pc}
 1286              	.LVL104:
 1287              	.L89:
ARM GAS  D:\TMP\ccko02Uc.s 			page 54


 499:Middlewares/Third_Party/FreeRTOS/Source/stream_buffer.c **** 
 1288              		.loc 1 499 2 is_stmt 1 discriminator 1 view .LVU382
 1289              	.LBB112:
 1290              	.LBI112:
 193:Middlewares/Third_Party/FreeRTOS/Source/portable/GCC/ARM_CM3/portmacro.h **** {
 1291              		.loc 2 193 30 view .LVU383
 1292              	.LBB113:
 195:Middlewares/Third_Party/FreeRTOS/Source/portable/GCC/ARM_CM3/portmacro.h **** 
 1293              		.loc 2 195 1 view .LVU384
 1294              		.loc 2 197 2 view .LVU385
 1295              		.syntax unified
 1296              	@ 197 "Middlewares/Third_Party/FreeRTOS/Source/portable/GCC/ARM_CM3/portmacro.h" 1
 1297 000a 4FF02003 			mov r3, #32												
 1298 000e 83F31188 		msr basepri, r3											
 1299 0012 BFF36F8F 		isb														
 1300 0016 BFF34F8F 		dsb														
 1301              	
 1302              	@ 0 "" 2
 1303              		.thumb
 1304              		.syntax unified
 1305              	.L87:
 1306              	.LBE113:
 1307              	.LBE112:
 499:Middlewares/Third_Party/FreeRTOS/Source/stream_buffer.c **** 
 1308              		.loc 1 499 2 discriminator 3 view .LVU386
 499:Middlewares/Third_Party/FreeRTOS/Source/stream_buffer.c **** 
 1309              		.loc 1 499 2 discriminator 3 view .LVU387
 499:Middlewares/Third_Party/FreeRTOS/Source/stream_buffer.c **** 
 1310              		.loc 1 499 2 discriminator 3 view .LVU388
 1311 001a FEE7     		b	.L87
 1312              		.cfi_endproc
 1313              	.LFE10:
 1315              		.section	.text.xStreamBufferSend,"ax",%progbits
 1316              		.align	1
 1317              		.global	xStreamBufferSend
 1318              		.syntax unified
 1319              		.thumb
 1320              		.thumb_func
 1322              	xStreamBufferSend:
 1323              	.LVL105:
 1324              	.LFB11:
 510:Middlewares/Third_Party/FreeRTOS/Source/stream_buffer.c **** StreamBuffer_t * const pxStreamBuffer = xStreamBuffer;
 1325              		.loc 1 510 1 view -0
 1326              		.cfi_startproc
 1327              		@ args = 0, pretend = 0, frame = 16
 1328              		@ frame_needed = 0, uses_anonymous_args = 0
 510:Middlewares/Third_Party/FreeRTOS/Source/stream_buffer.c **** StreamBuffer_t * const pxStreamBuffer = xStreamBuffer;
 1329              		.loc 1 510 1 is_stmt 0 view .LVU390
 1330 0000 2DE9F041 		push	{r4, r5, r6, r7, r8, lr}
 1331              	.LCFI21:
 1332              		.cfi_def_cfa_offset 24
 1333              		.cfi_offset 4, -24
 1334              		.cfi_offset 5, -20
 1335              		.cfi_offset 6, -16
 1336              		.cfi_offset 7, -12
 1337              		.cfi_offset 8, -8
 1338              		.cfi_offset 14, -4
ARM GAS  D:\TMP\ccko02Uc.s 			page 55


 1339 0004 86B0     		sub	sp, sp, #24
 1340              	.LCFI22:
 1341              		.cfi_def_cfa_offset 48
 1342 0006 0393     		str	r3, [sp, #12]
 511:Middlewares/Third_Party/FreeRTOS/Source/stream_buffer.c **** size_t xReturn, xSpace = 0;
 1343              		.loc 1 511 1 is_stmt 1 view .LVU391
 1344              	.LVL106:
 512:Middlewares/Third_Party/FreeRTOS/Source/stream_buffer.c **** size_t xRequiredSpace = xDataLengthBytes;
 1345              		.loc 1 512 1 view .LVU392
 513:Middlewares/Third_Party/FreeRTOS/Source/stream_buffer.c **** TimeOut_t xTimeOut;
 1346              		.loc 1 513 1 view .LVU393
 514:Middlewares/Third_Party/FreeRTOS/Source/stream_buffer.c **** 
 1347              		.loc 1 514 1 view .LVU394
 516:Middlewares/Third_Party/FreeRTOS/Source/stream_buffer.c **** 	configASSERT( pxStreamBuffer );
 1348              		.loc 1 516 2 view .LVU395
 1349 0008 99B1     		cbz	r1, .L108
 1350 000a 0446     		mov	r4, r0
 1351 000c 1646     		mov	r6, r2
 1352 000e 8846     		mov	r8, r1
 516:Middlewares/Third_Party/FreeRTOS/Source/stream_buffer.c **** 	configASSERT( pxStreamBuffer );
 1353              		.loc 1 516 26 discriminator 2 view .LVU396
 517:Middlewares/Third_Party/FreeRTOS/Source/stream_buffer.c **** 
 1354              		.loc 1 517 2 view .LVU397
 1355 0010 C0B1     		cbz	r0, .L109
 517:Middlewares/Third_Party/FreeRTOS/Source/stream_buffer.c **** 
 1356              		.loc 1 517 32 discriminator 2 view .LVU398
 523:Middlewares/Third_Party/FreeRTOS/Source/stream_buffer.c **** 	{
 1357              		.loc 1 523 2 view .LVU399
 523:Middlewares/Third_Party/FreeRTOS/Source/stream_buffer.c **** 	{
 1358              		.loc 1 523 22 is_stmt 0 view .LVU400
 1359 0012 037F     		ldrb	r3, [r0, #28]	@ zero_extendqisi2
 1360              	.LVL107:
 523:Middlewares/Third_Party/FreeRTOS/Source/stream_buffer.c **** 	{
 1361              		.loc 1 523 4 view .LVU401
 1362 0014 13F0010F 		tst	r3, #1
 1363 0018 1DD0     		beq	.L106
 525:Middlewares/Third_Party/FreeRTOS/Source/stream_buffer.c **** 
 1364              		.loc 1 525 3 is_stmt 1 view .LVU402
 525:Middlewares/Third_Party/FreeRTOS/Source/stream_buffer.c **** 
 1365              		.loc 1 525 18 is_stmt 0 view .LVU403
 1366 001a 171D     		adds	r7, r2, #4
 1367              	.LVL108:
 528:Middlewares/Third_Party/FreeRTOS/Source/stream_buffer.c **** 	}
 1368              		.loc 1 528 3 is_stmt 1 view .LVU404
 1369 001c BA42     		cmp	r2, r7
 1370 001e 1BD3     		bcc	.L95
 528:Middlewares/Third_Party/FreeRTOS/Source/stream_buffer.c **** 	}
 1371              		.loc 1 528 3 discriminator 1 view .LVU405
 1372              	.LBB114:
 1373              	.LBI114:
 193:Middlewares/Third_Party/FreeRTOS/Source/portable/GCC/ARM_CM3/portmacro.h **** {
 1374              		.loc 2 193 30 view .LVU406
 1375              	.LBB115:
 195:Middlewares/Third_Party/FreeRTOS/Source/portable/GCC/ARM_CM3/portmacro.h **** 
 1376              		.loc 2 195 1 view .LVU407
 1377              		.loc 2 197 2 view .LVU408
 1378              		.syntax unified
ARM GAS  D:\TMP\ccko02Uc.s 			page 56


 1379              	@ 197 "Middlewares/Third_Party/FreeRTOS/Source/portable/GCC/ARM_CM3/portmacro.h" 1
 1380 0020 4FF02003 			mov r3, #32												
 1381 0024 83F31188 		msr basepri, r3											
 1382 0028 BFF36F8F 		isb														
 1383 002c BFF34F8F 		dsb														
 1384              	
 1385              	@ 0 "" 2
 1386              		.thumb
 1387              		.syntax unified
 1388              	.L96:
 1389              	.LBE115:
 1390              	.LBE114:
 528:Middlewares/Third_Party/FreeRTOS/Source/stream_buffer.c **** 	}
 1391              		.loc 1 528 3 discriminator 3 view .LVU409
 528:Middlewares/Third_Party/FreeRTOS/Source/stream_buffer.c **** 	}
 1392              		.loc 1 528 3 discriminator 3 view .LVU410
 528:Middlewares/Third_Party/FreeRTOS/Source/stream_buffer.c **** 	}
 1393              		.loc 1 528 3 discriminator 3 view .LVU411
 1394 0030 FEE7     		b	.L96
 1395              	.LVL109:
 1396              	.L108:
 516:Middlewares/Third_Party/FreeRTOS/Source/stream_buffer.c **** 	configASSERT( pxStreamBuffer );
 1397              		.loc 1 516 2 discriminator 1 view .LVU412
 1398              	.LBB116:
 1399              	.LBI116:
 193:Middlewares/Third_Party/FreeRTOS/Source/portable/GCC/ARM_CM3/portmacro.h **** {
 1400              		.loc 2 193 30 view .LVU413
 1401              	.LBB117:
 195:Middlewares/Third_Party/FreeRTOS/Source/portable/GCC/ARM_CM3/portmacro.h **** 
 1402              		.loc 2 195 1 view .LVU414
 1403              		.loc 2 197 2 view .LVU415
 1404              		.syntax unified
 1405              	@ 197 "Middlewares/Third_Party/FreeRTOS/Source/portable/GCC/ARM_CM3/portmacro.h" 1
 1406 0032 4FF02003 			mov r3, #32												
 1407 0036 83F31188 		msr basepri, r3											
 1408 003a BFF36F8F 		isb														
 1409 003e BFF34F8F 		dsb														
 1410              	
 1411              	@ 0 "" 2
 1412              	.LVL110:
 1413              		.thumb
 1414              		.syntax unified
 1415              	.L92:
 1416              		.loc 2 197 2 is_stmt 0 view .LVU416
 1417              	.LBE117:
 1418              	.LBE116:
 516:Middlewares/Third_Party/FreeRTOS/Source/stream_buffer.c **** 	configASSERT( pxStreamBuffer );
 1419              		.loc 1 516 2 is_stmt 1 discriminator 3 view .LVU417
 516:Middlewares/Third_Party/FreeRTOS/Source/stream_buffer.c **** 	configASSERT( pxStreamBuffer );
 1420              		.loc 1 516 2 discriminator 3 view .LVU418
 516:Middlewares/Third_Party/FreeRTOS/Source/stream_buffer.c **** 	configASSERT( pxStreamBuffer );
 1421              		.loc 1 516 2 discriminator 3 view .LVU419
 1422 0042 FEE7     		b	.L92
 1423              	.LVL111:
 1424              	.L109:
 517:Middlewares/Third_Party/FreeRTOS/Source/stream_buffer.c **** 
 1425              		.loc 1 517 2 discriminator 1 view .LVU420
ARM GAS  D:\TMP\ccko02Uc.s 			page 57


 1426              	.LBB118:
 1427              	.LBI118:
 193:Middlewares/Third_Party/FreeRTOS/Source/portable/GCC/ARM_CM3/portmacro.h **** {
 1428              		.loc 2 193 30 view .LVU421
 1429              	.LBB119:
 195:Middlewares/Third_Party/FreeRTOS/Source/portable/GCC/ARM_CM3/portmacro.h **** 
 1430              		.loc 2 195 1 view .LVU422
 1431              		.loc 2 197 2 view .LVU423
 1432              		.syntax unified
 1433              	@ 197 "Middlewares/Third_Party/FreeRTOS/Source/portable/GCC/ARM_CM3/portmacro.h" 1
 1434 0044 4FF02003 			mov r3, #32												
 1435 0048 83F31188 		msr basepri, r3											
 1436 004c BFF36F8F 		isb														
 1437 0050 BFF34F8F 		dsb														
 1438              	
 1439              	@ 0 "" 2
 1440              	.LVL112:
 1441              		.thumb
 1442              		.syntax unified
 1443              	.L94:
 1444              		.loc 2 197 2 is_stmt 0 view .LVU424
 1445              	.LBE119:
 1446              	.LBE118:
 517:Middlewares/Third_Party/FreeRTOS/Source/stream_buffer.c **** 
 1447              		.loc 1 517 2 is_stmt 1 discriminator 3 view .LVU425
 517:Middlewares/Third_Party/FreeRTOS/Source/stream_buffer.c **** 
 1448              		.loc 1 517 2 discriminator 3 view .LVU426
 517:Middlewares/Third_Party/FreeRTOS/Source/stream_buffer.c **** 
 1449              		.loc 1 517 2 discriminator 3 view .LVU427
 1450 0054 FEE7     		b	.L94
 1451              	.L106:
 513:Middlewares/Third_Party/FreeRTOS/Source/stream_buffer.c **** TimeOut_t xTimeOut;
 1452              		.loc 1 513 8 is_stmt 0 view .LVU428
 1453 0056 1746     		mov	r7, r2
 1454              	.LVL113:
 1455              	.L95:
 532:Middlewares/Third_Party/FreeRTOS/Source/stream_buffer.c **** 	}
 1456              		.loc 1 532 27 is_stmt 1 view .LVU429
 535:Middlewares/Third_Party/FreeRTOS/Source/stream_buffer.c **** 	{
 1457              		.loc 1 535 2 view .LVU430
 535:Middlewares/Third_Party/FreeRTOS/Source/stream_buffer.c **** 	{
 1458              		.loc 1 535 19 is_stmt 0 view .LVU431
 1459 0058 039B     		ldr	r3, [sp, #12]
 535:Middlewares/Third_Party/FreeRTOS/Source/stream_buffer.c **** 	{
 1460              		.loc 1 535 4 view .LVU432
 1461 005a 7BB3     		cbz	r3, .L97
 537:Middlewares/Third_Party/FreeRTOS/Source/stream_buffer.c **** 
 1462              		.loc 1 537 3 is_stmt 1 view .LVU433
 1463 005c 04A8     		add	r0, sp, #16
 1464              	.LVL114:
 537:Middlewares/Third_Party/FreeRTOS/Source/stream_buffer.c **** 
 1465              		.loc 1 537 3 is_stmt 0 view .LVU434
 1466 005e FFF7FEFF 		bl	vTaskSetTimeOutState
 1467              	.LVL115:
 1468              	.L101:
 539:Middlewares/Third_Party/FreeRTOS/Source/stream_buffer.c **** 		{
 1469              		.loc 1 539 3 is_stmt 1 view .LVU435
ARM GAS  D:\TMP\ccko02Uc.s 			page 58


 543:Middlewares/Third_Party/FreeRTOS/Source/stream_buffer.c **** 			{
 1470              		.loc 1 543 4 view .LVU436
 1471 0062 FFF7FEFF 		bl	vPortEnterCritical
 1472              	.LVL116:
 545:Middlewares/Third_Party/FreeRTOS/Source/stream_buffer.c **** 
 1473              		.loc 1 545 5 view .LVU437
 545:Middlewares/Third_Party/FreeRTOS/Source/stream_buffer.c **** 
 1474              		.loc 1 545 14 is_stmt 0 view .LVU438
 1475 0066 2046     		mov	r0, r4
 1476 0068 FFF7FEFF 		bl	xStreamBufferSpacesAvailable
 1477              	.LVL117:
 1478 006c 0546     		mov	r5, r0
 1479              	.LVL118:
 547:Middlewares/Third_Party/FreeRTOS/Source/stream_buffer.c **** 				{
 1480              		.loc 1 547 5 is_stmt 1 view .LVU439
 547:Middlewares/Third_Party/FreeRTOS/Source/stream_buffer.c **** 				{
 1481              		.loc 1 547 7 is_stmt 0 view .LVU440
 1482 006e 8742     		cmp	r7, r0
 1483 0070 21D9     		bls	.L98
 550:Middlewares/Third_Party/FreeRTOS/Source/stream_buffer.c **** 
 1484              		.loc 1 550 6 is_stmt 1 view .LVU441
 550:Middlewares/Third_Party/FreeRTOS/Source/stream_buffer.c **** 
 1485              		.loc 1 550 15 is_stmt 0 view .LVU442
 1486 0072 0020     		movs	r0, #0
 1487              	.LVL119:
 550:Middlewares/Third_Party/FreeRTOS/Source/stream_buffer.c **** 
 1488              		.loc 1 550 15 view .LVU443
 1489 0074 FFF7FEFF 		bl	xTaskNotifyStateClear
 1490              	.LVL120:
 553:Middlewares/Third_Party/FreeRTOS/Source/stream_buffer.c **** 					pxStreamBuffer->xTaskWaitingToSend = xTaskGetCurrentTaskHandle();
 1491              		.loc 1 553 6 is_stmt 1 view .LVU444
 1492 0078 6369     		ldr	r3, [r4, #20]
 1493 007a 9BB9     		cbnz	r3, .L110
 553:Middlewares/Third_Party/FreeRTOS/Source/stream_buffer.c **** 					pxStreamBuffer->xTaskWaitingToSend = xTaskGetCurrentTaskHandle();
 1494              		.loc 1 553 64 discriminator 2 view .LVU445
 554:Middlewares/Third_Party/FreeRTOS/Source/stream_buffer.c **** 				}
 1495              		.loc 1 554 6 view .LVU446
 554:Middlewares/Third_Party/FreeRTOS/Source/stream_buffer.c **** 				}
 1496              		.loc 1 554 43 is_stmt 0 view .LVU447
 1497 007c FFF7FEFF 		bl	xTaskGetCurrentTaskHandle
 1498              	.LVL121:
 554:Middlewares/Third_Party/FreeRTOS/Source/stream_buffer.c **** 				}
 1499              		.loc 1 554 41 discriminator 1 view .LVU448
 1500 0080 6061     		str	r0, [r4, #20]
 562:Middlewares/Third_Party/FreeRTOS/Source/stream_buffer.c **** 
 1501              		.loc 1 562 4 is_stmt 1 view .LVU449
 1502 0082 FFF7FEFF 		bl	vPortExitCritical
 1503              	.LVL122:
 564:Middlewares/Third_Party/FreeRTOS/Source/stream_buffer.c **** 			( void ) xTaskNotifyWait( ( uint32_t ) 0, ( uint32_t ) 0, NULL, xTicksToWait );
 1504              		.loc 1 564 56 view .LVU450
 565:Middlewares/Third_Party/FreeRTOS/Source/stream_buffer.c **** 			pxStreamBuffer->xTaskWaitingToSend = NULL;
 1505              		.loc 1 565 4 view .LVU451
 565:Middlewares/Third_Party/FreeRTOS/Source/stream_buffer.c **** 			pxStreamBuffer->xTaskWaitingToSend = NULL;
 1506              		.loc 1 565 13 is_stmt 0 view .LVU452
 1507 0086 039B     		ldr	r3, [sp, #12]
 1508 0088 0022     		movs	r2, #0
 1509 008a 1146     		mov	r1, r2
ARM GAS  D:\TMP\ccko02Uc.s 			page 59


 1510 008c 1046     		mov	r0, r2
 1511 008e FFF7FEFF 		bl	xTaskNotifyWait
 1512              	.LVL123:
 566:Middlewares/Third_Party/FreeRTOS/Source/stream_buffer.c **** 
 1513              		.loc 1 566 4 is_stmt 1 view .LVU453
 566:Middlewares/Third_Party/FreeRTOS/Source/stream_buffer.c **** 
 1514              		.loc 1 566 39 is_stmt 0 view .LVU454
 1515 0092 0023     		movs	r3, #0
 1516 0094 6361     		str	r3, [r4, #20]
 568:Middlewares/Third_Party/FreeRTOS/Source/stream_buffer.c **** 	}
 1517              		.loc 1 568 61 is_stmt 1 view .LVU455
 568:Middlewares/Third_Party/FreeRTOS/Source/stream_buffer.c **** 	}
 1518              		.loc 1 568 12 is_stmt 0 view .LVU456
 1519 0096 03A9     		add	r1, sp, #12
 1520 0098 04A8     		add	r0, sp, #16
 1521 009a FFF7FEFF 		bl	xTaskCheckForTimeOut
 1522              	.LVL124:
 568:Middlewares/Third_Party/FreeRTOS/Source/stream_buffer.c **** 	}
 1523              		.loc 1 568 61 discriminator 1 view .LVU457
 1524 009e 0028     		cmp	r0, #0
 1525 00a0 DFD0     		beq	.L101
 1526 00a2 0AE0     		b	.L102
 1527              	.L110:
 553:Middlewares/Third_Party/FreeRTOS/Source/stream_buffer.c **** 					pxStreamBuffer->xTaskWaitingToSend = xTaskGetCurrentTaskHandle();
 1528              		.loc 1 553 6 is_stmt 1 discriminator 1 view .LVU458
 1529              	.LBB120:
 1530              	.LBI120:
 193:Middlewares/Third_Party/FreeRTOS/Source/portable/GCC/ARM_CM3/portmacro.h **** {
 1531              		.loc 2 193 30 view .LVU459
 1532              	.LBB121:
 195:Middlewares/Third_Party/FreeRTOS/Source/portable/GCC/ARM_CM3/portmacro.h **** 
 1533              		.loc 2 195 1 view .LVU460
 1534              		.loc 2 197 2 view .LVU461
 1535              		.syntax unified
 1536              	@ 197 "Middlewares/Third_Party/FreeRTOS/Source/portable/GCC/ARM_CM3/portmacro.h" 1
 1537 00a4 4FF02003 			mov r3, #32												
 1538 00a8 83F31188 		msr basepri, r3											
 1539 00ac BFF36F8F 		isb														
 1540 00b0 BFF34F8F 		dsb														
 1541              	
 1542              	@ 0 "" 2
 1543              		.thumb
 1544              		.syntax unified
 1545              	.L100:
 1546              	.LBE121:
 1547              	.LBE120:
 553:Middlewares/Third_Party/FreeRTOS/Source/stream_buffer.c **** 					pxStreamBuffer->xTaskWaitingToSend = xTaskGetCurrentTaskHandle();
 1548              		.loc 1 553 6 discriminator 3 view .LVU462
 553:Middlewares/Third_Party/FreeRTOS/Source/stream_buffer.c **** 					pxStreamBuffer->xTaskWaitingToSend = xTaskGetCurrentTaskHandle();
 1549              		.loc 1 553 6 discriminator 3 view .LVU463
 553:Middlewares/Third_Party/FreeRTOS/Source/stream_buffer.c **** 					pxStreamBuffer->xTaskWaitingToSend = xTaskGetCurrentTaskHandle();
 1550              		.loc 1 553 6 discriminator 3 view .LVU464
 1551 00b4 FEE7     		b	.L100
 1552              	.LVL125:
 1553              	.L98:
 558:Middlewares/Third_Party/FreeRTOS/Source/stream_buffer.c **** 					break;
 1554              		.loc 1 558 6 view .LVU465
ARM GAS  D:\TMP\ccko02Uc.s 			page 60


 1555 00b6 FFF7FEFF 		bl	vPortExitCritical
 1556              	.LVL126:
 559:Middlewares/Third_Party/FreeRTOS/Source/stream_buffer.c **** 				}
 1557              		.loc 1 559 6 view .LVU466
 1558              	.L102:
 572:Middlewares/Third_Party/FreeRTOS/Source/stream_buffer.c **** 	}
 1559              		.loc 1 572 27 view .LVU467
 575:Middlewares/Third_Party/FreeRTOS/Source/stream_buffer.c **** 	{
 1560              		.loc 1 575 2 view .LVU468
 575:Middlewares/Third_Party/FreeRTOS/Source/stream_buffer.c **** 	{
 1561              		.loc 1 575 4 is_stmt 0 view .LVU469
 1562 00ba 1DB9     		cbnz	r5, .L103
 1563              	.LVL127:
 1564              	.L97:
 577:Middlewares/Third_Party/FreeRTOS/Source/stream_buffer.c **** 	}
 1565              		.loc 1 577 3 is_stmt 1 view .LVU470
 577:Middlewares/Third_Party/FreeRTOS/Source/stream_buffer.c **** 	}
 1566              		.loc 1 577 12 is_stmt 0 view .LVU471
 1567 00bc 2046     		mov	r0, r4
 1568 00be FFF7FEFF 		bl	xStreamBufferSpacesAvailable
 1569              	.LVL128:
 1570 00c2 0546     		mov	r5, r0
 1571              	.LVL129:
 1572              	.L103:
 581:Middlewares/Third_Party/FreeRTOS/Source/stream_buffer.c **** 	}
 1573              		.loc 1 581 27 is_stmt 1 view .LVU472
 584:Middlewares/Third_Party/FreeRTOS/Source/stream_buffer.c **** 
 1574              		.loc 1 584 2 view .LVU473
 584:Middlewares/Third_Party/FreeRTOS/Source/stream_buffer.c **** 
 1575              		.loc 1 584 12 is_stmt 0 view .LVU474
 1576 00c4 0097     		str	r7, [sp]
 1577 00c6 2B46     		mov	r3, r5
 1578 00c8 3246     		mov	r2, r6
 1579 00ca 4146     		mov	r1, r8
 1580 00cc 2046     		mov	r0, r4
 1581 00ce FFF7FEFF 		bl	prvWriteMessageToBuffer
 1582              	.LVL130:
 586:Middlewares/Third_Party/FreeRTOS/Source/stream_buffer.c **** 	{
 1583              		.loc 1 586 2 is_stmt 1 view .LVU475
 586:Middlewares/Third_Party/FreeRTOS/Source/stream_buffer.c **** 	{
 1584              		.loc 1 586 4 is_stmt 0 view .LVU476
 1585 00d2 0546     		mov	r5, r0
 1586              	.LVL131:
 586:Middlewares/Third_Party/FreeRTOS/Source/stream_buffer.c **** 	{
 1587              		.loc 1 586 4 view .LVU477
 1588 00d4 18B9     		cbnz	r0, .L111
 1589              	.LVL132:
 1590              	.L90:
 607:Middlewares/Third_Party/FreeRTOS/Source/stream_buffer.c **** /*-----------------------------------------------------------*/
 1591              		.loc 1 607 1 view .LVU478
 1592 00d6 2846     		mov	r0, r5
 1593 00d8 06B0     		add	sp, sp, #24
 1594              	.LCFI23:
 1595              		.cfi_remember_state
 1596              		.cfi_def_cfa_offset 24
 1597              		@ sp needed
 1598 00da BDE8F081 		pop	{r4, r5, r6, r7, r8, pc}
ARM GAS  D:\TMP\ccko02Uc.s 			page 61


 1599              	.LVL133:
 1600              	.L111:
 1601              	.LCFI24:
 1602              		.cfi_restore_state
 588:Middlewares/Third_Party/FreeRTOS/Source/stream_buffer.c **** 
 1603              		.loc 1 588 52 is_stmt 1 view .LVU479
 591:Middlewares/Third_Party/FreeRTOS/Source/stream_buffer.c **** 		{
 1604              		.loc 1 591 3 view .LVU480
 591:Middlewares/Third_Party/FreeRTOS/Source/stream_buffer.c **** 		{
 1605              		.loc 1 591 7 is_stmt 0 view .LVU481
 1606 00de 2046     		mov	r0, r4
 1607              	.LVL134:
 591:Middlewares/Third_Party/FreeRTOS/Source/stream_buffer.c **** 		{
 1608              		.loc 1 591 7 view .LVU482
 1609 00e0 FFF7FEFF 		bl	prvBytesInBuffer
 1610              	.LVL135:
 591:Middlewares/Third_Party/FreeRTOS/Source/stream_buffer.c **** 		{
 1611              		.loc 1 591 59 discriminator 1 view .LVU483
 1612 00e4 E368     		ldr	r3, [r4, #12]
 591:Middlewares/Third_Party/FreeRTOS/Source/stream_buffer.c **** 		{
 1613              		.loc 1 591 5 discriminator 1 view .LVU484
 1614 00e6 9842     		cmp	r0, r3
 1615 00e8 F5D3     		bcc	.L90
 593:Middlewares/Third_Party/FreeRTOS/Source/stream_buffer.c **** 		}
 1616              		.loc 1 593 4 is_stmt 1 view .LVU485
 1617 00ea FFF7FEFF 		bl	vTaskSuspendAll
 1618              	.LVL136:
 593:Middlewares/Third_Party/FreeRTOS/Source/stream_buffer.c **** 		}
 1619              		.loc 1 593 4 discriminator 1 view .LVU486
 1620 00ee 2369     		ldr	r3, [r4, #16]
 1621 00f0 3BB1     		cbz	r3, .L105
 593:Middlewares/Third_Party/FreeRTOS/Source/stream_buffer.c **** 		}
 1622              		.loc 1 593 4 discriminator 1 view .LVU487
 1623 00f2 2069     		ldr	r0, [r4, #16]
 1624 00f4 0023     		movs	r3, #0
 1625 00f6 1A46     		mov	r2, r3
 1626 00f8 1946     		mov	r1, r3
 1627 00fa FFF7FEFF 		bl	xTaskGenericNotify
 1628              	.LVL137:
 593:Middlewares/Third_Party/FreeRTOS/Source/stream_buffer.c **** 		}
 1629              		.loc 1 593 4 discriminator 1 view .LVU488
 1630 00fe 0023     		movs	r3, #0
 1631 0100 2361     		str	r3, [r4, #16]
 1632              	.L105:
 593:Middlewares/Third_Party/FreeRTOS/Source/stream_buffer.c **** 		}
 1633              		.loc 1 593 4 discriminator 3 view .LVU489
 1634 0102 FFF7FEFF 		bl	xTaskResumeAll
 1635              	.LVL138:
 593:Middlewares/Third_Party/FreeRTOS/Source/stream_buffer.c **** 		}
 1636              		.loc 1 593 38 discriminator 1 view .LVU490
 602:Middlewares/Third_Party/FreeRTOS/Source/stream_buffer.c **** 		traceSTREAM_BUFFER_SEND_FAILED( xStreamBuffer );
 1637              		.loc 1 602 27 view .LVU491
 603:Middlewares/Third_Party/FreeRTOS/Source/stream_buffer.c **** 	}
 1638              		.loc 1 603 50 view .LVU492
 606:Middlewares/Third_Party/FreeRTOS/Source/stream_buffer.c **** }
 1639              		.loc 1 606 2 view .LVU493
 606:Middlewares/Third_Party/FreeRTOS/Source/stream_buffer.c **** }
ARM GAS  D:\TMP\ccko02Uc.s 			page 62


 1640              		.loc 1 606 9 is_stmt 0 view .LVU494
 1641 0106 E6E7     		b	.L90
 1642              		.cfi_endproc
 1643              	.LFE11:
 1645              		.section	.text.xStreamBufferSendFromISR,"ax",%progbits
 1646              		.align	1
 1647              		.global	xStreamBufferSendFromISR
 1648              		.syntax unified
 1649              		.thumb
 1650              		.thumb_func
 1652              	xStreamBufferSendFromISR:
 1653              	.LVL139:
 1654              	.LFB12:
 614:Middlewares/Third_Party/FreeRTOS/Source/stream_buffer.c **** StreamBuffer_t * const pxStreamBuffer = xStreamBuffer;
 1655              		.loc 1 614 1 is_stmt 1 view -0
 1656              		.cfi_startproc
 1657              		@ args = 0, pretend = 0, frame = 0
 1658              		@ frame_needed = 0, uses_anonymous_args = 0
 615:Middlewares/Third_Party/FreeRTOS/Source/stream_buffer.c **** size_t xReturn, xSpace;
 1659              		.loc 1 615 1 view .LVU496
 616:Middlewares/Third_Party/FreeRTOS/Source/stream_buffer.c **** size_t xRequiredSpace = xDataLengthBytes;
 1660              		.loc 1 616 1 view .LVU497
 617:Middlewares/Third_Party/FreeRTOS/Source/stream_buffer.c **** 
 1661              		.loc 1 617 1 view .LVU498
 619:Middlewares/Third_Party/FreeRTOS/Source/stream_buffer.c **** 	configASSERT( pxStreamBuffer );
 1662              		.loc 1 619 2 view .LVU499
 1663 0000 F1B1     		cbz	r1, .L123
 614:Middlewares/Third_Party/FreeRTOS/Source/stream_buffer.c **** StreamBuffer_t * const pxStreamBuffer = xStreamBuffer;
 1664              		.loc 1 614 1 is_stmt 0 view .LVU500
 1665 0002 2DE9F041 		push	{r4, r5, r6, r7, r8, lr}
 1666              	.LCFI25:
 1667              		.cfi_def_cfa_offset 24
 1668              		.cfi_offset 4, -24
 1669              		.cfi_offset 5, -20
 1670              		.cfi_offset 6, -16
 1671              		.cfi_offset 7, -12
 1672              		.cfi_offset 8, -8
 1673              		.cfi_offset 14, -4
 1674 0006 82B0     		sub	sp, sp, #8
 1675              	.LCFI26:
 1676              		.cfi_def_cfa_offset 32
 1677 0008 0446     		mov	r4, r0
 1678 000a 1546     		mov	r5, r2
 1679 000c 1E46     		mov	r6, r3
 1680 000e 0F46     		mov	r7, r1
 619:Middlewares/Third_Party/FreeRTOS/Source/stream_buffer.c **** 	configASSERT( pxStreamBuffer );
 1681              		.loc 1 619 26 is_stmt 1 discriminator 2 view .LVU501
 620:Middlewares/Third_Party/FreeRTOS/Source/stream_buffer.c **** 
 1682              		.loc 1 620 2 view .LVU502
 1683 0010 F8B1     		cbz	r0, .L124
 620:Middlewares/Third_Party/FreeRTOS/Source/stream_buffer.c **** 
 1684              		.loc 1 620 32 discriminator 2 view .LVU503
 626:Middlewares/Third_Party/FreeRTOS/Source/stream_buffer.c **** 	{
 1685              		.loc 1 626 2 view .LVU504
 626:Middlewares/Third_Party/FreeRTOS/Source/stream_buffer.c **** 	{
 1686              		.loc 1 626 22 is_stmt 0 view .LVU505
 1687 0012 037F     		ldrb	r3, [r0, #28]	@ zero_extendqisi2
ARM GAS  D:\TMP\ccko02Uc.s 			page 63


 1688              	.LVL140:
 626:Middlewares/Third_Party/FreeRTOS/Source/stream_buffer.c **** 	{
 1689              		.loc 1 626 4 view .LVU506
 1690 0014 13F0010F 		tst	r3, #1
 1691 0018 24D0     		beq	.L120
 628:Middlewares/Third_Party/FreeRTOS/Source/stream_buffer.c **** 	}
 1692              		.loc 1 628 3 is_stmt 1 view .LVU507
 628:Middlewares/Third_Party/FreeRTOS/Source/stream_buffer.c **** 	}
 1693              		.loc 1 628 18 is_stmt 0 view .LVU508
 1694 001a 02F10408 		add	r8, r2, #4
 1695              	.LVL141:
 1696              	.L117:
 632:Middlewares/Third_Party/FreeRTOS/Source/stream_buffer.c **** 	}
 1697              		.loc 1 632 27 is_stmt 1 view .LVU509
 635:Middlewares/Third_Party/FreeRTOS/Source/stream_buffer.c **** 	xReturn = prvWriteMessageToBuffer( pxStreamBuffer, pvTxData, xDataLengthBytes, xSpace, xRequiredSp
 1698              		.loc 1 635 2 view .LVU510
 635:Middlewares/Third_Party/FreeRTOS/Source/stream_buffer.c **** 	xReturn = prvWriteMessageToBuffer( pxStreamBuffer, pvTxData, xDataLengthBytes, xSpace, xRequiredSp
 1699              		.loc 1 635 11 is_stmt 0 view .LVU511
 1700 001e 2046     		mov	r0, r4
 1701              	.LVL142:
 635:Middlewares/Third_Party/FreeRTOS/Source/stream_buffer.c **** 	xReturn = prvWriteMessageToBuffer( pxStreamBuffer, pvTxData, xDataLengthBytes, xSpace, xRequiredSp
 1702              		.loc 1 635 11 view .LVU512
 1703 0020 FFF7FEFF 		bl	xStreamBufferSpacesAvailable
 1704              	.LVL143:
 635:Middlewares/Third_Party/FreeRTOS/Source/stream_buffer.c **** 	xReturn = prvWriteMessageToBuffer( pxStreamBuffer, pvTxData, xDataLengthBytes, xSpace, xRequiredSp
 1705              		.loc 1 635 11 view .LVU513
 1706 0024 0346     		mov	r3, r0
 1707              	.LVL144:
 636:Middlewares/Third_Party/FreeRTOS/Source/stream_buffer.c **** 
 1708              		.loc 1 636 2 is_stmt 1 view .LVU514
 636:Middlewares/Third_Party/FreeRTOS/Source/stream_buffer.c **** 
 1709              		.loc 1 636 12 is_stmt 0 view .LVU515
 1710 0026 CDF80080 		str	r8, [sp]
 1711 002a 2A46     		mov	r2, r5
 1712 002c 3946     		mov	r1, r7
 1713 002e 2046     		mov	r0, r4
 1714              	.LVL145:
 636:Middlewares/Third_Party/FreeRTOS/Source/stream_buffer.c **** 
 1715              		.loc 1 636 12 view .LVU516
 1716 0030 FFF7FEFF 		bl	prvWriteMessageToBuffer
 1717              	.LVL146:
 638:Middlewares/Third_Party/FreeRTOS/Source/stream_buffer.c **** 	{
 1718              		.loc 1 638 2 is_stmt 1 view .LVU517
 638:Middlewares/Third_Party/FreeRTOS/Source/stream_buffer.c **** 	{
 1719              		.loc 1 638 4 is_stmt 0 view .LVU518
 1720 0034 0546     		mov	r5, r0
 1721              	.LVL147:
 638:Middlewares/Third_Party/FreeRTOS/Source/stream_buffer.c **** 	{
 1722              		.loc 1 638 4 view .LVU519
 1723 0036 B8B9     		cbnz	r0, .L125
 1724              	.LVL148:
 1725              	.L112:
 658:Middlewares/Third_Party/FreeRTOS/Source/stream_buffer.c **** /*-----------------------------------------------------------*/
 1726              		.loc 1 658 1 view .LVU520
 1727 0038 2846     		mov	r0, r5
 1728 003a 02B0     		add	sp, sp, #8
 1729              	.LCFI27:
ARM GAS  D:\TMP\ccko02Uc.s 			page 64


 1730              		.cfi_def_cfa_offset 24
 1731              		@ sp needed
 1732 003c BDE8F081 		pop	{r4, r5, r6, r7, r8, pc}
 1733              	.LVL149:
 1734              	.L123:
 1735              	.LCFI28:
 1736              		.cfi_def_cfa_offset 0
 1737              		.cfi_restore 4
 1738              		.cfi_restore 5
 1739              		.cfi_restore 6
 1740              		.cfi_restore 7
 1741              		.cfi_restore 8
 1742              		.cfi_restore 14
 619:Middlewares/Third_Party/FreeRTOS/Source/stream_buffer.c **** 	configASSERT( pxStreamBuffer );
 1743              		.loc 1 619 2 is_stmt 1 discriminator 1 view .LVU521
 1744              	.LBB122:
 1745              	.LBI122:
 193:Middlewares/Third_Party/FreeRTOS/Source/portable/GCC/ARM_CM3/portmacro.h **** {
 1746              		.loc 2 193 30 view .LVU522
 1747              	.LBB123:
 195:Middlewares/Third_Party/FreeRTOS/Source/portable/GCC/ARM_CM3/portmacro.h **** 
 1748              		.loc 2 195 1 view .LVU523
 1749              		.loc 2 197 2 view .LVU524
 1750              		.syntax unified
 1751              	@ 197 "Middlewares/Third_Party/FreeRTOS/Source/portable/GCC/ARM_CM3/portmacro.h" 1
 1752 0040 4FF02003 			mov r3, #32												
 1753 0044 83F31188 		msr basepri, r3											
 1754 0048 BFF36F8F 		isb														
 1755 004c BFF34F8F 		dsb														
 1756              	
 1757              	@ 0 "" 2
 1758              	.LVL150:
 1759              		.thumb
 1760              		.syntax unified
 1761              	.L114:
 1762              		.loc 2 197 2 is_stmt 0 view .LVU525
 1763              	.LBE123:
 1764              	.LBE122:
 619:Middlewares/Third_Party/FreeRTOS/Source/stream_buffer.c **** 	configASSERT( pxStreamBuffer );
 1765              		.loc 1 619 2 is_stmt 1 discriminator 3 view .LVU526
 619:Middlewares/Third_Party/FreeRTOS/Source/stream_buffer.c **** 	configASSERT( pxStreamBuffer );
 1766              		.loc 1 619 2 discriminator 3 view .LVU527
 619:Middlewares/Third_Party/FreeRTOS/Source/stream_buffer.c **** 	configASSERT( pxStreamBuffer );
 1767              		.loc 1 619 2 discriminator 3 view .LVU528
 1768 0050 FEE7     		b	.L114
 1769              	.LVL151:
 1770              	.L124:
 1771              	.LCFI29:
 1772              		.cfi_def_cfa_offset 32
 1773              		.cfi_offset 4, -24
 1774              		.cfi_offset 5, -20
 1775              		.cfi_offset 6, -16
 1776              		.cfi_offset 7, -12
 1777              		.cfi_offset 8, -8
 1778              		.cfi_offset 14, -4
 620:Middlewares/Third_Party/FreeRTOS/Source/stream_buffer.c **** 
 1779              		.loc 1 620 2 discriminator 1 view .LVU529
ARM GAS  D:\TMP\ccko02Uc.s 			page 65


 1780              	.LBB124:
 1781              	.LBI124:
 193:Middlewares/Third_Party/FreeRTOS/Source/portable/GCC/ARM_CM3/portmacro.h **** {
 1782              		.loc 2 193 30 view .LVU530
 1783              	.LBB125:
 195:Middlewares/Third_Party/FreeRTOS/Source/portable/GCC/ARM_CM3/portmacro.h **** 
 1784              		.loc 2 195 1 view .LVU531
 1785              		.loc 2 197 2 view .LVU532
 1786              		.syntax unified
 1787              	@ 197 "Middlewares/Third_Party/FreeRTOS/Source/portable/GCC/ARM_CM3/portmacro.h" 1
 1788 0052 4FF02003 			mov r3, #32												
 1789 0056 83F31188 		msr basepri, r3											
 1790 005a BFF36F8F 		isb														
 1791 005e BFF34F8F 		dsb														
 1792              	
 1793              	@ 0 "" 2
 1794              	.LVL152:
 1795              		.thumb
 1796              		.syntax unified
 1797              	.L116:
 1798              		.loc 2 197 2 is_stmt 0 view .LVU533
 1799              	.LBE125:
 1800              	.LBE124:
 620:Middlewares/Third_Party/FreeRTOS/Source/stream_buffer.c **** 
 1801              		.loc 1 620 2 is_stmt 1 discriminator 3 view .LVU534
 620:Middlewares/Third_Party/FreeRTOS/Source/stream_buffer.c **** 
 1802              		.loc 1 620 2 discriminator 3 view .LVU535
 620:Middlewares/Third_Party/FreeRTOS/Source/stream_buffer.c **** 
 1803              		.loc 1 620 2 discriminator 3 view .LVU536
 1804 0062 FEE7     		b	.L116
 1805              	.L120:
 617:Middlewares/Third_Party/FreeRTOS/Source/stream_buffer.c **** 
 1806              		.loc 1 617 8 is_stmt 0 view .LVU537
 1807 0064 9046     		mov	r8, r2
 1808 0066 DAE7     		b	.L117
 1809              	.LVL153:
 1810              	.L125:
 641:Middlewares/Third_Party/FreeRTOS/Source/stream_buffer.c **** 		{
 1811              		.loc 1 641 3 is_stmt 1 view .LVU538
 641:Middlewares/Third_Party/FreeRTOS/Source/stream_buffer.c **** 		{
 1812              		.loc 1 641 7 is_stmt 0 view .LVU539
 1813 0068 2046     		mov	r0, r4
 1814              	.LVL154:
 641:Middlewares/Third_Party/FreeRTOS/Source/stream_buffer.c **** 		{
 1815              		.loc 1 641 7 view .LVU540
 1816 006a FFF7FEFF 		bl	prvBytesInBuffer
 1817              	.LVL155:
 641:Middlewares/Third_Party/FreeRTOS/Source/stream_buffer.c **** 		{
 1818              		.loc 1 641 59 discriminator 1 view .LVU541
 1819 006e E368     		ldr	r3, [r4, #12]
 641:Middlewares/Third_Party/FreeRTOS/Source/stream_buffer.c **** 		{
 1820              		.loc 1 641 5 discriminator 1 view .LVU542
 1821 0070 9842     		cmp	r0, r3
 1822 0072 E1D3     		bcc	.L112
 1823              	.LBB126:
 643:Middlewares/Third_Party/FreeRTOS/Source/stream_buffer.c **** 		}
 1824              		.loc 1 643 4 is_stmt 1 view .LVU543
ARM GAS  D:\TMP\ccko02Uc.s 			page 66


 643:Middlewares/Third_Party/FreeRTOS/Source/stream_buffer.c **** 		}
 1825              		.loc 1 643 4 view .LVU544
 1826              	.LBB127:
 1827              	.LBI127:
 198:Middlewares/Third_Party/FreeRTOS/Source/portable/GCC/ARM_CM3/portmacro.h **** 	(
 199:Middlewares/Third_Party/FreeRTOS/Source/portable/GCC/ARM_CM3/portmacro.h **** 		"	mov %0, %1												\n" \
 200:Middlewares/Third_Party/FreeRTOS/Source/portable/GCC/ARM_CM3/portmacro.h **** 		"	msr basepri, %0											\n" \
 201:Middlewares/Third_Party/FreeRTOS/Source/portable/GCC/ARM_CM3/portmacro.h **** 		"	isb														\n" \
 202:Middlewares/Third_Party/FreeRTOS/Source/portable/GCC/ARM_CM3/portmacro.h **** 		"	dsb														\n" \
 203:Middlewares/Third_Party/FreeRTOS/Source/portable/GCC/ARM_CM3/portmacro.h **** 		:"=r" (ulNewBASEPRI) : "i" ( configMAX_SYSCALL_INTERRUPT_PRIORITY ) : "memory"
 204:Middlewares/Third_Party/FreeRTOS/Source/portable/GCC/ARM_CM3/portmacro.h **** 	);
 205:Middlewares/Third_Party/FreeRTOS/Source/portable/GCC/ARM_CM3/portmacro.h **** }
 206:Middlewares/Third_Party/FreeRTOS/Source/portable/GCC/ARM_CM3/portmacro.h **** 
 207:Middlewares/Third_Party/FreeRTOS/Source/portable/GCC/ARM_CM3/portmacro.h **** /*-----------------------------------------------------------*/
 208:Middlewares/Third_Party/FreeRTOS/Source/portable/GCC/ARM_CM3/portmacro.h **** 
 209:Middlewares/Third_Party/FreeRTOS/Source/portable/GCC/ARM_CM3/portmacro.h **** portFORCE_INLINE static uint32_t ulPortRaiseBASEPRI( void )
 1828              		.loc 2 209 34 view .LVU545
 1829              	.LBB128:
 210:Middlewares/Third_Party/FreeRTOS/Source/portable/GCC/ARM_CM3/portmacro.h **** {
 211:Middlewares/Third_Party/FreeRTOS/Source/portable/GCC/ARM_CM3/portmacro.h **** uint32_t ulOriginalBASEPRI, ulNewBASEPRI;
 1830              		.loc 2 211 1 view .LVU546
 212:Middlewares/Third_Party/FreeRTOS/Source/portable/GCC/ARM_CM3/portmacro.h **** 
 213:Middlewares/Third_Party/FreeRTOS/Source/portable/GCC/ARM_CM3/portmacro.h **** 	__asm volatile
 1831              		.loc 2 213 2 view .LVU547
 1832              		.syntax unified
 1833              	@ 213 "Middlewares/Third_Party/FreeRTOS/Source/portable/GCC/ARM_CM3/portmacro.h" 1
 1834 0074 EFF31187 			mrs r7, basepri											
 1835 0078 4FF02003 		mov r3, #32												
 1836 007c 83F31188 		msr basepri, r3											
 1837 0080 BFF36F8F 		isb														
 1838 0084 BFF34F8F 		dsb														
 1839              	
 1840              	@ 0 "" 2
 1841              	.LVL156:
 214:Middlewares/Third_Party/FreeRTOS/Source/portable/GCC/ARM_CM3/portmacro.h **** 	(
 215:Middlewares/Third_Party/FreeRTOS/Source/portable/GCC/ARM_CM3/portmacro.h **** 		"	mrs %0, basepri											\n" \
 216:Middlewares/Third_Party/FreeRTOS/Source/portable/GCC/ARM_CM3/portmacro.h **** 		"	mov %1, %2												\n" \
 217:Middlewares/Third_Party/FreeRTOS/Source/portable/GCC/ARM_CM3/portmacro.h **** 		"	msr basepri, %1											\n" \
 218:Middlewares/Third_Party/FreeRTOS/Source/portable/GCC/ARM_CM3/portmacro.h **** 		"	isb														\n" \
 219:Middlewares/Third_Party/FreeRTOS/Source/portable/GCC/ARM_CM3/portmacro.h **** 		"	dsb														\n" \
 220:Middlewares/Third_Party/FreeRTOS/Source/portable/GCC/ARM_CM3/portmacro.h **** 		:"=r" (ulOriginalBASEPRI), "=r" (ulNewBASEPRI) : "i" ( configMAX_SYSCALL_INTERRUPT_PRIORITY ) : "
 221:Middlewares/Third_Party/FreeRTOS/Source/portable/GCC/ARM_CM3/portmacro.h **** 	);
 222:Middlewares/Third_Party/FreeRTOS/Source/portable/GCC/ARM_CM3/portmacro.h **** 
 223:Middlewares/Third_Party/FreeRTOS/Source/portable/GCC/ARM_CM3/portmacro.h **** 	/* This return will not be reached but is necessary to prevent compiler
 224:Middlewares/Third_Party/FreeRTOS/Source/portable/GCC/ARM_CM3/portmacro.h **** 	warnings. */
 225:Middlewares/Third_Party/FreeRTOS/Source/portable/GCC/ARM_CM3/portmacro.h **** 	return ulOriginalBASEPRI;
 1842              		.loc 2 225 2 view .LVU548
 1843              		.loc 2 225 2 is_stmt 0 view .LVU549
 1844              		.thumb
 1845              		.syntax unified
 1846              	.LBE128:
 1847              	.LBE127:
 643:Middlewares/Third_Party/FreeRTOS/Source/stream_buffer.c **** 		}
 1848              		.loc 1 643 4 is_stmt 1 discriminator 1 view .LVU550
 1849 0088 2369     		ldr	r3, [r4, #16]
 1850 008a 43B1     		cbz	r3, .L119
 643:Middlewares/Third_Party/FreeRTOS/Source/stream_buffer.c **** 		}
ARM GAS  D:\TMP\ccko02Uc.s 			page 67


 1851              		.loc 1 643 4 discriminator 1 view .LVU551
 1852 008c 2069     		ldr	r0, [r4, #16]
 1853 008e 0096     		str	r6, [sp]
 1854 0090 0023     		movs	r3, #0
 1855 0092 1A46     		mov	r2, r3
 1856 0094 1946     		mov	r1, r3
 1857 0096 FFF7FEFF 		bl	xTaskGenericNotifyFromISR
 1858              	.LVL157:
 643:Middlewares/Third_Party/FreeRTOS/Source/stream_buffer.c **** 		}
 1859              		.loc 1 643 4 discriminator 1 view .LVU552
 1860 009a 0023     		movs	r3, #0
 1861 009c 2361     		str	r3, [r4, #16]
 1862              	.L119:
 643:Middlewares/Third_Party/FreeRTOS/Source/stream_buffer.c **** 		}
 1863              		.loc 1 643 4 discriminator 3 view .LVU553
 1864              	.LBB129:
 1865              	.LBI129:
 226:Middlewares/Third_Party/FreeRTOS/Source/portable/GCC/ARM_CM3/portmacro.h **** }
 227:Middlewares/Third_Party/FreeRTOS/Source/portable/GCC/ARM_CM3/portmacro.h **** /*-----------------------------------------------------------*/
 228:Middlewares/Third_Party/FreeRTOS/Source/portable/GCC/ARM_CM3/portmacro.h **** 
 229:Middlewares/Third_Party/FreeRTOS/Source/portable/GCC/ARM_CM3/portmacro.h **** portFORCE_INLINE static void vPortSetBASEPRI( uint32_t ulNewMaskValue )
 1866              		.loc 2 229 30 view .LVU554
 1867              	.LBB130:
 230:Middlewares/Third_Party/FreeRTOS/Source/portable/GCC/ARM_CM3/portmacro.h **** {
 231:Middlewares/Third_Party/FreeRTOS/Source/portable/GCC/ARM_CM3/portmacro.h **** 	__asm volatile
 1868              		.loc 2 231 2 view .LVU555
 1869              		.syntax unified
 1870              	@ 231 "Middlewares/Third_Party/FreeRTOS/Source/portable/GCC/ARM_CM3/portmacro.h" 1
 1871 009e 87F31188 			msr basepri, r7	
 1872              	@ 0 "" 2
 1873              		.thumb
 1874              		.syntax unified
 1875              	.LBE130:
 1876              	.LBE129:
 1877              	.LBE126:
 643:Middlewares/Third_Party/FreeRTOS/Source/stream_buffer.c **** 		}
 1878              		.loc 1 643 73 discriminator 1 view .LVU556
 652:Middlewares/Third_Party/FreeRTOS/Source/stream_buffer.c **** 	}
 1879              		.loc 1 652 27 view .LVU557
 655:Middlewares/Third_Party/FreeRTOS/Source/stream_buffer.c **** 
 1880              		.loc 1 655 60 view .LVU558
 657:Middlewares/Third_Party/FreeRTOS/Source/stream_buffer.c **** }
 1881              		.loc 1 657 2 view .LVU559
 657:Middlewares/Third_Party/FreeRTOS/Source/stream_buffer.c **** }
 1882              		.loc 1 657 9 is_stmt 0 view .LVU560
 1883 00a2 C9E7     		b	.L112
 1884              		.cfi_endproc
 1885              	.LFE12:
 1887              		.section	.text.xStreamBufferReceive,"ax",%progbits
 1888              		.align	1
 1889              		.global	xStreamBufferReceive
 1890              		.syntax unified
 1891              		.thumb
 1892              		.thumb_func
 1894              	xStreamBufferReceive:
 1895              	.LVL158:
 1896              	.LFB14:
ARM GAS  D:\TMP\ccko02Uc.s 			page 68


 717:Middlewares/Third_Party/FreeRTOS/Source/stream_buffer.c **** StreamBuffer_t * const pxStreamBuffer = xStreamBuffer;
 1897              		.loc 1 717 1 is_stmt 1 view -0
 1898              		.cfi_startproc
 1899              		@ args = 0, pretend = 0, frame = 0
 1900              		@ frame_needed = 0, uses_anonymous_args = 0
 718:Middlewares/Third_Party/FreeRTOS/Source/stream_buffer.c **** size_t xReceivedLength = 0, xBytesAvailable, xBytesToStoreMessageLength;
 1901              		.loc 1 718 1 view .LVU562
 719:Middlewares/Third_Party/FreeRTOS/Source/stream_buffer.c **** 
 1902              		.loc 1 719 1 view .LVU563
 721:Middlewares/Third_Party/FreeRTOS/Source/stream_buffer.c **** 	configASSERT( pxStreamBuffer );
 1903              		.loc 1 721 2 view .LVU564
 1904 0000 29B3     		cbz	r1, .L143
 717:Middlewares/Third_Party/FreeRTOS/Source/stream_buffer.c **** StreamBuffer_t * const pxStreamBuffer = xStreamBuffer;
 1905              		.loc 1 717 1 is_stmt 0 view .LVU565
 1906 0002 2DE9F043 		push	{r4, r5, r6, r7, r8, r9, lr}
 1907              	.LCFI30:
 1908              		.cfi_def_cfa_offset 28
 1909              		.cfi_offset 4, -28
 1910              		.cfi_offset 5, -24
 1911              		.cfi_offset 6, -20
 1912              		.cfi_offset 7, -16
 1913              		.cfi_offset 8, -12
 1914              		.cfi_offset 9, -8
 1915              		.cfi_offset 14, -4
 1916 0006 83B0     		sub	sp, sp, #12
 1917              	.LCFI31:
 1918              		.cfi_def_cfa_offset 40
 1919 0008 0446     		mov	r4, r0
 1920 000a 1746     		mov	r7, r2
 1921 000c 1E46     		mov	r6, r3
 1922 000e 8846     		mov	r8, r1
 721:Middlewares/Third_Party/FreeRTOS/Source/stream_buffer.c **** 	configASSERT( pxStreamBuffer );
 1923              		.loc 1 721 26 is_stmt 1 discriminator 2 view .LVU566
 722:Middlewares/Third_Party/FreeRTOS/Source/stream_buffer.c **** 
 1924              		.loc 1 722 2 view .LVU567
 1925 0010 30B3     		cbz	r0, .L144
 722:Middlewares/Third_Party/FreeRTOS/Source/stream_buffer.c **** 
 1926              		.loc 1 722 32 discriminator 2 view .LVU568
 729:Middlewares/Third_Party/FreeRTOS/Source/stream_buffer.c **** 	{
 1927              		.loc 1 729 2 view .LVU569
 729:Middlewares/Third_Party/FreeRTOS/Source/stream_buffer.c **** 	{
 1928              		.loc 1 729 22 is_stmt 0 view .LVU570
 1929 0012 037F     		ldrb	r3, [r0, #28]	@ zero_extendqisi2
 1930              	.LVL159:
 729:Middlewares/Third_Party/FreeRTOS/Source/stream_buffer.c **** 	{
 1931              		.loc 1 729 4 view .LVU571
 1932 0014 13F0010F 		tst	r3, #1
 1933 0018 2BD0     		beq	.L139
 731:Middlewares/Third_Party/FreeRTOS/Source/stream_buffer.c **** 	}
 1934              		.loc 1 731 30 view .LVU572
 1935 001a 4FF00409 		mov	r9, #4
 1936              	.L131:
 1937              	.LVL160:
 738:Middlewares/Third_Party/FreeRTOS/Source/stream_buffer.c **** 	{
 1938              		.loc 1 738 2 is_stmt 1 view .LVU573
 738:Middlewares/Third_Party/FreeRTOS/Source/stream_buffer.c **** 	{
 1939              		.loc 1 738 4 is_stmt 0 view .LVU574
ARM GAS  D:\TMP\ccko02Uc.s 			page 69


 1940 001e 002E     		cmp	r6, #0
 1941 0020 3ED0     		beq	.L132
 742:Middlewares/Third_Party/FreeRTOS/Source/stream_buffer.c **** 		{
 1942              		.loc 1 742 3 is_stmt 1 view .LVU575
 1943 0022 FFF7FEFF 		bl	vPortEnterCritical
 1944              	.LVL161:
 744:Middlewares/Third_Party/FreeRTOS/Source/stream_buffer.c **** 
 1945              		.loc 1 744 4 view .LVU576
 744:Middlewares/Third_Party/FreeRTOS/Source/stream_buffer.c **** 
 1946              		.loc 1 744 22 is_stmt 0 view .LVU577
 1947 0026 2046     		mov	r0, r4
 1948 0028 FFF7FEFF 		bl	prvBytesInBuffer
 1949              	.LVL162:
 1950 002c 0546     		mov	r5, r0
 1951              	.LVL163:
 751:Middlewares/Third_Party/FreeRTOS/Source/stream_buffer.c **** 			{
 1952              		.loc 1 751 4 is_stmt 1 view .LVU578
 751:Middlewares/Third_Party/FreeRTOS/Source/stream_buffer.c **** 			{
 1953              		.loc 1 751 6 is_stmt 0 view .LVU579
 1954 002e 8145     		cmp	r9, r0
 1955 0030 25D3     		bcc	.L133
 754:Middlewares/Third_Party/FreeRTOS/Source/stream_buffer.c **** 
 1956              		.loc 1 754 5 is_stmt 1 view .LVU580
 754:Middlewares/Third_Party/FreeRTOS/Source/stream_buffer.c **** 
 1957              		.loc 1 754 14 is_stmt 0 view .LVU581
 1958 0032 0020     		movs	r0, #0
 1959              	.LVL164:
 754:Middlewares/Third_Party/FreeRTOS/Source/stream_buffer.c **** 
 1960              		.loc 1 754 14 view .LVU582
 1961 0034 FFF7FEFF 		bl	xTaskNotifyStateClear
 1962              	.LVL165:
 757:Middlewares/Third_Party/FreeRTOS/Source/stream_buffer.c **** 				pxStreamBuffer->xTaskWaitingToReceive = xTaskGetCurrentTaskHandle();
 1963              		.loc 1 757 5 is_stmt 1 view .LVU583
 1964 0038 2369     		ldr	r3, [r4, #16]
 1965 003a EBB1     		cbz	r3, .L134
 757:Middlewares/Third_Party/FreeRTOS/Source/stream_buffer.c **** 				pxStreamBuffer->xTaskWaitingToReceive = xTaskGetCurrentTaskHandle();
 1966              		.loc 1 757 5 discriminator 1 view .LVU584
 1967              	.LBB131:
 1968              	.LBI131:
 193:Middlewares/Third_Party/FreeRTOS/Source/portable/GCC/ARM_CM3/portmacro.h **** {
 1969              		.loc 2 193 30 view .LVU585
 1970              	.LBB132:
 195:Middlewares/Third_Party/FreeRTOS/Source/portable/GCC/ARM_CM3/portmacro.h **** 
 1971              		.loc 2 195 1 view .LVU586
 197:Middlewares/Third_Party/FreeRTOS/Source/portable/GCC/ARM_CM3/portmacro.h **** 	(
 1972              		.loc 2 197 2 view .LVU587
 1973              		.syntax unified
 1974              	@ 197 "Middlewares/Third_Party/FreeRTOS/Source/portable/GCC/ARM_CM3/portmacro.h" 1
 1975 003c 4FF02003 			mov r3, #32												
 1976 0040 83F31188 		msr basepri, r3											
 1977 0044 BFF36F8F 		isb														
 1978 0048 BFF34F8F 		dsb														
 1979              	
 1980              	@ 0 "" 2
 1981              		.thumb
 1982              		.syntax unified
 1983              	.L135:
ARM GAS  D:\TMP\ccko02Uc.s 			page 70


 1984              	.LBE132:
 1985              	.LBE131:
 757:Middlewares/Third_Party/FreeRTOS/Source/stream_buffer.c **** 				pxStreamBuffer->xTaskWaitingToReceive = xTaskGetCurrentTaskHandle();
 1986              		.loc 1 757 5 discriminator 3 view .LVU588
 757:Middlewares/Third_Party/FreeRTOS/Source/stream_buffer.c **** 				pxStreamBuffer->xTaskWaitingToReceive = xTaskGetCurrentTaskHandle();
 1987              		.loc 1 757 5 discriminator 3 view .LVU589
 757:Middlewares/Third_Party/FreeRTOS/Source/stream_buffer.c **** 				pxStreamBuffer->xTaskWaitingToReceive = xTaskGetCurrentTaskHandle();
 1988              		.loc 1 757 5 discriminator 3 view .LVU590
 1989 004c FEE7     		b	.L135
 1990              	.LVL166:
 1991              	.L143:
 1992              	.LCFI32:
 1993              		.cfi_def_cfa_offset 0
 1994              		.cfi_restore 4
 1995              		.cfi_restore 5
 1996              		.cfi_restore 6
 1997              		.cfi_restore 7
 1998              		.cfi_restore 8
 1999              		.cfi_restore 9
 2000              		.cfi_restore 14
 721:Middlewares/Third_Party/FreeRTOS/Source/stream_buffer.c **** 	configASSERT( pxStreamBuffer );
 2001              		.loc 1 721 2 discriminator 1 view .LVU591
 2002              	.LBB133:
 2003              	.LBI133:
 193:Middlewares/Third_Party/FreeRTOS/Source/portable/GCC/ARM_CM3/portmacro.h **** {
 2004              		.loc 2 193 30 view .LVU592
 2005              	.LBB134:
 195:Middlewares/Third_Party/FreeRTOS/Source/portable/GCC/ARM_CM3/portmacro.h **** 
 2006              		.loc 2 195 1 view .LVU593
 197:Middlewares/Third_Party/FreeRTOS/Source/portable/GCC/ARM_CM3/portmacro.h **** 	(
 2007              		.loc 2 197 2 view .LVU594
 2008              		.syntax unified
 2009              	@ 197 "Middlewares/Third_Party/FreeRTOS/Source/portable/GCC/ARM_CM3/portmacro.h" 1
 2010 004e 4FF02003 			mov r3, #32												
 2011 0052 83F31188 		msr basepri, r3											
 2012 0056 BFF36F8F 		isb														
 2013 005a BFF34F8F 		dsb														
 2014              	
 2015              	@ 0 "" 2
 2016              	.LVL167:
 2017              		.thumb
 2018              		.syntax unified
 2019              	.L128:
 197:Middlewares/Third_Party/FreeRTOS/Source/portable/GCC/ARM_CM3/portmacro.h **** 	(
 2020              		.loc 2 197 2 is_stmt 0 view .LVU595
 2021              	.LBE134:
 2022              	.LBE133:
 721:Middlewares/Third_Party/FreeRTOS/Source/stream_buffer.c **** 	configASSERT( pxStreamBuffer );
 2023              		.loc 1 721 2 is_stmt 1 discriminator 3 view .LVU596
 721:Middlewares/Third_Party/FreeRTOS/Source/stream_buffer.c **** 	configASSERT( pxStreamBuffer );
 2024              		.loc 1 721 2 discriminator 3 view .LVU597
 721:Middlewares/Third_Party/FreeRTOS/Source/stream_buffer.c **** 	configASSERT( pxStreamBuffer );
 2025              		.loc 1 721 2 discriminator 3 view .LVU598
 2026 005e FEE7     		b	.L128
 2027              	.LVL168:
 2028              	.L144:
 2029              	.LCFI33:
ARM GAS  D:\TMP\ccko02Uc.s 			page 71


 2030              		.cfi_def_cfa_offset 40
 2031              		.cfi_offset 4, -28
 2032              		.cfi_offset 5, -24
 2033              		.cfi_offset 6, -20
 2034              		.cfi_offset 7, -16
 2035              		.cfi_offset 8, -12
 2036              		.cfi_offset 9, -8
 2037              		.cfi_offset 14, -4
 722:Middlewares/Third_Party/FreeRTOS/Source/stream_buffer.c **** 
 2038              		.loc 1 722 2 discriminator 1 view .LVU599
 2039              	.LBB135:
 2040              	.LBI135:
 193:Middlewares/Third_Party/FreeRTOS/Source/portable/GCC/ARM_CM3/portmacro.h **** {
 2041              		.loc 2 193 30 view .LVU600
 2042              	.LBB136:
 195:Middlewares/Third_Party/FreeRTOS/Source/portable/GCC/ARM_CM3/portmacro.h **** 
 2043              		.loc 2 195 1 view .LVU601
 197:Middlewares/Third_Party/FreeRTOS/Source/portable/GCC/ARM_CM3/portmacro.h **** 	(
 2044              		.loc 2 197 2 view .LVU602
 2045              		.syntax unified
 2046              	@ 197 "Middlewares/Third_Party/FreeRTOS/Source/portable/GCC/ARM_CM3/portmacro.h" 1
 2047 0060 4FF02003 			mov r3, #32												
 2048 0064 83F31188 		msr basepri, r3											
 2049 0068 BFF36F8F 		isb														
 2050 006c BFF34F8F 		dsb														
 2051              	
 2052              	@ 0 "" 2
 2053              	.LVL169:
 2054              		.thumb
 2055              		.syntax unified
 2056              	.L130:
 197:Middlewares/Third_Party/FreeRTOS/Source/portable/GCC/ARM_CM3/portmacro.h **** 	(
 2057              		.loc 2 197 2 is_stmt 0 view .LVU603
 2058              	.LBE136:
 2059              	.LBE135:
 722:Middlewares/Third_Party/FreeRTOS/Source/stream_buffer.c **** 
 2060              		.loc 1 722 2 is_stmt 1 discriminator 3 view .LVU604
 722:Middlewares/Third_Party/FreeRTOS/Source/stream_buffer.c **** 
 2061              		.loc 1 722 2 discriminator 3 view .LVU605
 722:Middlewares/Third_Party/FreeRTOS/Source/stream_buffer.c **** 
 2062              		.loc 1 722 2 discriminator 3 view .LVU606
 2063 0070 FEE7     		b	.L130
 2064              	.L139:
 735:Middlewares/Third_Party/FreeRTOS/Source/stream_buffer.c **** 	}
 2065              		.loc 1 735 30 is_stmt 0 view .LVU607
 2066 0072 4FF00009 		mov	r9, #0
 2067 0076 D2E7     		b	.L131
 2068              	.LVL170:
 2069              	.L134:
 757:Middlewares/Third_Party/FreeRTOS/Source/stream_buffer.c **** 				pxStreamBuffer->xTaskWaitingToReceive = xTaskGetCurrentTaskHandle();
 2070              		.loc 1 757 66 is_stmt 1 discriminator 2 view .LVU608
 758:Middlewares/Third_Party/FreeRTOS/Source/stream_buffer.c **** 			}
 2071              		.loc 1 758 5 view .LVU609
 758:Middlewares/Third_Party/FreeRTOS/Source/stream_buffer.c **** 			}
 2072              		.loc 1 758 45 is_stmt 0 view .LVU610
 2073 0078 FFF7FEFF 		bl	xTaskGetCurrentTaskHandle
 2074              	.LVL171:
ARM GAS  D:\TMP\ccko02Uc.s 			page 72


 758:Middlewares/Third_Party/FreeRTOS/Source/stream_buffer.c **** 			}
 2075              		.loc 1 758 43 discriminator 1 view .LVU611
 2076 007c 2061     		str	r0, [r4, #16]
 2077              	.L133:
 762:Middlewares/Third_Party/FreeRTOS/Source/stream_buffer.c **** 			}
 2078              		.loc 1 762 29 is_stmt 1 view .LVU612
 765:Middlewares/Third_Party/FreeRTOS/Source/stream_buffer.c **** 
 2079              		.loc 1 765 3 view .LVU613
 2080 007e FFF7FEFF 		bl	vPortExitCritical
 2081              	.LVL172:
 767:Middlewares/Third_Party/FreeRTOS/Source/stream_buffer.c **** 		{
 2082              		.loc 1 767 3 view .LVU614
 767:Middlewares/Third_Party/FreeRTOS/Source/stream_buffer.c **** 		{
 2083              		.loc 1 767 5 is_stmt 0 view .LVU615
 2084 0082 A945     		cmp	r9, r5
 2085 0084 10D3     		bcc	.L136
 770:Middlewares/Third_Party/FreeRTOS/Source/stream_buffer.c **** 			( void ) xTaskNotifyWait( ( uint32_t ) 0, ( uint32_t ) 0, NULL, xTicksToWait );
 2086              		.loc 1 770 59 is_stmt 1 view .LVU616
 771:Middlewares/Third_Party/FreeRTOS/Source/stream_buffer.c **** 			pxStreamBuffer->xTaskWaitingToReceive = NULL;
 2087              		.loc 1 771 4 view .LVU617
 771:Middlewares/Third_Party/FreeRTOS/Source/stream_buffer.c **** 			pxStreamBuffer->xTaskWaitingToReceive = NULL;
 2088              		.loc 1 771 13 is_stmt 0 view .LVU618
 2089 0086 3346     		mov	r3, r6
 2090 0088 0022     		movs	r2, #0
 2091 008a 1146     		mov	r1, r2
 2092 008c 1046     		mov	r0, r2
 2093 008e FFF7FEFF 		bl	xTaskNotifyWait
 2094              	.LVL173:
 772:Middlewares/Third_Party/FreeRTOS/Source/stream_buffer.c **** 
 2095              		.loc 1 772 4 is_stmt 1 view .LVU619
 772:Middlewares/Third_Party/FreeRTOS/Source/stream_buffer.c **** 
 2096              		.loc 1 772 42 is_stmt 0 view .LVU620
 2097 0092 0023     		movs	r3, #0
 2098 0094 2361     		str	r3, [r4, #16]
 775:Middlewares/Third_Party/FreeRTOS/Source/stream_buffer.c **** 		}
 2099              		.loc 1 775 4 is_stmt 1 view .LVU621
 775:Middlewares/Third_Party/FreeRTOS/Source/stream_buffer.c **** 		}
 2100              		.loc 1 775 22 is_stmt 0 view .LVU622
 2101 0096 2046     		mov	r0, r4
 2102 0098 FFF7FEFF 		bl	prvBytesInBuffer
 2103              	.LVL174:
 2104 009c 0546     		mov	r5, r0
 2105              	.LVL175:
 775:Middlewares/Third_Party/FreeRTOS/Source/stream_buffer.c **** 		}
 2106              		.loc 1 775 22 view .LVU623
 2107 009e 03E0     		b	.L136
 2108              	.LVL176:
 2109              	.L132:
 784:Middlewares/Third_Party/FreeRTOS/Source/stream_buffer.c **** 	}
 2110              		.loc 1 784 3 is_stmt 1 view .LVU624
 784:Middlewares/Third_Party/FreeRTOS/Source/stream_buffer.c **** 	}
 2111              		.loc 1 784 21 is_stmt 0 view .LVU625
 2112 00a0 2046     		mov	r0, r4
 2113              	.LVL177:
 784:Middlewares/Third_Party/FreeRTOS/Source/stream_buffer.c **** 	}
 2114              		.loc 1 784 21 view .LVU626
 2115 00a2 FFF7FEFF 		bl	prvBytesInBuffer
ARM GAS  D:\TMP\ccko02Uc.s 			page 73


 2116              	.LVL178:
 784:Middlewares/Third_Party/FreeRTOS/Source/stream_buffer.c **** 	}
 2117              		.loc 1 784 21 view .LVU627
 2118 00a6 0546     		mov	r5, r0
 2119              	.LVL179:
 2120              	.L136:
 792:Middlewares/Third_Party/FreeRTOS/Source/stream_buffer.c **** 	{
 2121              		.loc 1 792 2 is_stmt 1 view .LVU628
 792:Middlewares/Third_Party/FreeRTOS/Source/stream_buffer.c **** 	{
 2122              		.loc 1 792 4 is_stmt 0 view .LVU629
 2123 00a8 4D45     		cmp	r5, r9
 2124 00aa 04D8     		bhi	.L145
 719:Middlewares/Third_Party/FreeRTOS/Source/stream_buffer.c **** 
 2125              		.loc 1 719 8 view .LVU630
 2126 00ac 0025     		movs	r5, #0
 2127              	.LVL180:
 809:Middlewares/Third_Party/FreeRTOS/Source/stream_buffer.c **** 		mtCOVERAGE_TEST_MARKER();
 2128              		.loc 1 809 53 is_stmt 1 view .LVU631
 810:Middlewares/Third_Party/FreeRTOS/Source/stream_buffer.c **** 	}
 2129              		.loc 1 810 27 view .LVU632
 813:Middlewares/Third_Party/FreeRTOS/Source/stream_buffer.c **** }
 2130              		.loc 1 813 2 view .LVU633
 2131              	.L126:
 814:Middlewares/Third_Party/FreeRTOS/Source/stream_buffer.c **** /*-----------------------------------------------------------*/
 2132              		.loc 1 814 1 is_stmt 0 view .LVU634
 2133 00ae 2846     		mov	r0, r5
 2134 00b0 03B0     		add	sp, sp, #12
 2135              	.LCFI34:
 2136              		.cfi_remember_state
 2137              		.cfi_def_cfa_offset 28
 2138              		@ sp needed
 2139 00b2 BDE8F083 		pop	{r4, r5, r6, r7, r8, r9, pc}
 2140              	.LVL181:
 2141              	.L145:
 2142              	.LCFI35:
 2143              		.cfi_restore_state
 794:Middlewares/Third_Party/FreeRTOS/Source/stream_buffer.c **** 
 2144              		.loc 1 794 3 is_stmt 1 view .LVU635
 794:Middlewares/Third_Party/FreeRTOS/Source/stream_buffer.c **** 
 2145              		.loc 1 794 21 is_stmt 0 view .LVU636
 2146 00b6 CDF80090 		str	r9, [sp]
 2147 00ba 2B46     		mov	r3, r5
 2148 00bc 3A46     		mov	r2, r7
 2149 00be 4146     		mov	r1, r8
 2150 00c0 2046     		mov	r0, r4
 2151 00c2 FFF7FEFF 		bl	prvReadMessageFromBuffer
 2152              	.LVL182:
 797:Middlewares/Third_Party/FreeRTOS/Source/stream_buffer.c **** 		{
 2153              		.loc 1 797 3 is_stmt 1 view .LVU637
 797:Middlewares/Third_Party/FreeRTOS/Source/stream_buffer.c **** 		{
 2154              		.loc 1 797 5 is_stmt 0 view .LVU638
 2155 00c6 0546     		mov	r5, r0
 2156              	.LVL183:
 797:Middlewares/Third_Party/FreeRTOS/Source/stream_buffer.c **** 		{
 2157              		.loc 1 797 5 view .LVU639
 2158 00c8 0028     		cmp	r0, #0
 2159 00ca F0D0     		beq	.L126
ARM GAS  D:\TMP\ccko02Uc.s 			page 74


 799:Middlewares/Third_Party/FreeRTOS/Source/stream_buffer.c **** 			sbRECEIVE_COMPLETED( pxStreamBuffer );
 2160              		.loc 1 799 64 is_stmt 1 view .LVU640
 800:Middlewares/Third_Party/FreeRTOS/Source/stream_buffer.c **** 		}
 2161              		.loc 1 800 4 view .LVU641
 2162 00cc FFF7FEFF 		bl	vTaskSuspendAll
 2163              	.LVL184:
 800:Middlewares/Third_Party/FreeRTOS/Source/stream_buffer.c **** 		}
 2164              		.loc 1 800 4 discriminator 1 view .LVU642
 2165 00d0 6369     		ldr	r3, [r4, #20]
 2166 00d2 3BB1     		cbz	r3, .L138
 800:Middlewares/Third_Party/FreeRTOS/Source/stream_buffer.c **** 		}
 2167              		.loc 1 800 4 discriminator 1 view .LVU643
 2168 00d4 6069     		ldr	r0, [r4, #20]
 2169 00d6 0023     		movs	r3, #0
 2170 00d8 1A46     		mov	r2, r3
 2171 00da 1946     		mov	r1, r3
 2172 00dc FFF7FEFF 		bl	xTaskGenericNotify
 2173              	.LVL185:
 800:Middlewares/Third_Party/FreeRTOS/Source/stream_buffer.c **** 		}
 2174              		.loc 1 800 4 discriminator 1 view .LVU644
 2175 00e0 0023     		movs	r3, #0
 2176 00e2 6361     		str	r3, [r4, #20]
 2177              	.L138:
 800:Middlewares/Third_Party/FreeRTOS/Source/stream_buffer.c **** 		}
 2178              		.loc 1 800 4 discriminator 3 view .LVU645
 2179 00e4 FFF7FEFF 		bl	xTaskResumeAll
 2180              	.LVL186:
 800:Middlewares/Third_Party/FreeRTOS/Source/stream_buffer.c **** 		}
 2181              		.loc 1 800 41 discriminator 1 view .LVU646
 2182 00e8 E1E7     		b	.L126
 2183              		.cfi_endproc
 2184              	.LFE14:
 2186              		.section	.text.xStreamBufferNextMessageLengthBytes,"ax",%progbits
 2187              		.align	1
 2188              		.global	xStreamBufferNextMessageLengthBytes
 2189              		.syntax unified
 2190              		.thumb
 2191              		.thumb_func
 2193              	xStreamBufferNextMessageLengthBytes:
 2194              	.LVL187:
 2195              	.LFB15:
 818:Middlewares/Third_Party/FreeRTOS/Source/stream_buffer.c **** StreamBuffer_t * const pxStreamBuffer = xStreamBuffer;
 2196              		.loc 1 818 1 view -0
 2197              		.cfi_startproc
 2198              		@ args = 0, pretend = 0, frame = 8
 2199              		@ frame_needed = 0, uses_anonymous_args = 0
 819:Middlewares/Third_Party/FreeRTOS/Source/stream_buffer.c **** size_t xReturn, xBytesAvailable, xOriginalTail;
 2200              		.loc 1 819 1 view .LVU648
 820:Middlewares/Third_Party/FreeRTOS/Source/stream_buffer.c **** configMESSAGE_BUFFER_LENGTH_TYPE xTempReturn;
 2201              		.loc 1 820 1 view .LVU649
 821:Middlewares/Third_Party/FreeRTOS/Source/stream_buffer.c **** 
 2202              		.loc 1 821 1 view .LVU650
 823:Middlewares/Third_Party/FreeRTOS/Source/stream_buffer.c **** 
 2203              		.loc 1 823 2 view .LVU651
 2204 0000 48B1     		cbz	r0, .L155
 818:Middlewares/Third_Party/FreeRTOS/Source/stream_buffer.c **** StreamBuffer_t * const pxStreamBuffer = xStreamBuffer;
 2205              		.loc 1 818 1 is_stmt 0 view .LVU652
ARM GAS  D:\TMP\ccko02Uc.s 			page 75


 2206 0002 30B5     		push	{r4, r5, lr}
 2207              	.LCFI36:
 2208              		.cfi_def_cfa_offset 12
 2209              		.cfi_offset 4, -12
 2210              		.cfi_offset 5, -8
 2211              		.cfi_offset 14, -4
 2212 0004 83B0     		sub	sp, sp, #12
 2213              	.LCFI37:
 2214              		.cfi_def_cfa_offset 24
 2215 0006 0446     		mov	r4, r0
 823:Middlewares/Third_Party/FreeRTOS/Source/stream_buffer.c **** 
 2216              		.loc 1 823 32 is_stmt 1 discriminator 2 view .LVU653
 826:Middlewares/Third_Party/FreeRTOS/Source/stream_buffer.c **** 	{
 2217              		.loc 1 826 2 view .LVU654
 826:Middlewares/Third_Party/FreeRTOS/Source/stream_buffer.c **** 	{
 2218              		.loc 1 826 22 is_stmt 0 view .LVU655
 2219 0008 037F     		ldrb	r3, [r0, #28]	@ zero_extendqisi2
 826:Middlewares/Third_Party/FreeRTOS/Source/stream_buffer.c **** 	{
 2220              		.loc 1 826 4 view .LVU656
 2221 000a 13F0010F 		tst	r3, #1
 2222 000e 0BD1     		bne	.L156
 854:Middlewares/Third_Party/FreeRTOS/Source/stream_buffer.c **** 	}
 2223              		.loc 1 854 11 view .LVU657
 2224 0010 0020     		movs	r0, #0
 2225              	.LVL188:
 857:Middlewares/Third_Party/FreeRTOS/Source/stream_buffer.c **** }
 2226              		.loc 1 857 2 is_stmt 1 view .LVU658
 2227              	.L146:
 858:Middlewares/Third_Party/FreeRTOS/Source/stream_buffer.c **** /*-----------------------------------------------------------*/
 2228              		.loc 1 858 1 is_stmt 0 view .LVU659
 2229 0012 03B0     		add	sp, sp, #12
 2230              	.LCFI38:
 2231              		.cfi_def_cfa_offset 12
 2232              		@ sp needed
 2233 0014 30BD     		pop	{r4, r5, pc}
 2234              	.LVL189:
 2235              	.L155:
 2236              	.LCFI39:
 2237              		.cfi_def_cfa_offset 0
 2238              		.cfi_restore 4
 2239              		.cfi_restore 5
 2240              		.cfi_restore 14
 823:Middlewares/Third_Party/FreeRTOS/Source/stream_buffer.c **** 
 2241              		.loc 1 823 2 is_stmt 1 discriminator 1 view .LVU660
 2242              	.LBB137:
 2243              	.LBI137:
 193:Middlewares/Third_Party/FreeRTOS/Source/portable/GCC/ARM_CM3/portmacro.h **** {
 2244              		.loc 2 193 30 view .LVU661
 2245              	.LBB138:
 195:Middlewares/Third_Party/FreeRTOS/Source/portable/GCC/ARM_CM3/portmacro.h **** 
 2246              		.loc 2 195 1 view .LVU662
 197:Middlewares/Third_Party/FreeRTOS/Source/portable/GCC/ARM_CM3/portmacro.h **** 	(
 2247              		.loc 2 197 2 view .LVU663
 2248              		.syntax unified
 2249              	@ 197 "Middlewares/Third_Party/FreeRTOS/Source/portable/GCC/ARM_CM3/portmacro.h" 1
 2250 0016 4FF02003 			mov r3, #32												
 2251 001a 83F31188 		msr basepri, r3											
ARM GAS  D:\TMP\ccko02Uc.s 			page 76


 2252 001e BFF36F8F 		isb														
 2253 0022 BFF34F8F 		dsb														
 2254              	
 2255              	@ 0 "" 2
 2256              		.thumb
 2257              		.syntax unified
 2258              	.L148:
 2259              	.LBE138:
 2260              	.LBE137:
 823:Middlewares/Third_Party/FreeRTOS/Source/stream_buffer.c **** 
 2261              		.loc 1 823 2 discriminator 3 view .LVU664
 823:Middlewares/Third_Party/FreeRTOS/Source/stream_buffer.c **** 
 2262              		.loc 1 823 2 discriminator 3 view .LVU665
 823:Middlewares/Third_Party/FreeRTOS/Source/stream_buffer.c **** 
 2263              		.loc 1 823 2 discriminator 3 view .LVU666
 2264 0026 FEE7     		b	.L148
 2265              	.L156:
 2266              	.LCFI40:
 2267              		.cfi_def_cfa_offset 24
 2268              		.cfi_offset 4, -12
 2269              		.cfi_offset 5, -8
 2270              		.cfi_offset 14, -4
 828:Middlewares/Third_Party/FreeRTOS/Source/stream_buffer.c **** 		if( xBytesAvailable > sbBYTES_TO_STORE_MESSAGE_LENGTH )
 2271              		.loc 1 828 3 view .LVU667
 828:Middlewares/Third_Party/FreeRTOS/Source/stream_buffer.c **** 		if( xBytesAvailable > sbBYTES_TO_STORE_MESSAGE_LENGTH )
 2272              		.loc 1 828 21 is_stmt 0 view .LVU668
 2273 0028 FFF7FEFF 		bl	prvBytesInBuffer
 2274              	.LVL190:
 829:Middlewares/Third_Party/FreeRTOS/Source/stream_buffer.c **** 		{
 2275              		.loc 1 829 3 is_stmt 1 view .LVU669
 829:Middlewares/Third_Party/FreeRTOS/Source/stream_buffer.c **** 		{
 2276              		.loc 1 829 5 is_stmt 0 view .LVU670
 2277 002c 0428     		cmp	r0, #4
 2278 002e 0AD8     		bhi	.L157
 848:Middlewares/Third_Party/FreeRTOS/Source/stream_buffer.c **** 			xReturn = 0;
 2279              		.loc 1 848 4 is_stmt 1 view .LVU671
 2280 0030 0028     		cmp	r0, #0
 2281 0032 EED0     		beq	.L146
 848:Middlewares/Third_Party/FreeRTOS/Source/stream_buffer.c **** 			xReturn = 0;
 2282              		.loc 1 848 4 discriminator 1 view .LVU672
 2283              	.LBB139:
 2284              	.LBI139:
 193:Middlewares/Third_Party/FreeRTOS/Source/portable/GCC/ARM_CM3/portmacro.h **** {
 2285              		.loc 2 193 30 view .LVU673
 2286              	.LBB140:
 195:Middlewares/Third_Party/FreeRTOS/Source/portable/GCC/ARM_CM3/portmacro.h **** 
 2287              		.loc 2 195 1 view .LVU674
 197:Middlewares/Third_Party/FreeRTOS/Source/portable/GCC/ARM_CM3/portmacro.h **** 	(
 2288              		.loc 2 197 2 view .LVU675
 2289              		.syntax unified
 2290              	@ 197 "Middlewares/Third_Party/FreeRTOS/Source/portable/GCC/ARM_CM3/portmacro.h" 1
 2291 0034 4FF02003 			mov r3, #32												
 2292 0038 83F31188 		msr basepri, r3											
 2293 003c BFF36F8F 		isb														
 2294 0040 BFF34F8F 		dsb														
 2295              	
 2296              	@ 0 "" 2
ARM GAS  D:\TMP\ccko02Uc.s 			page 77


 2297              		.thumb
 2298              		.syntax unified
 2299              	.L151:
 2300              	.LBE140:
 2301              	.LBE139:
 848:Middlewares/Third_Party/FreeRTOS/Source/stream_buffer.c **** 			xReturn = 0;
 2302              		.loc 1 848 4 discriminator 3 view .LVU676
 848:Middlewares/Third_Party/FreeRTOS/Source/stream_buffer.c **** 			xReturn = 0;
 2303              		.loc 1 848 4 discriminator 3 view .LVU677
 848:Middlewares/Third_Party/FreeRTOS/Source/stream_buffer.c **** 			xReturn = 0;
 2304              		.loc 1 848 4 discriminator 3 view .LVU678
 2305 0044 FEE7     		b	.L151
 2306              	.L157:
 837:Middlewares/Third_Party/FreeRTOS/Source/stream_buffer.c **** 			( void ) prvReadBytesFromBuffer( pxStreamBuffer, ( uint8_t * ) &xTempReturn, sbBYTES_TO_STORE_ME
 2307              		.loc 1 837 4 view .LVU679
 837:Middlewares/Third_Party/FreeRTOS/Source/stream_buffer.c **** 			( void ) prvReadBytesFromBuffer( pxStreamBuffer, ( uint8_t * ) &xTempReturn, sbBYTES_TO_STORE_ME
 2308              		.loc 1 837 18 is_stmt 0 view .LVU680
 2309 0046 2568     		ldr	r5, [r4]
 2310              	.LVL191:
 838:Middlewares/Third_Party/FreeRTOS/Source/stream_buffer.c **** 			xReturn = ( size_t ) xTempReturn;
 2311              		.loc 1 838 4 is_stmt 1 view .LVU681
 838:Middlewares/Third_Party/FreeRTOS/Source/stream_buffer.c **** 			xReturn = ( size_t ) xTempReturn;
 2312              		.loc 1 838 13 is_stmt 0 view .LVU682
 2313 0048 0346     		mov	r3, r0
 2314 004a 0422     		movs	r2, #4
 2315 004c 0DEB0201 		add	r1, sp, r2
 2316 0050 2046     		mov	r0, r4
 2317              	.LVL192:
 838:Middlewares/Third_Party/FreeRTOS/Source/stream_buffer.c **** 			xReturn = ( size_t ) xTempReturn;
 2318              		.loc 1 838 13 view .LVU683
 2319 0052 FFF7FEFF 		bl	prvReadBytesFromBuffer
 2320              	.LVL193:
 839:Middlewares/Third_Party/FreeRTOS/Source/stream_buffer.c **** 			pxStreamBuffer->xTail = xOriginalTail;
 2321              		.loc 1 839 4 is_stmt 1 view .LVU684
 839:Middlewares/Third_Party/FreeRTOS/Source/stream_buffer.c **** 			pxStreamBuffer->xTail = xOriginalTail;
 2322              		.loc 1 839 12 is_stmt 0 view .LVU685
 2323 0056 0198     		ldr	r0, [sp, #4]
 2324              	.LVL194:
 840:Middlewares/Third_Party/FreeRTOS/Source/stream_buffer.c **** 		}
 2325              		.loc 1 840 4 is_stmt 1 view .LVU686
 840:Middlewares/Third_Party/FreeRTOS/Source/stream_buffer.c **** 		}
 2326              		.loc 1 840 26 is_stmt 0 view .LVU687
 2327 0058 2560     		str	r5, [r4]
 2328 005a DAE7     		b	.L146
 2329              		.cfi_endproc
 2330              	.LFE15:
 2332              		.section	.text.xStreamBufferReceiveFromISR,"ax",%progbits
 2333              		.align	1
 2334              		.global	xStreamBufferReceiveFromISR
 2335              		.syntax unified
 2336              		.thumb
 2337              		.thumb_func
 2339              	xStreamBufferReceiveFromISR:
 2340              	.LVL195:
 2341              	.LFB16:
 865:Middlewares/Third_Party/FreeRTOS/Source/stream_buffer.c **** StreamBuffer_t * const pxStreamBuffer = xStreamBuffer;
 2342              		.loc 1 865 1 is_stmt 1 view -0
ARM GAS  D:\TMP\ccko02Uc.s 			page 78


 2343              		.cfi_startproc
 2344              		@ args = 0, pretend = 0, frame = 0
 2345              		@ frame_needed = 0, uses_anonymous_args = 0
 866:Middlewares/Third_Party/FreeRTOS/Source/stream_buffer.c **** size_t xReceivedLength = 0, xBytesAvailable, xBytesToStoreMessageLength;
 2346              		.loc 1 866 1 view .LVU689
 867:Middlewares/Third_Party/FreeRTOS/Source/stream_buffer.c **** 
 2347              		.loc 1 867 1 view .LVU690
 869:Middlewares/Third_Party/FreeRTOS/Source/stream_buffer.c **** 	configASSERT( pxStreamBuffer );
 2348              		.loc 1 869 2 view .LVU691
 2349 0000 B9B1     		cbz	r1, .L170
 865:Middlewares/Third_Party/FreeRTOS/Source/stream_buffer.c **** StreamBuffer_t * const pxStreamBuffer = xStreamBuffer;
 2350              		.loc 1 865 1 is_stmt 0 view .LVU692
 2351 0002 2DE9F041 		push	{r4, r5, r6, r7, r8, lr}
 2352              	.LCFI41:
 2353              		.cfi_def_cfa_offset 24
 2354              		.cfi_offset 4, -24
 2355              		.cfi_offset 5, -20
 2356              		.cfi_offset 6, -16
 2357              		.cfi_offset 7, -12
 2358              		.cfi_offset 8, -8
 2359              		.cfi_offset 14, -4
 2360 0006 82B0     		sub	sp, sp, #8
 2361              	.LCFI42:
 2362              		.cfi_def_cfa_offset 32
 2363 0008 0446     		mov	r4, r0
 2364 000a 1646     		mov	r6, r2
 2365 000c 1D46     		mov	r5, r3
 2366 000e 0F46     		mov	r7, r1
 869:Middlewares/Third_Party/FreeRTOS/Source/stream_buffer.c **** 	configASSERT( pxStreamBuffer );
 2367              		.loc 1 869 26 is_stmt 1 discriminator 2 view .LVU693
 870:Middlewares/Third_Party/FreeRTOS/Source/stream_buffer.c **** 
 2368              		.loc 1 870 2 view .LVU694
 2369 0010 C0B1     		cbz	r0, .L171
 870:Middlewares/Third_Party/FreeRTOS/Source/stream_buffer.c **** 
 2370              		.loc 1 870 32 discriminator 2 view .LVU695
 877:Middlewares/Third_Party/FreeRTOS/Source/stream_buffer.c **** 	{
 2371              		.loc 1 877 2 view .LVU696
 877:Middlewares/Third_Party/FreeRTOS/Source/stream_buffer.c **** 	{
 2372              		.loc 1 877 22 is_stmt 0 view .LVU697
 2373 0012 037F     		ldrb	r3, [r0, #28]	@ zero_extendqisi2
 2374              	.LVL196:
 877:Middlewares/Third_Party/FreeRTOS/Source/stream_buffer.c **** 	{
 2375              		.loc 1 877 4 view .LVU698
 2376 0014 13F0010F 		tst	r3, #1
 2377 0018 1DD0     		beq	.L166
 879:Middlewares/Third_Party/FreeRTOS/Source/stream_buffer.c **** 	}
 2378              		.loc 1 879 30 view .LVU699
 2379 001a 4FF00408 		mov	r8, #4
 2380              	.L163:
 2381              	.LVL197:
 886:Middlewares/Third_Party/FreeRTOS/Source/stream_buffer.c **** 
 2382              		.loc 1 886 2 is_stmt 1 view .LVU700
 886:Middlewares/Third_Party/FreeRTOS/Source/stream_buffer.c **** 
 2383              		.loc 1 886 20 is_stmt 0 view .LVU701
 2384 001e 2046     		mov	r0, r4
 2385              	.LVL198:
 886:Middlewares/Third_Party/FreeRTOS/Source/stream_buffer.c **** 
ARM GAS  D:\TMP\ccko02Uc.s 			page 79


 2386              		.loc 1 886 20 view .LVU702
 2387 0020 FFF7FEFF 		bl	prvBytesInBuffer
 2388              	.LVL199:
 893:Middlewares/Third_Party/FreeRTOS/Source/stream_buffer.c **** 	{
 2389              		.loc 1 893 2 is_stmt 1 view .LVU703
 893:Middlewares/Third_Party/FreeRTOS/Source/stream_buffer.c **** 	{
 2390              		.loc 1 893 4 is_stmt 0 view .LVU704
 2391 0024 8045     		cmp	r8, r0
 2392 0026 19D3     		bcc	.L172
 867:Middlewares/Third_Party/FreeRTOS/Source/stream_buffer.c **** 
 2393              		.loc 1 867 8 view .LVU705
 2394 0028 0026     		movs	r6, #0
 2395              	.LVL200:
 909:Middlewares/Third_Party/FreeRTOS/Source/stream_buffer.c **** 	}
 2396              		.loc 1 909 27 is_stmt 1 view .LVU706
 912:Middlewares/Third_Party/FreeRTOS/Source/stream_buffer.c **** 
 2397              		.loc 1 912 71 view .LVU707
 914:Middlewares/Third_Party/FreeRTOS/Source/stream_buffer.c **** }
 2398              		.loc 1 914 2 view .LVU708
 2399              	.L158:
 915:Middlewares/Third_Party/FreeRTOS/Source/stream_buffer.c **** /*-----------------------------------------------------------*/
 2400              		.loc 1 915 1 is_stmt 0 view .LVU709
 2401 002a 3046     		mov	r0, r6
 2402 002c 02B0     		add	sp, sp, #8
 2403              	.LCFI43:
 2404              		.cfi_def_cfa_offset 24
 2405              		@ sp needed
 2406 002e BDE8F081 		pop	{r4, r5, r6, r7, r8, pc}
 2407              	.LVL201:
 2408              	.L170:
 2409              	.LCFI44:
 2410              		.cfi_def_cfa_offset 0
 2411              		.cfi_restore 4
 2412              		.cfi_restore 5
 2413              		.cfi_restore 6
 2414              		.cfi_restore 7
 2415              		.cfi_restore 8
 2416              		.cfi_restore 14
 869:Middlewares/Third_Party/FreeRTOS/Source/stream_buffer.c **** 	configASSERT( pxStreamBuffer );
 2417              		.loc 1 869 2 is_stmt 1 discriminator 1 view .LVU710
 2418              	.LBB141:
 2419              	.LBI141:
 193:Middlewares/Third_Party/FreeRTOS/Source/portable/GCC/ARM_CM3/portmacro.h **** {
 2420              		.loc 2 193 30 view .LVU711
 2421              	.LBB142:
 195:Middlewares/Third_Party/FreeRTOS/Source/portable/GCC/ARM_CM3/portmacro.h **** 
 2422              		.loc 2 195 1 view .LVU712
 197:Middlewares/Third_Party/FreeRTOS/Source/portable/GCC/ARM_CM3/portmacro.h **** 	(
 2423              		.loc 2 197 2 view .LVU713
 2424              		.syntax unified
 2425              	@ 197 "Middlewares/Third_Party/FreeRTOS/Source/portable/GCC/ARM_CM3/portmacro.h" 1
 2426 0032 4FF02003 			mov r3, #32												
 2427 0036 83F31188 		msr basepri, r3											
 2428 003a BFF36F8F 		isb														
 2429 003e BFF34F8F 		dsb														
 2430              	
 2431              	@ 0 "" 2
ARM GAS  D:\TMP\ccko02Uc.s 			page 80


 2432              	.LVL202:
 2433              		.thumb
 2434              		.syntax unified
 2435              	.L160:
 197:Middlewares/Third_Party/FreeRTOS/Source/portable/GCC/ARM_CM3/portmacro.h **** 	(
 2436              		.loc 2 197 2 is_stmt 0 view .LVU714
 2437              	.LBE142:
 2438              	.LBE141:
 869:Middlewares/Third_Party/FreeRTOS/Source/stream_buffer.c **** 	configASSERT( pxStreamBuffer );
 2439              		.loc 1 869 2 is_stmt 1 discriminator 3 view .LVU715
 869:Middlewares/Third_Party/FreeRTOS/Source/stream_buffer.c **** 	configASSERT( pxStreamBuffer );
 2440              		.loc 1 869 2 discriminator 3 view .LVU716
 869:Middlewares/Third_Party/FreeRTOS/Source/stream_buffer.c **** 	configASSERT( pxStreamBuffer );
 2441              		.loc 1 869 2 discriminator 3 view .LVU717
 2442 0042 FEE7     		b	.L160
 2443              	.LVL203:
 2444              	.L171:
 2445              	.LCFI45:
 2446              		.cfi_def_cfa_offset 32
 2447              		.cfi_offset 4, -24
 2448              		.cfi_offset 5, -20
 2449              		.cfi_offset 6, -16
 2450              		.cfi_offset 7, -12
 2451              		.cfi_offset 8, -8
 2452              		.cfi_offset 14, -4
 870:Middlewares/Third_Party/FreeRTOS/Source/stream_buffer.c **** 
 2453              		.loc 1 870 2 discriminator 1 view .LVU718
 2454              	.LBB143:
 2455              	.LBI143:
 193:Middlewares/Third_Party/FreeRTOS/Source/portable/GCC/ARM_CM3/portmacro.h **** {
 2456              		.loc 2 193 30 view .LVU719
 2457              	.LBB144:
 195:Middlewares/Third_Party/FreeRTOS/Source/portable/GCC/ARM_CM3/portmacro.h **** 
 2458              		.loc 2 195 1 view .LVU720
 197:Middlewares/Third_Party/FreeRTOS/Source/portable/GCC/ARM_CM3/portmacro.h **** 	(
 2459              		.loc 2 197 2 view .LVU721
 2460              		.syntax unified
 2461              	@ 197 "Middlewares/Third_Party/FreeRTOS/Source/portable/GCC/ARM_CM3/portmacro.h" 1
 2462 0044 4FF02003 			mov r3, #32												
 2463 0048 83F31188 		msr basepri, r3											
 2464 004c BFF36F8F 		isb														
 2465 0050 BFF34F8F 		dsb														
 2466              	
 2467              	@ 0 "" 2
 2468              	.LVL204:
 2469              		.thumb
 2470              		.syntax unified
 2471              	.L162:
 197:Middlewares/Third_Party/FreeRTOS/Source/portable/GCC/ARM_CM3/portmacro.h **** 	(
 2472              		.loc 2 197 2 is_stmt 0 view .LVU722
 2473              	.LBE144:
 2474              	.LBE143:
 870:Middlewares/Third_Party/FreeRTOS/Source/stream_buffer.c **** 
 2475              		.loc 1 870 2 is_stmt 1 discriminator 3 view .LVU723
 870:Middlewares/Third_Party/FreeRTOS/Source/stream_buffer.c **** 
 2476              		.loc 1 870 2 discriminator 3 view .LVU724
 870:Middlewares/Third_Party/FreeRTOS/Source/stream_buffer.c **** 
ARM GAS  D:\TMP\ccko02Uc.s 			page 81


 2477              		.loc 1 870 2 discriminator 3 view .LVU725
 2478 0054 FEE7     		b	.L162
 2479              	.L166:
 883:Middlewares/Third_Party/FreeRTOS/Source/stream_buffer.c **** 	}
 2480              		.loc 1 883 30 is_stmt 0 view .LVU726
 2481 0056 4FF00008 		mov	r8, #0
 2482 005a E0E7     		b	.L163
 2483              	.LVL205:
 2484              	.L172:
 895:Middlewares/Third_Party/FreeRTOS/Source/stream_buffer.c **** 
 2485              		.loc 1 895 3 is_stmt 1 view .LVU727
 895:Middlewares/Third_Party/FreeRTOS/Source/stream_buffer.c **** 
 2486              		.loc 1 895 21 is_stmt 0 view .LVU728
 2487 005c CDF80080 		str	r8, [sp]
 2488 0060 0346     		mov	r3, r0
 2489 0062 3246     		mov	r2, r6
 2490 0064 3946     		mov	r1, r7
 2491 0066 2046     		mov	r0, r4
 2492              	.LVL206:
 895:Middlewares/Third_Party/FreeRTOS/Source/stream_buffer.c **** 
 2493              		.loc 1 895 21 view .LVU729
 2494 0068 FFF7FEFF 		bl	prvReadMessageFromBuffer
 2495              	.LVL207:
 898:Middlewares/Third_Party/FreeRTOS/Source/stream_buffer.c **** 		{
 2496              		.loc 1 898 3 is_stmt 1 view .LVU730
 898:Middlewares/Third_Party/FreeRTOS/Source/stream_buffer.c **** 		{
 2497              		.loc 1 898 5 is_stmt 0 view .LVU731
 2498 006c 0646     		mov	r6, r0
 2499              	.LVL208:
 898:Middlewares/Third_Party/FreeRTOS/Source/stream_buffer.c **** 		{
 2500              		.loc 1 898 5 view .LVU732
 2501 006e 0028     		cmp	r0, #0
 2502 0070 DBD0     		beq	.L158
 2503              	.LBB145:
 900:Middlewares/Third_Party/FreeRTOS/Source/stream_buffer.c **** 		}
 2504              		.loc 1 900 4 is_stmt 1 view .LVU733
 900:Middlewares/Third_Party/FreeRTOS/Source/stream_buffer.c **** 		}
 2505              		.loc 1 900 4 view .LVU734
 2506              	.LBB146:
 2507              	.LBI146:
 209:Middlewares/Third_Party/FreeRTOS/Source/portable/GCC/ARM_CM3/portmacro.h **** {
 2508              		.loc 2 209 34 view .LVU735
 2509              	.LBB147:
 211:Middlewares/Third_Party/FreeRTOS/Source/portable/GCC/ARM_CM3/portmacro.h **** 
 2510              		.loc 2 211 1 view .LVU736
 213:Middlewares/Third_Party/FreeRTOS/Source/portable/GCC/ARM_CM3/portmacro.h **** 	(
 2511              		.loc 2 213 2 view .LVU737
 2512              		.syntax unified
 2513              	@ 213 "Middlewares/Third_Party/FreeRTOS/Source/portable/GCC/ARM_CM3/portmacro.h" 1
 2514 0072 EFF31187 			mrs r7, basepri											
 2515 0076 4FF02003 		mov r3, #32												
 2516 007a 83F31188 		msr basepri, r3											
 2517 007e BFF36F8F 		isb														
 2518 0082 BFF34F8F 		dsb														
 2519              	
 2520              	@ 0 "" 2
 2521              	.LVL209:
ARM GAS  D:\TMP\ccko02Uc.s 			page 82


 225:Middlewares/Third_Party/FreeRTOS/Source/portable/GCC/ARM_CM3/portmacro.h **** }
 2522              		.loc 2 225 2 view .LVU738
 225:Middlewares/Third_Party/FreeRTOS/Source/portable/GCC/ARM_CM3/portmacro.h **** }
 2523              		.loc 2 225 2 is_stmt 0 view .LVU739
 2524              		.thumb
 2525              		.syntax unified
 2526              	.LBE147:
 2527              	.LBE146:
 900:Middlewares/Third_Party/FreeRTOS/Source/stream_buffer.c **** 		}
 2528              		.loc 1 900 4 is_stmt 1 discriminator 1 view .LVU740
 2529 0086 6369     		ldr	r3, [r4, #20]
 2530 0088 43B1     		cbz	r3, .L165
 900:Middlewares/Third_Party/FreeRTOS/Source/stream_buffer.c **** 		}
 2531              		.loc 1 900 4 discriminator 1 view .LVU741
 2532 008a 6069     		ldr	r0, [r4, #20]
 2533              	.LVL210:
 900:Middlewares/Third_Party/FreeRTOS/Source/stream_buffer.c **** 		}
 2534              		.loc 1 900 4 is_stmt 0 discriminator 1 view .LVU742
 2535 008c 0095     		str	r5, [sp]
 2536 008e 0023     		movs	r3, #0
 2537 0090 1A46     		mov	r2, r3
 2538 0092 1946     		mov	r1, r3
 2539 0094 FFF7FEFF 		bl	xTaskGenericNotifyFromISR
 2540              	.LVL211:
 900:Middlewares/Third_Party/FreeRTOS/Source/stream_buffer.c **** 		}
 2541              		.loc 1 900 4 is_stmt 1 discriminator 1 view .LVU743
 2542 0098 0023     		movs	r3, #0
 2543 009a 6361     		str	r3, [r4, #20]
 2544              	.L165:
 900:Middlewares/Third_Party/FreeRTOS/Source/stream_buffer.c **** 		}
 2545              		.loc 1 900 4 discriminator 3 view .LVU744
 2546              	.LBB148:
 2547              	.LBI148:
 229:Middlewares/Third_Party/FreeRTOS/Source/portable/GCC/ARM_CM3/portmacro.h **** {
 2548              		.loc 2 229 30 view .LVU745
 2549              	.LBB149:
 2550              		.loc 2 231 2 view .LVU746
 2551              		.syntax unified
 2552              	@ 231 "Middlewares/Third_Party/FreeRTOS/Source/portable/GCC/ARM_CM3/portmacro.h" 1
 2553 009c 87F31188 			msr basepri, r7	
 2554              	@ 0 "" 2
 2555              		.thumb
 2556              		.syntax unified
 2557              	.LBE149:
 2558              	.LBE148:
 2559              	.LBE145:
 900:Middlewares/Third_Party/FreeRTOS/Source/stream_buffer.c **** 		}
 2560              		.loc 1 900 77 discriminator 1 view .LVU747
 2561              	.LBB152:
 2562              	.LBB151:
 2563              	.LBB150:
 232:Middlewares/Third_Party/FreeRTOS/Source/portable/GCC/ARM_CM3/portmacro.h **** 	(
 233:Middlewares/Third_Party/FreeRTOS/Source/portable/GCC/ARM_CM3/portmacro.h **** 		"	msr basepri, %0	" :: "r" ( ulNewMaskValue ) : "memory"
 234:Middlewares/Third_Party/FreeRTOS/Source/portable/GCC/ARM_CM3/portmacro.h **** 	);
 235:Middlewares/Third_Party/FreeRTOS/Source/portable/GCC/ARM_CM3/portmacro.h **** }
 2564              		.loc 2 235 1 is_stmt 0 view .LVU748
 2565 00a0 C3E7     		b	.L158
ARM GAS  D:\TMP\ccko02Uc.s 			page 83


 2566              	.LBE150:
 2567              	.LBE151:
 2568              	.LBE152:
 2569              		.cfi_endproc
 2570              	.LFE16:
 2572              		.section	.text.xStreamBufferIsEmpty,"ax",%progbits
 2573              		.align	1
 2574              		.global	xStreamBufferIsEmpty
 2575              		.syntax unified
 2576              		.thumb
 2577              		.thumb_func
 2579              	xStreamBufferIsEmpty:
 2580              	.LVL212:
 2581              	.LFB18:
 971:Middlewares/Third_Party/FreeRTOS/Source/stream_buffer.c **** const StreamBuffer_t * const pxStreamBuffer = xStreamBuffer;
 2582              		.loc 1 971 1 is_stmt 1 view -0
 2583              		.cfi_startproc
 2584              		@ args = 0, pretend = 0, frame = 0
 2585              		@ frame_needed = 0, uses_anonymous_args = 0
 2586              		@ link register save eliminated.
 972:Middlewares/Third_Party/FreeRTOS/Source/stream_buffer.c **** BaseType_t xReturn;
 2587              		.loc 1 972 1 view .LVU750
 973:Middlewares/Third_Party/FreeRTOS/Source/stream_buffer.c **** size_t xTail;
 2588              		.loc 1 973 1 view .LVU751
 974:Middlewares/Third_Party/FreeRTOS/Source/stream_buffer.c **** 
 2589              		.loc 1 974 1 view .LVU752
 976:Middlewares/Third_Party/FreeRTOS/Source/stream_buffer.c **** 
 2590              		.loc 1 976 2 view .LVU753
 2591 0000 28B1     		cbz	r0, .L178
 976:Middlewares/Third_Party/FreeRTOS/Source/stream_buffer.c **** 
 2592              		.loc 1 976 32 discriminator 2 view .LVU754
 979:Middlewares/Third_Party/FreeRTOS/Source/stream_buffer.c **** 	if( pxStreamBuffer->xHead == xTail )
 2593              		.loc 1 979 2 view .LVU755
 979:Middlewares/Third_Party/FreeRTOS/Source/stream_buffer.c **** 	if( pxStreamBuffer->xHead == xTail )
 2594              		.loc 1 979 8 is_stmt 0 view .LVU756
 2595 0002 0268     		ldr	r2, [r0]
 2596              	.LVL213:
 980:Middlewares/Third_Party/FreeRTOS/Source/stream_buffer.c **** 	{
 2597              		.loc 1 980 2 is_stmt 1 view .LVU757
 980:Middlewares/Third_Party/FreeRTOS/Source/stream_buffer.c **** 	{
 2598              		.loc 1 980 20 is_stmt 0 view .LVU758
 2599 0004 4368     		ldr	r3, [r0, #4]
 980:Middlewares/Third_Party/FreeRTOS/Source/stream_buffer.c **** 	{
 2600              		.loc 1 980 4 view .LVU759
 2601 0006 9342     		cmp	r3, r2
 2602 0008 0AD0     		beq	.L179
 986:Middlewares/Third_Party/FreeRTOS/Source/stream_buffer.c **** 	}
 2603              		.loc 1 986 11 view .LVU760
 2604 000a 0020     		movs	r0, #0
 2605              	.LVL214:
 989:Middlewares/Third_Party/FreeRTOS/Source/stream_buffer.c **** }
 2606              		.loc 1 989 2 is_stmt 1 view .LVU761
 990:Middlewares/Third_Party/FreeRTOS/Source/stream_buffer.c **** /*-----------------------------------------------------------*/
 2607              		.loc 1 990 1 is_stmt 0 view .LVU762
 2608 000c 7047     		bx	lr
 2609              	.LVL215:
 2610              	.L178:
ARM GAS  D:\TMP\ccko02Uc.s 			page 84


 976:Middlewares/Third_Party/FreeRTOS/Source/stream_buffer.c **** 
 2611              		.loc 1 976 2 is_stmt 1 discriminator 1 view .LVU763
 2612              	.LBB153:
 2613              	.LBI153:
 193:Middlewares/Third_Party/FreeRTOS/Source/portable/GCC/ARM_CM3/portmacro.h **** {
 2614              		.loc 2 193 30 view .LVU764
 2615              	.LBB154:
 195:Middlewares/Third_Party/FreeRTOS/Source/portable/GCC/ARM_CM3/portmacro.h **** 
 2616              		.loc 2 195 1 view .LVU765
 197:Middlewares/Third_Party/FreeRTOS/Source/portable/GCC/ARM_CM3/portmacro.h **** 	(
 2617              		.loc 2 197 2 view .LVU766
 2618              		.syntax unified
 2619              	@ 197 "Middlewares/Third_Party/FreeRTOS/Source/portable/GCC/ARM_CM3/portmacro.h" 1
 2620 000e 4FF02003 			mov r3, #32												
 2621 0012 83F31188 		msr basepri, r3											
 2622 0016 BFF36F8F 		isb														
 2623 001a BFF34F8F 		dsb														
 2624              	
 2625              	@ 0 "" 2
 2626              		.thumb
 2627              		.syntax unified
 2628              	.L175:
 2629              	.LBE154:
 2630              	.LBE153:
 976:Middlewares/Third_Party/FreeRTOS/Source/stream_buffer.c **** 
 2631              		.loc 1 976 2 discriminator 3 view .LVU767
 976:Middlewares/Third_Party/FreeRTOS/Source/stream_buffer.c **** 
 2632              		.loc 1 976 2 discriminator 3 view .LVU768
 976:Middlewares/Third_Party/FreeRTOS/Source/stream_buffer.c **** 
 2633              		.loc 1 976 2 discriminator 3 view .LVU769
 2634 001e FEE7     		b	.L175
 2635              	.LVL216:
 2636              	.L179:
 982:Middlewares/Third_Party/FreeRTOS/Source/stream_buffer.c **** 	}
 2637              		.loc 1 982 11 is_stmt 0 view .LVU770
 2638 0020 0120     		movs	r0, #1
 2639              	.LVL217:
 982:Middlewares/Third_Party/FreeRTOS/Source/stream_buffer.c **** 	}
 2640              		.loc 1 982 11 view .LVU771
 2641 0022 7047     		bx	lr
 2642              		.cfi_endproc
 2643              	.LFE18:
 2645              		.section	.text.xStreamBufferIsFull,"ax",%progbits
 2646              		.align	1
 2647              		.global	xStreamBufferIsFull
 2648              		.syntax unified
 2649              		.thumb
 2650              		.thumb_func
 2652              	xStreamBufferIsFull:
 2653              	.LVL218:
 2654              	.LFB19:
 994:Middlewares/Third_Party/FreeRTOS/Source/stream_buffer.c **** BaseType_t xReturn;
 2655              		.loc 1 994 1 is_stmt 1 view -0
 2656              		.cfi_startproc
 2657              		@ args = 0, pretend = 0, frame = 0
 2658              		@ frame_needed = 0, uses_anonymous_args = 0
 995:Middlewares/Third_Party/FreeRTOS/Source/stream_buffer.c **** size_t xBytesToStoreMessageLength;
ARM GAS  D:\TMP\ccko02Uc.s 			page 85


 2659              		.loc 1 995 1 view .LVU773
 996:Middlewares/Third_Party/FreeRTOS/Source/stream_buffer.c **** const StreamBuffer_t * const pxStreamBuffer = xStreamBuffer;
 2660              		.loc 1 996 1 view .LVU774
 997:Middlewares/Third_Party/FreeRTOS/Source/stream_buffer.c **** 
 2661              		.loc 1 997 1 view .LVU775
 999:Middlewares/Third_Party/FreeRTOS/Source/stream_buffer.c **** 
 2662              		.loc 1 999 2 view .LVU776
 2663 0000 68B1     		cbz	r0, .L189
 994:Middlewares/Third_Party/FreeRTOS/Source/stream_buffer.c **** BaseType_t xReturn;
 2664              		.loc 1 994 1 is_stmt 0 view .LVU777
 2665 0002 10B5     		push	{r4, lr}
 2666              	.LCFI46:
 2667              		.cfi_def_cfa_offset 8
 2668              		.cfi_offset 4, -8
 2669              		.cfi_offset 14, -4
 2670 0004 0346     		mov	r3, r0
 999:Middlewares/Third_Party/FreeRTOS/Source/stream_buffer.c **** 
 2671              		.loc 1 999 32 is_stmt 1 discriminator 2 view .LVU778
1005:Middlewares/Third_Party/FreeRTOS/Source/stream_buffer.c **** 	{
 2672              		.loc 1 1005 2 view .LVU779
1005:Middlewares/Third_Party/FreeRTOS/Source/stream_buffer.c **** 	{
 2673              		.loc 1 1005 22 is_stmt 0 view .LVU780
 2674 0006 027F     		ldrb	r2, [r0, #28]	@ zero_extendqisi2
1005:Middlewares/Third_Party/FreeRTOS/Source/stream_buffer.c **** 	{
 2675              		.loc 1 1005 4 view .LVU781
 2676 0008 12F0010F 		tst	r2, #1
 2677 000c 10D0     		beq	.L185
1007:Middlewares/Third_Party/FreeRTOS/Source/stream_buffer.c **** 	}
 2678              		.loc 1 1007 30 view .LVU782
 2679 000e 0424     		movs	r4, #4
 2680              	.L183:
 2681              	.LVL219:
1015:Middlewares/Third_Party/FreeRTOS/Source/stream_buffer.c **** 	{
 2682              		.loc 1 1015 2 is_stmt 1 view .LVU783
1015:Middlewares/Third_Party/FreeRTOS/Source/stream_buffer.c **** 	{
 2683              		.loc 1 1015 6 is_stmt 0 view .LVU784
 2684 0010 1846     		mov	r0, r3
 2685              	.LVL220:
1015:Middlewares/Third_Party/FreeRTOS/Source/stream_buffer.c **** 	{
 2686              		.loc 1 1015 6 view .LVU785
 2687 0012 FFF7FEFF 		bl	xStreamBufferSpacesAvailable
 2688              	.LVL221:
1015:Middlewares/Third_Party/FreeRTOS/Source/stream_buffer.c **** 	{
 2689              		.loc 1 1015 4 discriminator 1 view .LVU786
 2690 0016 A042     		cmp	r0, r4
 2691 0018 0CD8     		bhi	.L186
1017:Middlewares/Third_Party/FreeRTOS/Source/stream_buffer.c **** 	}
 2692              		.loc 1 1017 11 view .LVU787
 2693 001a 0120     		movs	r0, #1
 2694              	.L180:
1025:Middlewares/Third_Party/FreeRTOS/Source/stream_buffer.c **** /*-----------------------------------------------------------*/
 2695              		.loc 1 1025 1 view .LVU788
 2696 001c 10BD     		pop	{r4, pc}
 2697              	.LVL222:
 2698              	.L189:
 2699              	.LCFI47:
 2700              		.cfi_def_cfa_offset 0
ARM GAS  D:\TMP\ccko02Uc.s 			page 86


 2701              		.cfi_restore 4
 2702              		.cfi_restore 14
 999:Middlewares/Third_Party/FreeRTOS/Source/stream_buffer.c **** 
 2703              		.loc 1 999 2 is_stmt 1 discriminator 1 view .LVU789
 2704              	.LBB155:
 2705              	.LBI155:
 193:Middlewares/Third_Party/FreeRTOS/Source/portable/GCC/ARM_CM3/portmacro.h **** {
 2706              		.loc 2 193 30 view .LVU790
 2707              	.LBB156:
 195:Middlewares/Third_Party/FreeRTOS/Source/portable/GCC/ARM_CM3/portmacro.h **** 
 2708              		.loc 2 195 1 view .LVU791
 197:Middlewares/Third_Party/FreeRTOS/Source/portable/GCC/ARM_CM3/portmacro.h **** 	(
 2709              		.loc 2 197 2 view .LVU792
 2710              		.syntax unified
 2711              	@ 197 "Middlewares/Third_Party/FreeRTOS/Source/portable/GCC/ARM_CM3/portmacro.h" 1
 2712 001e 4FF02003 			mov r3, #32												
 2713 0022 83F31188 		msr basepri, r3											
 2714 0026 BFF36F8F 		isb														
 2715 002a BFF34F8F 		dsb														
 2716              	
 2717              	@ 0 "" 2
 2718              		.thumb
 2719              		.syntax unified
 2720              	.L182:
 2721              	.LBE156:
 2722              	.LBE155:
 999:Middlewares/Third_Party/FreeRTOS/Source/stream_buffer.c **** 
 2723              		.loc 1 999 2 discriminator 3 view .LVU793
 999:Middlewares/Third_Party/FreeRTOS/Source/stream_buffer.c **** 
 2724              		.loc 1 999 2 discriminator 3 view .LVU794
 999:Middlewares/Third_Party/FreeRTOS/Source/stream_buffer.c **** 
 2725              		.loc 1 999 2 discriminator 3 view .LVU795
 2726 002e FEE7     		b	.L182
 2727              	.L185:
 2728              	.LCFI48:
 2729              		.cfi_def_cfa_offset 8
 2730              		.cfi_offset 4, -8
 2731              		.cfi_offset 14, -4
1011:Middlewares/Third_Party/FreeRTOS/Source/stream_buffer.c **** 	}
 2732              		.loc 1 1011 30 is_stmt 0 view .LVU796
 2733 0030 0024     		movs	r4, #0
 2734 0032 EDE7     		b	.L183
 2735              	.LVL223:
 2736              	.L186:
1021:Middlewares/Third_Party/FreeRTOS/Source/stream_buffer.c **** 	}
 2737              		.loc 1 1021 11 view .LVU797
 2738 0034 0020     		movs	r0, #0
 2739              	.LVL224:
1024:Middlewares/Third_Party/FreeRTOS/Source/stream_buffer.c **** }
 2740              		.loc 1 1024 2 is_stmt 1 view .LVU798
1024:Middlewares/Third_Party/FreeRTOS/Source/stream_buffer.c **** }
 2741              		.loc 1 1024 9 is_stmt 0 view .LVU799
 2742 0036 F1E7     		b	.L180
 2743              		.cfi_endproc
 2744              	.LFE19:
 2746              		.section	.text.xStreamBufferSendCompletedFromISR,"ax",%progbits
 2747              		.align	1
ARM GAS  D:\TMP\ccko02Uc.s 			page 87


 2748              		.global	xStreamBufferSendCompletedFromISR
 2749              		.syntax unified
 2750              		.thumb
 2751              		.thumb_func
 2753              	xStreamBufferSendCompletedFromISR:
 2754              	.LVL225:
 2755              	.LFB20:
1029:Middlewares/Third_Party/FreeRTOS/Source/stream_buffer.c **** StreamBuffer_t * const pxStreamBuffer = xStreamBuffer;
 2756              		.loc 1 1029 1 is_stmt 1 view -0
 2757              		.cfi_startproc
 2758              		@ args = 0, pretend = 0, frame = 0
 2759              		@ frame_needed = 0, uses_anonymous_args = 0
1030:Middlewares/Third_Party/FreeRTOS/Source/stream_buffer.c **** BaseType_t xReturn;
 2760              		.loc 1 1030 1 view .LVU801
1031:Middlewares/Third_Party/FreeRTOS/Source/stream_buffer.c **** UBaseType_t uxSavedInterruptStatus;
 2761              		.loc 1 1031 1 view .LVU802
1032:Middlewares/Third_Party/FreeRTOS/Source/stream_buffer.c **** 
 2762              		.loc 1 1032 1 view .LVU803
1034:Middlewares/Third_Party/FreeRTOS/Source/stream_buffer.c **** 
 2763              		.loc 1 1034 2 view .LVU804
 2764 0000 E0B1     		cbz	r0, .L197
1029:Middlewares/Third_Party/FreeRTOS/Source/stream_buffer.c **** StreamBuffer_t * const pxStreamBuffer = xStreamBuffer;
 2765              		.loc 1 1029 1 is_stmt 0 view .LVU805
 2766 0002 30B5     		push	{r4, r5, lr}
 2767              	.LCFI49:
 2768              		.cfi_def_cfa_offset 12
 2769              		.cfi_offset 4, -12
 2770              		.cfi_offset 5, -8
 2771              		.cfi_offset 14, -4
 2772 0004 83B0     		sub	sp, sp, #12
 2773              	.LCFI50:
 2774              		.cfi_def_cfa_offset 24
 2775 0006 0546     		mov	r5, r0
1034:Middlewares/Third_Party/FreeRTOS/Source/stream_buffer.c **** 
 2776              		.loc 1 1034 32 is_stmt 1 discriminator 2 view .LVU806
1036:Middlewares/Third_Party/FreeRTOS/Source/stream_buffer.c **** 	{
 2777              		.loc 1 1036 2 view .LVU807
 2778              	.LBB157:
 2779              	.LBI157:
 209:Middlewares/Third_Party/FreeRTOS/Source/portable/GCC/ARM_CM3/portmacro.h **** {
 2780              		.loc 2 209 34 view .LVU808
 2781              	.LBB158:
 211:Middlewares/Third_Party/FreeRTOS/Source/portable/GCC/ARM_CM3/portmacro.h **** 
 2782              		.loc 2 211 1 view .LVU809
 213:Middlewares/Third_Party/FreeRTOS/Source/portable/GCC/ARM_CM3/portmacro.h **** 	(
 2783              		.loc 2 213 2 view .LVU810
 2784              		.syntax unified
 2785              	@ 213 "Middlewares/Third_Party/FreeRTOS/Source/portable/GCC/ARM_CM3/portmacro.h" 1
 2786 0008 EFF31184 			mrs r4, basepri											
 2787 000c 4FF02003 		mov r3, #32												
 2788 0010 83F31188 		msr basepri, r3											
 2789 0014 BFF36F8F 		isb														
 2790 0018 BFF34F8F 		dsb														
 2791              	
 2792              	@ 0 "" 2
 2793              	.LVL226:
 225:Middlewares/Third_Party/FreeRTOS/Source/portable/GCC/ARM_CM3/portmacro.h **** }
ARM GAS  D:\TMP\ccko02Uc.s 			page 88


 2794              		.loc 2 225 2 view .LVU811
 225:Middlewares/Third_Party/FreeRTOS/Source/portable/GCC/ARM_CM3/portmacro.h **** }
 2795              		.loc 2 225 2 is_stmt 0 view .LVU812
 2796              		.thumb
 2797              		.syntax unified
 2798              	.LBE158:
 2799              	.LBE157:
1038:Middlewares/Third_Party/FreeRTOS/Source/stream_buffer.c **** 		{
 2800              		.loc 1 1038 3 is_stmt 1 view .LVU813
1038:Middlewares/Third_Party/FreeRTOS/Source/stream_buffer.c **** 		{
 2801              		.loc 1 1038 25 is_stmt 0 view .LVU814
 2802 001c 0369     		ldr	r3, [r0, #16]
1038:Middlewares/Third_Party/FreeRTOS/Source/stream_buffer.c **** 		{
 2803              		.loc 1 1038 5 view .LVU815
 2804 001e B3B1     		cbz	r3, .L194
1040:Middlewares/Third_Party/FreeRTOS/Source/stream_buffer.c **** 										 ( uint32_t ) 0,
 2805              		.loc 1 1040 4 is_stmt 1 view .LVU816
1040:Middlewares/Third_Party/FreeRTOS/Source/stream_buffer.c **** 										 ( uint32_t ) 0,
 2806              		.loc 1 1040 13 is_stmt 0 view .LVU817
 2807 0020 0069     		ldr	r0, [r0, #16]
 2808              	.LVL227:
1040:Middlewares/Third_Party/FreeRTOS/Source/stream_buffer.c **** 										 ( uint32_t ) 0,
 2809              		.loc 1 1040 13 view .LVU818
 2810 0022 0091     		str	r1, [sp]
 2811 0024 0023     		movs	r3, #0
 2812 0026 1A46     		mov	r2, r3
 2813 0028 1946     		mov	r1, r3
 2814              	.LVL228:
1040:Middlewares/Third_Party/FreeRTOS/Source/stream_buffer.c **** 										 ( uint32_t ) 0,
 2815              		.loc 1 1040 13 view .LVU819
 2816 002a FFF7FEFF 		bl	xTaskGenericNotifyFromISR
 2817              	.LVL229:
1044:Middlewares/Third_Party/FreeRTOS/Source/stream_buffer.c **** 			xReturn = pdTRUE;
 2818              		.loc 1 1044 4 is_stmt 1 view .LVU820
1044:Middlewares/Third_Party/FreeRTOS/Source/stream_buffer.c **** 			xReturn = pdTRUE;
 2819              		.loc 1 1044 46 is_stmt 0 view .LVU821
 2820 002e 0023     		movs	r3, #0
 2821 0030 2B61     		str	r3, [r5, #16]
1045:Middlewares/Third_Party/FreeRTOS/Source/stream_buffer.c **** 		}
 2822              		.loc 1 1045 4 is_stmt 1 view .LVU822
 2823              	.LVL230:
1045:Middlewares/Third_Party/FreeRTOS/Source/stream_buffer.c **** 		}
 2824              		.loc 1 1045 12 is_stmt 0 view .LVU823
 2825 0032 0120     		movs	r0, #1
 2826              	.LVL231:
 2827              	.L193:
1052:Middlewares/Third_Party/FreeRTOS/Source/stream_buffer.c **** 
 2828              		.loc 1 1052 2 is_stmt 1 view .LVU824
 2829              	.LBB159:
 2830              	.LBI159:
 229:Middlewares/Third_Party/FreeRTOS/Source/portable/GCC/ARM_CM3/portmacro.h **** {
 2831              		.loc 2 229 30 view .LVU825
 2832              	.LBB160:
 231:Middlewares/Third_Party/FreeRTOS/Source/portable/GCC/ARM_CM3/portmacro.h **** 	(
 2833              		.loc 2 231 2 view .LVU826
 2834              		.syntax unified
 2835              	@ 231 "Middlewares/Third_Party/FreeRTOS/Source/portable/GCC/ARM_CM3/portmacro.h" 1
ARM GAS  D:\TMP\ccko02Uc.s 			page 89


 2836 0034 84F31188 			msr basepri, r4	
 2837              	@ 0 "" 2
 2838              		.thumb
 2839              		.syntax unified
 2840              	.LBE160:
 2841              	.LBE159:
1054:Middlewares/Third_Party/FreeRTOS/Source/stream_buffer.c **** }
 2842              		.loc 1 1054 2 view .LVU827
1055:Middlewares/Third_Party/FreeRTOS/Source/stream_buffer.c **** /*-----------------------------------------------------------*/
 2843              		.loc 1 1055 1 is_stmt 0 view .LVU828
 2844 0038 03B0     		add	sp, sp, #12
 2845              	.LCFI51:
 2846              		.cfi_def_cfa_offset 12
 2847              		@ sp needed
 2848 003a 30BD     		pop	{r4, r5, pc}
 2849              	.LVL232:
 2850              	.L197:
 2851              	.LCFI52:
 2852              		.cfi_def_cfa_offset 0
 2853              		.cfi_restore 4
 2854              		.cfi_restore 5
 2855              		.cfi_restore 14
1034:Middlewares/Third_Party/FreeRTOS/Source/stream_buffer.c **** 
 2856              		.loc 1 1034 2 is_stmt 1 discriminator 1 view .LVU829
 2857              	.LBB161:
 2858              	.LBI161:
 193:Middlewares/Third_Party/FreeRTOS/Source/portable/GCC/ARM_CM3/portmacro.h **** {
 2859              		.loc 2 193 30 view .LVU830
 2860              	.LBB162:
 195:Middlewares/Third_Party/FreeRTOS/Source/portable/GCC/ARM_CM3/portmacro.h **** 
 2861              		.loc 2 195 1 view .LVU831
 197:Middlewares/Third_Party/FreeRTOS/Source/portable/GCC/ARM_CM3/portmacro.h **** 	(
 2862              		.loc 2 197 2 view .LVU832
 2863              		.syntax unified
 2864              	@ 197 "Middlewares/Third_Party/FreeRTOS/Source/portable/GCC/ARM_CM3/portmacro.h" 1
 2865 003c 4FF02003 			mov r3, #32												
 2866 0040 83F31188 		msr basepri, r3											
 2867 0044 BFF36F8F 		isb														
 2868 0048 BFF34F8F 		dsb														
 2869              	
 2870              	@ 0 "" 2
 2871              		.thumb
 2872              		.syntax unified
 2873              	.L192:
 2874              	.LBE162:
 2875              	.LBE161:
1034:Middlewares/Third_Party/FreeRTOS/Source/stream_buffer.c **** 
 2876              		.loc 1 1034 2 discriminator 3 view .LVU833
1034:Middlewares/Third_Party/FreeRTOS/Source/stream_buffer.c **** 
 2877              		.loc 1 1034 2 discriminator 3 view .LVU834
1034:Middlewares/Third_Party/FreeRTOS/Source/stream_buffer.c **** 
 2878              		.loc 1 1034 2 discriminator 3 view .LVU835
 2879 004c FEE7     		b	.L192
 2880              	.LVL233:
 2881              	.L194:
 2882              	.LCFI53:
 2883              		.cfi_def_cfa_offset 24
ARM GAS  D:\TMP\ccko02Uc.s 			page 90


 2884              		.cfi_offset 4, -12
 2885              		.cfi_offset 5, -8
 2886              		.cfi_offset 14, -4
1049:Middlewares/Third_Party/FreeRTOS/Source/stream_buffer.c **** 		}
 2887              		.loc 1 1049 12 is_stmt 0 view .LVU836
 2888 004e 0020     		movs	r0, #0
 2889              	.LVL234:
1049:Middlewares/Third_Party/FreeRTOS/Source/stream_buffer.c **** 		}
 2890              		.loc 1 1049 12 view .LVU837
 2891 0050 F0E7     		b	.L193
 2892              		.cfi_endproc
 2893              	.LFE20:
 2895              		.section	.text.xStreamBufferReceiveCompletedFromISR,"ax",%progbits
 2896              		.align	1
 2897              		.global	xStreamBufferReceiveCompletedFromISR
 2898              		.syntax unified
 2899              		.thumb
 2900              		.thumb_func
 2902              	xStreamBufferReceiveCompletedFromISR:
 2903              	.LVL235:
 2904              	.LFB21:
1059:Middlewares/Third_Party/FreeRTOS/Source/stream_buffer.c **** StreamBuffer_t * const pxStreamBuffer = xStreamBuffer;
 2905              		.loc 1 1059 1 is_stmt 1 view -0
 2906              		.cfi_startproc
 2907              		@ args = 0, pretend = 0, frame = 0
 2908              		@ frame_needed = 0, uses_anonymous_args = 0
1060:Middlewares/Third_Party/FreeRTOS/Source/stream_buffer.c **** BaseType_t xReturn;
 2909              		.loc 1 1060 1 view .LVU839
1061:Middlewares/Third_Party/FreeRTOS/Source/stream_buffer.c **** UBaseType_t uxSavedInterruptStatus;
 2910              		.loc 1 1061 1 view .LVU840
1062:Middlewares/Third_Party/FreeRTOS/Source/stream_buffer.c **** 
 2911              		.loc 1 1062 1 view .LVU841
1064:Middlewares/Third_Party/FreeRTOS/Source/stream_buffer.c **** 
 2912              		.loc 1 1064 2 view .LVU842
 2913 0000 E0B1     		cbz	r0, .L205
1059:Middlewares/Third_Party/FreeRTOS/Source/stream_buffer.c **** StreamBuffer_t * const pxStreamBuffer = xStreamBuffer;
 2914              		.loc 1 1059 1 is_stmt 0 view .LVU843
 2915 0002 30B5     		push	{r4, r5, lr}
 2916              	.LCFI54:
 2917              		.cfi_def_cfa_offset 12
 2918              		.cfi_offset 4, -12
 2919              		.cfi_offset 5, -8
 2920              		.cfi_offset 14, -4
 2921 0004 83B0     		sub	sp, sp, #12
 2922              	.LCFI55:
 2923              		.cfi_def_cfa_offset 24
 2924 0006 0546     		mov	r5, r0
1064:Middlewares/Third_Party/FreeRTOS/Source/stream_buffer.c **** 
 2925              		.loc 1 1064 32 is_stmt 1 discriminator 2 view .LVU844
1066:Middlewares/Third_Party/FreeRTOS/Source/stream_buffer.c **** 	{
 2926              		.loc 1 1066 2 view .LVU845
 2927              	.LBB163:
 2928              	.LBI163:
 209:Middlewares/Third_Party/FreeRTOS/Source/portable/GCC/ARM_CM3/portmacro.h **** {
 2929              		.loc 2 209 34 view .LVU846
 2930              	.LBB164:
 211:Middlewares/Third_Party/FreeRTOS/Source/portable/GCC/ARM_CM3/portmacro.h **** 
ARM GAS  D:\TMP\ccko02Uc.s 			page 91


 2931              		.loc 2 211 1 view .LVU847
 213:Middlewares/Third_Party/FreeRTOS/Source/portable/GCC/ARM_CM3/portmacro.h **** 	(
 2932              		.loc 2 213 2 view .LVU848
 2933              		.syntax unified
 2934              	@ 213 "Middlewares/Third_Party/FreeRTOS/Source/portable/GCC/ARM_CM3/portmacro.h" 1
 2935 0008 EFF31184 			mrs r4, basepri											
 2936 000c 4FF02003 		mov r3, #32												
 2937 0010 83F31188 		msr basepri, r3											
 2938 0014 BFF36F8F 		isb														
 2939 0018 BFF34F8F 		dsb														
 2940              	
 2941              	@ 0 "" 2
 2942              	.LVL236:
 225:Middlewares/Third_Party/FreeRTOS/Source/portable/GCC/ARM_CM3/portmacro.h **** }
 2943              		.loc 2 225 2 view .LVU849
 225:Middlewares/Third_Party/FreeRTOS/Source/portable/GCC/ARM_CM3/portmacro.h **** }
 2944              		.loc 2 225 2 is_stmt 0 view .LVU850
 2945              		.thumb
 2946              		.syntax unified
 2947              	.LBE164:
 2948              	.LBE163:
1068:Middlewares/Third_Party/FreeRTOS/Source/stream_buffer.c **** 		{
 2949              		.loc 1 1068 3 is_stmt 1 view .LVU851
1068:Middlewares/Third_Party/FreeRTOS/Source/stream_buffer.c **** 		{
 2950              		.loc 1 1068 25 is_stmt 0 view .LVU852
 2951 001c 4369     		ldr	r3, [r0, #20]
1068:Middlewares/Third_Party/FreeRTOS/Source/stream_buffer.c **** 		{
 2952              		.loc 1 1068 5 view .LVU853
 2953 001e B3B1     		cbz	r3, .L202
1070:Middlewares/Third_Party/FreeRTOS/Source/stream_buffer.c **** 										 ( uint32_t ) 0,
 2954              		.loc 1 1070 4 is_stmt 1 view .LVU854
1070:Middlewares/Third_Party/FreeRTOS/Source/stream_buffer.c **** 										 ( uint32_t ) 0,
 2955              		.loc 1 1070 13 is_stmt 0 view .LVU855
 2956 0020 4069     		ldr	r0, [r0, #20]
 2957              	.LVL237:
1070:Middlewares/Third_Party/FreeRTOS/Source/stream_buffer.c **** 										 ( uint32_t ) 0,
 2958              		.loc 1 1070 13 view .LVU856
 2959 0022 0091     		str	r1, [sp]
 2960 0024 0023     		movs	r3, #0
 2961 0026 1A46     		mov	r2, r3
 2962 0028 1946     		mov	r1, r3
 2963              	.LVL238:
1070:Middlewares/Third_Party/FreeRTOS/Source/stream_buffer.c **** 										 ( uint32_t ) 0,
 2964              		.loc 1 1070 13 view .LVU857
 2965 002a FFF7FEFF 		bl	xTaskGenericNotifyFromISR
 2966              	.LVL239:
1074:Middlewares/Third_Party/FreeRTOS/Source/stream_buffer.c **** 			xReturn = pdTRUE;
 2967              		.loc 1 1074 4 is_stmt 1 view .LVU858
1074:Middlewares/Third_Party/FreeRTOS/Source/stream_buffer.c **** 			xReturn = pdTRUE;
 2968              		.loc 1 1074 43 is_stmt 0 view .LVU859
 2969 002e 0023     		movs	r3, #0
 2970 0030 6B61     		str	r3, [r5, #20]
1075:Middlewares/Third_Party/FreeRTOS/Source/stream_buffer.c **** 		}
 2971              		.loc 1 1075 4 is_stmt 1 view .LVU860
 2972              	.LVL240:
1075:Middlewares/Third_Party/FreeRTOS/Source/stream_buffer.c **** 		}
 2973              		.loc 1 1075 12 is_stmt 0 view .LVU861
ARM GAS  D:\TMP\ccko02Uc.s 			page 92


 2974 0032 0120     		movs	r0, #1
 2975              	.LVL241:
 2976              	.L201:
1082:Middlewares/Third_Party/FreeRTOS/Source/stream_buffer.c **** 
 2977              		.loc 1 1082 2 is_stmt 1 view .LVU862
 2978              	.LBB165:
 2979              	.LBI165:
 229:Middlewares/Third_Party/FreeRTOS/Source/portable/GCC/ARM_CM3/portmacro.h **** {
 2980              		.loc 2 229 30 view .LVU863
 2981              	.LBB166:
 231:Middlewares/Third_Party/FreeRTOS/Source/portable/GCC/ARM_CM3/portmacro.h **** 	(
 2982              		.loc 2 231 2 view .LVU864
 2983              		.syntax unified
 2984              	@ 231 "Middlewares/Third_Party/FreeRTOS/Source/portable/GCC/ARM_CM3/portmacro.h" 1
 2985 0034 84F31188 			msr basepri, r4	
 2986              	@ 0 "" 2
 2987              		.thumb
 2988              		.syntax unified
 2989              	.LBE166:
 2990              	.LBE165:
1084:Middlewares/Third_Party/FreeRTOS/Source/stream_buffer.c **** }
 2991              		.loc 1 1084 2 view .LVU865
1085:Middlewares/Third_Party/FreeRTOS/Source/stream_buffer.c **** /*-----------------------------------------------------------*/
 2992              		.loc 1 1085 1 is_stmt 0 view .LVU866
 2993 0038 03B0     		add	sp, sp, #12
 2994              	.LCFI56:
 2995              		.cfi_def_cfa_offset 12
 2996              		@ sp needed
 2997 003a 30BD     		pop	{r4, r5, pc}
 2998              	.LVL242:
 2999              	.L205:
 3000              	.LCFI57:
 3001              		.cfi_def_cfa_offset 0
 3002              		.cfi_restore 4
 3003              		.cfi_restore 5
 3004              		.cfi_restore 14
1064:Middlewares/Third_Party/FreeRTOS/Source/stream_buffer.c **** 
 3005              		.loc 1 1064 2 is_stmt 1 discriminator 1 view .LVU867
 3006              	.LBB167:
 3007              	.LBI167:
 193:Middlewares/Third_Party/FreeRTOS/Source/portable/GCC/ARM_CM3/portmacro.h **** {
 3008              		.loc 2 193 30 view .LVU868
 3009              	.LBB168:
 195:Middlewares/Third_Party/FreeRTOS/Source/portable/GCC/ARM_CM3/portmacro.h **** 
 3010              		.loc 2 195 1 view .LVU869
 197:Middlewares/Third_Party/FreeRTOS/Source/portable/GCC/ARM_CM3/portmacro.h **** 	(
 3011              		.loc 2 197 2 view .LVU870
 3012              		.syntax unified
 3013              	@ 197 "Middlewares/Third_Party/FreeRTOS/Source/portable/GCC/ARM_CM3/portmacro.h" 1
 3014 003c 4FF02003 			mov r3, #32												
 3015 0040 83F31188 		msr basepri, r3											
 3016 0044 BFF36F8F 		isb														
 3017 0048 BFF34F8F 		dsb														
 3018              	
 3019              	@ 0 "" 2
 3020              		.thumb
 3021              		.syntax unified
ARM GAS  D:\TMP\ccko02Uc.s 			page 93


 3022              	.L200:
 3023              	.LBE168:
 3024              	.LBE167:
1064:Middlewares/Third_Party/FreeRTOS/Source/stream_buffer.c **** 
 3025              		.loc 1 1064 2 discriminator 3 view .LVU871
1064:Middlewares/Third_Party/FreeRTOS/Source/stream_buffer.c **** 
 3026              		.loc 1 1064 2 discriminator 3 view .LVU872
1064:Middlewares/Third_Party/FreeRTOS/Source/stream_buffer.c **** 
 3027              		.loc 1 1064 2 discriminator 3 view .LVU873
 3028 004c FEE7     		b	.L200
 3029              	.LVL243:
 3030              	.L202:
 3031              	.LCFI58:
 3032              		.cfi_def_cfa_offset 24
 3033              		.cfi_offset 4, -12
 3034              		.cfi_offset 5, -8
 3035              		.cfi_offset 14, -4
1079:Middlewares/Third_Party/FreeRTOS/Source/stream_buffer.c **** 		}
 3036              		.loc 1 1079 12 is_stmt 0 view .LVU874
 3037 004e 0020     		movs	r0, #0
 3038              	.LVL244:
1079:Middlewares/Third_Party/FreeRTOS/Source/stream_buffer.c **** 		}
 3039              		.loc 1 1079 12 view .LVU875
 3040 0050 F0E7     		b	.L201
 3041              		.cfi_endproc
 3042              	.LFE21:
 3044              		.text
 3045              	.Letext0:
 3046              		.file 3 "F:/Msys2/mingw64/arm-none-eabi/include/machine/_default_types.h"
 3047              		.file 4 "F:/Msys2/mingw64/arm-none-eabi/include/sys/_stdint.h"
 3048              		.file 5 "F:/Msys2/mingw64/lib/gcc/arm-none-eabi/13.3.0/include/stddef.h"
 3049              		.file 6 "Middlewares/Third_Party/FreeRTOS/Source/include/task.h"
 3050              		.file 7 "Middlewares/Third_Party/FreeRTOS/Source/include/stream_buffer.h"
 3051              		.file 8 "F:/Msys2/mingw64/arm-none-eabi/include/string.h"
 3052              		.file 9 "Middlewares/Third_Party/FreeRTOS/Source/include/portable.h"
 3053              		.file 10 "<built-in>"
ARM GAS  D:\TMP\ccko02Uc.s 			page 94


DEFINED SYMBOLS
                            *ABS*:00000000 stream_buffer.c
   D:\TMP\ccko02Uc.s:19     .text.prvBytesInBuffer:00000000 $t
   D:\TMP\ccko02Uc.s:24     .text.prvBytesInBuffer:00000000 prvBytesInBuffer
   D:\TMP\ccko02Uc.s:65     .text.prvInitialiseNewStreamBuffer:00000000 $t
   D:\TMP\ccko02Uc.s:70     .text.prvInitialiseNewStreamBuffer:00000000 prvInitialiseNewStreamBuffer
   D:\TMP\ccko02Uc.s:161    .text.prvWriteBytesToBuffer:00000000 $t
   D:\TMP\ccko02Uc.s:166    .text.prvWriteBytesToBuffer:00000000 prvWriteBytesToBuffer
   D:\TMP\ccko02Uc.s:340    .text.prvWriteMessageToBuffer:00000000 $t
   D:\TMP\ccko02Uc.s:345    .text.prvWriteMessageToBuffer:00000000 prvWriteMessageToBuffer
   D:\TMP\ccko02Uc.s:445    .text.prvReadBytesFromBuffer:00000000 $t
   D:\TMP\ccko02Uc.s:450    .text.prvReadBytesFromBuffer:00000000 prvReadBytesFromBuffer
   D:\TMP\ccko02Uc.s:617    .text.prvReadMessageFromBuffer:00000000 $t
   D:\TMP\ccko02Uc.s:622    .text.prvReadMessageFromBuffer:00000000 prvReadMessageFromBuffer
   D:\TMP\ccko02Uc.s:723    .text.xStreamBufferGenericCreate:00000000 $t
   D:\TMP\ccko02Uc.s:729    .text.xStreamBufferGenericCreate:00000000 xStreamBufferGenericCreate
   D:\TMP\ccko02Uc.s:896    .text.vStreamBufferDelete:00000000 $t
   D:\TMP\ccko02Uc.s:902    .text.vStreamBufferDelete:00000000 vStreamBufferDelete
   D:\TMP\ccko02Uc.s:972    .text.xStreamBufferReset:00000000 $t
   D:\TMP\ccko02Uc.s:978    .text.xStreamBufferReset:00000000 xStreamBufferReset
   D:\TMP\ccko02Uc.s:1091   .text.xStreamBufferSetTriggerLevel:00000000 $t
   D:\TMP\ccko02Uc.s:1097   .text.xStreamBufferSetTriggerLevel:00000000 xStreamBufferSetTriggerLevel
   D:\TMP\ccko02Uc.s:1171   .text.xStreamBufferSpacesAvailable:00000000 $t
   D:\TMP\ccko02Uc.s:1177   .text.xStreamBufferSpacesAvailable:00000000 xStreamBufferSpacesAvailable
   D:\TMP\ccko02Uc.s:1254   .text.xStreamBufferBytesAvailable:00000000 $t
   D:\TMP\ccko02Uc.s:1260   .text.xStreamBufferBytesAvailable:00000000 xStreamBufferBytesAvailable
   D:\TMP\ccko02Uc.s:1316   .text.xStreamBufferSend:00000000 $t
   D:\TMP\ccko02Uc.s:1322   .text.xStreamBufferSend:00000000 xStreamBufferSend
   D:\TMP\ccko02Uc.s:1646   .text.xStreamBufferSendFromISR:00000000 $t
   D:\TMP\ccko02Uc.s:1652   .text.xStreamBufferSendFromISR:00000000 xStreamBufferSendFromISR
   D:\TMP\ccko02Uc.s:1888   .text.xStreamBufferReceive:00000000 $t
   D:\TMP\ccko02Uc.s:1894   .text.xStreamBufferReceive:00000000 xStreamBufferReceive
   D:\TMP\ccko02Uc.s:2187   .text.xStreamBufferNextMessageLengthBytes:00000000 $t
   D:\TMP\ccko02Uc.s:2193   .text.xStreamBufferNextMessageLengthBytes:00000000 xStreamBufferNextMessageLengthBytes
   D:\TMP\ccko02Uc.s:2333   .text.xStreamBufferReceiveFromISR:00000000 $t
   D:\TMP\ccko02Uc.s:2339   .text.xStreamBufferReceiveFromISR:00000000 xStreamBufferReceiveFromISR
   D:\TMP\ccko02Uc.s:2573   .text.xStreamBufferIsEmpty:00000000 $t
   D:\TMP\ccko02Uc.s:2579   .text.xStreamBufferIsEmpty:00000000 xStreamBufferIsEmpty
   D:\TMP\ccko02Uc.s:2646   .text.xStreamBufferIsFull:00000000 $t
   D:\TMP\ccko02Uc.s:2652   .text.xStreamBufferIsFull:00000000 xStreamBufferIsFull
   D:\TMP\ccko02Uc.s:2747   .text.xStreamBufferSendCompletedFromISR:00000000 $t
   D:\TMP\ccko02Uc.s:2753   .text.xStreamBufferSendCompletedFromISR:00000000 xStreamBufferSendCompletedFromISR
   D:\TMP\ccko02Uc.s:2896   .text.xStreamBufferReceiveCompletedFromISR:00000000 $t
   D:\TMP\ccko02Uc.s:2902   .text.xStreamBufferReceiveCompletedFromISR:00000000 xStreamBufferReceiveCompletedFromISR

UNDEFINED SYMBOLS
memset
memcpy
pvPortMalloc
vPortFree
vPortEnterCritical
vPortExitCritical
vTaskSetTimeOutState
xTaskNotifyStateClear
xTaskGetCurrentTaskHandle
xTaskNotifyWait
xTaskCheckForTimeOut
ARM GAS  D:\TMP\ccko02Uc.s 			page 95


vTaskSuspendAll
xTaskGenericNotify
xTaskResumeAll
xTaskGenericNotifyFromISR
