ARM GAS  D:\TMP\ccFCmCnH.s 			page 1


   1              		.cpu cortex-m3
   2              		.arch armv7-m
   3              		.fpu softvfp
   4              		.eabi_attribute 20, 1
   5              		.eabi_attribute 21, 1
   6              		.eabi_attribute 23, 3
   7              		.eabi_attribute 24, 1
   8              		.eabi_attribute 25, 1
   9              		.eabi_attribute 26, 1
  10              		.eabi_attribute 30, 1
  11              		.eabi_attribute 34, 1
  12              		.eabi_attribute 18, 4
  13              		.file	"tasks.c"
  14              		.text
  15              	.Ltext0:
  16              		.cfi_sections	.debug_frame
  17              		.file 1 "Middlewares/Third_Party/FreeRTOS/Source/tasks.c"
  18              		.section	.text.prvTaskIsTaskSuspended,"ax",%progbits
  19              		.align	1
  20              		.syntax unified
  21              		.thumb
  22              		.thumb_func
  24              	prvTaskIsTaskSuspended:
  25              	.LVL0:
  26              	.LFB16:
   1:Middlewares/Third_Party/FreeRTOS/Source/tasks.c **** /*
   2:Middlewares/Third_Party/FreeRTOS/Source/tasks.c ****  * FreeRTOS Kernel V10.3.1
   3:Middlewares/Third_Party/FreeRTOS/Source/tasks.c ****  * Copyright (C) 2020 Amazon.com, Inc. or its affiliates.  All Rights Reserved.
   4:Middlewares/Third_Party/FreeRTOS/Source/tasks.c ****  *
   5:Middlewares/Third_Party/FreeRTOS/Source/tasks.c ****  * Permission is hereby granted, free of charge, to any person obtaining a copy of
   6:Middlewares/Third_Party/FreeRTOS/Source/tasks.c ****  * this software and associated documentation files (the "Software"), to deal in
   7:Middlewares/Third_Party/FreeRTOS/Source/tasks.c ****  * the Software without restriction, including without limitation the rights to
   8:Middlewares/Third_Party/FreeRTOS/Source/tasks.c ****  * use, copy, modify, merge, publish, distribute, sublicense, and/or sell copies of
   9:Middlewares/Third_Party/FreeRTOS/Source/tasks.c ****  * the Software, and to permit persons to whom the Software is furnished to do so,
  10:Middlewares/Third_Party/FreeRTOS/Source/tasks.c ****  * subject to the following conditions:
  11:Middlewares/Third_Party/FreeRTOS/Source/tasks.c ****  *
  12:Middlewares/Third_Party/FreeRTOS/Source/tasks.c ****  * The above copyright notice and this permission notice shall be included in all
  13:Middlewares/Third_Party/FreeRTOS/Source/tasks.c ****  * copies or substantial portions of the Software.
  14:Middlewares/Third_Party/FreeRTOS/Source/tasks.c ****  *
  15:Middlewares/Third_Party/FreeRTOS/Source/tasks.c ****  * THE SOFTWARE IS PROVIDED "AS IS", WITHOUT WARRANTY OF ANY KIND, EXPRESS OR
  16:Middlewares/Third_Party/FreeRTOS/Source/tasks.c ****  * IMPLIED, INCLUDING BUT NOT LIMITED TO THE WARRANTIES OF MERCHANTABILITY, FITNESS
  17:Middlewares/Third_Party/FreeRTOS/Source/tasks.c ****  * FOR A PARTICULAR PURPOSE AND NONINFRINGEMENT. IN NO EVENT SHALL THE AUTHORS OR
  18:Middlewares/Third_Party/FreeRTOS/Source/tasks.c ****  * COPYRIGHT HOLDERS BE LIABLE FOR ANY CLAIM, DAMAGES OR OTHER LIABILITY, WHETHER
  19:Middlewares/Third_Party/FreeRTOS/Source/tasks.c ****  * IN AN ACTION OF CONTRACT, TORT OR OTHERWISE, ARISING FROM, OUT OF OR IN
  20:Middlewares/Third_Party/FreeRTOS/Source/tasks.c ****  * CONNECTION WITH THE SOFTWARE OR THE USE OR OTHER DEALINGS IN THE SOFTWARE.
  21:Middlewares/Third_Party/FreeRTOS/Source/tasks.c ****  *
  22:Middlewares/Third_Party/FreeRTOS/Source/tasks.c ****  * http://www.FreeRTOS.org
  23:Middlewares/Third_Party/FreeRTOS/Source/tasks.c ****  * http://aws.amazon.com/freertos
  24:Middlewares/Third_Party/FreeRTOS/Source/tasks.c ****  *
  25:Middlewares/Third_Party/FreeRTOS/Source/tasks.c ****  * 1 tab == 4 spaces!
  26:Middlewares/Third_Party/FreeRTOS/Source/tasks.c ****  */
  27:Middlewares/Third_Party/FreeRTOS/Source/tasks.c **** 
  28:Middlewares/Third_Party/FreeRTOS/Source/tasks.c **** /* Standard includes. */
  29:Middlewares/Third_Party/FreeRTOS/Source/tasks.c **** #include <stdlib.h>
  30:Middlewares/Third_Party/FreeRTOS/Source/tasks.c **** #include <string.h>
  31:Middlewares/Third_Party/FreeRTOS/Source/tasks.c **** 
  32:Middlewares/Third_Party/FreeRTOS/Source/tasks.c **** /* Defining MPU_WRAPPERS_INCLUDED_FROM_API_FILE prevents task.h from redefining
ARM GAS  D:\TMP\ccFCmCnH.s 			page 2


  33:Middlewares/Third_Party/FreeRTOS/Source/tasks.c **** all the API functions to use the MPU wrappers.  That should only be done when
  34:Middlewares/Third_Party/FreeRTOS/Source/tasks.c **** task.h is included from an application file. */
  35:Middlewares/Third_Party/FreeRTOS/Source/tasks.c **** #define MPU_WRAPPERS_INCLUDED_FROM_API_FILE
  36:Middlewares/Third_Party/FreeRTOS/Source/tasks.c **** 
  37:Middlewares/Third_Party/FreeRTOS/Source/tasks.c **** /* FreeRTOS includes. */
  38:Middlewares/Third_Party/FreeRTOS/Source/tasks.c **** #include "FreeRTOS.h"
  39:Middlewares/Third_Party/FreeRTOS/Source/tasks.c **** #include "task.h"
  40:Middlewares/Third_Party/FreeRTOS/Source/tasks.c **** #include "timers.h"
  41:Middlewares/Third_Party/FreeRTOS/Source/tasks.c **** #include "stack_macros.h"
  42:Middlewares/Third_Party/FreeRTOS/Source/tasks.c **** 
  43:Middlewares/Third_Party/FreeRTOS/Source/tasks.c **** /* Lint e9021, e961 and e750 are suppressed as a MISRA exception justified
  44:Middlewares/Third_Party/FreeRTOS/Source/tasks.c **** because the MPU ports require MPU_WRAPPERS_INCLUDED_FROM_API_FILE to be defined
  45:Middlewares/Third_Party/FreeRTOS/Source/tasks.c **** for the header files above, but not in this file, in order to generate the
  46:Middlewares/Third_Party/FreeRTOS/Source/tasks.c **** correct privileged Vs unprivileged linkage and placement. */
  47:Middlewares/Third_Party/FreeRTOS/Source/tasks.c **** #undef MPU_WRAPPERS_INCLUDED_FROM_API_FILE /*lint !e961 !e750 !e9021. */
  48:Middlewares/Third_Party/FreeRTOS/Source/tasks.c **** 
  49:Middlewares/Third_Party/FreeRTOS/Source/tasks.c **** /* Set configUSE_STATS_FORMATTING_FUNCTIONS to 2 to include the stats formatting
  50:Middlewares/Third_Party/FreeRTOS/Source/tasks.c **** functions but without including stdio.h here. */
  51:Middlewares/Third_Party/FreeRTOS/Source/tasks.c **** #if ( configUSE_STATS_FORMATTING_FUNCTIONS == 1 )
  52:Middlewares/Third_Party/FreeRTOS/Source/tasks.c **** 	/* At the bottom of this file are two optional functions that can be used
  53:Middlewares/Third_Party/FreeRTOS/Source/tasks.c **** 	to generate human readable text from the raw data generated by the
  54:Middlewares/Third_Party/FreeRTOS/Source/tasks.c **** 	uxTaskGetSystemState() function.  Note the formatting functions are provided
  55:Middlewares/Third_Party/FreeRTOS/Source/tasks.c **** 	for convenience only, and are NOT considered part of the kernel. */
  56:Middlewares/Third_Party/FreeRTOS/Source/tasks.c **** 	#include <stdio.h>
  57:Middlewares/Third_Party/FreeRTOS/Source/tasks.c **** #endif /* configUSE_STATS_FORMATTING_FUNCTIONS == 1 ) */
  58:Middlewares/Third_Party/FreeRTOS/Source/tasks.c **** 
  59:Middlewares/Third_Party/FreeRTOS/Source/tasks.c **** #if( configUSE_PREEMPTION == 0 )
  60:Middlewares/Third_Party/FreeRTOS/Source/tasks.c **** 	/* If the cooperative scheduler is being used then a yield should not be
  61:Middlewares/Third_Party/FreeRTOS/Source/tasks.c **** 	performed just because a higher priority task has been woken. */
  62:Middlewares/Third_Party/FreeRTOS/Source/tasks.c **** 	#define taskYIELD_IF_USING_PREEMPTION()
  63:Middlewares/Third_Party/FreeRTOS/Source/tasks.c **** #else
  64:Middlewares/Third_Party/FreeRTOS/Source/tasks.c **** 	#define taskYIELD_IF_USING_PREEMPTION() portYIELD_WITHIN_API()
  65:Middlewares/Third_Party/FreeRTOS/Source/tasks.c **** #endif
  66:Middlewares/Third_Party/FreeRTOS/Source/tasks.c **** 
  67:Middlewares/Third_Party/FreeRTOS/Source/tasks.c **** /* Values that can be assigned to the ucNotifyState member of the TCB. */
  68:Middlewares/Third_Party/FreeRTOS/Source/tasks.c **** #define taskNOT_WAITING_NOTIFICATION	( ( uint8_t ) 0 )
  69:Middlewares/Third_Party/FreeRTOS/Source/tasks.c **** #define taskWAITING_NOTIFICATION		( ( uint8_t ) 1 )
  70:Middlewares/Third_Party/FreeRTOS/Source/tasks.c **** #define taskNOTIFICATION_RECEIVED		( ( uint8_t ) 2 )
  71:Middlewares/Third_Party/FreeRTOS/Source/tasks.c **** 
  72:Middlewares/Third_Party/FreeRTOS/Source/tasks.c **** /*
  73:Middlewares/Third_Party/FreeRTOS/Source/tasks.c ****  * The value used to fill the stack of a task when the task is created.  This
  74:Middlewares/Third_Party/FreeRTOS/Source/tasks.c ****  * is used purely for checking the high water mark for tasks.
  75:Middlewares/Third_Party/FreeRTOS/Source/tasks.c ****  */
  76:Middlewares/Third_Party/FreeRTOS/Source/tasks.c **** #define tskSTACK_FILL_BYTE	( 0xa5U )
  77:Middlewares/Third_Party/FreeRTOS/Source/tasks.c **** 
  78:Middlewares/Third_Party/FreeRTOS/Source/tasks.c **** /* Bits used to recored how a task's stack and TCB were allocated. */
  79:Middlewares/Third_Party/FreeRTOS/Source/tasks.c **** #define tskDYNAMICALLY_ALLOCATED_STACK_AND_TCB 		( ( uint8_t ) 0 )
  80:Middlewares/Third_Party/FreeRTOS/Source/tasks.c **** #define tskSTATICALLY_ALLOCATED_STACK_ONLY 			( ( uint8_t ) 1 )
  81:Middlewares/Third_Party/FreeRTOS/Source/tasks.c **** #define tskSTATICALLY_ALLOCATED_STACK_AND_TCB		( ( uint8_t ) 2 )
  82:Middlewares/Third_Party/FreeRTOS/Source/tasks.c **** 
  83:Middlewares/Third_Party/FreeRTOS/Source/tasks.c **** /* If any of the following are set then task stacks are filled with a known
  84:Middlewares/Third_Party/FreeRTOS/Source/tasks.c **** value so the high water mark can be determined.  If none of the following are
  85:Middlewares/Third_Party/FreeRTOS/Source/tasks.c **** set then don't fill the stack so there is no unnecessary dependency on memset. */
  86:Middlewares/Third_Party/FreeRTOS/Source/tasks.c **** #if( ( configCHECK_FOR_STACK_OVERFLOW > 1 ) || ( configUSE_TRACE_FACILITY == 1 ) || ( INCLUDE_uxTas
  87:Middlewares/Third_Party/FreeRTOS/Source/tasks.c **** 	#define tskSET_NEW_STACKS_TO_KNOWN_VALUE	1
  88:Middlewares/Third_Party/FreeRTOS/Source/tasks.c **** #else
  89:Middlewares/Third_Party/FreeRTOS/Source/tasks.c **** 	#define tskSET_NEW_STACKS_TO_KNOWN_VALUE	0
ARM GAS  D:\TMP\ccFCmCnH.s 			page 3


  90:Middlewares/Third_Party/FreeRTOS/Source/tasks.c **** #endif
  91:Middlewares/Third_Party/FreeRTOS/Source/tasks.c **** 
  92:Middlewares/Third_Party/FreeRTOS/Source/tasks.c **** /*
  93:Middlewares/Third_Party/FreeRTOS/Source/tasks.c ****  * Macros used by vListTask to indicate which state a task is in.
  94:Middlewares/Third_Party/FreeRTOS/Source/tasks.c ****  */
  95:Middlewares/Third_Party/FreeRTOS/Source/tasks.c **** #define tskRUNNING_CHAR		( 'X' )
  96:Middlewares/Third_Party/FreeRTOS/Source/tasks.c **** #define tskBLOCKED_CHAR		( 'B' )
  97:Middlewares/Third_Party/FreeRTOS/Source/tasks.c **** #define tskREADY_CHAR		( 'R' )
  98:Middlewares/Third_Party/FreeRTOS/Source/tasks.c **** #define tskDELETED_CHAR		( 'D' )
  99:Middlewares/Third_Party/FreeRTOS/Source/tasks.c **** #define tskSUSPENDED_CHAR	( 'S' )
 100:Middlewares/Third_Party/FreeRTOS/Source/tasks.c **** 
 101:Middlewares/Third_Party/FreeRTOS/Source/tasks.c **** /*
 102:Middlewares/Third_Party/FreeRTOS/Source/tasks.c ****  * Some kernel aware debuggers require the data the debugger needs access to be
 103:Middlewares/Third_Party/FreeRTOS/Source/tasks.c ****  * global, rather than file scope.
 104:Middlewares/Third_Party/FreeRTOS/Source/tasks.c ****  */
 105:Middlewares/Third_Party/FreeRTOS/Source/tasks.c **** #ifdef portREMOVE_STATIC_QUALIFIER
 106:Middlewares/Third_Party/FreeRTOS/Source/tasks.c **** 	#define static
 107:Middlewares/Third_Party/FreeRTOS/Source/tasks.c **** #endif
 108:Middlewares/Third_Party/FreeRTOS/Source/tasks.c **** 
 109:Middlewares/Third_Party/FreeRTOS/Source/tasks.c **** /* The name allocated to the Idle task.  This can be overridden by defining
 110:Middlewares/Third_Party/FreeRTOS/Source/tasks.c **** configIDLE_TASK_NAME in FreeRTOSConfig.h. */
 111:Middlewares/Third_Party/FreeRTOS/Source/tasks.c **** #ifndef configIDLE_TASK_NAME
 112:Middlewares/Third_Party/FreeRTOS/Source/tasks.c **** 	#define configIDLE_TASK_NAME "IDLE"
 113:Middlewares/Third_Party/FreeRTOS/Source/tasks.c **** #endif
 114:Middlewares/Third_Party/FreeRTOS/Source/tasks.c **** 
 115:Middlewares/Third_Party/FreeRTOS/Source/tasks.c **** #if ( configUSE_PORT_OPTIMISED_TASK_SELECTION == 0 )
 116:Middlewares/Third_Party/FreeRTOS/Source/tasks.c **** 
 117:Middlewares/Third_Party/FreeRTOS/Source/tasks.c **** 	/* If configUSE_PORT_OPTIMISED_TASK_SELECTION is 0 then task selection is
 118:Middlewares/Third_Party/FreeRTOS/Source/tasks.c **** 	performed in a generic way that is not optimised to any particular
 119:Middlewares/Third_Party/FreeRTOS/Source/tasks.c **** 	microcontroller architecture. */
 120:Middlewares/Third_Party/FreeRTOS/Source/tasks.c **** 
 121:Middlewares/Third_Party/FreeRTOS/Source/tasks.c **** 	/* uxTopReadyPriority holds the priority of the highest priority ready
 122:Middlewares/Third_Party/FreeRTOS/Source/tasks.c **** 	state task. */
 123:Middlewares/Third_Party/FreeRTOS/Source/tasks.c **** 	#define taskRECORD_READY_PRIORITY( uxPriority )														\
 124:Middlewares/Third_Party/FreeRTOS/Source/tasks.c **** 	{																									\
 125:Middlewares/Third_Party/FreeRTOS/Source/tasks.c **** 		if( ( uxPriority ) > uxTopReadyPriority )														\
 126:Middlewares/Third_Party/FreeRTOS/Source/tasks.c **** 		{																								\
 127:Middlewares/Third_Party/FreeRTOS/Source/tasks.c **** 			uxTopReadyPriority = ( uxPriority );														\
 128:Middlewares/Third_Party/FreeRTOS/Source/tasks.c **** 		}																								\
 129:Middlewares/Third_Party/FreeRTOS/Source/tasks.c **** 	} /* taskRECORD_READY_PRIORITY */
 130:Middlewares/Third_Party/FreeRTOS/Source/tasks.c **** 
 131:Middlewares/Third_Party/FreeRTOS/Source/tasks.c **** 	/*-----------------------------------------------------------*/
 132:Middlewares/Third_Party/FreeRTOS/Source/tasks.c **** 
 133:Middlewares/Third_Party/FreeRTOS/Source/tasks.c **** 	#define taskSELECT_HIGHEST_PRIORITY_TASK()															\
 134:Middlewares/Third_Party/FreeRTOS/Source/tasks.c **** 	{																									\
 135:Middlewares/Third_Party/FreeRTOS/Source/tasks.c **** 	UBaseType_t uxTopPriority = uxTopReadyPriority;														\
 136:Middlewares/Third_Party/FreeRTOS/Source/tasks.c **** 																										\
 137:Middlewares/Third_Party/FreeRTOS/Source/tasks.c **** 		/* Find the highest priority queue that contains ready tasks. */								\
 138:Middlewares/Third_Party/FreeRTOS/Source/tasks.c **** 		while( listLIST_IS_EMPTY( &( pxReadyTasksLists[ uxTopPriority ] ) ) )							\
 139:Middlewares/Third_Party/FreeRTOS/Source/tasks.c **** 		{																								\
 140:Middlewares/Third_Party/FreeRTOS/Source/tasks.c **** 			configASSERT( uxTopPriority );																\
 141:Middlewares/Third_Party/FreeRTOS/Source/tasks.c **** 			--uxTopPriority;																			\
 142:Middlewares/Third_Party/FreeRTOS/Source/tasks.c **** 		}																								\
 143:Middlewares/Third_Party/FreeRTOS/Source/tasks.c **** 																										\
 144:Middlewares/Third_Party/FreeRTOS/Source/tasks.c **** 		/* listGET_OWNER_OF_NEXT_ENTRY indexes through the list, so the tasks of						\
 145:Middlewares/Third_Party/FreeRTOS/Source/tasks.c **** 		the	same priority get an equal share of the processor time. */									\
 146:Middlewares/Third_Party/FreeRTOS/Source/tasks.c **** 		listGET_OWNER_OF_NEXT_ENTRY( pxCurrentTCB, &( pxReadyTasksLists[ uxTopPriority ] ) );			\
ARM GAS  D:\TMP\ccFCmCnH.s 			page 4


 147:Middlewares/Third_Party/FreeRTOS/Source/tasks.c **** 		uxTopReadyPriority = uxTopPriority;																\
 148:Middlewares/Third_Party/FreeRTOS/Source/tasks.c **** 	} /* taskSELECT_HIGHEST_PRIORITY_TASK */
 149:Middlewares/Third_Party/FreeRTOS/Source/tasks.c **** 
 150:Middlewares/Third_Party/FreeRTOS/Source/tasks.c **** 	/*-----------------------------------------------------------*/
 151:Middlewares/Third_Party/FreeRTOS/Source/tasks.c **** 
 152:Middlewares/Third_Party/FreeRTOS/Source/tasks.c **** 	/* Define away taskRESET_READY_PRIORITY() and portRESET_READY_PRIORITY() as
 153:Middlewares/Third_Party/FreeRTOS/Source/tasks.c **** 	they are only required when a port optimised method of task selection is
 154:Middlewares/Third_Party/FreeRTOS/Source/tasks.c **** 	being used. */
 155:Middlewares/Third_Party/FreeRTOS/Source/tasks.c **** 	#define taskRESET_READY_PRIORITY( uxPriority )
 156:Middlewares/Third_Party/FreeRTOS/Source/tasks.c **** 	#define portRESET_READY_PRIORITY( uxPriority, uxTopReadyPriority )
 157:Middlewares/Third_Party/FreeRTOS/Source/tasks.c **** 
 158:Middlewares/Third_Party/FreeRTOS/Source/tasks.c **** #else /* configUSE_PORT_OPTIMISED_TASK_SELECTION */
 159:Middlewares/Third_Party/FreeRTOS/Source/tasks.c **** 
 160:Middlewares/Third_Party/FreeRTOS/Source/tasks.c **** 	/* If configUSE_PORT_OPTIMISED_TASK_SELECTION is 1 then task selection is
 161:Middlewares/Third_Party/FreeRTOS/Source/tasks.c **** 	performed in a way that is tailored to the particular microcontroller
 162:Middlewares/Third_Party/FreeRTOS/Source/tasks.c **** 	architecture being used. */
 163:Middlewares/Third_Party/FreeRTOS/Source/tasks.c **** 
 164:Middlewares/Third_Party/FreeRTOS/Source/tasks.c **** 	/* A port optimised version is provided.  Call the port defined macros. */
 165:Middlewares/Third_Party/FreeRTOS/Source/tasks.c **** 	#define taskRECORD_READY_PRIORITY( uxPriority )	portRECORD_READY_PRIORITY( uxPriority, uxTopReadyP
 166:Middlewares/Third_Party/FreeRTOS/Source/tasks.c **** 
 167:Middlewares/Third_Party/FreeRTOS/Source/tasks.c **** 	/*-----------------------------------------------------------*/
 168:Middlewares/Third_Party/FreeRTOS/Source/tasks.c **** 
 169:Middlewares/Third_Party/FreeRTOS/Source/tasks.c **** 	#define taskSELECT_HIGHEST_PRIORITY_TASK()														\
 170:Middlewares/Third_Party/FreeRTOS/Source/tasks.c **** 	{																								\
 171:Middlewares/Third_Party/FreeRTOS/Source/tasks.c **** 	UBaseType_t uxTopPriority;																		\
 172:Middlewares/Third_Party/FreeRTOS/Source/tasks.c **** 																									\
 173:Middlewares/Third_Party/FreeRTOS/Source/tasks.c **** 		/* Find the highest priority list that contains ready tasks. */								\
 174:Middlewares/Third_Party/FreeRTOS/Source/tasks.c **** 		portGET_HIGHEST_PRIORITY( uxTopPriority, uxTopReadyPriority );								\
 175:Middlewares/Third_Party/FreeRTOS/Source/tasks.c **** 		configASSERT( listCURRENT_LIST_LENGTH( &( pxReadyTasksLists[ uxTopPriority ] ) ) > 0 );		\
 176:Middlewares/Third_Party/FreeRTOS/Source/tasks.c **** 		listGET_OWNER_OF_NEXT_ENTRY( pxCurrentTCB, &( pxReadyTasksLists[ uxTopPriority ] ) );		\
 177:Middlewares/Third_Party/FreeRTOS/Source/tasks.c **** 	} /* taskSELECT_HIGHEST_PRIORITY_TASK() */
 178:Middlewares/Third_Party/FreeRTOS/Source/tasks.c **** 
 179:Middlewares/Third_Party/FreeRTOS/Source/tasks.c **** 	/*-----------------------------------------------------------*/
 180:Middlewares/Third_Party/FreeRTOS/Source/tasks.c **** 
 181:Middlewares/Third_Party/FreeRTOS/Source/tasks.c **** 	/* A port optimised version is provided, call it only if the TCB being reset
 182:Middlewares/Third_Party/FreeRTOS/Source/tasks.c **** 	is being referenced from a ready list.  If it is referenced from a delayed
 183:Middlewares/Third_Party/FreeRTOS/Source/tasks.c **** 	or suspended list then it won't be in a ready list. */
 184:Middlewares/Third_Party/FreeRTOS/Source/tasks.c **** 	#define taskRESET_READY_PRIORITY( uxPriority )														\
 185:Middlewares/Third_Party/FreeRTOS/Source/tasks.c **** 	{																									\
 186:Middlewares/Third_Party/FreeRTOS/Source/tasks.c **** 		if( listCURRENT_LIST_LENGTH( &( pxReadyTasksLists[ ( uxPriority ) ] ) ) == ( UBaseType_t ) 0 )	\
 187:Middlewares/Third_Party/FreeRTOS/Source/tasks.c **** 		{																								\
 188:Middlewares/Third_Party/FreeRTOS/Source/tasks.c **** 			portRESET_READY_PRIORITY( ( uxPriority ), ( uxTopReadyPriority ) );							\
 189:Middlewares/Third_Party/FreeRTOS/Source/tasks.c **** 		}																								\
 190:Middlewares/Third_Party/FreeRTOS/Source/tasks.c **** 	}
 191:Middlewares/Third_Party/FreeRTOS/Source/tasks.c **** 
 192:Middlewares/Third_Party/FreeRTOS/Source/tasks.c **** #endif /* configUSE_PORT_OPTIMISED_TASK_SELECTION */
 193:Middlewares/Third_Party/FreeRTOS/Source/tasks.c **** 
 194:Middlewares/Third_Party/FreeRTOS/Source/tasks.c **** /*-----------------------------------------------------------*/
 195:Middlewares/Third_Party/FreeRTOS/Source/tasks.c **** 
 196:Middlewares/Third_Party/FreeRTOS/Source/tasks.c **** /* pxDelayedTaskList and pxOverflowDelayedTaskList are switched when the tick
 197:Middlewares/Third_Party/FreeRTOS/Source/tasks.c **** count overflows. */
 198:Middlewares/Third_Party/FreeRTOS/Source/tasks.c **** #define taskSWITCH_DELAYED_LISTS()																	\
 199:Middlewares/Third_Party/FreeRTOS/Source/tasks.c **** {																									\
 200:Middlewares/Third_Party/FreeRTOS/Source/tasks.c **** 	List_t *pxTemp;																					\
 201:Middlewares/Third_Party/FreeRTOS/Source/tasks.c **** 																									\
 202:Middlewares/Third_Party/FreeRTOS/Source/tasks.c **** 	/* The delayed tasks list should be empty when the lists are switched. */						\
 203:Middlewares/Third_Party/FreeRTOS/Source/tasks.c **** 	configASSERT( ( listLIST_IS_EMPTY( pxDelayedTaskList ) ) );										\
ARM GAS  D:\TMP\ccFCmCnH.s 			page 5


 204:Middlewares/Third_Party/FreeRTOS/Source/tasks.c **** 																									\
 205:Middlewares/Third_Party/FreeRTOS/Source/tasks.c **** 	pxTemp = pxDelayedTaskList;																		\
 206:Middlewares/Third_Party/FreeRTOS/Source/tasks.c **** 	pxDelayedTaskList = pxOverflowDelayedTaskList;													\
 207:Middlewares/Third_Party/FreeRTOS/Source/tasks.c **** 	pxOverflowDelayedTaskList = pxTemp;																\
 208:Middlewares/Third_Party/FreeRTOS/Source/tasks.c **** 	xNumOfOverflows++;																				\
 209:Middlewares/Third_Party/FreeRTOS/Source/tasks.c **** 	prvResetNextTaskUnblockTime();																	\
 210:Middlewares/Third_Party/FreeRTOS/Source/tasks.c **** }
 211:Middlewares/Third_Party/FreeRTOS/Source/tasks.c **** 
 212:Middlewares/Third_Party/FreeRTOS/Source/tasks.c **** /*-----------------------------------------------------------*/
 213:Middlewares/Third_Party/FreeRTOS/Source/tasks.c **** 
 214:Middlewares/Third_Party/FreeRTOS/Source/tasks.c **** /*
 215:Middlewares/Third_Party/FreeRTOS/Source/tasks.c ****  * Place the task represented by pxTCB into the appropriate ready list for
 216:Middlewares/Third_Party/FreeRTOS/Source/tasks.c ****  * the task.  It is inserted at the end of the list.
 217:Middlewares/Third_Party/FreeRTOS/Source/tasks.c ****  */
 218:Middlewares/Third_Party/FreeRTOS/Source/tasks.c **** #define prvAddTaskToReadyList( pxTCB )																\
 219:Middlewares/Third_Party/FreeRTOS/Source/tasks.c **** 	traceMOVED_TASK_TO_READY_STATE( pxTCB );														\
 220:Middlewares/Third_Party/FreeRTOS/Source/tasks.c **** 	taskRECORD_READY_PRIORITY( ( pxTCB )->uxPriority );												\
 221:Middlewares/Third_Party/FreeRTOS/Source/tasks.c **** 	vListInsertEnd( &( pxReadyTasksLists[ ( pxTCB )->uxPriority ] ), &( ( pxTCB )->xStateListItem ) );
 222:Middlewares/Third_Party/FreeRTOS/Source/tasks.c **** 	tracePOST_MOVED_TASK_TO_READY_STATE( pxTCB )
 223:Middlewares/Third_Party/FreeRTOS/Source/tasks.c **** /*-----------------------------------------------------------*/
 224:Middlewares/Third_Party/FreeRTOS/Source/tasks.c **** 
 225:Middlewares/Third_Party/FreeRTOS/Source/tasks.c **** /*
 226:Middlewares/Third_Party/FreeRTOS/Source/tasks.c ****  * Several functions take an TaskHandle_t parameter that can optionally be NULL,
 227:Middlewares/Third_Party/FreeRTOS/Source/tasks.c ****  * where NULL is used to indicate that the handle of the currently executing
 228:Middlewares/Third_Party/FreeRTOS/Source/tasks.c ****  * task should be used in place of the parameter.  This macro simply checks to
 229:Middlewares/Third_Party/FreeRTOS/Source/tasks.c ****  * see if the parameter is NULL and returns a pointer to the appropriate TCB.
 230:Middlewares/Third_Party/FreeRTOS/Source/tasks.c ****  */
 231:Middlewares/Third_Party/FreeRTOS/Source/tasks.c **** #define prvGetTCBFromHandle( pxHandle ) ( ( ( pxHandle ) == NULL ) ? pxCurrentTCB : ( pxHandle ) )
 232:Middlewares/Third_Party/FreeRTOS/Source/tasks.c **** 
 233:Middlewares/Third_Party/FreeRTOS/Source/tasks.c **** /* The item value of the event list item is normally used to hold the priority
 234:Middlewares/Third_Party/FreeRTOS/Source/tasks.c **** of the task to which it belongs (coded to allow it to be held in reverse
 235:Middlewares/Third_Party/FreeRTOS/Source/tasks.c **** priority order).  However, it is occasionally borrowed for other purposes.  It
 236:Middlewares/Third_Party/FreeRTOS/Source/tasks.c **** is important its value is not updated due to a task priority change while it is
 237:Middlewares/Third_Party/FreeRTOS/Source/tasks.c **** being used for another purpose.  The following bit definition is used to inform
 238:Middlewares/Third_Party/FreeRTOS/Source/tasks.c **** the scheduler that the value should not be changed - in which case it is the
 239:Middlewares/Third_Party/FreeRTOS/Source/tasks.c **** responsibility of whichever module is using the value to ensure it gets set back
 240:Middlewares/Third_Party/FreeRTOS/Source/tasks.c **** to its original value when it is released. */
 241:Middlewares/Third_Party/FreeRTOS/Source/tasks.c **** #if( configUSE_16_BIT_TICKS == 1 )
 242:Middlewares/Third_Party/FreeRTOS/Source/tasks.c **** 	#define taskEVENT_LIST_ITEM_VALUE_IN_USE	0x8000U
 243:Middlewares/Third_Party/FreeRTOS/Source/tasks.c **** #else
 244:Middlewares/Third_Party/FreeRTOS/Source/tasks.c **** 	#define taskEVENT_LIST_ITEM_VALUE_IN_USE	0x80000000UL
 245:Middlewares/Third_Party/FreeRTOS/Source/tasks.c **** #endif
 246:Middlewares/Third_Party/FreeRTOS/Source/tasks.c **** 
 247:Middlewares/Third_Party/FreeRTOS/Source/tasks.c **** /*
 248:Middlewares/Third_Party/FreeRTOS/Source/tasks.c ****  * Task control block.  A task control block (TCB) is allocated for each task,
 249:Middlewares/Third_Party/FreeRTOS/Source/tasks.c ****  * and stores task state information, including a pointer to the task's context
 250:Middlewares/Third_Party/FreeRTOS/Source/tasks.c ****  * (the task's run time environment, including register values)
 251:Middlewares/Third_Party/FreeRTOS/Source/tasks.c ****  */
 252:Middlewares/Third_Party/FreeRTOS/Source/tasks.c **** typedef struct tskTaskControlBlock 			/* The old naming convention is used to prevent breaking kern
 253:Middlewares/Third_Party/FreeRTOS/Source/tasks.c **** {
 254:Middlewares/Third_Party/FreeRTOS/Source/tasks.c **** 	volatile StackType_t	*pxTopOfStack;	/*< Points to the location of the last item placed on the task
 255:Middlewares/Third_Party/FreeRTOS/Source/tasks.c **** 
 256:Middlewares/Third_Party/FreeRTOS/Source/tasks.c **** 	#if ( portUSING_MPU_WRAPPERS == 1 )
 257:Middlewares/Third_Party/FreeRTOS/Source/tasks.c **** 		xMPU_SETTINGS	xMPUSettings;		/*< The MPU settings are defined as part of the port layer.  THIS MU
 258:Middlewares/Third_Party/FreeRTOS/Source/tasks.c **** 	#endif
 259:Middlewares/Third_Party/FreeRTOS/Source/tasks.c **** 
 260:Middlewares/Third_Party/FreeRTOS/Source/tasks.c **** 	ListItem_t			xStateListItem;	/*< The list that the state list item of a task is reference from den
ARM GAS  D:\TMP\ccFCmCnH.s 			page 6


 261:Middlewares/Third_Party/FreeRTOS/Source/tasks.c **** 	ListItem_t			xEventListItem;		/*< Used to reference a task from an event list. */
 262:Middlewares/Third_Party/FreeRTOS/Source/tasks.c **** 	UBaseType_t			uxPriority;			/*< The priority of the task.  0 is the lowest priority. */
 263:Middlewares/Third_Party/FreeRTOS/Source/tasks.c **** 	StackType_t			*pxStack;			/*< Points to the start of the stack. */
 264:Middlewares/Third_Party/FreeRTOS/Source/tasks.c **** 	char				pcTaskName[ configMAX_TASK_NAME_LEN ];/*< Descriptive name given to the task when created.
 265:Middlewares/Third_Party/FreeRTOS/Source/tasks.c **** 
 266:Middlewares/Third_Party/FreeRTOS/Source/tasks.c **** 	#if ( ( portSTACK_GROWTH > 0 ) || ( configRECORD_STACK_HIGH_ADDRESS == 1 ) )
 267:Middlewares/Third_Party/FreeRTOS/Source/tasks.c **** 		StackType_t		*pxEndOfStack;		/*< Points to the highest valid address for the stack. */
 268:Middlewares/Third_Party/FreeRTOS/Source/tasks.c **** 	#endif
 269:Middlewares/Third_Party/FreeRTOS/Source/tasks.c **** 
 270:Middlewares/Third_Party/FreeRTOS/Source/tasks.c **** 	#if ( portCRITICAL_NESTING_IN_TCB == 1 )
 271:Middlewares/Third_Party/FreeRTOS/Source/tasks.c **** 		UBaseType_t		uxCriticalNesting;	/*< Holds the critical section nesting depth for ports that do no
 272:Middlewares/Third_Party/FreeRTOS/Source/tasks.c **** 	#endif
 273:Middlewares/Third_Party/FreeRTOS/Source/tasks.c **** 
 274:Middlewares/Third_Party/FreeRTOS/Source/tasks.c **** 	#if ( configUSE_TRACE_FACILITY == 1 )
 275:Middlewares/Third_Party/FreeRTOS/Source/tasks.c **** 		UBaseType_t		uxTCBNumber;		/*< Stores a number that increments each time a TCB is created.  It al
 276:Middlewares/Third_Party/FreeRTOS/Source/tasks.c **** 		UBaseType_t		uxTaskNumber;		/*< Stores a number specifically for use by third party trace code. *
 277:Middlewares/Third_Party/FreeRTOS/Source/tasks.c **** 	#endif
 278:Middlewares/Third_Party/FreeRTOS/Source/tasks.c **** 
 279:Middlewares/Third_Party/FreeRTOS/Source/tasks.c **** 	#if ( configUSE_MUTEXES == 1 )
 280:Middlewares/Third_Party/FreeRTOS/Source/tasks.c **** 		UBaseType_t		uxBasePriority;		/*< The priority last assigned to the task - used by the priority i
 281:Middlewares/Third_Party/FreeRTOS/Source/tasks.c **** 		UBaseType_t		uxMutexesHeld;
 282:Middlewares/Third_Party/FreeRTOS/Source/tasks.c **** 	#endif
 283:Middlewares/Third_Party/FreeRTOS/Source/tasks.c **** 
 284:Middlewares/Third_Party/FreeRTOS/Source/tasks.c **** 	#if ( configUSE_APPLICATION_TASK_TAG == 1 )
 285:Middlewares/Third_Party/FreeRTOS/Source/tasks.c **** 		TaskHookFunction_t pxTaskTag;
 286:Middlewares/Third_Party/FreeRTOS/Source/tasks.c **** 	#endif
 287:Middlewares/Third_Party/FreeRTOS/Source/tasks.c **** 
 288:Middlewares/Third_Party/FreeRTOS/Source/tasks.c **** 	#if( configNUM_THREAD_LOCAL_STORAGE_POINTERS > 0 )
 289:Middlewares/Third_Party/FreeRTOS/Source/tasks.c **** 		void			*pvThreadLocalStoragePointers[ configNUM_THREAD_LOCAL_STORAGE_POINTERS ];
 290:Middlewares/Third_Party/FreeRTOS/Source/tasks.c **** 	#endif
 291:Middlewares/Third_Party/FreeRTOS/Source/tasks.c **** 
 292:Middlewares/Third_Party/FreeRTOS/Source/tasks.c **** 	#if( configGENERATE_RUN_TIME_STATS == 1 )
 293:Middlewares/Third_Party/FreeRTOS/Source/tasks.c **** 		uint32_t		ulRunTimeCounter;	/*< Stores the amount of time the task has spent in the Running state
 294:Middlewares/Third_Party/FreeRTOS/Source/tasks.c **** 	#endif
 295:Middlewares/Third_Party/FreeRTOS/Source/tasks.c **** 
 296:Middlewares/Third_Party/FreeRTOS/Source/tasks.c **** 	#if ( configUSE_NEWLIB_REENTRANT == 1 )
 297:Middlewares/Third_Party/FreeRTOS/Source/tasks.c **** 		/* Allocate a Newlib reent structure that is specific to this task.
 298:Middlewares/Third_Party/FreeRTOS/Source/tasks.c **** 		Note Newlib support has been included by popular demand, but is not
 299:Middlewares/Third_Party/FreeRTOS/Source/tasks.c **** 		used by the FreeRTOS maintainers themselves.  FreeRTOS is not
 300:Middlewares/Third_Party/FreeRTOS/Source/tasks.c **** 		responsible for resulting newlib operation.  User must be familiar with
 301:Middlewares/Third_Party/FreeRTOS/Source/tasks.c **** 		newlib and must provide system-wide implementations of the necessary
 302:Middlewares/Third_Party/FreeRTOS/Source/tasks.c **** 		stubs. Be warned that (at the time of writing) the current newlib design
 303:Middlewares/Third_Party/FreeRTOS/Source/tasks.c **** 		implements a system-wide malloc() that must be provided with locks.
 304:Middlewares/Third_Party/FreeRTOS/Source/tasks.c **** 
 305:Middlewares/Third_Party/FreeRTOS/Source/tasks.c **** 		See the third party link http://www.nadler.com/embedded/newlibAndFreeRTOS.html
 306:Middlewares/Third_Party/FreeRTOS/Source/tasks.c **** 		for additional information. */
 307:Middlewares/Third_Party/FreeRTOS/Source/tasks.c **** 		struct	_reent xNewLib_reent;
 308:Middlewares/Third_Party/FreeRTOS/Source/tasks.c **** 	#endif
 309:Middlewares/Third_Party/FreeRTOS/Source/tasks.c **** 
 310:Middlewares/Third_Party/FreeRTOS/Source/tasks.c **** 	#if( configUSE_TASK_NOTIFICATIONS == 1 )
 311:Middlewares/Third_Party/FreeRTOS/Source/tasks.c **** 		volatile uint32_t ulNotifiedValue;
 312:Middlewares/Third_Party/FreeRTOS/Source/tasks.c **** 		volatile uint8_t ucNotifyState;
 313:Middlewares/Third_Party/FreeRTOS/Source/tasks.c **** 	#endif
 314:Middlewares/Third_Party/FreeRTOS/Source/tasks.c **** 
 315:Middlewares/Third_Party/FreeRTOS/Source/tasks.c **** 	/* See the comments in FreeRTOS.h with the definition of
 316:Middlewares/Third_Party/FreeRTOS/Source/tasks.c **** 	tskSTATIC_AND_DYNAMIC_ALLOCATION_POSSIBLE. */
 317:Middlewares/Third_Party/FreeRTOS/Source/tasks.c **** 	#if( tskSTATIC_AND_DYNAMIC_ALLOCATION_POSSIBLE != 0 ) /*lint !e731 !e9029 Macro has been consolida
ARM GAS  D:\TMP\ccFCmCnH.s 			page 7


 318:Middlewares/Third_Party/FreeRTOS/Source/tasks.c **** 		uint8_t	ucStaticallyAllocated; 		/*< Set to pdTRUE if the task is a statically allocated to ensur
 319:Middlewares/Third_Party/FreeRTOS/Source/tasks.c **** 	#endif
 320:Middlewares/Third_Party/FreeRTOS/Source/tasks.c **** 
 321:Middlewares/Third_Party/FreeRTOS/Source/tasks.c **** 	#if( INCLUDE_xTaskAbortDelay == 1 )
 322:Middlewares/Third_Party/FreeRTOS/Source/tasks.c **** 		uint8_t ucDelayAborted;
 323:Middlewares/Third_Party/FreeRTOS/Source/tasks.c **** 	#endif
 324:Middlewares/Third_Party/FreeRTOS/Source/tasks.c **** 
 325:Middlewares/Third_Party/FreeRTOS/Source/tasks.c **** 	#if( configUSE_POSIX_ERRNO == 1 )
 326:Middlewares/Third_Party/FreeRTOS/Source/tasks.c **** 		int iTaskErrno;
 327:Middlewares/Third_Party/FreeRTOS/Source/tasks.c **** 	#endif
 328:Middlewares/Third_Party/FreeRTOS/Source/tasks.c **** 
 329:Middlewares/Third_Party/FreeRTOS/Source/tasks.c **** } tskTCB;
 330:Middlewares/Third_Party/FreeRTOS/Source/tasks.c **** 
 331:Middlewares/Third_Party/FreeRTOS/Source/tasks.c **** /* The old tskTCB name is maintained above then typedefed to the new TCB_t name
 332:Middlewares/Third_Party/FreeRTOS/Source/tasks.c **** below to enable the use of older kernel aware debuggers. */
 333:Middlewares/Third_Party/FreeRTOS/Source/tasks.c **** typedef tskTCB TCB_t;
 334:Middlewares/Third_Party/FreeRTOS/Source/tasks.c **** 
 335:Middlewares/Third_Party/FreeRTOS/Source/tasks.c **** /*lint -save -e956 A manual analysis and inspection has been used to determine
 336:Middlewares/Third_Party/FreeRTOS/Source/tasks.c **** which static variables must be declared volatile. */
 337:Middlewares/Third_Party/FreeRTOS/Source/tasks.c **** PRIVILEGED_DATA TCB_t * volatile pxCurrentTCB = NULL;
 338:Middlewares/Third_Party/FreeRTOS/Source/tasks.c **** 
 339:Middlewares/Third_Party/FreeRTOS/Source/tasks.c **** /* Lists for ready and blocked tasks. --------------------
 340:Middlewares/Third_Party/FreeRTOS/Source/tasks.c **** xDelayedTaskList1 and xDelayedTaskList2 could be move to function scople but
 341:Middlewares/Third_Party/FreeRTOS/Source/tasks.c **** doing so breaks some kernel aware debuggers and debuggers that rely on removing
 342:Middlewares/Third_Party/FreeRTOS/Source/tasks.c **** the static qualifier. */
 343:Middlewares/Third_Party/FreeRTOS/Source/tasks.c **** PRIVILEGED_DATA static List_t pxReadyTasksLists[ configMAX_PRIORITIES ];/*< Prioritised ready tasks
 344:Middlewares/Third_Party/FreeRTOS/Source/tasks.c **** PRIVILEGED_DATA static List_t xDelayedTaskList1;						/*< Delayed tasks. */
 345:Middlewares/Third_Party/FreeRTOS/Source/tasks.c **** PRIVILEGED_DATA static List_t xDelayedTaskList2;						/*< Delayed tasks (two lists are used - one f
 346:Middlewares/Third_Party/FreeRTOS/Source/tasks.c **** PRIVILEGED_DATA static List_t * volatile pxDelayedTaskList;				/*< Points to the delayed task list 
 347:Middlewares/Third_Party/FreeRTOS/Source/tasks.c **** PRIVILEGED_DATA static List_t * volatile pxOverflowDelayedTaskList;		/*< Points to the delayed task
 348:Middlewares/Third_Party/FreeRTOS/Source/tasks.c **** PRIVILEGED_DATA static List_t xPendingReadyList;						/*< Tasks that have been readied while the sc
 349:Middlewares/Third_Party/FreeRTOS/Source/tasks.c **** 
 350:Middlewares/Third_Party/FreeRTOS/Source/tasks.c **** #if( INCLUDE_vTaskDelete == 1 )
 351:Middlewares/Third_Party/FreeRTOS/Source/tasks.c **** 
 352:Middlewares/Third_Party/FreeRTOS/Source/tasks.c **** 	PRIVILEGED_DATA static List_t xTasksWaitingTermination;				/*< Tasks that have been deleted - but 
 353:Middlewares/Third_Party/FreeRTOS/Source/tasks.c **** 	PRIVILEGED_DATA static volatile UBaseType_t uxDeletedTasksWaitingCleanUp = ( UBaseType_t ) 0U;
 354:Middlewares/Third_Party/FreeRTOS/Source/tasks.c **** 
 355:Middlewares/Third_Party/FreeRTOS/Source/tasks.c **** #endif
 356:Middlewares/Third_Party/FreeRTOS/Source/tasks.c **** 
 357:Middlewares/Third_Party/FreeRTOS/Source/tasks.c **** #if ( INCLUDE_vTaskSuspend == 1 )
 358:Middlewares/Third_Party/FreeRTOS/Source/tasks.c **** 
 359:Middlewares/Third_Party/FreeRTOS/Source/tasks.c **** 	PRIVILEGED_DATA static List_t xSuspendedTaskList;					/*< Tasks that are currently suspended. */
 360:Middlewares/Third_Party/FreeRTOS/Source/tasks.c **** 
 361:Middlewares/Third_Party/FreeRTOS/Source/tasks.c **** #endif
 362:Middlewares/Third_Party/FreeRTOS/Source/tasks.c **** 
 363:Middlewares/Third_Party/FreeRTOS/Source/tasks.c **** /* Global POSIX errno. Its value is changed upon context switching to match
 364:Middlewares/Third_Party/FreeRTOS/Source/tasks.c **** the errno of the currently running task. */
 365:Middlewares/Third_Party/FreeRTOS/Source/tasks.c **** #if ( configUSE_POSIX_ERRNO == 1 )
 366:Middlewares/Third_Party/FreeRTOS/Source/tasks.c **** 	int FreeRTOS_errno = 0;
 367:Middlewares/Third_Party/FreeRTOS/Source/tasks.c **** #endif
 368:Middlewares/Third_Party/FreeRTOS/Source/tasks.c **** 
 369:Middlewares/Third_Party/FreeRTOS/Source/tasks.c **** /* Other file private variables. --------------------------------*/
 370:Middlewares/Third_Party/FreeRTOS/Source/tasks.c **** PRIVILEGED_DATA static volatile UBaseType_t uxCurrentNumberOfTasks 	= ( UBaseType_t ) 0U;
 371:Middlewares/Third_Party/FreeRTOS/Source/tasks.c **** PRIVILEGED_DATA static volatile TickType_t xTickCount 				= ( TickType_t ) configINITIAL_TICK_COUNT
 372:Middlewares/Third_Party/FreeRTOS/Source/tasks.c **** PRIVILEGED_DATA static volatile UBaseType_t uxTopReadyPriority 		= tskIDLE_PRIORITY;
 373:Middlewares/Third_Party/FreeRTOS/Source/tasks.c **** PRIVILEGED_DATA static volatile BaseType_t xSchedulerRunning 		= pdFALSE;
 374:Middlewares/Third_Party/FreeRTOS/Source/tasks.c **** PRIVILEGED_DATA static volatile TickType_t xPendedTicks 			= ( TickType_t ) 0U;
ARM GAS  D:\TMP\ccFCmCnH.s 			page 8


 375:Middlewares/Third_Party/FreeRTOS/Source/tasks.c **** PRIVILEGED_DATA static volatile BaseType_t xYieldPending 			= pdFALSE;
 376:Middlewares/Third_Party/FreeRTOS/Source/tasks.c **** PRIVILEGED_DATA static volatile BaseType_t xNumOfOverflows 			= ( BaseType_t ) 0;
 377:Middlewares/Third_Party/FreeRTOS/Source/tasks.c **** PRIVILEGED_DATA static UBaseType_t uxTaskNumber 					= ( UBaseType_t ) 0U;
 378:Middlewares/Third_Party/FreeRTOS/Source/tasks.c **** PRIVILEGED_DATA static volatile TickType_t xNextTaskUnblockTime		= ( TickType_t ) 0U; /* Initialise
 379:Middlewares/Third_Party/FreeRTOS/Source/tasks.c **** PRIVILEGED_DATA static TaskHandle_t xIdleTaskHandle					= NULL;			/*< Holds the handle of the idle 
 380:Middlewares/Third_Party/FreeRTOS/Source/tasks.c **** 
 381:Middlewares/Third_Party/FreeRTOS/Source/tasks.c **** /* Context switches are held pending while the scheduler is suspended.  Also,
 382:Middlewares/Third_Party/FreeRTOS/Source/tasks.c **** interrupts must not manipulate the xStateListItem of a TCB, or any of the
 383:Middlewares/Third_Party/FreeRTOS/Source/tasks.c **** lists the xStateListItem can be referenced from, if the scheduler is suspended.
 384:Middlewares/Third_Party/FreeRTOS/Source/tasks.c **** If an interrupt needs to unblock a task while the scheduler is suspended then it
 385:Middlewares/Third_Party/FreeRTOS/Source/tasks.c **** moves the task's event list item into the xPendingReadyList, ready for the
 386:Middlewares/Third_Party/FreeRTOS/Source/tasks.c **** kernel to move the task from the pending ready list into the real ready list
 387:Middlewares/Third_Party/FreeRTOS/Source/tasks.c **** when the scheduler is unsuspended.  The pending ready list itself can only be
 388:Middlewares/Third_Party/FreeRTOS/Source/tasks.c **** accessed from a critical section. */
 389:Middlewares/Third_Party/FreeRTOS/Source/tasks.c **** PRIVILEGED_DATA static volatile UBaseType_t uxSchedulerSuspended	= ( UBaseType_t ) pdFALSE;
 390:Middlewares/Third_Party/FreeRTOS/Source/tasks.c **** 
 391:Middlewares/Third_Party/FreeRTOS/Source/tasks.c **** #if ( configGENERATE_RUN_TIME_STATS == 1 )
 392:Middlewares/Third_Party/FreeRTOS/Source/tasks.c **** 
 393:Middlewares/Third_Party/FreeRTOS/Source/tasks.c **** 	/* Do not move these variables to function scope as doing so prevents the
 394:Middlewares/Third_Party/FreeRTOS/Source/tasks.c **** 	code working with debuggers that need to remove the static qualifier. */
 395:Middlewares/Third_Party/FreeRTOS/Source/tasks.c **** 	PRIVILEGED_DATA static uint32_t ulTaskSwitchedInTime = 0UL;	/*< Holds the value of a timer/counter
 396:Middlewares/Third_Party/FreeRTOS/Source/tasks.c **** 	PRIVILEGED_DATA static uint32_t ulTotalRunTime = 0UL;		/*< Holds the total amount of execution tim
 397:Middlewares/Third_Party/FreeRTOS/Source/tasks.c **** 
 398:Middlewares/Third_Party/FreeRTOS/Source/tasks.c **** #endif
 399:Middlewares/Third_Party/FreeRTOS/Source/tasks.c **** 
 400:Middlewares/Third_Party/FreeRTOS/Source/tasks.c **** /*lint -restore */
 401:Middlewares/Third_Party/FreeRTOS/Source/tasks.c **** 
 402:Middlewares/Third_Party/FreeRTOS/Source/tasks.c **** /*-----------------------------------------------------------*/
 403:Middlewares/Third_Party/FreeRTOS/Source/tasks.c **** 
 404:Middlewares/Third_Party/FreeRTOS/Source/tasks.c **** /* Callback function prototypes. --------------------------*/
 405:Middlewares/Third_Party/FreeRTOS/Source/tasks.c **** #if(  configCHECK_FOR_STACK_OVERFLOW > 0 )
 406:Middlewares/Third_Party/FreeRTOS/Source/tasks.c **** 
 407:Middlewares/Third_Party/FreeRTOS/Source/tasks.c **** 	extern void vApplicationStackOverflowHook( TaskHandle_t xTask, char *pcTaskName );
 408:Middlewares/Third_Party/FreeRTOS/Source/tasks.c **** 
 409:Middlewares/Third_Party/FreeRTOS/Source/tasks.c **** #endif
 410:Middlewares/Third_Party/FreeRTOS/Source/tasks.c **** 
 411:Middlewares/Third_Party/FreeRTOS/Source/tasks.c **** #if( configUSE_TICK_HOOK > 0 )
 412:Middlewares/Third_Party/FreeRTOS/Source/tasks.c **** 
 413:Middlewares/Third_Party/FreeRTOS/Source/tasks.c **** 	extern void vApplicationTickHook( void ); /*lint !e526 Symbol not defined as it is an application 
 414:Middlewares/Third_Party/FreeRTOS/Source/tasks.c **** 
 415:Middlewares/Third_Party/FreeRTOS/Source/tasks.c **** #endif
 416:Middlewares/Third_Party/FreeRTOS/Source/tasks.c **** 
 417:Middlewares/Third_Party/FreeRTOS/Source/tasks.c **** #if( configSUPPORT_STATIC_ALLOCATION == 1 )
 418:Middlewares/Third_Party/FreeRTOS/Source/tasks.c **** 
 419:Middlewares/Third_Party/FreeRTOS/Source/tasks.c **** 	extern void vApplicationGetIdleTaskMemory( StaticTask_t **ppxIdleTaskTCBBuffer, StackType_t **ppxI
 420:Middlewares/Third_Party/FreeRTOS/Source/tasks.c **** 
 421:Middlewares/Third_Party/FreeRTOS/Source/tasks.c **** #endif
 422:Middlewares/Third_Party/FreeRTOS/Source/tasks.c **** 
 423:Middlewares/Third_Party/FreeRTOS/Source/tasks.c **** /* File private functions. --------------------------------*/
 424:Middlewares/Third_Party/FreeRTOS/Source/tasks.c **** 
 425:Middlewares/Third_Party/FreeRTOS/Source/tasks.c **** /**
 426:Middlewares/Third_Party/FreeRTOS/Source/tasks.c ****  * Utility task that simply returns pdTRUE if the task referenced by xTask is
 427:Middlewares/Third_Party/FreeRTOS/Source/tasks.c ****  * currently in the Suspended state, or pdFALSE if the task referenced by xTask
 428:Middlewares/Third_Party/FreeRTOS/Source/tasks.c ****  * is in any other state.
 429:Middlewares/Third_Party/FreeRTOS/Source/tasks.c ****  */
 430:Middlewares/Third_Party/FreeRTOS/Source/tasks.c **** #if ( INCLUDE_vTaskSuspend == 1 )
 431:Middlewares/Third_Party/FreeRTOS/Source/tasks.c **** 
ARM GAS  D:\TMP\ccFCmCnH.s 			page 9


 432:Middlewares/Third_Party/FreeRTOS/Source/tasks.c **** 	static BaseType_t prvTaskIsTaskSuspended( const TaskHandle_t xTask ) PRIVILEGED_FUNCTION;
 433:Middlewares/Third_Party/FreeRTOS/Source/tasks.c **** 
 434:Middlewares/Third_Party/FreeRTOS/Source/tasks.c **** #endif /* INCLUDE_vTaskSuspend */
 435:Middlewares/Third_Party/FreeRTOS/Source/tasks.c **** 
 436:Middlewares/Third_Party/FreeRTOS/Source/tasks.c **** /*
 437:Middlewares/Third_Party/FreeRTOS/Source/tasks.c ****  * Utility to ready all the lists used by the scheduler.  This is called
 438:Middlewares/Third_Party/FreeRTOS/Source/tasks.c ****  * automatically upon the creation of the first task.
 439:Middlewares/Third_Party/FreeRTOS/Source/tasks.c ****  */
 440:Middlewares/Third_Party/FreeRTOS/Source/tasks.c **** static void prvInitialiseTaskLists( void ) PRIVILEGED_FUNCTION;
 441:Middlewares/Third_Party/FreeRTOS/Source/tasks.c **** 
 442:Middlewares/Third_Party/FreeRTOS/Source/tasks.c **** /*
 443:Middlewares/Third_Party/FreeRTOS/Source/tasks.c ****  * The idle task, which as all tasks is implemented as a never ending loop.
 444:Middlewares/Third_Party/FreeRTOS/Source/tasks.c ****  * The idle task is automatically created and added to the ready lists upon
 445:Middlewares/Third_Party/FreeRTOS/Source/tasks.c ****  * creation of the first user task.
 446:Middlewares/Third_Party/FreeRTOS/Source/tasks.c ****  *
 447:Middlewares/Third_Party/FreeRTOS/Source/tasks.c ****  * The portTASK_FUNCTION_PROTO() macro is used to allow port/compiler specific
 448:Middlewares/Third_Party/FreeRTOS/Source/tasks.c ****  * language extensions.  The equivalent prototype for this function is:
 449:Middlewares/Third_Party/FreeRTOS/Source/tasks.c ****  *
 450:Middlewares/Third_Party/FreeRTOS/Source/tasks.c ****  * void prvIdleTask( void *pvParameters );
 451:Middlewares/Third_Party/FreeRTOS/Source/tasks.c ****  *
 452:Middlewares/Third_Party/FreeRTOS/Source/tasks.c ****  */
 453:Middlewares/Third_Party/FreeRTOS/Source/tasks.c **** static portTASK_FUNCTION_PROTO( prvIdleTask, pvParameters );
 454:Middlewares/Third_Party/FreeRTOS/Source/tasks.c **** 
 455:Middlewares/Third_Party/FreeRTOS/Source/tasks.c **** /*
 456:Middlewares/Third_Party/FreeRTOS/Source/tasks.c ****  * Utility to free all memory allocated by the scheduler to hold a TCB,
 457:Middlewares/Third_Party/FreeRTOS/Source/tasks.c ****  * including the stack pointed to by the TCB.
 458:Middlewares/Third_Party/FreeRTOS/Source/tasks.c ****  *
 459:Middlewares/Third_Party/FreeRTOS/Source/tasks.c ****  * This does not free memory allocated by the task itself (i.e. memory
 460:Middlewares/Third_Party/FreeRTOS/Source/tasks.c ****  * allocated by calls to pvPortMalloc from within the tasks application code).
 461:Middlewares/Third_Party/FreeRTOS/Source/tasks.c ****  */
 462:Middlewares/Third_Party/FreeRTOS/Source/tasks.c **** #if ( INCLUDE_vTaskDelete == 1 )
 463:Middlewares/Third_Party/FreeRTOS/Source/tasks.c **** 
 464:Middlewares/Third_Party/FreeRTOS/Source/tasks.c **** 	static void prvDeleteTCB( TCB_t *pxTCB ) PRIVILEGED_FUNCTION;
 465:Middlewares/Third_Party/FreeRTOS/Source/tasks.c **** 
 466:Middlewares/Third_Party/FreeRTOS/Source/tasks.c **** #endif
 467:Middlewares/Third_Party/FreeRTOS/Source/tasks.c **** 
 468:Middlewares/Third_Party/FreeRTOS/Source/tasks.c **** /*
 469:Middlewares/Third_Party/FreeRTOS/Source/tasks.c ****  * Used only by the idle task.  This checks to see if anything has been placed
 470:Middlewares/Third_Party/FreeRTOS/Source/tasks.c ****  * in the list of tasks waiting to be deleted.  If so the task is cleaned up
 471:Middlewares/Third_Party/FreeRTOS/Source/tasks.c ****  * and its TCB deleted.
 472:Middlewares/Third_Party/FreeRTOS/Source/tasks.c ****  */
 473:Middlewares/Third_Party/FreeRTOS/Source/tasks.c **** static void prvCheckTasksWaitingTermination( void ) PRIVILEGED_FUNCTION;
 474:Middlewares/Third_Party/FreeRTOS/Source/tasks.c **** 
 475:Middlewares/Third_Party/FreeRTOS/Source/tasks.c **** /*
 476:Middlewares/Third_Party/FreeRTOS/Source/tasks.c ****  * The currently executing task is entering the Blocked state.  Add the task to
 477:Middlewares/Third_Party/FreeRTOS/Source/tasks.c ****  * either the current or the overflow delayed task list.
 478:Middlewares/Third_Party/FreeRTOS/Source/tasks.c ****  */
 479:Middlewares/Third_Party/FreeRTOS/Source/tasks.c **** static void prvAddCurrentTaskToDelayedList( TickType_t xTicksToWait, const BaseType_t xCanBlockInde
 480:Middlewares/Third_Party/FreeRTOS/Source/tasks.c **** 
 481:Middlewares/Third_Party/FreeRTOS/Source/tasks.c **** /*
 482:Middlewares/Third_Party/FreeRTOS/Source/tasks.c ****  * Fills an TaskStatus_t structure with information on each task that is
 483:Middlewares/Third_Party/FreeRTOS/Source/tasks.c ****  * referenced from the pxList list (which may be a ready list, a delayed list,
 484:Middlewares/Third_Party/FreeRTOS/Source/tasks.c ****  * a suspended list, etc.).
 485:Middlewares/Third_Party/FreeRTOS/Source/tasks.c ****  *
 486:Middlewares/Third_Party/FreeRTOS/Source/tasks.c ****  * THIS FUNCTION IS INTENDED FOR DEBUGGING ONLY, AND SHOULD NOT BE CALLED FROM
 487:Middlewares/Third_Party/FreeRTOS/Source/tasks.c ****  * NORMAL APPLICATION CODE.
 488:Middlewares/Third_Party/FreeRTOS/Source/tasks.c ****  */
ARM GAS  D:\TMP\ccFCmCnH.s 			page 10


 489:Middlewares/Third_Party/FreeRTOS/Source/tasks.c **** #if ( configUSE_TRACE_FACILITY == 1 )
 490:Middlewares/Third_Party/FreeRTOS/Source/tasks.c **** 
 491:Middlewares/Third_Party/FreeRTOS/Source/tasks.c **** 	static UBaseType_t prvListTasksWithinSingleList( TaskStatus_t *pxTaskStatusArray, List_t *pxList, 
 492:Middlewares/Third_Party/FreeRTOS/Source/tasks.c **** 
 493:Middlewares/Third_Party/FreeRTOS/Source/tasks.c **** #endif
 494:Middlewares/Third_Party/FreeRTOS/Source/tasks.c **** 
 495:Middlewares/Third_Party/FreeRTOS/Source/tasks.c **** /*
 496:Middlewares/Third_Party/FreeRTOS/Source/tasks.c ****  * Searches pxList for a task with name pcNameToQuery - returning a handle to
 497:Middlewares/Third_Party/FreeRTOS/Source/tasks.c ****  * the task if it is found, or NULL if the task is not found.
 498:Middlewares/Third_Party/FreeRTOS/Source/tasks.c ****  */
 499:Middlewares/Third_Party/FreeRTOS/Source/tasks.c **** #if ( INCLUDE_xTaskGetHandle == 1 )
 500:Middlewares/Third_Party/FreeRTOS/Source/tasks.c **** 
 501:Middlewares/Third_Party/FreeRTOS/Source/tasks.c **** 	static TCB_t *prvSearchForNameWithinSingleList( List_t *pxList, const char pcNameToQuery[] ) PRIVI
 502:Middlewares/Third_Party/FreeRTOS/Source/tasks.c **** 
 503:Middlewares/Third_Party/FreeRTOS/Source/tasks.c **** #endif
 504:Middlewares/Third_Party/FreeRTOS/Source/tasks.c **** 
 505:Middlewares/Third_Party/FreeRTOS/Source/tasks.c **** /*
 506:Middlewares/Third_Party/FreeRTOS/Source/tasks.c ****  * When a task is created, the stack of the task is filled with a known value.
 507:Middlewares/Third_Party/FreeRTOS/Source/tasks.c ****  * This function determines the 'high water mark' of the task stack by
 508:Middlewares/Third_Party/FreeRTOS/Source/tasks.c ****  * determining how much of the stack remains at the original preset value.
 509:Middlewares/Third_Party/FreeRTOS/Source/tasks.c ****  */
 510:Middlewares/Third_Party/FreeRTOS/Source/tasks.c **** #if ( ( configUSE_TRACE_FACILITY == 1 ) || ( INCLUDE_uxTaskGetStackHighWaterMark == 1 ) || ( INCLUD
 511:Middlewares/Third_Party/FreeRTOS/Source/tasks.c **** 
 512:Middlewares/Third_Party/FreeRTOS/Source/tasks.c **** 	static configSTACK_DEPTH_TYPE prvTaskCheckFreeStackSpace( const uint8_t * pucStackByte ) PRIVILEGE
 513:Middlewares/Third_Party/FreeRTOS/Source/tasks.c **** 
 514:Middlewares/Third_Party/FreeRTOS/Source/tasks.c **** #endif
 515:Middlewares/Third_Party/FreeRTOS/Source/tasks.c **** 
 516:Middlewares/Third_Party/FreeRTOS/Source/tasks.c **** /*
 517:Middlewares/Third_Party/FreeRTOS/Source/tasks.c ****  * Return the amount of time, in ticks, that will pass before the kernel will
 518:Middlewares/Third_Party/FreeRTOS/Source/tasks.c ****  * next move a task from the Blocked state to the Running state.
 519:Middlewares/Third_Party/FreeRTOS/Source/tasks.c ****  *
 520:Middlewares/Third_Party/FreeRTOS/Source/tasks.c ****  * This conditional compilation should use inequality to 0, not equality to 1.
 521:Middlewares/Third_Party/FreeRTOS/Source/tasks.c ****  * This is to ensure portSUPPRESS_TICKS_AND_SLEEP() can be called when user
 522:Middlewares/Third_Party/FreeRTOS/Source/tasks.c ****  * defined low power mode implementations require configUSE_TICKLESS_IDLE to be
 523:Middlewares/Third_Party/FreeRTOS/Source/tasks.c ****  * set to a value other than 1.
 524:Middlewares/Third_Party/FreeRTOS/Source/tasks.c ****  */
 525:Middlewares/Third_Party/FreeRTOS/Source/tasks.c **** #if ( configUSE_TICKLESS_IDLE != 0 )
 526:Middlewares/Third_Party/FreeRTOS/Source/tasks.c **** 
 527:Middlewares/Third_Party/FreeRTOS/Source/tasks.c **** 	static TickType_t prvGetExpectedIdleTime( void ) PRIVILEGED_FUNCTION;
 528:Middlewares/Third_Party/FreeRTOS/Source/tasks.c **** 
 529:Middlewares/Third_Party/FreeRTOS/Source/tasks.c **** #endif
 530:Middlewares/Third_Party/FreeRTOS/Source/tasks.c **** 
 531:Middlewares/Third_Party/FreeRTOS/Source/tasks.c **** /*
 532:Middlewares/Third_Party/FreeRTOS/Source/tasks.c ****  * Set xNextTaskUnblockTime to the time at which the next Blocked state task
 533:Middlewares/Third_Party/FreeRTOS/Source/tasks.c ****  * will exit the Blocked state.
 534:Middlewares/Third_Party/FreeRTOS/Source/tasks.c ****  */
 535:Middlewares/Third_Party/FreeRTOS/Source/tasks.c **** static void prvResetNextTaskUnblockTime( void );
 536:Middlewares/Third_Party/FreeRTOS/Source/tasks.c **** 
 537:Middlewares/Third_Party/FreeRTOS/Source/tasks.c **** #if ( ( configUSE_TRACE_FACILITY == 1 ) && ( configUSE_STATS_FORMATTING_FUNCTIONS > 0 ) )
 538:Middlewares/Third_Party/FreeRTOS/Source/tasks.c **** 
 539:Middlewares/Third_Party/FreeRTOS/Source/tasks.c **** 	/*
 540:Middlewares/Third_Party/FreeRTOS/Source/tasks.c **** 	 * Helper function used to pad task names with spaces when printing out
 541:Middlewares/Third_Party/FreeRTOS/Source/tasks.c **** 	 * human readable tables of task information.
 542:Middlewares/Third_Party/FreeRTOS/Source/tasks.c **** 	 */
 543:Middlewares/Third_Party/FreeRTOS/Source/tasks.c **** 	static char *prvWriteNameToBuffer( char *pcBuffer, const char *pcTaskName ) PRIVILEGED_FUNCTION;
 544:Middlewares/Third_Party/FreeRTOS/Source/tasks.c **** 
 545:Middlewares/Third_Party/FreeRTOS/Source/tasks.c **** #endif
ARM GAS  D:\TMP\ccFCmCnH.s 			page 11


 546:Middlewares/Third_Party/FreeRTOS/Source/tasks.c **** 
 547:Middlewares/Third_Party/FreeRTOS/Source/tasks.c **** /*
 548:Middlewares/Third_Party/FreeRTOS/Source/tasks.c ****  * Called after a Task_t structure has been allocated either statically or
 549:Middlewares/Third_Party/FreeRTOS/Source/tasks.c ****  * dynamically to fill in the structure's members.
 550:Middlewares/Third_Party/FreeRTOS/Source/tasks.c ****  */
 551:Middlewares/Third_Party/FreeRTOS/Source/tasks.c **** static void prvInitialiseNewTask( 	TaskFunction_t pxTaskCode,
 552:Middlewares/Third_Party/FreeRTOS/Source/tasks.c **** 									const char * const pcName, 		/*lint !e971 Unqualified char types are allowed for strings a
 553:Middlewares/Third_Party/FreeRTOS/Source/tasks.c **** 									const uint32_t ulStackDepth,
 554:Middlewares/Third_Party/FreeRTOS/Source/tasks.c **** 									void * const pvParameters,
 555:Middlewares/Third_Party/FreeRTOS/Source/tasks.c **** 									UBaseType_t uxPriority,
 556:Middlewares/Third_Party/FreeRTOS/Source/tasks.c **** 									TaskHandle_t * const pxCreatedTask,
 557:Middlewares/Third_Party/FreeRTOS/Source/tasks.c **** 									TCB_t *pxNewTCB,
 558:Middlewares/Third_Party/FreeRTOS/Source/tasks.c **** 									const MemoryRegion_t * const xRegions ) PRIVILEGED_FUNCTION;
 559:Middlewares/Third_Party/FreeRTOS/Source/tasks.c **** 
 560:Middlewares/Third_Party/FreeRTOS/Source/tasks.c **** /*
 561:Middlewares/Third_Party/FreeRTOS/Source/tasks.c ****  * Called after a new task has been created and initialised to place the task
 562:Middlewares/Third_Party/FreeRTOS/Source/tasks.c ****  * under the control of the scheduler.
 563:Middlewares/Third_Party/FreeRTOS/Source/tasks.c ****  */
 564:Middlewares/Third_Party/FreeRTOS/Source/tasks.c **** static void prvAddNewTaskToReadyList( TCB_t *pxNewTCB ) PRIVILEGED_FUNCTION;
 565:Middlewares/Third_Party/FreeRTOS/Source/tasks.c **** 
 566:Middlewares/Third_Party/FreeRTOS/Source/tasks.c **** /*
 567:Middlewares/Third_Party/FreeRTOS/Source/tasks.c ****  * freertos_tasks_c_additions_init() should only be called if the user definable
 568:Middlewares/Third_Party/FreeRTOS/Source/tasks.c ****  * macro FREERTOS_TASKS_C_ADDITIONS_INIT() is defined, as that is the only macro
 569:Middlewares/Third_Party/FreeRTOS/Source/tasks.c ****  * called by the function.
 570:Middlewares/Third_Party/FreeRTOS/Source/tasks.c ****  */
 571:Middlewares/Third_Party/FreeRTOS/Source/tasks.c **** #ifdef FREERTOS_TASKS_C_ADDITIONS_INIT
 572:Middlewares/Third_Party/FreeRTOS/Source/tasks.c **** 
 573:Middlewares/Third_Party/FreeRTOS/Source/tasks.c **** 	static void freertos_tasks_c_additions_init( void ) PRIVILEGED_FUNCTION;
 574:Middlewares/Third_Party/FreeRTOS/Source/tasks.c **** 
 575:Middlewares/Third_Party/FreeRTOS/Source/tasks.c **** #endif
 576:Middlewares/Third_Party/FreeRTOS/Source/tasks.c **** 
 577:Middlewares/Third_Party/FreeRTOS/Source/tasks.c **** /*-----------------------------------------------------------*/
 578:Middlewares/Third_Party/FreeRTOS/Source/tasks.c **** 
 579:Middlewares/Third_Party/FreeRTOS/Source/tasks.c **** #if( configSUPPORT_STATIC_ALLOCATION == 1 )
 580:Middlewares/Third_Party/FreeRTOS/Source/tasks.c **** 
 581:Middlewares/Third_Party/FreeRTOS/Source/tasks.c **** 	TaskHandle_t xTaskCreateStatic(	TaskFunction_t pxTaskCode,
 582:Middlewares/Third_Party/FreeRTOS/Source/tasks.c **** 									const char * const pcName,		/*lint !e971 Unqualified char types are allowed for strings an
 583:Middlewares/Third_Party/FreeRTOS/Source/tasks.c **** 									const uint32_t ulStackDepth,
 584:Middlewares/Third_Party/FreeRTOS/Source/tasks.c **** 									void * const pvParameters,
 585:Middlewares/Third_Party/FreeRTOS/Source/tasks.c **** 									UBaseType_t uxPriority,
 586:Middlewares/Third_Party/FreeRTOS/Source/tasks.c **** 									StackType_t * const puxStackBuffer,
 587:Middlewares/Third_Party/FreeRTOS/Source/tasks.c **** 									StaticTask_t * const pxTaskBuffer )
 588:Middlewares/Third_Party/FreeRTOS/Source/tasks.c **** 	{
 589:Middlewares/Third_Party/FreeRTOS/Source/tasks.c **** 	TCB_t *pxNewTCB;
 590:Middlewares/Third_Party/FreeRTOS/Source/tasks.c **** 	TaskHandle_t xReturn;
 591:Middlewares/Third_Party/FreeRTOS/Source/tasks.c **** 
 592:Middlewares/Third_Party/FreeRTOS/Source/tasks.c **** 		configASSERT( puxStackBuffer != NULL );
 593:Middlewares/Third_Party/FreeRTOS/Source/tasks.c **** 		configASSERT( pxTaskBuffer != NULL );
 594:Middlewares/Third_Party/FreeRTOS/Source/tasks.c **** 
 595:Middlewares/Third_Party/FreeRTOS/Source/tasks.c **** 		#if( configASSERT_DEFINED == 1 )
 596:Middlewares/Third_Party/FreeRTOS/Source/tasks.c **** 		{
 597:Middlewares/Third_Party/FreeRTOS/Source/tasks.c **** 			/* Sanity check that the size of the structure used to declare a
 598:Middlewares/Third_Party/FreeRTOS/Source/tasks.c **** 			variable of type StaticTask_t equals the size of the real task
 599:Middlewares/Third_Party/FreeRTOS/Source/tasks.c **** 			structure. */
 600:Middlewares/Third_Party/FreeRTOS/Source/tasks.c **** 			volatile size_t xSize = sizeof( StaticTask_t );
 601:Middlewares/Third_Party/FreeRTOS/Source/tasks.c **** 			configASSERT( xSize == sizeof( TCB_t ) );
 602:Middlewares/Third_Party/FreeRTOS/Source/tasks.c **** 			( void ) xSize; /* Prevent lint warning when configASSERT() is not used. */
ARM GAS  D:\TMP\ccFCmCnH.s 			page 12


 603:Middlewares/Third_Party/FreeRTOS/Source/tasks.c **** 		}
 604:Middlewares/Third_Party/FreeRTOS/Source/tasks.c **** 		#endif /* configASSERT_DEFINED */
 605:Middlewares/Third_Party/FreeRTOS/Source/tasks.c **** 
 606:Middlewares/Third_Party/FreeRTOS/Source/tasks.c **** 
 607:Middlewares/Third_Party/FreeRTOS/Source/tasks.c **** 		if( ( pxTaskBuffer != NULL ) && ( puxStackBuffer != NULL ) )
 608:Middlewares/Third_Party/FreeRTOS/Source/tasks.c **** 		{
 609:Middlewares/Third_Party/FreeRTOS/Source/tasks.c **** 			/* The memory used for the task's TCB and stack are passed into this
 610:Middlewares/Third_Party/FreeRTOS/Source/tasks.c **** 			function - use them. */
 611:Middlewares/Third_Party/FreeRTOS/Source/tasks.c **** 			pxNewTCB = ( TCB_t * ) pxTaskBuffer; /*lint !e740 !e9087 Unusual cast is ok as the structures ar
 612:Middlewares/Third_Party/FreeRTOS/Source/tasks.c **** 			pxNewTCB->pxStack = ( StackType_t * ) puxStackBuffer;
 613:Middlewares/Third_Party/FreeRTOS/Source/tasks.c **** 
 614:Middlewares/Third_Party/FreeRTOS/Source/tasks.c **** 			#if( tskSTATIC_AND_DYNAMIC_ALLOCATION_POSSIBLE != 0 ) /*lint !e731 !e9029 Macro has been consoli
 615:Middlewares/Third_Party/FreeRTOS/Source/tasks.c **** 			{
 616:Middlewares/Third_Party/FreeRTOS/Source/tasks.c **** 				/* Tasks can be created statically or dynamically, so note this
 617:Middlewares/Third_Party/FreeRTOS/Source/tasks.c **** 				task was created statically in case the task is later deleted. */
 618:Middlewares/Third_Party/FreeRTOS/Source/tasks.c **** 				pxNewTCB->ucStaticallyAllocated = tskSTATICALLY_ALLOCATED_STACK_AND_TCB;
 619:Middlewares/Third_Party/FreeRTOS/Source/tasks.c **** 			}
 620:Middlewares/Third_Party/FreeRTOS/Source/tasks.c **** 			#endif /* tskSTATIC_AND_DYNAMIC_ALLOCATION_POSSIBLE */
 621:Middlewares/Third_Party/FreeRTOS/Source/tasks.c **** 
 622:Middlewares/Third_Party/FreeRTOS/Source/tasks.c **** 			prvInitialiseNewTask( pxTaskCode, pcName, ulStackDepth, pvParameters, uxPriority, &xReturn, pxNe
 623:Middlewares/Third_Party/FreeRTOS/Source/tasks.c **** 			prvAddNewTaskToReadyList( pxNewTCB );
 624:Middlewares/Third_Party/FreeRTOS/Source/tasks.c **** 		}
 625:Middlewares/Third_Party/FreeRTOS/Source/tasks.c **** 		else
 626:Middlewares/Third_Party/FreeRTOS/Source/tasks.c **** 		{
 627:Middlewares/Third_Party/FreeRTOS/Source/tasks.c **** 			xReturn = NULL;
 628:Middlewares/Third_Party/FreeRTOS/Source/tasks.c **** 		}
 629:Middlewares/Third_Party/FreeRTOS/Source/tasks.c **** 
 630:Middlewares/Third_Party/FreeRTOS/Source/tasks.c **** 		return xReturn;
 631:Middlewares/Third_Party/FreeRTOS/Source/tasks.c **** 	}
 632:Middlewares/Third_Party/FreeRTOS/Source/tasks.c **** 
 633:Middlewares/Third_Party/FreeRTOS/Source/tasks.c **** #endif /* SUPPORT_STATIC_ALLOCATION */
 634:Middlewares/Third_Party/FreeRTOS/Source/tasks.c **** /*-----------------------------------------------------------*/
 635:Middlewares/Third_Party/FreeRTOS/Source/tasks.c **** 
 636:Middlewares/Third_Party/FreeRTOS/Source/tasks.c **** #if( ( portUSING_MPU_WRAPPERS == 1 ) && ( configSUPPORT_STATIC_ALLOCATION == 1 ) )
 637:Middlewares/Third_Party/FreeRTOS/Source/tasks.c **** 
 638:Middlewares/Third_Party/FreeRTOS/Source/tasks.c **** 	BaseType_t xTaskCreateRestrictedStatic( const TaskParameters_t * const pxTaskDefinition, TaskHandl
 639:Middlewares/Third_Party/FreeRTOS/Source/tasks.c **** 	{
 640:Middlewares/Third_Party/FreeRTOS/Source/tasks.c **** 	TCB_t *pxNewTCB;
 641:Middlewares/Third_Party/FreeRTOS/Source/tasks.c **** 	BaseType_t xReturn = errCOULD_NOT_ALLOCATE_REQUIRED_MEMORY;
 642:Middlewares/Third_Party/FreeRTOS/Source/tasks.c **** 
 643:Middlewares/Third_Party/FreeRTOS/Source/tasks.c **** 		configASSERT( pxTaskDefinition->puxStackBuffer != NULL );
 644:Middlewares/Third_Party/FreeRTOS/Source/tasks.c **** 		configASSERT( pxTaskDefinition->pxTaskBuffer != NULL );
 645:Middlewares/Third_Party/FreeRTOS/Source/tasks.c **** 
 646:Middlewares/Third_Party/FreeRTOS/Source/tasks.c **** 		if( ( pxTaskDefinition->puxStackBuffer != NULL ) && ( pxTaskDefinition->pxTaskBuffer != NULL ) )
 647:Middlewares/Third_Party/FreeRTOS/Source/tasks.c **** 		{
 648:Middlewares/Third_Party/FreeRTOS/Source/tasks.c **** 			/* Allocate space for the TCB.  Where the memory comes from depends
 649:Middlewares/Third_Party/FreeRTOS/Source/tasks.c **** 			on the implementation of the port malloc function and whether or
 650:Middlewares/Third_Party/FreeRTOS/Source/tasks.c **** 			not static allocation is being used. */
 651:Middlewares/Third_Party/FreeRTOS/Source/tasks.c **** 			pxNewTCB = ( TCB_t * ) pxTaskDefinition->pxTaskBuffer;
 652:Middlewares/Third_Party/FreeRTOS/Source/tasks.c **** 
 653:Middlewares/Third_Party/FreeRTOS/Source/tasks.c **** 			/* Store the stack location in the TCB. */
 654:Middlewares/Third_Party/FreeRTOS/Source/tasks.c **** 			pxNewTCB->pxStack = pxTaskDefinition->puxStackBuffer;
 655:Middlewares/Third_Party/FreeRTOS/Source/tasks.c **** 
 656:Middlewares/Third_Party/FreeRTOS/Source/tasks.c **** 			#if( tskSTATIC_AND_DYNAMIC_ALLOCATION_POSSIBLE != 0 )
 657:Middlewares/Third_Party/FreeRTOS/Source/tasks.c **** 			{
 658:Middlewares/Third_Party/FreeRTOS/Source/tasks.c **** 				/* Tasks can be created statically or dynamically, so note this
 659:Middlewares/Third_Party/FreeRTOS/Source/tasks.c **** 				task was created statically in case the task is later deleted. */
ARM GAS  D:\TMP\ccFCmCnH.s 			page 13


 660:Middlewares/Third_Party/FreeRTOS/Source/tasks.c **** 				pxNewTCB->ucStaticallyAllocated = tskSTATICALLY_ALLOCATED_STACK_AND_TCB;
 661:Middlewares/Third_Party/FreeRTOS/Source/tasks.c **** 			}
 662:Middlewares/Third_Party/FreeRTOS/Source/tasks.c **** 			#endif /* tskSTATIC_AND_DYNAMIC_ALLOCATION_POSSIBLE */
 663:Middlewares/Third_Party/FreeRTOS/Source/tasks.c **** 
 664:Middlewares/Third_Party/FreeRTOS/Source/tasks.c **** 			prvInitialiseNewTask(	pxTaskDefinition->pvTaskCode,
 665:Middlewares/Third_Party/FreeRTOS/Source/tasks.c **** 									pxTaskDefinition->pcName,
 666:Middlewares/Third_Party/FreeRTOS/Source/tasks.c **** 									( uint32_t ) pxTaskDefinition->usStackDepth,
 667:Middlewares/Third_Party/FreeRTOS/Source/tasks.c **** 									pxTaskDefinition->pvParameters,
 668:Middlewares/Third_Party/FreeRTOS/Source/tasks.c **** 									pxTaskDefinition->uxPriority,
 669:Middlewares/Third_Party/FreeRTOS/Source/tasks.c **** 									pxCreatedTask, pxNewTCB,
 670:Middlewares/Third_Party/FreeRTOS/Source/tasks.c **** 									pxTaskDefinition->xRegions );
 671:Middlewares/Third_Party/FreeRTOS/Source/tasks.c **** 
 672:Middlewares/Third_Party/FreeRTOS/Source/tasks.c **** 			prvAddNewTaskToReadyList( pxNewTCB );
 673:Middlewares/Third_Party/FreeRTOS/Source/tasks.c **** 			xReturn = pdPASS;
 674:Middlewares/Third_Party/FreeRTOS/Source/tasks.c **** 		}
 675:Middlewares/Third_Party/FreeRTOS/Source/tasks.c **** 
 676:Middlewares/Third_Party/FreeRTOS/Source/tasks.c **** 		return xReturn;
 677:Middlewares/Third_Party/FreeRTOS/Source/tasks.c **** 	}
 678:Middlewares/Third_Party/FreeRTOS/Source/tasks.c **** 
 679:Middlewares/Third_Party/FreeRTOS/Source/tasks.c **** #endif /* ( portUSING_MPU_WRAPPERS == 1 ) && ( configSUPPORT_STATIC_ALLOCATION == 1 ) */
 680:Middlewares/Third_Party/FreeRTOS/Source/tasks.c **** /*-----------------------------------------------------------*/
 681:Middlewares/Third_Party/FreeRTOS/Source/tasks.c **** 
 682:Middlewares/Third_Party/FreeRTOS/Source/tasks.c **** #if( ( portUSING_MPU_WRAPPERS == 1 ) && ( configSUPPORT_DYNAMIC_ALLOCATION == 1 ) )
 683:Middlewares/Third_Party/FreeRTOS/Source/tasks.c **** 
 684:Middlewares/Third_Party/FreeRTOS/Source/tasks.c **** 	BaseType_t xTaskCreateRestricted( const TaskParameters_t * const pxTaskDefinition, TaskHandle_t *p
 685:Middlewares/Third_Party/FreeRTOS/Source/tasks.c **** 	{
 686:Middlewares/Third_Party/FreeRTOS/Source/tasks.c **** 	TCB_t *pxNewTCB;
 687:Middlewares/Third_Party/FreeRTOS/Source/tasks.c **** 	BaseType_t xReturn = errCOULD_NOT_ALLOCATE_REQUIRED_MEMORY;
 688:Middlewares/Third_Party/FreeRTOS/Source/tasks.c **** 
 689:Middlewares/Third_Party/FreeRTOS/Source/tasks.c **** 		configASSERT( pxTaskDefinition->puxStackBuffer );
 690:Middlewares/Third_Party/FreeRTOS/Source/tasks.c **** 
 691:Middlewares/Third_Party/FreeRTOS/Source/tasks.c **** 		if( pxTaskDefinition->puxStackBuffer != NULL )
 692:Middlewares/Third_Party/FreeRTOS/Source/tasks.c **** 		{
 693:Middlewares/Third_Party/FreeRTOS/Source/tasks.c **** 			/* Allocate space for the TCB.  Where the memory comes from depends
 694:Middlewares/Third_Party/FreeRTOS/Source/tasks.c **** 			on the implementation of the port malloc function and whether or
 695:Middlewares/Third_Party/FreeRTOS/Source/tasks.c **** 			not static allocation is being used. */
 696:Middlewares/Third_Party/FreeRTOS/Source/tasks.c **** 			pxNewTCB = ( TCB_t * ) pvPortMalloc( sizeof( TCB_t ) );
 697:Middlewares/Third_Party/FreeRTOS/Source/tasks.c **** 
 698:Middlewares/Third_Party/FreeRTOS/Source/tasks.c **** 			if( pxNewTCB != NULL )
 699:Middlewares/Third_Party/FreeRTOS/Source/tasks.c **** 			{
 700:Middlewares/Third_Party/FreeRTOS/Source/tasks.c **** 				/* Store the stack location in the TCB. */
 701:Middlewares/Third_Party/FreeRTOS/Source/tasks.c **** 				pxNewTCB->pxStack = pxTaskDefinition->puxStackBuffer;
 702:Middlewares/Third_Party/FreeRTOS/Source/tasks.c **** 
 703:Middlewares/Third_Party/FreeRTOS/Source/tasks.c **** 				#if( tskSTATIC_AND_DYNAMIC_ALLOCATION_POSSIBLE != 0 )
 704:Middlewares/Third_Party/FreeRTOS/Source/tasks.c **** 				{
 705:Middlewares/Third_Party/FreeRTOS/Source/tasks.c **** 					/* Tasks can be created statically or dynamically, so note
 706:Middlewares/Third_Party/FreeRTOS/Source/tasks.c **** 					this task had a statically allocated stack in case it is
 707:Middlewares/Third_Party/FreeRTOS/Source/tasks.c **** 					later deleted.  The TCB was allocated dynamically. */
 708:Middlewares/Third_Party/FreeRTOS/Source/tasks.c **** 					pxNewTCB->ucStaticallyAllocated = tskSTATICALLY_ALLOCATED_STACK_ONLY;
 709:Middlewares/Third_Party/FreeRTOS/Source/tasks.c **** 				}
 710:Middlewares/Third_Party/FreeRTOS/Source/tasks.c **** 				#endif /* tskSTATIC_AND_DYNAMIC_ALLOCATION_POSSIBLE */
 711:Middlewares/Third_Party/FreeRTOS/Source/tasks.c **** 
 712:Middlewares/Third_Party/FreeRTOS/Source/tasks.c **** 				prvInitialiseNewTask(	pxTaskDefinition->pvTaskCode,
 713:Middlewares/Third_Party/FreeRTOS/Source/tasks.c **** 										pxTaskDefinition->pcName,
 714:Middlewares/Third_Party/FreeRTOS/Source/tasks.c **** 										( uint32_t ) pxTaskDefinition->usStackDepth,
 715:Middlewares/Third_Party/FreeRTOS/Source/tasks.c **** 										pxTaskDefinition->pvParameters,
 716:Middlewares/Third_Party/FreeRTOS/Source/tasks.c **** 										pxTaskDefinition->uxPriority,
ARM GAS  D:\TMP\ccFCmCnH.s 			page 14


 717:Middlewares/Third_Party/FreeRTOS/Source/tasks.c **** 										pxCreatedTask, pxNewTCB,
 718:Middlewares/Third_Party/FreeRTOS/Source/tasks.c **** 										pxTaskDefinition->xRegions );
 719:Middlewares/Third_Party/FreeRTOS/Source/tasks.c **** 
 720:Middlewares/Third_Party/FreeRTOS/Source/tasks.c **** 				prvAddNewTaskToReadyList( pxNewTCB );
 721:Middlewares/Third_Party/FreeRTOS/Source/tasks.c **** 				xReturn = pdPASS;
 722:Middlewares/Third_Party/FreeRTOS/Source/tasks.c **** 			}
 723:Middlewares/Third_Party/FreeRTOS/Source/tasks.c **** 		}
 724:Middlewares/Third_Party/FreeRTOS/Source/tasks.c **** 
 725:Middlewares/Third_Party/FreeRTOS/Source/tasks.c **** 		return xReturn;
 726:Middlewares/Third_Party/FreeRTOS/Source/tasks.c **** 	}
 727:Middlewares/Third_Party/FreeRTOS/Source/tasks.c **** 
 728:Middlewares/Third_Party/FreeRTOS/Source/tasks.c **** #endif /* portUSING_MPU_WRAPPERS */
 729:Middlewares/Third_Party/FreeRTOS/Source/tasks.c **** /*-----------------------------------------------------------*/
 730:Middlewares/Third_Party/FreeRTOS/Source/tasks.c **** 
 731:Middlewares/Third_Party/FreeRTOS/Source/tasks.c **** #if( configSUPPORT_DYNAMIC_ALLOCATION == 1 )
 732:Middlewares/Third_Party/FreeRTOS/Source/tasks.c **** 
 733:Middlewares/Third_Party/FreeRTOS/Source/tasks.c **** 	BaseType_t xTaskCreate(	TaskFunction_t pxTaskCode,
 734:Middlewares/Third_Party/FreeRTOS/Source/tasks.c **** 							const char * const pcName,		/*lint !e971 Unqualified char types are allowed for strings and 
 735:Middlewares/Third_Party/FreeRTOS/Source/tasks.c **** 							const configSTACK_DEPTH_TYPE usStackDepth,
 736:Middlewares/Third_Party/FreeRTOS/Source/tasks.c **** 							void * const pvParameters,
 737:Middlewares/Third_Party/FreeRTOS/Source/tasks.c **** 							UBaseType_t uxPriority,
 738:Middlewares/Third_Party/FreeRTOS/Source/tasks.c **** 							TaskHandle_t * const pxCreatedTask )
 739:Middlewares/Third_Party/FreeRTOS/Source/tasks.c **** 	{
 740:Middlewares/Third_Party/FreeRTOS/Source/tasks.c **** 	TCB_t *pxNewTCB;
 741:Middlewares/Third_Party/FreeRTOS/Source/tasks.c **** 	BaseType_t xReturn;
 742:Middlewares/Third_Party/FreeRTOS/Source/tasks.c **** 
 743:Middlewares/Third_Party/FreeRTOS/Source/tasks.c **** 		/* If the stack grows down then allocate the stack then the TCB so the stack
 744:Middlewares/Third_Party/FreeRTOS/Source/tasks.c **** 		does not grow into the TCB.  Likewise if the stack grows up then allocate
 745:Middlewares/Third_Party/FreeRTOS/Source/tasks.c **** 		the TCB then the stack. */
 746:Middlewares/Third_Party/FreeRTOS/Source/tasks.c **** 		#if( portSTACK_GROWTH > 0 )
 747:Middlewares/Third_Party/FreeRTOS/Source/tasks.c **** 		{
 748:Middlewares/Third_Party/FreeRTOS/Source/tasks.c **** 			/* Allocate space for the TCB.  Where the memory comes from depends on
 749:Middlewares/Third_Party/FreeRTOS/Source/tasks.c **** 			the implementation of the port malloc function and whether or not static
 750:Middlewares/Third_Party/FreeRTOS/Source/tasks.c **** 			allocation is being used. */
 751:Middlewares/Third_Party/FreeRTOS/Source/tasks.c **** 			pxNewTCB = ( TCB_t * ) pvPortMalloc( sizeof( TCB_t ) );
 752:Middlewares/Third_Party/FreeRTOS/Source/tasks.c **** 
 753:Middlewares/Third_Party/FreeRTOS/Source/tasks.c **** 			if( pxNewTCB != NULL )
 754:Middlewares/Third_Party/FreeRTOS/Source/tasks.c **** 			{
 755:Middlewares/Third_Party/FreeRTOS/Source/tasks.c **** 				/* Allocate space for the stack used by the task being created.
 756:Middlewares/Third_Party/FreeRTOS/Source/tasks.c **** 				The base of the stack memory stored in the TCB so the task can
 757:Middlewares/Third_Party/FreeRTOS/Source/tasks.c **** 				be deleted later if required. */
 758:Middlewares/Third_Party/FreeRTOS/Source/tasks.c **** 				pxNewTCB->pxStack = ( StackType_t * ) pvPortMalloc( ( ( ( size_t ) usStackDepth ) * sizeof( Sta
 759:Middlewares/Third_Party/FreeRTOS/Source/tasks.c **** 
 760:Middlewares/Third_Party/FreeRTOS/Source/tasks.c **** 				if( pxNewTCB->pxStack == NULL )
 761:Middlewares/Third_Party/FreeRTOS/Source/tasks.c **** 				{
 762:Middlewares/Third_Party/FreeRTOS/Source/tasks.c **** 					/* Could not allocate the stack.  Delete the allocated TCB. */
 763:Middlewares/Third_Party/FreeRTOS/Source/tasks.c **** 					vPortFree( pxNewTCB );
 764:Middlewares/Third_Party/FreeRTOS/Source/tasks.c **** 					pxNewTCB = NULL;
 765:Middlewares/Third_Party/FreeRTOS/Source/tasks.c **** 				}
 766:Middlewares/Third_Party/FreeRTOS/Source/tasks.c **** 			}
 767:Middlewares/Third_Party/FreeRTOS/Source/tasks.c **** 		}
 768:Middlewares/Third_Party/FreeRTOS/Source/tasks.c **** 		#else /* portSTACK_GROWTH */
 769:Middlewares/Third_Party/FreeRTOS/Source/tasks.c **** 		{
 770:Middlewares/Third_Party/FreeRTOS/Source/tasks.c **** 		StackType_t *pxStack;
 771:Middlewares/Third_Party/FreeRTOS/Source/tasks.c **** 
 772:Middlewares/Third_Party/FreeRTOS/Source/tasks.c **** 			/* Allocate space for the stack used by the task being created. */
 773:Middlewares/Third_Party/FreeRTOS/Source/tasks.c **** 			pxStack = pvPortMalloc( ( ( ( size_t ) usStackDepth ) * sizeof( StackType_t ) ) ); /*lint !e9079
ARM GAS  D:\TMP\ccFCmCnH.s 			page 15


 774:Middlewares/Third_Party/FreeRTOS/Source/tasks.c **** 
 775:Middlewares/Third_Party/FreeRTOS/Source/tasks.c **** 			if( pxStack != NULL )
 776:Middlewares/Third_Party/FreeRTOS/Source/tasks.c **** 			{
 777:Middlewares/Third_Party/FreeRTOS/Source/tasks.c **** 				/* Allocate space for the TCB. */
 778:Middlewares/Third_Party/FreeRTOS/Source/tasks.c **** 				pxNewTCB = ( TCB_t * ) pvPortMalloc( sizeof( TCB_t ) ); /*lint !e9087 !e9079 All values returne
 779:Middlewares/Third_Party/FreeRTOS/Source/tasks.c **** 
 780:Middlewares/Third_Party/FreeRTOS/Source/tasks.c **** 				if( pxNewTCB != NULL )
 781:Middlewares/Third_Party/FreeRTOS/Source/tasks.c **** 				{
 782:Middlewares/Third_Party/FreeRTOS/Source/tasks.c **** 					/* Store the stack location in the TCB. */
 783:Middlewares/Third_Party/FreeRTOS/Source/tasks.c **** 					pxNewTCB->pxStack = pxStack;
 784:Middlewares/Third_Party/FreeRTOS/Source/tasks.c **** 				}
 785:Middlewares/Third_Party/FreeRTOS/Source/tasks.c **** 				else
 786:Middlewares/Third_Party/FreeRTOS/Source/tasks.c **** 				{
 787:Middlewares/Third_Party/FreeRTOS/Source/tasks.c **** 					/* The stack cannot be used as the TCB was not created.  Free
 788:Middlewares/Third_Party/FreeRTOS/Source/tasks.c **** 					it again. */
 789:Middlewares/Third_Party/FreeRTOS/Source/tasks.c **** 					vPortFree( pxStack );
 790:Middlewares/Third_Party/FreeRTOS/Source/tasks.c **** 				}
 791:Middlewares/Third_Party/FreeRTOS/Source/tasks.c **** 			}
 792:Middlewares/Third_Party/FreeRTOS/Source/tasks.c **** 			else
 793:Middlewares/Third_Party/FreeRTOS/Source/tasks.c **** 			{
 794:Middlewares/Third_Party/FreeRTOS/Source/tasks.c **** 				pxNewTCB = NULL;
 795:Middlewares/Third_Party/FreeRTOS/Source/tasks.c **** 			}
 796:Middlewares/Third_Party/FreeRTOS/Source/tasks.c **** 		}
 797:Middlewares/Third_Party/FreeRTOS/Source/tasks.c **** 		#endif /* portSTACK_GROWTH */
 798:Middlewares/Third_Party/FreeRTOS/Source/tasks.c **** 
 799:Middlewares/Third_Party/FreeRTOS/Source/tasks.c **** 		if( pxNewTCB != NULL )
 800:Middlewares/Third_Party/FreeRTOS/Source/tasks.c **** 		{
 801:Middlewares/Third_Party/FreeRTOS/Source/tasks.c **** 			#if( tskSTATIC_AND_DYNAMIC_ALLOCATION_POSSIBLE != 0 ) /*lint !e9029 !e731 Macro has been consoli
 802:Middlewares/Third_Party/FreeRTOS/Source/tasks.c **** 			{
 803:Middlewares/Third_Party/FreeRTOS/Source/tasks.c **** 				/* Tasks can be created statically or dynamically, so note this
 804:Middlewares/Third_Party/FreeRTOS/Source/tasks.c **** 				task was created dynamically in case it is later deleted. */
 805:Middlewares/Third_Party/FreeRTOS/Source/tasks.c **** 				pxNewTCB->ucStaticallyAllocated = tskDYNAMICALLY_ALLOCATED_STACK_AND_TCB;
 806:Middlewares/Third_Party/FreeRTOS/Source/tasks.c **** 			}
 807:Middlewares/Third_Party/FreeRTOS/Source/tasks.c **** 			#endif /* tskSTATIC_AND_DYNAMIC_ALLOCATION_POSSIBLE */
 808:Middlewares/Third_Party/FreeRTOS/Source/tasks.c **** 
 809:Middlewares/Third_Party/FreeRTOS/Source/tasks.c **** 			prvInitialiseNewTask( pxTaskCode, pcName, ( uint32_t ) usStackDepth, pvParameters, uxPriority, p
 810:Middlewares/Third_Party/FreeRTOS/Source/tasks.c **** 			prvAddNewTaskToReadyList( pxNewTCB );
 811:Middlewares/Third_Party/FreeRTOS/Source/tasks.c **** 			xReturn = pdPASS;
 812:Middlewares/Third_Party/FreeRTOS/Source/tasks.c **** 		}
 813:Middlewares/Third_Party/FreeRTOS/Source/tasks.c **** 		else
 814:Middlewares/Third_Party/FreeRTOS/Source/tasks.c **** 		{
 815:Middlewares/Third_Party/FreeRTOS/Source/tasks.c **** 			xReturn = errCOULD_NOT_ALLOCATE_REQUIRED_MEMORY;
 816:Middlewares/Third_Party/FreeRTOS/Source/tasks.c **** 		}
 817:Middlewares/Third_Party/FreeRTOS/Source/tasks.c **** 
 818:Middlewares/Third_Party/FreeRTOS/Source/tasks.c **** 		return xReturn;
 819:Middlewares/Third_Party/FreeRTOS/Source/tasks.c **** 	}
 820:Middlewares/Third_Party/FreeRTOS/Source/tasks.c **** 
 821:Middlewares/Third_Party/FreeRTOS/Source/tasks.c **** #endif /* configSUPPORT_DYNAMIC_ALLOCATION */
 822:Middlewares/Third_Party/FreeRTOS/Source/tasks.c **** /*-----------------------------------------------------------*/
 823:Middlewares/Third_Party/FreeRTOS/Source/tasks.c **** 
 824:Middlewares/Third_Party/FreeRTOS/Source/tasks.c **** static void prvInitialiseNewTask( 	TaskFunction_t pxTaskCode,
 825:Middlewares/Third_Party/FreeRTOS/Source/tasks.c **** 									const char * const pcName,		/*lint !e971 Unqualified char types are allowed for strings an
 826:Middlewares/Third_Party/FreeRTOS/Source/tasks.c **** 									const uint32_t ulStackDepth,
 827:Middlewares/Third_Party/FreeRTOS/Source/tasks.c **** 									void * const pvParameters,
 828:Middlewares/Third_Party/FreeRTOS/Source/tasks.c **** 									UBaseType_t uxPriority,
 829:Middlewares/Third_Party/FreeRTOS/Source/tasks.c **** 									TaskHandle_t * const pxCreatedTask,
 830:Middlewares/Third_Party/FreeRTOS/Source/tasks.c **** 									TCB_t *pxNewTCB,
ARM GAS  D:\TMP\ccFCmCnH.s 			page 16


 831:Middlewares/Third_Party/FreeRTOS/Source/tasks.c **** 									const MemoryRegion_t * const xRegions )
 832:Middlewares/Third_Party/FreeRTOS/Source/tasks.c **** {
 833:Middlewares/Third_Party/FreeRTOS/Source/tasks.c **** StackType_t *pxTopOfStack;
 834:Middlewares/Third_Party/FreeRTOS/Source/tasks.c **** UBaseType_t x;
 835:Middlewares/Third_Party/FreeRTOS/Source/tasks.c **** 
 836:Middlewares/Third_Party/FreeRTOS/Source/tasks.c **** 	#if( portUSING_MPU_WRAPPERS == 1 )
 837:Middlewares/Third_Party/FreeRTOS/Source/tasks.c **** 		/* Should the task be created in privileged mode? */
 838:Middlewares/Third_Party/FreeRTOS/Source/tasks.c **** 		BaseType_t xRunPrivileged;
 839:Middlewares/Third_Party/FreeRTOS/Source/tasks.c **** 		if( ( uxPriority & portPRIVILEGE_BIT ) != 0U )
 840:Middlewares/Third_Party/FreeRTOS/Source/tasks.c **** 		{
 841:Middlewares/Third_Party/FreeRTOS/Source/tasks.c **** 			xRunPrivileged = pdTRUE;
 842:Middlewares/Third_Party/FreeRTOS/Source/tasks.c **** 		}
 843:Middlewares/Third_Party/FreeRTOS/Source/tasks.c **** 		else
 844:Middlewares/Third_Party/FreeRTOS/Source/tasks.c **** 		{
 845:Middlewares/Third_Party/FreeRTOS/Source/tasks.c **** 			xRunPrivileged = pdFALSE;
 846:Middlewares/Third_Party/FreeRTOS/Source/tasks.c **** 		}
 847:Middlewares/Third_Party/FreeRTOS/Source/tasks.c **** 		uxPriority &= ~portPRIVILEGE_BIT;
 848:Middlewares/Third_Party/FreeRTOS/Source/tasks.c **** 	#endif /* portUSING_MPU_WRAPPERS == 1 */
 849:Middlewares/Third_Party/FreeRTOS/Source/tasks.c **** 
 850:Middlewares/Third_Party/FreeRTOS/Source/tasks.c **** 	/* Avoid dependency on memset() if it is not required. */
 851:Middlewares/Third_Party/FreeRTOS/Source/tasks.c **** 	#if( tskSET_NEW_STACKS_TO_KNOWN_VALUE == 1 )
 852:Middlewares/Third_Party/FreeRTOS/Source/tasks.c **** 	{
 853:Middlewares/Third_Party/FreeRTOS/Source/tasks.c **** 		/* Fill the stack with a known value to assist debugging. */
 854:Middlewares/Third_Party/FreeRTOS/Source/tasks.c **** 		( void ) memset( pxNewTCB->pxStack, ( int ) tskSTACK_FILL_BYTE, ( size_t ) ulStackDepth * sizeof(
 855:Middlewares/Third_Party/FreeRTOS/Source/tasks.c **** 	}
 856:Middlewares/Third_Party/FreeRTOS/Source/tasks.c **** 	#endif /* tskSET_NEW_STACKS_TO_KNOWN_VALUE */
 857:Middlewares/Third_Party/FreeRTOS/Source/tasks.c **** 
 858:Middlewares/Third_Party/FreeRTOS/Source/tasks.c **** 	/* Calculate the top of stack address.  This depends on whether the stack
 859:Middlewares/Third_Party/FreeRTOS/Source/tasks.c **** 	grows from high memory to low (as per the 80x86) or vice versa.
 860:Middlewares/Third_Party/FreeRTOS/Source/tasks.c **** 	portSTACK_GROWTH is used to make the result positive or negative as required
 861:Middlewares/Third_Party/FreeRTOS/Source/tasks.c **** 	by the port. */
 862:Middlewares/Third_Party/FreeRTOS/Source/tasks.c **** 	#if( portSTACK_GROWTH < 0 )
 863:Middlewares/Third_Party/FreeRTOS/Source/tasks.c **** 	{
 864:Middlewares/Third_Party/FreeRTOS/Source/tasks.c **** 		pxTopOfStack = &( pxNewTCB->pxStack[ ulStackDepth - ( uint32_t ) 1 ] );
 865:Middlewares/Third_Party/FreeRTOS/Source/tasks.c **** 		pxTopOfStack = ( StackType_t * ) ( ( ( portPOINTER_SIZE_TYPE ) pxTopOfStack ) & ( ~( ( portPOINTE
 866:Middlewares/Third_Party/FreeRTOS/Source/tasks.c **** 
 867:Middlewares/Third_Party/FreeRTOS/Source/tasks.c **** 		/* Check the alignment of the calculated top of stack is correct. */
 868:Middlewares/Third_Party/FreeRTOS/Source/tasks.c **** 		configASSERT( ( ( ( portPOINTER_SIZE_TYPE ) pxTopOfStack & ( portPOINTER_SIZE_TYPE ) portBYTE_ALI
 869:Middlewares/Third_Party/FreeRTOS/Source/tasks.c **** 
 870:Middlewares/Third_Party/FreeRTOS/Source/tasks.c **** 		#if( configRECORD_STACK_HIGH_ADDRESS == 1 )
 871:Middlewares/Third_Party/FreeRTOS/Source/tasks.c **** 		{
 872:Middlewares/Third_Party/FreeRTOS/Source/tasks.c **** 			/* Also record the stack's high address, which may assist
 873:Middlewares/Third_Party/FreeRTOS/Source/tasks.c **** 			debugging. */
 874:Middlewares/Third_Party/FreeRTOS/Source/tasks.c **** 			pxNewTCB->pxEndOfStack = pxTopOfStack;
 875:Middlewares/Third_Party/FreeRTOS/Source/tasks.c **** 		}
 876:Middlewares/Third_Party/FreeRTOS/Source/tasks.c **** 		#endif /* configRECORD_STACK_HIGH_ADDRESS */
 877:Middlewares/Third_Party/FreeRTOS/Source/tasks.c **** 	}
 878:Middlewares/Third_Party/FreeRTOS/Source/tasks.c **** 	#else /* portSTACK_GROWTH */
 879:Middlewares/Third_Party/FreeRTOS/Source/tasks.c **** 	{
 880:Middlewares/Third_Party/FreeRTOS/Source/tasks.c **** 		pxTopOfStack = pxNewTCB->pxStack;
 881:Middlewares/Third_Party/FreeRTOS/Source/tasks.c **** 
 882:Middlewares/Third_Party/FreeRTOS/Source/tasks.c **** 		/* Check the alignment of the stack buffer is correct. */
 883:Middlewares/Third_Party/FreeRTOS/Source/tasks.c **** 		configASSERT( ( ( ( portPOINTER_SIZE_TYPE ) pxNewTCB->pxStack & ( portPOINTER_SIZE_TYPE ) portBYT
 884:Middlewares/Third_Party/FreeRTOS/Source/tasks.c **** 
 885:Middlewares/Third_Party/FreeRTOS/Source/tasks.c **** 		/* The other extreme of the stack space is required if stack checking is
 886:Middlewares/Third_Party/FreeRTOS/Source/tasks.c **** 		performed. */
 887:Middlewares/Third_Party/FreeRTOS/Source/tasks.c **** 		pxNewTCB->pxEndOfStack = pxNewTCB->pxStack + ( ulStackDepth - ( uint32_t ) 1 );
ARM GAS  D:\TMP\ccFCmCnH.s 			page 17


 888:Middlewares/Third_Party/FreeRTOS/Source/tasks.c **** 	}
 889:Middlewares/Third_Party/FreeRTOS/Source/tasks.c **** 	#endif /* portSTACK_GROWTH */
 890:Middlewares/Third_Party/FreeRTOS/Source/tasks.c **** 
 891:Middlewares/Third_Party/FreeRTOS/Source/tasks.c **** 	/* Store the task name in the TCB. */
 892:Middlewares/Third_Party/FreeRTOS/Source/tasks.c **** 	if( pcName != NULL )
 893:Middlewares/Third_Party/FreeRTOS/Source/tasks.c **** 	{
 894:Middlewares/Third_Party/FreeRTOS/Source/tasks.c **** 		for( x = ( UBaseType_t ) 0; x < ( UBaseType_t ) configMAX_TASK_NAME_LEN; x++ )
 895:Middlewares/Third_Party/FreeRTOS/Source/tasks.c **** 		{
 896:Middlewares/Third_Party/FreeRTOS/Source/tasks.c **** 			pxNewTCB->pcTaskName[ x ] = pcName[ x ];
 897:Middlewares/Third_Party/FreeRTOS/Source/tasks.c **** 
 898:Middlewares/Third_Party/FreeRTOS/Source/tasks.c **** 			/* Don't copy all configMAX_TASK_NAME_LEN if the string is shorter than
 899:Middlewares/Third_Party/FreeRTOS/Source/tasks.c **** 			configMAX_TASK_NAME_LEN characters just in case the memory after the
 900:Middlewares/Third_Party/FreeRTOS/Source/tasks.c **** 			string is not accessible (extremely unlikely). */
 901:Middlewares/Third_Party/FreeRTOS/Source/tasks.c **** 			if( pcName[ x ] == ( char ) 0x00 )
 902:Middlewares/Third_Party/FreeRTOS/Source/tasks.c **** 			{
 903:Middlewares/Third_Party/FreeRTOS/Source/tasks.c **** 				break;
 904:Middlewares/Third_Party/FreeRTOS/Source/tasks.c **** 			}
 905:Middlewares/Third_Party/FreeRTOS/Source/tasks.c **** 			else
 906:Middlewares/Third_Party/FreeRTOS/Source/tasks.c **** 			{
 907:Middlewares/Third_Party/FreeRTOS/Source/tasks.c **** 				mtCOVERAGE_TEST_MARKER();
 908:Middlewares/Third_Party/FreeRTOS/Source/tasks.c **** 			}
 909:Middlewares/Third_Party/FreeRTOS/Source/tasks.c **** 		}
 910:Middlewares/Third_Party/FreeRTOS/Source/tasks.c **** 
 911:Middlewares/Third_Party/FreeRTOS/Source/tasks.c **** 		/* Ensure the name string is terminated in the case that the string length
 912:Middlewares/Third_Party/FreeRTOS/Source/tasks.c **** 		was greater or equal to configMAX_TASK_NAME_LEN. */
 913:Middlewares/Third_Party/FreeRTOS/Source/tasks.c **** 		pxNewTCB->pcTaskName[ configMAX_TASK_NAME_LEN - 1 ] = '\0';
 914:Middlewares/Third_Party/FreeRTOS/Source/tasks.c **** 	}
 915:Middlewares/Third_Party/FreeRTOS/Source/tasks.c **** 	else
 916:Middlewares/Third_Party/FreeRTOS/Source/tasks.c **** 	{
 917:Middlewares/Third_Party/FreeRTOS/Source/tasks.c **** 		/* The task has not been given a name, so just ensure there is a NULL
 918:Middlewares/Third_Party/FreeRTOS/Source/tasks.c **** 		terminator when it is read out. */
 919:Middlewares/Third_Party/FreeRTOS/Source/tasks.c **** 		pxNewTCB->pcTaskName[ 0 ] = 0x00;
 920:Middlewares/Third_Party/FreeRTOS/Source/tasks.c **** 	}
 921:Middlewares/Third_Party/FreeRTOS/Source/tasks.c **** 
 922:Middlewares/Third_Party/FreeRTOS/Source/tasks.c **** 	/* This is used as an array index so must ensure it's not too large.  First
 923:Middlewares/Third_Party/FreeRTOS/Source/tasks.c **** 	remove the privilege bit if one is present. */
 924:Middlewares/Third_Party/FreeRTOS/Source/tasks.c **** 	if( uxPriority >= ( UBaseType_t ) configMAX_PRIORITIES )
 925:Middlewares/Third_Party/FreeRTOS/Source/tasks.c **** 	{
 926:Middlewares/Third_Party/FreeRTOS/Source/tasks.c **** 		uxPriority = ( UBaseType_t ) configMAX_PRIORITIES - ( UBaseType_t ) 1U;
 927:Middlewares/Third_Party/FreeRTOS/Source/tasks.c **** 	}
 928:Middlewares/Third_Party/FreeRTOS/Source/tasks.c **** 	else
 929:Middlewares/Third_Party/FreeRTOS/Source/tasks.c **** 	{
 930:Middlewares/Third_Party/FreeRTOS/Source/tasks.c **** 		mtCOVERAGE_TEST_MARKER();
 931:Middlewares/Third_Party/FreeRTOS/Source/tasks.c **** 	}
 932:Middlewares/Third_Party/FreeRTOS/Source/tasks.c **** 
 933:Middlewares/Third_Party/FreeRTOS/Source/tasks.c **** 	pxNewTCB->uxPriority = uxPriority;
 934:Middlewares/Third_Party/FreeRTOS/Source/tasks.c **** 	#if ( configUSE_MUTEXES == 1 )
 935:Middlewares/Third_Party/FreeRTOS/Source/tasks.c **** 	{
 936:Middlewares/Third_Party/FreeRTOS/Source/tasks.c **** 		pxNewTCB->uxBasePriority = uxPriority;
 937:Middlewares/Third_Party/FreeRTOS/Source/tasks.c **** 		pxNewTCB->uxMutexesHeld = 0;
 938:Middlewares/Third_Party/FreeRTOS/Source/tasks.c **** 	}
 939:Middlewares/Third_Party/FreeRTOS/Source/tasks.c **** 	#endif /* configUSE_MUTEXES */
 940:Middlewares/Third_Party/FreeRTOS/Source/tasks.c **** 
 941:Middlewares/Third_Party/FreeRTOS/Source/tasks.c **** 	vListInitialiseItem( &( pxNewTCB->xStateListItem ) );
 942:Middlewares/Third_Party/FreeRTOS/Source/tasks.c **** 	vListInitialiseItem( &( pxNewTCB->xEventListItem ) );
 943:Middlewares/Third_Party/FreeRTOS/Source/tasks.c **** 
 944:Middlewares/Third_Party/FreeRTOS/Source/tasks.c **** 	/* Set the pxNewTCB as a link back from the ListItem_t.  This is so we can get
ARM GAS  D:\TMP\ccFCmCnH.s 			page 18


 945:Middlewares/Third_Party/FreeRTOS/Source/tasks.c **** 	back to	the containing TCB from a generic item in a list. */
 946:Middlewares/Third_Party/FreeRTOS/Source/tasks.c **** 	listSET_LIST_ITEM_OWNER( &( pxNewTCB->xStateListItem ), pxNewTCB );
 947:Middlewares/Third_Party/FreeRTOS/Source/tasks.c **** 
 948:Middlewares/Third_Party/FreeRTOS/Source/tasks.c **** 	/* Event lists are always in priority order. */
 949:Middlewares/Third_Party/FreeRTOS/Source/tasks.c **** 	listSET_LIST_ITEM_VALUE( &( pxNewTCB->xEventListItem ), ( TickType_t ) configMAX_PRIORITIES - ( Ti
 950:Middlewares/Third_Party/FreeRTOS/Source/tasks.c **** 	listSET_LIST_ITEM_OWNER( &( pxNewTCB->xEventListItem ), pxNewTCB );
 951:Middlewares/Third_Party/FreeRTOS/Source/tasks.c **** 
 952:Middlewares/Third_Party/FreeRTOS/Source/tasks.c **** 	#if ( portCRITICAL_NESTING_IN_TCB == 1 )
 953:Middlewares/Third_Party/FreeRTOS/Source/tasks.c **** 	{
 954:Middlewares/Third_Party/FreeRTOS/Source/tasks.c **** 		pxNewTCB->uxCriticalNesting = ( UBaseType_t ) 0U;
 955:Middlewares/Third_Party/FreeRTOS/Source/tasks.c **** 	}
 956:Middlewares/Third_Party/FreeRTOS/Source/tasks.c **** 	#endif /* portCRITICAL_NESTING_IN_TCB */
 957:Middlewares/Third_Party/FreeRTOS/Source/tasks.c **** 
 958:Middlewares/Third_Party/FreeRTOS/Source/tasks.c **** 	#if ( configUSE_APPLICATION_TASK_TAG == 1 )
 959:Middlewares/Third_Party/FreeRTOS/Source/tasks.c **** 	{
 960:Middlewares/Third_Party/FreeRTOS/Source/tasks.c **** 		pxNewTCB->pxTaskTag = NULL;
 961:Middlewares/Third_Party/FreeRTOS/Source/tasks.c **** 	}
 962:Middlewares/Third_Party/FreeRTOS/Source/tasks.c **** 	#endif /* configUSE_APPLICATION_TASK_TAG */
 963:Middlewares/Third_Party/FreeRTOS/Source/tasks.c **** 
 964:Middlewares/Third_Party/FreeRTOS/Source/tasks.c **** 	#if ( configGENERATE_RUN_TIME_STATS == 1 )
 965:Middlewares/Third_Party/FreeRTOS/Source/tasks.c **** 	{
 966:Middlewares/Third_Party/FreeRTOS/Source/tasks.c **** 		pxNewTCB->ulRunTimeCounter = 0UL;
 967:Middlewares/Third_Party/FreeRTOS/Source/tasks.c **** 	}
 968:Middlewares/Third_Party/FreeRTOS/Source/tasks.c **** 	#endif /* configGENERATE_RUN_TIME_STATS */
 969:Middlewares/Third_Party/FreeRTOS/Source/tasks.c **** 
 970:Middlewares/Third_Party/FreeRTOS/Source/tasks.c **** 	#if ( portUSING_MPU_WRAPPERS == 1 )
 971:Middlewares/Third_Party/FreeRTOS/Source/tasks.c **** 	{
 972:Middlewares/Third_Party/FreeRTOS/Source/tasks.c **** 		vPortStoreTaskMPUSettings( &( pxNewTCB->xMPUSettings ), xRegions, pxNewTCB->pxStack, ulStackDepth
 973:Middlewares/Third_Party/FreeRTOS/Source/tasks.c **** 	}
 974:Middlewares/Third_Party/FreeRTOS/Source/tasks.c **** 	#else
 975:Middlewares/Third_Party/FreeRTOS/Source/tasks.c **** 	{
 976:Middlewares/Third_Party/FreeRTOS/Source/tasks.c **** 		/* Avoid compiler warning about unreferenced parameter. */
 977:Middlewares/Third_Party/FreeRTOS/Source/tasks.c **** 		( void ) xRegions;
 978:Middlewares/Third_Party/FreeRTOS/Source/tasks.c **** 	}
 979:Middlewares/Third_Party/FreeRTOS/Source/tasks.c **** 	#endif
 980:Middlewares/Third_Party/FreeRTOS/Source/tasks.c **** 
 981:Middlewares/Third_Party/FreeRTOS/Source/tasks.c **** 	#if( configNUM_THREAD_LOCAL_STORAGE_POINTERS != 0 )
 982:Middlewares/Third_Party/FreeRTOS/Source/tasks.c **** 	{
 983:Middlewares/Third_Party/FreeRTOS/Source/tasks.c **** 		for( x = 0; x < ( UBaseType_t ) configNUM_THREAD_LOCAL_STORAGE_POINTERS; x++ )
 984:Middlewares/Third_Party/FreeRTOS/Source/tasks.c **** 		{
 985:Middlewares/Third_Party/FreeRTOS/Source/tasks.c **** 			pxNewTCB->pvThreadLocalStoragePointers[ x ] = NULL;
 986:Middlewares/Third_Party/FreeRTOS/Source/tasks.c **** 		}
 987:Middlewares/Third_Party/FreeRTOS/Source/tasks.c **** 	}
 988:Middlewares/Third_Party/FreeRTOS/Source/tasks.c **** 	#endif
 989:Middlewares/Third_Party/FreeRTOS/Source/tasks.c **** 
 990:Middlewares/Third_Party/FreeRTOS/Source/tasks.c **** 	#if ( configUSE_TASK_NOTIFICATIONS == 1 )
 991:Middlewares/Third_Party/FreeRTOS/Source/tasks.c **** 	{
 992:Middlewares/Third_Party/FreeRTOS/Source/tasks.c **** 		pxNewTCB->ulNotifiedValue = 0;
 993:Middlewares/Third_Party/FreeRTOS/Source/tasks.c **** 		pxNewTCB->ucNotifyState = taskNOT_WAITING_NOTIFICATION;
 994:Middlewares/Third_Party/FreeRTOS/Source/tasks.c **** 	}
 995:Middlewares/Third_Party/FreeRTOS/Source/tasks.c **** 	#endif
 996:Middlewares/Third_Party/FreeRTOS/Source/tasks.c **** 
 997:Middlewares/Third_Party/FreeRTOS/Source/tasks.c **** 	#if ( configUSE_NEWLIB_REENTRANT == 1 )
 998:Middlewares/Third_Party/FreeRTOS/Source/tasks.c **** 	{
 999:Middlewares/Third_Party/FreeRTOS/Source/tasks.c **** 		/* Initialise this task's Newlib reent structure.
1000:Middlewares/Third_Party/FreeRTOS/Source/tasks.c **** 		See the third party link http://www.nadler.com/embedded/newlibAndFreeRTOS.html
1001:Middlewares/Third_Party/FreeRTOS/Source/tasks.c **** 		for additional information. */
ARM GAS  D:\TMP\ccFCmCnH.s 			page 19


1002:Middlewares/Third_Party/FreeRTOS/Source/tasks.c **** 		_REENT_INIT_PTR( ( &( pxNewTCB->xNewLib_reent ) ) );
1003:Middlewares/Third_Party/FreeRTOS/Source/tasks.c **** 	}
1004:Middlewares/Third_Party/FreeRTOS/Source/tasks.c **** 	#endif
1005:Middlewares/Third_Party/FreeRTOS/Source/tasks.c **** 
1006:Middlewares/Third_Party/FreeRTOS/Source/tasks.c **** 	#if( INCLUDE_xTaskAbortDelay == 1 )
1007:Middlewares/Third_Party/FreeRTOS/Source/tasks.c **** 	{
1008:Middlewares/Third_Party/FreeRTOS/Source/tasks.c **** 		pxNewTCB->ucDelayAborted = pdFALSE;
1009:Middlewares/Third_Party/FreeRTOS/Source/tasks.c **** 	}
1010:Middlewares/Third_Party/FreeRTOS/Source/tasks.c **** 	#endif
1011:Middlewares/Third_Party/FreeRTOS/Source/tasks.c **** 
1012:Middlewares/Third_Party/FreeRTOS/Source/tasks.c **** 	/* Initialize the TCB stack to look as if the task was already running,
1013:Middlewares/Third_Party/FreeRTOS/Source/tasks.c **** 	but had been interrupted by the scheduler.  The return address is set
1014:Middlewares/Third_Party/FreeRTOS/Source/tasks.c **** 	to the start of the task function. Once the stack has been initialised
1015:Middlewares/Third_Party/FreeRTOS/Source/tasks.c **** 	the top of stack variable is updated. */
1016:Middlewares/Third_Party/FreeRTOS/Source/tasks.c **** 	#if( portUSING_MPU_WRAPPERS == 1 )
1017:Middlewares/Third_Party/FreeRTOS/Source/tasks.c **** 	{
1018:Middlewares/Third_Party/FreeRTOS/Source/tasks.c **** 		/* If the port has capability to detect stack overflow,
1019:Middlewares/Third_Party/FreeRTOS/Source/tasks.c **** 		pass the stack end address to the stack initialization
1020:Middlewares/Third_Party/FreeRTOS/Source/tasks.c **** 		function as well. */
1021:Middlewares/Third_Party/FreeRTOS/Source/tasks.c **** 		#if( portHAS_STACK_OVERFLOW_CHECKING == 1 )
1022:Middlewares/Third_Party/FreeRTOS/Source/tasks.c **** 		{
1023:Middlewares/Third_Party/FreeRTOS/Source/tasks.c **** 			#if( portSTACK_GROWTH < 0 )
1024:Middlewares/Third_Party/FreeRTOS/Source/tasks.c **** 			{
1025:Middlewares/Third_Party/FreeRTOS/Source/tasks.c **** 				pxNewTCB->pxTopOfStack = pxPortInitialiseStack( pxTopOfStack, pxNewTCB->pxStack, pxTaskCode, pv
1026:Middlewares/Third_Party/FreeRTOS/Source/tasks.c **** 			}
1027:Middlewares/Third_Party/FreeRTOS/Source/tasks.c **** 			#else /* portSTACK_GROWTH */
1028:Middlewares/Third_Party/FreeRTOS/Source/tasks.c **** 			{
1029:Middlewares/Third_Party/FreeRTOS/Source/tasks.c **** 				pxNewTCB->pxTopOfStack = pxPortInitialiseStack( pxTopOfStack, pxNewTCB->pxEndOfStack, pxTaskCod
1030:Middlewares/Third_Party/FreeRTOS/Source/tasks.c **** 			}
1031:Middlewares/Third_Party/FreeRTOS/Source/tasks.c **** 			#endif /* portSTACK_GROWTH */
1032:Middlewares/Third_Party/FreeRTOS/Source/tasks.c **** 		}
1033:Middlewares/Third_Party/FreeRTOS/Source/tasks.c **** 		#else /* portHAS_STACK_OVERFLOW_CHECKING */
1034:Middlewares/Third_Party/FreeRTOS/Source/tasks.c **** 		{
1035:Middlewares/Third_Party/FreeRTOS/Source/tasks.c **** 			pxNewTCB->pxTopOfStack = pxPortInitialiseStack( pxTopOfStack, pxTaskCode, pvParameters, xRunPriv
1036:Middlewares/Third_Party/FreeRTOS/Source/tasks.c **** 		}
1037:Middlewares/Third_Party/FreeRTOS/Source/tasks.c **** 		#endif /* portHAS_STACK_OVERFLOW_CHECKING */
1038:Middlewares/Third_Party/FreeRTOS/Source/tasks.c **** 	}
1039:Middlewares/Third_Party/FreeRTOS/Source/tasks.c **** 	#else /* portUSING_MPU_WRAPPERS */
1040:Middlewares/Third_Party/FreeRTOS/Source/tasks.c **** 	{
1041:Middlewares/Third_Party/FreeRTOS/Source/tasks.c **** 		/* If the port has capability to detect stack overflow,
1042:Middlewares/Third_Party/FreeRTOS/Source/tasks.c **** 		pass the stack end address to the stack initialization
1043:Middlewares/Third_Party/FreeRTOS/Source/tasks.c **** 		function as well. */
1044:Middlewares/Third_Party/FreeRTOS/Source/tasks.c **** 		#if( portHAS_STACK_OVERFLOW_CHECKING == 1 )
1045:Middlewares/Third_Party/FreeRTOS/Source/tasks.c **** 		{
1046:Middlewares/Third_Party/FreeRTOS/Source/tasks.c **** 			#if( portSTACK_GROWTH < 0 )
1047:Middlewares/Third_Party/FreeRTOS/Source/tasks.c **** 			{
1048:Middlewares/Third_Party/FreeRTOS/Source/tasks.c **** 				pxNewTCB->pxTopOfStack = pxPortInitialiseStack( pxTopOfStack, pxNewTCB->pxStack, pxTaskCode, pv
1049:Middlewares/Third_Party/FreeRTOS/Source/tasks.c **** 			}
1050:Middlewares/Third_Party/FreeRTOS/Source/tasks.c **** 			#else /* portSTACK_GROWTH */
1051:Middlewares/Third_Party/FreeRTOS/Source/tasks.c **** 			{
1052:Middlewares/Third_Party/FreeRTOS/Source/tasks.c **** 				pxNewTCB->pxTopOfStack = pxPortInitialiseStack( pxTopOfStack, pxNewTCB->pxEndOfStack, pxTaskCod
1053:Middlewares/Third_Party/FreeRTOS/Source/tasks.c **** 			}
1054:Middlewares/Third_Party/FreeRTOS/Source/tasks.c **** 			#endif /* portSTACK_GROWTH */
1055:Middlewares/Third_Party/FreeRTOS/Source/tasks.c **** 		}
1056:Middlewares/Third_Party/FreeRTOS/Source/tasks.c **** 		#else /* portHAS_STACK_OVERFLOW_CHECKING */
1057:Middlewares/Third_Party/FreeRTOS/Source/tasks.c **** 		{
1058:Middlewares/Third_Party/FreeRTOS/Source/tasks.c **** 			pxNewTCB->pxTopOfStack = pxPortInitialiseStack( pxTopOfStack, pxTaskCode, pvParameters );
ARM GAS  D:\TMP\ccFCmCnH.s 			page 20


1059:Middlewares/Third_Party/FreeRTOS/Source/tasks.c **** 		}
1060:Middlewares/Third_Party/FreeRTOS/Source/tasks.c **** 		#endif /* portHAS_STACK_OVERFLOW_CHECKING */
1061:Middlewares/Third_Party/FreeRTOS/Source/tasks.c **** 	}
1062:Middlewares/Third_Party/FreeRTOS/Source/tasks.c **** 	#endif /* portUSING_MPU_WRAPPERS */
1063:Middlewares/Third_Party/FreeRTOS/Source/tasks.c **** 
1064:Middlewares/Third_Party/FreeRTOS/Source/tasks.c **** 	if( pxCreatedTask != NULL )
1065:Middlewares/Third_Party/FreeRTOS/Source/tasks.c **** 	{
1066:Middlewares/Third_Party/FreeRTOS/Source/tasks.c **** 		/* Pass the handle out in an anonymous way.  The handle can be used to
1067:Middlewares/Third_Party/FreeRTOS/Source/tasks.c **** 		change the created task's priority, delete the created task, etc.*/
1068:Middlewares/Third_Party/FreeRTOS/Source/tasks.c **** 		*pxCreatedTask = ( TaskHandle_t ) pxNewTCB;
1069:Middlewares/Third_Party/FreeRTOS/Source/tasks.c **** 	}
1070:Middlewares/Third_Party/FreeRTOS/Source/tasks.c **** 	else
1071:Middlewares/Third_Party/FreeRTOS/Source/tasks.c **** 	{
1072:Middlewares/Third_Party/FreeRTOS/Source/tasks.c **** 		mtCOVERAGE_TEST_MARKER();
1073:Middlewares/Third_Party/FreeRTOS/Source/tasks.c **** 	}
1074:Middlewares/Third_Party/FreeRTOS/Source/tasks.c **** }
1075:Middlewares/Third_Party/FreeRTOS/Source/tasks.c **** /*-----------------------------------------------------------*/
1076:Middlewares/Third_Party/FreeRTOS/Source/tasks.c **** 
1077:Middlewares/Third_Party/FreeRTOS/Source/tasks.c **** static void prvAddNewTaskToReadyList( TCB_t *pxNewTCB )
1078:Middlewares/Third_Party/FreeRTOS/Source/tasks.c **** {
1079:Middlewares/Third_Party/FreeRTOS/Source/tasks.c **** 	/* Ensure interrupts don't access the task lists while the lists are being
1080:Middlewares/Third_Party/FreeRTOS/Source/tasks.c **** 	updated. */
1081:Middlewares/Third_Party/FreeRTOS/Source/tasks.c **** 	taskENTER_CRITICAL();
1082:Middlewares/Third_Party/FreeRTOS/Source/tasks.c **** 	{
1083:Middlewares/Third_Party/FreeRTOS/Source/tasks.c **** 		uxCurrentNumberOfTasks++;
1084:Middlewares/Third_Party/FreeRTOS/Source/tasks.c **** 		if( pxCurrentTCB == NULL )
1085:Middlewares/Third_Party/FreeRTOS/Source/tasks.c **** 		{
1086:Middlewares/Third_Party/FreeRTOS/Source/tasks.c **** 			/* There are no other tasks, or all the other tasks are in
1087:Middlewares/Third_Party/FreeRTOS/Source/tasks.c **** 			the suspended state - make this the current task. */
1088:Middlewares/Third_Party/FreeRTOS/Source/tasks.c **** 			pxCurrentTCB = pxNewTCB;
1089:Middlewares/Third_Party/FreeRTOS/Source/tasks.c **** 
1090:Middlewares/Third_Party/FreeRTOS/Source/tasks.c **** 			if( uxCurrentNumberOfTasks == ( UBaseType_t ) 1 )
1091:Middlewares/Third_Party/FreeRTOS/Source/tasks.c **** 			{
1092:Middlewares/Third_Party/FreeRTOS/Source/tasks.c **** 				/* This is the first task to be created so do the preliminary
1093:Middlewares/Third_Party/FreeRTOS/Source/tasks.c **** 				initialisation required.  We will not recover if this call
1094:Middlewares/Third_Party/FreeRTOS/Source/tasks.c **** 				fails, but we will report the failure. */
1095:Middlewares/Third_Party/FreeRTOS/Source/tasks.c **** 				prvInitialiseTaskLists();
1096:Middlewares/Third_Party/FreeRTOS/Source/tasks.c **** 			}
1097:Middlewares/Third_Party/FreeRTOS/Source/tasks.c **** 			else
1098:Middlewares/Third_Party/FreeRTOS/Source/tasks.c **** 			{
1099:Middlewares/Third_Party/FreeRTOS/Source/tasks.c **** 				mtCOVERAGE_TEST_MARKER();
1100:Middlewares/Third_Party/FreeRTOS/Source/tasks.c **** 			}
1101:Middlewares/Third_Party/FreeRTOS/Source/tasks.c **** 		}
1102:Middlewares/Third_Party/FreeRTOS/Source/tasks.c **** 		else
1103:Middlewares/Third_Party/FreeRTOS/Source/tasks.c **** 		{
1104:Middlewares/Third_Party/FreeRTOS/Source/tasks.c **** 			/* If the scheduler is not already running, make this task the
1105:Middlewares/Third_Party/FreeRTOS/Source/tasks.c **** 			current task if it is the highest priority task to be created
1106:Middlewares/Third_Party/FreeRTOS/Source/tasks.c **** 			so far. */
1107:Middlewares/Third_Party/FreeRTOS/Source/tasks.c **** 			if( xSchedulerRunning == pdFALSE )
1108:Middlewares/Third_Party/FreeRTOS/Source/tasks.c **** 			{
1109:Middlewares/Third_Party/FreeRTOS/Source/tasks.c **** 				if( pxCurrentTCB->uxPriority <= pxNewTCB->uxPriority )
1110:Middlewares/Third_Party/FreeRTOS/Source/tasks.c **** 				{
1111:Middlewares/Third_Party/FreeRTOS/Source/tasks.c **** 					pxCurrentTCB = pxNewTCB;
1112:Middlewares/Third_Party/FreeRTOS/Source/tasks.c **** 				}
1113:Middlewares/Third_Party/FreeRTOS/Source/tasks.c **** 				else
1114:Middlewares/Third_Party/FreeRTOS/Source/tasks.c **** 				{
1115:Middlewares/Third_Party/FreeRTOS/Source/tasks.c **** 					mtCOVERAGE_TEST_MARKER();
ARM GAS  D:\TMP\ccFCmCnH.s 			page 21


1116:Middlewares/Third_Party/FreeRTOS/Source/tasks.c **** 				}
1117:Middlewares/Third_Party/FreeRTOS/Source/tasks.c **** 			}
1118:Middlewares/Third_Party/FreeRTOS/Source/tasks.c **** 			else
1119:Middlewares/Third_Party/FreeRTOS/Source/tasks.c **** 			{
1120:Middlewares/Third_Party/FreeRTOS/Source/tasks.c **** 				mtCOVERAGE_TEST_MARKER();
1121:Middlewares/Third_Party/FreeRTOS/Source/tasks.c **** 			}
1122:Middlewares/Third_Party/FreeRTOS/Source/tasks.c **** 		}
1123:Middlewares/Third_Party/FreeRTOS/Source/tasks.c **** 
1124:Middlewares/Third_Party/FreeRTOS/Source/tasks.c **** 		uxTaskNumber++;
1125:Middlewares/Third_Party/FreeRTOS/Source/tasks.c **** 
1126:Middlewares/Third_Party/FreeRTOS/Source/tasks.c **** 		#if ( configUSE_TRACE_FACILITY == 1 )
1127:Middlewares/Third_Party/FreeRTOS/Source/tasks.c **** 		{
1128:Middlewares/Third_Party/FreeRTOS/Source/tasks.c **** 			/* Add a counter into the TCB for tracing only. */
1129:Middlewares/Third_Party/FreeRTOS/Source/tasks.c **** 			pxNewTCB->uxTCBNumber = uxTaskNumber;
1130:Middlewares/Third_Party/FreeRTOS/Source/tasks.c **** 		}
1131:Middlewares/Third_Party/FreeRTOS/Source/tasks.c **** 		#endif /* configUSE_TRACE_FACILITY */
1132:Middlewares/Third_Party/FreeRTOS/Source/tasks.c **** 		traceTASK_CREATE( pxNewTCB );
1133:Middlewares/Third_Party/FreeRTOS/Source/tasks.c **** 
1134:Middlewares/Third_Party/FreeRTOS/Source/tasks.c **** 		prvAddTaskToReadyList( pxNewTCB );
1135:Middlewares/Third_Party/FreeRTOS/Source/tasks.c **** 
1136:Middlewares/Third_Party/FreeRTOS/Source/tasks.c **** 		portSETUP_TCB( pxNewTCB );
1137:Middlewares/Third_Party/FreeRTOS/Source/tasks.c **** 	}
1138:Middlewares/Third_Party/FreeRTOS/Source/tasks.c **** 	taskEXIT_CRITICAL();
1139:Middlewares/Third_Party/FreeRTOS/Source/tasks.c **** 
1140:Middlewares/Third_Party/FreeRTOS/Source/tasks.c **** 	if( xSchedulerRunning != pdFALSE )
1141:Middlewares/Third_Party/FreeRTOS/Source/tasks.c **** 	{
1142:Middlewares/Third_Party/FreeRTOS/Source/tasks.c **** 		/* If the created task is of a higher priority than the current task
1143:Middlewares/Third_Party/FreeRTOS/Source/tasks.c **** 		then it should run now. */
1144:Middlewares/Third_Party/FreeRTOS/Source/tasks.c **** 		if( pxCurrentTCB->uxPriority < pxNewTCB->uxPriority )
1145:Middlewares/Third_Party/FreeRTOS/Source/tasks.c **** 		{
1146:Middlewares/Third_Party/FreeRTOS/Source/tasks.c **** 			taskYIELD_IF_USING_PREEMPTION();
1147:Middlewares/Third_Party/FreeRTOS/Source/tasks.c **** 		}
1148:Middlewares/Third_Party/FreeRTOS/Source/tasks.c **** 		else
1149:Middlewares/Third_Party/FreeRTOS/Source/tasks.c **** 		{
1150:Middlewares/Third_Party/FreeRTOS/Source/tasks.c **** 			mtCOVERAGE_TEST_MARKER();
1151:Middlewares/Third_Party/FreeRTOS/Source/tasks.c **** 		}
1152:Middlewares/Third_Party/FreeRTOS/Source/tasks.c **** 	}
1153:Middlewares/Third_Party/FreeRTOS/Source/tasks.c **** 	else
1154:Middlewares/Third_Party/FreeRTOS/Source/tasks.c **** 	{
1155:Middlewares/Third_Party/FreeRTOS/Source/tasks.c **** 		mtCOVERAGE_TEST_MARKER();
1156:Middlewares/Third_Party/FreeRTOS/Source/tasks.c **** 	}
1157:Middlewares/Third_Party/FreeRTOS/Source/tasks.c **** }
1158:Middlewares/Third_Party/FreeRTOS/Source/tasks.c **** /*-----------------------------------------------------------*/
1159:Middlewares/Third_Party/FreeRTOS/Source/tasks.c **** 
1160:Middlewares/Third_Party/FreeRTOS/Source/tasks.c **** #if ( INCLUDE_vTaskDelete == 1 )
1161:Middlewares/Third_Party/FreeRTOS/Source/tasks.c **** 
1162:Middlewares/Third_Party/FreeRTOS/Source/tasks.c **** 	void vTaskDelete( TaskHandle_t xTaskToDelete )
1163:Middlewares/Third_Party/FreeRTOS/Source/tasks.c **** 	{
1164:Middlewares/Third_Party/FreeRTOS/Source/tasks.c **** 	TCB_t *pxTCB;
1165:Middlewares/Third_Party/FreeRTOS/Source/tasks.c **** 
1166:Middlewares/Third_Party/FreeRTOS/Source/tasks.c **** 		taskENTER_CRITICAL();
1167:Middlewares/Third_Party/FreeRTOS/Source/tasks.c **** 		{
1168:Middlewares/Third_Party/FreeRTOS/Source/tasks.c **** 			/* If null is passed in here then it is the calling task that is
1169:Middlewares/Third_Party/FreeRTOS/Source/tasks.c **** 			being deleted. */
1170:Middlewares/Third_Party/FreeRTOS/Source/tasks.c **** 			pxTCB = prvGetTCBFromHandle( xTaskToDelete );
1171:Middlewares/Third_Party/FreeRTOS/Source/tasks.c **** 
1172:Middlewares/Third_Party/FreeRTOS/Source/tasks.c **** 			/* Remove task from the ready/delayed list. */
ARM GAS  D:\TMP\ccFCmCnH.s 			page 22


1173:Middlewares/Third_Party/FreeRTOS/Source/tasks.c **** 			if( uxListRemove( &( pxTCB->xStateListItem ) ) == ( UBaseType_t ) 0 )
1174:Middlewares/Third_Party/FreeRTOS/Source/tasks.c **** 			{
1175:Middlewares/Third_Party/FreeRTOS/Source/tasks.c **** 				taskRESET_READY_PRIORITY( pxTCB->uxPriority );
1176:Middlewares/Third_Party/FreeRTOS/Source/tasks.c **** 			}
1177:Middlewares/Third_Party/FreeRTOS/Source/tasks.c **** 			else
1178:Middlewares/Third_Party/FreeRTOS/Source/tasks.c **** 			{
1179:Middlewares/Third_Party/FreeRTOS/Source/tasks.c **** 				mtCOVERAGE_TEST_MARKER();
1180:Middlewares/Third_Party/FreeRTOS/Source/tasks.c **** 			}
1181:Middlewares/Third_Party/FreeRTOS/Source/tasks.c **** 
1182:Middlewares/Third_Party/FreeRTOS/Source/tasks.c **** 			/* Is the task waiting on an event also? */
1183:Middlewares/Third_Party/FreeRTOS/Source/tasks.c **** 			if( listLIST_ITEM_CONTAINER( &( pxTCB->xEventListItem ) ) != NULL )
1184:Middlewares/Third_Party/FreeRTOS/Source/tasks.c **** 			{
1185:Middlewares/Third_Party/FreeRTOS/Source/tasks.c **** 				( void ) uxListRemove( &( pxTCB->xEventListItem ) );
1186:Middlewares/Third_Party/FreeRTOS/Source/tasks.c **** 			}
1187:Middlewares/Third_Party/FreeRTOS/Source/tasks.c **** 			else
1188:Middlewares/Third_Party/FreeRTOS/Source/tasks.c **** 			{
1189:Middlewares/Third_Party/FreeRTOS/Source/tasks.c **** 				mtCOVERAGE_TEST_MARKER();
1190:Middlewares/Third_Party/FreeRTOS/Source/tasks.c **** 			}
1191:Middlewares/Third_Party/FreeRTOS/Source/tasks.c **** 
1192:Middlewares/Third_Party/FreeRTOS/Source/tasks.c **** 			/* Increment the uxTaskNumber also so kernel aware debuggers can
1193:Middlewares/Third_Party/FreeRTOS/Source/tasks.c **** 			detect that the task lists need re-generating.  This is done before
1194:Middlewares/Third_Party/FreeRTOS/Source/tasks.c **** 			portPRE_TASK_DELETE_HOOK() as in the Windows port that macro will
1195:Middlewares/Third_Party/FreeRTOS/Source/tasks.c **** 			not return. */
1196:Middlewares/Third_Party/FreeRTOS/Source/tasks.c **** 			uxTaskNumber++;
1197:Middlewares/Third_Party/FreeRTOS/Source/tasks.c **** 
1198:Middlewares/Third_Party/FreeRTOS/Source/tasks.c **** 			if( pxTCB == pxCurrentTCB )
1199:Middlewares/Third_Party/FreeRTOS/Source/tasks.c **** 			{
1200:Middlewares/Third_Party/FreeRTOS/Source/tasks.c **** 				/* A task is deleting itself.  This cannot complete within the
1201:Middlewares/Third_Party/FreeRTOS/Source/tasks.c **** 				task itself, as a context switch to another task is required.
1202:Middlewares/Third_Party/FreeRTOS/Source/tasks.c **** 				Place the task in the termination list.  The idle task will
1203:Middlewares/Third_Party/FreeRTOS/Source/tasks.c **** 				check the termination list and free up any memory allocated by
1204:Middlewares/Third_Party/FreeRTOS/Source/tasks.c **** 				the scheduler for the TCB and stack of the deleted task. */
1205:Middlewares/Third_Party/FreeRTOS/Source/tasks.c **** 				vListInsertEnd( &xTasksWaitingTermination, &( pxTCB->xStateListItem ) );
1206:Middlewares/Third_Party/FreeRTOS/Source/tasks.c **** 
1207:Middlewares/Third_Party/FreeRTOS/Source/tasks.c **** 				/* Increment the ucTasksDeleted variable so the idle task knows
1208:Middlewares/Third_Party/FreeRTOS/Source/tasks.c **** 				there is a task that has been deleted and that it should therefore
1209:Middlewares/Third_Party/FreeRTOS/Source/tasks.c **** 				check the xTasksWaitingTermination list. */
1210:Middlewares/Third_Party/FreeRTOS/Source/tasks.c **** 				++uxDeletedTasksWaitingCleanUp;
1211:Middlewares/Third_Party/FreeRTOS/Source/tasks.c **** 
1212:Middlewares/Third_Party/FreeRTOS/Source/tasks.c **** 				/* Call the delete hook before portPRE_TASK_DELETE_HOOK() as
1213:Middlewares/Third_Party/FreeRTOS/Source/tasks.c **** 				portPRE_TASK_DELETE_HOOK() does not return in the Win32 port. */
1214:Middlewares/Third_Party/FreeRTOS/Source/tasks.c **** 				traceTASK_DELETE( pxTCB );
1215:Middlewares/Third_Party/FreeRTOS/Source/tasks.c **** 
1216:Middlewares/Third_Party/FreeRTOS/Source/tasks.c **** 				/* The pre-delete hook is primarily for the Windows simulator,
1217:Middlewares/Third_Party/FreeRTOS/Source/tasks.c **** 				in which Windows specific clean up operations are performed,
1218:Middlewares/Third_Party/FreeRTOS/Source/tasks.c **** 				after which it is not possible to yield away from this task -
1219:Middlewares/Third_Party/FreeRTOS/Source/tasks.c **** 				hence xYieldPending is used to latch that a context switch is
1220:Middlewares/Third_Party/FreeRTOS/Source/tasks.c **** 				required. */
1221:Middlewares/Third_Party/FreeRTOS/Source/tasks.c **** 				portPRE_TASK_DELETE_HOOK( pxTCB, &xYieldPending );
1222:Middlewares/Third_Party/FreeRTOS/Source/tasks.c **** 			}
1223:Middlewares/Third_Party/FreeRTOS/Source/tasks.c **** 			else
1224:Middlewares/Third_Party/FreeRTOS/Source/tasks.c **** 			{
1225:Middlewares/Third_Party/FreeRTOS/Source/tasks.c **** 				--uxCurrentNumberOfTasks;
1226:Middlewares/Third_Party/FreeRTOS/Source/tasks.c **** 				traceTASK_DELETE( pxTCB );
1227:Middlewares/Third_Party/FreeRTOS/Source/tasks.c **** 				prvDeleteTCB( pxTCB );
1228:Middlewares/Third_Party/FreeRTOS/Source/tasks.c **** 
1229:Middlewares/Third_Party/FreeRTOS/Source/tasks.c **** 				/* Reset the next expected unblock time in case it referred to
ARM GAS  D:\TMP\ccFCmCnH.s 			page 23


1230:Middlewares/Third_Party/FreeRTOS/Source/tasks.c **** 				the task that has just been deleted. */
1231:Middlewares/Third_Party/FreeRTOS/Source/tasks.c **** 				prvResetNextTaskUnblockTime();
1232:Middlewares/Third_Party/FreeRTOS/Source/tasks.c **** 			}
1233:Middlewares/Third_Party/FreeRTOS/Source/tasks.c **** 		}
1234:Middlewares/Third_Party/FreeRTOS/Source/tasks.c **** 		taskEXIT_CRITICAL();
1235:Middlewares/Third_Party/FreeRTOS/Source/tasks.c **** 
1236:Middlewares/Third_Party/FreeRTOS/Source/tasks.c **** 		/* Force a reschedule if it is the currently running task that has just
1237:Middlewares/Third_Party/FreeRTOS/Source/tasks.c **** 		been deleted. */
1238:Middlewares/Third_Party/FreeRTOS/Source/tasks.c **** 		if( xSchedulerRunning != pdFALSE )
1239:Middlewares/Third_Party/FreeRTOS/Source/tasks.c **** 		{
1240:Middlewares/Third_Party/FreeRTOS/Source/tasks.c **** 			if( pxTCB == pxCurrentTCB )
1241:Middlewares/Third_Party/FreeRTOS/Source/tasks.c **** 			{
1242:Middlewares/Third_Party/FreeRTOS/Source/tasks.c **** 				configASSERT( uxSchedulerSuspended == 0 );
1243:Middlewares/Third_Party/FreeRTOS/Source/tasks.c **** 				portYIELD_WITHIN_API();
1244:Middlewares/Third_Party/FreeRTOS/Source/tasks.c **** 			}
1245:Middlewares/Third_Party/FreeRTOS/Source/tasks.c **** 			else
1246:Middlewares/Third_Party/FreeRTOS/Source/tasks.c **** 			{
1247:Middlewares/Third_Party/FreeRTOS/Source/tasks.c **** 				mtCOVERAGE_TEST_MARKER();
1248:Middlewares/Third_Party/FreeRTOS/Source/tasks.c **** 			}
1249:Middlewares/Third_Party/FreeRTOS/Source/tasks.c **** 		}
1250:Middlewares/Third_Party/FreeRTOS/Source/tasks.c **** 	}
1251:Middlewares/Third_Party/FreeRTOS/Source/tasks.c **** 
1252:Middlewares/Third_Party/FreeRTOS/Source/tasks.c **** #endif /* INCLUDE_vTaskDelete */
1253:Middlewares/Third_Party/FreeRTOS/Source/tasks.c **** /*-----------------------------------------------------------*/
1254:Middlewares/Third_Party/FreeRTOS/Source/tasks.c **** 
1255:Middlewares/Third_Party/FreeRTOS/Source/tasks.c **** #if ( INCLUDE_vTaskDelayUntil == 1 )
1256:Middlewares/Third_Party/FreeRTOS/Source/tasks.c **** 
1257:Middlewares/Third_Party/FreeRTOS/Source/tasks.c **** 	void vTaskDelayUntil( TickType_t * const pxPreviousWakeTime, const TickType_t xTimeIncrement )
1258:Middlewares/Third_Party/FreeRTOS/Source/tasks.c **** 	{
1259:Middlewares/Third_Party/FreeRTOS/Source/tasks.c **** 	TickType_t xTimeToWake;
1260:Middlewares/Third_Party/FreeRTOS/Source/tasks.c **** 	BaseType_t xAlreadyYielded, xShouldDelay = pdFALSE;
1261:Middlewares/Third_Party/FreeRTOS/Source/tasks.c **** 
1262:Middlewares/Third_Party/FreeRTOS/Source/tasks.c **** 		configASSERT( pxPreviousWakeTime );
1263:Middlewares/Third_Party/FreeRTOS/Source/tasks.c **** 		configASSERT( ( xTimeIncrement > 0U ) );
1264:Middlewares/Third_Party/FreeRTOS/Source/tasks.c **** 		configASSERT( uxSchedulerSuspended == 0 );
1265:Middlewares/Third_Party/FreeRTOS/Source/tasks.c **** 
1266:Middlewares/Third_Party/FreeRTOS/Source/tasks.c **** 		vTaskSuspendAll();
1267:Middlewares/Third_Party/FreeRTOS/Source/tasks.c **** 		{
1268:Middlewares/Third_Party/FreeRTOS/Source/tasks.c **** 			/* Minor optimisation.  The tick count cannot change in this
1269:Middlewares/Third_Party/FreeRTOS/Source/tasks.c **** 			block. */
1270:Middlewares/Third_Party/FreeRTOS/Source/tasks.c **** 			const TickType_t xConstTickCount = xTickCount;
1271:Middlewares/Third_Party/FreeRTOS/Source/tasks.c **** 
1272:Middlewares/Third_Party/FreeRTOS/Source/tasks.c **** 			/* Generate the tick time at which the task wants to wake. */
1273:Middlewares/Third_Party/FreeRTOS/Source/tasks.c **** 			xTimeToWake = *pxPreviousWakeTime + xTimeIncrement;
1274:Middlewares/Third_Party/FreeRTOS/Source/tasks.c **** 
1275:Middlewares/Third_Party/FreeRTOS/Source/tasks.c **** 			if( xConstTickCount < *pxPreviousWakeTime )
1276:Middlewares/Third_Party/FreeRTOS/Source/tasks.c **** 			{
1277:Middlewares/Third_Party/FreeRTOS/Source/tasks.c **** 				/* The tick count has overflowed since this function was
1278:Middlewares/Third_Party/FreeRTOS/Source/tasks.c **** 				lasted called.  In this case the only time we should ever
1279:Middlewares/Third_Party/FreeRTOS/Source/tasks.c **** 				actually delay is if the wake time has also	overflowed,
1280:Middlewares/Third_Party/FreeRTOS/Source/tasks.c **** 				and the wake time is greater than the tick time.  When this
1281:Middlewares/Third_Party/FreeRTOS/Source/tasks.c **** 				is the case it is as if neither time had overflowed. */
1282:Middlewares/Third_Party/FreeRTOS/Source/tasks.c **** 				if( ( xTimeToWake < *pxPreviousWakeTime ) && ( xTimeToWake > xConstTickCount ) )
1283:Middlewares/Third_Party/FreeRTOS/Source/tasks.c **** 				{
1284:Middlewares/Third_Party/FreeRTOS/Source/tasks.c **** 					xShouldDelay = pdTRUE;
1285:Middlewares/Third_Party/FreeRTOS/Source/tasks.c **** 				}
1286:Middlewares/Third_Party/FreeRTOS/Source/tasks.c **** 				else
ARM GAS  D:\TMP\ccFCmCnH.s 			page 24


1287:Middlewares/Third_Party/FreeRTOS/Source/tasks.c **** 				{
1288:Middlewares/Third_Party/FreeRTOS/Source/tasks.c **** 					mtCOVERAGE_TEST_MARKER();
1289:Middlewares/Third_Party/FreeRTOS/Source/tasks.c **** 				}
1290:Middlewares/Third_Party/FreeRTOS/Source/tasks.c **** 			}
1291:Middlewares/Third_Party/FreeRTOS/Source/tasks.c **** 			else
1292:Middlewares/Third_Party/FreeRTOS/Source/tasks.c **** 			{
1293:Middlewares/Third_Party/FreeRTOS/Source/tasks.c **** 				/* The tick time has not overflowed.  In this case we will
1294:Middlewares/Third_Party/FreeRTOS/Source/tasks.c **** 				delay if either the wake time has overflowed, and/or the
1295:Middlewares/Third_Party/FreeRTOS/Source/tasks.c **** 				tick time is less than the wake time. */
1296:Middlewares/Third_Party/FreeRTOS/Source/tasks.c **** 				if( ( xTimeToWake < *pxPreviousWakeTime ) || ( xTimeToWake > xConstTickCount ) )
1297:Middlewares/Third_Party/FreeRTOS/Source/tasks.c **** 				{
1298:Middlewares/Third_Party/FreeRTOS/Source/tasks.c **** 					xShouldDelay = pdTRUE;
1299:Middlewares/Third_Party/FreeRTOS/Source/tasks.c **** 				}
1300:Middlewares/Third_Party/FreeRTOS/Source/tasks.c **** 				else
1301:Middlewares/Third_Party/FreeRTOS/Source/tasks.c **** 				{
1302:Middlewares/Third_Party/FreeRTOS/Source/tasks.c **** 					mtCOVERAGE_TEST_MARKER();
1303:Middlewares/Third_Party/FreeRTOS/Source/tasks.c **** 				}
1304:Middlewares/Third_Party/FreeRTOS/Source/tasks.c **** 			}
1305:Middlewares/Third_Party/FreeRTOS/Source/tasks.c **** 
1306:Middlewares/Third_Party/FreeRTOS/Source/tasks.c **** 			/* Update the wake time ready for the next call. */
1307:Middlewares/Third_Party/FreeRTOS/Source/tasks.c **** 			*pxPreviousWakeTime = xTimeToWake;
1308:Middlewares/Third_Party/FreeRTOS/Source/tasks.c **** 
1309:Middlewares/Third_Party/FreeRTOS/Source/tasks.c **** 			if( xShouldDelay != pdFALSE )
1310:Middlewares/Third_Party/FreeRTOS/Source/tasks.c **** 			{
1311:Middlewares/Third_Party/FreeRTOS/Source/tasks.c **** 				traceTASK_DELAY_UNTIL( xTimeToWake );
1312:Middlewares/Third_Party/FreeRTOS/Source/tasks.c **** 
1313:Middlewares/Third_Party/FreeRTOS/Source/tasks.c **** 				/* prvAddCurrentTaskToDelayedList() needs the block time, not
1314:Middlewares/Third_Party/FreeRTOS/Source/tasks.c **** 				the time to wake, so subtract the current tick count. */
1315:Middlewares/Third_Party/FreeRTOS/Source/tasks.c **** 				prvAddCurrentTaskToDelayedList( xTimeToWake - xConstTickCount, pdFALSE );
1316:Middlewares/Third_Party/FreeRTOS/Source/tasks.c **** 			}
1317:Middlewares/Third_Party/FreeRTOS/Source/tasks.c **** 			else
1318:Middlewares/Third_Party/FreeRTOS/Source/tasks.c **** 			{
1319:Middlewares/Third_Party/FreeRTOS/Source/tasks.c **** 				mtCOVERAGE_TEST_MARKER();
1320:Middlewares/Third_Party/FreeRTOS/Source/tasks.c **** 			}
1321:Middlewares/Third_Party/FreeRTOS/Source/tasks.c **** 		}
1322:Middlewares/Third_Party/FreeRTOS/Source/tasks.c **** 		xAlreadyYielded = xTaskResumeAll();
1323:Middlewares/Third_Party/FreeRTOS/Source/tasks.c **** 
1324:Middlewares/Third_Party/FreeRTOS/Source/tasks.c **** 		/* Force a reschedule if xTaskResumeAll has not already done so, we may
1325:Middlewares/Third_Party/FreeRTOS/Source/tasks.c **** 		have put ourselves to sleep. */
1326:Middlewares/Third_Party/FreeRTOS/Source/tasks.c **** 		if( xAlreadyYielded == pdFALSE )
1327:Middlewares/Third_Party/FreeRTOS/Source/tasks.c **** 		{
1328:Middlewares/Third_Party/FreeRTOS/Source/tasks.c **** 			portYIELD_WITHIN_API();
1329:Middlewares/Third_Party/FreeRTOS/Source/tasks.c **** 		}
1330:Middlewares/Third_Party/FreeRTOS/Source/tasks.c **** 		else
1331:Middlewares/Third_Party/FreeRTOS/Source/tasks.c **** 		{
1332:Middlewares/Third_Party/FreeRTOS/Source/tasks.c **** 			mtCOVERAGE_TEST_MARKER();
1333:Middlewares/Third_Party/FreeRTOS/Source/tasks.c **** 		}
1334:Middlewares/Third_Party/FreeRTOS/Source/tasks.c **** 	}
1335:Middlewares/Third_Party/FreeRTOS/Source/tasks.c **** 
1336:Middlewares/Third_Party/FreeRTOS/Source/tasks.c **** #endif /* INCLUDE_vTaskDelayUntil */
1337:Middlewares/Third_Party/FreeRTOS/Source/tasks.c **** /*-----------------------------------------------------------*/
1338:Middlewares/Third_Party/FreeRTOS/Source/tasks.c **** 
1339:Middlewares/Third_Party/FreeRTOS/Source/tasks.c **** #if ( INCLUDE_vTaskDelay == 1 )
1340:Middlewares/Third_Party/FreeRTOS/Source/tasks.c **** 
1341:Middlewares/Third_Party/FreeRTOS/Source/tasks.c **** 	void vTaskDelay( const TickType_t xTicksToDelay )
1342:Middlewares/Third_Party/FreeRTOS/Source/tasks.c **** 	{
1343:Middlewares/Third_Party/FreeRTOS/Source/tasks.c **** 	BaseType_t xAlreadyYielded = pdFALSE;
ARM GAS  D:\TMP\ccFCmCnH.s 			page 25


1344:Middlewares/Third_Party/FreeRTOS/Source/tasks.c **** 
1345:Middlewares/Third_Party/FreeRTOS/Source/tasks.c **** 		/* A delay time of zero just forces a reschedule. */
1346:Middlewares/Third_Party/FreeRTOS/Source/tasks.c **** 		if( xTicksToDelay > ( TickType_t ) 0U )
1347:Middlewares/Third_Party/FreeRTOS/Source/tasks.c **** 		{
1348:Middlewares/Third_Party/FreeRTOS/Source/tasks.c **** 			configASSERT( uxSchedulerSuspended == 0 );
1349:Middlewares/Third_Party/FreeRTOS/Source/tasks.c **** 			vTaskSuspendAll();
1350:Middlewares/Third_Party/FreeRTOS/Source/tasks.c **** 			{
1351:Middlewares/Third_Party/FreeRTOS/Source/tasks.c **** 				traceTASK_DELAY();
1352:Middlewares/Third_Party/FreeRTOS/Source/tasks.c **** 
1353:Middlewares/Third_Party/FreeRTOS/Source/tasks.c **** 				/* A task that is removed from the event list while the
1354:Middlewares/Third_Party/FreeRTOS/Source/tasks.c **** 				scheduler is suspended will not get placed in the ready
1355:Middlewares/Third_Party/FreeRTOS/Source/tasks.c **** 				list or removed from the blocked list until the scheduler
1356:Middlewares/Third_Party/FreeRTOS/Source/tasks.c **** 				is resumed.
1357:Middlewares/Third_Party/FreeRTOS/Source/tasks.c **** 
1358:Middlewares/Third_Party/FreeRTOS/Source/tasks.c **** 				This task cannot be in an event list as it is the currently
1359:Middlewares/Third_Party/FreeRTOS/Source/tasks.c **** 				executing task. */
1360:Middlewares/Third_Party/FreeRTOS/Source/tasks.c **** 				prvAddCurrentTaskToDelayedList( xTicksToDelay, pdFALSE );
1361:Middlewares/Third_Party/FreeRTOS/Source/tasks.c **** 			}
1362:Middlewares/Third_Party/FreeRTOS/Source/tasks.c **** 			xAlreadyYielded = xTaskResumeAll();
1363:Middlewares/Third_Party/FreeRTOS/Source/tasks.c **** 		}
1364:Middlewares/Third_Party/FreeRTOS/Source/tasks.c **** 		else
1365:Middlewares/Third_Party/FreeRTOS/Source/tasks.c **** 		{
1366:Middlewares/Third_Party/FreeRTOS/Source/tasks.c **** 			mtCOVERAGE_TEST_MARKER();
1367:Middlewares/Third_Party/FreeRTOS/Source/tasks.c **** 		}
1368:Middlewares/Third_Party/FreeRTOS/Source/tasks.c **** 
1369:Middlewares/Third_Party/FreeRTOS/Source/tasks.c **** 		/* Force a reschedule if xTaskResumeAll has not already done so, we may
1370:Middlewares/Third_Party/FreeRTOS/Source/tasks.c **** 		have put ourselves to sleep. */
1371:Middlewares/Third_Party/FreeRTOS/Source/tasks.c **** 		if( xAlreadyYielded == pdFALSE )
1372:Middlewares/Third_Party/FreeRTOS/Source/tasks.c **** 		{
1373:Middlewares/Third_Party/FreeRTOS/Source/tasks.c **** 			portYIELD_WITHIN_API();
1374:Middlewares/Third_Party/FreeRTOS/Source/tasks.c **** 		}
1375:Middlewares/Third_Party/FreeRTOS/Source/tasks.c **** 		else
1376:Middlewares/Third_Party/FreeRTOS/Source/tasks.c **** 		{
1377:Middlewares/Third_Party/FreeRTOS/Source/tasks.c **** 			mtCOVERAGE_TEST_MARKER();
1378:Middlewares/Third_Party/FreeRTOS/Source/tasks.c **** 		}
1379:Middlewares/Third_Party/FreeRTOS/Source/tasks.c **** 	}
1380:Middlewares/Third_Party/FreeRTOS/Source/tasks.c **** 
1381:Middlewares/Third_Party/FreeRTOS/Source/tasks.c **** #endif /* INCLUDE_vTaskDelay */
1382:Middlewares/Third_Party/FreeRTOS/Source/tasks.c **** /*-----------------------------------------------------------*/
1383:Middlewares/Third_Party/FreeRTOS/Source/tasks.c **** 
1384:Middlewares/Third_Party/FreeRTOS/Source/tasks.c **** #if( ( INCLUDE_eTaskGetState == 1 ) || ( configUSE_TRACE_FACILITY == 1 ) || ( INCLUDE_xTaskAbortDel
1385:Middlewares/Third_Party/FreeRTOS/Source/tasks.c **** 
1386:Middlewares/Third_Party/FreeRTOS/Source/tasks.c **** 	eTaskState eTaskGetState( TaskHandle_t xTask )
1387:Middlewares/Third_Party/FreeRTOS/Source/tasks.c **** 	{
1388:Middlewares/Third_Party/FreeRTOS/Source/tasks.c **** 	eTaskState eReturn;
1389:Middlewares/Third_Party/FreeRTOS/Source/tasks.c **** 	List_t const * pxStateList, *pxDelayedList, *pxOverflowedDelayedList;
1390:Middlewares/Third_Party/FreeRTOS/Source/tasks.c **** 	const TCB_t * const pxTCB = xTask;
1391:Middlewares/Third_Party/FreeRTOS/Source/tasks.c **** 
1392:Middlewares/Third_Party/FreeRTOS/Source/tasks.c **** 		configASSERT( pxTCB );
1393:Middlewares/Third_Party/FreeRTOS/Source/tasks.c **** 
1394:Middlewares/Third_Party/FreeRTOS/Source/tasks.c **** 		if( pxTCB == pxCurrentTCB )
1395:Middlewares/Third_Party/FreeRTOS/Source/tasks.c **** 		{
1396:Middlewares/Third_Party/FreeRTOS/Source/tasks.c **** 			/* The task calling this function is querying its own state. */
1397:Middlewares/Third_Party/FreeRTOS/Source/tasks.c **** 			eReturn = eRunning;
1398:Middlewares/Third_Party/FreeRTOS/Source/tasks.c **** 		}
1399:Middlewares/Third_Party/FreeRTOS/Source/tasks.c **** 		else
1400:Middlewares/Third_Party/FreeRTOS/Source/tasks.c **** 		{
ARM GAS  D:\TMP\ccFCmCnH.s 			page 26


1401:Middlewares/Third_Party/FreeRTOS/Source/tasks.c **** 			taskENTER_CRITICAL();
1402:Middlewares/Third_Party/FreeRTOS/Source/tasks.c **** 			{
1403:Middlewares/Third_Party/FreeRTOS/Source/tasks.c **** 				pxStateList = listLIST_ITEM_CONTAINER( &( pxTCB->xStateListItem ) );
1404:Middlewares/Third_Party/FreeRTOS/Source/tasks.c **** 				pxDelayedList = pxDelayedTaskList;
1405:Middlewares/Third_Party/FreeRTOS/Source/tasks.c **** 				pxOverflowedDelayedList = pxOverflowDelayedTaskList;
1406:Middlewares/Third_Party/FreeRTOS/Source/tasks.c **** 			}
1407:Middlewares/Third_Party/FreeRTOS/Source/tasks.c **** 			taskEXIT_CRITICAL();
1408:Middlewares/Third_Party/FreeRTOS/Source/tasks.c **** 
1409:Middlewares/Third_Party/FreeRTOS/Source/tasks.c **** 			if( ( pxStateList == pxDelayedList ) || ( pxStateList == pxOverflowedDelayedList ) )
1410:Middlewares/Third_Party/FreeRTOS/Source/tasks.c **** 			{
1411:Middlewares/Third_Party/FreeRTOS/Source/tasks.c **** 				/* The task being queried is referenced from one of the Blocked
1412:Middlewares/Third_Party/FreeRTOS/Source/tasks.c **** 				lists. */
1413:Middlewares/Third_Party/FreeRTOS/Source/tasks.c **** 				eReturn = eBlocked;
1414:Middlewares/Third_Party/FreeRTOS/Source/tasks.c **** 			}
1415:Middlewares/Third_Party/FreeRTOS/Source/tasks.c **** 
1416:Middlewares/Third_Party/FreeRTOS/Source/tasks.c **** 			#if ( INCLUDE_vTaskSuspend == 1 )
1417:Middlewares/Third_Party/FreeRTOS/Source/tasks.c **** 				else if( pxStateList == &xSuspendedTaskList )
1418:Middlewares/Third_Party/FreeRTOS/Source/tasks.c **** 				{
1419:Middlewares/Third_Party/FreeRTOS/Source/tasks.c **** 					/* The task being queried is referenced from the suspended
1420:Middlewares/Third_Party/FreeRTOS/Source/tasks.c **** 					list.  Is it genuinely suspended or is it blocked
1421:Middlewares/Third_Party/FreeRTOS/Source/tasks.c **** 					indefinitely? */
1422:Middlewares/Third_Party/FreeRTOS/Source/tasks.c **** 					if( listLIST_ITEM_CONTAINER( &( pxTCB->xEventListItem ) ) == NULL )
1423:Middlewares/Third_Party/FreeRTOS/Source/tasks.c **** 					{
1424:Middlewares/Third_Party/FreeRTOS/Source/tasks.c **** 						#if( configUSE_TASK_NOTIFICATIONS == 1 )
1425:Middlewares/Third_Party/FreeRTOS/Source/tasks.c **** 						{
1426:Middlewares/Third_Party/FreeRTOS/Source/tasks.c **** 							/* The task does not appear on the event list item of
1427:Middlewares/Third_Party/FreeRTOS/Source/tasks.c **** 							and of the RTOS objects, but could still be in the
1428:Middlewares/Third_Party/FreeRTOS/Source/tasks.c **** 							blocked state if it is waiting on its notification
1429:Middlewares/Third_Party/FreeRTOS/Source/tasks.c **** 							rather than waiting on an object. */
1430:Middlewares/Third_Party/FreeRTOS/Source/tasks.c **** 							if( pxTCB->ucNotifyState == taskWAITING_NOTIFICATION )
1431:Middlewares/Third_Party/FreeRTOS/Source/tasks.c **** 							{
1432:Middlewares/Third_Party/FreeRTOS/Source/tasks.c **** 								eReturn = eBlocked;
1433:Middlewares/Third_Party/FreeRTOS/Source/tasks.c **** 							}
1434:Middlewares/Third_Party/FreeRTOS/Source/tasks.c **** 							else
1435:Middlewares/Third_Party/FreeRTOS/Source/tasks.c **** 							{
1436:Middlewares/Third_Party/FreeRTOS/Source/tasks.c **** 								eReturn = eSuspended;
1437:Middlewares/Third_Party/FreeRTOS/Source/tasks.c **** 							}
1438:Middlewares/Third_Party/FreeRTOS/Source/tasks.c **** 						}
1439:Middlewares/Third_Party/FreeRTOS/Source/tasks.c **** 						#else
1440:Middlewares/Third_Party/FreeRTOS/Source/tasks.c **** 						{
1441:Middlewares/Third_Party/FreeRTOS/Source/tasks.c **** 							eReturn = eSuspended;
1442:Middlewares/Third_Party/FreeRTOS/Source/tasks.c **** 						}
1443:Middlewares/Third_Party/FreeRTOS/Source/tasks.c **** 						#endif
1444:Middlewares/Third_Party/FreeRTOS/Source/tasks.c **** 					}
1445:Middlewares/Third_Party/FreeRTOS/Source/tasks.c **** 					else
1446:Middlewares/Third_Party/FreeRTOS/Source/tasks.c **** 					{
1447:Middlewares/Third_Party/FreeRTOS/Source/tasks.c **** 						eReturn = eBlocked;
1448:Middlewares/Third_Party/FreeRTOS/Source/tasks.c **** 					}
1449:Middlewares/Third_Party/FreeRTOS/Source/tasks.c **** 				}
1450:Middlewares/Third_Party/FreeRTOS/Source/tasks.c **** 			#endif
1451:Middlewares/Third_Party/FreeRTOS/Source/tasks.c **** 
1452:Middlewares/Third_Party/FreeRTOS/Source/tasks.c **** 			#if ( INCLUDE_vTaskDelete == 1 )
1453:Middlewares/Third_Party/FreeRTOS/Source/tasks.c **** 				else if( ( pxStateList == &xTasksWaitingTermination ) || ( pxStateList == NULL ) )
1454:Middlewares/Third_Party/FreeRTOS/Source/tasks.c **** 				{
1455:Middlewares/Third_Party/FreeRTOS/Source/tasks.c **** 					/* The task being queried is referenced from the deleted
1456:Middlewares/Third_Party/FreeRTOS/Source/tasks.c **** 					tasks list, or it is not referenced from any lists at
1457:Middlewares/Third_Party/FreeRTOS/Source/tasks.c **** 					all. */
ARM GAS  D:\TMP\ccFCmCnH.s 			page 27


1458:Middlewares/Third_Party/FreeRTOS/Source/tasks.c **** 					eReturn = eDeleted;
1459:Middlewares/Third_Party/FreeRTOS/Source/tasks.c **** 				}
1460:Middlewares/Third_Party/FreeRTOS/Source/tasks.c **** 			#endif
1461:Middlewares/Third_Party/FreeRTOS/Source/tasks.c **** 
1462:Middlewares/Third_Party/FreeRTOS/Source/tasks.c **** 			else /*lint !e525 Negative indentation is intended to make use of pre-processor clearer. */
1463:Middlewares/Third_Party/FreeRTOS/Source/tasks.c **** 			{
1464:Middlewares/Third_Party/FreeRTOS/Source/tasks.c **** 				/* If the task is not in any other state, it must be in the
1465:Middlewares/Third_Party/FreeRTOS/Source/tasks.c **** 				Ready (including pending ready) state. */
1466:Middlewares/Third_Party/FreeRTOS/Source/tasks.c **** 				eReturn = eReady;
1467:Middlewares/Third_Party/FreeRTOS/Source/tasks.c **** 			}
1468:Middlewares/Third_Party/FreeRTOS/Source/tasks.c **** 		}
1469:Middlewares/Third_Party/FreeRTOS/Source/tasks.c **** 
1470:Middlewares/Third_Party/FreeRTOS/Source/tasks.c **** 		return eReturn;
1471:Middlewares/Third_Party/FreeRTOS/Source/tasks.c **** 	} /*lint !e818 xTask cannot be a pointer to const because it is a typedef. */
1472:Middlewares/Third_Party/FreeRTOS/Source/tasks.c **** 
1473:Middlewares/Third_Party/FreeRTOS/Source/tasks.c **** #endif /* INCLUDE_eTaskGetState */
1474:Middlewares/Third_Party/FreeRTOS/Source/tasks.c **** /*-----------------------------------------------------------*/
1475:Middlewares/Third_Party/FreeRTOS/Source/tasks.c **** 
1476:Middlewares/Third_Party/FreeRTOS/Source/tasks.c **** #if ( INCLUDE_uxTaskPriorityGet == 1 )
1477:Middlewares/Third_Party/FreeRTOS/Source/tasks.c **** 
1478:Middlewares/Third_Party/FreeRTOS/Source/tasks.c **** 	UBaseType_t uxTaskPriorityGet( const TaskHandle_t xTask )
1479:Middlewares/Third_Party/FreeRTOS/Source/tasks.c **** 	{
1480:Middlewares/Third_Party/FreeRTOS/Source/tasks.c **** 	TCB_t const *pxTCB;
1481:Middlewares/Third_Party/FreeRTOS/Source/tasks.c **** 	UBaseType_t uxReturn;
1482:Middlewares/Third_Party/FreeRTOS/Source/tasks.c **** 
1483:Middlewares/Third_Party/FreeRTOS/Source/tasks.c **** 		taskENTER_CRITICAL();
1484:Middlewares/Third_Party/FreeRTOS/Source/tasks.c **** 		{
1485:Middlewares/Third_Party/FreeRTOS/Source/tasks.c **** 			/* If null is passed in here then it is the priority of the task
1486:Middlewares/Third_Party/FreeRTOS/Source/tasks.c **** 			that called uxTaskPriorityGet() that is being queried. */
1487:Middlewares/Third_Party/FreeRTOS/Source/tasks.c **** 			pxTCB = prvGetTCBFromHandle( xTask );
1488:Middlewares/Third_Party/FreeRTOS/Source/tasks.c **** 			uxReturn = pxTCB->uxPriority;
1489:Middlewares/Third_Party/FreeRTOS/Source/tasks.c **** 		}
1490:Middlewares/Third_Party/FreeRTOS/Source/tasks.c **** 		taskEXIT_CRITICAL();
1491:Middlewares/Third_Party/FreeRTOS/Source/tasks.c **** 
1492:Middlewares/Third_Party/FreeRTOS/Source/tasks.c **** 		return uxReturn;
1493:Middlewares/Third_Party/FreeRTOS/Source/tasks.c **** 	}
1494:Middlewares/Third_Party/FreeRTOS/Source/tasks.c **** 
1495:Middlewares/Third_Party/FreeRTOS/Source/tasks.c **** #endif /* INCLUDE_uxTaskPriorityGet */
1496:Middlewares/Third_Party/FreeRTOS/Source/tasks.c **** /*-----------------------------------------------------------*/
1497:Middlewares/Third_Party/FreeRTOS/Source/tasks.c **** 
1498:Middlewares/Third_Party/FreeRTOS/Source/tasks.c **** #if ( INCLUDE_uxTaskPriorityGet == 1 )
1499:Middlewares/Third_Party/FreeRTOS/Source/tasks.c **** 
1500:Middlewares/Third_Party/FreeRTOS/Source/tasks.c **** 	UBaseType_t uxTaskPriorityGetFromISR( const TaskHandle_t xTask )
1501:Middlewares/Third_Party/FreeRTOS/Source/tasks.c **** 	{
1502:Middlewares/Third_Party/FreeRTOS/Source/tasks.c **** 	TCB_t const *pxTCB;
1503:Middlewares/Third_Party/FreeRTOS/Source/tasks.c **** 	UBaseType_t uxReturn, uxSavedInterruptState;
1504:Middlewares/Third_Party/FreeRTOS/Source/tasks.c **** 
1505:Middlewares/Third_Party/FreeRTOS/Source/tasks.c **** 		/* RTOS ports that support interrupt nesting have the concept of a
1506:Middlewares/Third_Party/FreeRTOS/Source/tasks.c **** 		maximum	system call (or maximum API call) interrupt priority.
1507:Middlewares/Third_Party/FreeRTOS/Source/tasks.c **** 		Interrupts that are	above the maximum system call priority are keep
1508:Middlewares/Third_Party/FreeRTOS/Source/tasks.c **** 		permanently enabled, even when the RTOS kernel is in a critical section,
1509:Middlewares/Third_Party/FreeRTOS/Source/tasks.c **** 		but cannot make any calls to FreeRTOS API functions.  If configASSERT()
1510:Middlewares/Third_Party/FreeRTOS/Source/tasks.c **** 		is defined in FreeRTOSConfig.h then
1511:Middlewares/Third_Party/FreeRTOS/Source/tasks.c **** 		portASSERT_IF_INTERRUPT_PRIORITY_INVALID() will result in an assertion
1512:Middlewares/Third_Party/FreeRTOS/Source/tasks.c **** 		failure if a FreeRTOS API function is called from an interrupt that has
1513:Middlewares/Third_Party/FreeRTOS/Source/tasks.c **** 		been assigned a priority above the configured maximum system call
1514:Middlewares/Third_Party/FreeRTOS/Source/tasks.c **** 		priority.  Only FreeRTOS functions that end in FromISR can be called
ARM GAS  D:\TMP\ccFCmCnH.s 			page 28


1515:Middlewares/Third_Party/FreeRTOS/Source/tasks.c **** 		from interrupts	that have been assigned a priority at or (logically)
1516:Middlewares/Third_Party/FreeRTOS/Source/tasks.c **** 		below the maximum system call interrupt priority.  FreeRTOS maintains a
1517:Middlewares/Third_Party/FreeRTOS/Source/tasks.c **** 		separate interrupt safe API to ensure interrupt entry is as fast and as
1518:Middlewares/Third_Party/FreeRTOS/Source/tasks.c **** 		simple as possible.  More information (albeit Cortex-M specific) is
1519:Middlewares/Third_Party/FreeRTOS/Source/tasks.c **** 		provided on the following link:
1520:Middlewares/Third_Party/FreeRTOS/Source/tasks.c **** 		https://www.freertos.org/RTOS-Cortex-M3-M4.html */
1521:Middlewares/Third_Party/FreeRTOS/Source/tasks.c **** 		portASSERT_IF_INTERRUPT_PRIORITY_INVALID();
1522:Middlewares/Third_Party/FreeRTOS/Source/tasks.c **** 
1523:Middlewares/Third_Party/FreeRTOS/Source/tasks.c **** 		uxSavedInterruptState = portSET_INTERRUPT_MASK_FROM_ISR();
1524:Middlewares/Third_Party/FreeRTOS/Source/tasks.c **** 		{
1525:Middlewares/Third_Party/FreeRTOS/Source/tasks.c **** 			/* If null is passed in here then it is the priority of the calling
1526:Middlewares/Third_Party/FreeRTOS/Source/tasks.c **** 			task that is being queried. */
1527:Middlewares/Third_Party/FreeRTOS/Source/tasks.c **** 			pxTCB = prvGetTCBFromHandle( xTask );
1528:Middlewares/Third_Party/FreeRTOS/Source/tasks.c **** 			uxReturn = pxTCB->uxPriority;
1529:Middlewares/Third_Party/FreeRTOS/Source/tasks.c **** 		}
1530:Middlewares/Third_Party/FreeRTOS/Source/tasks.c **** 		portCLEAR_INTERRUPT_MASK_FROM_ISR( uxSavedInterruptState );
1531:Middlewares/Third_Party/FreeRTOS/Source/tasks.c **** 
1532:Middlewares/Third_Party/FreeRTOS/Source/tasks.c **** 		return uxReturn;
1533:Middlewares/Third_Party/FreeRTOS/Source/tasks.c **** 	}
1534:Middlewares/Third_Party/FreeRTOS/Source/tasks.c **** 
1535:Middlewares/Third_Party/FreeRTOS/Source/tasks.c **** #endif /* INCLUDE_uxTaskPriorityGet */
1536:Middlewares/Third_Party/FreeRTOS/Source/tasks.c **** /*-----------------------------------------------------------*/
1537:Middlewares/Third_Party/FreeRTOS/Source/tasks.c **** 
1538:Middlewares/Third_Party/FreeRTOS/Source/tasks.c **** #if ( INCLUDE_vTaskPrioritySet == 1 )
1539:Middlewares/Third_Party/FreeRTOS/Source/tasks.c **** 
1540:Middlewares/Third_Party/FreeRTOS/Source/tasks.c **** 	void vTaskPrioritySet( TaskHandle_t xTask, UBaseType_t uxNewPriority )
1541:Middlewares/Third_Party/FreeRTOS/Source/tasks.c **** 	{
1542:Middlewares/Third_Party/FreeRTOS/Source/tasks.c **** 	TCB_t *pxTCB;
1543:Middlewares/Third_Party/FreeRTOS/Source/tasks.c **** 	UBaseType_t uxCurrentBasePriority, uxPriorityUsedOnEntry;
1544:Middlewares/Third_Party/FreeRTOS/Source/tasks.c **** 	BaseType_t xYieldRequired = pdFALSE;
1545:Middlewares/Third_Party/FreeRTOS/Source/tasks.c **** 
1546:Middlewares/Third_Party/FreeRTOS/Source/tasks.c **** 		configASSERT( ( uxNewPriority < configMAX_PRIORITIES ) );
1547:Middlewares/Third_Party/FreeRTOS/Source/tasks.c **** 
1548:Middlewares/Third_Party/FreeRTOS/Source/tasks.c **** 		/* Ensure the new priority is valid. */
1549:Middlewares/Third_Party/FreeRTOS/Source/tasks.c **** 		if( uxNewPriority >= ( UBaseType_t ) configMAX_PRIORITIES )
1550:Middlewares/Third_Party/FreeRTOS/Source/tasks.c **** 		{
1551:Middlewares/Third_Party/FreeRTOS/Source/tasks.c **** 			uxNewPriority = ( UBaseType_t ) configMAX_PRIORITIES - ( UBaseType_t ) 1U;
1552:Middlewares/Third_Party/FreeRTOS/Source/tasks.c **** 		}
1553:Middlewares/Third_Party/FreeRTOS/Source/tasks.c **** 		else
1554:Middlewares/Third_Party/FreeRTOS/Source/tasks.c **** 		{
1555:Middlewares/Third_Party/FreeRTOS/Source/tasks.c **** 			mtCOVERAGE_TEST_MARKER();
1556:Middlewares/Third_Party/FreeRTOS/Source/tasks.c **** 		}
1557:Middlewares/Third_Party/FreeRTOS/Source/tasks.c **** 
1558:Middlewares/Third_Party/FreeRTOS/Source/tasks.c **** 		taskENTER_CRITICAL();
1559:Middlewares/Third_Party/FreeRTOS/Source/tasks.c **** 		{
1560:Middlewares/Third_Party/FreeRTOS/Source/tasks.c **** 			/* If null is passed in here then it is the priority of the calling
1561:Middlewares/Third_Party/FreeRTOS/Source/tasks.c **** 			task that is being changed. */
1562:Middlewares/Third_Party/FreeRTOS/Source/tasks.c **** 			pxTCB = prvGetTCBFromHandle( xTask );
1563:Middlewares/Third_Party/FreeRTOS/Source/tasks.c **** 
1564:Middlewares/Third_Party/FreeRTOS/Source/tasks.c **** 			traceTASK_PRIORITY_SET( pxTCB, uxNewPriority );
1565:Middlewares/Third_Party/FreeRTOS/Source/tasks.c **** 
1566:Middlewares/Third_Party/FreeRTOS/Source/tasks.c **** 			#if ( configUSE_MUTEXES == 1 )
1567:Middlewares/Third_Party/FreeRTOS/Source/tasks.c **** 			{
1568:Middlewares/Third_Party/FreeRTOS/Source/tasks.c **** 				uxCurrentBasePriority = pxTCB->uxBasePriority;
1569:Middlewares/Third_Party/FreeRTOS/Source/tasks.c **** 			}
1570:Middlewares/Third_Party/FreeRTOS/Source/tasks.c **** 			#else
1571:Middlewares/Third_Party/FreeRTOS/Source/tasks.c **** 			{
ARM GAS  D:\TMP\ccFCmCnH.s 			page 29


1572:Middlewares/Third_Party/FreeRTOS/Source/tasks.c **** 				uxCurrentBasePriority = pxTCB->uxPriority;
1573:Middlewares/Third_Party/FreeRTOS/Source/tasks.c **** 			}
1574:Middlewares/Third_Party/FreeRTOS/Source/tasks.c **** 			#endif
1575:Middlewares/Third_Party/FreeRTOS/Source/tasks.c **** 
1576:Middlewares/Third_Party/FreeRTOS/Source/tasks.c **** 			if( uxCurrentBasePriority != uxNewPriority )
1577:Middlewares/Third_Party/FreeRTOS/Source/tasks.c **** 			{
1578:Middlewares/Third_Party/FreeRTOS/Source/tasks.c **** 				/* The priority change may have readied a task of higher
1579:Middlewares/Third_Party/FreeRTOS/Source/tasks.c **** 				priority than the calling task. */
1580:Middlewares/Third_Party/FreeRTOS/Source/tasks.c **** 				if( uxNewPriority > uxCurrentBasePriority )
1581:Middlewares/Third_Party/FreeRTOS/Source/tasks.c **** 				{
1582:Middlewares/Third_Party/FreeRTOS/Source/tasks.c **** 					if( pxTCB != pxCurrentTCB )
1583:Middlewares/Third_Party/FreeRTOS/Source/tasks.c **** 					{
1584:Middlewares/Third_Party/FreeRTOS/Source/tasks.c **** 						/* The priority of a task other than the currently
1585:Middlewares/Third_Party/FreeRTOS/Source/tasks.c **** 						running task is being raised.  Is the priority being
1586:Middlewares/Third_Party/FreeRTOS/Source/tasks.c **** 						raised above that of the running task? */
1587:Middlewares/Third_Party/FreeRTOS/Source/tasks.c **** 						if( uxNewPriority >= pxCurrentTCB->uxPriority )
1588:Middlewares/Third_Party/FreeRTOS/Source/tasks.c **** 						{
1589:Middlewares/Third_Party/FreeRTOS/Source/tasks.c **** 							xYieldRequired = pdTRUE;
1590:Middlewares/Third_Party/FreeRTOS/Source/tasks.c **** 						}
1591:Middlewares/Third_Party/FreeRTOS/Source/tasks.c **** 						else
1592:Middlewares/Third_Party/FreeRTOS/Source/tasks.c **** 						{
1593:Middlewares/Third_Party/FreeRTOS/Source/tasks.c **** 							mtCOVERAGE_TEST_MARKER();
1594:Middlewares/Third_Party/FreeRTOS/Source/tasks.c **** 						}
1595:Middlewares/Third_Party/FreeRTOS/Source/tasks.c **** 					}
1596:Middlewares/Third_Party/FreeRTOS/Source/tasks.c **** 					else
1597:Middlewares/Third_Party/FreeRTOS/Source/tasks.c **** 					{
1598:Middlewares/Third_Party/FreeRTOS/Source/tasks.c **** 						/* The priority of the running task is being raised,
1599:Middlewares/Third_Party/FreeRTOS/Source/tasks.c **** 						but the running task must already be the highest
1600:Middlewares/Third_Party/FreeRTOS/Source/tasks.c **** 						priority task able to run so no yield is required. */
1601:Middlewares/Third_Party/FreeRTOS/Source/tasks.c **** 					}
1602:Middlewares/Third_Party/FreeRTOS/Source/tasks.c **** 				}
1603:Middlewares/Third_Party/FreeRTOS/Source/tasks.c **** 				else if( pxTCB == pxCurrentTCB )
1604:Middlewares/Third_Party/FreeRTOS/Source/tasks.c **** 				{
1605:Middlewares/Third_Party/FreeRTOS/Source/tasks.c **** 					/* Setting the priority of the running task down means
1606:Middlewares/Third_Party/FreeRTOS/Source/tasks.c **** 					there may now be another task of higher priority that
1607:Middlewares/Third_Party/FreeRTOS/Source/tasks.c **** 					is ready to execute. */
1608:Middlewares/Third_Party/FreeRTOS/Source/tasks.c **** 					xYieldRequired = pdTRUE;
1609:Middlewares/Third_Party/FreeRTOS/Source/tasks.c **** 				}
1610:Middlewares/Third_Party/FreeRTOS/Source/tasks.c **** 				else
1611:Middlewares/Third_Party/FreeRTOS/Source/tasks.c **** 				{
1612:Middlewares/Third_Party/FreeRTOS/Source/tasks.c **** 					/* Setting the priority of any other task down does not
1613:Middlewares/Third_Party/FreeRTOS/Source/tasks.c **** 					require a yield as the running task must be above the
1614:Middlewares/Third_Party/FreeRTOS/Source/tasks.c **** 					new priority of the task being modified. */
1615:Middlewares/Third_Party/FreeRTOS/Source/tasks.c **** 				}
1616:Middlewares/Third_Party/FreeRTOS/Source/tasks.c **** 
1617:Middlewares/Third_Party/FreeRTOS/Source/tasks.c **** 				/* Remember the ready list the task might be referenced from
1618:Middlewares/Third_Party/FreeRTOS/Source/tasks.c **** 				before its uxPriority member is changed so the
1619:Middlewares/Third_Party/FreeRTOS/Source/tasks.c **** 				taskRESET_READY_PRIORITY() macro can function correctly. */
1620:Middlewares/Third_Party/FreeRTOS/Source/tasks.c **** 				uxPriorityUsedOnEntry = pxTCB->uxPriority;
1621:Middlewares/Third_Party/FreeRTOS/Source/tasks.c **** 
1622:Middlewares/Third_Party/FreeRTOS/Source/tasks.c **** 				#if ( configUSE_MUTEXES == 1 )
1623:Middlewares/Third_Party/FreeRTOS/Source/tasks.c **** 				{
1624:Middlewares/Third_Party/FreeRTOS/Source/tasks.c **** 					/* Only change the priority being used if the task is not
1625:Middlewares/Third_Party/FreeRTOS/Source/tasks.c **** 					currently using an inherited priority. */
1626:Middlewares/Third_Party/FreeRTOS/Source/tasks.c **** 					if( pxTCB->uxBasePriority == pxTCB->uxPriority )
1627:Middlewares/Third_Party/FreeRTOS/Source/tasks.c **** 					{
1628:Middlewares/Third_Party/FreeRTOS/Source/tasks.c **** 						pxTCB->uxPriority = uxNewPriority;
ARM GAS  D:\TMP\ccFCmCnH.s 			page 30


1629:Middlewares/Third_Party/FreeRTOS/Source/tasks.c **** 					}
1630:Middlewares/Third_Party/FreeRTOS/Source/tasks.c **** 					else
1631:Middlewares/Third_Party/FreeRTOS/Source/tasks.c **** 					{
1632:Middlewares/Third_Party/FreeRTOS/Source/tasks.c **** 						mtCOVERAGE_TEST_MARKER();
1633:Middlewares/Third_Party/FreeRTOS/Source/tasks.c **** 					}
1634:Middlewares/Third_Party/FreeRTOS/Source/tasks.c **** 
1635:Middlewares/Third_Party/FreeRTOS/Source/tasks.c **** 					/* The base priority gets set whatever. */
1636:Middlewares/Third_Party/FreeRTOS/Source/tasks.c **** 					pxTCB->uxBasePriority = uxNewPriority;
1637:Middlewares/Third_Party/FreeRTOS/Source/tasks.c **** 				}
1638:Middlewares/Third_Party/FreeRTOS/Source/tasks.c **** 				#else
1639:Middlewares/Third_Party/FreeRTOS/Source/tasks.c **** 				{
1640:Middlewares/Third_Party/FreeRTOS/Source/tasks.c **** 					pxTCB->uxPriority = uxNewPriority;
1641:Middlewares/Third_Party/FreeRTOS/Source/tasks.c **** 				}
1642:Middlewares/Third_Party/FreeRTOS/Source/tasks.c **** 				#endif
1643:Middlewares/Third_Party/FreeRTOS/Source/tasks.c **** 
1644:Middlewares/Third_Party/FreeRTOS/Source/tasks.c **** 				/* Only reset the event list item value if the value is not
1645:Middlewares/Third_Party/FreeRTOS/Source/tasks.c **** 				being used for anything else. */
1646:Middlewares/Third_Party/FreeRTOS/Source/tasks.c **** 				if( ( listGET_LIST_ITEM_VALUE( &( pxTCB->xEventListItem ) ) & taskEVENT_LIST_ITEM_VALUE_IN_USE 
1647:Middlewares/Third_Party/FreeRTOS/Source/tasks.c **** 				{
1648:Middlewares/Third_Party/FreeRTOS/Source/tasks.c **** 					listSET_LIST_ITEM_VALUE( &( pxTCB->xEventListItem ), ( ( TickType_t ) configMAX_PRIORITIES - (
1649:Middlewares/Third_Party/FreeRTOS/Source/tasks.c **** 				}
1650:Middlewares/Third_Party/FreeRTOS/Source/tasks.c **** 				else
1651:Middlewares/Third_Party/FreeRTOS/Source/tasks.c **** 				{
1652:Middlewares/Third_Party/FreeRTOS/Source/tasks.c **** 					mtCOVERAGE_TEST_MARKER();
1653:Middlewares/Third_Party/FreeRTOS/Source/tasks.c **** 				}
1654:Middlewares/Third_Party/FreeRTOS/Source/tasks.c **** 
1655:Middlewares/Third_Party/FreeRTOS/Source/tasks.c **** 				/* If the task is in the blocked or suspended list we need do
1656:Middlewares/Third_Party/FreeRTOS/Source/tasks.c **** 				nothing more than change its priority variable. However, if
1657:Middlewares/Third_Party/FreeRTOS/Source/tasks.c **** 				the task is in a ready list it needs to be removed and placed
1658:Middlewares/Third_Party/FreeRTOS/Source/tasks.c **** 				in the list appropriate to its new priority. */
1659:Middlewares/Third_Party/FreeRTOS/Source/tasks.c **** 				if( listIS_CONTAINED_WITHIN( &( pxReadyTasksLists[ uxPriorityUsedOnEntry ] ), &( pxTCB->xStateL
1660:Middlewares/Third_Party/FreeRTOS/Source/tasks.c **** 				{
1661:Middlewares/Third_Party/FreeRTOS/Source/tasks.c **** 					/* The task is currently in its ready list - remove before
1662:Middlewares/Third_Party/FreeRTOS/Source/tasks.c **** 					adding it to it's new ready list.  As we are in a critical
1663:Middlewares/Third_Party/FreeRTOS/Source/tasks.c **** 					section we can do this even if the scheduler is suspended. */
1664:Middlewares/Third_Party/FreeRTOS/Source/tasks.c **** 					if( uxListRemove( &( pxTCB->xStateListItem ) ) == ( UBaseType_t ) 0 )
1665:Middlewares/Third_Party/FreeRTOS/Source/tasks.c **** 					{
1666:Middlewares/Third_Party/FreeRTOS/Source/tasks.c **** 						/* It is known that the task is in its ready list so
1667:Middlewares/Third_Party/FreeRTOS/Source/tasks.c **** 						there is no need to check again and the port level
1668:Middlewares/Third_Party/FreeRTOS/Source/tasks.c **** 						reset macro can be called directly. */
1669:Middlewares/Third_Party/FreeRTOS/Source/tasks.c **** 						portRESET_READY_PRIORITY( uxPriorityUsedOnEntry, uxTopReadyPriority );
1670:Middlewares/Third_Party/FreeRTOS/Source/tasks.c **** 					}
1671:Middlewares/Third_Party/FreeRTOS/Source/tasks.c **** 					else
1672:Middlewares/Third_Party/FreeRTOS/Source/tasks.c **** 					{
1673:Middlewares/Third_Party/FreeRTOS/Source/tasks.c **** 						mtCOVERAGE_TEST_MARKER();
1674:Middlewares/Third_Party/FreeRTOS/Source/tasks.c **** 					}
1675:Middlewares/Third_Party/FreeRTOS/Source/tasks.c **** 					prvAddTaskToReadyList( pxTCB );
1676:Middlewares/Third_Party/FreeRTOS/Source/tasks.c **** 				}
1677:Middlewares/Third_Party/FreeRTOS/Source/tasks.c **** 				else
1678:Middlewares/Third_Party/FreeRTOS/Source/tasks.c **** 				{
1679:Middlewares/Third_Party/FreeRTOS/Source/tasks.c **** 					mtCOVERAGE_TEST_MARKER();
1680:Middlewares/Third_Party/FreeRTOS/Source/tasks.c **** 				}
1681:Middlewares/Third_Party/FreeRTOS/Source/tasks.c **** 
1682:Middlewares/Third_Party/FreeRTOS/Source/tasks.c **** 				if( xYieldRequired != pdFALSE )
1683:Middlewares/Third_Party/FreeRTOS/Source/tasks.c **** 				{
1684:Middlewares/Third_Party/FreeRTOS/Source/tasks.c **** 					taskYIELD_IF_USING_PREEMPTION();
1685:Middlewares/Third_Party/FreeRTOS/Source/tasks.c **** 				}
ARM GAS  D:\TMP\ccFCmCnH.s 			page 31


1686:Middlewares/Third_Party/FreeRTOS/Source/tasks.c **** 				else
1687:Middlewares/Third_Party/FreeRTOS/Source/tasks.c **** 				{
1688:Middlewares/Third_Party/FreeRTOS/Source/tasks.c **** 					mtCOVERAGE_TEST_MARKER();
1689:Middlewares/Third_Party/FreeRTOS/Source/tasks.c **** 				}
1690:Middlewares/Third_Party/FreeRTOS/Source/tasks.c **** 
1691:Middlewares/Third_Party/FreeRTOS/Source/tasks.c **** 				/* Remove compiler warning about unused variables when the port
1692:Middlewares/Third_Party/FreeRTOS/Source/tasks.c **** 				optimised task selection is not being used. */
1693:Middlewares/Third_Party/FreeRTOS/Source/tasks.c **** 				( void ) uxPriorityUsedOnEntry;
1694:Middlewares/Third_Party/FreeRTOS/Source/tasks.c **** 			}
1695:Middlewares/Third_Party/FreeRTOS/Source/tasks.c **** 		}
1696:Middlewares/Third_Party/FreeRTOS/Source/tasks.c **** 		taskEXIT_CRITICAL();
1697:Middlewares/Third_Party/FreeRTOS/Source/tasks.c **** 	}
1698:Middlewares/Third_Party/FreeRTOS/Source/tasks.c **** 
1699:Middlewares/Third_Party/FreeRTOS/Source/tasks.c **** #endif /* INCLUDE_vTaskPrioritySet */
1700:Middlewares/Third_Party/FreeRTOS/Source/tasks.c **** /*-----------------------------------------------------------*/
1701:Middlewares/Third_Party/FreeRTOS/Source/tasks.c **** 
1702:Middlewares/Third_Party/FreeRTOS/Source/tasks.c **** #if ( INCLUDE_vTaskSuspend == 1 )
1703:Middlewares/Third_Party/FreeRTOS/Source/tasks.c **** 
1704:Middlewares/Third_Party/FreeRTOS/Source/tasks.c **** 	void vTaskSuspend( TaskHandle_t xTaskToSuspend )
1705:Middlewares/Third_Party/FreeRTOS/Source/tasks.c **** 	{
1706:Middlewares/Third_Party/FreeRTOS/Source/tasks.c **** 	TCB_t *pxTCB;
1707:Middlewares/Third_Party/FreeRTOS/Source/tasks.c **** 
1708:Middlewares/Third_Party/FreeRTOS/Source/tasks.c **** 		taskENTER_CRITICAL();
1709:Middlewares/Third_Party/FreeRTOS/Source/tasks.c **** 		{
1710:Middlewares/Third_Party/FreeRTOS/Source/tasks.c **** 			/* If null is passed in here then it is the running task that is
1711:Middlewares/Third_Party/FreeRTOS/Source/tasks.c **** 			being suspended. */
1712:Middlewares/Third_Party/FreeRTOS/Source/tasks.c **** 			pxTCB = prvGetTCBFromHandle( xTaskToSuspend );
1713:Middlewares/Third_Party/FreeRTOS/Source/tasks.c **** 
1714:Middlewares/Third_Party/FreeRTOS/Source/tasks.c **** 			traceTASK_SUSPEND( pxTCB );
1715:Middlewares/Third_Party/FreeRTOS/Source/tasks.c **** 
1716:Middlewares/Third_Party/FreeRTOS/Source/tasks.c **** 			/* Remove task from the ready/delayed list and place in the
1717:Middlewares/Third_Party/FreeRTOS/Source/tasks.c **** 			suspended list. */
1718:Middlewares/Third_Party/FreeRTOS/Source/tasks.c **** 			if( uxListRemove( &( pxTCB->xStateListItem ) ) == ( UBaseType_t ) 0 )
1719:Middlewares/Third_Party/FreeRTOS/Source/tasks.c **** 			{
1720:Middlewares/Third_Party/FreeRTOS/Source/tasks.c **** 				taskRESET_READY_PRIORITY( pxTCB->uxPriority );
1721:Middlewares/Third_Party/FreeRTOS/Source/tasks.c **** 			}
1722:Middlewares/Third_Party/FreeRTOS/Source/tasks.c **** 			else
1723:Middlewares/Third_Party/FreeRTOS/Source/tasks.c **** 			{
1724:Middlewares/Third_Party/FreeRTOS/Source/tasks.c **** 				mtCOVERAGE_TEST_MARKER();
1725:Middlewares/Third_Party/FreeRTOS/Source/tasks.c **** 			}
1726:Middlewares/Third_Party/FreeRTOS/Source/tasks.c **** 
1727:Middlewares/Third_Party/FreeRTOS/Source/tasks.c **** 			/* Is the task waiting on an event also? */
1728:Middlewares/Third_Party/FreeRTOS/Source/tasks.c **** 			if( listLIST_ITEM_CONTAINER( &( pxTCB->xEventListItem ) ) != NULL )
1729:Middlewares/Third_Party/FreeRTOS/Source/tasks.c **** 			{
1730:Middlewares/Third_Party/FreeRTOS/Source/tasks.c **** 				( void ) uxListRemove( &( pxTCB->xEventListItem ) );
1731:Middlewares/Third_Party/FreeRTOS/Source/tasks.c **** 			}
1732:Middlewares/Third_Party/FreeRTOS/Source/tasks.c **** 			else
1733:Middlewares/Third_Party/FreeRTOS/Source/tasks.c **** 			{
1734:Middlewares/Third_Party/FreeRTOS/Source/tasks.c **** 				mtCOVERAGE_TEST_MARKER();
1735:Middlewares/Third_Party/FreeRTOS/Source/tasks.c **** 			}
1736:Middlewares/Third_Party/FreeRTOS/Source/tasks.c **** 
1737:Middlewares/Third_Party/FreeRTOS/Source/tasks.c **** 			vListInsertEnd( &xSuspendedTaskList, &( pxTCB->xStateListItem ) );
1738:Middlewares/Third_Party/FreeRTOS/Source/tasks.c **** 
1739:Middlewares/Third_Party/FreeRTOS/Source/tasks.c **** 			#if( configUSE_TASK_NOTIFICATIONS == 1 )
1740:Middlewares/Third_Party/FreeRTOS/Source/tasks.c **** 			{
1741:Middlewares/Third_Party/FreeRTOS/Source/tasks.c **** 				if( pxTCB->ucNotifyState == taskWAITING_NOTIFICATION )
1742:Middlewares/Third_Party/FreeRTOS/Source/tasks.c **** 				{
ARM GAS  D:\TMP\ccFCmCnH.s 			page 32


1743:Middlewares/Third_Party/FreeRTOS/Source/tasks.c **** 					/* The task was blocked to wait for a notification, but is
1744:Middlewares/Third_Party/FreeRTOS/Source/tasks.c **** 					now suspended, so no notification was received. */
1745:Middlewares/Third_Party/FreeRTOS/Source/tasks.c **** 					pxTCB->ucNotifyState = taskNOT_WAITING_NOTIFICATION;
1746:Middlewares/Third_Party/FreeRTOS/Source/tasks.c **** 				}
1747:Middlewares/Third_Party/FreeRTOS/Source/tasks.c **** 			}
1748:Middlewares/Third_Party/FreeRTOS/Source/tasks.c **** 			#endif
1749:Middlewares/Third_Party/FreeRTOS/Source/tasks.c **** 		}
1750:Middlewares/Third_Party/FreeRTOS/Source/tasks.c **** 		taskEXIT_CRITICAL();
1751:Middlewares/Third_Party/FreeRTOS/Source/tasks.c **** 
1752:Middlewares/Third_Party/FreeRTOS/Source/tasks.c **** 		if( xSchedulerRunning != pdFALSE )
1753:Middlewares/Third_Party/FreeRTOS/Source/tasks.c **** 		{
1754:Middlewares/Third_Party/FreeRTOS/Source/tasks.c **** 			/* Reset the next expected unblock time in case it referred to the
1755:Middlewares/Third_Party/FreeRTOS/Source/tasks.c **** 			task that is now in the Suspended state. */
1756:Middlewares/Third_Party/FreeRTOS/Source/tasks.c **** 			taskENTER_CRITICAL();
1757:Middlewares/Third_Party/FreeRTOS/Source/tasks.c **** 			{
1758:Middlewares/Third_Party/FreeRTOS/Source/tasks.c **** 				prvResetNextTaskUnblockTime();
1759:Middlewares/Third_Party/FreeRTOS/Source/tasks.c **** 			}
1760:Middlewares/Third_Party/FreeRTOS/Source/tasks.c **** 			taskEXIT_CRITICAL();
1761:Middlewares/Third_Party/FreeRTOS/Source/tasks.c **** 		}
1762:Middlewares/Third_Party/FreeRTOS/Source/tasks.c **** 		else
1763:Middlewares/Third_Party/FreeRTOS/Source/tasks.c **** 		{
1764:Middlewares/Third_Party/FreeRTOS/Source/tasks.c **** 			mtCOVERAGE_TEST_MARKER();
1765:Middlewares/Third_Party/FreeRTOS/Source/tasks.c **** 		}
1766:Middlewares/Third_Party/FreeRTOS/Source/tasks.c **** 
1767:Middlewares/Third_Party/FreeRTOS/Source/tasks.c **** 		if( pxTCB == pxCurrentTCB )
1768:Middlewares/Third_Party/FreeRTOS/Source/tasks.c **** 		{
1769:Middlewares/Third_Party/FreeRTOS/Source/tasks.c **** 			if( xSchedulerRunning != pdFALSE )
1770:Middlewares/Third_Party/FreeRTOS/Source/tasks.c **** 			{
1771:Middlewares/Third_Party/FreeRTOS/Source/tasks.c **** 				/* The current task has just been suspended. */
1772:Middlewares/Third_Party/FreeRTOS/Source/tasks.c **** 				configASSERT( uxSchedulerSuspended == 0 );
1773:Middlewares/Third_Party/FreeRTOS/Source/tasks.c **** 				portYIELD_WITHIN_API();
1774:Middlewares/Third_Party/FreeRTOS/Source/tasks.c **** 			}
1775:Middlewares/Third_Party/FreeRTOS/Source/tasks.c **** 			else
1776:Middlewares/Third_Party/FreeRTOS/Source/tasks.c **** 			{
1777:Middlewares/Third_Party/FreeRTOS/Source/tasks.c **** 				/* The scheduler is not running, but the task that was pointed
1778:Middlewares/Third_Party/FreeRTOS/Source/tasks.c **** 				to by pxCurrentTCB has just been suspended and pxCurrentTCB
1779:Middlewares/Third_Party/FreeRTOS/Source/tasks.c **** 				must be adjusted to point to a different task. */
1780:Middlewares/Third_Party/FreeRTOS/Source/tasks.c **** 				if( listCURRENT_LIST_LENGTH( &xSuspendedTaskList ) == uxCurrentNumberOfTasks ) /*lint !e931 Rig
1781:Middlewares/Third_Party/FreeRTOS/Source/tasks.c **** 				{
1782:Middlewares/Third_Party/FreeRTOS/Source/tasks.c **** 					/* No other tasks are ready, so set pxCurrentTCB back to
1783:Middlewares/Third_Party/FreeRTOS/Source/tasks.c **** 					NULL so when the next task is created pxCurrentTCB will
1784:Middlewares/Third_Party/FreeRTOS/Source/tasks.c **** 					be set to point to it no matter what its relative priority
1785:Middlewares/Third_Party/FreeRTOS/Source/tasks.c **** 					is. */
1786:Middlewares/Third_Party/FreeRTOS/Source/tasks.c **** 					pxCurrentTCB = NULL;
1787:Middlewares/Third_Party/FreeRTOS/Source/tasks.c **** 				}
1788:Middlewares/Third_Party/FreeRTOS/Source/tasks.c **** 				else
1789:Middlewares/Third_Party/FreeRTOS/Source/tasks.c **** 				{
1790:Middlewares/Third_Party/FreeRTOS/Source/tasks.c **** 					vTaskSwitchContext();
1791:Middlewares/Third_Party/FreeRTOS/Source/tasks.c **** 				}
1792:Middlewares/Third_Party/FreeRTOS/Source/tasks.c **** 			}
1793:Middlewares/Third_Party/FreeRTOS/Source/tasks.c **** 		}
1794:Middlewares/Third_Party/FreeRTOS/Source/tasks.c **** 		else
1795:Middlewares/Third_Party/FreeRTOS/Source/tasks.c **** 		{
1796:Middlewares/Third_Party/FreeRTOS/Source/tasks.c **** 			mtCOVERAGE_TEST_MARKER();
1797:Middlewares/Third_Party/FreeRTOS/Source/tasks.c **** 		}
1798:Middlewares/Third_Party/FreeRTOS/Source/tasks.c **** 	}
1799:Middlewares/Third_Party/FreeRTOS/Source/tasks.c **** 
ARM GAS  D:\TMP\ccFCmCnH.s 			page 33


1800:Middlewares/Third_Party/FreeRTOS/Source/tasks.c **** #endif /* INCLUDE_vTaskSuspend */
1801:Middlewares/Third_Party/FreeRTOS/Source/tasks.c **** /*-----------------------------------------------------------*/
1802:Middlewares/Third_Party/FreeRTOS/Source/tasks.c **** 
1803:Middlewares/Third_Party/FreeRTOS/Source/tasks.c **** #if ( INCLUDE_vTaskSuspend == 1 )
1804:Middlewares/Third_Party/FreeRTOS/Source/tasks.c **** 
1805:Middlewares/Third_Party/FreeRTOS/Source/tasks.c **** 	static BaseType_t prvTaskIsTaskSuspended( const TaskHandle_t xTask )
1806:Middlewares/Third_Party/FreeRTOS/Source/tasks.c **** 	{
  27              		.loc 1 1806 2 view -0
  28              		.cfi_startproc
  29              		@ args = 0, pretend = 0, frame = 0
  30              		@ frame_needed = 0, uses_anonymous_args = 0
  31              		@ link register save eliminated.
1807:Middlewares/Third_Party/FreeRTOS/Source/tasks.c **** 	BaseType_t xReturn = pdFALSE;
  32              		.loc 1 1807 2 view .LVU1
1808:Middlewares/Third_Party/FreeRTOS/Source/tasks.c **** 	const TCB_t * const pxTCB = xTask;
  33              		.loc 1 1808 2 view .LVU2
1809:Middlewares/Third_Party/FreeRTOS/Source/tasks.c **** 
1810:Middlewares/Third_Party/FreeRTOS/Source/tasks.c **** 		/* Accesses xPendingReadyList so must be called from a critical
1811:Middlewares/Third_Party/FreeRTOS/Source/tasks.c **** 		section. */
1812:Middlewares/Third_Party/FreeRTOS/Source/tasks.c **** 
1813:Middlewares/Third_Party/FreeRTOS/Source/tasks.c **** 		/* It does not make sense to check if the calling task is suspended. */
1814:Middlewares/Third_Party/FreeRTOS/Source/tasks.c **** 		configASSERT( xTask );
  34              		.loc 1 1814 3 view .LVU3
  35 0000 28B1     		cbz	r0, .L8
  36              		.loc 1 1814 24 discriminator 2 view .LVU4
1815:Middlewares/Third_Party/FreeRTOS/Source/tasks.c **** 
1816:Middlewares/Third_Party/FreeRTOS/Source/tasks.c **** 		/* Is the task being resumed actually in the suspended list? */
1817:Middlewares/Third_Party/FreeRTOS/Source/tasks.c **** 		if( listIS_CONTAINED_WITHIN( &xSuspendedTaskList, &( pxTCB->xStateListItem ) ) != pdFALSE )
  37              		.loc 1 1817 3 view .LVU5
  38              		.loc 1 1817 7 is_stmt 0 view .LVU6
  39 0002 4169     		ldr	r1, [r0, #20]
  40              		.loc 1 1817 5 view .LVU7
  41 0004 0C4A     		ldr	r2, .L10
  42 0006 9142     		cmp	r1, r2
  43 0008 0AD0     		beq	.L9
1807:Middlewares/Third_Party/FreeRTOS/Source/tasks.c **** 	const TCB_t * const pxTCB = xTask;
  44              		.loc 1 1807 13 view .LVU8
  45 000a 0020     		movs	r0, #0
  46              	.LVL1:
1807:Middlewares/Third_Party/FreeRTOS/Source/tasks.c **** 	const TCB_t * const pxTCB = xTask;
  47              		.loc 1 1807 13 view .LVU9
  48 000c 7047     		bx	lr
  49              	.LVL2:
  50              	.L8:
1814:Middlewares/Third_Party/FreeRTOS/Source/tasks.c **** 
  51              		.loc 1 1814 3 is_stmt 1 discriminator 1 view .LVU10
  52              	.LBB110:
  53              	.LBI110:
  54              		.file 2 "Middlewares/Third_Party/FreeRTOS/Source/portable/GCC/ARM_CM3/portmacro.h"
   1:Middlewares/Third_Party/FreeRTOS/Source/portable/GCC/ARM_CM3/portmacro.h **** /*
   2:Middlewares/Third_Party/FreeRTOS/Source/portable/GCC/ARM_CM3/portmacro.h ****  * FreeRTOS Kernel V10.3.1
   3:Middlewares/Third_Party/FreeRTOS/Source/portable/GCC/ARM_CM3/portmacro.h ****  * Copyright (C) 2020 Amazon.com, Inc. or its affiliates.  All Rights Reserved.
   4:Middlewares/Third_Party/FreeRTOS/Source/portable/GCC/ARM_CM3/portmacro.h ****  *
   5:Middlewares/Third_Party/FreeRTOS/Source/portable/GCC/ARM_CM3/portmacro.h ****  * Permission is hereby granted, free of charge, to any person obtaining a copy of
   6:Middlewares/Third_Party/FreeRTOS/Source/portable/GCC/ARM_CM3/portmacro.h ****  * this software and associated documentation files (the "Software"), to deal in
   7:Middlewares/Third_Party/FreeRTOS/Source/portable/GCC/ARM_CM3/portmacro.h ****  * the Software without restriction, including without limitation the rights to
   8:Middlewares/Third_Party/FreeRTOS/Source/portable/GCC/ARM_CM3/portmacro.h ****  * use, copy, modify, merge, publish, distribute, sublicense, and/or sell copies of
ARM GAS  D:\TMP\ccFCmCnH.s 			page 34


   9:Middlewares/Third_Party/FreeRTOS/Source/portable/GCC/ARM_CM3/portmacro.h ****  * the Software, and to permit persons to whom the Software is furnished to do so,
  10:Middlewares/Third_Party/FreeRTOS/Source/portable/GCC/ARM_CM3/portmacro.h ****  * subject to the following conditions:
  11:Middlewares/Third_Party/FreeRTOS/Source/portable/GCC/ARM_CM3/portmacro.h ****  *
  12:Middlewares/Third_Party/FreeRTOS/Source/portable/GCC/ARM_CM3/portmacro.h ****  * The above copyright notice and this permission notice shall be included in all
  13:Middlewares/Third_Party/FreeRTOS/Source/portable/GCC/ARM_CM3/portmacro.h ****  * copies or substantial portions of the Software.
  14:Middlewares/Third_Party/FreeRTOS/Source/portable/GCC/ARM_CM3/portmacro.h ****  *
  15:Middlewares/Third_Party/FreeRTOS/Source/portable/GCC/ARM_CM3/portmacro.h ****  * THE SOFTWARE IS PROVIDED "AS IS", WITHOUT WARRANTY OF ANY KIND, EXPRESS OR
  16:Middlewares/Third_Party/FreeRTOS/Source/portable/GCC/ARM_CM3/portmacro.h ****  * IMPLIED, INCLUDING BUT NOT LIMITED TO THE WARRANTIES OF MERCHANTABILITY, FITNESS
  17:Middlewares/Third_Party/FreeRTOS/Source/portable/GCC/ARM_CM3/portmacro.h ****  * FOR A PARTICULAR PURPOSE AND NONINFRINGEMENT. IN NO EVENT SHALL THE AUTHORS OR
  18:Middlewares/Third_Party/FreeRTOS/Source/portable/GCC/ARM_CM3/portmacro.h ****  * COPYRIGHT HOLDERS BE LIABLE FOR ANY CLAIM, DAMAGES OR OTHER LIABILITY, WHETHER
  19:Middlewares/Third_Party/FreeRTOS/Source/portable/GCC/ARM_CM3/portmacro.h ****  * IN AN ACTION OF CONTRACT, TORT OR OTHERWISE, ARISING FROM, OUT OF OR IN
  20:Middlewares/Third_Party/FreeRTOS/Source/portable/GCC/ARM_CM3/portmacro.h ****  * CONNECTION WITH THE SOFTWARE OR THE USE OR OTHER DEALINGS IN THE SOFTWARE.
  21:Middlewares/Third_Party/FreeRTOS/Source/portable/GCC/ARM_CM3/portmacro.h ****  *
  22:Middlewares/Third_Party/FreeRTOS/Source/portable/GCC/ARM_CM3/portmacro.h ****  * http://www.FreeRTOS.org
  23:Middlewares/Third_Party/FreeRTOS/Source/portable/GCC/ARM_CM3/portmacro.h ****  * http://aws.amazon.com/freertos
  24:Middlewares/Third_Party/FreeRTOS/Source/portable/GCC/ARM_CM3/portmacro.h ****  *
  25:Middlewares/Third_Party/FreeRTOS/Source/portable/GCC/ARM_CM3/portmacro.h ****  * 1 tab == 4 spaces!
  26:Middlewares/Third_Party/FreeRTOS/Source/portable/GCC/ARM_CM3/portmacro.h ****  */
  27:Middlewares/Third_Party/FreeRTOS/Source/portable/GCC/ARM_CM3/portmacro.h **** 
  28:Middlewares/Third_Party/FreeRTOS/Source/portable/GCC/ARM_CM3/portmacro.h **** 
  29:Middlewares/Third_Party/FreeRTOS/Source/portable/GCC/ARM_CM3/portmacro.h **** #ifndef PORTMACRO_H
  30:Middlewares/Third_Party/FreeRTOS/Source/portable/GCC/ARM_CM3/portmacro.h **** #define PORTMACRO_H
  31:Middlewares/Third_Party/FreeRTOS/Source/portable/GCC/ARM_CM3/portmacro.h **** 
  32:Middlewares/Third_Party/FreeRTOS/Source/portable/GCC/ARM_CM3/portmacro.h **** #ifdef __cplusplus
  33:Middlewares/Third_Party/FreeRTOS/Source/portable/GCC/ARM_CM3/portmacro.h **** extern "C" {
  34:Middlewares/Third_Party/FreeRTOS/Source/portable/GCC/ARM_CM3/portmacro.h **** #endif
  35:Middlewares/Third_Party/FreeRTOS/Source/portable/GCC/ARM_CM3/portmacro.h **** 
  36:Middlewares/Third_Party/FreeRTOS/Source/portable/GCC/ARM_CM3/portmacro.h **** /*-----------------------------------------------------------
  37:Middlewares/Third_Party/FreeRTOS/Source/portable/GCC/ARM_CM3/portmacro.h ****  * Port specific definitions.
  38:Middlewares/Third_Party/FreeRTOS/Source/portable/GCC/ARM_CM3/portmacro.h ****  *
  39:Middlewares/Third_Party/FreeRTOS/Source/portable/GCC/ARM_CM3/portmacro.h ****  * The settings in this file configure FreeRTOS correctly for the
  40:Middlewares/Third_Party/FreeRTOS/Source/portable/GCC/ARM_CM3/portmacro.h ****  * given hardware and compiler.
  41:Middlewares/Third_Party/FreeRTOS/Source/portable/GCC/ARM_CM3/portmacro.h ****  *
  42:Middlewares/Third_Party/FreeRTOS/Source/portable/GCC/ARM_CM3/portmacro.h ****  * These settings should not be altered.
  43:Middlewares/Third_Party/FreeRTOS/Source/portable/GCC/ARM_CM3/portmacro.h ****  *-----------------------------------------------------------
  44:Middlewares/Third_Party/FreeRTOS/Source/portable/GCC/ARM_CM3/portmacro.h ****  */
  45:Middlewares/Third_Party/FreeRTOS/Source/portable/GCC/ARM_CM3/portmacro.h **** 
  46:Middlewares/Third_Party/FreeRTOS/Source/portable/GCC/ARM_CM3/portmacro.h **** /* Type definitions. */
  47:Middlewares/Third_Party/FreeRTOS/Source/portable/GCC/ARM_CM3/portmacro.h **** #define portCHAR		char
  48:Middlewares/Third_Party/FreeRTOS/Source/portable/GCC/ARM_CM3/portmacro.h **** #define portFLOAT		float
  49:Middlewares/Third_Party/FreeRTOS/Source/portable/GCC/ARM_CM3/portmacro.h **** #define portDOUBLE		double
  50:Middlewares/Third_Party/FreeRTOS/Source/portable/GCC/ARM_CM3/portmacro.h **** #define portLONG		long
  51:Middlewares/Third_Party/FreeRTOS/Source/portable/GCC/ARM_CM3/portmacro.h **** #define portSHORT		short
  52:Middlewares/Third_Party/FreeRTOS/Source/portable/GCC/ARM_CM3/portmacro.h **** #define portSTACK_TYPE	uint32_t
  53:Middlewares/Third_Party/FreeRTOS/Source/portable/GCC/ARM_CM3/portmacro.h **** #define portBASE_TYPE	long
  54:Middlewares/Third_Party/FreeRTOS/Source/portable/GCC/ARM_CM3/portmacro.h **** 
  55:Middlewares/Third_Party/FreeRTOS/Source/portable/GCC/ARM_CM3/portmacro.h **** typedef portSTACK_TYPE StackType_t;
  56:Middlewares/Third_Party/FreeRTOS/Source/portable/GCC/ARM_CM3/portmacro.h **** typedef long BaseType_t;
  57:Middlewares/Third_Party/FreeRTOS/Source/portable/GCC/ARM_CM3/portmacro.h **** typedef unsigned long UBaseType_t;
  58:Middlewares/Third_Party/FreeRTOS/Source/portable/GCC/ARM_CM3/portmacro.h **** 
  59:Middlewares/Third_Party/FreeRTOS/Source/portable/GCC/ARM_CM3/portmacro.h **** #if( configUSE_16_BIT_TICKS == 1 )
  60:Middlewares/Third_Party/FreeRTOS/Source/portable/GCC/ARM_CM3/portmacro.h **** 	typedef uint16_t TickType_t;
  61:Middlewares/Third_Party/FreeRTOS/Source/portable/GCC/ARM_CM3/portmacro.h **** 	#define portMAX_DELAY ( TickType_t ) 0xffff
  62:Middlewares/Third_Party/FreeRTOS/Source/portable/GCC/ARM_CM3/portmacro.h **** #else
  63:Middlewares/Third_Party/FreeRTOS/Source/portable/GCC/ARM_CM3/portmacro.h **** 	typedef uint32_t TickType_t;
  64:Middlewares/Third_Party/FreeRTOS/Source/portable/GCC/ARM_CM3/portmacro.h **** 	#define portMAX_DELAY ( TickType_t ) 0xffffffffUL
  65:Middlewares/Third_Party/FreeRTOS/Source/portable/GCC/ARM_CM3/portmacro.h **** 
ARM GAS  D:\TMP\ccFCmCnH.s 			page 35


  66:Middlewares/Third_Party/FreeRTOS/Source/portable/GCC/ARM_CM3/portmacro.h **** 	/* 32-bit tick type on a 32-bit architecture, so reads of the tick count do
  67:Middlewares/Third_Party/FreeRTOS/Source/portable/GCC/ARM_CM3/portmacro.h **** 	not need to be guarded with a critical section. */
  68:Middlewares/Third_Party/FreeRTOS/Source/portable/GCC/ARM_CM3/portmacro.h **** 	#define portTICK_TYPE_IS_ATOMIC 1
  69:Middlewares/Third_Party/FreeRTOS/Source/portable/GCC/ARM_CM3/portmacro.h **** #endif
  70:Middlewares/Third_Party/FreeRTOS/Source/portable/GCC/ARM_CM3/portmacro.h **** /*-----------------------------------------------------------*/
  71:Middlewares/Third_Party/FreeRTOS/Source/portable/GCC/ARM_CM3/portmacro.h **** 
  72:Middlewares/Third_Party/FreeRTOS/Source/portable/GCC/ARM_CM3/portmacro.h **** /* Architecture specifics. */
  73:Middlewares/Third_Party/FreeRTOS/Source/portable/GCC/ARM_CM3/portmacro.h **** #define portSTACK_GROWTH			( -1 )
  74:Middlewares/Third_Party/FreeRTOS/Source/portable/GCC/ARM_CM3/portmacro.h **** #define portTICK_PERIOD_MS			( ( TickType_t ) 1000 / configTICK_RATE_HZ )
  75:Middlewares/Third_Party/FreeRTOS/Source/portable/GCC/ARM_CM3/portmacro.h **** #define portBYTE_ALIGNMENT			8
  76:Middlewares/Third_Party/FreeRTOS/Source/portable/GCC/ARM_CM3/portmacro.h **** /*-----------------------------------------------------------*/
  77:Middlewares/Third_Party/FreeRTOS/Source/portable/GCC/ARM_CM3/portmacro.h **** 
  78:Middlewares/Third_Party/FreeRTOS/Source/portable/GCC/ARM_CM3/portmacro.h **** /* Scheduler utilities. */
  79:Middlewares/Third_Party/FreeRTOS/Source/portable/GCC/ARM_CM3/portmacro.h **** #define portYIELD() 															\
  80:Middlewares/Third_Party/FreeRTOS/Source/portable/GCC/ARM_CM3/portmacro.h **** {																				\
  81:Middlewares/Third_Party/FreeRTOS/Source/portable/GCC/ARM_CM3/portmacro.h **** 	/* Set a PendSV to request a context switch. */								\
  82:Middlewares/Third_Party/FreeRTOS/Source/portable/GCC/ARM_CM3/portmacro.h **** 	portNVIC_INT_CTRL_REG = portNVIC_PENDSVSET_BIT;								\
  83:Middlewares/Third_Party/FreeRTOS/Source/portable/GCC/ARM_CM3/portmacro.h **** 																				\
  84:Middlewares/Third_Party/FreeRTOS/Source/portable/GCC/ARM_CM3/portmacro.h **** 	/* Barriers are normally not required but do ensure the code is completely	\
  85:Middlewares/Third_Party/FreeRTOS/Source/portable/GCC/ARM_CM3/portmacro.h **** 	within the specified behaviour for the architecture. */						\
  86:Middlewares/Third_Party/FreeRTOS/Source/portable/GCC/ARM_CM3/portmacro.h **** 	__asm volatile( "dsb" ::: "memory" );										\
  87:Middlewares/Third_Party/FreeRTOS/Source/portable/GCC/ARM_CM3/portmacro.h **** 	__asm volatile( "isb" );													\
  88:Middlewares/Third_Party/FreeRTOS/Source/portable/GCC/ARM_CM3/portmacro.h **** }
  89:Middlewares/Third_Party/FreeRTOS/Source/portable/GCC/ARM_CM3/portmacro.h **** 
  90:Middlewares/Third_Party/FreeRTOS/Source/portable/GCC/ARM_CM3/portmacro.h **** #define portNVIC_INT_CTRL_REG		( * ( ( volatile uint32_t * ) 0xe000ed04 ) )
  91:Middlewares/Third_Party/FreeRTOS/Source/portable/GCC/ARM_CM3/portmacro.h **** #define portNVIC_PENDSVSET_BIT		( 1UL << 28UL )
  92:Middlewares/Third_Party/FreeRTOS/Source/portable/GCC/ARM_CM3/portmacro.h **** #define portEND_SWITCHING_ISR( xSwitchRequired ) if( xSwitchRequired != pdFALSE ) portYIELD()
  93:Middlewares/Third_Party/FreeRTOS/Source/portable/GCC/ARM_CM3/portmacro.h **** #define portYIELD_FROM_ISR( x ) portEND_SWITCHING_ISR( x )
  94:Middlewares/Third_Party/FreeRTOS/Source/portable/GCC/ARM_CM3/portmacro.h **** /*-----------------------------------------------------------*/
  95:Middlewares/Third_Party/FreeRTOS/Source/portable/GCC/ARM_CM3/portmacro.h **** 
  96:Middlewares/Third_Party/FreeRTOS/Source/portable/GCC/ARM_CM3/portmacro.h **** /* Critical section management. */
  97:Middlewares/Third_Party/FreeRTOS/Source/portable/GCC/ARM_CM3/portmacro.h **** extern void vPortEnterCritical( void );
  98:Middlewares/Third_Party/FreeRTOS/Source/portable/GCC/ARM_CM3/portmacro.h **** extern void vPortExitCritical( void );
  99:Middlewares/Third_Party/FreeRTOS/Source/portable/GCC/ARM_CM3/portmacro.h **** #define portSET_INTERRUPT_MASK_FROM_ISR()		ulPortRaiseBASEPRI()
 100:Middlewares/Third_Party/FreeRTOS/Source/portable/GCC/ARM_CM3/portmacro.h **** #define portCLEAR_INTERRUPT_MASK_FROM_ISR(x)	vPortSetBASEPRI(x)
 101:Middlewares/Third_Party/FreeRTOS/Source/portable/GCC/ARM_CM3/portmacro.h **** #define portDISABLE_INTERRUPTS()				vPortRaiseBASEPRI()
 102:Middlewares/Third_Party/FreeRTOS/Source/portable/GCC/ARM_CM3/portmacro.h **** #define portENABLE_INTERRUPTS()					vPortSetBASEPRI(0)
 103:Middlewares/Third_Party/FreeRTOS/Source/portable/GCC/ARM_CM3/portmacro.h **** #define portENTER_CRITICAL()					vPortEnterCritical()
 104:Middlewares/Third_Party/FreeRTOS/Source/portable/GCC/ARM_CM3/portmacro.h **** #define portEXIT_CRITICAL()						vPortExitCritical()
 105:Middlewares/Third_Party/FreeRTOS/Source/portable/GCC/ARM_CM3/portmacro.h **** 
 106:Middlewares/Third_Party/FreeRTOS/Source/portable/GCC/ARM_CM3/portmacro.h **** /*-----------------------------------------------------------*/
 107:Middlewares/Third_Party/FreeRTOS/Source/portable/GCC/ARM_CM3/portmacro.h **** 
 108:Middlewares/Third_Party/FreeRTOS/Source/portable/GCC/ARM_CM3/portmacro.h **** /* Task function macros as described on the FreeRTOS.org WEB site.  These are
 109:Middlewares/Third_Party/FreeRTOS/Source/portable/GCC/ARM_CM3/portmacro.h **** not necessary for to use this port.  They are defined so the common demo files
 110:Middlewares/Third_Party/FreeRTOS/Source/portable/GCC/ARM_CM3/portmacro.h **** (which build with all the ports) will build. */
 111:Middlewares/Third_Party/FreeRTOS/Source/portable/GCC/ARM_CM3/portmacro.h **** #define portTASK_FUNCTION_PROTO( vFunction, pvParameters ) void vFunction( void *pvParameters )
 112:Middlewares/Third_Party/FreeRTOS/Source/portable/GCC/ARM_CM3/portmacro.h **** #define portTASK_FUNCTION( vFunction, pvParameters ) void vFunction( void *pvParameters )
 113:Middlewares/Third_Party/FreeRTOS/Source/portable/GCC/ARM_CM3/portmacro.h **** /*-----------------------------------------------------------*/
 114:Middlewares/Third_Party/FreeRTOS/Source/portable/GCC/ARM_CM3/portmacro.h **** 
 115:Middlewares/Third_Party/FreeRTOS/Source/portable/GCC/ARM_CM3/portmacro.h **** /* Tickless idle/low power functionality. */
 116:Middlewares/Third_Party/FreeRTOS/Source/portable/GCC/ARM_CM3/portmacro.h **** #ifndef portSUPPRESS_TICKS_AND_SLEEP
 117:Middlewares/Third_Party/FreeRTOS/Source/portable/GCC/ARM_CM3/portmacro.h **** 	extern void vPortSuppressTicksAndSleep( TickType_t xExpectedIdleTime );
 118:Middlewares/Third_Party/FreeRTOS/Source/portable/GCC/ARM_CM3/portmacro.h **** 	#define portSUPPRESS_TICKS_AND_SLEEP( xExpectedIdleTime ) vPortSuppressTicksAndSleep( xExpectedIdl
 119:Middlewares/Third_Party/FreeRTOS/Source/portable/GCC/ARM_CM3/portmacro.h **** #endif
 120:Middlewares/Third_Party/FreeRTOS/Source/portable/GCC/ARM_CM3/portmacro.h **** /*-----------------------------------------------------------*/
 121:Middlewares/Third_Party/FreeRTOS/Source/portable/GCC/ARM_CM3/portmacro.h **** 
 122:Middlewares/Third_Party/FreeRTOS/Source/portable/GCC/ARM_CM3/portmacro.h **** /* Architecture specific optimisations. */
ARM GAS  D:\TMP\ccFCmCnH.s 			page 36


 123:Middlewares/Third_Party/FreeRTOS/Source/portable/GCC/ARM_CM3/portmacro.h **** #ifndef configUSE_PORT_OPTIMISED_TASK_SELECTION
 124:Middlewares/Third_Party/FreeRTOS/Source/portable/GCC/ARM_CM3/portmacro.h **** 	#define configUSE_PORT_OPTIMISED_TASK_SELECTION 1
 125:Middlewares/Third_Party/FreeRTOS/Source/portable/GCC/ARM_CM3/portmacro.h **** #endif
 126:Middlewares/Third_Party/FreeRTOS/Source/portable/GCC/ARM_CM3/portmacro.h **** 
 127:Middlewares/Third_Party/FreeRTOS/Source/portable/GCC/ARM_CM3/portmacro.h **** #if configUSE_PORT_OPTIMISED_TASK_SELECTION == 1
 128:Middlewares/Third_Party/FreeRTOS/Source/portable/GCC/ARM_CM3/portmacro.h **** 
 129:Middlewares/Third_Party/FreeRTOS/Source/portable/GCC/ARM_CM3/portmacro.h **** 	/* Generic helper function. */
 130:Middlewares/Third_Party/FreeRTOS/Source/portable/GCC/ARM_CM3/portmacro.h **** 	__attribute__( ( always_inline ) ) static inline uint8_t ucPortCountLeadingZeros( uint32_t ulBitma
 131:Middlewares/Third_Party/FreeRTOS/Source/portable/GCC/ARM_CM3/portmacro.h **** 	{
 132:Middlewares/Third_Party/FreeRTOS/Source/portable/GCC/ARM_CM3/portmacro.h **** 	uint8_t ucReturn;
 133:Middlewares/Third_Party/FreeRTOS/Source/portable/GCC/ARM_CM3/portmacro.h **** 
 134:Middlewares/Third_Party/FreeRTOS/Source/portable/GCC/ARM_CM3/portmacro.h **** 		__asm volatile ( "clz %0, %1" : "=r" ( ucReturn ) : "r" ( ulBitmap ) : "memory" );
 135:Middlewares/Third_Party/FreeRTOS/Source/portable/GCC/ARM_CM3/portmacro.h **** 		return ucReturn;
 136:Middlewares/Third_Party/FreeRTOS/Source/portable/GCC/ARM_CM3/portmacro.h **** 	}
 137:Middlewares/Third_Party/FreeRTOS/Source/portable/GCC/ARM_CM3/portmacro.h **** 
 138:Middlewares/Third_Party/FreeRTOS/Source/portable/GCC/ARM_CM3/portmacro.h **** 	/* Check the configuration. */
 139:Middlewares/Third_Party/FreeRTOS/Source/portable/GCC/ARM_CM3/portmacro.h **** 	#if( configMAX_PRIORITIES > 32 )
 140:Middlewares/Third_Party/FreeRTOS/Source/portable/GCC/ARM_CM3/portmacro.h **** 		#error configUSE_PORT_OPTIMISED_TASK_SELECTION can only be set to 1 when configMAX_PRIORITIES is 
 141:Middlewares/Third_Party/FreeRTOS/Source/portable/GCC/ARM_CM3/portmacro.h **** 	#endif
 142:Middlewares/Third_Party/FreeRTOS/Source/portable/GCC/ARM_CM3/portmacro.h **** 
 143:Middlewares/Third_Party/FreeRTOS/Source/portable/GCC/ARM_CM3/portmacro.h **** 	/* Store/clear the ready priorities in a bit map. */
 144:Middlewares/Third_Party/FreeRTOS/Source/portable/GCC/ARM_CM3/portmacro.h **** 	#define portRECORD_READY_PRIORITY( uxPriority, uxReadyPriorities ) ( uxReadyPriorities ) |= ( 1UL 
 145:Middlewares/Third_Party/FreeRTOS/Source/portable/GCC/ARM_CM3/portmacro.h **** 	#define portRESET_READY_PRIORITY( uxPriority, uxReadyPriorities ) ( uxReadyPriorities ) &= ~( 1UL 
 146:Middlewares/Third_Party/FreeRTOS/Source/portable/GCC/ARM_CM3/portmacro.h **** 
 147:Middlewares/Third_Party/FreeRTOS/Source/portable/GCC/ARM_CM3/portmacro.h **** 	/*-----------------------------------------------------------*/
 148:Middlewares/Third_Party/FreeRTOS/Source/portable/GCC/ARM_CM3/portmacro.h **** 
 149:Middlewares/Third_Party/FreeRTOS/Source/portable/GCC/ARM_CM3/portmacro.h **** 	#define portGET_HIGHEST_PRIORITY( uxTopPriority, uxReadyPriorities ) uxTopPriority = ( 31UL - ( ui
 150:Middlewares/Third_Party/FreeRTOS/Source/portable/GCC/ARM_CM3/portmacro.h **** 
 151:Middlewares/Third_Party/FreeRTOS/Source/portable/GCC/ARM_CM3/portmacro.h **** #endif /* configUSE_PORT_OPTIMISED_TASK_SELECTION */
 152:Middlewares/Third_Party/FreeRTOS/Source/portable/GCC/ARM_CM3/portmacro.h **** 
 153:Middlewares/Third_Party/FreeRTOS/Source/portable/GCC/ARM_CM3/portmacro.h **** /*-----------------------------------------------------------*/
 154:Middlewares/Third_Party/FreeRTOS/Source/portable/GCC/ARM_CM3/portmacro.h **** 
 155:Middlewares/Third_Party/FreeRTOS/Source/portable/GCC/ARM_CM3/portmacro.h **** #ifdef configASSERT
 156:Middlewares/Third_Party/FreeRTOS/Source/portable/GCC/ARM_CM3/portmacro.h **** 	void vPortValidateInterruptPriority( void );
 157:Middlewares/Third_Party/FreeRTOS/Source/portable/GCC/ARM_CM3/portmacro.h **** 	#define portASSERT_IF_INTERRUPT_PRIORITY_INVALID() 	vPortValidateInterruptPriority()
 158:Middlewares/Third_Party/FreeRTOS/Source/portable/GCC/ARM_CM3/portmacro.h **** #endif
 159:Middlewares/Third_Party/FreeRTOS/Source/portable/GCC/ARM_CM3/portmacro.h **** 
 160:Middlewares/Third_Party/FreeRTOS/Source/portable/GCC/ARM_CM3/portmacro.h **** /* portNOP() is not required by this port. */
 161:Middlewares/Third_Party/FreeRTOS/Source/portable/GCC/ARM_CM3/portmacro.h **** #define portNOP()
 162:Middlewares/Third_Party/FreeRTOS/Source/portable/GCC/ARM_CM3/portmacro.h **** 
 163:Middlewares/Third_Party/FreeRTOS/Source/portable/GCC/ARM_CM3/portmacro.h **** #define portINLINE	__inline
 164:Middlewares/Third_Party/FreeRTOS/Source/portable/GCC/ARM_CM3/portmacro.h **** 
 165:Middlewares/Third_Party/FreeRTOS/Source/portable/GCC/ARM_CM3/portmacro.h **** #ifndef portFORCE_INLINE
 166:Middlewares/Third_Party/FreeRTOS/Source/portable/GCC/ARM_CM3/portmacro.h **** 	#define portFORCE_INLINE inline __attribute__(( always_inline))
 167:Middlewares/Third_Party/FreeRTOS/Source/portable/GCC/ARM_CM3/portmacro.h **** #endif
 168:Middlewares/Third_Party/FreeRTOS/Source/portable/GCC/ARM_CM3/portmacro.h **** 
 169:Middlewares/Third_Party/FreeRTOS/Source/portable/GCC/ARM_CM3/portmacro.h **** /*-----------------------------------------------------------*/
 170:Middlewares/Third_Party/FreeRTOS/Source/portable/GCC/ARM_CM3/portmacro.h **** 
 171:Middlewares/Third_Party/FreeRTOS/Source/portable/GCC/ARM_CM3/portmacro.h **** portFORCE_INLINE static BaseType_t xPortIsInsideInterrupt( void )
 172:Middlewares/Third_Party/FreeRTOS/Source/portable/GCC/ARM_CM3/portmacro.h **** {
 173:Middlewares/Third_Party/FreeRTOS/Source/portable/GCC/ARM_CM3/portmacro.h **** uint32_t ulCurrentInterrupt;
 174:Middlewares/Third_Party/FreeRTOS/Source/portable/GCC/ARM_CM3/portmacro.h **** BaseType_t xReturn;
 175:Middlewares/Third_Party/FreeRTOS/Source/portable/GCC/ARM_CM3/portmacro.h **** 
 176:Middlewares/Third_Party/FreeRTOS/Source/portable/GCC/ARM_CM3/portmacro.h **** 	/* Obtain the number of the currently executing interrupt. */
 177:Middlewares/Third_Party/FreeRTOS/Source/portable/GCC/ARM_CM3/portmacro.h **** 	__asm volatile( "mrs %0, ipsr" : "=r"( ulCurrentInterrupt ) :: "memory" );
 178:Middlewares/Third_Party/FreeRTOS/Source/portable/GCC/ARM_CM3/portmacro.h **** 
 179:Middlewares/Third_Party/FreeRTOS/Source/portable/GCC/ARM_CM3/portmacro.h **** 	if( ulCurrentInterrupt == 0 )
ARM GAS  D:\TMP\ccFCmCnH.s 			page 37


 180:Middlewares/Third_Party/FreeRTOS/Source/portable/GCC/ARM_CM3/portmacro.h **** 	{
 181:Middlewares/Third_Party/FreeRTOS/Source/portable/GCC/ARM_CM3/portmacro.h **** 		xReturn = pdFALSE;
 182:Middlewares/Third_Party/FreeRTOS/Source/portable/GCC/ARM_CM3/portmacro.h **** 	}
 183:Middlewares/Third_Party/FreeRTOS/Source/portable/GCC/ARM_CM3/portmacro.h **** 	else
 184:Middlewares/Third_Party/FreeRTOS/Source/portable/GCC/ARM_CM3/portmacro.h **** 	{
 185:Middlewares/Third_Party/FreeRTOS/Source/portable/GCC/ARM_CM3/portmacro.h **** 		xReturn = pdTRUE;
 186:Middlewares/Third_Party/FreeRTOS/Source/portable/GCC/ARM_CM3/portmacro.h **** 	}
 187:Middlewares/Third_Party/FreeRTOS/Source/portable/GCC/ARM_CM3/portmacro.h **** 
 188:Middlewares/Third_Party/FreeRTOS/Source/portable/GCC/ARM_CM3/portmacro.h **** 	return xReturn;
 189:Middlewares/Third_Party/FreeRTOS/Source/portable/GCC/ARM_CM3/portmacro.h **** }
 190:Middlewares/Third_Party/FreeRTOS/Source/portable/GCC/ARM_CM3/portmacro.h **** 
 191:Middlewares/Third_Party/FreeRTOS/Source/portable/GCC/ARM_CM3/portmacro.h **** /*-----------------------------------------------------------*/
 192:Middlewares/Third_Party/FreeRTOS/Source/portable/GCC/ARM_CM3/portmacro.h **** 
 193:Middlewares/Third_Party/FreeRTOS/Source/portable/GCC/ARM_CM3/portmacro.h **** portFORCE_INLINE static void vPortRaiseBASEPRI( void )
  55              		.loc 2 193 30 view .LVU11
  56              	.LBB111:
 194:Middlewares/Third_Party/FreeRTOS/Source/portable/GCC/ARM_CM3/portmacro.h **** {
 195:Middlewares/Third_Party/FreeRTOS/Source/portable/GCC/ARM_CM3/portmacro.h **** uint32_t ulNewBASEPRI;
  57              		.loc 2 195 1 view .LVU12
 196:Middlewares/Third_Party/FreeRTOS/Source/portable/GCC/ARM_CM3/portmacro.h **** 
 197:Middlewares/Third_Party/FreeRTOS/Source/portable/GCC/ARM_CM3/portmacro.h **** 	__asm volatile
  58              		.loc 2 197 2 view .LVU13
  59              		.syntax unified
  60              	@ 197 "Middlewares/Third_Party/FreeRTOS/Source/portable/GCC/ARM_CM3/portmacro.h" 1
  61 000e 4FF02003 			mov r3, #32												
  62 0012 83F31188 		msr basepri, r3											
  63 0016 BFF36F8F 		isb														
  64 001a BFF34F8F 		dsb														
  65              	
  66              	@ 0 "" 2
  67              		.thumb
  68              		.syntax unified
  69              	.L3:
  70              	.LBE111:
  71              	.LBE110:
1814:Middlewares/Third_Party/FreeRTOS/Source/tasks.c **** 
  72              		.loc 1 1814 3 discriminator 3 view .LVU14
1814:Middlewares/Third_Party/FreeRTOS/Source/tasks.c **** 
  73              		.loc 1 1814 3 discriminator 3 view .LVU15
1814:Middlewares/Third_Party/FreeRTOS/Source/tasks.c **** 
  74              		.loc 1 1814 3 discriminator 3 view .LVU16
  75 001e FEE7     		b	.L3
  76              	.L9:
1818:Middlewares/Third_Party/FreeRTOS/Source/tasks.c **** 		{
1819:Middlewares/Third_Party/FreeRTOS/Source/tasks.c **** 			/* Has the task already been resumed from within an ISR? */
1820:Middlewares/Third_Party/FreeRTOS/Source/tasks.c **** 			if( listIS_CONTAINED_WITHIN( &xPendingReadyList, &( pxTCB->xEventListItem ) ) == pdFALSE )
  77              		.loc 1 1820 4 view .LVU17
  78              		.loc 1 1820 8 is_stmt 0 view .LVU18
  79 0020 836A     		ldr	r3, [r0, #40]
  80              		.loc 1 1820 6 view .LVU19
  81 0022 064A     		ldr	r2, .L10+4
  82 0024 9342     		cmp	r3, r2
  83 0026 02D0     		beq	.L6
1821:Middlewares/Third_Party/FreeRTOS/Source/tasks.c **** 			{
1822:Middlewares/Third_Party/FreeRTOS/Source/tasks.c **** 				/* Is it in the suspended list because it is in the	Suspended
1823:Middlewares/Third_Party/FreeRTOS/Source/tasks.c **** 				state, or because is is blocked with no timeout? */
1824:Middlewares/Third_Party/FreeRTOS/Source/tasks.c **** 				if( listIS_CONTAINED_WITHIN( NULL, &( pxTCB->xEventListItem ) ) != pdFALSE ) /*lint !e961.  The
ARM GAS  D:\TMP\ccFCmCnH.s 			page 38


  84              		.loc 1 1824 5 is_stmt 1 view .LVU20
  85              		.loc 1 1824 7 is_stmt 0 view .LVU21
  86 0028 1BB1     		cbz	r3, .L7
1807:Middlewares/Third_Party/FreeRTOS/Source/tasks.c **** 	const TCB_t * const pxTCB = xTask;
  87              		.loc 1 1807 13 view .LVU22
  88 002a 0020     		movs	r0, #0
  89              	.LVL3:
1807:Middlewares/Third_Party/FreeRTOS/Source/tasks.c **** 	const TCB_t * const pxTCB = xTask;
  90              		.loc 1 1807 13 view .LVU23
  91 002c 7047     		bx	lr
  92              	.LVL4:
  93              	.L6:
1807:Middlewares/Third_Party/FreeRTOS/Source/tasks.c **** 	const TCB_t * const pxTCB = xTask;
  94              		.loc 1 1807 13 view .LVU24
  95 002e 0020     		movs	r0, #0
  96              	.LVL5:
1807:Middlewares/Third_Party/FreeRTOS/Source/tasks.c **** 	const TCB_t * const pxTCB = xTask;
  97              		.loc 1 1807 13 view .LVU25
  98 0030 7047     		bx	lr
  99              	.LVL6:
 100              	.L7:
1825:Middlewares/Third_Party/FreeRTOS/Source/tasks.c **** 				{
1826:Middlewares/Third_Party/FreeRTOS/Source/tasks.c **** 					xReturn = pdTRUE;
 101              		.loc 1 1826 14 view .LVU26
 102 0032 0120     		movs	r0, #1
 103              	.LVL7:
1827:Middlewares/Third_Party/FreeRTOS/Source/tasks.c **** 				}
1828:Middlewares/Third_Party/FreeRTOS/Source/tasks.c **** 				else
1829:Middlewares/Third_Party/FreeRTOS/Source/tasks.c **** 				{
1830:Middlewares/Third_Party/FreeRTOS/Source/tasks.c **** 					mtCOVERAGE_TEST_MARKER();
1831:Middlewares/Third_Party/FreeRTOS/Source/tasks.c **** 				}
1832:Middlewares/Third_Party/FreeRTOS/Source/tasks.c **** 			}
1833:Middlewares/Third_Party/FreeRTOS/Source/tasks.c **** 			else
1834:Middlewares/Third_Party/FreeRTOS/Source/tasks.c **** 			{
1835:Middlewares/Third_Party/FreeRTOS/Source/tasks.c **** 				mtCOVERAGE_TEST_MARKER();
1836:Middlewares/Third_Party/FreeRTOS/Source/tasks.c **** 			}
1837:Middlewares/Third_Party/FreeRTOS/Source/tasks.c **** 		}
1838:Middlewares/Third_Party/FreeRTOS/Source/tasks.c **** 		else
1839:Middlewares/Third_Party/FreeRTOS/Source/tasks.c **** 		{
1840:Middlewares/Third_Party/FreeRTOS/Source/tasks.c **** 			mtCOVERAGE_TEST_MARKER();
 104              		.loc 1 1840 28 is_stmt 1 view .LVU27
1841:Middlewares/Third_Party/FreeRTOS/Source/tasks.c **** 		}
1842:Middlewares/Third_Party/FreeRTOS/Source/tasks.c **** 
1843:Middlewares/Third_Party/FreeRTOS/Source/tasks.c **** 		return xReturn;
 105              		.loc 1 1843 3 view .LVU28
1844:Middlewares/Third_Party/FreeRTOS/Source/tasks.c **** 	} /*lint !e818 xTask cannot be a pointer to const because it is a typedef. */
 106              		.loc 1 1844 2 is_stmt 0 view .LVU29
 107 0034 7047     		bx	lr
 108              	.L11:
 109 0036 00BF     		.align	2
 110              	.L10:
 111 0038 00000000 		.word	xSuspendedTaskList
 112 003c 00000000 		.word	xPendingReadyList
 113              		.cfi_endproc
 114              	.LFE16:
 116              		.section	.text.prvResetNextTaskUnblockTime,"ax",%progbits
 117              		.align	1
ARM GAS  D:\TMP\ccFCmCnH.s 			page 39


 118              		.syntax unified
 119              		.thumb
 120              		.thumb_func
 122              	prvResetNextTaskUnblockTime:
 123              	.LFB42:
1845:Middlewares/Third_Party/FreeRTOS/Source/tasks.c **** 
1846:Middlewares/Third_Party/FreeRTOS/Source/tasks.c **** #endif /* INCLUDE_vTaskSuspend */
1847:Middlewares/Third_Party/FreeRTOS/Source/tasks.c **** /*-----------------------------------------------------------*/
1848:Middlewares/Third_Party/FreeRTOS/Source/tasks.c **** 
1849:Middlewares/Third_Party/FreeRTOS/Source/tasks.c **** #if ( INCLUDE_vTaskSuspend == 1 )
1850:Middlewares/Third_Party/FreeRTOS/Source/tasks.c **** 
1851:Middlewares/Third_Party/FreeRTOS/Source/tasks.c **** 	void vTaskResume( TaskHandle_t xTaskToResume )
1852:Middlewares/Third_Party/FreeRTOS/Source/tasks.c **** 	{
1853:Middlewares/Third_Party/FreeRTOS/Source/tasks.c **** 	TCB_t * const pxTCB = xTaskToResume;
1854:Middlewares/Third_Party/FreeRTOS/Source/tasks.c **** 
1855:Middlewares/Third_Party/FreeRTOS/Source/tasks.c **** 		/* It does not make sense to resume the calling task. */
1856:Middlewares/Third_Party/FreeRTOS/Source/tasks.c **** 		configASSERT( xTaskToResume );
1857:Middlewares/Third_Party/FreeRTOS/Source/tasks.c **** 
1858:Middlewares/Third_Party/FreeRTOS/Source/tasks.c **** 		/* The parameter cannot be NULL as it is impossible to resume the
1859:Middlewares/Third_Party/FreeRTOS/Source/tasks.c **** 		currently executing task. */
1860:Middlewares/Third_Party/FreeRTOS/Source/tasks.c **** 		if( ( pxTCB != pxCurrentTCB ) && ( pxTCB != NULL ) )
1861:Middlewares/Third_Party/FreeRTOS/Source/tasks.c **** 		{
1862:Middlewares/Third_Party/FreeRTOS/Source/tasks.c **** 			taskENTER_CRITICAL();
1863:Middlewares/Third_Party/FreeRTOS/Source/tasks.c **** 			{
1864:Middlewares/Third_Party/FreeRTOS/Source/tasks.c **** 				if( prvTaskIsTaskSuspended( pxTCB ) != pdFALSE )
1865:Middlewares/Third_Party/FreeRTOS/Source/tasks.c **** 				{
1866:Middlewares/Third_Party/FreeRTOS/Source/tasks.c **** 					traceTASK_RESUME( pxTCB );
1867:Middlewares/Third_Party/FreeRTOS/Source/tasks.c **** 
1868:Middlewares/Third_Party/FreeRTOS/Source/tasks.c **** 					/* The ready list can be accessed even if the scheduler is
1869:Middlewares/Third_Party/FreeRTOS/Source/tasks.c **** 					suspended because this is inside a critical section. */
1870:Middlewares/Third_Party/FreeRTOS/Source/tasks.c **** 					( void ) uxListRemove(  &( pxTCB->xStateListItem ) );
1871:Middlewares/Third_Party/FreeRTOS/Source/tasks.c **** 					prvAddTaskToReadyList( pxTCB );
1872:Middlewares/Third_Party/FreeRTOS/Source/tasks.c **** 
1873:Middlewares/Third_Party/FreeRTOS/Source/tasks.c **** 					/* A higher priority task may have just been resumed. */
1874:Middlewares/Third_Party/FreeRTOS/Source/tasks.c **** 					if( pxTCB->uxPriority >= pxCurrentTCB->uxPriority )
1875:Middlewares/Third_Party/FreeRTOS/Source/tasks.c **** 					{
1876:Middlewares/Third_Party/FreeRTOS/Source/tasks.c **** 						/* This yield may not cause the task just resumed to run,
1877:Middlewares/Third_Party/FreeRTOS/Source/tasks.c **** 						but will leave the lists in the correct state for the
1878:Middlewares/Third_Party/FreeRTOS/Source/tasks.c **** 						next yield. */
1879:Middlewares/Third_Party/FreeRTOS/Source/tasks.c **** 						taskYIELD_IF_USING_PREEMPTION();
1880:Middlewares/Third_Party/FreeRTOS/Source/tasks.c **** 					}
1881:Middlewares/Third_Party/FreeRTOS/Source/tasks.c **** 					else
1882:Middlewares/Third_Party/FreeRTOS/Source/tasks.c **** 					{
1883:Middlewares/Third_Party/FreeRTOS/Source/tasks.c **** 						mtCOVERAGE_TEST_MARKER();
1884:Middlewares/Third_Party/FreeRTOS/Source/tasks.c **** 					}
1885:Middlewares/Third_Party/FreeRTOS/Source/tasks.c **** 				}
1886:Middlewares/Third_Party/FreeRTOS/Source/tasks.c **** 				else
1887:Middlewares/Third_Party/FreeRTOS/Source/tasks.c **** 				{
1888:Middlewares/Third_Party/FreeRTOS/Source/tasks.c **** 					mtCOVERAGE_TEST_MARKER();
1889:Middlewares/Third_Party/FreeRTOS/Source/tasks.c **** 				}
1890:Middlewares/Third_Party/FreeRTOS/Source/tasks.c **** 			}
1891:Middlewares/Third_Party/FreeRTOS/Source/tasks.c **** 			taskEXIT_CRITICAL();
1892:Middlewares/Third_Party/FreeRTOS/Source/tasks.c **** 		}
1893:Middlewares/Third_Party/FreeRTOS/Source/tasks.c **** 		else
1894:Middlewares/Third_Party/FreeRTOS/Source/tasks.c **** 		{
1895:Middlewares/Third_Party/FreeRTOS/Source/tasks.c **** 			mtCOVERAGE_TEST_MARKER();
1896:Middlewares/Third_Party/FreeRTOS/Source/tasks.c **** 		}
ARM GAS  D:\TMP\ccFCmCnH.s 			page 40


1897:Middlewares/Third_Party/FreeRTOS/Source/tasks.c **** 	}
1898:Middlewares/Third_Party/FreeRTOS/Source/tasks.c **** 
1899:Middlewares/Third_Party/FreeRTOS/Source/tasks.c **** #endif /* INCLUDE_vTaskSuspend */
1900:Middlewares/Third_Party/FreeRTOS/Source/tasks.c **** 
1901:Middlewares/Third_Party/FreeRTOS/Source/tasks.c **** /*-----------------------------------------------------------*/
1902:Middlewares/Third_Party/FreeRTOS/Source/tasks.c **** 
1903:Middlewares/Third_Party/FreeRTOS/Source/tasks.c **** #if ( ( INCLUDE_xTaskResumeFromISR == 1 ) && ( INCLUDE_vTaskSuspend == 1 ) )
1904:Middlewares/Third_Party/FreeRTOS/Source/tasks.c **** 
1905:Middlewares/Third_Party/FreeRTOS/Source/tasks.c **** 	BaseType_t xTaskResumeFromISR( TaskHandle_t xTaskToResume )
1906:Middlewares/Third_Party/FreeRTOS/Source/tasks.c **** 	{
1907:Middlewares/Third_Party/FreeRTOS/Source/tasks.c **** 	BaseType_t xYieldRequired = pdFALSE;
1908:Middlewares/Third_Party/FreeRTOS/Source/tasks.c **** 	TCB_t * const pxTCB = xTaskToResume;
1909:Middlewares/Third_Party/FreeRTOS/Source/tasks.c **** 	UBaseType_t uxSavedInterruptStatus;
1910:Middlewares/Third_Party/FreeRTOS/Source/tasks.c **** 
1911:Middlewares/Third_Party/FreeRTOS/Source/tasks.c **** 		configASSERT( xTaskToResume );
1912:Middlewares/Third_Party/FreeRTOS/Source/tasks.c **** 
1913:Middlewares/Third_Party/FreeRTOS/Source/tasks.c **** 		/* RTOS ports that support interrupt nesting have the concept of a
1914:Middlewares/Third_Party/FreeRTOS/Source/tasks.c **** 		maximum	system call (or maximum API call) interrupt priority.
1915:Middlewares/Third_Party/FreeRTOS/Source/tasks.c **** 		Interrupts that are	above the maximum system call priority are keep
1916:Middlewares/Third_Party/FreeRTOS/Source/tasks.c **** 		permanently enabled, even when the RTOS kernel is in a critical section,
1917:Middlewares/Third_Party/FreeRTOS/Source/tasks.c **** 		but cannot make any calls to FreeRTOS API functions.  If configASSERT()
1918:Middlewares/Third_Party/FreeRTOS/Source/tasks.c **** 		is defined in FreeRTOSConfig.h then
1919:Middlewares/Third_Party/FreeRTOS/Source/tasks.c **** 		portASSERT_IF_INTERRUPT_PRIORITY_INVALID() will result in an assertion
1920:Middlewares/Third_Party/FreeRTOS/Source/tasks.c **** 		failure if a FreeRTOS API function is called from an interrupt that has
1921:Middlewares/Third_Party/FreeRTOS/Source/tasks.c **** 		been assigned a priority above the configured maximum system call
1922:Middlewares/Third_Party/FreeRTOS/Source/tasks.c **** 		priority.  Only FreeRTOS functions that end in FromISR can be called
1923:Middlewares/Third_Party/FreeRTOS/Source/tasks.c **** 		from interrupts	that have been assigned a priority at or (logically)
1924:Middlewares/Third_Party/FreeRTOS/Source/tasks.c **** 		below the maximum system call interrupt priority.  FreeRTOS maintains a
1925:Middlewares/Third_Party/FreeRTOS/Source/tasks.c **** 		separate interrupt safe API to ensure interrupt entry is as fast and as
1926:Middlewares/Third_Party/FreeRTOS/Source/tasks.c **** 		simple as possible.  More information (albeit Cortex-M specific) is
1927:Middlewares/Third_Party/FreeRTOS/Source/tasks.c **** 		provided on the following link:
1928:Middlewares/Third_Party/FreeRTOS/Source/tasks.c **** 		https://www.freertos.org/RTOS-Cortex-M3-M4.html */
1929:Middlewares/Third_Party/FreeRTOS/Source/tasks.c **** 		portASSERT_IF_INTERRUPT_PRIORITY_INVALID();
1930:Middlewares/Third_Party/FreeRTOS/Source/tasks.c **** 
1931:Middlewares/Third_Party/FreeRTOS/Source/tasks.c **** 		uxSavedInterruptStatus = portSET_INTERRUPT_MASK_FROM_ISR();
1932:Middlewares/Third_Party/FreeRTOS/Source/tasks.c **** 		{
1933:Middlewares/Third_Party/FreeRTOS/Source/tasks.c **** 			if( prvTaskIsTaskSuspended( pxTCB ) != pdFALSE )
1934:Middlewares/Third_Party/FreeRTOS/Source/tasks.c **** 			{
1935:Middlewares/Third_Party/FreeRTOS/Source/tasks.c **** 				traceTASK_RESUME_FROM_ISR( pxTCB );
1936:Middlewares/Third_Party/FreeRTOS/Source/tasks.c **** 
1937:Middlewares/Third_Party/FreeRTOS/Source/tasks.c **** 				/* Check the ready lists can be accessed. */
1938:Middlewares/Third_Party/FreeRTOS/Source/tasks.c **** 				if( uxSchedulerSuspended == ( UBaseType_t ) pdFALSE )
1939:Middlewares/Third_Party/FreeRTOS/Source/tasks.c **** 				{
1940:Middlewares/Third_Party/FreeRTOS/Source/tasks.c **** 					/* Ready lists can be accessed so move the task from the
1941:Middlewares/Third_Party/FreeRTOS/Source/tasks.c **** 					suspended list to the ready list directly. */
1942:Middlewares/Third_Party/FreeRTOS/Source/tasks.c **** 					if( pxTCB->uxPriority >= pxCurrentTCB->uxPriority )
1943:Middlewares/Third_Party/FreeRTOS/Source/tasks.c **** 					{
1944:Middlewares/Third_Party/FreeRTOS/Source/tasks.c **** 						xYieldRequired = pdTRUE;
1945:Middlewares/Third_Party/FreeRTOS/Source/tasks.c **** 					}
1946:Middlewares/Third_Party/FreeRTOS/Source/tasks.c **** 					else
1947:Middlewares/Third_Party/FreeRTOS/Source/tasks.c **** 					{
1948:Middlewares/Third_Party/FreeRTOS/Source/tasks.c **** 						mtCOVERAGE_TEST_MARKER();
1949:Middlewares/Third_Party/FreeRTOS/Source/tasks.c **** 					}
1950:Middlewares/Third_Party/FreeRTOS/Source/tasks.c **** 
1951:Middlewares/Third_Party/FreeRTOS/Source/tasks.c **** 					( void ) uxListRemove( &( pxTCB->xStateListItem ) );
1952:Middlewares/Third_Party/FreeRTOS/Source/tasks.c **** 					prvAddTaskToReadyList( pxTCB );
1953:Middlewares/Third_Party/FreeRTOS/Source/tasks.c **** 				}
ARM GAS  D:\TMP\ccFCmCnH.s 			page 41


1954:Middlewares/Third_Party/FreeRTOS/Source/tasks.c **** 				else
1955:Middlewares/Third_Party/FreeRTOS/Source/tasks.c **** 				{
1956:Middlewares/Third_Party/FreeRTOS/Source/tasks.c **** 					/* The delayed or ready lists cannot be accessed so the task
1957:Middlewares/Third_Party/FreeRTOS/Source/tasks.c **** 					is held in the pending ready list until the scheduler is
1958:Middlewares/Third_Party/FreeRTOS/Source/tasks.c **** 					unsuspended. */
1959:Middlewares/Third_Party/FreeRTOS/Source/tasks.c **** 					vListInsertEnd( &( xPendingReadyList ), &( pxTCB->xEventListItem ) );
1960:Middlewares/Third_Party/FreeRTOS/Source/tasks.c **** 				}
1961:Middlewares/Third_Party/FreeRTOS/Source/tasks.c **** 			}
1962:Middlewares/Third_Party/FreeRTOS/Source/tasks.c **** 			else
1963:Middlewares/Third_Party/FreeRTOS/Source/tasks.c **** 			{
1964:Middlewares/Third_Party/FreeRTOS/Source/tasks.c **** 				mtCOVERAGE_TEST_MARKER();
1965:Middlewares/Third_Party/FreeRTOS/Source/tasks.c **** 			}
1966:Middlewares/Third_Party/FreeRTOS/Source/tasks.c **** 		}
1967:Middlewares/Third_Party/FreeRTOS/Source/tasks.c **** 		portCLEAR_INTERRUPT_MASK_FROM_ISR( uxSavedInterruptStatus );
1968:Middlewares/Third_Party/FreeRTOS/Source/tasks.c **** 
1969:Middlewares/Third_Party/FreeRTOS/Source/tasks.c **** 		return xYieldRequired;
1970:Middlewares/Third_Party/FreeRTOS/Source/tasks.c **** 	}
1971:Middlewares/Third_Party/FreeRTOS/Source/tasks.c **** 
1972:Middlewares/Third_Party/FreeRTOS/Source/tasks.c **** #endif /* ( ( INCLUDE_xTaskResumeFromISR == 1 ) && ( INCLUDE_vTaskSuspend == 1 ) ) */
1973:Middlewares/Third_Party/FreeRTOS/Source/tasks.c **** /*-----------------------------------------------------------*/
1974:Middlewares/Third_Party/FreeRTOS/Source/tasks.c **** 
1975:Middlewares/Third_Party/FreeRTOS/Source/tasks.c **** void vTaskStartScheduler( void )
1976:Middlewares/Third_Party/FreeRTOS/Source/tasks.c **** {
1977:Middlewares/Third_Party/FreeRTOS/Source/tasks.c **** BaseType_t xReturn;
1978:Middlewares/Third_Party/FreeRTOS/Source/tasks.c **** 
1979:Middlewares/Third_Party/FreeRTOS/Source/tasks.c **** 	/* Add the idle task at the lowest priority. */
1980:Middlewares/Third_Party/FreeRTOS/Source/tasks.c **** 	#if( configSUPPORT_STATIC_ALLOCATION == 1 )
1981:Middlewares/Third_Party/FreeRTOS/Source/tasks.c **** 	{
1982:Middlewares/Third_Party/FreeRTOS/Source/tasks.c **** 		StaticTask_t *pxIdleTaskTCBBuffer = NULL;
1983:Middlewares/Third_Party/FreeRTOS/Source/tasks.c **** 		StackType_t *pxIdleTaskStackBuffer = NULL;
1984:Middlewares/Third_Party/FreeRTOS/Source/tasks.c **** 		uint32_t ulIdleTaskStackSize;
1985:Middlewares/Third_Party/FreeRTOS/Source/tasks.c **** 
1986:Middlewares/Third_Party/FreeRTOS/Source/tasks.c **** 		/* The Idle task is created using user provided RAM - obtain the
1987:Middlewares/Third_Party/FreeRTOS/Source/tasks.c **** 		address of the RAM then create the idle task. */
1988:Middlewares/Third_Party/FreeRTOS/Source/tasks.c **** 		vApplicationGetIdleTaskMemory( &pxIdleTaskTCBBuffer, &pxIdleTaskStackBuffer, &ulIdleTaskStackSize
1989:Middlewares/Third_Party/FreeRTOS/Source/tasks.c **** 		xIdleTaskHandle = xTaskCreateStatic(	prvIdleTask,
1990:Middlewares/Third_Party/FreeRTOS/Source/tasks.c **** 												configIDLE_TASK_NAME,
1991:Middlewares/Third_Party/FreeRTOS/Source/tasks.c **** 												ulIdleTaskStackSize,
1992:Middlewares/Third_Party/FreeRTOS/Source/tasks.c **** 												( void * ) NULL, /*lint !e961.  The cast is not redundant for all compilers. */
1993:Middlewares/Third_Party/FreeRTOS/Source/tasks.c **** 												portPRIVILEGE_BIT, /* In effect ( tskIDLE_PRIORITY | portPRIVILEGE_BIT ), but tskIDLE_P
1994:Middlewares/Third_Party/FreeRTOS/Source/tasks.c **** 												pxIdleTaskStackBuffer,
1995:Middlewares/Third_Party/FreeRTOS/Source/tasks.c **** 												pxIdleTaskTCBBuffer ); /*lint !e961 MISRA exception, justified as it is not a redundant
1996:Middlewares/Third_Party/FreeRTOS/Source/tasks.c **** 
1997:Middlewares/Third_Party/FreeRTOS/Source/tasks.c **** 		if( xIdleTaskHandle != NULL )
1998:Middlewares/Third_Party/FreeRTOS/Source/tasks.c **** 		{
1999:Middlewares/Third_Party/FreeRTOS/Source/tasks.c **** 			xReturn = pdPASS;
2000:Middlewares/Third_Party/FreeRTOS/Source/tasks.c **** 		}
2001:Middlewares/Third_Party/FreeRTOS/Source/tasks.c **** 		else
2002:Middlewares/Third_Party/FreeRTOS/Source/tasks.c **** 		{
2003:Middlewares/Third_Party/FreeRTOS/Source/tasks.c **** 			xReturn = pdFAIL;
2004:Middlewares/Third_Party/FreeRTOS/Source/tasks.c **** 		}
2005:Middlewares/Third_Party/FreeRTOS/Source/tasks.c **** 	}
2006:Middlewares/Third_Party/FreeRTOS/Source/tasks.c **** 	#else
2007:Middlewares/Third_Party/FreeRTOS/Source/tasks.c **** 	{
2008:Middlewares/Third_Party/FreeRTOS/Source/tasks.c **** 		/* The Idle task is being created using dynamically allocated RAM. */
2009:Middlewares/Third_Party/FreeRTOS/Source/tasks.c **** 		xReturn = xTaskCreate(	prvIdleTask,
2010:Middlewares/Third_Party/FreeRTOS/Source/tasks.c **** 								configIDLE_TASK_NAME,
ARM GAS  D:\TMP\ccFCmCnH.s 			page 42


2011:Middlewares/Third_Party/FreeRTOS/Source/tasks.c **** 								configMINIMAL_STACK_SIZE,
2012:Middlewares/Third_Party/FreeRTOS/Source/tasks.c **** 								( void * ) NULL,
2013:Middlewares/Third_Party/FreeRTOS/Source/tasks.c **** 								portPRIVILEGE_BIT, /* In effect ( tskIDLE_PRIORITY | portPRIVILEGE_BIT ), but tskIDLE_PRIOR
2014:Middlewares/Third_Party/FreeRTOS/Source/tasks.c **** 								&xIdleTaskHandle ); /*lint !e961 MISRA exception, justified as it is not a redundant explic
2015:Middlewares/Third_Party/FreeRTOS/Source/tasks.c **** 	}
2016:Middlewares/Third_Party/FreeRTOS/Source/tasks.c **** 	#endif /* configSUPPORT_STATIC_ALLOCATION */
2017:Middlewares/Third_Party/FreeRTOS/Source/tasks.c **** 
2018:Middlewares/Third_Party/FreeRTOS/Source/tasks.c **** 	#if ( configUSE_TIMERS == 1 )
2019:Middlewares/Third_Party/FreeRTOS/Source/tasks.c **** 	{
2020:Middlewares/Third_Party/FreeRTOS/Source/tasks.c **** 		if( xReturn == pdPASS )
2021:Middlewares/Third_Party/FreeRTOS/Source/tasks.c **** 		{
2022:Middlewares/Third_Party/FreeRTOS/Source/tasks.c **** 			xReturn = xTimerCreateTimerTask();
2023:Middlewares/Third_Party/FreeRTOS/Source/tasks.c **** 		}
2024:Middlewares/Third_Party/FreeRTOS/Source/tasks.c **** 		else
2025:Middlewares/Third_Party/FreeRTOS/Source/tasks.c **** 		{
2026:Middlewares/Third_Party/FreeRTOS/Source/tasks.c **** 			mtCOVERAGE_TEST_MARKER();
2027:Middlewares/Third_Party/FreeRTOS/Source/tasks.c **** 		}
2028:Middlewares/Third_Party/FreeRTOS/Source/tasks.c **** 	}
2029:Middlewares/Third_Party/FreeRTOS/Source/tasks.c **** 	#endif /* configUSE_TIMERS */
2030:Middlewares/Third_Party/FreeRTOS/Source/tasks.c **** 
2031:Middlewares/Third_Party/FreeRTOS/Source/tasks.c **** 	if( xReturn == pdPASS )
2032:Middlewares/Third_Party/FreeRTOS/Source/tasks.c **** 	{
2033:Middlewares/Third_Party/FreeRTOS/Source/tasks.c **** 		/* freertos_tasks_c_additions_init() should only be called if the user
2034:Middlewares/Third_Party/FreeRTOS/Source/tasks.c **** 		definable macro FREERTOS_TASKS_C_ADDITIONS_INIT() is defined, as that is
2035:Middlewares/Third_Party/FreeRTOS/Source/tasks.c **** 		the only macro called by the function. */
2036:Middlewares/Third_Party/FreeRTOS/Source/tasks.c **** 		#ifdef FREERTOS_TASKS_C_ADDITIONS_INIT
2037:Middlewares/Third_Party/FreeRTOS/Source/tasks.c **** 		{
2038:Middlewares/Third_Party/FreeRTOS/Source/tasks.c **** 			freertos_tasks_c_additions_init();
2039:Middlewares/Third_Party/FreeRTOS/Source/tasks.c **** 		}
2040:Middlewares/Third_Party/FreeRTOS/Source/tasks.c **** 		#endif
2041:Middlewares/Third_Party/FreeRTOS/Source/tasks.c **** 
2042:Middlewares/Third_Party/FreeRTOS/Source/tasks.c **** 		/* Interrupts are turned off here, to ensure a tick does not occur
2043:Middlewares/Third_Party/FreeRTOS/Source/tasks.c **** 		before or during the call to xPortStartScheduler().  The stacks of
2044:Middlewares/Third_Party/FreeRTOS/Source/tasks.c **** 		the created tasks contain a status word with interrupts switched on
2045:Middlewares/Third_Party/FreeRTOS/Source/tasks.c **** 		so interrupts will automatically get re-enabled when the first task
2046:Middlewares/Third_Party/FreeRTOS/Source/tasks.c **** 		starts to run. */
2047:Middlewares/Third_Party/FreeRTOS/Source/tasks.c **** 		portDISABLE_INTERRUPTS();
2048:Middlewares/Third_Party/FreeRTOS/Source/tasks.c **** 
2049:Middlewares/Third_Party/FreeRTOS/Source/tasks.c **** 		#if ( configUSE_NEWLIB_REENTRANT == 1 )
2050:Middlewares/Third_Party/FreeRTOS/Source/tasks.c **** 		{
2051:Middlewares/Third_Party/FreeRTOS/Source/tasks.c **** 			/* Switch Newlib's _impure_ptr variable to point to the _reent
2052:Middlewares/Third_Party/FreeRTOS/Source/tasks.c **** 			structure specific to the task that will run first.
2053:Middlewares/Third_Party/FreeRTOS/Source/tasks.c **** 			See the third party link http://www.nadler.com/embedded/newlibAndFreeRTOS.html
2054:Middlewares/Third_Party/FreeRTOS/Source/tasks.c **** 			for additional information. */
2055:Middlewares/Third_Party/FreeRTOS/Source/tasks.c **** 			_impure_ptr = &( pxCurrentTCB->xNewLib_reent );
2056:Middlewares/Third_Party/FreeRTOS/Source/tasks.c **** 		}
2057:Middlewares/Third_Party/FreeRTOS/Source/tasks.c **** 		#endif /* configUSE_NEWLIB_REENTRANT */
2058:Middlewares/Third_Party/FreeRTOS/Source/tasks.c **** 
2059:Middlewares/Third_Party/FreeRTOS/Source/tasks.c **** 		xNextTaskUnblockTime = portMAX_DELAY;
2060:Middlewares/Third_Party/FreeRTOS/Source/tasks.c **** 		xSchedulerRunning = pdTRUE;
2061:Middlewares/Third_Party/FreeRTOS/Source/tasks.c **** 		xTickCount = ( TickType_t ) configINITIAL_TICK_COUNT;
2062:Middlewares/Third_Party/FreeRTOS/Source/tasks.c **** 
2063:Middlewares/Third_Party/FreeRTOS/Source/tasks.c **** 		/* If configGENERATE_RUN_TIME_STATS is defined then the following
2064:Middlewares/Third_Party/FreeRTOS/Source/tasks.c **** 		macro must be defined to configure the timer/counter used to generate
2065:Middlewares/Third_Party/FreeRTOS/Source/tasks.c **** 		the run time counter time base.   NOTE:  If configGENERATE_RUN_TIME_STATS
2066:Middlewares/Third_Party/FreeRTOS/Source/tasks.c **** 		is set to 0 and the following line fails to build then ensure you do not
2067:Middlewares/Third_Party/FreeRTOS/Source/tasks.c **** 		have portCONFIGURE_TIMER_FOR_RUN_TIME_STATS() defined in your
ARM GAS  D:\TMP\ccFCmCnH.s 			page 43


2068:Middlewares/Third_Party/FreeRTOS/Source/tasks.c **** 		FreeRTOSConfig.h file. */
2069:Middlewares/Third_Party/FreeRTOS/Source/tasks.c **** 		portCONFIGURE_TIMER_FOR_RUN_TIME_STATS();
2070:Middlewares/Third_Party/FreeRTOS/Source/tasks.c **** 
2071:Middlewares/Third_Party/FreeRTOS/Source/tasks.c **** 		traceTASK_SWITCHED_IN();
2072:Middlewares/Third_Party/FreeRTOS/Source/tasks.c **** 
2073:Middlewares/Third_Party/FreeRTOS/Source/tasks.c **** 		/* Setting up the timer tick is hardware specific and thus in the
2074:Middlewares/Third_Party/FreeRTOS/Source/tasks.c **** 		portable interface. */
2075:Middlewares/Third_Party/FreeRTOS/Source/tasks.c **** 		if( xPortStartScheduler() != pdFALSE )
2076:Middlewares/Third_Party/FreeRTOS/Source/tasks.c **** 		{
2077:Middlewares/Third_Party/FreeRTOS/Source/tasks.c **** 			/* Should not reach here as if the scheduler is running the
2078:Middlewares/Third_Party/FreeRTOS/Source/tasks.c **** 			function will not return. */
2079:Middlewares/Third_Party/FreeRTOS/Source/tasks.c **** 		}
2080:Middlewares/Third_Party/FreeRTOS/Source/tasks.c **** 		else
2081:Middlewares/Third_Party/FreeRTOS/Source/tasks.c **** 		{
2082:Middlewares/Third_Party/FreeRTOS/Source/tasks.c **** 			/* Should only reach here if a task calls xTaskEndScheduler(). */
2083:Middlewares/Third_Party/FreeRTOS/Source/tasks.c **** 		}
2084:Middlewares/Third_Party/FreeRTOS/Source/tasks.c **** 	}
2085:Middlewares/Third_Party/FreeRTOS/Source/tasks.c **** 	else
2086:Middlewares/Third_Party/FreeRTOS/Source/tasks.c **** 	{
2087:Middlewares/Third_Party/FreeRTOS/Source/tasks.c **** 		/* This line will only be reached if the kernel could not be started,
2088:Middlewares/Third_Party/FreeRTOS/Source/tasks.c **** 		because there was not enough FreeRTOS heap to create the idle task
2089:Middlewares/Third_Party/FreeRTOS/Source/tasks.c **** 		or the timer task. */
2090:Middlewares/Third_Party/FreeRTOS/Source/tasks.c **** 		configASSERT( xReturn != errCOULD_NOT_ALLOCATE_REQUIRED_MEMORY );
2091:Middlewares/Third_Party/FreeRTOS/Source/tasks.c **** 	}
2092:Middlewares/Third_Party/FreeRTOS/Source/tasks.c **** 
2093:Middlewares/Third_Party/FreeRTOS/Source/tasks.c **** 	/* Prevent compiler warnings if INCLUDE_xTaskGetIdleTaskHandle is set to 0,
2094:Middlewares/Third_Party/FreeRTOS/Source/tasks.c **** 	meaning xIdleTaskHandle is not used anywhere else. */
2095:Middlewares/Third_Party/FreeRTOS/Source/tasks.c **** 	( void ) xIdleTaskHandle;
2096:Middlewares/Third_Party/FreeRTOS/Source/tasks.c **** }
2097:Middlewares/Third_Party/FreeRTOS/Source/tasks.c **** /*-----------------------------------------------------------*/
2098:Middlewares/Third_Party/FreeRTOS/Source/tasks.c **** 
2099:Middlewares/Third_Party/FreeRTOS/Source/tasks.c **** void vTaskEndScheduler( void )
2100:Middlewares/Third_Party/FreeRTOS/Source/tasks.c **** {
2101:Middlewares/Third_Party/FreeRTOS/Source/tasks.c **** 	/* Stop the scheduler interrupts and call the portable scheduler end
2102:Middlewares/Third_Party/FreeRTOS/Source/tasks.c **** 	routine so the original ISRs can be restored if necessary.  The port
2103:Middlewares/Third_Party/FreeRTOS/Source/tasks.c **** 	layer must ensure interrupts enable	bit is left in the correct state. */
2104:Middlewares/Third_Party/FreeRTOS/Source/tasks.c **** 	portDISABLE_INTERRUPTS();
2105:Middlewares/Third_Party/FreeRTOS/Source/tasks.c **** 	xSchedulerRunning = pdFALSE;
2106:Middlewares/Third_Party/FreeRTOS/Source/tasks.c **** 	vPortEndScheduler();
2107:Middlewares/Third_Party/FreeRTOS/Source/tasks.c **** }
2108:Middlewares/Third_Party/FreeRTOS/Source/tasks.c **** /*----------------------------------------------------------*/
2109:Middlewares/Third_Party/FreeRTOS/Source/tasks.c **** 
2110:Middlewares/Third_Party/FreeRTOS/Source/tasks.c **** void vTaskSuspendAll( void )
2111:Middlewares/Third_Party/FreeRTOS/Source/tasks.c **** {
2112:Middlewares/Third_Party/FreeRTOS/Source/tasks.c **** 	/* A critical section is not required as the variable is of type
2113:Middlewares/Third_Party/FreeRTOS/Source/tasks.c **** 	BaseType_t.  Please read Richard Barry's reply in the following link to a
2114:Middlewares/Third_Party/FreeRTOS/Source/tasks.c **** 	post in the FreeRTOS support forum before reporting this as a bug! -
2115:Middlewares/Third_Party/FreeRTOS/Source/tasks.c **** 	http://goo.gl/wu4acr */
2116:Middlewares/Third_Party/FreeRTOS/Source/tasks.c **** 
2117:Middlewares/Third_Party/FreeRTOS/Source/tasks.c **** 	/* portSOFRWARE_BARRIER() is only implemented for emulated/simulated ports that
2118:Middlewares/Third_Party/FreeRTOS/Source/tasks.c **** 	do not otherwise exhibit real time behaviour. */
2119:Middlewares/Third_Party/FreeRTOS/Source/tasks.c **** 	portSOFTWARE_BARRIER();
2120:Middlewares/Third_Party/FreeRTOS/Source/tasks.c **** 
2121:Middlewares/Third_Party/FreeRTOS/Source/tasks.c **** 	/* The scheduler is suspended if uxSchedulerSuspended is non-zero.  An increment
2122:Middlewares/Third_Party/FreeRTOS/Source/tasks.c **** 	is used to allow calls to vTaskSuspendAll() to nest. */
2123:Middlewares/Third_Party/FreeRTOS/Source/tasks.c **** 	++uxSchedulerSuspended;
2124:Middlewares/Third_Party/FreeRTOS/Source/tasks.c **** 
ARM GAS  D:\TMP\ccFCmCnH.s 			page 44


2125:Middlewares/Third_Party/FreeRTOS/Source/tasks.c **** 	/* Enforces ordering for ports and optimised compilers that may otherwise place
2126:Middlewares/Third_Party/FreeRTOS/Source/tasks.c **** 	the above increment elsewhere. */
2127:Middlewares/Third_Party/FreeRTOS/Source/tasks.c **** 	portMEMORY_BARRIER();
2128:Middlewares/Third_Party/FreeRTOS/Source/tasks.c **** }
2129:Middlewares/Third_Party/FreeRTOS/Source/tasks.c **** /*----------------------------------------------------------*/
2130:Middlewares/Third_Party/FreeRTOS/Source/tasks.c **** 
2131:Middlewares/Third_Party/FreeRTOS/Source/tasks.c **** #if ( configUSE_TICKLESS_IDLE != 0 )
2132:Middlewares/Third_Party/FreeRTOS/Source/tasks.c **** 
2133:Middlewares/Third_Party/FreeRTOS/Source/tasks.c **** 	static TickType_t prvGetExpectedIdleTime( void )
2134:Middlewares/Third_Party/FreeRTOS/Source/tasks.c **** 	{
2135:Middlewares/Third_Party/FreeRTOS/Source/tasks.c **** 	TickType_t xReturn;
2136:Middlewares/Third_Party/FreeRTOS/Source/tasks.c **** 	UBaseType_t uxHigherPriorityReadyTasks = pdFALSE;
2137:Middlewares/Third_Party/FreeRTOS/Source/tasks.c **** 
2138:Middlewares/Third_Party/FreeRTOS/Source/tasks.c **** 		/* uxHigherPriorityReadyTasks takes care of the case where
2139:Middlewares/Third_Party/FreeRTOS/Source/tasks.c **** 		configUSE_PREEMPTION is 0, so there may be tasks above the idle priority
2140:Middlewares/Third_Party/FreeRTOS/Source/tasks.c **** 		task that are in the Ready state, even though the idle task is
2141:Middlewares/Third_Party/FreeRTOS/Source/tasks.c **** 		running. */
2142:Middlewares/Third_Party/FreeRTOS/Source/tasks.c **** 		#if( configUSE_PORT_OPTIMISED_TASK_SELECTION == 0 )
2143:Middlewares/Third_Party/FreeRTOS/Source/tasks.c **** 		{
2144:Middlewares/Third_Party/FreeRTOS/Source/tasks.c **** 			if( uxTopReadyPriority > tskIDLE_PRIORITY )
2145:Middlewares/Third_Party/FreeRTOS/Source/tasks.c **** 			{
2146:Middlewares/Third_Party/FreeRTOS/Source/tasks.c **** 				uxHigherPriorityReadyTasks = pdTRUE;
2147:Middlewares/Third_Party/FreeRTOS/Source/tasks.c **** 			}
2148:Middlewares/Third_Party/FreeRTOS/Source/tasks.c **** 		}
2149:Middlewares/Third_Party/FreeRTOS/Source/tasks.c **** 		#else
2150:Middlewares/Third_Party/FreeRTOS/Source/tasks.c **** 		{
2151:Middlewares/Third_Party/FreeRTOS/Source/tasks.c **** 			const UBaseType_t uxLeastSignificantBit = ( UBaseType_t ) 0x01;
2152:Middlewares/Third_Party/FreeRTOS/Source/tasks.c **** 
2153:Middlewares/Third_Party/FreeRTOS/Source/tasks.c **** 			/* When port optimised task selection is used the uxTopReadyPriority
2154:Middlewares/Third_Party/FreeRTOS/Source/tasks.c **** 			variable is used as a bit map.  If bits other than the least
2155:Middlewares/Third_Party/FreeRTOS/Source/tasks.c **** 			significant bit are set then there are tasks that have a priority
2156:Middlewares/Third_Party/FreeRTOS/Source/tasks.c **** 			above the idle priority that are in the Ready state.  This takes
2157:Middlewares/Third_Party/FreeRTOS/Source/tasks.c **** 			care of the case where the co-operative scheduler is in use. */
2158:Middlewares/Third_Party/FreeRTOS/Source/tasks.c **** 			if( uxTopReadyPriority > uxLeastSignificantBit )
2159:Middlewares/Third_Party/FreeRTOS/Source/tasks.c **** 			{
2160:Middlewares/Third_Party/FreeRTOS/Source/tasks.c **** 				uxHigherPriorityReadyTasks = pdTRUE;
2161:Middlewares/Third_Party/FreeRTOS/Source/tasks.c **** 			}
2162:Middlewares/Third_Party/FreeRTOS/Source/tasks.c **** 		}
2163:Middlewares/Third_Party/FreeRTOS/Source/tasks.c **** 		#endif
2164:Middlewares/Third_Party/FreeRTOS/Source/tasks.c **** 
2165:Middlewares/Third_Party/FreeRTOS/Source/tasks.c **** 		if( pxCurrentTCB->uxPriority > tskIDLE_PRIORITY )
2166:Middlewares/Third_Party/FreeRTOS/Source/tasks.c **** 		{
2167:Middlewares/Third_Party/FreeRTOS/Source/tasks.c **** 			xReturn = 0;
2168:Middlewares/Third_Party/FreeRTOS/Source/tasks.c **** 		}
2169:Middlewares/Third_Party/FreeRTOS/Source/tasks.c **** 		else if( listCURRENT_LIST_LENGTH( &( pxReadyTasksLists[ tskIDLE_PRIORITY ] ) ) > 1 )
2170:Middlewares/Third_Party/FreeRTOS/Source/tasks.c **** 		{
2171:Middlewares/Third_Party/FreeRTOS/Source/tasks.c **** 			/* There are other idle priority tasks in the ready state.  If
2172:Middlewares/Third_Party/FreeRTOS/Source/tasks.c **** 			time slicing is used then the very next tick interrupt must be
2173:Middlewares/Third_Party/FreeRTOS/Source/tasks.c **** 			processed. */
2174:Middlewares/Third_Party/FreeRTOS/Source/tasks.c **** 			xReturn = 0;
2175:Middlewares/Third_Party/FreeRTOS/Source/tasks.c **** 		}
2176:Middlewares/Third_Party/FreeRTOS/Source/tasks.c **** 		else if( uxHigherPriorityReadyTasks != pdFALSE )
2177:Middlewares/Third_Party/FreeRTOS/Source/tasks.c **** 		{
2178:Middlewares/Third_Party/FreeRTOS/Source/tasks.c **** 			/* There are tasks in the Ready state that have a priority above the
2179:Middlewares/Third_Party/FreeRTOS/Source/tasks.c **** 			idle priority.  This path can only be reached if
2180:Middlewares/Third_Party/FreeRTOS/Source/tasks.c **** 			configUSE_PREEMPTION is 0. */
2181:Middlewares/Third_Party/FreeRTOS/Source/tasks.c **** 			xReturn = 0;
ARM GAS  D:\TMP\ccFCmCnH.s 			page 45


2182:Middlewares/Third_Party/FreeRTOS/Source/tasks.c **** 		}
2183:Middlewares/Third_Party/FreeRTOS/Source/tasks.c **** 		else
2184:Middlewares/Third_Party/FreeRTOS/Source/tasks.c **** 		{
2185:Middlewares/Third_Party/FreeRTOS/Source/tasks.c **** 			xReturn = xNextTaskUnblockTime - xTickCount;
2186:Middlewares/Third_Party/FreeRTOS/Source/tasks.c **** 		}
2187:Middlewares/Third_Party/FreeRTOS/Source/tasks.c **** 
2188:Middlewares/Third_Party/FreeRTOS/Source/tasks.c **** 		return xReturn;
2189:Middlewares/Third_Party/FreeRTOS/Source/tasks.c **** 	}
2190:Middlewares/Third_Party/FreeRTOS/Source/tasks.c **** 
2191:Middlewares/Third_Party/FreeRTOS/Source/tasks.c **** #endif /* configUSE_TICKLESS_IDLE */
2192:Middlewares/Third_Party/FreeRTOS/Source/tasks.c **** /*----------------------------------------------------------*/
2193:Middlewares/Third_Party/FreeRTOS/Source/tasks.c **** 
2194:Middlewares/Third_Party/FreeRTOS/Source/tasks.c **** BaseType_t xTaskResumeAll( void )
2195:Middlewares/Third_Party/FreeRTOS/Source/tasks.c **** {
2196:Middlewares/Third_Party/FreeRTOS/Source/tasks.c **** TCB_t *pxTCB = NULL;
2197:Middlewares/Third_Party/FreeRTOS/Source/tasks.c **** BaseType_t xAlreadyYielded = pdFALSE;
2198:Middlewares/Third_Party/FreeRTOS/Source/tasks.c **** 
2199:Middlewares/Third_Party/FreeRTOS/Source/tasks.c **** 	/* If uxSchedulerSuspended is zero then this function does not match a
2200:Middlewares/Third_Party/FreeRTOS/Source/tasks.c **** 	previous call to vTaskSuspendAll(). */
2201:Middlewares/Third_Party/FreeRTOS/Source/tasks.c **** 	configASSERT( uxSchedulerSuspended );
2202:Middlewares/Third_Party/FreeRTOS/Source/tasks.c **** 
2203:Middlewares/Third_Party/FreeRTOS/Source/tasks.c **** 	/* It is possible that an ISR caused a task to be removed from an event
2204:Middlewares/Third_Party/FreeRTOS/Source/tasks.c **** 	list while the scheduler was suspended.  If this was the case then the
2205:Middlewares/Third_Party/FreeRTOS/Source/tasks.c **** 	removed task will have been added to the xPendingReadyList.  Once the
2206:Middlewares/Third_Party/FreeRTOS/Source/tasks.c **** 	scheduler has been resumed it is safe to move all the pending ready
2207:Middlewares/Third_Party/FreeRTOS/Source/tasks.c **** 	tasks from this list into their appropriate ready list. */
2208:Middlewares/Third_Party/FreeRTOS/Source/tasks.c **** 	taskENTER_CRITICAL();
2209:Middlewares/Third_Party/FreeRTOS/Source/tasks.c **** 	{
2210:Middlewares/Third_Party/FreeRTOS/Source/tasks.c **** 		--uxSchedulerSuspended;
2211:Middlewares/Third_Party/FreeRTOS/Source/tasks.c **** 
2212:Middlewares/Third_Party/FreeRTOS/Source/tasks.c **** 		if( uxSchedulerSuspended == ( UBaseType_t ) pdFALSE )
2213:Middlewares/Third_Party/FreeRTOS/Source/tasks.c **** 		{
2214:Middlewares/Third_Party/FreeRTOS/Source/tasks.c **** 			if( uxCurrentNumberOfTasks > ( UBaseType_t ) 0U )
2215:Middlewares/Third_Party/FreeRTOS/Source/tasks.c **** 			{
2216:Middlewares/Third_Party/FreeRTOS/Source/tasks.c **** 				/* Move any readied tasks from the pending list into the
2217:Middlewares/Third_Party/FreeRTOS/Source/tasks.c **** 				appropriate ready list. */
2218:Middlewares/Third_Party/FreeRTOS/Source/tasks.c **** 				while( listLIST_IS_EMPTY( &xPendingReadyList ) == pdFALSE )
2219:Middlewares/Third_Party/FreeRTOS/Source/tasks.c **** 				{
2220:Middlewares/Third_Party/FreeRTOS/Source/tasks.c **** 					pxTCB = listGET_OWNER_OF_HEAD_ENTRY( ( &xPendingReadyList ) ); /*lint !e9079 void * is used as
2221:Middlewares/Third_Party/FreeRTOS/Source/tasks.c **** 					( void ) uxListRemove( &( pxTCB->xEventListItem ) );
2222:Middlewares/Third_Party/FreeRTOS/Source/tasks.c **** 					( void ) uxListRemove( &( pxTCB->xStateListItem ) );
2223:Middlewares/Third_Party/FreeRTOS/Source/tasks.c **** 					prvAddTaskToReadyList( pxTCB );
2224:Middlewares/Third_Party/FreeRTOS/Source/tasks.c **** 
2225:Middlewares/Third_Party/FreeRTOS/Source/tasks.c **** 					/* If the moved task has a priority higher than the current
2226:Middlewares/Third_Party/FreeRTOS/Source/tasks.c **** 					task then a yield must be performed. */
2227:Middlewares/Third_Party/FreeRTOS/Source/tasks.c **** 					if( pxTCB->uxPriority >= pxCurrentTCB->uxPriority )
2228:Middlewares/Third_Party/FreeRTOS/Source/tasks.c **** 					{
2229:Middlewares/Third_Party/FreeRTOS/Source/tasks.c **** 						xYieldPending = pdTRUE;
2230:Middlewares/Third_Party/FreeRTOS/Source/tasks.c **** 					}
2231:Middlewares/Third_Party/FreeRTOS/Source/tasks.c **** 					else
2232:Middlewares/Third_Party/FreeRTOS/Source/tasks.c **** 					{
2233:Middlewares/Third_Party/FreeRTOS/Source/tasks.c **** 						mtCOVERAGE_TEST_MARKER();
2234:Middlewares/Third_Party/FreeRTOS/Source/tasks.c **** 					}
2235:Middlewares/Third_Party/FreeRTOS/Source/tasks.c **** 				}
2236:Middlewares/Third_Party/FreeRTOS/Source/tasks.c **** 
2237:Middlewares/Third_Party/FreeRTOS/Source/tasks.c **** 				if( pxTCB != NULL )
2238:Middlewares/Third_Party/FreeRTOS/Source/tasks.c **** 				{
ARM GAS  D:\TMP\ccFCmCnH.s 			page 46


2239:Middlewares/Third_Party/FreeRTOS/Source/tasks.c **** 					/* A task was unblocked while the scheduler was suspended,
2240:Middlewares/Third_Party/FreeRTOS/Source/tasks.c **** 					which may have prevented the next unblock time from being
2241:Middlewares/Third_Party/FreeRTOS/Source/tasks.c **** 					re-calculated, in which case re-calculate it now.  Mainly
2242:Middlewares/Third_Party/FreeRTOS/Source/tasks.c **** 					important for low power tickless implementations, where
2243:Middlewares/Third_Party/FreeRTOS/Source/tasks.c **** 					this can prevent an unnecessary exit from low power
2244:Middlewares/Third_Party/FreeRTOS/Source/tasks.c **** 					state. */
2245:Middlewares/Third_Party/FreeRTOS/Source/tasks.c **** 					prvResetNextTaskUnblockTime();
2246:Middlewares/Third_Party/FreeRTOS/Source/tasks.c **** 				}
2247:Middlewares/Third_Party/FreeRTOS/Source/tasks.c **** 
2248:Middlewares/Third_Party/FreeRTOS/Source/tasks.c **** 				/* If any ticks occurred while the scheduler was suspended then
2249:Middlewares/Third_Party/FreeRTOS/Source/tasks.c **** 				they should be processed now.  This ensures the tick count does
2250:Middlewares/Third_Party/FreeRTOS/Source/tasks.c **** 				not	slip, and that any delayed tasks are resumed at the correct
2251:Middlewares/Third_Party/FreeRTOS/Source/tasks.c **** 				time. */
2252:Middlewares/Third_Party/FreeRTOS/Source/tasks.c **** 				{
2253:Middlewares/Third_Party/FreeRTOS/Source/tasks.c **** 					TickType_t xPendedCounts = xPendedTicks; /* Non-volatile copy. */
2254:Middlewares/Third_Party/FreeRTOS/Source/tasks.c **** 
2255:Middlewares/Third_Party/FreeRTOS/Source/tasks.c **** 					if( xPendedCounts > ( TickType_t ) 0U )
2256:Middlewares/Third_Party/FreeRTOS/Source/tasks.c **** 					{
2257:Middlewares/Third_Party/FreeRTOS/Source/tasks.c **** 						do
2258:Middlewares/Third_Party/FreeRTOS/Source/tasks.c **** 						{
2259:Middlewares/Third_Party/FreeRTOS/Source/tasks.c **** 							if( xTaskIncrementTick() != pdFALSE )
2260:Middlewares/Third_Party/FreeRTOS/Source/tasks.c **** 							{
2261:Middlewares/Third_Party/FreeRTOS/Source/tasks.c **** 								xYieldPending = pdTRUE;
2262:Middlewares/Third_Party/FreeRTOS/Source/tasks.c **** 							}
2263:Middlewares/Third_Party/FreeRTOS/Source/tasks.c **** 							else
2264:Middlewares/Third_Party/FreeRTOS/Source/tasks.c **** 							{
2265:Middlewares/Third_Party/FreeRTOS/Source/tasks.c **** 								mtCOVERAGE_TEST_MARKER();
2266:Middlewares/Third_Party/FreeRTOS/Source/tasks.c **** 							}
2267:Middlewares/Third_Party/FreeRTOS/Source/tasks.c **** 							--xPendedCounts;
2268:Middlewares/Third_Party/FreeRTOS/Source/tasks.c **** 						} while( xPendedCounts > ( TickType_t ) 0U );
2269:Middlewares/Third_Party/FreeRTOS/Source/tasks.c **** 
2270:Middlewares/Third_Party/FreeRTOS/Source/tasks.c **** 						xPendedTicks = 0;
2271:Middlewares/Third_Party/FreeRTOS/Source/tasks.c **** 					}
2272:Middlewares/Third_Party/FreeRTOS/Source/tasks.c **** 					else
2273:Middlewares/Third_Party/FreeRTOS/Source/tasks.c **** 					{
2274:Middlewares/Third_Party/FreeRTOS/Source/tasks.c **** 						mtCOVERAGE_TEST_MARKER();
2275:Middlewares/Third_Party/FreeRTOS/Source/tasks.c **** 					}
2276:Middlewares/Third_Party/FreeRTOS/Source/tasks.c **** 				}
2277:Middlewares/Third_Party/FreeRTOS/Source/tasks.c **** 
2278:Middlewares/Third_Party/FreeRTOS/Source/tasks.c **** 				if( xYieldPending != pdFALSE )
2279:Middlewares/Third_Party/FreeRTOS/Source/tasks.c **** 				{
2280:Middlewares/Third_Party/FreeRTOS/Source/tasks.c **** 					#if( configUSE_PREEMPTION != 0 )
2281:Middlewares/Third_Party/FreeRTOS/Source/tasks.c **** 					{
2282:Middlewares/Third_Party/FreeRTOS/Source/tasks.c **** 						xAlreadyYielded = pdTRUE;
2283:Middlewares/Third_Party/FreeRTOS/Source/tasks.c **** 					}
2284:Middlewares/Third_Party/FreeRTOS/Source/tasks.c **** 					#endif
2285:Middlewares/Third_Party/FreeRTOS/Source/tasks.c **** 					taskYIELD_IF_USING_PREEMPTION();
2286:Middlewares/Third_Party/FreeRTOS/Source/tasks.c **** 				}
2287:Middlewares/Third_Party/FreeRTOS/Source/tasks.c **** 				else
2288:Middlewares/Third_Party/FreeRTOS/Source/tasks.c **** 				{
2289:Middlewares/Third_Party/FreeRTOS/Source/tasks.c **** 					mtCOVERAGE_TEST_MARKER();
2290:Middlewares/Third_Party/FreeRTOS/Source/tasks.c **** 				}
2291:Middlewares/Third_Party/FreeRTOS/Source/tasks.c **** 			}
2292:Middlewares/Third_Party/FreeRTOS/Source/tasks.c **** 		}
2293:Middlewares/Third_Party/FreeRTOS/Source/tasks.c **** 		else
2294:Middlewares/Third_Party/FreeRTOS/Source/tasks.c **** 		{
2295:Middlewares/Third_Party/FreeRTOS/Source/tasks.c **** 			mtCOVERAGE_TEST_MARKER();
ARM GAS  D:\TMP\ccFCmCnH.s 			page 47


2296:Middlewares/Third_Party/FreeRTOS/Source/tasks.c **** 		}
2297:Middlewares/Third_Party/FreeRTOS/Source/tasks.c **** 	}
2298:Middlewares/Third_Party/FreeRTOS/Source/tasks.c **** 	taskEXIT_CRITICAL();
2299:Middlewares/Third_Party/FreeRTOS/Source/tasks.c **** 
2300:Middlewares/Third_Party/FreeRTOS/Source/tasks.c **** 	return xAlreadyYielded;
2301:Middlewares/Third_Party/FreeRTOS/Source/tasks.c **** }
2302:Middlewares/Third_Party/FreeRTOS/Source/tasks.c **** /*-----------------------------------------------------------*/
2303:Middlewares/Third_Party/FreeRTOS/Source/tasks.c **** 
2304:Middlewares/Third_Party/FreeRTOS/Source/tasks.c **** TickType_t xTaskGetTickCount( void )
2305:Middlewares/Third_Party/FreeRTOS/Source/tasks.c **** {
2306:Middlewares/Third_Party/FreeRTOS/Source/tasks.c **** TickType_t xTicks;
2307:Middlewares/Third_Party/FreeRTOS/Source/tasks.c **** 
2308:Middlewares/Third_Party/FreeRTOS/Source/tasks.c **** 	/* Critical section required if running on a 16 bit processor. */
2309:Middlewares/Third_Party/FreeRTOS/Source/tasks.c **** 	portTICK_TYPE_ENTER_CRITICAL();
2310:Middlewares/Third_Party/FreeRTOS/Source/tasks.c **** 	{
2311:Middlewares/Third_Party/FreeRTOS/Source/tasks.c **** 		xTicks = xTickCount;
2312:Middlewares/Third_Party/FreeRTOS/Source/tasks.c **** 	}
2313:Middlewares/Third_Party/FreeRTOS/Source/tasks.c **** 	portTICK_TYPE_EXIT_CRITICAL();
2314:Middlewares/Third_Party/FreeRTOS/Source/tasks.c **** 
2315:Middlewares/Third_Party/FreeRTOS/Source/tasks.c **** 	return xTicks;
2316:Middlewares/Third_Party/FreeRTOS/Source/tasks.c **** }
2317:Middlewares/Third_Party/FreeRTOS/Source/tasks.c **** /*-----------------------------------------------------------*/
2318:Middlewares/Third_Party/FreeRTOS/Source/tasks.c **** 
2319:Middlewares/Third_Party/FreeRTOS/Source/tasks.c **** TickType_t xTaskGetTickCountFromISR( void )
2320:Middlewares/Third_Party/FreeRTOS/Source/tasks.c **** {
2321:Middlewares/Third_Party/FreeRTOS/Source/tasks.c **** TickType_t xReturn;
2322:Middlewares/Third_Party/FreeRTOS/Source/tasks.c **** UBaseType_t uxSavedInterruptStatus;
2323:Middlewares/Third_Party/FreeRTOS/Source/tasks.c **** 
2324:Middlewares/Third_Party/FreeRTOS/Source/tasks.c **** 	/* RTOS ports that support interrupt nesting have the concept of a maximum
2325:Middlewares/Third_Party/FreeRTOS/Source/tasks.c **** 	system call (or maximum API call) interrupt priority.  Interrupts that are
2326:Middlewares/Third_Party/FreeRTOS/Source/tasks.c **** 	above the maximum system call priority are kept permanently enabled, even
2327:Middlewares/Third_Party/FreeRTOS/Source/tasks.c **** 	when the RTOS kernel is in a critical section, but cannot make any calls to
2328:Middlewares/Third_Party/FreeRTOS/Source/tasks.c **** 	FreeRTOS API functions.  If configASSERT() is defined in FreeRTOSConfig.h
2329:Middlewares/Third_Party/FreeRTOS/Source/tasks.c **** 	then portASSERT_IF_INTERRUPT_PRIORITY_INVALID() will result in an assertion
2330:Middlewares/Third_Party/FreeRTOS/Source/tasks.c **** 	failure if a FreeRTOS API function is called from an interrupt that has been
2331:Middlewares/Third_Party/FreeRTOS/Source/tasks.c **** 	assigned a priority above the configured maximum system call priority.
2332:Middlewares/Third_Party/FreeRTOS/Source/tasks.c **** 	Only FreeRTOS functions that end in FromISR can be called from interrupts
2333:Middlewares/Third_Party/FreeRTOS/Source/tasks.c **** 	that have been assigned a priority at or (logically) below the maximum
2334:Middlewares/Third_Party/FreeRTOS/Source/tasks.c **** 	system call	interrupt priority.  FreeRTOS maintains a separate interrupt
2335:Middlewares/Third_Party/FreeRTOS/Source/tasks.c **** 	safe API to ensure interrupt entry is as fast and as simple as possible.
2336:Middlewares/Third_Party/FreeRTOS/Source/tasks.c **** 	More information (albeit Cortex-M specific) is provided on the following
2337:Middlewares/Third_Party/FreeRTOS/Source/tasks.c **** 	link: https://www.freertos.org/RTOS-Cortex-M3-M4.html */
2338:Middlewares/Third_Party/FreeRTOS/Source/tasks.c **** 	portASSERT_IF_INTERRUPT_PRIORITY_INVALID();
2339:Middlewares/Third_Party/FreeRTOS/Source/tasks.c **** 
2340:Middlewares/Third_Party/FreeRTOS/Source/tasks.c **** 	uxSavedInterruptStatus = portTICK_TYPE_SET_INTERRUPT_MASK_FROM_ISR();
2341:Middlewares/Third_Party/FreeRTOS/Source/tasks.c **** 	{
2342:Middlewares/Third_Party/FreeRTOS/Source/tasks.c **** 		xReturn = xTickCount;
2343:Middlewares/Third_Party/FreeRTOS/Source/tasks.c **** 	}
2344:Middlewares/Third_Party/FreeRTOS/Source/tasks.c **** 	portTICK_TYPE_CLEAR_INTERRUPT_MASK_FROM_ISR( uxSavedInterruptStatus );
2345:Middlewares/Third_Party/FreeRTOS/Source/tasks.c **** 
2346:Middlewares/Third_Party/FreeRTOS/Source/tasks.c **** 	return xReturn;
2347:Middlewares/Third_Party/FreeRTOS/Source/tasks.c **** }
2348:Middlewares/Third_Party/FreeRTOS/Source/tasks.c **** /*-----------------------------------------------------------*/
2349:Middlewares/Third_Party/FreeRTOS/Source/tasks.c **** 
2350:Middlewares/Third_Party/FreeRTOS/Source/tasks.c **** UBaseType_t uxTaskGetNumberOfTasks( void )
2351:Middlewares/Third_Party/FreeRTOS/Source/tasks.c **** {
2352:Middlewares/Third_Party/FreeRTOS/Source/tasks.c **** 	/* A critical section is not required because the variables are of type
ARM GAS  D:\TMP\ccFCmCnH.s 			page 48


2353:Middlewares/Third_Party/FreeRTOS/Source/tasks.c **** 	BaseType_t. */
2354:Middlewares/Third_Party/FreeRTOS/Source/tasks.c **** 	return uxCurrentNumberOfTasks;
2355:Middlewares/Third_Party/FreeRTOS/Source/tasks.c **** }
2356:Middlewares/Third_Party/FreeRTOS/Source/tasks.c **** /*-----------------------------------------------------------*/
2357:Middlewares/Third_Party/FreeRTOS/Source/tasks.c **** 
2358:Middlewares/Third_Party/FreeRTOS/Source/tasks.c **** char *pcTaskGetName( TaskHandle_t xTaskToQuery ) /*lint !e971 Unqualified char types are allowed fo
2359:Middlewares/Third_Party/FreeRTOS/Source/tasks.c **** {
2360:Middlewares/Third_Party/FreeRTOS/Source/tasks.c **** TCB_t *pxTCB;
2361:Middlewares/Third_Party/FreeRTOS/Source/tasks.c **** 
2362:Middlewares/Third_Party/FreeRTOS/Source/tasks.c **** 	/* If null is passed in here then the name of the calling task is being
2363:Middlewares/Third_Party/FreeRTOS/Source/tasks.c **** 	queried. */
2364:Middlewares/Third_Party/FreeRTOS/Source/tasks.c **** 	pxTCB = prvGetTCBFromHandle( xTaskToQuery );
2365:Middlewares/Third_Party/FreeRTOS/Source/tasks.c **** 	configASSERT( pxTCB );
2366:Middlewares/Third_Party/FreeRTOS/Source/tasks.c **** 	return &( pxTCB->pcTaskName[ 0 ] );
2367:Middlewares/Third_Party/FreeRTOS/Source/tasks.c **** }
2368:Middlewares/Third_Party/FreeRTOS/Source/tasks.c **** /*-----------------------------------------------------------*/
2369:Middlewares/Third_Party/FreeRTOS/Source/tasks.c **** 
2370:Middlewares/Third_Party/FreeRTOS/Source/tasks.c **** #if ( INCLUDE_xTaskGetHandle == 1 )
2371:Middlewares/Third_Party/FreeRTOS/Source/tasks.c **** 
2372:Middlewares/Third_Party/FreeRTOS/Source/tasks.c **** 	static TCB_t *prvSearchForNameWithinSingleList( List_t *pxList, const char pcNameToQuery[] )
2373:Middlewares/Third_Party/FreeRTOS/Source/tasks.c **** 	{
2374:Middlewares/Third_Party/FreeRTOS/Source/tasks.c **** 	TCB_t *pxNextTCB, *pxFirstTCB, *pxReturn = NULL;
2375:Middlewares/Third_Party/FreeRTOS/Source/tasks.c **** 	UBaseType_t x;
2376:Middlewares/Third_Party/FreeRTOS/Source/tasks.c **** 	char cNextChar;
2377:Middlewares/Third_Party/FreeRTOS/Source/tasks.c **** 	BaseType_t xBreakLoop;
2378:Middlewares/Third_Party/FreeRTOS/Source/tasks.c **** 
2379:Middlewares/Third_Party/FreeRTOS/Source/tasks.c **** 		/* This function is called with the scheduler suspended. */
2380:Middlewares/Third_Party/FreeRTOS/Source/tasks.c **** 
2381:Middlewares/Third_Party/FreeRTOS/Source/tasks.c **** 		if( listCURRENT_LIST_LENGTH( pxList ) > ( UBaseType_t ) 0 )
2382:Middlewares/Third_Party/FreeRTOS/Source/tasks.c **** 		{
2383:Middlewares/Third_Party/FreeRTOS/Source/tasks.c **** 			listGET_OWNER_OF_NEXT_ENTRY( pxFirstTCB, pxList );  /*lint !e9079 void * is used as this macro i
2384:Middlewares/Third_Party/FreeRTOS/Source/tasks.c **** 
2385:Middlewares/Third_Party/FreeRTOS/Source/tasks.c **** 			do
2386:Middlewares/Third_Party/FreeRTOS/Source/tasks.c **** 			{
2387:Middlewares/Third_Party/FreeRTOS/Source/tasks.c **** 				listGET_OWNER_OF_NEXT_ENTRY( pxNextTCB, pxList ); /*lint !e9079 void * is used as this macro is
2388:Middlewares/Third_Party/FreeRTOS/Source/tasks.c **** 
2389:Middlewares/Third_Party/FreeRTOS/Source/tasks.c **** 				/* Check each character in the name looking for a match or
2390:Middlewares/Third_Party/FreeRTOS/Source/tasks.c **** 				mismatch. */
2391:Middlewares/Third_Party/FreeRTOS/Source/tasks.c **** 				xBreakLoop = pdFALSE;
2392:Middlewares/Third_Party/FreeRTOS/Source/tasks.c **** 				for( x = ( UBaseType_t ) 0; x < ( UBaseType_t ) configMAX_TASK_NAME_LEN; x++ )
2393:Middlewares/Third_Party/FreeRTOS/Source/tasks.c **** 				{
2394:Middlewares/Third_Party/FreeRTOS/Source/tasks.c **** 					cNextChar = pxNextTCB->pcTaskName[ x ];
2395:Middlewares/Third_Party/FreeRTOS/Source/tasks.c **** 
2396:Middlewares/Third_Party/FreeRTOS/Source/tasks.c **** 					if( cNextChar != pcNameToQuery[ x ] )
2397:Middlewares/Third_Party/FreeRTOS/Source/tasks.c **** 					{
2398:Middlewares/Third_Party/FreeRTOS/Source/tasks.c **** 						/* Characters didn't match. */
2399:Middlewares/Third_Party/FreeRTOS/Source/tasks.c **** 						xBreakLoop = pdTRUE;
2400:Middlewares/Third_Party/FreeRTOS/Source/tasks.c **** 					}
2401:Middlewares/Third_Party/FreeRTOS/Source/tasks.c **** 					else if( cNextChar == ( char ) 0x00 )
2402:Middlewares/Third_Party/FreeRTOS/Source/tasks.c **** 					{
2403:Middlewares/Third_Party/FreeRTOS/Source/tasks.c **** 						/* Both strings terminated, a match must have been
2404:Middlewares/Third_Party/FreeRTOS/Source/tasks.c **** 						found. */
2405:Middlewares/Third_Party/FreeRTOS/Source/tasks.c **** 						pxReturn = pxNextTCB;
2406:Middlewares/Third_Party/FreeRTOS/Source/tasks.c **** 						xBreakLoop = pdTRUE;
2407:Middlewares/Third_Party/FreeRTOS/Source/tasks.c **** 					}
2408:Middlewares/Third_Party/FreeRTOS/Source/tasks.c **** 					else
2409:Middlewares/Third_Party/FreeRTOS/Source/tasks.c **** 					{
ARM GAS  D:\TMP\ccFCmCnH.s 			page 49


2410:Middlewares/Third_Party/FreeRTOS/Source/tasks.c **** 						mtCOVERAGE_TEST_MARKER();
2411:Middlewares/Third_Party/FreeRTOS/Source/tasks.c **** 					}
2412:Middlewares/Third_Party/FreeRTOS/Source/tasks.c **** 
2413:Middlewares/Third_Party/FreeRTOS/Source/tasks.c **** 					if( xBreakLoop != pdFALSE )
2414:Middlewares/Third_Party/FreeRTOS/Source/tasks.c **** 					{
2415:Middlewares/Third_Party/FreeRTOS/Source/tasks.c **** 						break;
2416:Middlewares/Third_Party/FreeRTOS/Source/tasks.c **** 					}
2417:Middlewares/Third_Party/FreeRTOS/Source/tasks.c **** 				}
2418:Middlewares/Third_Party/FreeRTOS/Source/tasks.c **** 
2419:Middlewares/Third_Party/FreeRTOS/Source/tasks.c **** 				if( pxReturn != NULL )
2420:Middlewares/Third_Party/FreeRTOS/Source/tasks.c **** 				{
2421:Middlewares/Third_Party/FreeRTOS/Source/tasks.c **** 					/* The handle has been found. */
2422:Middlewares/Third_Party/FreeRTOS/Source/tasks.c **** 					break;
2423:Middlewares/Third_Party/FreeRTOS/Source/tasks.c **** 				}
2424:Middlewares/Third_Party/FreeRTOS/Source/tasks.c **** 
2425:Middlewares/Third_Party/FreeRTOS/Source/tasks.c **** 			} while( pxNextTCB != pxFirstTCB );
2426:Middlewares/Third_Party/FreeRTOS/Source/tasks.c **** 		}
2427:Middlewares/Third_Party/FreeRTOS/Source/tasks.c **** 		else
2428:Middlewares/Third_Party/FreeRTOS/Source/tasks.c **** 		{
2429:Middlewares/Third_Party/FreeRTOS/Source/tasks.c **** 			mtCOVERAGE_TEST_MARKER();
2430:Middlewares/Third_Party/FreeRTOS/Source/tasks.c **** 		}
2431:Middlewares/Third_Party/FreeRTOS/Source/tasks.c **** 
2432:Middlewares/Third_Party/FreeRTOS/Source/tasks.c **** 		return pxReturn;
2433:Middlewares/Third_Party/FreeRTOS/Source/tasks.c **** 	}
2434:Middlewares/Third_Party/FreeRTOS/Source/tasks.c **** 
2435:Middlewares/Third_Party/FreeRTOS/Source/tasks.c **** #endif /* INCLUDE_xTaskGetHandle */
2436:Middlewares/Third_Party/FreeRTOS/Source/tasks.c **** /*-----------------------------------------------------------*/
2437:Middlewares/Third_Party/FreeRTOS/Source/tasks.c **** 
2438:Middlewares/Third_Party/FreeRTOS/Source/tasks.c **** #if ( INCLUDE_xTaskGetHandle == 1 )
2439:Middlewares/Third_Party/FreeRTOS/Source/tasks.c **** 
2440:Middlewares/Third_Party/FreeRTOS/Source/tasks.c **** 	TaskHandle_t xTaskGetHandle( const char *pcNameToQuery ) /*lint !e971 Unqualified char types are a
2441:Middlewares/Third_Party/FreeRTOS/Source/tasks.c **** 	{
2442:Middlewares/Third_Party/FreeRTOS/Source/tasks.c **** 	UBaseType_t uxQueue = configMAX_PRIORITIES;
2443:Middlewares/Third_Party/FreeRTOS/Source/tasks.c **** 	TCB_t* pxTCB;
2444:Middlewares/Third_Party/FreeRTOS/Source/tasks.c **** 
2445:Middlewares/Third_Party/FreeRTOS/Source/tasks.c **** 		/* Task names will be truncated to configMAX_TASK_NAME_LEN - 1 bytes. */
2446:Middlewares/Third_Party/FreeRTOS/Source/tasks.c **** 		configASSERT( strlen( pcNameToQuery ) < configMAX_TASK_NAME_LEN );
2447:Middlewares/Third_Party/FreeRTOS/Source/tasks.c **** 
2448:Middlewares/Third_Party/FreeRTOS/Source/tasks.c **** 		vTaskSuspendAll();
2449:Middlewares/Third_Party/FreeRTOS/Source/tasks.c **** 		{
2450:Middlewares/Third_Party/FreeRTOS/Source/tasks.c **** 			/* Search the ready lists. */
2451:Middlewares/Third_Party/FreeRTOS/Source/tasks.c **** 			do
2452:Middlewares/Third_Party/FreeRTOS/Source/tasks.c **** 			{
2453:Middlewares/Third_Party/FreeRTOS/Source/tasks.c **** 				uxQueue--;
2454:Middlewares/Third_Party/FreeRTOS/Source/tasks.c **** 				pxTCB = prvSearchForNameWithinSingleList( ( List_t * ) &( pxReadyTasksLists[ uxQueue ] ), pcNam
2455:Middlewares/Third_Party/FreeRTOS/Source/tasks.c **** 
2456:Middlewares/Third_Party/FreeRTOS/Source/tasks.c **** 				if( pxTCB != NULL )
2457:Middlewares/Third_Party/FreeRTOS/Source/tasks.c **** 				{
2458:Middlewares/Third_Party/FreeRTOS/Source/tasks.c **** 					/* Found the handle. */
2459:Middlewares/Third_Party/FreeRTOS/Source/tasks.c **** 					break;
2460:Middlewares/Third_Party/FreeRTOS/Source/tasks.c **** 				}
2461:Middlewares/Third_Party/FreeRTOS/Source/tasks.c **** 
2462:Middlewares/Third_Party/FreeRTOS/Source/tasks.c **** 			} while( uxQueue > ( UBaseType_t ) tskIDLE_PRIORITY ); /*lint !e961 MISRA exception as the casts
2463:Middlewares/Third_Party/FreeRTOS/Source/tasks.c **** 
2464:Middlewares/Third_Party/FreeRTOS/Source/tasks.c **** 			/* Search the delayed lists. */
2465:Middlewares/Third_Party/FreeRTOS/Source/tasks.c **** 			if( pxTCB == NULL )
2466:Middlewares/Third_Party/FreeRTOS/Source/tasks.c **** 			{
ARM GAS  D:\TMP\ccFCmCnH.s 			page 50


2467:Middlewares/Third_Party/FreeRTOS/Source/tasks.c **** 				pxTCB = prvSearchForNameWithinSingleList( ( List_t * ) pxDelayedTaskList, pcNameToQuery );
2468:Middlewares/Third_Party/FreeRTOS/Source/tasks.c **** 			}
2469:Middlewares/Third_Party/FreeRTOS/Source/tasks.c **** 
2470:Middlewares/Third_Party/FreeRTOS/Source/tasks.c **** 			if( pxTCB == NULL )
2471:Middlewares/Third_Party/FreeRTOS/Source/tasks.c **** 			{
2472:Middlewares/Third_Party/FreeRTOS/Source/tasks.c **** 				pxTCB = prvSearchForNameWithinSingleList( ( List_t * ) pxOverflowDelayedTaskList, pcNameToQuery
2473:Middlewares/Third_Party/FreeRTOS/Source/tasks.c **** 			}
2474:Middlewares/Third_Party/FreeRTOS/Source/tasks.c **** 
2475:Middlewares/Third_Party/FreeRTOS/Source/tasks.c **** 			#if ( INCLUDE_vTaskSuspend == 1 )
2476:Middlewares/Third_Party/FreeRTOS/Source/tasks.c **** 			{
2477:Middlewares/Third_Party/FreeRTOS/Source/tasks.c **** 				if( pxTCB == NULL )
2478:Middlewares/Third_Party/FreeRTOS/Source/tasks.c **** 				{
2479:Middlewares/Third_Party/FreeRTOS/Source/tasks.c **** 					/* Search the suspended list. */
2480:Middlewares/Third_Party/FreeRTOS/Source/tasks.c **** 					pxTCB = prvSearchForNameWithinSingleList( &xSuspendedTaskList, pcNameToQuery );
2481:Middlewares/Third_Party/FreeRTOS/Source/tasks.c **** 				}
2482:Middlewares/Third_Party/FreeRTOS/Source/tasks.c **** 			}
2483:Middlewares/Third_Party/FreeRTOS/Source/tasks.c **** 			#endif
2484:Middlewares/Third_Party/FreeRTOS/Source/tasks.c **** 
2485:Middlewares/Third_Party/FreeRTOS/Source/tasks.c **** 			#if( INCLUDE_vTaskDelete == 1 )
2486:Middlewares/Third_Party/FreeRTOS/Source/tasks.c **** 			{
2487:Middlewares/Third_Party/FreeRTOS/Source/tasks.c **** 				if( pxTCB == NULL )
2488:Middlewares/Third_Party/FreeRTOS/Source/tasks.c **** 				{
2489:Middlewares/Third_Party/FreeRTOS/Source/tasks.c **** 					/* Search the deleted list. */
2490:Middlewares/Third_Party/FreeRTOS/Source/tasks.c **** 					pxTCB = prvSearchForNameWithinSingleList( &xTasksWaitingTermination, pcNameToQuery );
2491:Middlewares/Third_Party/FreeRTOS/Source/tasks.c **** 				}
2492:Middlewares/Third_Party/FreeRTOS/Source/tasks.c **** 			}
2493:Middlewares/Third_Party/FreeRTOS/Source/tasks.c **** 			#endif
2494:Middlewares/Third_Party/FreeRTOS/Source/tasks.c **** 		}
2495:Middlewares/Third_Party/FreeRTOS/Source/tasks.c **** 		( void ) xTaskResumeAll();
2496:Middlewares/Third_Party/FreeRTOS/Source/tasks.c **** 
2497:Middlewares/Third_Party/FreeRTOS/Source/tasks.c **** 		return pxTCB;
2498:Middlewares/Third_Party/FreeRTOS/Source/tasks.c **** 	}
2499:Middlewares/Third_Party/FreeRTOS/Source/tasks.c **** 
2500:Middlewares/Third_Party/FreeRTOS/Source/tasks.c **** #endif /* INCLUDE_xTaskGetHandle */
2501:Middlewares/Third_Party/FreeRTOS/Source/tasks.c **** /*-----------------------------------------------------------*/
2502:Middlewares/Third_Party/FreeRTOS/Source/tasks.c **** 
2503:Middlewares/Third_Party/FreeRTOS/Source/tasks.c **** #if ( configUSE_TRACE_FACILITY == 1 )
2504:Middlewares/Third_Party/FreeRTOS/Source/tasks.c **** 
2505:Middlewares/Third_Party/FreeRTOS/Source/tasks.c **** 	UBaseType_t uxTaskGetSystemState( TaskStatus_t * const pxTaskStatusArray, const UBaseType_t uxArra
2506:Middlewares/Third_Party/FreeRTOS/Source/tasks.c **** 	{
2507:Middlewares/Third_Party/FreeRTOS/Source/tasks.c **** 	UBaseType_t uxTask = 0, uxQueue = configMAX_PRIORITIES;
2508:Middlewares/Third_Party/FreeRTOS/Source/tasks.c **** 
2509:Middlewares/Third_Party/FreeRTOS/Source/tasks.c **** 		vTaskSuspendAll();
2510:Middlewares/Third_Party/FreeRTOS/Source/tasks.c **** 		{
2511:Middlewares/Third_Party/FreeRTOS/Source/tasks.c **** 			/* Is there a space in the array for each task in the system? */
2512:Middlewares/Third_Party/FreeRTOS/Source/tasks.c **** 			if( uxArraySize >= uxCurrentNumberOfTasks )
2513:Middlewares/Third_Party/FreeRTOS/Source/tasks.c **** 			{
2514:Middlewares/Third_Party/FreeRTOS/Source/tasks.c **** 				/* Fill in an TaskStatus_t structure with information on each
2515:Middlewares/Third_Party/FreeRTOS/Source/tasks.c **** 				task in the Ready state. */
2516:Middlewares/Third_Party/FreeRTOS/Source/tasks.c **** 				do
2517:Middlewares/Third_Party/FreeRTOS/Source/tasks.c **** 				{
2518:Middlewares/Third_Party/FreeRTOS/Source/tasks.c **** 					uxQueue--;
2519:Middlewares/Third_Party/FreeRTOS/Source/tasks.c **** 					uxTask += prvListTasksWithinSingleList( &( pxTaskStatusArray[ uxTask ] ), &( pxReadyTasksLists
2520:Middlewares/Third_Party/FreeRTOS/Source/tasks.c **** 
2521:Middlewares/Third_Party/FreeRTOS/Source/tasks.c **** 				} while( uxQueue > ( UBaseType_t ) tskIDLE_PRIORITY ); /*lint !e961 MISRA exception as the cast
2522:Middlewares/Third_Party/FreeRTOS/Source/tasks.c **** 
2523:Middlewares/Third_Party/FreeRTOS/Source/tasks.c **** 				/* Fill in an TaskStatus_t structure with information on each
ARM GAS  D:\TMP\ccFCmCnH.s 			page 51


2524:Middlewares/Third_Party/FreeRTOS/Source/tasks.c **** 				task in the Blocked state. */
2525:Middlewares/Third_Party/FreeRTOS/Source/tasks.c **** 				uxTask += prvListTasksWithinSingleList( &( pxTaskStatusArray[ uxTask ] ), ( List_t * ) pxDelaye
2526:Middlewares/Third_Party/FreeRTOS/Source/tasks.c **** 				uxTask += prvListTasksWithinSingleList( &( pxTaskStatusArray[ uxTask ] ), ( List_t * ) pxOverfl
2527:Middlewares/Third_Party/FreeRTOS/Source/tasks.c **** 
2528:Middlewares/Third_Party/FreeRTOS/Source/tasks.c **** 				#if( INCLUDE_vTaskDelete == 1 )
2529:Middlewares/Third_Party/FreeRTOS/Source/tasks.c **** 				{
2530:Middlewares/Third_Party/FreeRTOS/Source/tasks.c **** 					/* Fill in an TaskStatus_t structure with information on
2531:Middlewares/Third_Party/FreeRTOS/Source/tasks.c **** 					each task that has been deleted but not yet cleaned up. */
2532:Middlewares/Third_Party/FreeRTOS/Source/tasks.c **** 					uxTask += prvListTasksWithinSingleList( &( pxTaskStatusArray[ uxTask ] ), &xTasksWaitingTermin
2533:Middlewares/Third_Party/FreeRTOS/Source/tasks.c **** 				}
2534:Middlewares/Third_Party/FreeRTOS/Source/tasks.c **** 				#endif
2535:Middlewares/Third_Party/FreeRTOS/Source/tasks.c **** 
2536:Middlewares/Third_Party/FreeRTOS/Source/tasks.c **** 				#if ( INCLUDE_vTaskSuspend == 1 )
2537:Middlewares/Third_Party/FreeRTOS/Source/tasks.c **** 				{
2538:Middlewares/Third_Party/FreeRTOS/Source/tasks.c **** 					/* Fill in an TaskStatus_t structure with information on
2539:Middlewares/Third_Party/FreeRTOS/Source/tasks.c **** 					each task in the Suspended state. */
2540:Middlewares/Third_Party/FreeRTOS/Source/tasks.c **** 					uxTask += prvListTasksWithinSingleList( &( pxTaskStatusArray[ uxTask ] ), &xSuspendedTaskList,
2541:Middlewares/Third_Party/FreeRTOS/Source/tasks.c **** 				}
2542:Middlewares/Third_Party/FreeRTOS/Source/tasks.c **** 				#endif
2543:Middlewares/Third_Party/FreeRTOS/Source/tasks.c **** 
2544:Middlewares/Third_Party/FreeRTOS/Source/tasks.c **** 				#if ( configGENERATE_RUN_TIME_STATS == 1)
2545:Middlewares/Third_Party/FreeRTOS/Source/tasks.c **** 				{
2546:Middlewares/Third_Party/FreeRTOS/Source/tasks.c **** 					if( pulTotalRunTime != NULL )
2547:Middlewares/Third_Party/FreeRTOS/Source/tasks.c **** 					{
2548:Middlewares/Third_Party/FreeRTOS/Source/tasks.c **** 						#ifdef portALT_GET_RUN_TIME_COUNTER_VALUE
2549:Middlewares/Third_Party/FreeRTOS/Source/tasks.c **** 							portALT_GET_RUN_TIME_COUNTER_VALUE( ( *pulTotalRunTime ) );
2550:Middlewares/Third_Party/FreeRTOS/Source/tasks.c **** 						#else
2551:Middlewares/Third_Party/FreeRTOS/Source/tasks.c **** 							*pulTotalRunTime = portGET_RUN_TIME_COUNTER_VALUE();
2552:Middlewares/Third_Party/FreeRTOS/Source/tasks.c **** 						#endif
2553:Middlewares/Third_Party/FreeRTOS/Source/tasks.c **** 					}
2554:Middlewares/Third_Party/FreeRTOS/Source/tasks.c **** 				}
2555:Middlewares/Third_Party/FreeRTOS/Source/tasks.c **** 				#else
2556:Middlewares/Third_Party/FreeRTOS/Source/tasks.c **** 				{
2557:Middlewares/Third_Party/FreeRTOS/Source/tasks.c **** 					if( pulTotalRunTime != NULL )
2558:Middlewares/Third_Party/FreeRTOS/Source/tasks.c **** 					{
2559:Middlewares/Third_Party/FreeRTOS/Source/tasks.c **** 						*pulTotalRunTime = 0;
2560:Middlewares/Third_Party/FreeRTOS/Source/tasks.c **** 					}
2561:Middlewares/Third_Party/FreeRTOS/Source/tasks.c **** 				}
2562:Middlewares/Third_Party/FreeRTOS/Source/tasks.c **** 				#endif
2563:Middlewares/Third_Party/FreeRTOS/Source/tasks.c **** 			}
2564:Middlewares/Third_Party/FreeRTOS/Source/tasks.c **** 			else
2565:Middlewares/Third_Party/FreeRTOS/Source/tasks.c **** 			{
2566:Middlewares/Third_Party/FreeRTOS/Source/tasks.c **** 				mtCOVERAGE_TEST_MARKER();
2567:Middlewares/Third_Party/FreeRTOS/Source/tasks.c **** 			}
2568:Middlewares/Third_Party/FreeRTOS/Source/tasks.c **** 		}
2569:Middlewares/Third_Party/FreeRTOS/Source/tasks.c **** 		( void ) xTaskResumeAll();
2570:Middlewares/Third_Party/FreeRTOS/Source/tasks.c **** 
2571:Middlewares/Third_Party/FreeRTOS/Source/tasks.c **** 		return uxTask;
2572:Middlewares/Third_Party/FreeRTOS/Source/tasks.c **** 	}
2573:Middlewares/Third_Party/FreeRTOS/Source/tasks.c **** 
2574:Middlewares/Third_Party/FreeRTOS/Source/tasks.c **** #endif /* configUSE_TRACE_FACILITY */
2575:Middlewares/Third_Party/FreeRTOS/Source/tasks.c **** /*----------------------------------------------------------*/
2576:Middlewares/Third_Party/FreeRTOS/Source/tasks.c **** 
2577:Middlewares/Third_Party/FreeRTOS/Source/tasks.c **** #if ( INCLUDE_xTaskGetIdleTaskHandle == 1 )
2578:Middlewares/Third_Party/FreeRTOS/Source/tasks.c **** 
2579:Middlewares/Third_Party/FreeRTOS/Source/tasks.c **** 	TaskHandle_t xTaskGetIdleTaskHandle( void )
2580:Middlewares/Third_Party/FreeRTOS/Source/tasks.c **** 	{
ARM GAS  D:\TMP\ccFCmCnH.s 			page 52


2581:Middlewares/Third_Party/FreeRTOS/Source/tasks.c **** 		/* If xTaskGetIdleTaskHandle() is called before the scheduler has been
2582:Middlewares/Third_Party/FreeRTOS/Source/tasks.c **** 		started, then xIdleTaskHandle will be NULL. */
2583:Middlewares/Third_Party/FreeRTOS/Source/tasks.c **** 		configASSERT( ( xIdleTaskHandle != NULL ) );
2584:Middlewares/Third_Party/FreeRTOS/Source/tasks.c **** 		return xIdleTaskHandle;
2585:Middlewares/Third_Party/FreeRTOS/Source/tasks.c **** 	}
2586:Middlewares/Third_Party/FreeRTOS/Source/tasks.c **** 
2587:Middlewares/Third_Party/FreeRTOS/Source/tasks.c **** #endif /* INCLUDE_xTaskGetIdleTaskHandle */
2588:Middlewares/Third_Party/FreeRTOS/Source/tasks.c **** /*----------------------------------------------------------*/
2589:Middlewares/Third_Party/FreeRTOS/Source/tasks.c **** 
2590:Middlewares/Third_Party/FreeRTOS/Source/tasks.c **** /* This conditional compilation should use inequality to 0, not equality to 1.
2591:Middlewares/Third_Party/FreeRTOS/Source/tasks.c **** This is to ensure vTaskStepTick() is available when user defined low power mode
2592:Middlewares/Third_Party/FreeRTOS/Source/tasks.c **** implementations require configUSE_TICKLESS_IDLE to be set to a value other than
2593:Middlewares/Third_Party/FreeRTOS/Source/tasks.c **** 1. */
2594:Middlewares/Third_Party/FreeRTOS/Source/tasks.c **** #if ( configUSE_TICKLESS_IDLE != 0 )
2595:Middlewares/Third_Party/FreeRTOS/Source/tasks.c **** 
2596:Middlewares/Third_Party/FreeRTOS/Source/tasks.c **** 	void vTaskStepTick( const TickType_t xTicksToJump )
2597:Middlewares/Third_Party/FreeRTOS/Source/tasks.c **** 	{
2598:Middlewares/Third_Party/FreeRTOS/Source/tasks.c **** 		/* Correct the tick count value after a period during which the tick
2599:Middlewares/Third_Party/FreeRTOS/Source/tasks.c **** 		was suppressed.  Note this does *not* call the tick hook function for
2600:Middlewares/Third_Party/FreeRTOS/Source/tasks.c **** 		each stepped tick. */
2601:Middlewares/Third_Party/FreeRTOS/Source/tasks.c **** 		configASSERT( ( xTickCount + xTicksToJump ) <= xNextTaskUnblockTime );
2602:Middlewares/Third_Party/FreeRTOS/Source/tasks.c **** 		xTickCount += xTicksToJump;
2603:Middlewares/Third_Party/FreeRTOS/Source/tasks.c **** 		traceINCREASE_TICK_COUNT( xTicksToJump );
2604:Middlewares/Third_Party/FreeRTOS/Source/tasks.c **** 	}
2605:Middlewares/Third_Party/FreeRTOS/Source/tasks.c **** 
2606:Middlewares/Third_Party/FreeRTOS/Source/tasks.c **** #endif /* configUSE_TICKLESS_IDLE */
2607:Middlewares/Third_Party/FreeRTOS/Source/tasks.c **** /*----------------------------------------------------------*/
2608:Middlewares/Third_Party/FreeRTOS/Source/tasks.c **** 
2609:Middlewares/Third_Party/FreeRTOS/Source/tasks.c **** BaseType_t xTaskCatchUpTicks( TickType_t xTicksToCatchUp )
2610:Middlewares/Third_Party/FreeRTOS/Source/tasks.c **** {
2611:Middlewares/Third_Party/FreeRTOS/Source/tasks.c **** BaseType_t xYieldRequired = pdFALSE;
2612:Middlewares/Third_Party/FreeRTOS/Source/tasks.c **** 
2613:Middlewares/Third_Party/FreeRTOS/Source/tasks.c **** 	/* Must not be called with the scheduler suspended as the implementation
2614:Middlewares/Third_Party/FreeRTOS/Source/tasks.c **** 	relies on xPendedTicks being wound down to 0 in xTaskResumeAll(). */
2615:Middlewares/Third_Party/FreeRTOS/Source/tasks.c **** 	configASSERT( uxSchedulerSuspended == 0 );
2616:Middlewares/Third_Party/FreeRTOS/Source/tasks.c **** 
2617:Middlewares/Third_Party/FreeRTOS/Source/tasks.c **** 	/* Use xPendedTicks to mimic xTicksToCatchUp number of ticks occurring when
2618:Middlewares/Third_Party/FreeRTOS/Source/tasks.c **** 	the scheduler is suspended so the ticks are executed in xTaskResumeAll(). */
2619:Middlewares/Third_Party/FreeRTOS/Source/tasks.c **** 	vTaskSuspendAll();
2620:Middlewares/Third_Party/FreeRTOS/Source/tasks.c **** 	xPendedTicks += xTicksToCatchUp;
2621:Middlewares/Third_Party/FreeRTOS/Source/tasks.c **** 	xYieldRequired = xTaskResumeAll();
2622:Middlewares/Third_Party/FreeRTOS/Source/tasks.c **** 
2623:Middlewares/Third_Party/FreeRTOS/Source/tasks.c **** 	return xYieldRequired;
2624:Middlewares/Third_Party/FreeRTOS/Source/tasks.c **** }
2625:Middlewares/Third_Party/FreeRTOS/Source/tasks.c **** /*----------------------------------------------------------*/
2626:Middlewares/Third_Party/FreeRTOS/Source/tasks.c **** 
2627:Middlewares/Third_Party/FreeRTOS/Source/tasks.c **** #if ( INCLUDE_xTaskAbortDelay == 1 )
2628:Middlewares/Third_Party/FreeRTOS/Source/tasks.c **** 
2629:Middlewares/Third_Party/FreeRTOS/Source/tasks.c **** 	BaseType_t xTaskAbortDelay( TaskHandle_t xTask )
2630:Middlewares/Third_Party/FreeRTOS/Source/tasks.c **** 	{
2631:Middlewares/Third_Party/FreeRTOS/Source/tasks.c **** 	TCB_t *pxTCB = xTask;
2632:Middlewares/Third_Party/FreeRTOS/Source/tasks.c **** 	BaseType_t xReturn;
2633:Middlewares/Third_Party/FreeRTOS/Source/tasks.c **** 
2634:Middlewares/Third_Party/FreeRTOS/Source/tasks.c **** 		configASSERT( pxTCB );
2635:Middlewares/Third_Party/FreeRTOS/Source/tasks.c **** 
2636:Middlewares/Third_Party/FreeRTOS/Source/tasks.c **** 		vTaskSuspendAll();
2637:Middlewares/Third_Party/FreeRTOS/Source/tasks.c **** 		{
ARM GAS  D:\TMP\ccFCmCnH.s 			page 53


2638:Middlewares/Third_Party/FreeRTOS/Source/tasks.c **** 			/* A task can only be prematurely removed from the Blocked state if
2639:Middlewares/Third_Party/FreeRTOS/Source/tasks.c **** 			it is actually in the Blocked state. */
2640:Middlewares/Third_Party/FreeRTOS/Source/tasks.c **** 			if( eTaskGetState( xTask ) == eBlocked )
2641:Middlewares/Third_Party/FreeRTOS/Source/tasks.c **** 			{
2642:Middlewares/Third_Party/FreeRTOS/Source/tasks.c **** 				xReturn = pdPASS;
2643:Middlewares/Third_Party/FreeRTOS/Source/tasks.c **** 
2644:Middlewares/Third_Party/FreeRTOS/Source/tasks.c **** 				/* Remove the reference to the task from the blocked list.  An
2645:Middlewares/Third_Party/FreeRTOS/Source/tasks.c **** 				interrupt won't touch the xStateListItem because the
2646:Middlewares/Third_Party/FreeRTOS/Source/tasks.c **** 				scheduler is suspended. */
2647:Middlewares/Third_Party/FreeRTOS/Source/tasks.c **** 				( void ) uxListRemove( &( pxTCB->xStateListItem ) );
2648:Middlewares/Third_Party/FreeRTOS/Source/tasks.c **** 
2649:Middlewares/Third_Party/FreeRTOS/Source/tasks.c **** 				/* Is the task waiting on an event also?  If so remove it from
2650:Middlewares/Third_Party/FreeRTOS/Source/tasks.c **** 				the event list too.  Interrupts can touch the event list item,
2651:Middlewares/Third_Party/FreeRTOS/Source/tasks.c **** 				even though the scheduler is suspended, so a critical section
2652:Middlewares/Third_Party/FreeRTOS/Source/tasks.c **** 				is used. */
2653:Middlewares/Third_Party/FreeRTOS/Source/tasks.c **** 				taskENTER_CRITICAL();
2654:Middlewares/Third_Party/FreeRTOS/Source/tasks.c **** 				{
2655:Middlewares/Third_Party/FreeRTOS/Source/tasks.c **** 					if( listLIST_ITEM_CONTAINER( &( pxTCB->xEventListItem ) ) != NULL )
2656:Middlewares/Third_Party/FreeRTOS/Source/tasks.c **** 					{
2657:Middlewares/Third_Party/FreeRTOS/Source/tasks.c **** 						( void ) uxListRemove( &( pxTCB->xEventListItem ) );
2658:Middlewares/Third_Party/FreeRTOS/Source/tasks.c **** 
2659:Middlewares/Third_Party/FreeRTOS/Source/tasks.c **** 						/* This lets the task know it was forcibly removed from the
2660:Middlewares/Third_Party/FreeRTOS/Source/tasks.c **** 						blocked state so it should not re-evaluate its block time and
2661:Middlewares/Third_Party/FreeRTOS/Source/tasks.c **** 						then block again. */
2662:Middlewares/Third_Party/FreeRTOS/Source/tasks.c **** 						pxTCB->ucDelayAborted = pdTRUE;
2663:Middlewares/Third_Party/FreeRTOS/Source/tasks.c **** 					}
2664:Middlewares/Third_Party/FreeRTOS/Source/tasks.c **** 					else
2665:Middlewares/Third_Party/FreeRTOS/Source/tasks.c **** 					{
2666:Middlewares/Third_Party/FreeRTOS/Source/tasks.c **** 						mtCOVERAGE_TEST_MARKER();
2667:Middlewares/Third_Party/FreeRTOS/Source/tasks.c **** 					}
2668:Middlewares/Third_Party/FreeRTOS/Source/tasks.c **** 				}
2669:Middlewares/Third_Party/FreeRTOS/Source/tasks.c **** 				taskEXIT_CRITICAL();
2670:Middlewares/Third_Party/FreeRTOS/Source/tasks.c **** 
2671:Middlewares/Third_Party/FreeRTOS/Source/tasks.c **** 				/* Place the unblocked task into the appropriate ready list. */
2672:Middlewares/Third_Party/FreeRTOS/Source/tasks.c **** 				prvAddTaskToReadyList( pxTCB );
2673:Middlewares/Third_Party/FreeRTOS/Source/tasks.c **** 
2674:Middlewares/Third_Party/FreeRTOS/Source/tasks.c **** 				/* A task being unblocked cannot cause an immediate context
2675:Middlewares/Third_Party/FreeRTOS/Source/tasks.c **** 				switch if preemption is turned off. */
2676:Middlewares/Third_Party/FreeRTOS/Source/tasks.c **** 				#if (  configUSE_PREEMPTION == 1 )
2677:Middlewares/Third_Party/FreeRTOS/Source/tasks.c **** 				{
2678:Middlewares/Third_Party/FreeRTOS/Source/tasks.c **** 					/* Preemption is on, but a context switch should only be
2679:Middlewares/Third_Party/FreeRTOS/Source/tasks.c **** 					performed if the unblocked task has a priority that is
2680:Middlewares/Third_Party/FreeRTOS/Source/tasks.c **** 					equal to or higher than the currently executing task. */
2681:Middlewares/Third_Party/FreeRTOS/Source/tasks.c **** 					if( pxTCB->uxPriority > pxCurrentTCB->uxPriority )
2682:Middlewares/Third_Party/FreeRTOS/Source/tasks.c **** 					{
2683:Middlewares/Third_Party/FreeRTOS/Source/tasks.c **** 						/* Pend the yield to be performed when the scheduler
2684:Middlewares/Third_Party/FreeRTOS/Source/tasks.c **** 						is unsuspended. */
2685:Middlewares/Third_Party/FreeRTOS/Source/tasks.c **** 						xYieldPending = pdTRUE;
2686:Middlewares/Third_Party/FreeRTOS/Source/tasks.c **** 					}
2687:Middlewares/Third_Party/FreeRTOS/Source/tasks.c **** 					else
2688:Middlewares/Third_Party/FreeRTOS/Source/tasks.c **** 					{
2689:Middlewares/Third_Party/FreeRTOS/Source/tasks.c **** 						mtCOVERAGE_TEST_MARKER();
2690:Middlewares/Third_Party/FreeRTOS/Source/tasks.c **** 					}
2691:Middlewares/Third_Party/FreeRTOS/Source/tasks.c **** 				}
2692:Middlewares/Third_Party/FreeRTOS/Source/tasks.c **** 				#endif /* configUSE_PREEMPTION */
2693:Middlewares/Third_Party/FreeRTOS/Source/tasks.c **** 			}
2694:Middlewares/Third_Party/FreeRTOS/Source/tasks.c **** 			else
ARM GAS  D:\TMP\ccFCmCnH.s 			page 54


2695:Middlewares/Third_Party/FreeRTOS/Source/tasks.c **** 			{
2696:Middlewares/Third_Party/FreeRTOS/Source/tasks.c **** 				xReturn = pdFAIL;
2697:Middlewares/Third_Party/FreeRTOS/Source/tasks.c **** 			}
2698:Middlewares/Third_Party/FreeRTOS/Source/tasks.c **** 		}
2699:Middlewares/Third_Party/FreeRTOS/Source/tasks.c **** 		( void ) xTaskResumeAll();
2700:Middlewares/Third_Party/FreeRTOS/Source/tasks.c **** 
2701:Middlewares/Third_Party/FreeRTOS/Source/tasks.c **** 		return xReturn;
2702:Middlewares/Third_Party/FreeRTOS/Source/tasks.c **** 	}
2703:Middlewares/Third_Party/FreeRTOS/Source/tasks.c **** 
2704:Middlewares/Third_Party/FreeRTOS/Source/tasks.c **** #endif /* INCLUDE_xTaskAbortDelay */
2705:Middlewares/Third_Party/FreeRTOS/Source/tasks.c **** /*----------------------------------------------------------*/
2706:Middlewares/Third_Party/FreeRTOS/Source/tasks.c **** 
2707:Middlewares/Third_Party/FreeRTOS/Source/tasks.c **** BaseType_t xTaskIncrementTick( void )
2708:Middlewares/Third_Party/FreeRTOS/Source/tasks.c **** {
2709:Middlewares/Third_Party/FreeRTOS/Source/tasks.c **** TCB_t * pxTCB;
2710:Middlewares/Third_Party/FreeRTOS/Source/tasks.c **** TickType_t xItemValue;
2711:Middlewares/Third_Party/FreeRTOS/Source/tasks.c **** BaseType_t xSwitchRequired = pdFALSE;
2712:Middlewares/Third_Party/FreeRTOS/Source/tasks.c **** 
2713:Middlewares/Third_Party/FreeRTOS/Source/tasks.c **** 	/* Called by the portable layer each time a tick interrupt occurs.
2714:Middlewares/Third_Party/FreeRTOS/Source/tasks.c **** 	Increments the tick then checks to see if the new tick value will cause any
2715:Middlewares/Third_Party/FreeRTOS/Source/tasks.c **** 	tasks to be unblocked. */
2716:Middlewares/Third_Party/FreeRTOS/Source/tasks.c **** 	traceTASK_INCREMENT_TICK( xTickCount );
2717:Middlewares/Third_Party/FreeRTOS/Source/tasks.c **** 	if( uxSchedulerSuspended == ( UBaseType_t ) pdFALSE )
2718:Middlewares/Third_Party/FreeRTOS/Source/tasks.c **** 	{
2719:Middlewares/Third_Party/FreeRTOS/Source/tasks.c **** 		/* Minor optimisation.  The tick count cannot change in this
2720:Middlewares/Third_Party/FreeRTOS/Source/tasks.c **** 		block. */
2721:Middlewares/Third_Party/FreeRTOS/Source/tasks.c **** 		const TickType_t xConstTickCount = xTickCount + ( TickType_t ) 1;
2722:Middlewares/Third_Party/FreeRTOS/Source/tasks.c **** 
2723:Middlewares/Third_Party/FreeRTOS/Source/tasks.c **** 		/* Increment the RTOS tick, switching the delayed and overflowed
2724:Middlewares/Third_Party/FreeRTOS/Source/tasks.c **** 		delayed lists if it wraps to 0. */
2725:Middlewares/Third_Party/FreeRTOS/Source/tasks.c **** 		xTickCount = xConstTickCount;
2726:Middlewares/Third_Party/FreeRTOS/Source/tasks.c **** 
2727:Middlewares/Third_Party/FreeRTOS/Source/tasks.c **** 		if( xConstTickCount == ( TickType_t ) 0U ) /*lint !e774 'if' does not always evaluate to false as
2728:Middlewares/Third_Party/FreeRTOS/Source/tasks.c **** 		{
2729:Middlewares/Third_Party/FreeRTOS/Source/tasks.c **** 			taskSWITCH_DELAYED_LISTS();
2730:Middlewares/Third_Party/FreeRTOS/Source/tasks.c **** 		}
2731:Middlewares/Third_Party/FreeRTOS/Source/tasks.c **** 		else
2732:Middlewares/Third_Party/FreeRTOS/Source/tasks.c **** 		{
2733:Middlewares/Third_Party/FreeRTOS/Source/tasks.c **** 			mtCOVERAGE_TEST_MARKER();
2734:Middlewares/Third_Party/FreeRTOS/Source/tasks.c **** 		}
2735:Middlewares/Third_Party/FreeRTOS/Source/tasks.c **** 
2736:Middlewares/Third_Party/FreeRTOS/Source/tasks.c **** 		/* See if this tick has made a timeout expire.  Tasks are stored in
2737:Middlewares/Third_Party/FreeRTOS/Source/tasks.c **** 		the	queue in the order of their wake time - meaning once one task
2738:Middlewares/Third_Party/FreeRTOS/Source/tasks.c **** 		has been found whose block time has not expired there is no need to
2739:Middlewares/Third_Party/FreeRTOS/Source/tasks.c **** 		look any further down the list. */
2740:Middlewares/Third_Party/FreeRTOS/Source/tasks.c **** 		if( xConstTickCount >= xNextTaskUnblockTime )
2741:Middlewares/Third_Party/FreeRTOS/Source/tasks.c **** 		{
2742:Middlewares/Third_Party/FreeRTOS/Source/tasks.c **** 			for( ;; )
2743:Middlewares/Third_Party/FreeRTOS/Source/tasks.c **** 			{
2744:Middlewares/Third_Party/FreeRTOS/Source/tasks.c **** 				if( listLIST_IS_EMPTY( pxDelayedTaskList ) != pdFALSE )
2745:Middlewares/Third_Party/FreeRTOS/Source/tasks.c **** 				{
2746:Middlewares/Third_Party/FreeRTOS/Source/tasks.c **** 					/* The delayed list is empty.  Set xNextTaskUnblockTime
2747:Middlewares/Third_Party/FreeRTOS/Source/tasks.c **** 					to the maximum possible value so it is extremely
2748:Middlewares/Third_Party/FreeRTOS/Source/tasks.c **** 					unlikely that the
2749:Middlewares/Third_Party/FreeRTOS/Source/tasks.c **** 					if( xTickCount >= xNextTaskUnblockTime ) test will pass
2750:Middlewares/Third_Party/FreeRTOS/Source/tasks.c **** 					next time through. */
2751:Middlewares/Third_Party/FreeRTOS/Source/tasks.c **** 					xNextTaskUnblockTime = portMAX_DELAY; /*lint !e961 MISRA exception as the casts are only redun
ARM GAS  D:\TMP\ccFCmCnH.s 			page 55


2752:Middlewares/Third_Party/FreeRTOS/Source/tasks.c **** 					break;
2753:Middlewares/Third_Party/FreeRTOS/Source/tasks.c **** 				}
2754:Middlewares/Third_Party/FreeRTOS/Source/tasks.c **** 				else
2755:Middlewares/Third_Party/FreeRTOS/Source/tasks.c **** 				{
2756:Middlewares/Third_Party/FreeRTOS/Source/tasks.c **** 					/* The delayed list is not empty, get the value of the
2757:Middlewares/Third_Party/FreeRTOS/Source/tasks.c **** 					item at the head of the delayed list.  This is the time
2758:Middlewares/Third_Party/FreeRTOS/Source/tasks.c **** 					at which the task at the head of the delayed list must
2759:Middlewares/Third_Party/FreeRTOS/Source/tasks.c **** 					be removed from the Blocked state. */
2760:Middlewares/Third_Party/FreeRTOS/Source/tasks.c **** 					pxTCB = listGET_OWNER_OF_HEAD_ENTRY( pxDelayedTaskList ); /*lint !e9079 void * is used as this
2761:Middlewares/Third_Party/FreeRTOS/Source/tasks.c **** 					xItemValue = listGET_LIST_ITEM_VALUE( &( pxTCB->xStateListItem ) );
2762:Middlewares/Third_Party/FreeRTOS/Source/tasks.c **** 
2763:Middlewares/Third_Party/FreeRTOS/Source/tasks.c **** 					if( xConstTickCount < xItemValue )
2764:Middlewares/Third_Party/FreeRTOS/Source/tasks.c **** 					{
2765:Middlewares/Third_Party/FreeRTOS/Source/tasks.c **** 						/* It is not time to unblock this item yet, but the
2766:Middlewares/Third_Party/FreeRTOS/Source/tasks.c **** 						item value is the time at which the task at the head
2767:Middlewares/Third_Party/FreeRTOS/Source/tasks.c **** 						of the blocked list must be removed from the Blocked
2768:Middlewares/Third_Party/FreeRTOS/Source/tasks.c **** 						state -	so record the item value in
2769:Middlewares/Third_Party/FreeRTOS/Source/tasks.c **** 						xNextTaskUnblockTime. */
2770:Middlewares/Third_Party/FreeRTOS/Source/tasks.c **** 						xNextTaskUnblockTime = xItemValue;
2771:Middlewares/Third_Party/FreeRTOS/Source/tasks.c **** 						break; /*lint !e9011 Code structure here is deedmed easier to understand with multiple breaks
2772:Middlewares/Third_Party/FreeRTOS/Source/tasks.c **** 					}
2773:Middlewares/Third_Party/FreeRTOS/Source/tasks.c **** 					else
2774:Middlewares/Third_Party/FreeRTOS/Source/tasks.c **** 					{
2775:Middlewares/Third_Party/FreeRTOS/Source/tasks.c **** 						mtCOVERAGE_TEST_MARKER();
2776:Middlewares/Third_Party/FreeRTOS/Source/tasks.c **** 					}
2777:Middlewares/Third_Party/FreeRTOS/Source/tasks.c **** 
2778:Middlewares/Third_Party/FreeRTOS/Source/tasks.c **** 					/* It is time to remove the item from the Blocked state. */
2779:Middlewares/Third_Party/FreeRTOS/Source/tasks.c **** 					( void ) uxListRemove( &( pxTCB->xStateListItem ) );
2780:Middlewares/Third_Party/FreeRTOS/Source/tasks.c **** 
2781:Middlewares/Third_Party/FreeRTOS/Source/tasks.c **** 					/* Is the task waiting on an event also?  If so remove
2782:Middlewares/Third_Party/FreeRTOS/Source/tasks.c **** 					it from the event list. */
2783:Middlewares/Third_Party/FreeRTOS/Source/tasks.c **** 					if( listLIST_ITEM_CONTAINER( &( pxTCB->xEventListItem ) ) != NULL )
2784:Middlewares/Third_Party/FreeRTOS/Source/tasks.c **** 					{
2785:Middlewares/Third_Party/FreeRTOS/Source/tasks.c **** 						( void ) uxListRemove( &( pxTCB->xEventListItem ) );
2786:Middlewares/Third_Party/FreeRTOS/Source/tasks.c **** 					}
2787:Middlewares/Third_Party/FreeRTOS/Source/tasks.c **** 					else
2788:Middlewares/Third_Party/FreeRTOS/Source/tasks.c **** 					{
2789:Middlewares/Third_Party/FreeRTOS/Source/tasks.c **** 						mtCOVERAGE_TEST_MARKER();
2790:Middlewares/Third_Party/FreeRTOS/Source/tasks.c **** 					}
2791:Middlewares/Third_Party/FreeRTOS/Source/tasks.c **** 
2792:Middlewares/Third_Party/FreeRTOS/Source/tasks.c **** 					/* Place the unblocked task into the appropriate ready
2793:Middlewares/Third_Party/FreeRTOS/Source/tasks.c **** 					list. */
2794:Middlewares/Third_Party/FreeRTOS/Source/tasks.c **** 					prvAddTaskToReadyList( pxTCB );
2795:Middlewares/Third_Party/FreeRTOS/Source/tasks.c **** 
2796:Middlewares/Third_Party/FreeRTOS/Source/tasks.c **** 					/* A task being unblocked cannot cause an immediate
2797:Middlewares/Third_Party/FreeRTOS/Source/tasks.c **** 					context switch if preemption is turned off. */
2798:Middlewares/Third_Party/FreeRTOS/Source/tasks.c **** 					#if (  configUSE_PREEMPTION == 1 )
2799:Middlewares/Third_Party/FreeRTOS/Source/tasks.c **** 					{
2800:Middlewares/Third_Party/FreeRTOS/Source/tasks.c **** 						/* Preemption is on, but a context switch should
2801:Middlewares/Third_Party/FreeRTOS/Source/tasks.c **** 						only be performed if the unblocked task has a
2802:Middlewares/Third_Party/FreeRTOS/Source/tasks.c **** 						priority that is equal to or higher than the
2803:Middlewares/Third_Party/FreeRTOS/Source/tasks.c **** 						currently executing task. */
2804:Middlewares/Third_Party/FreeRTOS/Source/tasks.c **** 						if( pxTCB->uxPriority >= pxCurrentTCB->uxPriority )
2805:Middlewares/Third_Party/FreeRTOS/Source/tasks.c **** 						{
2806:Middlewares/Third_Party/FreeRTOS/Source/tasks.c **** 							xSwitchRequired = pdTRUE;
2807:Middlewares/Third_Party/FreeRTOS/Source/tasks.c **** 						}
2808:Middlewares/Third_Party/FreeRTOS/Source/tasks.c **** 						else
ARM GAS  D:\TMP\ccFCmCnH.s 			page 56


2809:Middlewares/Third_Party/FreeRTOS/Source/tasks.c **** 						{
2810:Middlewares/Third_Party/FreeRTOS/Source/tasks.c **** 							mtCOVERAGE_TEST_MARKER();
2811:Middlewares/Third_Party/FreeRTOS/Source/tasks.c **** 						}
2812:Middlewares/Third_Party/FreeRTOS/Source/tasks.c **** 					}
2813:Middlewares/Third_Party/FreeRTOS/Source/tasks.c **** 					#endif /* configUSE_PREEMPTION */
2814:Middlewares/Third_Party/FreeRTOS/Source/tasks.c **** 				}
2815:Middlewares/Third_Party/FreeRTOS/Source/tasks.c **** 			}
2816:Middlewares/Third_Party/FreeRTOS/Source/tasks.c **** 		}
2817:Middlewares/Third_Party/FreeRTOS/Source/tasks.c **** 
2818:Middlewares/Third_Party/FreeRTOS/Source/tasks.c **** 		/* Tasks of equal priority to the currently running task will share
2819:Middlewares/Third_Party/FreeRTOS/Source/tasks.c **** 		processing time (time slice) if preemption is on, and the application
2820:Middlewares/Third_Party/FreeRTOS/Source/tasks.c **** 		writer has not explicitly turned time slicing off. */
2821:Middlewares/Third_Party/FreeRTOS/Source/tasks.c **** 		#if ( ( configUSE_PREEMPTION == 1 ) && ( configUSE_TIME_SLICING == 1 ) )
2822:Middlewares/Third_Party/FreeRTOS/Source/tasks.c **** 		{
2823:Middlewares/Third_Party/FreeRTOS/Source/tasks.c **** 			if( listCURRENT_LIST_LENGTH( &( pxReadyTasksLists[ pxCurrentTCB->uxPriority ] ) ) > ( UBaseType_
2824:Middlewares/Third_Party/FreeRTOS/Source/tasks.c **** 			{
2825:Middlewares/Third_Party/FreeRTOS/Source/tasks.c **** 				xSwitchRequired = pdTRUE;
2826:Middlewares/Third_Party/FreeRTOS/Source/tasks.c **** 			}
2827:Middlewares/Third_Party/FreeRTOS/Source/tasks.c **** 			else
2828:Middlewares/Third_Party/FreeRTOS/Source/tasks.c **** 			{
2829:Middlewares/Third_Party/FreeRTOS/Source/tasks.c **** 				mtCOVERAGE_TEST_MARKER();
2830:Middlewares/Third_Party/FreeRTOS/Source/tasks.c **** 			}
2831:Middlewares/Third_Party/FreeRTOS/Source/tasks.c **** 		}
2832:Middlewares/Third_Party/FreeRTOS/Source/tasks.c **** 		#endif /* ( ( configUSE_PREEMPTION == 1 ) && ( configUSE_TIME_SLICING == 1 ) ) */
2833:Middlewares/Third_Party/FreeRTOS/Source/tasks.c **** 
2834:Middlewares/Third_Party/FreeRTOS/Source/tasks.c **** 		#if ( configUSE_TICK_HOOK == 1 )
2835:Middlewares/Third_Party/FreeRTOS/Source/tasks.c **** 		{
2836:Middlewares/Third_Party/FreeRTOS/Source/tasks.c **** 			/* Guard against the tick hook being called when the pended tick
2837:Middlewares/Third_Party/FreeRTOS/Source/tasks.c **** 			count is being unwound (when the scheduler is being unlocked). */
2838:Middlewares/Third_Party/FreeRTOS/Source/tasks.c **** 			if( xPendedTicks == ( TickType_t ) 0 )
2839:Middlewares/Third_Party/FreeRTOS/Source/tasks.c **** 			{
2840:Middlewares/Third_Party/FreeRTOS/Source/tasks.c **** 				vApplicationTickHook();
2841:Middlewares/Third_Party/FreeRTOS/Source/tasks.c **** 			}
2842:Middlewares/Third_Party/FreeRTOS/Source/tasks.c **** 			else
2843:Middlewares/Third_Party/FreeRTOS/Source/tasks.c **** 			{
2844:Middlewares/Third_Party/FreeRTOS/Source/tasks.c **** 				mtCOVERAGE_TEST_MARKER();
2845:Middlewares/Third_Party/FreeRTOS/Source/tasks.c **** 			}
2846:Middlewares/Third_Party/FreeRTOS/Source/tasks.c **** 		}
2847:Middlewares/Third_Party/FreeRTOS/Source/tasks.c **** 		#endif /* configUSE_TICK_HOOK */
2848:Middlewares/Third_Party/FreeRTOS/Source/tasks.c **** 
2849:Middlewares/Third_Party/FreeRTOS/Source/tasks.c **** 		#if ( configUSE_PREEMPTION == 1 )
2850:Middlewares/Third_Party/FreeRTOS/Source/tasks.c **** 		{
2851:Middlewares/Third_Party/FreeRTOS/Source/tasks.c **** 			if( xYieldPending != pdFALSE )
2852:Middlewares/Third_Party/FreeRTOS/Source/tasks.c **** 			{
2853:Middlewares/Third_Party/FreeRTOS/Source/tasks.c **** 				xSwitchRequired = pdTRUE;
2854:Middlewares/Third_Party/FreeRTOS/Source/tasks.c **** 			}
2855:Middlewares/Third_Party/FreeRTOS/Source/tasks.c **** 			else
2856:Middlewares/Third_Party/FreeRTOS/Source/tasks.c **** 			{
2857:Middlewares/Third_Party/FreeRTOS/Source/tasks.c **** 				mtCOVERAGE_TEST_MARKER();
2858:Middlewares/Third_Party/FreeRTOS/Source/tasks.c **** 			}
2859:Middlewares/Third_Party/FreeRTOS/Source/tasks.c **** 		}
2860:Middlewares/Third_Party/FreeRTOS/Source/tasks.c **** 		#endif /* configUSE_PREEMPTION */
2861:Middlewares/Third_Party/FreeRTOS/Source/tasks.c **** 	}
2862:Middlewares/Third_Party/FreeRTOS/Source/tasks.c **** 	else
2863:Middlewares/Third_Party/FreeRTOS/Source/tasks.c **** 	{
2864:Middlewares/Third_Party/FreeRTOS/Source/tasks.c **** 		++xPendedTicks;
2865:Middlewares/Third_Party/FreeRTOS/Source/tasks.c **** 
ARM GAS  D:\TMP\ccFCmCnH.s 			page 57


2866:Middlewares/Third_Party/FreeRTOS/Source/tasks.c **** 		/* The tick hook gets called at regular intervals, even if the
2867:Middlewares/Third_Party/FreeRTOS/Source/tasks.c **** 		scheduler is locked. */
2868:Middlewares/Third_Party/FreeRTOS/Source/tasks.c **** 		#if ( configUSE_TICK_HOOK == 1 )
2869:Middlewares/Third_Party/FreeRTOS/Source/tasks.c **** 		{
2870:Middlewares/Third_Party/FreeRTOS/Source/tasks.c **** 			vApplicationTickHook();
2871:Middlewares/Third_Party/FreeRTOS/Source/tasks.c **** 		}
2872:Middlewares/Third_Party/FreeRTOS/Source/tasks.c **** 		#endif
2873:Middlewares/Third_Party/FreeRTOS/Source/tasks.c **** 	}
2874:Middlewares/Third_Party/FreeRTOS/Source/tasks.c **** 
2875:Middlewares/Third_Party/FreeRTOS/Source/tasks.c **** 	return xSwitchRequired;
2876:Middlewares/Third_Party/FreeRTOS/Source/tasks.c **** }
2877:Middlewares/Third_Party/FreeRTOS/Source/tasks.c **** /*-----------------------------------------------------------*/
2878:Middlewares/Third_Party/FreeRTOS/Source/tasks.c **** 
2879:Middlewares/Third_Party/FreeRTOS/Source/tasks.c **** #if ( configUSE_APPLICATION_TASK_TAG == 1 )
2880:Middlewares/Third_Party/FreeRTOS/Source/tasks.c **** 
2881:Middlewares/Third_Party/FreeRTOS/Source/tasks.c **** 	void vTaskSetApplicationTaskTag( TaskHandle_t xTask, TaskHookFunction_t pxHookFunction )
2882:Middlewares/Third_Party/FreeRTOS/Source/tasks.c **** 	{
2883:Middlewares/Third_Party/FreeRTOS/Source/tasks.c **** 	TCB_t *xTCB;
2884:Middlewares/Third_Party/FreeRTOS/Source/tasks.c **** 
2885:Middlewares/Third_Party/FreeRTOS/Source/tasks.c **** 		/* If xTask is NULL then it is the task hook of the calling task that is
2886:Middlewares/Third_Party/FreeRTOS/Source/tasks.c **** 		getting set. */
2887:Middlewares/Third_Party/FreeRTOS/Source/tasks.c **** 		if( xTask == NULL )
2888:Middlewares/Third_Party/FreeRTOS/Source/tasks.c **** 		{
2889:Middlewares/Third_Party/FreeRTOS/Source/tasks.c **** 			xTCB = ( TCB_t * ) pxCurrentTCB;
2890:Middlewares/Third_Party/FreeRTOS/Source/tasks.c **** 		}
2891:Middlewares/Third_Party/FreeRTOS/Source/tasks.c **** 		else
2892:Middlewares/Third_Party/FreeRTOS/Source/tasks.c **** 		{
2893:Middlewares/Third_Party/FreeRTOS/Source/tasks.c **** 			xTCB = xTask;
2894:Middlewares/Third_Party/FreeRTOS/Source/tasks.c **** 		}
2895:Middlewares/Third_Party/FreeRTOS/Source/tasks.c **** 
2896:Middlewares/Third_Party/FreeRTOS/Source/tasks.c **** 		/* Save the hook function in the TCB.  A critical section is required as
2897:Middlewares/Third_Party/FreeRTOS/Source/tasks.c **** 		the value can be accessed from an interrupt. */
2898:Middlewares/Third_Party/FreeRTOS/Source/tasks.c **** 		taskENTER_CRITICAL();
2899:Middlewares/Third_Party/FreeRTOS/Source/tasks.c **** 		{
2900:Middlewares/Third_Party/FreeRTOS/Source/tasks.c **** 			xTCB->pxTaskTag = pxHookFunction;
2901:Middlewares/Third_Party/FreeRTOS/Source/tasks.c **** 		}
2902:Middlewares/Third_Party/FreeRTOS/Source/tasks.c **** 		taskEXIT_CRITICAL();
2903:Middlewares/Third_Party/FreeRTOS/Source/tasks.c **** 	}
2904:Middlewares/Third_Party/FreeRTOS/Source/tasks.c **** 
2905:Middlewares/Third_Party/FreeRTOS/Source/tasks.c **** #endif /* configUSE_APPLICATION_TASK_TAG */
2906:Middlewares/Third_Party/FreeRTOS/Source/tasks.c **** /*-----------------------------------------------------------*/
2907:Middlewares/Third_Party/FreeRTOS/Source/tasks.c **** 
2908:Middlewares/Third_Party/FreeRTOS/Source/tasks.c **** #if ( configUSE_APPLICATION_TASK_TAG == 1 )
2909:Middlewares/Third_Party/FreeRTOS/Source/tasks.c **** 
2910:Middlewares/Third_Party/FreeRTOS/Source/tasks.c **** 	TaskHookFunction_t xTaskGetApplicationTaskTag( TaskHandle_t xTask )
2911:Middlewares/Third_Party/FreeRTOS/Source/tasks.c **** 	{
2912:Middlewares/Third_Party/FreeRTOS/Source/tasks.c **** 	TCB_t *pxTCB;
2913:Middlewares/Third_Party/FreeRTOS/Source/tasks.c **** 	TaskHookFunction_t xReturn;
2914:Middlewares/Third_Party/FreeRTOS/Source/tasks.c **** 
2915:Middlewares/Third_Party/FreeRTOS/Source/tasks.c **** 		/* If xTask is NULL then set the calling task's hook. */
2916:Middlewares/Third_Party/FreeRTOS/Source/tasks.c **** 		pxTCB = prvGetTCBFromHandle( xTask );
2917:Middlewares/Third_Party/FreeRTOS/Source/tasks.c **** 
2918:Middlewares/Third_Party/FreeRTOS/Source/tasks.c **** 		/* Save the hook function in the TCB.  A critical section is required as
2919:Middlewares/Third_Party/FreeRTOS/Source/tasks.c **** 		the value can be accessed from an interrupt. */
2920:Middlewares/Third_Party/FreeRTOS/Source/tasks.c **** 		taskENTER_CRITICAL();
2921:Middlewares/Third_Party/FreeRTOS/Source/tasks.c **** 		{
2922:Middlewares/Third_Party/FreeRTOS/Source/tasks.c **** 			xReturn = pxTCB->pxTaskTag;
ARM GAS  D:\TMP\ccFCmCnH.s 			page 58


2923:Middlewares/Third_Party/FreeRTOS/Source/tasks.c **** 		}
2924:Middlewares/Third_Party/FreeRTOS/Source/tasks.c **** 		taskEXIT_CRITICAL();
2925:Middlewares/Third_Party/FreeRTOS/Source/tasks.c **** 
2926:Middlewares/Third_Party/FreeRTOS/Source/tasks.c **** 		return xReturn;
2927:Middlewares/Third_Party/FreeRTOS/Source/tasks.c **** 	}
2928:Middlewares/Third_Party/FreeRTOS/Source/tasks.c **** 
2929:Middlewares/Third_Party/FreeRTOS/Source/tasks.c **** #endif /* configUSE_APPLICATION_TASK_TAG */
2930:Middlewares/Third_Party/FreeRTOS/Source/tasks.c **** /*-----------------------------------------------------------*/
2931:Middlewares/Third_Party/FreeRTOS/Source/tasks.c **** 
2932:Middlewares/Third_Party/FreeRTOS/Source/tasks.c **** #if ( configUSE_APPLICATION_TASK_TAG == 1 )
2933:Middlewares/Third_Party/FreeRTOS/Source/tasks.c **** 
2934:Middlewares/Third_Party/FreeRTOS/Source/tasks.c **** 	TaskHookFunction_t xTaskGetApplicationTaskTagFromISR( TaskHandle_t xTask )
2935:Middlewares/Third_Party/FreeRTOS/Source/tasks.c **** 	{
2936:Middlewares/Third_Party/FreeRTOS/Source/tasks.c **** 	TCB_t *pxTCB;
2937:Middlewares/Third_Party/FreeRTOS/Source/tasks.c **** 	TaskHookFunction_t xReturn;
2938:Middlewares/Third_Party/FreeRTOS/Source/tasks.c **** 	UBaseType_t uxSavedInterruptStatus;
2939:Middlewares/Third_Party/FreeRTOS/Source/tasks.c **** 
2940:Middlewares/Third_Party/FreeRTOS/Source/tasks.c **** 		/* If xTask is NULL then set the calling task's hook. */
2941:Middlewares/Third_Party/FreeRTOS/Source/tasks.c **** 		pxTCB = prvGetTCBFromHandle( xTask );
2942:Middlewares/Third_Party/FreeRTOS/Source/tasks.c **** 
2943:Middlewares/Third_Party/FreeRTOS/Source/tasks.c **** 		/* Save the hook function in the TCB.  A critical section is required as
2944:Middlewares/Third_Party/FreeRTOS/Source/tasks.c **** 		the value can be accessed from an interrupt. */
2945:Middlewares/Third_Party/FreeRTOS/Source/tasks.c **** 		uxSavedInterruptStatus = portSET_INTERRUPT_MASK_FROM_ISR();
2946:Middlewares/Third_Party/FreeRTOS/Source/tasks.c **** 		{
2947:Middlewares/Third_Party/FreeRTOS/Source/tasks.c **** 			xReturn = pxTCB->pxTaskTag;
2948:Middlewares/Third_Party/FreeRTOS/Source/tasks.c **** 		}
2949:Middlewares/Third_Party/FreeRTOS/Source/tasks.c **** 		portCLEAR_INTERRUPT_MASK_FROM_ISR( uxSavedInterruptStatus );
2950:Middlewares/Third_Party/FreeRTOS/Source/tasks.c **** 
2951:Middlewares/Third_Party/FreeRTOS/Source/tasks.c **** 		return xReturn;
2952:Middlewares/Third_Party/FreeRTOS/Source/tasks.c **** 	}
2953:Middlewares/Third_Party/FreeRTOS/Source/tasks.c **** 
2954:Middlewares/Third_Party/FreeRTOS/Source/tasks.c **** #endif /* configUSE_APPLICATION_TASK_TAG */
2955:Middlewares/Third_Party/FreeRTOS/Source/tasks.c **** /*-----------------------------------------------------------*/
2956:Middlewares/Third_Party/FreeRTOS/Source/tasks.c **** 
2957:Middlewares/Third_Party/FreeRTOS/Source/tasks.c **** #if ( configUSE_APPLICATION_TASK_TAG == 1 )
2958:Middlewares/Third_Party/FreeRTOS/Source/tasks.c **** 
2959:Middlewares/Third_Party/FreeRTOS/Source/tasks.c **** 	BaseType_t xTaskCallApplicationTaskHook( TaskHandle_t xTask, void *pvParameter )
2960:Middlewares/Third_Party/FreeRTOS/Source/tasks.c **** 	{
2961:Middlewares/Third_Party/FreeRTOS/Source/tasks.c **** 	TCB_t *xTCB;
2962:Middlewares/Third_Party/FreeRTOS/Source/tasks.c **** 	BaseType_t xReturn;
2963:Middlewares/Third_Party/FreeRTOS/Source/tasks.c **** 
2964:Middlewares/Third_Party/FreeRTOS/Source/tasks.c **** 		/* If xTask is NULL then we are calling our own task hook. */
2965:Middlewares/Third_Party/FreeRTOS/Source/tasks.c **** 		if( xTask == NULL )
2966:Middlewares/Third_Party/FreeRTOS/Source/tasks.c **** 		{
2967:Middlewares/Third_Party/FreeRTOS/Source/tasks.c **** 			xTCB = pxCurrentTCB;
2968:Middlewares/Third_Party/FreeRTOS/Source/tasks.c **** 		}
2969:Middlewares/Third_Party/FreeRTOS/Source/tasks.c **** 		else
2970:Middlewares/Third_Party/FreeRTOS/Source/tasks.c **** 		{
2971:Middlewares/Third_Party/FreeRTOS/Source/tasks.c **** 			xTCB = xTask;
2972:Middlewares/Third_Party/FreeRTOS/Source/tasks.c **** 		}
2973:Middlewares/Third_Party/FreeRTOS/Source/tasks.c **** 
2974:Middlewares/Third_Party/FreeRTOS/Source/tasks.c **** 		if( xTCB->pxTaskTag != NULL )
2975:Middlewares/Third_Party/FreeRTOS/Source/tasks.c **** 		{
2976:Middlewares/Third_Party/FreeRTOS/Source/tasks.c **** 			xReturn = xTCB->pxTaskTag( pvParameter );
2977:Middlewares/Third_Party/FreeRTOS/Source/tasks.c **** 		}
2978:Middlewares/Third_Party/FreeRTOS/Source/tasks.c **** 		else
2979:Middlewares/Third_Party/FreeRTOS/Source/tasks.c **** 		{
ARM GAS  D:\TMP\ccFCmCnH.s 			page 59


2980:Middlewares/Third_Party/FreeRTOS/Source/tasks.c **** 			xReturn = pdFAIL;
2981:Middlewares/Third_Party/FreeRTOS/Source/tasks.c **** 		}
2982:Middlewares/Third_Party/FreeRTOS/Source/tasks.c **** 
2983:Middlewares/Third_Party/FreeRTOS/Source/tasks.c **** 		return xReturn;
2984:Middlewares/Third_Party/FreeRTOS/Source/tasks.c **** 	}
2985:Middlewares/Third_Party/FreeRTOS/Source/tasks.c **** 
2986:Middlewares/Third_Party/FreeRTOS/Source/tasks.c **** #endif /* configUSE_APPLICATION_TASK_TAG */
2987:Middlewares/Third_Party/FreeRTOS/Source/tasks.c **** /*-----------------------------------------------------------*/
2988:Middlewares/Third_Party/FreeRTOS/Source/tasks.c **** 
2989:Middlewares/Third_Party/FreeRTOS/Source/tasks.c **** void vTaskSwitchContext( void )
2990:Middlewares/Third_Party/FreeRTOS/Source/tasks.c **** {
2991:Middlewares/Third_Party/FreeRTOS/Source/tasks.c **** 	if( uxSchedulerSuspended != ( UBaseType_t ) pdFALSE )
2992:Middlewares/Third_Party/FreeRTOS/Source/tasks.c **** 	{
2993:Middlewares/Third_Party/FreeRTOS/Source/tasks.c **** 		/* The scheduler is currently suspended - do not allow a context
2994:Middlewares/Third_Party/FreeRTOS/Source/tasks.c **** 		switch. */
2995:Middlewares/Third_Party/FreeRTOS/Source/tasks.c **** 		xYieldPending = pdTRUE;
2996:Middlewares/Third_Party/FreeRTOS/Source/tasks.c **** 	}
2997:Middlewares/Third_Party/FreeRTOS/Source/tasks.c **** 	else
2998:Middlewares/Third_Party/FreeRTOS/Source/tasks.c **** 	{
2999:Middlewares/Third_Party/FreeRTOS/Source/tasks.c **** 		xYieldPending = pdFALSE;
3000:Middlewares/Third_Party/FreeRTOS/Source/tasks.c **** 		traceTASK_SWITCHED_OUT();
3001:Middlewares/Third_Party/FreeRTOS/Source/tasks.c **** 
3002:Middlewares/Third_Party/FreeRTOS/Source/tasks.c **** 		#if ( configGENERATE_RUN_TIME_STATS == 1 )
3003:Middlewares/Third_Party/FreeRTOS/Source/tasks.c **** 		{
3004:Middlewares/Third_Party/FreeRTOS/Source/tasks.c **** 			#ifdef portALT_GET_RUN_TIME_COUNTER_VALUE
3005:Middlewares/Third_Party/FreeRTOS/Source/tasks.c **** 				portALT_GET_RUN_TIME_COUNTER_VALUE( ulTotalRunTime );
3006:Middlewares/Third_Party/FreeRTOS/Source/tasks.c **** 			#else
3007:Middlewares/Third_Party/FreeRTOS/Source/tasks.c **** 				ulTotalRunTime = portGET_RUN_TIME_COUNTER_VALUE();
3008:Middlewares/Third_Party/FreeRTOS/Source/tasks.c **** 			#endif
3009:Middlewares/Third_Party/FreeRTOS/Source/tasks.c **** 
3010:Middlewares/Third_Party/FreeRTOS/Source/tasks.c **** 			/* Add the amount of time the task has been running to the
3011:Middlewares/Third_Party/FreeRTOS/Source/tasks.c **** 			accumulated time so far.  The time the task started running was
3012:Middlewares/Third_Party/FreeRTOS/Source/tasks.c **** 			stored in ulTaskSwitchedInTime.  Note that there is no overflow
3013:Middlewares/Third_Party/FreeRTOS/Source/tasks.c **** 			protection here so count values are only valid until the timer
3014:Middlewares/Third_Party/FreeRTOS/Source/tasks.c **** 			overflows.  The guard against negative values is to protect
3015:Middlewares/Third_Party/FreeRTOS/Source/tasks.c **** 			against suspect run time stat counter implementations - which
3016:Middlewares/Third_Party/FreeRTOS/Source/tasks.c **** 			are provided by the application, not the kernel. */
3017:Middlewares/Third_Party/FreeRTOS/Source/tasks.c **** 			if( ulTotalRunTime > ulTaskSwitchedInTime )
3018:Middlewares/Third_Party/FreeRTOS/Source/tasks.c **** 			{
3019:Middlewares/Third_Party/FreeRTOS/Source/tasks.c **** 				pxCurrentTCB->ulRunTimeCounter += ( ulTotalRunTime - ulTaskSwitchedInTime );
3020:Middlewares/Third_Party/FreeRTOS/Source/tasks.c **** 			}
3021:Middlewares/Third_Party/FreeRTOS/Source/tasks.c **** 			else
3022:Middlewares/Third_Party/FreeRTOS/Source/tasks.c **** 			{
3023:Middlewares/Third_Party/FreeRTOS/Source/tasks.c **** 				mtCOVERAGE_TEST_MARKER();
3024:Middlewares/Third_Party/FreeRTOS/Source/tasks.c **** 			}
3025:Middlewares/Third_Party/FreeRTOS/Source/tasks.c **** 			ulTaskSwitchedInTime = ulTotalRunTime;
3026:Middlewares/Third_Party/FreeRTOS/Source/tasks.c **** 		}
3027:Middlewares/Third_Party/FreeRTOS/Source/tasks.c **** 		#endif /* configGENERATE_RUN_TIME_STATS */
3028:Middlewares/Third_Party/FreeRTOS/Source/tasks.c **** 
3029:Middlewares/Third_Party/FreeRTOS/Source/tasks.c **** 		/* Check for stack overflow, if configured. */
3030:Middlewares/Third_Party/FreeRTOS/Source/tasks.c **** 		taskCHECK_FOR_STACK_OVERFLOW();
3031:Middlewares/Third_Party/FreeRTOS/Source/tasks.c **** 
3032:Middlewares/Third_Party/FreeRTOS/Source/tasks.c **** 		/* Before the currently running task is switched out, save its errno. */
3033:Middlewares/Third_Party/FreeRTOS/Source/tasks.c **** 		#if( configUSE_POSIX_ERRNO == 1 )
3034:Middlewares/Third_Party/FreeRTOS/Source/tasks.c **** 		{
3035:Middlewares/Third_Party/FreeRTOS/Source/tasks.c **** 			pxCurrentTCB->iTaskErrno = FreeRTOS_errno;
3036:Middlewares/Third_Party/FreeRTOS/Source/tasks.c **** 		}
ARM GAS  D:\TMP\ccFCmCnH.s 			page 60


3037:Middlewares/Third_Party/FreeRTOS/Source/tasks.c **** 		#endif
3038:Middlewares/Third_Party/FreeRTOS/Source/tasks.c **** 
3039:Middlewares/Third_Party/FreeRTOS/Source/tasks.c **** 		/* Select a new task to run using either the generic C or port
3040:Middlewares/Third_Party/FreeRTOS/Source/tasks.c **** 		optimised asm code. */
3041:Middlewares/Third_Party/FreeRTOS/Source/tasks.c **** 		taskSELECT_HIGHEST_PRIORITY_TASK(); /*lint !e9079 void * is used as this macro is used with timer
3042:Middlewares/Third_Party/FreeRTOS/Source/tasks.c **** 		traceTASK_SWITCHED_IN();
3043:Middlewares/Third_Party/FreeRTOS/Source/tasks.c **** 
3044:Middlewares/Third_Party/FreeRTOS/Source/tasks.c **** 		/* After the new task is switched in, update the global errno. */
3045:Middlewares/Third_Party/FreeRTOS/Source/tasks.c **** 		#if( configUSE_POSIX_ERRNO == 1 )
3046:Middlewares/Third_Party/FreeRTOS/Source/tasks.c **** 		{
3047:Middlewares/Third_Party/FreeRTOS/Source/tasks.c **** 			FreeRTOS_errno = pxCurrentTCB->iTaskErrno;
3048:Middlewares/Third_Party/FreeRTOS/Source/tasks.c **** 		}
3049:Middlewares/Third_Party/FreeRTOS/Source/tasks.c **** 		#endif
3050:Middlewares/Third_Party/FreeRTOS/Source/tasks.c **** 
3051:Middlewares/Third_Party/FreeRTOS/Source/tasks.c **** 		#if ( configUSE_NEWLIB_REENTRANT == 1 )
3052:Middlewares/Third_Party/FreeRTOS/Source/tasks.c **** 		{
3053:Middlewares/Third_Party/FreeRTOS/Source/tasks.c **** 			/* Switch Newlib's _impure_ptr variable to point to the _reent
3054:Middlewares/Third_Party/FreeRTOS/Source/tasks.c **** 			structure specific to this task.
3055:Middlewares/Third_Party/FreeRTOS/Source/tasks.c **** 			See the third party link http://www.nadler.com/embedded/newlibAndFreeRTOS.html
3056:Middlewares/Third_Party/FreeRTOS/Source/tasks.c **** 			for additional information. */
3057:Middlewares/Third_Party/FreeRTOS/Source/tasks.c **** 			_impure_ptr = &( pxCurrentTCB->xNewLib_reent );
3058:Middlewares/Third_Party/FreeRTOS/Source/tasks.c **** 		}
3059:Middlewares/Third_Party/FreeRTOS/Source/tasks.c **** 		#endif /* configUSE_NEWLIB_REENTRANT */
3060:Middlewares/Third_Party/FreeRTOS/Source/tasks.c **** 	}
3061:Middlewares/Third_Party/FreeRTOS/Source/tasks.c **** }
3062:Middlewares/Third_Party/FreeRTOS/Source/tasks.c **** /*-----------------------------------------------------------*/
3063:Middlewares/Third_Party/FreeRTOS/Source/tasks.c **** 
3064:Middlewares/Third_Party/FreeRTOS/Source/tasks.c **** void vTaskPlaceOnEventList( List_t * const pxEventList, const TickType_t xTicksToWait )
3065:Middlewares/Third_Party/FreeRTOS/Source/tasks.c **** {
3066:Middlewares/Third_Party/FreeRTOS/Source/tasks.c **** 	configASSERT( pxEventList );
3067:Middlewares/Third_Party/FreeRTOS/Source/tasks.c **** 
3068:Middlewares/Third_Party/FreeRTOS/Source/tasks.c **** 	/* THIS FUNCTION MUST BE CALLED WITH EITHER INTERRUPTS DISABLED OR THE
3069:Middlewares/Third_Party/FreeRTOS/Source/tasks.c **** 	SCHEDULER SUSPENDED AND THE QUEUE BEING ACCESSED LOCKED. */
3070:Middlewares/Third_Party/FreeRTOS/Source/tasks.c **** 
3071:Middlewares/Third_Party/FreeRTOS/Source/tasks.c **** 	/* Place the event list item of the TCB in the appropriate event list.
3072:Middlewares/Third_Party/FreeRTOS/Source/tasks.c **** 	This is placed in the list in priority order so the highest priority task
3073:Middlewares/Third_Party/FreeRTOS/Source/tasks.c **** 	is the first to be woken by the event.  The queue that contains the event
3074:Middlewares/Third_Party/FreeRTOS/Source/tasks.c **** 	list is locked, preventing simultaneous access from interrupts. */
3075:Middlewares/Third_Party/FreeRTOS/Source/tasks.c **** 	vListInsert( pxEventList, &( pxCurrentTCB->xEventListItem ) );
3076:Middlewares/Third_Party/FreeRTOS/Source/tasks.c **** 
3077:Middlewares/Third_Party/FreeRTOS/Source/tasks.c **** 	prvAddCurrentTaskToDelayedList( xTicksToWait, pdTRUE );
3078:Middlewares/Third_Party/FreeRTOS/Source/tasks.c **** }
3079:Middlewares/Third_Party/FreeRTOS/Source/tasks.c **** /*-----------------------------------------------------------*/
3080:Middlewares/Third_Party/FreeRTOS/Source/tasks.c **** 
3081:Middlewares/Third_Party/FreeRTOS/Source/tasks.c **** void vTaskPlaceOnUnorderedEventList( List_t * pxEventList, const TickType_t xItemValue, const TickT
3082:Middlewares/Third_Party/FreeRTOS/Source/tasks.c **** {
3083:Middlewares/Third_Party/FreeRTOS/Source/tasks.c **** 	configASSERT( pxEventList );
3084:Middlewares/Third_Party/FreeRTOS/Source/tasks.c **** 
3085:Middlewares/Third_Party/FreeRTOS/Source/tasks.c **** 	/* THIS FUNCTION MUST BE CALLED WITH THE SCHEDULER SUSPENDED.  It is used by
3086:Middlewares/Third_Party/FreeRTOS/Source/tasks.c **** 	the event groups implementation. */
3087:Middlewares/Third_Party/FreeRTOS/Source/tasks.c **** 	configASSERT( uxSchedulerSuspended != 0 );
3088:Middlewares/Third_Party/FreeRTOS/Source/tasks.c **** 
3089:Middlewares/Third_Party/FreeRTOS/Source/tasks.c **** 	/* Store the item value in the event list item.  It is safe to access the
3090:Middlewares/Third_Party/FreeRTOS/Source/tasks.c **** 	event list item here as interrupts won't access the event list item of a
3091:Middlewares/Third_Party/FreeRTOS/Source/tasks.c **** 	task that is not in the Blocked state. */
3092:Middlewares/Third_Party/FreeRTOS/Source/tasks.c **** 	listSET_LIST_ITEM_VALUE( &( pxCurrentTCB->xEventListItem ), xItemValue | taskEVENT_LIST_ITEM_VALUE
3093:Middlewares/Third_Party/FreeRTOS/Source/tasks.c **** 
ARM GAS  D:\TMP\ccFCmCnH.s 			page 61


3094:Middlewares/Third_Party/FreeRTOS/Source/tasks.c **** 	/* Place the event list item of the TCB at the end of the appropriate event
3095:Middlewares/Third_Party/FreeRTOS/Source/tasks.c **** 	list.  It is safe to access the event list here because it is part of an
3096:Middlewares/Third_Party/FreeRTOS/Source/tasks.c **** 	event group implementation - and interrupts don't access event groups
3097:Middlewares/Third_Party/FreeRTOS/Source/tasks.c **** 	directly (instead they access them indirectly by pending function calls to
3098:Middlewares/Third_Party/FreeRTOS/Source/tasks.c **** 	the task level). */
3099:Middlewares/Third_Party/FreeRTOS/Source/tasks.c **** 	vListInsertEnd( pxEventList, &( pxCurrentTCB->xEventListItem ) );
3100:Middlewares/Third_Party/FreeRTOS/Source/tasks.c **** 
3101:Middlewares/Third_Party/FreeRTOS/Source/tasks.c **** 	prvAddCurrentTaskToDelayedList( xTicksToWait, pdTRUE );
3102:Middlewares/Third_Party/FreeRTOS/Source/tasks.c **** }
3103:Middlewares/Third_Party/FreeRTOS/Source/tasks.c **** /*-----------------------------------------------------------*/
3104:Middlewares/Third_Party/FreeRTOS/Source/tasks.c **** 
3105:Middlewares/Third_Party/FreeRTOS/Source/tasks.c **** #if( configUSE_TIMERS == 1 )
3106:Middlewares/Third_Party/FreeRTOS/Source/tasks.c **** 
3107:Middlewares/Third_Party/FreeRTOS/Source/tasks.c **** 	void vTaskPlaceOnEventListRestricted( List_t * const pxEventList, TickType_t xTicksToWait, const B
3108:Middlewares/Third_Party/FreeRTOS/Source/tasks.c **** 	{
3109:Middlewares/Third_Party/FreeRTOS/Source/tasks.c **** 		configASSERT( pxEventList );
3110:Middlewares/Third_Party/FreeRTOS/Source/tasks.c **** 
3111:Middlewares/Third_Party/FreeRTOS/Source/tasks.c **** 		/* This function should not be called by application code hence the
3112:Middlewares/Third_Party/FreeRTOS/Source/tasks.c **** 		'Restricted' in its name.  It is not part of the public API.  It is
3113:Middlewares/Third_Party/FreeRTOS/Source/tasks.c **** 		designed for use by kernel code, and has special calling requirements -
3114:Middlewares/Third_Party/FreeRTOS/Source/tasks.c **** 		it should be called with the scheduler suspended. */
3115:Middlewares/Third_Party/FreeRTOS/Source/tasks.c **** 
3116:Middlewares/Third_Party/FreeRTOS/Source/tasks.c **** 
3117:Middlewares/Third_Party/FreeRTOS/Source/tasks.c **** 		/* Place the event list item of the TCB in the appropriate event list.
3118:Middlewares/Third_Party/FreeRTOS/Source/tasks.c **** 		In this case it is assume that this is the only task that is going to
3119:Middlewares/Third_Party/FreeRTOS/Source/tasks.c **** 		be waiting on this event list, so the faster vListInsertEnd() function
3120:Middlewares/Third_Party/FreeRTOS/Source/tasks.c **** 		can be used in place of vListInsert. */
3121:Middlewares/Third_Party/FreeRTOS/Source/tasks.c **** 		vListInsertEnd( pxEventList, &( pxCurrentTCB->xEventListItem ) );
3122:Middlewares/Third_Party/FreeRTOS/Source/tasks.c **** 
3123:Middlewares/Third_Party/FreeRTOS/Source/tasks.c **** 		/* If the task should block indefinitely then set the block time to a
3124:Middlewares/Third_Party/FreeRTOS/Source/tasks.c **** 		value that will be recognised as an indefinite delay inside the
3125:Middlewares/Third_Party/FreeRTOS/Source/tasks.c **** 		prvAddCurrentTaskToDelayedList() function. */
3126:Middlewares/Third_Party/FreeRTOS/Source/tasks.c **** 		if( xWaitIndefinitely != pdFALSE )
3127:Middlewares/Third_Party/FreeRTOS/Source/tasks.c **** 		{
3128:Middlewares/Third_Party/FreeRTOS/Source/tasks.c **** 			xTicksToWait = portMAX_DELAY;
3129:Middlewares/Third_Party/FreeRTOS/Source/tasks.c **** 		}
3130:Middlewares/Third_Party/FreeRTOS/Source/tasks.c **** 
3131:Middlewares/Third_Party/FreeRTOS/Source/tasks.c **** 		traceTASK_DELAY_UNTIL( ( xTickCount + xTicksToWait ) );
3132:Middlewares/Third_Party/FreeRTOS/Source/tasks.c **** 		prvAddCurrentTaskToDelayedList( xTicksToWait, xWaitIndefinitely );
3133:Middlewares/Third_Party/FreeRTOS/Source/tasks.c **** 	}
3134:Middlewares/Third_Party/FreeRTOS/Source/tasks.c **** 
3135:Middlewares/Third_Party/FreeRTOS/Source/tasks.c **** #endif /* configUSE_TIMERS */
3136:Middlewares/Third_Party/FreeRTOS/Source/tasks.c **** /*-----------------------------------------------------------*/
3137:Middlewares/Third_Party/FreeRTOS/Source/tasks.c **** 
3138:Middlewares/Third_Party/FreeRTOS/Source/tasks.c **** BaseType_t xTaskRemoveFromEventList( const List_t * const pxEventList )
3139:Middlewares/Third_Party/FreeRTOS/Source/tasks.c **** {
3140:Middlewares/Third_Party/FreeRTOS/Source/tasks.c **** TCB_t *pxUnblockedTCB;
3141:Middlewares/Third_Party/FreeRTOS/Source/tasks.c **** BaseType_t xReturn;
3142:Middlewares/Third_Party/FreeRTOS/Source/tasks.c **** 
3143:Middlewares/Third_Party/FreeRTOS/Source/tasks.c **** 	/* THIS FUNCTION MUST BE CALLED FROM A CRITICAL SECTION.  It can also be
3144:Middlewares/Third_Party/FreeRTOS/Source/tasks.c **** 	called from a critical section within an ISR. */
3145:Middlewares/Third_Party/FreeRTOS/Source/tasks.c **** 
3146:Middlewares/Third_Party/FreeRTOS/Source/tasks.c **** 	/* The event list is sorted in priority order, so the first in the list can
3147:Middlewares/Third_Party/FreeRTOS/Source/tasks.c **** 	be removed as it is known to be the highest priority.  Remove the TCB from
3148:Middlewares/Third_Party/FreeRTOS/Source/tasks.c **** 	the delayed list, and add it to the ready list.
3149:Middlewares/Third_Party/FreeRTOS/Source/tasks.c **** 
3150:Middlewares/Third_Party/FreeRTOS/Source/tasks.c **** 	If an event is for a queue that is locked then this function will never
ARM GAS  D:\TMP\ccFCmCnH.s 			page 62


3151:Middlewares/Third_Party/FreeRTOS/Source/tasks.c **** 	get called - the lock count on the queue will get modified instead.  This
3152:Middlewares/Third_Party/FreeRTOS/Source/tasks.c **** 	means exclusive access to the event list is guaranteed here.
3153:Middlewares/Third_Party/FreeRTOS/Source/tasks.c **** 
3154:Middlewares/Third_Party/FreeRTOS/Source/tasks.c **** 	This function assumes that a check has already been made to ensure that
3155:Middlewares/Third_Party/FreeRTOS/Source/tasks.c **** 	pxEventList is not empty. */
3156:Middlewares/Third_Party/FreeRTOS/Source/tasks.c **** 	pxUnblockedTCB = listGET_OWNER_OF_HEAD_ENTRY( pxEventList ); /*lint !e9079 void * is used as this 
3157:Middlewares/Third_Party/FreeRTOS/Source/tasks.c **** 	configASSERT( pxUnblockedTCB );
3158:Middlewares/Third_Party/FreeRTOS/Source/tasks.c **** 	( void ) uxListRemove( &( pxUnblockedTCB->xEventListItem ) );
3159:Middlewares/Third_Party/FreeRTOS/Source/tasks.c **** 
3160:Middlewares/Third_Party/FreeRTOS/Source/tasks.c **** 	if( uxSchedulerSuspended == ( UBaseType_t ) pdFALSE )
3161:Middlewares/Third_Party/FreeRTOS/Source/tasks.c **** 	{
3162:Middlewares/Third_Party/FreeRTOS/Source/tasks.c **** 		( void ) uxListRemove( &( pxUnblockedTCB->xStateListItem ) );
3163:Middlewares/Third_Party/FreeRTOS/Source/tasks.c **** 		prvAddTaskToReadyList( pxUnblockedTCB );
3164:Middlewares/Third_Party/FreeRTOS/Source/tasks.c **** 
3165:Middlewares/Third_Party/FreeRTOS/Source/tasks.c **** 		#if( configUSE_TICKLESS_IDLE != 0 )
3166:Middlewares/Third_Party/FreeRTOS/Source/tasks.c **** 		{
3167:Middlewares/Third_Party/FreeRTOS/Source/tasks.c **** 			/* If a task is blocked on a kernel object then xNextTaskUnblockTime
3168:Middlewares/Third_Party/FreeRTOS/Source/tasks.c **** 			might be set to the blocked task's time out time.  If the task is
3169:Middlewares/Third_Party/FreeRTOS/Source/tasks.c **** 			unblocked for a reason other than a timeout xNextTaskUnblockTime is
3170:Middlewares/Third_Party/FreeRTOS/Source/tasks.c **** 			normally left unchanged, because it is automatically reset to a new
3171:Middlewares/Third_Party/FreeRTOS/Source/tasks.c **** 			value when the tick count equals xNextTaskUnblockTime.  However if
3172:Middlewares/Third_Party/FreeRTOS/Source/tasks.c **** 			tickless idling is used it might be more important to enter sleep mode
3173:Middlewares/Third_Party/FreeRTOS/Source/tasks.c **** 			at the earliest possible time - so reset xNextTaskUnblockTime here to
3174:Middlewares/Third_Party/FreeRTOS/Source/tasks.c **** 			ensure it is updated at the earliest possible time. */
3175:Middlewares/Third_Party/FreeRTOS/Source/tasks.c **** 			prvResetNextTaskUnblockTime();
3176:Middlewares/Third_Party/FreeRTOS/Source/tasks.c **** 		}
3177:Middlewares/Third_Party/FreeRTOS/Source/tasks.c **** 		#endif
3178:Middlewares/Third_Party/FreeRTOS/Source/tasks.c **** 	}
3179:Middlewares/Third_Party/FreeRTOS/Source/tasks.c **** 	else
3180:Middlewares/Third_Party/FreeRTOS/Source/tasks.c **** 	{
3181:Middlewares/Third_Party/FreeRTOS/Source/tasks.c **** 		/* The delayed and ready lists cannot be accessed, so hold this task
3182:Middlewares/Third_Party/FreeRTOS/Source/tasks.c **** 		pending until the scheduler is resumed. */
3183:Middlewares/Third_Party/FreeRTOS/Source/tasks.c **** 		vListInsertEnd( &( xPendingReadyList ), &( pxUnblockedTCB->xEventListItem ) );
3184:Middlewares/Third_Party/FreeRTOS/Source/tasks.c **** 	}
3185:Middlewares/Third_Party/FreeRTOS/Source/tasks.c **** 
3186:Middlewares/Third_Party/FreeRTOS/Source/tasks.c **** 	if( pxUnblockedTCB->uxPriority > pxCurrentTCB->uxPriority )
3187:Middlewares/Third_Party/FreeRTOS/Source/tasks.c **** 	{
3188:Middlewares/Third_Party/FreeRTOS/Source/tasks.c **** 		/* Return true if the task removed from the event list has a higher
3189:Middlewares/Third_Party/FreeRTOS/Source/tasks.c **** 		priority than the calling task.  This allows the calling task to know if
3190:Middlewares/Third_Party/FreeRTOS/Source/tasks.c **** 		it should force a context switch now. */
3191:Middlewares/Third_Party/FreeRTOS/Source/tasks.c **** 		xReturn = pdTRUE;
3192:Middlewares/Third_Party/FreeRTOS/Source/tasks.c **** 
3193:Middlewares/Third_Party/FreeRTOS/Source/tasks.c **** 		/* Mark that a yield is pending in case the user is not using the
3194:Middlewares/Third_Party/FreeRTOS/Source/tasks.c **** 		"xHigherPriorityTaskWoken" parameter to an ISR safe FreeRTOS function. */
3195:Middlewares/Third_Party/FreeRTOS/Source/tasks.c **** 		xYieldPending = pdTRUE;
3196:Middlewares/Third_Party/FreeRTOS/Source/tasks.c **** 	}
3197:Middlewares/Third_Party/FreeRTOS/Source/tasks.c **** 	else
3198:Middlewares/Third_Party/FreeRTOS/Source/tasks.c **** 	{
3199:Middlewares/Third_Party/FreeRTOS/Source/tasks.c **** 		xReturn = pdFALSE;
3200:Middlewares/Third_Party/FreeRTOS/Source/tasks.c **** 	}
3201:Middlewares/Third_Party/FreeRTOS/Source/tasks.c **** 
3202:Middlewares/Third_Party/FreeRTOS/Source/tasks.c **** 	return xReturn;
3203:Middlewares/Third_Party/FreeRTOS/Source/tasks.c **** }
3204:Middlewares/Third_Party/FreeRTOS/Source/tasks.c **** /*-----------------------------------------------------------*/
3205:Middlewares/Third_Party/FreeRTOS/Source/tasks.c **** 
3206:Middlewares/Third_Party/FreeRTOS/Source/tasks.c **** void vTaskRemoveFromUnorderedEventList( ListItem_t * pxEventListItem, const TickType_t xItemValue )
3207:Middlewares/Third_Party/FreeRTOS/Source/tasks.c **** {
ARM GAS  D:\TMP\ccFCmCnH.s 			page 63


3208:Middlewares/Third_Party/FreeRTOS/Source/tasks.c **** TCB_t *pxUnblockedTCB;
3209:Middlewares/Third_Party/FreeRTOS/Source/tasks.c **** 
3210:Middlewares/Third_Party/FreeRTOS/Source/tasks.c **** 	/* THIS FUNCTION MUST BE CALLED WITH THE SCHEDULER SUSPENDED.  It is used by
3211:Middlewares/Third_Party/FreeRTOS/Source/tasks.c **** 	the event flags implementation. */
3212:Middlewares/Third_Party/FreeRTOS/Source/tasks.c **** 	configASSERT( uxSchedulerSuspended != pdFALSE );
3213:Middlewares/Third_Party/FreeRTOS/Source/tasks.c **** 
3214:Middlewares/Third_Party/FreeRTOS/Source/tasks.c **** 	/* Store the new item value in the event list. */
3215:Middlewares/Third_Party/FreeRTOS/Source/tasks.c **** 	listSET_LIST_ITEM_VALUE( pxEventListItem, xItemValue | taskEVENT_LIST_ITEM_VALUE_IN_USE );
3216:Middlewares/Third_Party/FreeRTOS/Source/tasks.c **** 
3217:Middlewares/Third_Party/FreeRTOS/Source/tasks.c **** 	/* Remove the event list form the event flag.  Interrupts do not access
3218:Middlewares/Third_Party/FreeRTOS/Source/tasks.c **** 	event flags. */
3219:Middlewares/Third_Party/FreeRTOS/Source/tasks.c **** 	pxUnblockedTCB = listGET_LIST_ITEM_OWNER( pxEventListItem ); /*lint !e9079 void * is used as this 
3220:Middlewares/Third_Party/FreeRTOS/Source/tasks.c **** 	configASSERT( pxUnblockedTCB );
3221:Middlewares/Third_Party/FreeRTOS/Source/tasks.c **** 	( void ) uxListRemove( pxEventListItem );
3222:Middlewares/Third_Party/FreeRTOS/Source/tasks.c **** 
3223:Middlewares/Third_Party/FreeRTOS/Source/tasks.c **** 	#if( configUSE_TICKLESS_IDLE != 0 )
3224:Middlewares/Third_Party/FreeRTOS/Source/tasks.c **** 	{
3225:Middlewares/Third_Party/FreeRTOS/Source/tasks.c **** 		/* If a task is blocked on a kernel object then xNextTaskUnblockTime
3226:Middlewares/Third_Party/FreeRTOS/Source/tasks.c **** 		might be set to the blocked task's time out time.  If the task is
3227:Middlewares/Third_Party/FreeRTOS/Source/tasks.c **** 		unblocked for a reason other than a timeout xNextTaskUnblockTime is
3228:Middlewares/Third_Party/FreeRTOS/Source/tasks.c **** 		normally left unchanged, because it is automatically reset to a new
3229:Middlewares/Third_Party/FreeRTOS/Source/tasks.c **** 		value when the tick count equals xNextTaskUnblockTime.  However if
3230:Middlewares/Third_Party/FreeRTOS/Source/tasks.c **** 		tickless idling is used it might be more important to enter sleep mode
3231:Middlewares/Third_Party/FreeRTOS/Source/tasks.c **** 		at the earliest possible time - so reset xNextTaskUnblockTime here to
3232:Middlewares/Third_Party/FreeRTOS/Source/tasks.c **** 		ensure it is updated at the earliest possible time. */
3233:Middlewares/Third_Party/FreeRTOS/Source/tasks.c **** 		prvResetNextTaskUnblockTime();
3234:Middlewares/Third_Party/FreeRTOS/Source/tasks.c **** 	}
3235:Middlewares/Third_Party/FreeRTOS/Source/tasks.c **** 	#endif
3236:Middlewares/Third_Party/FreeRTOS/Source/tasks.c **** 
3237:Middlewares/Third_Party/FreeRTOS/Source/tasks.c **** 	/* Remove the task from the delayed list and add it to the ready list.  The
3238:Middlewares/Third_Party/FreeRTOS/Source/tasks.c **** 	scheduler is suspended so interrupts will not be accessing the ready
3239:Middlewares/Third_Party/FreeRTOS/Source/tasks.c **** 	lists. */
3240:Middlewares/Third_Party/FreeRTOS/Source/tasks.c **** 	( void ) uxListRemove( &( pxUnblockedTCB->xStateListItem ) );
3241:Middlewares/Third_Party/FreeRTOS/Source/tasks.c **** 	prvAddTaskToReadyList( pxUnblockedTCB );
3242:Middlewares/Third_Party/FreeRTOS/Source/tasks.c **** 
3243:Middlewares/Third_Party/FreeRTOS/Source/tasks.c **** 	if( pxUnblockedTCB->uxPriority > pxCurrentTCB->uxPriority )
3244:Middlewares/Third_Party/FreeRTOS/Source/tasks.c **** 	{
3245:Middlewares/Third_Party/FreeRTOS/Source/tasks.c **** 		/* The unblocked task has a priority above that of the calling task, so
3246:Middlewares/Third_Party/FreeRTOS/Source/tasks.c **** 		a context switch is required.  This function is called with the
3247:Middlewares/Third_Party/FreeRTOS/Source/tasks.c **** 		scheduler suspended so xYieldPending is set so the context switch
3248:Middlewares/Third_Party/FreeRTOS/Source/tasks.c **** 		occurs immediately that the scheduler is resumed (unsuspended). */
3249:Middlewares/Third_Party/FreeRTOS/Source/tasks.c **** 		xYieldPending = pdTRUE;
3250:Middlewares/Third_Party/FreeRTOS/Source/tasks.c **** 	}
3251:Middlewares/Third_Party/FreeRTOS/Source/tasks.c **** }
3252:Middlewares/Third_Party/FreeRTOS/Source/tasks.c **** /*-----------------------------------------------------------*/
3253:Middlewares/Third_Party/FreeRTOS/Source/tasks.c **** 
3254:Middlewares/Third_Party/FreeRTOS/Source/tasks.c **** void vTaskSetTimeOutState( TimeOut_t * const pxTimeOut )
3255:Middlewares/Third_Party/FreeRTOS/Source/tasks.c **** {
3256:Middlewares/Third_Party/FreeRTOS/Source/tasks.c **** 	configASSERT( pxTimeOut );
3257:Middlewares/Third_Party/FreeRTOS/Source/tasks.c **** 	taskENTER_CRITICAL();
3258:Middlewares/Third_Party/FreeRTOS/Source/tasks.c **** 	{
3259:Middlewares/Third_Party/FreeRTOS/Source/tasks.c **** 		pxTimeOut->xOverflowCount = xNumOfOverflows;
3260:Middlewares/Third_Party/FreeRTOS/Source/tasks.c **** 		pxTimeOut->xTimeOnEntering = xTickCount;
3261:Middlewares/Third_Party/FreeRTOS/Source/tasks.c **** 	}
3262:Middlewares/Third_Party/FreeRTOS/Source/tasks.c **** 	taskEXIT_CRITICAL();
3263:Middlewares/Third_Party/FreeRTOS/Source/tasks.c **** }
3264:Middlewares/Third_Party/FreeRTOS/Source/tasks.c **** /*-----------------------------------------------------------*/
ARM GAS  D:\TMP\ccFCmCnH.s 			page 64


3265:Middlewares/Third_Party/FreeRTOS/Source/tasks.c **** 
3266:Middlewares/Third_Party/FreeRTOS/Source/tasks.c **** void vTaskInternalSetTimeOutState( TimeOut_t * const pxTimeOut )
3267:Middlewares/Third_Party/FreeRTOS/Source/tasks.c **** {
3268:Middlewares/Third_Party/FreeRTOS/Source/tasks.c **** 	/* For internal use only as it does not use a critical section. */
3269:Middlewares/Third_Party/FreeRTOS/Source/tasks.c **** 	pxTimeOut->xOverflowCount = xNumOfOverflows;
3270:Middlewares/Third_Party/FreeRTOS/Source/tasks.c **** 	pxTimeOut->xTimeOnEntering = xTickCount;
3271:Middlewares/Third_Party/FreeRTOS/Source/tasks.c **** }
3272:Middlewares/Third_Party/FreeRTOS/Source/tasks.c **** /*-----------------------------------------------------------*/
3273:Middlewares/Third_Party/FreeRTOS/Source/tasks.c **** 
3274:Middlewares/Third_Party/FreeRTOS/Source/tasks.c **** BaseType_t xTaskCheckForTimeOut( TimeOut_t * const pxTimeOut, TickType_t * const pxTicksToWait )
3275:Middlewares/Third_Party/FreeRTOS/Source/tasks.c **** {
3276:Middlewares/Third_Party/FreeRTOS/Source/tasks.c **** BaseType_t xReturn;
3277:Middlewares/Third_Party/FreeRTOS/Source/tasks.c **** 
3278:Middlewares/Third_Party/FreeRTOS/Source/tasks.c **** 	configASSERT( pxTimeOut );
3279:Middlewares/Third_Party/FreeRTOS/Source/tasks.c **** 	configASSERT( pxTicksToWait );
3280:Middlewares/Third_Party/FreeRTOS/Source/tasks.c **** 
3281:Middlewares/Third_Party/FreeRTOS/Source/tasks.c **** 	taskENTER_CRITICAL();
3282:Middlewares/Third_Party/FreeRTOS/Source/tasks.c **** 	{
3283:Middlewares/Third_Party/FreeRTOS/Source/tasks.c **** 		/* Minor optimisation.  The tick count cannot change in this block. */
3284:Middlewares/Third_Party/FreeRTOS/Source/tasks.c **** 		const TickType_t xConstTickCount = xTickCount;
3285:Middlewares/Third_Party/FreeRTOS/Source/tasks.c **** 		const TickType_t xElapsedTime = xConstTickCount - pxTimeOut->xTimeOnEntering;
3286:Middlewares/Third_Party/FreeRTOS/Source/tasks.c **** 
3287:Middlewares/Third_Party/FreeRTOS/Source/tasks.c **** 		#if( INCLUDE_xTaskAbortDelay == 1 )
3288:Middlewares/Third_Party/FreeRTOS/Source/tasks.c **** 			if( pxCurrentTCB->ucDelayAborted != ( uint8_t ) pdFALSE )
3289:Middlewares/Third_Party/FreeRTOS/Source/tasks.c **** 			{
3290:Middlewares/Third_Party/FreeRTOS/Source/tasks.c **** 				/* The delay was aborted, which is not the same as a time out,
3291:Middlewares/Third_Party/FreeRTOS/Source/tasks.c **** 				but has the same result. */
3292:Middlewares/Third_Party/FreeRTOS/Source/tasks.c **** 				pxCurrentTCB->ucDelayAborted = pdFALSE;
3293:Middlewares/Third_Party/FreeRTOS/Source/tasks.c **** 				xReturn = pdTRUE;
3294:Middlewares/Third_Party/FreeRTOS/Source/tasks.c **** 			}
3295:Middlewares/Third_Party/FreeRTOS/Source/tasks.c **** 			else
3296:Middlewares/Third_Party/FreeRTOS/Source/tasks.c **** 		#endif
3297:Middlewares/Third_Party/FreeRTOS/Source/tasks.c **** 
3298:Middlewares/Third_Party/FreeRTOS/Source/tasks.c **** 		#if ( INCLUDE_vTaskSuspend == 1 )
3299:Middlewares/Third_Party/FreeRTOS/Source/tasks.c **** 			if( *pxTicksToWait == portMAX_DELAY )
3300:Middlewares/Third_Party/FreeRTOS/Source/tasks.c **** 			{
3301:Middlewares/Third_Party/FreeRTOS/Source/tasks.c **** 				/* If INCLUDE_vTaskSuspend is set to 1 and the block time
3302:Middlewares/Third_Party/FreeRTOS/Source/tasks.c **** 				specified is the maximum block time then the task should block
3303:Middlewares/Third_Party/FreeRTOS/Source/tasks.c **** 				indefinitely, and therefore never time out. */
3304:Middlewares/Third_Party/FreeRTOS/Source/tasks.c **** 				xReturn = pdFALSE;
3305:Middlewares/Third_Party/FreeRTOS/Source/tasks.c **** 			}
3306:Middlewares/Third_Party/FreeRTOS/Source/tasks.c **** 			else
3307:Middlewares/Third_Party/FreeRTOS/Source/tasks.c **** 		#endif
3308:Middlewares/Third_Party/FreeRTOS/Source/tasks.c **** 
3309:Middlewares/Third_Party/FreeRTOS/Source/tasks.c **** 		if( ( xNumOfOverflows != pxTimeOut->xOverflowCount ) && ( xConstTickCount >= pxTimeOut->xTimeOnEn
3310:Middlewares/Third_Party/FreeRTOS/Source/tasks.c **** 		{
3311:Middlewares/Third_Party/FreeRTOS/Source/tasks.c **** 			/* The tick count is greater than the time at which
3312:Middlewares/Third_Party/FreeRTOS/Source/tasks.c **** 			vTaskSetTimeout() was called, but has also overflowed since
3313:Middlewares/Third_Party/FreeRTOS/Source/tasks.c **** 			vTaskSetTimeOut() was called.  It must have wrapped all the way
3314:Middlewares/Third_Party/FreeRTOS/Source/tasks.c **** 			around and gone past again. This passed since vTaskSetTimeout()
3315:Middlewares/Third_Party/FreeRTOS/Source/tasks.c **** 			was called. */
3316:Middlewares/Third_Party/FreeRTOS/Source/tasks.c **** 			xReturn = pdTRUE;
3317:Middlewares/Third_Party/FreeRTOS/Source/tasks.c **** 		}
3318:Middlewares/Third_Party/FreeRTOS/Source/tasks.c **** 		else if( xElapsedTime < *pxTicksToWait ) /*lint !e961 Explicit casting is only redundant with som
3319:Middlewares/Third_Party/FreeRTOS/Source/tasks.c **** 		{
3320:Middlewares/Third_Party/FreeRTOS/Source/tasks.c **** 			/* Not a genuine timeout. Adjust parameters for time remaining. */
3321:Middlewares/Third_Party/FreeRTOS/Source/tasks.c **** 			*pxTicksToWait -= xElapsedTime;
ARM GAS  D:\TMP\ccFCmCnH.s 			page 65


3322:Middlewares/Third_Party/FreeRTOS/Source/tasks.c **** 			vTaskInternalSetTimeOutState( pxTimeOut );
3323:Middlewares/Third_Party/FreeRTOS/Source/tasks.c **** 			xReturn = pdFALSE;
3324:Middlewares/Third_Party/FreeRTOS/Source/tasks.c **** 		}
3325:Middlewares/Third_Party/FreeRTOS/Source/tasks.c **** 		else
3326:Middlewares/Third_Party/FreeRTOS/Source/tasks.c **** 		{
3327:Middlewares/Third_Party/FreeRTOS/Source/tasks.c **** 			*pxTicksToWait = 0;
3328:Middlewares/Third_Party/FreeRTOS/Source/tasks.c **** 			xReturn = pdTRUE;
3329:Middlewares/Third_Party/FreeRTOS/Source/tasks.c **** 		}
3330:Middlewares/Third_Party/FreeRTOS/Source/tasks.c **** 	}
3331:Middlewares/Third_Party/FreeRTOS/Source/tasks.c **** 	taskEXIT_CRITICAL();
3332:Middlewares/Third_Party/FreeRTOS/Source/tasks.c **** 
3333:Middlewares/Third_Party/FreeRTOS/Source/tasks.c **** 	return xReturn;
3334:Middlewares/Third_Party/FreeRTOS/Source/tasks.c **** }
3335:Middlewares/Third_Party/FreeRTOS/Source/tasks.c **** /*-----------------------------------------------------------*/
3336:Middlewares/Third_Party/FreeRTOS/Source/tasks.c **** 
3337:Middlewares/Third_Party/FreeRTOS/Source/tasks.c **** void vTaskMissedYield( void )
3338:Middlewares/Third_Party/FreeRTOS/Source/tasks.c **** {
3339:Middlewares/Third_Party/FreeRTOS/Source/tasks.c **** 	xYieldPending = pdTRUE;
3340:Middlewares/Third_Party/FreeRTOS/Source/tasks.c **** }
3341:Middlewares/Third_Party/FreeRTOS/Source/tasks.c **** /*-----------------------------------------------------------*/
3342:Middlewares/Third_Party/FreeRTOS/Source/tasks.c **** 
3343:Middlewares/Third_Party/FreeRTOS/Source/tasks.c **** #if ( configUSE_TRACE_FACILITY == 1 )
3344:Middlewares/Third_Party/FreeRTOS/Source/tasks.c **** 
3345:Middlewares/Third_Party/FreeRTOS/Source/tasks.c **** 	UBaseType_t uxTaskGetTaskNumber( TaskHandle_t xTask )
3346:Middlewares/Third_Party/FreeRTOS/Source/tasks.c **** 	{
3347:Middlewares/Third_Party/FreeRTOS/Source/tasks.c **** 	UBaseType_t uxReturn;
3348:Middlewares/Third_Party/FreeRTOS/Source/tasks.c **** 	TCB_t const *pxTCB;
3349:Middlewares/Third_Party/FreeRTOS/Source/tasks.c **** 
3350:Middlewares/Third_Party/FreeRTOS/Source/tasks.c **** 		if( xTask != NULL )
3351:Middlewares/Third_Party/FreeRTOS/Source/tasks.c **** 		{
3352:Middlewares/Third_Party/FreeRTOS/Source/tasks.c **** 			pxTCB = xTask;
3353:Middlewares/Third_Party/FreeRTOS/Source/tasks.c **** 			uxReturn = pxTCB->uxTaskNumber;
3354:Middlewares/Third_Party/FreeRTOS/Source/tasks.c **** 		}
3355:Middlewares/Third_Party/FreeRTOS/Source/tasks.c **** 		else
3356:Middlewares/Third_Party/FreeRTOS/Source/tasks.c **** 		{
3357:Middlewares/Third_Party/FreeRTOS/Source/tasks.c **** 			uxReturn = 0U;
3358:Middlewares/Third_Party/FreeRTOS/Source/tasks.c **** 		}
3359:Middlewares/Third_Party/FreeRTOS/Source/tasks.c **** 
3360:Middlewares/Third_Party/FreeRTOS/Source/tasks.c **** 		return uxReturn;
3361:Middlewares/Third_Party/FreeRTOS/Source/tasks.c **** 	}
3362:Middlewares/Third_Party/FreeRTOS/Source/tasks.c **** 
3363:Middlewares/Third_Party/FreeRTOS/Source/tasks.c **** #endif /* configUSE_TRACE_FACILITY */
3364:Middlewares/Third_Party/FreeRTOS/Source/tasks.c **** /*-----------------------------------------------------------*/
3365:Middlewares/Third_Party/FreeRTOS/Source/tasks.c **** 
3366:Middlewares/Third_Party/FreeRTOS/Source/tasks.c **** #if ( configUSE_TRACE_FACILITY == 1 )
3367:Middlewares/Third_Party/FreeRTOS/Source/tasks.c **** 
3368:Middlewares/Third_Party/FreeRTOS/Source/tasks.c **** 	void vTaskSetTaskNumber( TaskHandle_t xTask, const UBaseType_t uxHandle )
3369:Middlewares/Third_Party/FreeRTOS/Source/tasks.c **** 	{
3370:Middlewares/Third_Party/FreeRTOS/Source/tasks.c **** 	TCB_t * pxTCB;
3371:Middlewares/Third_Party/FreeRTOS/Source/tasks.c **** 
3372:Middlewares/Third_Party/FreeRTOS/Source/tasks.c **** 		if( xTask != NULL )
3373:Middlewares/Third_Party/FreeRTOS/Source/tasks.c **** 		{
3374:Middlewares/Third_Party/FreeRTOS/Source/tasks.c **** 			pxTCB = xTask;
3375:Middlewares/Third_Party/FreeRTOS/Source/tasks.c **** 			pxTCB->uxTaskNumber = uxHandle;
3376:Middlewares/Third_Party/FreeRTOS/Source/tasks.c **** 		}
3377:Middlewares/Third_Party/FreeRTOS/Source/tasks.c **** 	}
3378:Middlewares/Third_Party/FreeRTOS/Source/tasks.c **** 
ARM GAS  D:\TMP\ccFCmCnH.s 			page 66


3379:Middlewares/Third_Party/FreeRTOS/Source/tasks.c **** #endif /* configUSE_TRACE_FACILITY */
3380:Middlewares/Third_Party/FreeRTOS/Source/tasks.c **** 
3381:Middlewares/Third_Party/FreeRTOS/Source/tasks.c **** /*
3382:Middlewares/Third_Party/FreeRTOS/Source/tasks.c ****  * -----------------------------------------------------------
3383:Middlewares/Third_Party/FreeRTOS/Source/tasks.c ****  * The Idle task.
3384:Middlewares/Third_Party/FreeRTOS/Source/tasks.c ****  * ----------------------------------------------------------
3385:Middlewares/Third_Party/FreeRTOS/Source/tasks.c ****  *
3386:Middlewares/Third_Party/FreeRTOS/Source/tasks.c ****  * The portTASK_FUNCTION() macro is used to allow port/compiler specific
3387:Middlewares/Third_Party/FreeRTOS/Source/tasks.c ****  * language extensions.  The equivalent prototype for this function is:
3388:Middlewares/Third_Party/FreeRTOS/Source/tasks.c ****  *
3389:Middlewares/Third_Party/FreeRTOS/Source/tasks.c ****  * void prvIdleTask( void *pvParameters );
3390:Middlewares/Third_Party/FreeRTOS/Source/tasks.c ****  *
3391:Middlewares/Third_Party/FreeRTOS/Source/tasks.c ****  */
3392:Middlewares/Third_Party/FreeRTOS/Source/tasks.c **** static portTASK_FUNCTION( prvIdleTask, pvParameters )
3393:Middlewares/Third_Party/FreeRTOS/Source/tasks.c **** {
3394:Middlewares/Third_Party/FreeRTOS/Source/tasks.c **** 	/* Stop warnings. */
3395:Middlewares/Third_Party/FreeRTOS/Source/tasks.c **** 	( void ) pvParameters;
3396:Middlewares/Third_Party/FreeRTOS/Source/tasks.c **** 
3397:Middlewares/Third_Party/FreeRTOS/Source/tasks.c **** 	/** THIS IS THE RTOS IDLE TASK - WHICH IS CREATED AUTOMATICALLY WHEN THE
3398:Middlewares/Third_Party/FreeRTOS/Source/tasks.c **** 	SCHEDULER IS STARTED. **/
3399:Middlewares/Third_Party/FreeRTOS/Source/tasks.c **** 
3400:Middlewares/Third_Party/FreeRTOS/Source/tasks.c **** 	/* In case a task that has a secure context deletes itself, in which case
3401:Middlewares/Third_Party/FreeRTOS/Source/tasks.c **** 	the idle task is responsible for deleting the task's secure context, if
3402:Middlewares/Third_Party/FreeRTOS/Source/tasks.c **** 	any. */
3403:Middlewares/Third_Party/FreeRTOS/Source/tasks.c **** 	portALLOCATE_SECURE_CONTEXT( configMINIMAL_SECURE_STACK_SIZE );
3404:Middlewares/Third_Party/FreeRTOS/Source/tasks.c **** 
3405:Middlewares/Third_Party/FreeRTOS/Source/tasks.c **** 	for( ;; )
3406:Middlewares/Third_Party/FreeRTOS/Source/tasks.c **** 	{
3407:Middlewares/Third_Party/FreeRTOS/Source/tasks.c **** 		/* See if any tasks have deleted themselves - if so then the idle task
3408:Middlewares/Third_Party/FreeRTOS/Source/tasks.c **** 		is responsible for freeing the deleted task's TCB and stack. */
3409:Middlewares/Third_Party/FreeRTOS/Source/tasks.c **** 		prvCheckTasksWaitingTermination();
3410:Middlewares/Third_Party/FreeRTOS/Source/tasks.c **** 
3411:Middlewares/Third_Party/FreeRTOS/Source/tasks.c **** 		#if ( configUSE_PREEMPTION == 0 )
3412:Middlewares/Third_Party/FreeRTOS/Source/tasks.c **** 		{
3413:Middlewares/Third_Party/FreeRTOS/Source/tasks.c **** 			/* If we are not using preemption we keep forcing a task switch to
3414:Middlewares/Third_Party/FreeRTOS/Source/tasks.c **** 			see if any other task has become available.  If we are using
3415:Middlewares/Third_Party/FreeRTOS/Source/tasks.c **** 			preemption we don't need to do this as any task becoming available
3416:Middlewares/Third_Party/FreeRTOS/Source/tasks.c **** 			will automatically get the processor anyway. */
3417:Middlewares/Third_Party/FreeRTOS/Source/tasks.c **** 			taskYIELD();
3418:Middlewares/Third_Party/FreeRTOS/Source/tasks.c **** 		}
3419:Middlewares/Third_Party/FreeRTOS/Source/tasks.c **** 		#endif /* configUSE_PREEMPTION */
3420:Middlewares/Third_Party/FreeRTOS/Source/tasks.c **** 
3421:Middlewares/Third_Party/FreeRTOS/Source/tasks.c **** 		#if ( ( configUSE_PREEMPTION == 1 ) && ( configIDLE_SHOULD_YIELD == 1 ) )
3422:Middlewares/Third_Party/FreeRTOS/Source/tasks.c **** 		{
3423:Middlewares/Third_Party/FreeRTOS/Source/tasks.c **** 			/* When using preemption tasks of equal priority will be
3424:Middlewares/Third_Party/FreeRTOS/Source/tasks.c **** 			timesliced.  If a task that is sharing the idle priority is ready
3425:Middlewares/Third_Party/FreeRTOS/Source/tasks.c **** 			to run then the idle task should yield before the end of the
3426:Middlewares/Third_Party/FreeRTOS/Source/tasks.c **** 			timeslice.
3427:Middlewares/Third_Party/FreeRTOS/Source/tasks.c **** 
3428:Middlewares/Third_Party/FreeRTOS/Source/tasks.c **** 			A critical region is not required here as we are just reading from
3429:Middlewares/Third_Party/FreeRTOS/Source/tasks.c **** 			the list, and an occasional incorrect value will not matter.  If
3430:Middlewares/Third_Party/FreeRTOS/Source/tasks.c **** 			the ready list at the idle priority contains more than one task
3431:Middlewares/Third_Party/FreeRTOS/Source/tasks.c **** 			then a task other than the idle task is ready to execute. */
3432:Middlewares/Third_Party/FreeRTOS/Source/tasks.c **** 			if( listCURRENT_LIST_LENGTH( &( pxReadyTasksLists[ tskIDLE_PRIORITY ] ) ) > ( UBaseType_t ) 1 )
3433:Middlewares/Third_Party/FreeRTOS/Source/tasks.c **** 			{
3434:Middlewares/Third_Party/FreeRTOS/Source/tasks.c **** 				taskYIELD();
3435:Middlewares/Third_Party/FreeRTOS/Source/tasks.c **** 			}
ARM GAS  D:\TMP\ccFCmCnH.s 			page 67


3436:Middlewares/Third_Party/FreeRTOS/Source/tasks.c **** 			else
3437:Middlewares/Third_Party/FreeRTOS/Source/tasks.c **** 			{
3438:Middlewares/Third_Party/FreeRTOS/Source/tasks.c **** 				mtCOVERAGE_TEST_MARKER();
3439:Middlewares/Third_Party/FreeRTOS/Source/tasks.c **** 			}
3440:Middlewares/Third_Party/FreeRTOS/Source/tasks.c **** 		}
3441:Middlewares/Third_Party/FreeRTOS/Source/tasks.c **** 		#endif /* ( ( configUSE_PREEMPTION == 1 ) && ( configIDLE_SHOULD_YIELD == 1 ) ) */
3442:Middlewares/Third_Party/FreeRTOS/Source/tasks.c **** 
3443:Middlewares/Third_Party/FreeRTOS/Source/tasks.c **** 		#if ( configUSE_IDLE_HOOK == 1 )
3444:Middlewares/Third_Party/FreeRTOS/Source/tasks.c **** 		{
3445:Middlewares/Third_Party/FreeRTOS/Source/tasks.c **** 			extern void vApplicationIdleHook( void );
3446:Middlewares/Third_Party/FreeRTOS/Source/tasks.c **** 
3447:Middlewares/Third_Party/FreeRTOS/Source/tasks.c **** 			/* Call the user defined function from within the idle task.  This
3448:Middlewares/Third_Party/FreeRTOS/Source/tasks.c **** 			allows the application designer to add background functionality
3449:Middlewares/Third_Party/FreeRTOS/Source/tasks.c **** 			without the overhead of a separate task.
3450:Middlewares/Third_Party/FreeRTOS/Source/tasks.c **** 			NOTE: vApplicationIdleHook() MUST NOT, UNDER ANY CIRCUMSTANCES,
3451:Middlewares/Third_Party/FreeRTOS/Source/tasks.c **** 			CALL A FUNCTION THAT MIGHT BLOCK. */
3452:Middlewares/Third_Party/FreeRTOS/Source/tasks.c **** 			vApplicationIdleHook();
3453:Middlewares/Third_Party/FreeRTOS/Source/tasks.c **** 		}
3454:Middlewares/Third_Party/FreeRTOS/Source/tasks.c **** 		#endif /* configUSE_IDLE_HOOK */
3455:Middlewares/Third_Party/FreeRTOS/Source/tasks.c **** 
3456:Middlewares/Third_Party/FreeRTOS/Source/tasks.c **** 		/* This conditional compilation should use inequality to 0, not equality
3457:Middlewares/Third_Party/FreeRTOS/Source/tasks.c **** 		to 1.  This is to ensure portSUPPRESS_TICKS_AND_SLEEP() is called when
3458:Middlewares/Third_Party/FreeRTOS/Source/tasks.c **** 		user defined low power mode	implementations require
3459:Middlewares/Third_Party/FreeRTOS/Source/tasks.c **** 		configUSE_TICKLESS_IDLE to be set to a value other than 1. */
3460:Middlewares/Third_Party/FreeRTOS/Source/tasks.c **** 		#if ( configUSE_TICKLESS_IDLE != 0 )
3461:Middlewares/Third_Party/FreeRTOS/Source/tasks.c **** 		{
3462:Middlewares/Third_Party/FreeRTOS/Source/tasks.c **** 		TickType_t xExpectedIdleTime;
3463:Middlewares/Third_Party/FreeRTOS/Source/tasks.c **** 
3464:Middlewares/Third_Party/FreeRTOS/Source/tasks.c **** 			/* It is not desirable to suspend then resume the scheduler on
3465:Middlewares/Third_Party/FreeRTOS/Source/tasks.c **** 			each iteration of the idle task.  Therefore, a preliminary
3466:Middlewares/Third_Party/FreeRTOS/Source/tasks.c **** 			test of the expected idle time is performed without the
3467:Middlewares/Third_Party/FreeRTOS/Source/tasks.c **** 			scheduler suspended.  The result here is not necessarily
3468:Middlewares/Third_Party/FreeRTOS/Source/tasks.c **** 			valid. */
3469:Middlewares/Third_Party/FreeRTOS/Source/tasks.c **** 			xExpectedIdleTime = prvGetExpectedIdleTime();
3470:Middlewares/Third_Party/FreeRTOS/Source/tasks.c **** 
3471:Middlewares/Third_Party/FreeRTOS/Source/tasks.c **** 			if( xExpectedIdleTime >= configEXPECTED_IDLE_TIME_BEFORE_SLEEP )
3472:Middlewares/Third_Party/FreeRTOS/Source/tasks.c **** 			{
3473:Middlewares/Third_Party/FreeRTOS/Source/tasks.c **** 				vTaskSuspendAll();
3474:Middlewares/Third_Party/FreeRTOS/Source/tasks.c **** 				{
3475:Middlewares/Third_Party/FreeRTOS/Source/tasks.c **** 					/* Now the scheduler is suspended, the expected idle
3476:Middlewares/Third_Party/FreeRTOS/Source/tasks.c **** 					time can be sampled again, and this time its value can
3477:Middlewares/Third_Party/FreeRTOS/Source/tasks.c **** 					be used. */
3478:Middlewares/Third_Party/FreeRTOS/Source/tasks.c **** 					configASSERT( xNextTaskUnblockTime >= xTickCount );
3479:Middlewares/Third_Party/FreeRTOS/Source/tasks.c **** 					xExpectedIdleTime = prvGetExpectedIdleTime();
3480:Middlewares/Third_Party/FreeRTOS/Source/tasks.c **** 
3481:Middlewares/Third_Party/FreeRTOS/Source/tasks.c **** 					/* Define the following macro to set xExpectedIdleTime to 0
3482:Middlewares/Third_Party/FreeRTOS/Source/tasks.c **** 					if the application does not want
3483:Middlewares/Third_Party/FreeRTOS/Source/tasks.c **** 					portSUPPRESS_TICKS_AND_SLEEP() to be called. */
3484:Middlewares/Third_Party/FreeRTOS/Source/tasks.c **** 					configPRE_SUPPRESS_TICKS_AND_SLEEP_PROCESSING( xExpectedIdleTime );
3485:Middlewares/Third_Party/FreeRTOS/Source/tasks.c **** 
3486:Middlewares/Third_Party/FreeRTOS/Source/tasks.c **** 					if( xExpectedIdleTime >= configEXPECTED_IDLE_TIME_BEFORE_SLEEP )
3487:Middlewares/Third_Party/FreeRTOS/Source/tasks.c **** 					{
3488:Middlewares/Third_Party/FreeRTOS/Source/tasks.c **** 						traceLOW_POWER_IDLE_BEGIN();
3489:Middlewares/Third_Party/FreeRTOS/Source/tasks.c **** 						portSUPPRESS_TICKS_AND_SLEEP( xExpectedIdleTime );
3490:Middlewares/Third_Party/FreeRTOS/Source/tasks.c **** 						traceLOW_POWER_IDLE_END();
3491:Middlewares/Third_Party/FreeRTOS/Source/tasks.c **** 					}
3492:Middlewares/Third_Party/FreeRTOS/Source/tasks.c **** 					else
ARM GAS  D:\TMP\ccFCmCnH.s 			page 68


3493:Middlewares/Third_Party/FreeRTOS/Source/tasks.c **** 					{
3494:Middlewares/Third_Party/FreeRTOS/Source/tasks.c **** 						mtCOVERAGE_TEST_MARKER();
3495:Middlewares/Third_Party/FreeRTOS/Source/tasks.c **** 					}
3496:Middlewares/Third_Party/FreeRTOS/Source/tasks.c **** 				}
3497:Middlewares/Third_Party/FreeRTOS/Source/tasks.c **** 				( void ) xTaskResumeAll();
3498:Middlewares/Third_Party/FreeRTOS/Source/tasks.c **** 			}
3499:Middlewares/Third_Party/FreeRTOS/Source/tasks.c **** 			else
3500:Middlewares/Third_Party/FreeRTOS/Source/tasks.c **** 			{
3501:Middlewares/Third_Party/FreeRTOS/Source/tasks.c **** 				mtCOVERAGE_TEST_MARKER();
3502:Middlewares/Third_Party/FreeRTOS/Source/tasks.c **** 			}
3503:Middlewares/Third_Party/FreeRTOS/Source/tasks.c **** 		}
3504:Middlewares/Third_Party/FreeRTOS/Source/tasks.c **** 		#endif /* configUSE_TICKLESS_IDLE */
3505:Middlewares/Third_Party/FreeRTOS/Source/tasks.c **** 	}
3506:Middlewares/Third_Party/FreeRTOS/Source/tasks.c **** }
3507:Middlewares/Third_Party/FreeRTOS/Source/tasks.c **** /*-----------------------------------------------------------*/
3508:Middlewares/Third_Party/FreeRTOS/Source/tasks.c **** 
3509:Middlewares/Third_Party/FreeRTOS/Source/tasks.c **** #if( configUSE_TICKLESS_IDLE != 0 )
3510:Middlewares/Third_Party/FreeRTOS/Source/tasks.c **** 
3511:Middlewares/Third_Party/FreeRTOS/Source/tasks.c **** 	eSleepModeStatus eTaskConfirmSleepModeStatus( void )
3512:Middlewares/Third_Party/FreeRTOS/Source/tasks.c **** 	{
3513:Middlewares/Third_Party/FreeRTOS/Source/tasks.c **** 	/* The idle task exists in addition to the application tasks. */
3514:Middlewares/Third_Party/FreeRTOS/Source/tasks.c **** 	const UBaseType_t uxNonApplicationTasks = 1;
3515:Middlewares/Third_Party/FreeRTOS/Source/tasks.c **** 	eSleepModeStatus eReturn = eStandardSleep;
3516:Middlewares/Third_Party/FreeRTOS/Source/tasks.c **** 
3517:Middlewares/Third_Party/FreeRTOS/Source/tasks.c **** 		/* This function must be called from a critical section. */
3518:Middlewares/Third_Party/FreeRTOS/Source/tasks.c **** 
3519:Middlewares/Third_Party/FreeRTOS/Source/tasks.c **** 		if( listCURRENT_LIST_LENGTH( &xPendingReadyList ) != 0 )
3520:Middlewares/Third_Party/FreeRTOS/Source/tasks.c **** 		{
3521:Middlewares/Third_Party/FreeRTOS/Source/tasks.c **** 			/* A task was made ready while the scheduler was suspended. */
3522:Middlewares/Third_Party/FreeRTOS/Source/tasks.c **** 			eReturn = eAbortSleep;
3523:Middlewares/Third_Party/FreeRTOS/Source/tasks.c **** 		}
3524:Middlewares/Third_Party/FreeRTOS/Source/tasks.c **** 		else if( xYieldPending != pdFALSE )
3525:Middlewares/Third_Party/FreeRTOS/Source/tasks.c **** 		{
3526:Middlewares/Third_Party/FreeRTOS/Source/tasks.c **** 			/* A yield was pended while the scheduler was suspended. */
3527:Middlewares/Third_Party/FreeRTOS/Source/tasks.c **** 			eReturn = eAbortSleep;
3528:Middlewares/Third_Party/FreeRTOS/Source/tasks.c **** 		}
3529:Middlewares/Third_Party/FreeRTOS/Source/tasks.c **** 		else
3530:Middlewares/Third_Party/FreeRTOS/Source/tasks.c **** 		{
3531:Middlewares/Third_Party/FreeRTOS/Source/tasks.c **** 			/* If all the tasks are in the suspended list (which might mean they
3532:Middlewares/Third_Party/FreeRTOS/Source/tasks.c **** 			have an infinite block time rather than actually being suspended)
3533:Middlewares/Third_Party/FreeRTOS/Source/tasks.c **** 			then it is safe to turn all clocks off and just wait for external
3534:Middlewares/Third_Party/FreeRTOS/Source/tasks.c **** 			interrupts. */
3535:Middlewares/Third_Party/FreeRTOS/Source/tasks.c **** 			if( listCURRENT_LIST_LENGTH( &xSuspendedTaskList ) == ( uxCurrentNumberOfTasks - uxNonApplicatio
3536:Middlewares/Third_Party/FreeRTOS/Source/tasks.c **** 			{
3537:Middlewares/Third_Party/FreeRTOS/Source/tasks.c **** 				eReturn = eNoTasksWaitingTimeout;
3538:Middlewares/Third_Party/FreeRTOS/Source/tasks.c **** 			}
3539:Middlewares/Third_Party/FreeRTOS/Source/tasks.c **** 			else
3540:Middlewares/Third_Party/FreeRTOS/Source/tasks.c **** 			{
3541:Middlewares/Third_Party/FreeRTOS/Source/tasks.c **** 				mtCOVERAGE_TEST_MARKER();
3542:Middlewares/Third_Party/FreeRTOS/Source/tasks.c **** 			}
3543:Middlewares/Third_Party/FreeRTOS/Source/tasks.c **** 		}
3544:Middlewares/Third_Party/FreeRTOS/Source/tasks.c **** 
3545:Middlewares/Third_Party/FreeRTOS/Source/tasks.c **** 		return eReturn;
3546:Middlewares/Third_Party/FreeRTOS/Source/tasks.c **** 	}
3547:Middlewares/Third_Party/FreeRTOS/Source/tasks.c **** 
3548:Middlewares/Third_Party/FreeRTOS/Source/tasks.c **** #endif /* configUSE_TICKLESS_IDLE */
3549:Middlewares/Third_Party/FreeRTOS/Source/tasks.c **** /*-----------------------------------------------------------*/
ARM GAS  D:\TMP\ccFCmCnH.s 			page 69


3550:Middlewares/Third_Party/FreeRTOS/Source/tasks.c **** 
3551:Middlewares/Third_Party/FreeRTOS/Source/tasks.c **** #if ( configNUM_THREAD_LOCAL_STORAGE_POINTERS != 0 )
3552:Middlewares/Third_Party/FreeRTOS/Source/tasks.c **** 
3553:Middlewares/Third_Party/FreeRTOS/Source/tasks.c **** 	void vTaskSetThreadLocalStoragePointer( TaskHandle_t xTaskToSet, BaseType_t xIndex, void *pvValue 
3554:Middlewares/Third_Party/FreeRTOS/Source/tasks.c **** 	{
3555:Middlewares/Third_Party/FreeRTOS/Source/tasks.c **** 	TCB_t *pxTCB;
3556:Middlewares/Third_Party/FreeRTOS/Source/tasks.c **** 
3557:Middlewares/Third_Party/FreeRTOS/Source/tasks.c **** 		if( xIndex < configNUM_THREAD_LOCAL_STORAGE_POINTERS )
3558:Middlewares/Third_Party/FreeRTOS/Source/tasks.c **** 		{
3559:Middlewares/Third_Party/FreeRTOS/Source/tasks.c **** 			pxTCB = prvGetTCBFromHandle( xTaskToSet );
3560:Middlewares/Third_Party/FreeRTOS/Source/tasks.c **** 			configASSERT( pxTCB != NULL );
3561:Middlewares/Third_Party/FreeRTOS/Source/tasks.c **** 			pxTCB->pvThreadLocalStoragePointers[ xIndex ] = pvValue;
3562:Middlewares/Third_Party/FreeRTOS/Source/tasks.c **** 		}
3563:Middlewares/Third_Party/FreeRTOS/Source/tasks.c **** 	}
3564:Middlewares/Third_Party/FreeRTOS/Source/tasks.c **** 
3565:Middlewares/Third_Party/FreeRTOS/Source/tasks.c **** #endif /* configNUM_THREAD_LOCAL_STORAGE_POINTERS */
3566:Middlewares/Third_Party/FreeRTOS/Source/tasks.c **** /*-----------------------------------------------------------*/
3567:Middlewares/Third_Party/FreeRTOS/Source/tasks.c **** 
3568:Middlewares/Third_Party/FreeRTOS/Source/tasks.c **** #if ( configNUM_THREAD_LOCAL_STORAGE_POINTERS != 0 )
3569:Middlewares/Third_Party/FreeRTOS/Source/tasks.c **** 
3570:Middlewares/Third_Party/FreeRTOS/Source/tasks.c **** 	void *pvTaskGetThreadLocalStoragePointer( TaskHandle_t xTaskToQuery, BaseType_t xIndex )
3571:Middlewares/Third_Party/FreeRTOS/Source/tasks.c **** 	{
3572:Middlewares/Third_Party/FreeRTOS/Source/tasks.c **** 	void *pvReturn = NULL;
3573:Middlewares/Third_Party/FreeRTOS/Source/tasks.c **** 	TCB_t *pxTCB;
3574:Middlewares/Third_Party/FreeRTOS/Source/tasks.c **** 
3575:Middlewares/Third_Party/FreeRTOS/Source/tasks.c **** 		if( xIndex < configNUM_THREAD_LOCAL_STORAGE_POINTERS )
3576:Middlewares/Third_Party/FreeRTOS/Source/tasks.c **** 		{
3577:Middlewares/Third_Party/FreeRTOS/Source/tasks.c **** 			pxTCB = prvGetTCBFromHandle( xTaskToQuery );
3578:Middlewares/Third_Party/FreeRTOS/Source/tasks.c **** 			pvReturn = pxTCB->pvThreadLocalStoragePointers[ xIndex ];
3579:Middlewares/Third_Party/FreeRTOS/Source/tasks.c **** 		}
3580:Middlewares/Third_Party/FreeRTOS/Source/tasks.c **** 		else
3581:Middlewares/Third_Party/FreeRTOS/Source/tasks.c **** 		{
3582:Middlewares/Third_Party/FreeRTOS/Source/tasks.c **** 			pvReturn = NULL;
3583:Middlewares/Third_Party/FreeRTOS/Source/tasks.c **** 		}
3584:Middlewares/Third_Party/FreeRTOS/Source/tasks.c **** 
3585:Middlewares/Third_Party/FreeRTOS/Source/tasks.c **** 		return pvReturn;
3586:Middlewares/Third_Party/FreeRTOS/Source/tasks.c **** 	}
3587:Middlewares/Third_Party/FreeRTOS/Source/tasks.c **** 
3588:Middlewares/Third_Party/FreeRTOS/Source/tasks.c **** #endif /* configNUM_THREAD_LOCAL_STORAGE_POINTERS */
3589:Middlewares/Third_Party/FreeRTOS/Source/tasks.c **** /*-----------------------------------------------------------*/
3590:Middlewares/Third_Party/FreeRTOS/Source/tasks.c **** 
3591:Middlewares/Third_Party/FreeRTOS/Source/tasks.c **** #if ( portUSING_MPU_WRAPPERS == 1 )
3592:Middlewares/Third_Party/FreeRTOS/Source/tasks.c **** 
3593:Middlewares/Third_Party/FreeRTOS/Source/tasks.c **** 	void vTaskAllocateMPURegions( TaskHandle_t xTaskToModify, const MemoryRegion_t * const xRegions )
3594:Middlewares/Third_Party/FreeRTOS/Source/tasks.c **** 	{
3595:Middlewares/Third_Party/FreeRTOS/Source/tasks.c **** 	TCB_t *pxTCB;
3596:Middlewares/Third_Party/FreeRTOS/Source/tasks.c **** 
3597:Middlewares/Third_Party/FreeRTOS/Source/tasks.c **** 		/* If null is passed in here then we are modifying the MPU settings of
3598:Middlewares/Third_Party/FreeRTOS/Source/tasks.c **** 		the calling task. */
3599:Middlewares/Third_Party/FreeRTOS/Source/tasks.c **** 		pxTCB = prvGetTCBFromHandle( xTaskToModify );
3600:Middlewares/Third_Party/FreeRTOS/Source/tasks.c **** 
3601:Middlewares/Third_Party/FreeRTOS/Source/tasks.c **** 		vPortStoreTaskMPUSettings( &( pxTCB->xMPUSettings ), xRegions, NULL, 0 );
3602:Middlewares/Third_Party/FreeRTOS/Source/tasks.c **** 	}
3603:Middlewares/Third_Party/FreeRTOS/Source/tasks.c **** 
3604:Middlewares/Third_Party/FreeRTOS/Source/tasks.c **** #endif /* portUSING_MPU_WRAPPERS */
3605:Middlewares/Third_Party/FreeRTOS/Source/tasks.c **** /*-----------------------------------------------------------*/
3606:Middlewares/Third_Party/FreeRTOS/Source/tasks.c **** 
ARM GAS  D:\TMP\ccFCmCnH.s 			page 70


3607:Middlewares/Third_Party/FreeRTOS/Source/tasks.c **** static void prvInitialiseTaskLists( void )
3608:Middlewares/Third_Party/FreeRTOS/Source/tasks.c **** {
3609:Middlewares/Third_Party/FreeRTOS/Source/tasks.c **** UBaseType_t uxPriority;
3610:Middlewares/Third_Party/FreeRTOS/Source/tasks.c **** 
3611:Middlewares/Third_Party/FreeRTOS/Source/tasks.c **** 	for( uxPriority = ( UBaseType_t ) 0U; uxPriority < ( UBaseType_t ) configMAX_PRIORITIES; uxPriorit
3612:Middlewares/Third_Party/FreeRTOS/Source/tasks.c **** 	{
3613:Middlewares/Third_Party/FreeRTOS/Source/tasks.c **** 		vListInitialise( &( pxReadyTasksLists[ uxPriority ] ) );
3614:Middlewares/Third_Party/FreeRTOS/Source/tasks.c **** 	}
3615:Middlewares/Third_Party/FreeRTOS/Source/tasks.c **** 
3616:Middlewares/Third_Party/FreeRTOS/Source/tasks.c **** 	vListInitialise( &xDelayedTaskList1 );
3617:Middlewares/Third_Party/FreeRTOS/Source/tasks.c **** 	vListInitialise( &xDelayedTaskList2 );
3618:Middlewares/Third_Party/FreeRTOS/Source/tasks.c **** 	vListInitialise( &xPendingReadyList );
3619:Middlewares/Third_Party/FreeRTOS/Source/tasks.c **** 
3620:Middlewares/Third_Party/FreeRTOS/Source/tasks.c **** 	#if ( INCLUDE_vTaskDelete == 1 )
3621:Middlewares/Third_Party/FreeRTOS/Source/tasks.c **** 	{
3622:Middlewares/Third_Party/FreeRTOS/Source/tasks.c **** 		vListInitialise( &xTasksWaitingTermination );
3623:Middlewares/Third_Party/FreeRTOS/Source/tasks.c **** 	}
3624:Middlewares/Third_Party/FreeRTOS/Source/tasks.c **** 	#endif /* INCLUDE_vTaskDelete */
3625:Middlewares/Third_Party/FreeRTOS/Source/tasks.c **** 
3626:Middlewares/Third_Party/FreeRTOS/Source/tasks.c **** 	#if ( INCLUDE_vTaskSuspend == 1 )
3627:Middlewares/Third_Party/FreeRTOS/Source/tasks.c **** 	{
3628:Middlewares/Third_Party/FreeRTOS/Source/tasks.c **** 		vListInitialise( &xSuspendedTaskList );
3629:Middlewares/Third_Party/FreeRTOS/Source/tasks.c **** 	}
3630:Middlewares/Third_Party/FreeRTOS/Source/tasks.c **** 	#endif /* INCLUDE_vTaskSuspend */
3631:Middlewares/Third_Party/FreeRTOS/Source/tasks.c **** 
3632:Middlewares/Third_Party/FreeRTOS/Source/tasks.c **** 	/* Start with pxDelayedTaskList using list1 and the pxOverflowDelayedTaskList
3633:Middlewares/Third_Party/FreeRTOS/Source/tasks.c **** 	using list2. */
3634:Middlewares/Third_Party/FreeRTOS/Source/tasks.c **** 	pxDelayedTaskList = &xDelayedTaskList1;
3635:Middlewares/Third_Party/FreeRTOS/Source/tasks.c **** 	pxOverflowDelayedTaskList = &xDelayedTaskList2;
3636:Middlewares/Third_Party/FreeRTOS/Source/tasks.c **** }
3637:Middlewares/Third_Party/FreeRTOS/Source/tasks.c **** /*-----------------------------------------------------------*/
3638:Middlewares/Third_Party/FreeRTOS/Source/tasks.c **** 
3639:Middlewares/Third_Party/FreeRTOS/Source/tasks.c **** static void prvCheckTasksWaitingTermination( void )
3640:Middlewares/Third_Party/FreeRTOS/Source/tasks.c **** {
3641:Middlewares/Third_Party/FreeRTOS/Source/tasks.c **** 
3642:Middlewares/Third_Party/FreeRTOS/Source/tasks.c **** 	/** THIS FUNCTION IS CALLED FROM THE RTOS IDLE TASK **/
3643:Middlewares/Third_Party/FreeRTOS/Source/tasks.c **** 
3644:Middlewares/Third_Party/FreeRTOS/Source/tasks.c **** 	#if ( INCLUDE_vTaskDelete == 1 )
3645:Middlewares/Third_Party/FreeRTOS/Source/tasks.c **** 	{
3646:Middlewares/Third_Party/FreeRTOS/Source/tasks.c **** 		TCB_t *pxTCB;
3647:Middlewares/Third_Party/FreeRTOS/Source/tasks.c **** 
3648:Middlewares/Third_Party/FreeRTOS/Source/tasks.c **** 		/* uxDeletedTasksWaitingCleanUp is used to prevent taskENTER_CRITICAL()
3649:Middlewares/Third_Party/FreeRTOS/Source/tasks.c **** 		being called too often in the idle task. */
3650:Middlewares/Third_Party/FreeRTOS/Source/tasks.c **** 		while( uxDeletedTasksWaitingCleanUp > ( UBaseType_t ) 0U )
3651:Middlewares/Third_Party/FreeRTOS/Source/tasks.c **** 		{
3652:Middlewares/Third_Party/FreeRTOS/Source/tasks.c **** 			taskENTER_CRITICAL();
3653:Middlewares/Third_Party/FreeRTOS/Source/tasks.c **** 			{
3654:Middlewares/Third_Party/FreeRTOS/Source/tasks.c **** 				pxTCB = listGET_OWNER_OF_HEAD_ENTRY( ( &xTasksWaitingTermination ) ); /*lint !e9079 void * is u
3655:Middlewares/Third_Party/FreeRTOS/Source/tasks.c **** 				( void ) uxListRemove( &( pxTCB->xStateListItem ) );
3656:Middlewares/Third_Party/FreeRTOS/Source/tasks.c **** 				--uxCurrentNumberOfTasks;
3657:Middlewares/Third_Party/FreeRTOS/Source/tasks.c **** 				--uxDeletedTasksWaitingCleanUp;
3658:Middlewares/Third_Party/FreeRTOS/Source/tasks.c **** 			}
3659:Middlewares/Third_Party/FreeRTOS/Source/tasks.c **** 			taskEXIT_CRITICAL();
3660:Middlewares/Third_Party/FreeRTOS/Source/tasks.c **** 
3661:Middlewares/Third_Party/FreeRTOS/Source/tasks.c **** 			prvDeleteTCB( pxTCB );
3662:Middlewares/Third_Party/FreeRTOS/Source/tasks.c **** 		}
3663:Middlewares/Third_Party/FreeRTOS/Source/tasks.c **** 	}
ARM GAS  D:\TMP\ccFCmCnH.s 			page 71


3664:Middlewares/Third_Party/FreeRTOS/Source/tasks.c **** 	#endif /* INCLUDE_vTaskDelete */
3665:Middlewares/Third_Party/FreeRTOS/Source/tasks.c **** }
3666:Middlewares/Third_Party/FreeRTOS/Source/tasks.c **** /*-----------------------------------------------------------*/
3667:Middlewares/Third_Party/FreeRTOS/Source/tasks.c **** 
3668:Middlewares/Third_Party/FreeRTOS/Source/tasks.c **** #if( configUSE_TRACE_FACILITY == 1 )
3669:Middlewares/Third_Party/FreeRTOS/Source/tasks.c **** 
3670:Middlewares/Third_Party/FreeRTOS/Source/tasks.c **** 	void vTaskGetInfo( TaskHandle_t xTask, TaskStatus_t *pxTaskStatus, BaseType_t xGetFreeStackSpace, 
3671:Middlewares/Third_Party/FreeRTOS/Source/tasks.c **** 	{
3672:Middlewares/Third_Party/FreeRTOS/Source/tasks.c **** 	TCB_t *pxTCB;
3673:Middlewares/Third_Party/FreeRTOS/Source/tasks.c **** 
3674:Middlewares/Third_Party/FreeRTOS/Source/tasks.c **** 		/* xTask is NULL then get the state of the calling task. */
3675:Middlewares/Third_Party/FreeRTOS/Source/tasks.c **** 		pxTCB = prvGetTCBFromHandle( xTask );
3676:Middlewares/Third_Party/FreeRTOS/Source/tasks.c **** 
3677:Middlewares/Third_Party/FreeRTOS/Source/tasks.c **** 		pxTaskStatus->xHandle = ( TaskHandle_t ) pxTCB;
3678:Middlewares/Third_Party/FreeRTOS/Source/tasks.c **** 		pxTaskStatus->pcTaskName = ( const char * ) &( pxTCB->pcTaskName [ 0 ] );
3679:Middlewares/Third_Party/FreeRTOS/Source/tasks.c **** 		pxTaskStatus->uxCurrentPriority = pxTCB->uxPriority;
3680:Middlewares/Third_Party/FreeRTOS/Source/tasks.c **** 		pxTaskStatus->pxStackBase = pxTCB->pxStack;
3681:Middlewares/Third_Party/FreeRTOS/Source/tasks.c **** 		pxTaskStatus->xTaskNumber = pxTCB->uxTCBNumber;
3682:Middlewares/Third_Party/FreeRTOS/Source/tasks.c **** 
3683:Middlewares/Third_Party/FreeRTOS/Source/tasks.c **** 		#if ( configUSE_MUTEXES == 1 )
3684:Middlewares/Third_Party/FreeRTOS/Source/tasks.c **** 		{
3685:Middlewares/Third_Party/FreeRTOS/Source/tasks.c **** 			pxTaskStatus->uxBasePriority = pxTCB->uxBasePriority;
3686:Middlewares/Third_Party/FreeRTOS/Source/tasks.c **** 		}
3687:Middlewares/Third_Party/FreeRTOS/Source/tasks.c **** 		#else
3688:Middlewares/Third_Party/FreeRTOS/Source/tasks.c **** 		{
3689:Middlewares/Third_Party/FreeRTOS/Source/tasks.c **** 			pxTaskStatus->uxBasePriority = 0;
3690:Middlewares/Third_Party/FreeRTOS/Source/tasks.c **** 		}
3691:Middlewares/Third_Party/FreeRTOS/Source/tasks.c **** 		#endif
3692:Middlewares/Third_Party/FreeRTOS/Source/tasks.c **** 
3693:Middlewares/Third_Party/FreeRTOS/Source/tasks.c **** 		#if ( configGENERATE_RUN_TIME_STATS == 1 )
3694:Middlewares/Third_Party/FreeRTOS/Source/tasks.c **** 		{
3695:Middlewares/Third_Party/FreeRTOS/Source/tasks.c **** 			pxTaskStatus->ulRunTimeCounter = pxTCB->ulRunTimeCounter;
3696:Middlewares/Third_Party/FreeRTOS/Source/tasks.c **** 		}
3697:Middlewares/Third_Party/FreeRTOS/Source/tasks.c **** 		#else
3698:Middlewares/Third_Party/FreeRTOS/Source/tasks.c **** 		{
3699:Middlewares/Third_Party/FreeRTOS/Source/tasks.c **** 			pxTaskStatus->ulRunTimeCounter = 0;
3700:Middlewares/Third_Party/FreeRTOS/Source/tasks.c **** 		}
3701:Middlewares/Third_Party/FreeRTOS/Source/tasks.c **** 		#endif
3702:Middlewares/Third_Party/FreeRTOS/Source/tasks.c **** 
3703:Middlewares/Third_Party/FreeRTOS/Source/tasks.c **** 		/* Obtaining the task state is a little fiddly, so is only done if the
3704:Middlewares/Third_Party/FreeRTOS/Source/tasks.c **** 		value of eState passed into this function is eInvalid - otherwise the
3705:Middlewares/Third_Party/FreeRTOS/Source/tasks.c **** 		state is just set to whatever is passed in. */
3706:Middlewares/Third_Party/FreeRTOS/Source/tasks.c **** 		if( eState != eInvalid )
3707:Middlewares/Third_Party/FreeRTOS/Source/tasks.c **** 		{
3708:Middlewares/Third_Party/FreeRTOS/Source/tasks.c **** 			if( pxTCB == pxCurrentTCB )
3709:Middlewares/Third_Party/FreeRTOS/Source/tasks.c **** 			{
3710:Middlewares/Third_Party/FreeRTOS/Source/tasks.c **** 				pxTaskStatus->eCurrentState = eRunning;
3711:Middlewares/Third_Party/FreeRTOS/Source/tasks.c **** 			}
3712:Middlewares/Third_Party/FreeRTOS/Source/tasks.c **** 			else
3713:Middlewares/Third_Party/FreeRTOS/Source/tasks.c **** 			{
3714:Middlewares/Third_Party/FreeRTOS/Source/tasks.c **** 				pxTaskStatus->eCurrentState = eState;
3715:Middlewares/Third_Party/FreeRTOS/Source/tasks.c **** 
3716:Middlewares/Third_Party/FreeRTOS/Source/tasks.c **** 				#if ( INCLUDE_vTaskSuspend == 1 )
3717:Middlewares/Third_Party/FreeRTOS/Source/tasks.c **** 				{
3718:Middlewares/Third_Party/FreeRTOS/Source/tasks.c **** 					/* If the task is in the suspended list then there is a
3719:Middlewares/Third_Party/FreeRTOS/Source/tasks.c **** 					chance it is actually just blocked indefinitely - so really
3720:Middlewares/Third_Party/FreeRTOS/Source/tasks.c **** 					it should be reported as being in the Blocked state. */
ARM GAS  D:\TMP\ccFCmCnH.s 			page 72


3721:Middlewares/Third_Party/FreeRTOS/Source/tasks.c **** 					if( eState == eSuspended )
3722:Middlewares/Third_Party/FreeRTOS/Source/tasks.c **** 					{
3723:Middlewares/Third_Party/FreeRTOS/Source/tasks.c **** 						vTaskSuspendAll();
3724:Middlewares/Third_Party/FreeRTOS/Source/tasks.c **** 						{
3725:Middlewares/Third_Party/FreeRTOS/Source/tasks.c **** 							if( listLIST_ITEM_CONTAINER( &( pxTCB->xEventListItem ) ) != NULL )
3726:Middlewares/Third_Party/FreeRTOS/Source/tasks.c **** 							{
3727:Middlewares/Third_Party/FreeRTOS/Source/tasks.c **** 								pxTaskStatus->eCurrentState = eBlocked;
3728:Middlewares/Third_Party/FreeRTOS/Source/tasks.c **** 							}
3729:Middlewares/Third_Party/FreeRTOS/Source/tasks.c **** 						}
3730:Middlewares/Third_Party/FreeRTOS/Source/tasks.c **** 						( void ) xTaskResumeAll();
3731:Middlewares/Third_Party/FreeRTOS/Source/tasks.c **** 					}
3732:Middlewares/Third_Party/FreeRTOS/Source/tasks.c **** 				}
3733:Middlewares/Third_Party/FreeRTOS/Source/tasks.c **** 				#endif /* INCLUDE_vTaskSuspend */
3734:Middlewares/Third_Party/FreeRTOS/Source/tasks.c **** 			}
3735:Middlewares/Third_Party/FreeRTOS/Source/tasks.c **** 		}
3736:Middlewares/Third_Party/FreeRTOS/Source/tasks.c **** 		else
3737:Middlewares/Third_Party/FreeRTOS/Source/tasks.c **** 		{
3738:Middlewares/Third_Party/FreeRTOS/Source/tasks.c **** 			pxTaskStatus->eCurrentState = eTaskGetState( pxTCB );
3739:Middlewares/Third_Party/FreeRTOS/Source/tasks.c **** 		}
3740:Middlewares/Third_Party/FreeRTOS/Source/tasks.c **** 
3741:Middlewares/Third_Party/FreeRTOS/Source/tasks.c **** 		/* Obtaining the stack space takes some time, so the xGetFreeStackSpace
3742:Middlewares/Third_Party/FreeRTOS/Source/tasks.c **** 		parameter is provided to allow it to be skipped. */
3743:Middlewares/Third_Party/FreeRTOS/Source/tasks.c **** 		if( xGetFreeStackSpace != pdFALSE )
3744:Middlewares/Third_Party/FreeRTOS/Source/tasks.c **** 		{
3745:Middlewares/Third_Party/FreeRTOS/Source/tasks.c **** 			#if ( portSTACK_GROWTH > 0 )
3746:Middlewares/Third_Party/FreeRTOS/Source/tasks.c **** 			{
3747:Middlewares/Third_Party/FreeRTOS/Source/tasks.c **** 				pxTaskStatus->usStackHighWaterMark = prvTaskCheckFreeStackSpace( ( uint8_t * ) pxTCB->pxEndOfSt
3748:Middlewares/Third_Party/FreeRTOS/Source/tasks.c **** 			}
3749:Middlewares/Third_Party/FreeRTOS/Source/tasks.c **** 			#else
3750:Middlewares/Third_Party/FreeRTOS/Source/tasks.c **** 			{
3751:Middlewares/Third_Party/FreeRTOS/Source/tasks.c **** 				pxTaskStatus->usStackHighWaterMark = prvTaskCheckFreeStackSpace( ( uint8_t * ) pxTCB->pxStack )
3752:Middlewares/Third_Party/FreeRTOS/Source/tasks.c **** 			}
3753:Middlewares/Third_Party/FreeRTOS/Source/tasks.c **** 			#endif
3754:Middlewares/Third_Party/FreeRTOS/Source/tasks.c **** 		}
3755:Middlewares/Third_Party/FreeRTOS/Source/tasks.c **** 		else
3756:Middlewares/Third_Party/FreeRTOS/Source/tasks.c **** 		{
3757:Middlewares/Third_Party/FreeRTOS/Source/tasks.c **** 			pxTaskStatus->usStackHighWaterMark = 0;
3758:Middlewares/Third_Party/FreeRTOS/Source/tasks.c **** 		}
3759:Middlewares/Third_Party/FreeRTOS/Source/tasks.c **** 	}
3760:Middlewares/Third_Party/FreeRTOS/Source/tasks.c **** 
3761:Middlewares/Third_Party/FreeRTOS/Source/tasks.c **** #endif /* configUSE_TRACE_FACILITY */
3762:Middlewares/Third_Party/FreeRTOS/Source/tasks.c **** /*-----------------------------------------------------------*/
3763:Middlewares/Third_Party/FreeRTOS/Source/tasks.c **** 
3764:Middlewares/Third_Party/FreeRTOS/Source/tasks.c **** #if ( configUSE_TRACE_FACILITY == 1 )
3765:Middlewares/Third_Party/FreeRTOS/Source/tasks.c **** 
3766:Middlewares/Third_Party/FreeRTOS/Source/tasks.c **** 	static UBaseType_t prvListTasksWithinSingleList( TaskStatus_t *pxTaskStatusArray, List_t *pxList, 
3767:Middlewares/Third_Party/FreeRTOS/Source/tasks.c **** 	{
3768:Middlewares/Third_Party/FreeRTOS/Source/tasks.c **** 	configLIST_VOLATILE TCB_t *pxNextTCB, *pxFirstTCB;
3769:Middlewares/Third_Party/FreeRTOS/Source/tasks.c **** 	UBaseType_t uxTask = 0;
3770:Middlewares/Third_Party/FreeRTOS/Source/tasks.c **** 
3771:Middlewares/Third_Party/FreeRTOS/Source/tasks.c **** 		if( listCURRENT_LIST_LENGTH( pxList ) > ( UBaseType_t ) 0 )
3772:Middlewares/Third_Party/FreeRTOS/Source/tasks.c **** 		{
3773:Middlewares/Third_Party/FreeRTOS/Source/tasks.c **** 			listGET_OWNER_OF_NEXT_ENTRY( pxFirstTCB, pxList ); /*lint !e9079 void * is used as this macro is
3774:Middlewares/Third_Party/FreeRTOS/Source/tasks.c **** 
3775:Middlewares/Third_Party/FreeRTOS/Source/tasks.c **** 			/* Populate an TaskStatus_t structure within the
3776:Middlewares/Third_Party/FreeRTOS/Source/tasks.c **** 			pxTaskStatusArray array for each task that is referenced from
3777:Middlewares/Third_Party/FreeRTOS/Source/tasks.c **** 			pxList.  See the definition of TaskStatus_t in task.h for the
ARM GAS  D:\TMP\ccFCmCnH.s 			page 73


3778:Middlewares/Third_Party/FreeRTOS/Source/tasks.c **** 			meaning of each TaskStatus_t structure member. */
3779:Middlewares/Third_Party/FreeRTOS/Source/tasks.c **** 			do
3780:Middlewares/Third_Party/FreeRTOS/Source/tasks.c **** 			{
3781:Middlewares/Third_Party/FreeRTOS/Source/tasks.c **** 				listGET_OWNER_OF_NEXT_ENTRY( pxNextTCB, pxList ); /*lint !e9079 void * is used as this macro is
3782:Middlewares/Third_Party/FreeRTOS/Source/tasks.c **** 				vTaskGetInfo( ( TaskHandle_t ) pxNextTCB, &( pxTaskStatusArray[ uxTask ] ), pdTRUE, eState );
3783:Middlewares/Third_Party/FreeRTOS/Source/tasks.c **** 				uxTask++;
3784:Middlewares/Third_Party/FreeRTOS/Source/tasks.c **** 			} while( pxNextTCB != pxFirstTCB );
3785:Middlewares/Third_Party/FreeRTOS/Source/tasks.c **** 		}
3786:Middlewares/Third_Party/FreeRTOS/Source/tasks.c **** 		else
3787:Middlewares/Third_Party/FreeRTOS/Source/tasks.c **** 		{
3788:Middlewares/Third_Party/FreeRTOS/Source/tasks.c **** 			mtCOVERAGE_TEST_MARKER();
3789:Middlewares/Third_Party/FreeRTOS/Source/tasks.c **** 		}
3790:Middlewares/Third_Party/FreeRTOS/Source/tasks.c **** 
3791:Middlewares/Third_Party/FreeRTOS/Source/tasks.c **** 		return uxTask;
3792:Middlewares/Third_Party/FreeRTOS/Source/tasks.c **** 	}
3793:Middlewares/Third_Party/FreeRTOS/Source/tasks.c **** 
3794:Middlewares/Third_Party/FreeRTOS/Source/tasks.c **** #endif /* configUSE_TRACE_FACILITY */
3795:Middlewares/Third_Party/FreeRTOS/Source/tasks.c **** /*-----------------------------------------------------------*/
3796:Middlewares/Third_Party/FreeRTOS/Source/tasks.c **** 
3797:Middlewares/Third_Party/FreeRTOS/Source/tasks.c **** #if ( ( configUSE_TRACE_FACILITY == 1 ) || ( INCLUDE_uxTaskGetStackHighWaterMark == 1 ) || ( INCLUD
3798:Middlewares/Third_Party/FreeRTOS/Source/tasks.c **** 
3799:Middlewares/Third_Party/FreeRTOS/Source/tasks.c **** 	static configSTACK_DEPTH_TYPE prvTaskCheckFreeStackSpace( const uint8_t * pucStackByte )
3800:Middlewares/Third_Party/FreeRTOS/Source/tasks.c **** 	{
3801:Middlewares/Third_Party/FreeRTOS/Source/tasks.c **** 	uint32_t ulCount = 0U;
3802:Middlewares/Third_Party/FreeRTOS/Source/tasks.c **** 
3803:Middlewares/Third_Party/FreeRTOS/Source/tasks.c **** 		while( *pucStackByte == ( uint8_t ) tskSTACK_FILL_BYTE )
3804:Middlewares/Third_Party/FreeRTOS/Source/tasks.c **** 		{
3805:Middlewares/Third_Party/FreeRTOS/Source/tasks.c **** 			pucStackByte -= portSTACK_GROWTH;
3806:Middlewares/Third_Party/FreeRTOS/Source/tasks.c **** 			ulCount++;
3807:Middlewares/Third_Party/FreeRTOS/Source/tasks.c **** 		}
3808:Middlewares/Third_Party/FreeRTOS/Source/tasks.c **** 
3809:Middlewares/Third_Party/FreeRTOS/Source/tasks.c **** 		ulCount /= ( uint32_t ) sizeof( StackType_t ); /*lint !e961 Casting is not redundant on smaller a
3810:Middlewares/Third_Party/FreeRTOS/Source/tasks.c **** 
3811:Middlewares/Third_Party/FreeRTOS/Source/tasks.c **** 		return ( configSTACK_DEPTH_TYPE ) ulCount;
3812:Middlewares/Third_Party/FreeRTOS/Source/tasks.c **** 	}
3813:Middlewares/Third_Party/FreeRTOS/Source/tasks.c **** 
3814:Middlewares/Third_Party/FreeRTOS/Source/tasks.c **** #endif /* ( ( configUSE_TRACE_FACILITY == 1 ) || ( INCLUDE_uxTaskGetStackHighWaterMark == 1 ) || ( 
3815:Middlewares/Third_Party/FreeRTOS/Source/tasks.c **** /*-----------------------------------------------------------*/
3816:Middlewares/Third_Party/FreeRTOS/Source/tasks.c **** 
3817:Middlewares/Third_Party/FreeRTOS/Source/tasks.c **** #if ( INCLUDE_uxTaskGetStackHighWaterMark2 == 1 )
3818:Middlewares/Third_Party/FreeRTOS/Source/tasks.c **** 
3819:Middlewares/Third_Party/FreeRTOS/Source/tasks.c **** 	/* uxTaskGetStackHighWaterMark() and uxTaskGetStackHighWaterMark2() are the
3820:Middlewares/Third_Party/FreeRTOS/Source/tasks.c **** 	same except for their return type.  Using configSTACK_DEPTH_TYPE allows the
3821:Middlewares/Third_Party/FreeRTOS/Source/tasks.c **** 	user to determine the return type.  It gets around the problem of the value
3822:Middlewares/Third_Party/FreeRTOS/Source/tasks.c **** 	overflowing on 8-bit types without breaking backward compatibility for
3823:Middlewares/Third_Party/FreeRTOS/Source/tasks.c **** 	applications that expect an 8-bit return type. */
3824:Middlewares/Third_Party/FreeRTOS/Source/tasks.c **** 	configSTACK_DEPTH_TYPE uxTaskGetStackHighWaterMark2( TaskHandle_t xTask )
3825:Middlewares/Third_Party/FreeRTOS/Source/tasks.c **** 	{
3826:Middlewares/Third_Party/FreeRTOS/Source/tasks.c **** 	TCB_t *pxTCB;
3827:Middlewares/Third_Party/FreeRTOS/Source/tasks.c **** 	uint8_t *pucEndOfStack;
3828:Middlewares/Third_Party/FreeRTOS/Source/tasks.c **** 	configSTACK_DEPTH_TYPE uxReturn;
3829:Middlewares/Third_Party/FreeRTOS/Source/tasks.c **** 
3830:Middlewares/Third_Party/FreeRTOS/Source/tasks.c **** 		/* uxTaskGetStackHighWaterMark() and uxTaskGetStackHighWaterMark2() are
3831:Middlewares/Third_Party/FreeRTOS/Source/tasks.c **** 		the same except for their return type.  Using configSTACK_DEPTH_TYPE
3832:Middlewares/Third_Party/FreeRTOS/Source/tasks.c **** 		allows the user to determine the return type.  It gets around the
3833:Middlewares/Third_Party/FreeRTOS/Source/tasks.c **** 		problem of the value overflowing on 8-bit types without breaking
3834:Middlewares/Third_Party/FreeRTOS/Source/tasks.c **** 		backward compatibility for applications that expect an 8-bit return
ARM GAS  D:\TMP\ccFCmCnH.s 			page 74


3835:Middlewares/Third_Party/FreeRTOS/Source/tasks.c **** 		type. */
3836:Middlewares/Third_Party/FreeRTOS/Source/tasks.c **** 
3837:Middlewares/Third_Party/FreeRTOS/Source/tasks.c **** 		pxTCB = prvGetTCBFromHandle( xTask );
3838:Middlewares/Third_Party/FreeRTOS/Source/tasks.c **** 
3839:Middlewares/Third_Party/FreeRTOS/Source/tasks.c **** 		#if portSTACK_GROWTH < 0
3840:Middlewares/Third_Party/FreeRTOS/Source/tasks.c **** 		{
3841:Middlewares/Third_Party/FreeRTOS/Source/tasks.c **** 			pucEndOfStack = ( uint8_t * ) pxTCB->pxStack;
3842:Middlewares/Third_Party/FreeRTOS/Source/tasks.c **** 		}
3843:Middlewares/Third_Party/FreeRTOS/Source/tasks.c **** 		#else
3844:Middlewares/Third_Party/FreeRTOS/Source/tasks.c **** 		{
3845:Middlewares/Third_Party/FreeRTOS/Source/tasks.c **** 			pucEndOfStack = ( uint8_t * ) pxTCB->pxEndOfStack;
3846:Middlewares/Third_Party/FreeRTOS/Source/tasks.c **** 		}
3847:Middlewares/Third_Party/FreeRTOS/Source/tasks.c **** 		#endif
3848:Middlewares/Third_Party/FreeRTOS/Source/tasks.c **** 
3849:Middlewares/Third_Party/FreeRTOS/Source/tasks.c **** 		uxReturn = prvTaskCheckFreeStackSpace( pucEndOfStack );
3850:Middlewares/Third_Party/FreeRTOS/Source/tasks.c **** 
3851:Middlewares/Third_Party/FreeRTOS/Source/tasks.c **** 		return uxReturn;
3852:Middlewares/Third_Party/FreeRTOS/Source/tasks.c **** 	}
3853:Middlewares/Third_Party/FreeRTOS/Source/tasks.c **** 
3854:Middlewares/Third_Party/FreeRTOS/Source/tasks.c **** #endif /* INCLUDE_uxTaskGetStackHighWaterMark2 */
3855:Middlewares/Third_Party/FreeRTOS/Source/tasks.c **** /*-----------------------------------------------------------*/
3856:Middlewares/Third_Party/FreeRTOS/Source/tasks.c **** 
3857:Middlewares/Third_Party/FreeRTOS/Source/tasks.c **** #if ( INCLUDE_uxTaskGetStackHighWaterMark == 1 )
3858:Middlewares/Third_Party/FreeRTOS/Source/tasks.c **** 
3859:Middlewares/Third_Party/FreeRTOS/Source/tasks.c **** 	UBaseType_t uxTaskGetStackHighWaterMark( TaskHandle_t xTask )
3860:Middlewares/Third_Party/FreeRTOS/Source/tasks.c **** 	{
3861:Middlewares/Third_Party/FreeRTOS/Source/tasks.c **** 	TCB_t *pxTCB;
3862:Middlewares/Third_Party/FreeRTOS/Source/tasks.c **** 	uint8_t *pucEndOfStack;
3863:Middlewares/Third_Party/FreeRTOS/Source/tasks.c **** 	UBaseType_t uxReturn;
3864:Middlewares/Third_Party/FreeRTOS/Source/tasks.c **** 
3865:Middlewares/Third_Party/FreeRTOS/Source/tasks.c **** 		pxTCB = prvGetTCBFromHandle( xTask );
3866:Middlewares/Third_Party/FreeRTOS/Source/tasks.c **** 
3867:Middlewares/Third_Party/FreeRTOS/Source/tasks.c **** 		#if portSTACK_GROWTH < 0
3868:Middlewares/Third_Party/FreeRTOS/Source/tasks.c **** 		{
3869:Middlewares/Third_Party/FreeRTOS/Source/tasks.c **** 			pucEndOfStack = ( uint8_t * ) pxTCB->pxStack;
3870:Middlewares/Third_Party/FreeRTOS/Source/tasks.c **** 		}
3871:Middlewares/Third_Party/FreeRTOS/Source/tasks.c **** 		#else
3872:Middlewares/Third_Party/FreeRTOS/Source/tasks.c **** 		{
3873:Middlewares/Third_Party/FreeRTOS/Source/tasks.c **** 			pucEndOfStack = ( uint8_t * ) pxTCB->pxEndOfStack;
3874:Middlewares/Third_Party/FreeRTOS/Source/tasks.c **** 		}
3875:Middlewares/Third_Party/FreeRTOS/Source/tasks.c **** 		#endif
3876:Middlewares/Third_Party/FreeRTOS/Source/tasks.c **** 
3877:Middlewares/Third_Party/FreeRTOS/Source/tasks.c **** 		uxReturn = ( UBaseType_t ) prvTaskCheckFreeStackSpace( pucEndOfStack );
3878:Middlewares/Third_Party/FreeRTOS/Source/tasks.c **** 
3879:Middlewares/Third_Party/FreeRTOS/Source/tasks.c **** 		return uxReturn;
3880:Middlewares/Third_Party/FreeRTOS/Source/tasks.c **** 	}
3881:Middlewares/Third_Party/FreeRTOS/Source/tasks.c **** 
3882:Middlewares/Third_Party/FreeRTOS/Source/tasks.c **** #endif /* INCLUDE_uxTaskGetStackHighWaterMark */
3883:Middlewares/Third_Party/FreeRTOS/Source/tasks.c **** /*-----------------------------------------------------------*/
3884:Middlewares/Third_Party/FreeRTOS/Source/tasks.c **** 
3885:Middlewares/Third_Party/FreeRTOS/Source/tasks.c **** #if ( INCLUDE_vTaskDelete == 1 )
3886:Middlewares/Third_Party/FreeRTOS/Source/tasks.c **** 
3887:Middlewares/Third_Party/FreeRTOS/Source/tasks.c **** 	static void prvDeleteTCB( TCB_t *pxTCB )
3888:Middlewares/Third_Party/FreeRTOS/Source/tasks.c **** 	{
3889:Middlewares/Third_Party/FreeRTOS/Source/tasks.c **** 		/* This call is required specifically for the TriCore port.  It must be
3890:Middlewares/Third_Party/FreeRTOS/Source/tasks.c **** 		above the vPortFree() calls.  The call is also used by ports/demos that
3891:Middlewares/Third_Party/FreeRTOS/Source/tasks.c **** 		want to allocate and clean RAM statically. */
ARM GAS  D:\TMP\ccFCmCnH.s 			page 75


3892:Middlewares/Third_Party/FreeRTOS/Source/tasks.c **** 		portCLEAN_UP_TCB( pxTCB );
3893:Middlewares/Third_Party/FreeRTOS/Source/tasks.c **** 
3894:Middlewares/Third_Party/FreeRTOS/Source/tasks.c **** 		/* Free up the memory allocated by the scheduler for the task.  It is up
3895:Middlewares/Third_Party/FreeRTOS/Source/tasks.c **** 		to the task to free any memory allocated at the application level.
3896:Middlewares/Third_Party/FreeRTOS/Source/tasks.c **** 		See the third party link http://www.nadler.com/embedded/newlibAndFreeRTOS.html
3897:Middlewares/Third_Party/FreeRTOS/Source/tasks.c **** 		for additional information. */
3898:Middlewares/Third_Party/FreeRTOS/Source/tasks.c **** 		#if ( configUSE_NEWLIB_REENTRANT == 1 )
3899:Middlewares/Third_Party/FreeRTOS/Source/tasks.c **** 		{
3900:Middlewares/Third_Party/FreeRTOS/Source/tasks.c **** 			_reclaim_reent( &( pxTCB->xNewLib_reent ) );
3901:Middlewares/Third_Party/FreeRTOS/Source/tasks.c **** 		}
3902:Middlewares/Third_Party/FreeRTOS/Source/tasks.c **** 		#endif /* configUSE_NEWLIB_REENTRANT */
3903:Middlewares/Third_Party/FreeRTOS/Source/tasks.c **** 
3904:Middlewares/Third_Party/FreeRTOS/Source/tasks.c **** 		#if( ( configSUPPORT_DYNAMIC_ALLOCATION == 1 ) && ( configSUPPORT_STATIC_ALLOCATION == 0 ) && ( p
3905:Middlewares/Third_Party/FreeRTOS/Source/tasks.c **** 		{
3906:Middlewares/Third_Party/FreeRTOS/Source/tasks.c **** 			/* The task can only have been allocated dynamically - free both
3907:Middlewares/Third_Party/FreeRTOS/Source/tasks.c **** 			the stack and TCB. */
3908:Middlewares/Third_Party/FreeRTOS/Source/tasks.c **** 			vPortFree( pxTCB->pxStack );
3909:Middlewares/Third_Party/FreeRTOS/Source/tasks.c **** 			vPortFree( pxTCB );
3910:Middlewares/Third_Party/FreeRTOS/Source/tasks.c **** 		}
3911:Middlewares/Third_Party/FreeRTOS/Source/tasks.c **** 		#elif( tskSTATIC_AND_DYNAMIC_ALLOCATION_POSSIBLE != 0 ) /*lint !e731 !e9029 Macro has been consol
3912:Middlewares/Third_Party/FreeRTOS/Source/tasks.c **** 		{
3913:Middlewares/Third_Party/FreeRTOS/Source/tasks.c **** 			/* The task could have been allocated statically or dynamically, so
3914:Middlewares/Third_Party/FreeRTOS/Source/tasks.c **** 			check what was statically allocated before trying to free the
3915:Middlewares/Third_Party/FreeRTOS/Source/tasks.c **** 			memory. */
3916:Middlewares/Third_Party/FreeRTOS/Source/tasks.c **** 			if( pxTCB->ucStaticallyAllocated == tskDYNAMICALLY_ALLOCATED_STACK_AND_TCB )
3917:Middlewares/Third_Party/FreeRTOS/Source/tasks.c **** 			{
3918:Middlewares/Third_Party/FreeRTOS/Source/tasks.c **** 				/* Both the stack and TCB were allocated dynamically, so both
3919:Middlewares/Third_Party/FreeRTOS/Source/tasks.c **** 				must be freed. */
3920:Middlewares/Third_Party/FreeRTOS/Source/tasks.c **** 				vPortFree( pxTCB->pxStack );
3921:Middlewares/Third_Party/FreeRTOS/Source/tasks.c **** 				vPortFree( pxTCB );
3922:Middlewares/Third_Party/FreeRTOS/Source/tasks.c **** 			}
3923:Middlewares/Third_Party/FreeRTOS/Source/tasks.c **** 			else if( pxTCB->ucStaticallyAllocated == tskSTATICALLY_ALLOCATED_STACK_ONLY )
3924:Middlewares/Third_Party/FreeRTOS/Source/tasks.c **** 			{
3925:Middlewares/Third_Party/FreeRTOS/Source/tasks.c **** 				/* Only the stack was statically allocated, so the TCB is the
3926:Middlewares/Third_Party/FreeRTOS/Source/tasks.c **** 				only memory that must be freed. */
3927:Middlewares/Third_Party/FreeRTOS/Source/tasks.c **** 				vPortFree( pxTCB );
3928:Middlewares/Third_Party/FreeRTOS/Source/tasks.c **** 			}
3929:Middlewares/Third_Party/FreeRTOS/Source/tasks.c **** 			else
3930:Middlewares/Third_Party/FreeRTOS/Source/tasks.c **** 			{
3931:Middlewares/Third_Party/FreeRTOS/Source/tasks.c **** 				/* Neither the stack nor the TCB were allocated dynamically, so
3932:Middlewares/Third_Party/FreeRTOS/Source/tasks.c **** 				nothing needs to be freed. */
3933:Middlewares/Third_Party/FreeRTOS/Source/tasks.c **** 				configASSERT( pxTCB->ucStaticallyAllocated == tskSTATICALLY_ALLOCATED_STACK_AND_TCB	);
3934:Middlewares/Third_Party/FreeRTOS/Source/tasks.c **** 				mtCOVERAGE_TEST_MARKER();
3935:Middlewares/Third_Party/FreeRTOS/Source/tasks.c **** 			}
3936:Middlewares/Third_Party/FreeRTOS/Source/tasks.c **** 		}
3937:Middlewares/Third_Party/FreeRTOS/Source/tasks.c **** 		#endif /* configSUPPORT_DYNAMIC_ALLOCATION */
3938:Middlewares/Third_Party/FreeRTOS/Source/tasks.c **** 	}
3939:Middlewares/Third_Party/FreeRTOS/Source/tasks.c **** 
3940:Middlewares/Third_Party/FreeRTOS/Source/tasks.c **** #endif /* INCLUDE_vTaskDelete */
3941:Middlewares/Third_Party/FreeRTOS/Source/tasks.c **** /*-----------------------------------------------------------*/
3942:Middlewares/Third_Party/FreeRTOS/Source/tasks.c **** 
3943:Middlewares/Third_Party/FreeRTOS/Source/tasks.c **** static void prvResetNextTaskUnblockTime( void )
3944:Middlewares/Third_Party/FreeRTOS/Source/tasks.c **** {
 124              		.loc 1 3944 1 is_stmt 1 view -0
 125              		.cfi_startproc
 126              		@ args = 0, pretend = 0, frame = 0
 127              		@ frame_needed = 0, uses_anonymous_args = 0
ARM GAS  D:\TMP\ccFCmCnH.s 			page 76


 128              		@ link register save eliminated.
3945:Middlewares/Third_Party/FreeRTOS/Source/tasks.c **** TCB_t *pxTCB;
 129              		.loc 1 3945 1 view .LVU31
3946:Middlewares/Third_Party/FreeRTOS/Source/tasks.c **** 
3947:Middlewares/Third_Party/FreeRTOS/Source/tasks.c **** 	if( listLIST_IS_EMPTY( pxDelayedTaskList ) != pdFALSE )
 130              		.loc 1 3947 2 view .LVU32
 131              		.loc 1 3947 6 is_stmt 0 view .LVU33
 132 0000 084B     		ldr	r3, .L15
 133 0002 1B68     		ldr	r3, [r3]
 134 0004 1B68     		ldr	r3, [r3]
 135              		.loc 1 3947 4 view .LVU34
 136 0006 23B9     		cbnz	r3, .L13
3948:Middlewares/Third_Party/FreeRTOS/Source/tasks.c **** 	{
3949:Middlewares/Third_Party/FreeRTOS/Source/tasks.c **** 		/* The new current delayed list is empty.  Set xNextTaskUnblockTime to
3950:Middlewares/Third_Party/FreeRTOS/Source/tasks.c **** 		the maximum possible value so it is	extremely unlikely that the
3951:Middlewares/Third_Party/FreeRTOS/Source/tasks.c **** 		if( xTickCount >= xNextTaskUnblockTime ) test will pass until
3952:Middlewares/Third_Party/FreeRTOS/Source/tasks.c **** 		there is an item in the delayed list. */
3953:Middlewares/Third_Party/FreeRTOS/Source/tasks.c **** 		xNextTaskUnblockTime = portMAX_DELAY;
 137              		.loc 1 3953 3 is_stmt 1 view .LVU35
 138              		.loc 1 3953 24 is_stmt 0 view .LVU36
 139 0008 074B     		ldr	r3, .L15+4
 140 000a 4FF0FF32 		mov	r2, #-1
 141 000e 1A60     		str	r2, [r3]
 142 0010 7047     		bx	lr
 143              	.L13:
3954:Middlewares/Third_Party/FreeRTOS/Source/tasks.c **** 	}
3955:Middlewares/Third_Party/FreeRTOS/Source/tasks.c **** 	else
3956:Middlewares/Third_Party/FreeRTOS/Source/tasks.c **** 	{
3957:Middlewares/Third_Party/FreeRTOS/Source/tasks.c **** 		/* The new current delayed list is not empty, get the value of
3958:Middlewares/Third_Party/FreeRTOS/Source/tasks.c **** 		the item at the head of the delayed list.  This is the time at
3959:Middlewares/Third_Party/FreeRTOS/Source/tasks.c **** 		which the task at the head of the delayed list should be removed
3960:Middlewares/Third_Party/FreeRTOS/Source/tasks.c **** 		from the Blocked state. */
3961:Middlewares/Third_Party/FreeRTOS/Source/tasks.c **** 		( pxTCB ) = listGET_OWNER_OF_HEAD_ENTRY( pxDelayedTaskList ); /*lint !e9079 void * is used as thi
 144              		.loc 1 3961 3 is_stmt 1 view .LVU37
 145              		.loc 1 3961 15 is_stmt 0 view .LVU38
 146 0012 044B     		ldr	r3, .L15
 147 0014 1B68     		ldr	r3, [r3]
 148 0016 DB68     		ldr	r3, [r3, #12]
 149              		.loc 1 3961 13 view .LVU39
 150 0018 DB68     		ldr	r3, [r3, #12]
 151              	.LVL8:
3962:Middlewares/Third_Party/FreeRTOS/Source/tasks.c **** 		xNextTaskUnblockTime = listGET_LIST_ITEM_VALUE( &( ( pxTCB )->xStateListItem ) );
 152              		.loc 1 3962 3 is_stmt 1 view .LVU40
 153              		.loc 1 3962 26 is_stmt 0 view .LVU41
 154 001a 5A68     		ldr	r2, [r3, #4]
 155              		.loc 1 3962 24 view .LVU42
 156 001c 024B     		ldr	r3, .L15+4
 157              	.LVL9:
 158              		.loc 1 3962 24 view .LVU43
 159 001e 1A60     		str	r2, [r3]
3963:Middlewares/Third_Party/FreeRTOS/Source/tasks.c **** 	}
3964:Middlewares/Third_Party/FreeRTOS/Source/tasks.c **** }
 160              		.loc 1 3964 1 view .LVU44
 161 0020 7047     		bx	lr
 162              	.L16:
 163 0022 00BF     		.align	2
 164              	.L15:
ARM GAS  D:\TMP\ccFCmCnH.s 			page 77


 165 0024 00000000 		.word	pxDelayedTaskList
 166 0028 00000000 		.word	xNextTaskUnblockTime
 167              		.cfi_endproc
 168              	.LFE42:
 170              		.section	.text.prvDeleteTCB,"ax",%progbits
 171              		.align	1
 172              		.syntax unified
 173              		.thumb
 174              		.thumb_func
 176              	prvDeleteTCB:
 177              	.LVL10:
 178              	.LFB41:
3888:Middlewares/Third_Party/FreeRTOS/Source/tasks.c **** 		/* This call is required specifically for the TriCore port.  It must be
 179              		.loc 1 3888 2 is_stmt 1 view -0
 180              		.cfi_startproc
 181              		@ args = 0, pretend = 0, frame = 0
 182              		@ frame_needed = 0, uses_anonymous_args = 0
3888:Middlewares/Third_Party/FreeRTOS/Source/tasks.c **** 		/* This call is required specifically for the TriCore port.  It must be
 183              		.loc 1 3888 2 is_stmt 0 view .LVU46
 184 0000 10B5     		push	{r4, lr}
 185              	.LCFI0:
 186              		.cfi_def_cfa_offset 8
 187              		.cfi_offset 4, -8
 188              		.cfi_offset 14, -4
 189 0002 0446     		mov	r4, r0
3892:Middlewares/Third_Party/FreeRTOS/Source/tasks.c **** 
 190              		.loc 1 3892 3 is_stmt 1 view .LVU47
3908:Middlewares/Third_Party/FreeRTOS/Source/tasks.c **** 			vPortFree( pxTCB );
 191              		.loc 1 3908 4 view .LVU48
 192 0004 006B     		ldr	r0, [r0, #48]
 193              	.LVL11:
3908:Middlewares/Third_Party/FreeRTOS/Source/tasks.c **** 			vPortFree( pxTCB );
 194              		.loc 1 3908 4 is_stmt 0 view .LVU49
 195 0006 FFF7FEFF 		bl	vPortFree
 196              	.LVL12:
3909:Middlewares/Third_Party/FreeRTOS/Source/tasks.c **** 		}
 197              		.loc 1 3909 4 is_stmt 1 view .LVU50
 198 000a 2046     		mov	r0, r4
 199 000c FFF7FEFF 		bl	vPortFree
 200              	.LVL13:
3938:Middlewares/Third_Party/FreeRTOS/Source/tasks.c **** 
 201              		.loc 1 3938 2 is_stmt 0 view .LVU51
 202 0010 10BD     		pop	{r4, pc}
3938:Middlewares/Third_Party/FreeRTOS/Source/tasks.c **** 
 203              		.loc 1 3938 2 view .LVU52
 204              		.cfi_endproc
 205              	.LFE41:
 207              		.section	.text.prvInitialiseNewTask,"ax",%progbits
 208              		.align	1
 209              		.syntax unified
 210              		.thumb
 211              		.thumb_func
 213              	prvInitialiseNewTask:
 214              	.LVL14:
 215              	.LFB6:
 832:Middlewares/Third_Party/FreeRTOS/Source/tasks.c **** StackType_t *pxTopOfStack;
 216              		.loc 1 832 1 is_stmt 1 view -0
ARM GAS  D:\TMP\ccFCmCnH.s 			page 78


 217              		.cfi_startproc
 218              		@ args = 16, pretend = 0, frame = 0
 219              		@ frame_needed = 0, uses_anonymous_args = 0
 832:Middlewares/Third_Party/FreeRTOS/Source/tasks.c **** StackType_t *pxTopOfStack;
 220              		.loc 1 832 1 is_stmt 0 view .LVU54
 221 0000 2DE9F047 		push	{r4, r5, r6, r7, r8, r9, r10, lr}
 222              	.LCFI1:
 223              		.cfi_def_cfa_offset 32
 224              		.cfi_offset 4, -32
 225              		.cfi_offset 5, -28
 226              		.cfi_offset 6, -24
 227              		.cfi_offset 7, -20
 228              		.cfi_offset 8, -16
 229              		.cfi_offset 9, -12
 230              		.cfi_offset 10, -8
 231              		.cfi_offset 14, -4
 232 0004 8046     		mov	r8, r0
 233 0006 0D46     		mov	r5, r1
 234 0008 1746     		mov	r7, r2
 235 000a 9946     		mov	r9, r3
 236 000c 089E     		ldr	r6, [sp, #32]
 237 000e DDF824A0 		ldr	r10, [sp, #36]
 238 0012 0A9C     		ldr	r4, [sp, #40]
 833:Middlewares/Third_Party/FreeRTOS/Source/tasks.c **** UBaseType_t x;
 239              		.loc 1 833 1 is_stmt 1 view .LVU55
 834:Middlewares/Third_Party/FreeRTOS/Source/tasks.c **** 
 240              		.loc 1 834 1 view .LVU56
 854:Middlewares/Third_Party/FreeRTOS/Source/tasks.c **** 	}
 241              		.loc 1 854 3 view .LVU57
 854:Middlewares/Third_Party/FreeRTOS/Source/tasks.c **** 	}
 242              		.loc 1 854 12 is_stmt 0 view .LVU58
 243 0014 9200     		lsls	r2, r2, #2
 244              	.LVL15:
 854:Middlewares/Third_Party/FreeRTOS/Source/tasks.c **** 	}
 245              		.loc 1 854 12 view .LVU59
 246 0016 A521     		movs	r1, #165
 247              	.LVL16:
 854:Middlewares/Third_Party/FreeRTOS/Source/tasks.c **** 	}
 248              		.loc 1 854 12 view .LVU60
 249 0018 206B     		ldr	r0, [r4, #48]
 250              	.LVL17:
 854:Middlewares/Third_Party/FreeRTOS/Source/tasks.c **** 	}
 251              		.loc 1 854 12 view .LVU61
 252 001a FFF7FEFF 		bl	memset
 253              	.LVL18:
 864:Middlewares/Third_Party/FreeRTOS/Source/tasks.c **** 		pxTopOfStack = ( StackType_t * ) ( ( ( portPOINTER_SIZE_TYPE ) pxTopOfStack ) & ( ~( ( portPOINTE
 254              		.loc 1 864 3 is_stmt 1 view .LVU62
 864:Middlewares/Third_Party/FreeRTOS/Source/tasks.c **** 		pxTopOfStack = ( StackType_t * ) ( ( ( portPOINTER_SIZE_TYPE ) pxTopOfStack ) & ( ~( ( portPOINTE
 255              		.loc 1 864 29 is_stmt 0 view .LVU63
 256 001e 236B     		ldr	r3, [r4, #48]
 864:Middlewares/Third_Party/FreeRTOS/Source/tasks.c **** 		pxTopOfStack = ( StackType_t * ) ( ( ( portPOINTER_SIZE_TYPE ) pxTopOfStack ) & ( ~( ( portPOINTE
 257              		.loc 1 864 38 view .LVU64
 258 0020 07F18042 		add	r2, r7, #1073741824
 259 0024 013A     		subs	r2, r2, #1
 864:Middlewares/Third_Party/FreeRTOS/Source/tasks.c **** 		pxTopOfStack = ( StackType_t * ) ( ( ( portPOINTER_SIZE_TYPE ) pxTopOfStack ) & ( ~( ( portPOINTE
 260              		.loc 1 864 16 view .LVU65
 261 0026 03EB8207 		add	r7, r3, r2, lsl #2
ARM GAS  D:\TMP\ccFCmCnH.s 			page 79


 262              	.LVL19:
 865:Middlewares/Third_Party/FreeRTOS/Source/tasks.c **** 
 263              		.loc 1 865 3 is_stmt 1 view .LVU66
 865:Middlewares/Third_Party/FreeRTOS/Source/tasks.c **** 
 264              		.loc 1 865 81 is_stmt 0 view .LVU67
 265 002a 27F00707 		bic	r7, r7, #7
 266              	.LVL20:
 868:Middlewares/Third_Party/FreeRTOS/Source/tasks.c **** 
 267              		.loc 1 868 3 is_stmt 1 view .LVU68
 868:Middlewares/Third_Party/FreeRTOS/Source/tasks.c **** 
 268              		.loc 1 868 124 discriminator 2 view .LVU69
 892:Middlewares/Third_Party/FreeRTOS/Source/tasks.c **** 	{
 269              		.loc 1 892 2 view .LVU70
 892:Middlewares/Third_Party/FreeRTOS/Source/tasks.c **** 	{
 270              		.loc 1 892 4 is_stmt 0 view .LVU71
 271 002e A5B3     		cbz	r5, .L31
 894:Middlewares/Third_Party/FreeRTOS/Source/tasks.c **** 		{
 272              		.loc 1 894 10 view .LVU72
 273 0030 4FF0000C 		mov	ip, #0
 274              	.LVL21:
 275              	.L20:
 894:Middlewares/Third_Party/FreeRTOS/Source/tasks.c **** 		{
 276              		.loc 1 894 33 is_stmt 1 discriminator 1 view .LVU73
 277 0034 BCF1170F 		cmp	ip, #23
 278 0038 09D8     		bhi	.L22
 896:Middlewares/Third_Party/FreeRTOS/Source/tasks.c **** 
 279              		.loc 1 896 4 view .LVU74
 896:Middlewares/Third_Party/FreeRTOS/Source/tasks.c **** 
 280              		.loc 1 896 38 is_stmt 0 view .LVU75
 281 003a 15F80C30 		ldrb	r3, [r5, ip]	@ zero_extendqisi2
 896:Middlewares/Third_Party/FreeRTOS/Source/tasks.c **** 
 282              		.loc 1 896 30 view .LVU76
 283 003e 04EB0C02 		add	r2, r4, ip
 284 0042 82F83430 		strb	r3, [r2, #52]
 901:Middlewares/Third_Party/FreeRTOS/Source/tasks.c **** 			{
 285              		.loc 1 901 4 is_stmt 1 view .LVU77
 901:Middlewares/Third_Party/FreeRTOS/Source/tasks.c **** 			{
 286              		.loc 1 901 6 is_stmt 0 view .LVU78
 287 0046 13B1     		cbz	r3, .L22
 907:Middlewares/Third_Party/FreeRTOS/Source/tasks.c **** 			}
 288              		.loc 1 907 29 is_stmt 1 view .LVU79
 894:Middlewares/Third_Party/FreeRTOS/Source/tasks.c **** 		{
 289              		.loc 1 894 77 discriminator 2 view .LVU80
 290 0048 0CF1010C 		add	ip, ip, #1
 291              	.LVL22:
 894:Middlewares/Third_Party/FreeRTOS/Source/tasks.c **** 		{
 292              		.loc 1 894 77 is_stmt 0 discriminator 2 view .LVU81
 293 004c F2E7     		b	.L20
 294              	.L22:
 913:Middlewares/Third_Party/FreeRTOS/Source/tasks.c **** 	}
 295              		.loc 1 913 3 is_stmt 1 view .LVU82
 913:Middlewares/Third_Party/FreeRTOS/Source/tasks.c **** 	}
 296              		.loc 1 913 55 is_stmt 0 view .LVU83
 297 004e 0023     		movs	r3, #0
 298 0050 84F84B30 		strb	r3, [r4, #75]
 299              	.LVL23:
 300              	.L24:
ARM GAS  D:\TMP\ccFCmCnH.s 			page 80


 924:Middlewares/Third_Party/FreeRTOS/Source/tasks.c **** 	{
 301              		.loc 1 924 2 is_stmt 1 view .LVU84
 924:Middlewares/Third_Party/FreeRTOS/Source/tasks.c **** 	{
 302              		.loc 1 924 4 is_stmt 0 view .LVU85
 303 0054 062E     		cmp	r6, #6
 304 0056 00D9     		bls	.L25
 926:Middlewares/Third_Party/FreeRTOS/Source/tasks.c **** 	}
 305              		.loc 1 926 14 view .LVU86
 306 0058 0626     		movs	r6, #6
 307              	.L25:
 308              	.LVL24:
 930:Middlewares/Third_Party/FreeRTOS/Source/tasks.c **** 	}
 309              		.loc 1 930 27 is_stmt 1 view .LVU87
 933:Middlewares/Third_Party/FreeRTOS/Source/tasks.c **** 	#if ( configUSE_MUTEXES == 1 )
 310              		.loc 1 933 2 view .LVU88
 933:Middlewares/Third_Party/FreeRTOS/Source/tasks.c **** 	#if ( configUSE_MUTEXES == 1 )
 311              		.loc 1 933 23 is_stmt 0 view .LVU89
 312 005a E662     		str	r6, [r4, #44]
 936:Middlewares/Third_Party/FreeRTOS/Source/tasks.c **** 		pxNewTCB->uxMutexesHeld = 0;
 313              		.loc 1 936 3 is_stmt 1 view .LVU90
 936:Middlewares/Third_Party/FreeRTOS/Source/tasks.c **** 		pxNewTCB->uxMutexesHeld = 0;
 314              		.loc 1 936 28 is_stmt 0 view .LVU91
 315 005c E664     		str	r6, [r4, #76]
 937:Middlewares/Third_Party/FreeRTOS/Source/tasks.c **** 	}
 316              		.loc 1 937 3 is_stmt 1 view .LVU92
 937:Middlewares/Third_Party/FreeRTOS/Source/tasks.c **** 	}
 317              		.loc 1 937 27 is_stmt 0 view .LVU93
 318 005e 0025     		movs	r5, #0
 319              	.LVL25:
 937:Middlewares/Third_Party/FreeRTOS/Source/tasks.c **** 	}
 320              		.loc 1 937 27 view .LVU94
 321 0060 2565     		str	r5, [r4, #80]
 941:Middlewares/Third_Party/FreeRTOS/Source/tasks.c **** 	vListInitialiseItem( &( pxNewTCB->xEventListItem ) );
 322              		.loc 1 941 2 is_stmt 1 view .LVU95
 323 0062 201D     		adds	r0, r4, #4
 324 0064 FFF7FEFF 		bl	vListInitialiseItem
 325              	.LVL26:
 942:Middlewares/Third_Party/FreeRTOS/Source/tasks.c **** 
 326              		.loc 1 942 2 view .LVU96
 327 0068 04F11800 		add	r0, r4, #24
 328 006c FFF7FEFF 		bl	vListInitialiseItem
 329              	.LVL27:
 946:Middlewares/Third_Party/FreeRTOS/Source/tasks.c **** 
 330              		.loc 1 946 2 view .LVU97
 331 0070 2461     		str	r4, [r4, #16]
 949:Middlewares/Third_Party/FreeRTOS/Source/tasks.c **** 	listSET_LIST_ITEM_OWNER( &( pxNewTCB->xEventListItem ), pxNewTCB );
 332              		.loc 1 949 2 view .LVU98
 333 0072 C6F10706 		rsb	r6, r6, #7
 334              	.LVL28:
 949:Middlewares/Third_Party/FreeRTOS/Source/tasks.c **** 	listSET_LIST_ITEM_OWNER( &( pxNewTCB->xEventListItem ), pxNewTCB );
 335              		.loc 1 949 2 is_stmt 0 view .LVU99
 336 0076 A661     		str	r6, [r4, #24]
 950:Middlewares/Third_Party/FreeRTOS/Source/tasks.c **** 
 337              		.loc 1 950 2 is_stmt 1 view .LVU100
 338 0078 6462     		str	r4, [r4, #36]
 977:Middlewares/Third_Party/FreeRTOS/Source/tasks.c **** 	}
 339              		.loc 1 977 3 view .LVU101
ARM GAS  D:\TMP\ccFCmCnH.s 			page 81


 992:Middlewares/Third_Party/FreeRTOS/Source/tasks.c **** 		pxNewTCB->ucNotifyState = taskNOT_WAITING_NOTIFICATION;
 340              		.loc 1 992 3 view .LVU102
 992:Middlewares/Third_Party/FreeRTOS/Source/tasks.c **** 		pxNewTCB->ucNotifyState = taskNOT_WAITING_NOTIFICATION;
 341              		.loc 1 992 29 is_stmt 0 view .LVU103
 342 007a 6565     		str	r5, [r4, #84]
 993:Middlewares/Third_Party/FreeRTOS/Source/tasks.c **** 	}
 343              		.loc 1 993 3 is_stmt 1 view .LVU104
 993:Middlewares/Third_Party/FreeRTOS/Source/tasks.c **** 	}
 344              		.loc 1 993 27 is_stmt 0 view .LVU105
 345 007c 84F85850 		strb	r5, [r4, #88]
1058:Middlewares/Third_Party/FreeRTOS/Source/tasks.c **** 		}
 346              		.loc 1 1058 4 is_stmt 1 view .LVU106
1058:Middlewares/Third_Party/FreeRTOS/Source/tasks.c **** 		}
 347              		.loc 1 1058 29 is_stmt 0 view .LVU107
 348 0080 4A46     		mov	r2, r9
 349 0082 4146     		mov	r1, r8
 350 0084 3846     		mov	r0, r7
 351 0086 FFF7FEFF 		bl	pxPortInitialiseStack
 352              	.LVL29:
1058:Middlewares/Third_Party/FreeRTOS/Source/tasks.c **** 		}
 353              		.loc 1 1058 27 discriminator 1 view .LVU108
 354 008a 2060     		str	r0, [r4]
1064:Middlewares/Third_Party/FreeRTOS/Source/tasks.c **** 	{
 355              		.loc 1 1064 2 is_stmt 1 view .LVU109
1064:Middlewares/Third_Party/FreeRTOS/Source/tasks.c **** 	{
 356              		.loc 1 1064 4 is_stmt 0 view .LVU110
 357 008c BAF1000F 		cmp	r10, #0
 358 0090 01D0     		beq	.L19
1068:Middlewares/Third_Party/FreeRTOS/Source/tasks.c **** 	}
 359              		.loc 1 1068 3 is_stmt 1 view .LVU111
1068:Middlewares/Third_Party/FreeRTOS/Source/tasks.c **** 	}
 360              		.loc 1 1068 18 is_stmt 0 view .LVU112
 361 0092 CAF80040 		str	r4, [r10]
1072:Middlewares/Third_Party/FreeRTOS/Source/tasks.c **** 	}
 362              		.loc 1 1072 27 is_stmt 1 view .LVU113
 363              	.L19:
1074:Middlewares/Third_Party/FreeRTOS/Source/tasks.c **** /*-----------------------------------------------------------*/
 364              		.loc 1 1074 1 is_stmt 0 view .LVU114
 365 0096 BDE8F087 		pop	{r4, r5, r6, r7, r8, r9, r10, pc}
 366              	.LVL30:
 367              	.L31:
 919:Middlewares/Third_Party/FreeRTOS/Source/tasks.c **** 	}
 368              		.loc 1 919 3 is_stmt 1 view .LVU115
 919:Middlewares/Third_Party/FreeRTOS/Source/tasks.c **** 	}
 369              		.loc 1 919 29 is_stmt 0 view .LVU116
 370 009a 0023     		movs	r3, #0
 371 009c 84F83430 		strb	r3, [r4, #52]
 372 00a0 D8E7     		b	.L24
 373              		.cfi_endproc
 374              	.LFE6:
 376              		.section	.text.prvInitialiseTaskLists,"ax",%progbits
 377              		.align	1
 378              		.syntax unified
 379              		.thumb
 380              		.thumb_func
 382              	prvInitialiseTaskLists:
 383              	.LFB39:
ARM GAS  D:\TMP\ccFCmCnH.s 			page 82


3608:Middlewares/Third_Party/FreeRTOS/Source/tasks.c **** UBaseType_t uxPriority;
 384              		.loc 1 3608 1 is_stmt 1 view -0
 385              		.cfi_startproc
 386              		@ args = 0, pretend = 0, frame = 0
 387              		@ frame_needed = 0, uses_anonymous_args = 0
 388 0000 38B5     		push	{r3, r4, r5, lr}
 389              	.LCFI2:
 390              		.cfi_def_cfa_offset 16
 391              		.cfi_offset 3, -16
 392              		.cfi_offset 4, -12
 393              		.cfi_offset 5, -8
 394              		.cfi_offset 14, -4
3609:Middlewares/Third_Party/FreeRTOS/Source/tasks.c **** 
 395              		.loc 1 3609 1 view .LVU118
3611:Middlewares/Third_Party/FreeRTOS/Source/tasks.c **** 	{
 396              		.loc 1 3611 2 view .LVU119
 397              	.LVL31:
3611:Middlewares/Third_Party/FreeRTOS/Source/tasks.c **** 	{
 398              		.loc 1 3611 18 is_stmt 0 view .LVU120
 399 0002 0024     		movs	r4, #0
3611:Middlewares/Third_Party/FreeRTOS/Source/tasks.c **** 	{
 400              		.loc 1 3611 2 view .LVU121
 401 0004 07E0     		b	.L33
 402              	.LVL32:
 403              	.L34:
3613:Middlewares/Third_Party/FreeRTOS/Source/tasks.c **** 	}
 404              		.loc 1 3613 3 is_stmt 1 view .LVU122
 405 0006 04EB8402 		add	r2, r4, r4, lsl #2
 406 000a 9300     		lsls	r3, r2, #2
 407 000c 0E48     		ldr	r0, .L36
 408 000e 1844     		add	r0, r0, r3
 409 0010 FFF7FEFF 		bl	vListInitialise
 410              	.LVL33:
3611:Middlewares/Third_Party/FreeRTOS/Source/tasks.c **** 	{
 411              		.loc 1 3611 101 discriminator 3 view .LVU123
 412 0014 0134     		adds	r4, r4, #1
 413              	.LVL34:
 414              	.L33:
3611:Middlewares/Third_Party/FreeRTOS/Source/tasks.c **** 	{
 415              		.loc 1 3611 51 discriminator 1 view .LVU124
 416 0016 062C     		cmp	r4, #6
 417 0018 F5D9     		bls	.L34
3616:Middlewares/Third_Party/FreeRTOS/Source/tasks.c **** 	vListInitialise( &xDelayedTaskList2 );
 418              		.loc 1 3616 2 view .LVU125
 419 001a 0C4D     		ldr	r5, .L36+4
 420 001c 2846     		mov	r0, r5
 421 001e FFF7FEFF 		bl	vListInitialise
 422              	.LVL35:
3617:Middlewares/Third_Party/FreeRTOS/Source/tasks.c **** 	vListInitialise( &xPendingReadyList );
 423              		.loc 1 3617 2 view .LVU126
 424 0022 0B4C     		ldr	r4, .L36+8
 425              	.LVL36:
3617:Middlewares/Third_Party/FreeRTOS/Source/tasks.c **** 	vListInitialise( &xPendingReadyList );
 426              		.loc 1 3617 2 is_stmt 0 view .LVU127
 427 0024 2046     		mov	r0, r4
 428 0026 FFF7FEFF 		bl	vListInitialise
 429              	.LVL37:
ARM GAS  D:\TMP\ccFCmCnH.s 			page 83


3618:Middlewares/Third_Party/FreeRTOS/Source/tasks.c **** 
 430              		.loc 1 3618 2 is_stmt 1 view .LVU128
 431 002a 0A48     		ldr	r0, .L36+12
 432 002c FFF7FEFF 		bl	vListInitialise
 433              	.LVL38:
3622:Middlewares/Third_Party/FreeRTOS/Source/tasks.c **** 	}
 434              		.loc 1 3622 3 view .LVU129
 435 0030 0948     		ldr	r0, .L36+16
 436 0032 FFF7FEFF 		bl	vListInitialise
 437              	.LVL39:
3628:Middlewares/Third_Party/FreeRTOS/Source/tasks.c **** 	}
 438              		.loc 1 3628 3 view .LVU130
 439 0036 0948     		ldr	r0, .L36+20
 440 0038 FFF7FEFF 		bl	vListInitialise
 441              	.LVL40:
3634:Middlewares/Third_Party/FreeRTOS/Source/tasks.c **** 	pxOverflowDelayedTaskList = &xDelayedTaskList2;
 442              		.loc 1 3634 2 view .LVU131
3634:Middlewares/Third_Party/FreeRTOS/Source/tasks.c **** 	pxOverflowDelayedTaskList = &xDelayedTaskList2;
 443              		.loc 1 3634 20 is_stmt 0 view .LVU132
 444 003c 084B     		ldr	r3, .L36+24
 445 003e 1D60     		str	r5, [r3]
3635:Middlewares/Third_Party/FreeRTOS/Source/tasks.c **** }
 446              		.loc 1 3635 2 is_stmt 1 view .LVU133
3635:Middlewares/Third_Party/FreeRTOS/Source/tasks.c **** }
 447              		.loc 1 3635 28 is_stmt 0 view .LVU134
 448 0040 084B     		ldr	r3, .L36+28
 449 0042 1C60     		str	r4, [r3]
3636:Middlewares/Third_Party/FreeRTOS/Source/tasks.c **** /*-----------------------------------------------------------*/
 450              		.loc 1 3636 1 view .LVU135
 451 0044 38BD     		pop	{r3, r4, r5, pc}
 452              	.L37:
 453 0046 00BF     		.align	2
 454              	.L36:
 455 0048 00000000 		.word	pxReadyTasksLists
 456 004c 00000000 		.word	xDelayedTaskList1
 457 0050 00000000 		.word	xDelayedTaskList2
 458 0054 00000000 		.word	xPendingReadyList
 459 0058 00000000 		.word	xTasksWaitingTermination
 460 005c 00000000 		.word	xSuspendedTaskList
 461 0060 00000000 		.word	pxDelayedTaskList
 462 0064 00000000 		.word	pxOverflowDelayedTaskList
 463              		.cfi_endproc
 464              	.LFE39:
 466              		.section	.text.prvAddNewTaskToReadyList,"ax",%progbits
 467              		.align	1
 468              		.syntax unified
 469              		.thumb
 470              		.thumb_func
 472              	prvAddNewTaskToReadyList:
 473              	.LVL41:
 474              	.LFB7:
1078:Middlewares/Third_Party/FreeRTOS/Source/tasks.c **** 	/* Ensure interrupts don't access the task lists while the lists are being
 475              		.loc 1 1078 1 is_stmt 1 view -0
 476              		.cfi_startproc
 477              		@ args = 0, pretend = 0, frame = 0
 478              		@ frame_needed = 0, uses_anonymous_args = 0
1078:Middlewares/Third_Party/FreeRTOS/Source/tasks.c **** 	/* Ensure interrupts don't access the task lists while the lists are being
ARM GAS  D:\TMP\ccFCmCnH.s 			page 84


 479              		.loc 1 1078 1 is_stmt 0 view .LVU137
 480 0000 10B5     		push	{r4, lr}
 481              	.LCFI3:
 482              		.cfi_def_cfa_offset 8
 483              		.cfi_offset 4, -8
 484              		.cfi_offset 14, -4
 485 0002 0446     		mov	r4, r0
1081:Middlewares/Third_Party/FreeRTOS/Source/tasks.c **** 	{
 486              		.loc 1 1081 2 is_stmt 1 view .LVU138
 487 0004 FFF7FEFF 		bl	vPortEnterCritical
 488              	.LVL42:
1083:Middlewares/Third_Party/FreeRTOS/Source/tasks.c **** 		if( pxCurrentTCB == NULL )
 489              		.loc 1 1083 3 view .LVU139
1083:Middlewares/Third_Party/FreeRTOS/Source/tasks.c **** 		if( pxCurrentTCB == NULL )
 490              		.loc 1 1083 25 is_stmt 0 view .LVU140
 491 0008 214A     		ldr	r2, .L45
 492 000a 1368     		ldr	r3, [r2]
 493 000c 0133     		adds	r3, r3, #1
 494 000e 1360     		str	r3, [r2]
1084:Middlewares/Third_Party/FreeRTOS/Source/tasks.c **** 		{
 495              		.loc 1 1084 3 is_stmt 1 view .LVU141
1084:Middlewares/Third_Party/FreeRTOS/Source/tasks.c **** 		{
 496              		.loc 1 1084 20 is_stmt 0 view .LVU142
 497 0010 204B     		ldr	r3, .L45+4
 498 0012 1B68     		ldr	r3, [r3]
1084:Middlewares/Third_Party/FreeRTOS/Source/tasks.c **** 		{
 499              		.loc 1 1084 5 view .LVU143
 500 0014 5BB1     		cbz	r3, .L43
1107:Middlewares/Third_Party/FreeRTOS/Source/tasks.c **** 			{
 501              		.loc 1 1107 4 is_stmt 1 view .LVU144
1107:Middlewares/Third_Party/FreeRTOS/Source/tasks.c **** 			{
 502              		.loc 1 1107 26 is_stmt 0 view .LVU145
 503 0016 204B     		ldr	r3, .L45+8
 504 0018 1B68     		ldr	r3, [r3]
1107:Middlewares/Third_Party/FreeRTOS/Source/tasks.c **** 			{
 505              		.loc 1 1107 6 view .LVU146
 506 001a 6BB9     		cbnz	r3, .L40
1109:Middlewares/Third_Party/FreeRTOS/Source/tasks.c **** 				{
 507              		.loc 1 1109 5 is_stmt 1 view .LVU147
1109:Middlewares/Third_Party/FreeRTOS/Source/tasks.c **** 				{
 508              		.loc 1 1109 21 is_stmt 0 view .LVU148
 509 001c 1D4B     		ldr	r3, .L45+4
 510 001e 1B68     		ldr	r3, [r3]
 511 0020 DA6A     		ldr	r2, [r3, #44]
1109:Middlewares/Third_Party/FreeRTOS/Source/tasks.c **** 				{
 512              		.loc 1 1109 45 view .LVU149
 513 0022 E36A     		ldr	r3, [r4, #44]
1109:Middlewares/Third_Party/FreeRTOS/Source/tasks.c **** 				{
 514              		.loc 1 1109 7 view .LVU150
 515 0024 9A42     		cmp	r2, r3
 516 0026 07D8     		bhi	.L40
1111:Middlewares/Third_Party/FreeRTOS/Source/tasks.c **** 				}
 517              		.loc 1 1111 6 is_stmt 1 view .LVU151
1111:Middlewares/Third_Party/FreeRTOS/Source/tasks.c **** 				}
 518              		.loc 1 1111 19 is_stmt 0 view .LVU152
 519 0028 1A4B     		ldr	r3, .L45+4
 520 002a 1C60     		str	r4, [r3]
ARM GAS  D:\TMP\ccFCmCnH.s 			page 85


 521 002c 04E0     		b	.L40
 522              	.L43:
1088:Middlewares/Third_Party/FreeRTOS/Source/tasks.c **** 
 523              		.loc 1 1088 4 is_stmt 1 view .LVU153
1088:Middlewares/Third_Party/FreeRTOS/Source/tasks.c **** 
 524              		.loc 1 1088 17 is_stmt 0 view .LVU154
 525 002e 194B     		ldr	r3, .L45+4
 526 0030 1C60     		str	r4, [r3]
1090:Middlewares/Third_Party/FreeRTOS/Source/tasks.c **** 			{
 527              		.loc 1 1090 4 is_stmt 1 view .LVU155
1090:Middlewares/Third_Party/FreeRTOS/Source/tasks.c **** 			{
 528              		.loc 1 1090 31 is_stmt 0 view .LVU156
 529 0032 1368     		ldr	r3, [r2]
1090:Middlewares/Third_Party/FreeRTOS/Source/tasks.c **** 			{
 530              		.loc 1 1090 6 view .LVU157
 531 0034 012B     		cmp	r3, #1
 532 0036 28D0     		beq	.L44
 533              	.L40:
1120:Middlewares/Third_Party/FreeRTOS/Source/tasks.c **** 			}
 534              		.loc 1 1120 29 is_stmt 1 view .LVU158
1124:Middlewares/Third_Party/FreeRTOS/Source/tasks.c **** 
 535              		.loc 1 1124 3 view .LVU159
1124:Middlewares/Third_Party/FreeRTOS/Source/tasks.c **** 
 536              		.loc 1 1124 15 is_stmt 0 view .LVU160
 537 0038 184A     		ldr	r2, .L45+12
 538 003a 1368     		ldr	r3, [r2]
 539 003c 0133     		adds	r3, r3, #1
 540 003e 1360     		str	r3, [r2]
1132:Middlewares/Third_Party/FreeRTOS/Source/tasks.c **** 
 541              		.loc 1 1132 31 is_stmt 1 view .LVU161
1134:Middlewares/Third_Party/FreeRTOS/Source/tasks.c **** 
 542              		.loc 1 1134 3 view .LVU162
1134:Middlewares/Third_Party/FreeRTOS/Source/tasks.c **** 
 543              		.loc 1 1134 3 view .LVU163
 544 0040 E06A     		ldr	r0, [r4, #44]
 545 0042 0123     		movs	r3, #1
 546 0044 8340     		lsls	r3, r3, r0
 547 0046 164A     		ldr	r2, .L45+16
 548 0048 1168     		ldr	r1, [r2]
 549 004a 0B43     		orrs	r3, r3, r1
 550 004c 1360     		str	r3, [r2]
1134:Middlewares/Third_Party/FreeRTOS/Source/tasks.c **** 
 551              		.loc 1 1134 3 view .LVU164
 552 004e 00EB8000 		add	r0, r0, r0, lsl #2
 553 0052 211D     		adds	r1, r4, #4
 554 0054 134B     		ldr	r3, .L45+20
 555 0056 03EB8000 		add	r0, r3, r0, lsl #2
 556 005a FFF7FEFF 		bl	vListInsertEnd
 557              	.LVL43:
1134:Middlewares/Third_Party/FreeRTOS/Source/tasks.c **** 
 558              		.loc 1 1134 36 discriminator 1 view .LVU165
1136:Middlewares/Third_Party/FreeRTOS/Source/tasks.c **** 	}
 559              		.loc 1 1136 3 view .LVU166
1138:Middlewares/Third_Party/FreeRTOS/Source/tasks.c **** 
 560              		.loc 1 1138 2 view .LVU167
 561 005e FFF7FEFF 		bl	vPortExitCritical
 562              	.LVL44:
ARM GAS  D:\TMP\ccFCmCnH.s 			page 86


1140:Middlewares/Third_Party/FreeRTOS/Source/tasks.c **** 	{
 563              		.loc 1 1140 2 view .LVU168
1140:Middlewares/Third_Party/FreeRTOS/Source/tasks.c **** 	{
 564              		.loc 1 1140 24 is_stmt 0 view .LVU169
 565 0062 0D4B     		ldr	r3, .L45+8
 566 0064 1B68     		ldr	r3, [r3]
1140:Middlewares/Third_Party/FreeRTOS/Source/tasks.c **** 	{
 567              		.loc 1 1140 4 view .LVU170
 568 0066 7BB1     		cbz	r3, .L38
1144:Middlewares/Third_Party/FreeRTOS/Source/tasks.c **** 		{
 569              		.loc 1 1144 3 is_stmt 1 view .LVU171
1144:Middlewares/Third_Party/FreeRTOS/Source/tasks.c **** 		{
 570              		.loc 1 1144 19 is_stmt 0 view .LVU172
 571 0068 0A4B     		ldr	r3, .L45+4
 572 006a 1B68     		ldr	r3, [r3]
 573 006c DA6A     		ldr	r2, [r3, #44]
1144:Middlewares/Third_Party/FreeRTOS/Source/tasks.c **** 		{
 574              		.loc 1 1144 42 view .LVU173
 575 006e E36A     		ldr	r3, [r4, #44]
1144:Middlewares/Third_Party/FreeRTOS/Source/tasks.c **** 		{
 576              		.loc 1 1144 5 view .LVU174
 577 0070 9A42     		cmp	r2, r3
 578 0072 09D2     		bcs	.L38
1146:Middlewares/Third_Party/FreeRTOS/Source/tasks.c **** 		}
 579              		.loc 1 1146 4 is_stmt 1 view .LVU175
 580 0074 4FF0E023 		mov	r3, #-536813568
 581 0078 4FF08052 		mov	r2, #268435456
 582 007c C3F8042D 		str	r2, [r3, #3332]
1146:Middlewares/Third_Party/FreeRTOS/Source/tasks.c **** 		}
 583              		.loc 1 1146 4 view .LVU176
 584              		.syntax unified
 585              	@ 1146 "Middlewares/Third_Party/FreeRTOS/Source/tasks.c" 1
 586 0080 BFF34F8F 		dsb
 587              	@ 0 "" 2
1146:Middlewares/Third_Party/FreeRTOS/Source/tasks.c **** 		}
 588              		.loc 1 1146 4 view .LVU177
 589              	@ 1146 "Middlewares/Third_Party/FreeRTOS/Source/tasks.c" 1
 590 0084 BFF36F8F 		isb
 591              	@ 0 "" 2
1146:Middlewares/Third_Party/FreeRTOS/Source/tasks.c **** 		}
 592              		.loc 1 1146 35 view .LVU178
1155:Middlewares/Third_Party/FreeRTOS/Source/tasks.c **** 	}
 593              		.loc 1 1155 27 view .LVU179
 594              		.thumb
 595              		.syntax unified
 596              	.L38:
1157:Middlewares/Third_Party/FreeRTOS/Source/tasks.c **** /*-----------------------------------------------------------*/
 597              		.loc 1 1157 1 is_stmt 0 view .LVU180
 598 0088 10BD     		pop	{r4, pc}
 599              	.LVL45:
 600              	.L44:
1095:Middlewares/Third_Party/FreeRTOS/Source/tasks.c **** 			}
 601              		.loc 1 1095 5 is_stmt 1 view .LVU181
 602 008a FFF7FEFF 		bl	prvInitialiseTaskLists
 603              	.LVL46:
 604 008e D3E7     		b	.L40
 605              	.L46:
ARM GAS  D:\TMP\ccFCmCnH.s 			page 87


 606              		.align	2
 607              	.L45:
 608 0090 00000000 		.word	uxCurrentNumberOfTasks
 609 0094 00000000 		.word	pxCurrentTCB
 610 0098 00000000 		.word	xSchedulerRunning
 611 009c 00000000 		.word	uxTaskNumber
 612 00a0 00000000 		.word	uxTopReadyPriority
 613 00a4 00000000 		.word	pxReadyTasksLists
 614              		.cfi_endproc
 615              	.LFE7:
 617              		.section	.text.prvCheckTasksWaitingTermination,"ax",%progbits
 618              		.align	1
 619              		.syntax unified
 620              		.thumb
 621              		.thumb_func
 623              	prvCheckTasksWaitingTermination:
 624              	.LFB40:
3640:Middlewares/Third_Party/FreeRTOS/Source/tasks.c **** 
 625              		.loc 1 3640 1 view -0
 626              		.cfi_startproc
 627              		@ args = 0, pretend = 0, frame = 0
 628              		@ frame_needed = 0, uses_anonymous_args = 0
 629              	.LBB112:
3646:Middlewares/Third_Party/FreeRTOS/Source/tasks.c **** 
 630              		.loc 1 3646 3 view .LVU183
3650:Middlewares/Third_Party/FreeRTOS/Source/tasks.c **** 		{
 631              		.loc 1 3650 3 view .LVU184
3650:Middlewares/Third_Party/FreeRTOS/Source/tasks.c **** 		{
 632              		.loc 1 3650 39 view .LVU185
 633 0000 0F4B     		ldr	r3, .L54
 634 0002 1B68     		ldr	r3, [r3]
 635 0004 D3B1     		cbz	r3, .L53
 636              	.LBE112:
3640:Middlewares/Third_Party/FreeRTOS/Source/tasks.c **** 
 637              		.loc 1 3640 1 is_stmt 0 view .LVU186
 638 0006 10B5     		push	{r4, lr}
 639              	.LCFI4:
 640              		.cfi_def_cfa_offset 8
 641              		.cfi_offset 4, -8
 642              		.cfi_offset 14, -4
 643              	.L49:
 644              	.LBB113:
3652:Middlewares/Third_Party/FreeRTOS/Source/tasks.c **** 			{
 645              		.loc 1 3652 4 is_stmt 1 view .LVU187
 646 0008 FFF7FEFF 		bl	vPortEnterCritical
 647              	.LVL47:
3654:Middlewares/Third_Party/FreeRTOS/Source/tasks.c **** 				( void ) uxListRemove( &( pxTCB->xStateListItem ) );
 648              		.loc 1 3654 5 view .LVU188
3654:Middlewares/Third_Party/FreeRTOS/Source/tasks.c **** 				( void ) uxListRemove( &( pxTCB->xStateListItem ) );
 649              		.loc 1 3654 13 is_stmt 0 view .LVU189
 650 000c 0D4B     		ldr	r3, .L54+4
 651 000e DB68     		ldr	r3, [r3, #12]
3654:Middlewares/Third_Party/FreeRTOS/Source/tasks.c **** 				( void ) uxListRemove( &( pxTCB->xStateListItem ) );
 652              		.loc 1 3654 11 view .LVU190
 653 0010 DC68     		ldr	r4, [r3, #12]
 654              	.LVL48:
3655:Middlewares/Third_Party/FreeRTOS/Source/tasks.c **** 				--uxCurrentNumberOfTasks;
ARM GAS  D:\TMP\ccFCmCnH.s 			page 88


 655              		.loc 1 3655 5 is_stmt 1 view .LVU191
3655:Middlewares/Third_Party/FreeRTOS/Source/tasks.c **** 				--uxCurrentNumberOfTasks;
 656              		.loc 1 3655 14 is_stmt 0 view .LVU192
 657 0012 201D     		adds	r0, r4, #4
 658 0014 FFF7FEFF 		bl	uxListRemove
 659              	.LVL49:
3656:Middlewares/Third_Party/FreeRTOS/Source/tasks.c **** 				--uxDeletedTasksWaitingCleanUp;
 660              		.loc 1 3656 5 is_stmt 1 view .LVU193
 661 0018 0B4A     		ldr	r2, .L54+8
 662 001a 1368     		ldr	r3, [r2]
 663 001c 013B     		subs	r3, r3, #1
 664 001e 1360     		str	r3, [r2]
3657:Middlewares/Third_Party/FreeRTOS/Source/tasks.c **** 			}
 665              		.loc 1 3657 5 view .LVU194
 666 0020 074A     		ldr	r2, .L54
 667 0022 1368     		ldr	r3, [r2]
 668 0024 013B     		subs	r3, r3, #1
 669 0026 1360     		str	r3, [r2]
3659:Middlewares/Third_Party/FreeRTOS/Source/tasks.c **** 
 670              		.loc 1 3659 4 view .LVU195
 671 0028 FFF7FEFF 		bl	vPortExitCritical
 672              	.LVL50:
3661:Middlewares/Third_Party/FreeRTOS/Source/tasks.c **** 		}
 673              		.loc 1 3661 4 view .LVU196
 674 002c 2046     		mov	r0, r4
 675 002e FFF7FEFF 		bl	prvDeleteTCB
 676              	.LVL51:
3650:Middlewares/Third_Party/FreeRTOS/Source/tasks.c **** 		{
 677              		.loc 1 3650 39 view .LVU197
 678 0032 034B     		ldr	r3, .L54
 679 0034 1B68     		ldr	r3, [r3]
 680 0036 002B     		cmp	r3, #0
 681 0038 E6D1     		bne	.L49
 682              	.LBE113:
3665:Middlewares/Third_Party/FreeRTOS/Source/tasks.c **** /*-----------------------------------------------------------*/
 683              		.loc 1 3665 1 is_stmt 0 view .LVU198
 684 003a 10BD     		pop	{r4, pc}
 685              	.LVL52:
 686              	.L53:
 687              	.LCFI5:
 688              		.cfi_def_cfa_offset 0
 689              		.cfi_restore 4
 690              		.cfi_restore 14
3665:Middlewares/Third_Party/FreeRTOS/Source/tasks.c **** /*-----------------------------------------------------------*/
 691              		.loc 1 3665 1 view .LVU199
 692 003c 7047     		bx	lr
 693              	.L55:
 694 003e 00BF     		.align	2
 695              	.L54:
 696 0040 00000000 		.word	uxDeletedTasksWaitingCleanUp
 697 0044 00000000 		.word	xTasksWaitingTermination
 698 0048 00000000 		.word	uxCurrentNumberOfTasks
 699              		.cfi_endproc
 700              	.LFE40:
 702              		.section	.text.prvIdleTask,"ax",%progbits
 703              		.align	1
 704              		.syntax unified
ARM GAS  D:\TMP\ccFCmCnH.s 			page 89


 705              		.thumb
 706              		.thumb_func
 708              	prvIdleTask:
 709              	.LFB38:
3393:Middlewares/Third_Party/FreeRTOS/Source/tasks.c **** 	/* Stop warnings. */
 710              		.loc 1 3393 1 is_stmt 1 view -0
 711              		.cfi_startproc
 712              		@ Volatile: function does not return.
 713              		@ args = 0, pretend = 0, frame = 0
 714              		@ frame_needed = 0, uses_anonymous_args = 0
 715              	.LVL53:
3393:Middlewares/Third_Party/FreeRTOS/Source/tasks.c **** 	/* Stop warnings. */
 716              		.loc 1 3393 1 is_stmt 0 view .LVU201
 717 0000 08B5     		push	{r3, lr}
 718              	.LCFI6:
 719              		.cfi_def_cfa_offset 8
 720              		.cfi_offset 3, -8
 721              		.cfi_offset 14, -4
 722              	.LVL54:
 723              	.L57:
3395:Middlewares/Third_Party/FreeRTOS/Source/tasks.c **** 
 724              		.loc 1 3395 2 is_stmt 1 view .LVU202
3403:Middlewares/Third_Party/FreeRTOS/Source/tasks.c **** 
 725              		.loc 1 3403 64 view .LVU203
3405:Middlewares/Third_Party/FreeRTOS/Source/tasks.c **** 	{
 726              		.loc 1 3405 2 view .LVU204
3409:Middlewares/Third_Party/FreeRTOS/Source/tasks.c **** 
 727              		.loc 1 3409 3 view .LVU205
 728 0002 FFF7FEFF 		bl	prvCheckTasksWaitingTermination
 729              	.LVL55:
3432:Middlewares/Third_Party/FreeRTOS/Source/tasks.c **** 			{
 730              		.loc 1 3432 4 view .LVU206
3432:Middlewares/Third_Party/FreeRTOS/Source/tasks.c **** 			{
 731              		.loc 1 3432 8 is_stmt 0 view .LVU207
 732 0006 074B     		ldr	r3, .L60
 733 0008 1B68     		ldr	r3, [r3]
3432:Middlewares/Third_Party/FreeRTOS/Source/tasks.c **** 			{
 734              		.loc 1 3432 6 view .LVU208
 735 000a 012B     		cmp	r3, #1
 736 000c F9D9     		bls	.L57
3434:Middlewares/Third_Party/FreeRTOS/Source/tasks.c **** 			}
 737              		.loc 1 3434 5 is_stmt 1 view .LVU209
 738 000e 4FF0E023 		mov	r3, #-536813568
 739 0012 4FF08052 		mov	r2, #268435456
 740 0016 C3F8042D 		str	r2, [r3, #3332]
3434:Middlewares/Third_Party/FreeRTOS/Source/tasks.c **** 			}
 741              		.loc 1 3434 5 view .LVU210
 742              		.syntax unified
 743              	@ 3434 "Middlewares/Third_Party/FreeRTOS/Source/tasks.c" 1
 744 001a BFF34F8F 		dsb
 745              	@ 0 "" 2
3434:Middlewares/Third_Party/FreeRTOS/Source/tasks.c **** 			}
 746              		.loc 1 3434 5 view .LVU211
 747              	@ 3434 "Middlewares/Third_Party/FreeRTOS/Source/tasks.c" 1
 748 001e BFF36F8F 		isb
 749              	@ 0 "" 2
3434:Middlewares/Third_Party/FreeRTOS/Source/tasks.c **** 			}
ARM GAS  D:\TMP\ccFCmCnH.s 			page 90


 750              		.loc 1 3434 16 view .LVU212
 751              		.thumb
 752              		.syntax unified
 753 0022 EEE7     		b	.L57
 754              	.L61:
 755              		.align	2
 756              	.L60:
 757 0024 00000000 		.word	pxReadyTasksLists
 758              		.cfi_endproc
 759              	.LFE38:
 761              		.section	.text.prvAddCurrentTaskToDelayedList,"ax",%progbits
 762              		.align	1
 763              		.syntax unified
 764              		.thumb
 765              		.thumb_func
 767              	prvAddCurrentTaskToDelayedList:
 768              	.LVL56:
 769              	.LFB57:
3965:Middlewares/Third_Party/FreeRTOS/Source/tasks.c **** /*-----------------------------------------------------------*/
3966:Middlewares/Third_Party/FreeRTOS/Source/tasks.c **** 
3967:Middlewares/Third_Party/FreeRTOS/Source/tasks.c **** #if ( ( INCLUDE_xTaskGetCurrentTaskHandle == 1 ) || ( configUSE_MUTEXES == 1 ) )
3968:Middlewares/Third_Party/FreeRTOS/Source/tasks.c **** 
3969:Middlewares/Third_Party/FreeRTOS/Source/tasks.c **** 	TaskHandle_t xTaskGetCurrentTaskHandle( void )
3970:Middlewares/Third_Party/FreeRTOS/Source/tasks.c **** 	{
3971:Middlewares/Third_Party/FreeRTOS/Source/tasks.c **** 	TaskHandle_t xReturn;
3972:Middlewares/Third_Party/FreeRTOS/Source/tasks.c **** 
3973:Middlewares/Third_Party/FreeRTOS/Source/tasks.c **** 		/* A critical section is not required as this is not called from
3974:Middlewares/Third_Party/FreeRTOS/Source/tasks.c **** 		an interrupt and the current TCB will always be the same for any
3975:Middlewares/Third_Party/FreeRTOS/Source/tasks.c **** 		individual execution thread. */
3976:Middlewares/Third_Party/FreeRTOS/Source/tasks.c **** 		xReturn = pxCurrentTCB;
3977:Middlewares/Third_Party/FreeRTOS/Source/tasks.c **** 
3978:Middlewares/Third_Party/FreeRTOS/Source/tasks.c **** 		return xReturn;
3979:Middlewares/Third_Party/FreeRTOS/Source/tasks.c **** 	}
3980:Middlewares/Third_Party/FreeRTOS/Source/tasks.c **** 
3981:Middlewares/Third_Party/FreeRTOS/Source/tasks.c **** #endif /* ( ( INCLUDE_xTaskGetCurrentTaskHandle == 1 ) || ( configUSE_MUTEXES == 1 ) ) */
3982:Middlewares/Third_Party/FreeRTOS/Source/tasks.c **** /*-----------------------------------------------------------*/
3983:Middlewares/Third_Party/FreeRTOS/Source/tasks.c **** 
3984:Middlewares/Third_Party/FreeRTOS/Source/tasks.c **** #if ( ( INCLUDE_xTaskGetSchedulerState == 1 ) || ( configUSE_TIMERS == 1 ) )
3985:Middlewares/Third_Party/FreeRTOS/Source/tasks.c **** 
3986:Middlewares/Third_Party/FreeRTOS/Source/tasks.c **** 	BaseType_t xTaskGetSchedulerState( void )
3987:Middlewares/Third_Party/FreeRTOS/Source/tasks.c **** 	{
3988:Middlewares/Third_Party/FreeRTOS/Source/tasks.c **** 	BaseType_t xReturn;
3989:Middlewares/Third_Party/FreeRTOS/Source/tasks.c **** 
3990:Middlewares/Third_Party/FreeRTOS/Source/tasks.c **** 		if( xSchedulerRunning == pdFALSE )
3991:Middlewares/Third_Party/FreeRTOS/Source/tasks.c **** 		{
3992:Middlewares/Third_Party/FreeRTOS/Source/tasks.c **** 			xReturn = taskSCHEDULER_NOT_STARTED;
3993:Middlewares/Third_Party/FreeRTOS/Source/tasks.c **** 		}
3994:Middlewares/Third_Party/FreeRTOS/Source/tasks.c **** 		else
3995:Middlewares/Third_Party/FreeRTOS/Source/tasks.c **** 		{
3996:Middlewares/Third_Party/FreeRTOS/Source/tasks.c **** 			if( uxSchedulerSuspended == ( UBaseType_t ) pdFALSE )
3997:Middlewares/Third_Party/FreeRTOS/Source/tasks.c **** 			{
3998:Middlewares/Third_Party/FreeRTOS/Source/tasks.c **** 				xReturn = taskSCHEDULER_RUNNING;
3999:Middlewares/Third_Party/FreeRTOS/Source/tasks.c **** 			}
4000:Middlewares/Third_Party/FreeRTOS/Source/tasks.c **** 			else
4001:Middlewares/Third_Party/FreeRTOS/Source/tasks.c **** 			{
4002:Middlewares/Third_Party/FreeRTOS/Source/tasks.c **** 				xReturn = taskSCHEDULER_SUSPENDED;
4003:Middlewares/Third_Party/FreeRTOS/Source/tasks.c **** 			}
ARM GAS  D:\TMP\ccFCmCnH.s 			page 91


4004:Middlewares/Third_Party/FreeRTOS/Source/tasks.c **** 		}
4005:Middlewares/Third_Party/FreeRTOS/Source/tasks.c **** 
4006:Middlewares/Third_Party/FreeRTOS/Source/tasks.c **** 		return xReturn;
4007:Middlewares/Third_Party/FreeRTOS/Source/tasks.c **** 	}
4008:Middlewares/Third_Party/FreeRTOS/Source/tasks.c **** 
4009:Middlewares/Third_Party/FreeRTOS/Source/tasks.c **** #endif /* ( ( INCLUDE_xTaskGetSchedulerState == 1 ) || ( configUSE_TIMERS == 1 ) ) */
4010:Middlewares/Third_Party/FreeRTOS/Source/tasks.c **** /*-----------------------------------------------------------*/
4011:Middlewares/Third_Party/FreeRTOS/Source/tasks.c **** 
4012:Middlewares/Third_Party/FreeRTOS/Source/tasks.c **** #if ( configUSE_MUTEXES == 1 )
4013:Middlewares/Third_Party/FreeRTOS/Source/tasks.c **** 
4014:Middlewares/Third_Party/FreeRTOS/Source/tasks.c **** 	BaseType_t xTaskPriorityInherit( TaskHandle_t const pxMutexHolder )
4015:Middlewares/Third_Party/FreeRTOS/Source/tasks.c **** 	{
4016:Middlewares/Third_Party/FreeRTOS/Source/tasks.c **** 	TCB_t * const pxMutexHolderTCB = pxMutexHolder;
4017:Middlewares/Third_Party/FreeRTOS/Source/tasks.c **** 	BaseType_t xReturn = pdFALSE;
4018:Middlewares/Third_Party/FreeRTOS/Source/tasks.c **** 
4019:Middlewares/Third_Party/FreeRTOS/Source/tasks.c **** 		/* If the mutex was given back by an interrupt while the queue was
4020:Middlewares/Third_Party/FreeRTOS/Source/tasks.c **** 		locked then the mutex holder might now be NULL.  _RB_ Is this still
4021:Middlewares/Third_Party/FreeRTOS/Source/tasks.c **** 		needed as interrupts can no longer use mutexes? */
4022:Middlewares/Third_Party/FreeRTOS/Source/tasks.c **** 		if( pxMutexHolder != NULL )
4023:Middlewares/Third_Party/FreeRTOS/Source/tasks.c **** 		{
4024:Middlewares/Third_Party/FreeRTOS/Source/tasks.c **** 			/* If the holder of the mutex has a priority below the priority of
4025:Middlewares/Third_Party/FreeRTOS/Source/tasks.c **** 			the task attempting to obtain the mutex then it will temporarily
4026:Middlewares/Third_Party/FreeRTOS/Source/tasks.c **** 			inherit the priority of the task attempting to obtain the mutex. */
4027:Middlewares/Third_Party/FreeRTOS/Source/tasks.c **** 			if( pxMutexHolderTCB->uxPriority < pxCurrentTCB->uxPriority )
4028:Middlewares/Third_Party/FreeRTOS/Source/tasks.c **** 			{
4029:Middlewares/Third_Party/FreeRTOS/Source/tasks.c **** 				/* Adjust the mutex holder state to account for its new
4030:Middlewares/Third_Party/FreeRTOS/Source/tasks.c **** 				priority.  Only reset the event list item value if the value is
4031:Middlewares/Third_Party/FreeRTOS/Source/tasks.c **** 				not being used for anything else. */
4032:Middlewares/Third_Party/FreeRTOS/Source/tasks.c **** 				if( ( listGET_LIST_ITEM_VALUE( &( pxMutexHolderTCB->xEventListItem ) ) & taskEVENT_LIST_ITEM_VA
4033:Middlewares/Third_Party/FreeRTOS/Source/tasks.c **** 				{
4034:Middlewares/Third_Party/FreeRTOS/Source/tasks.c **** 					listSET_LIST_ITEM_VALUE( &( pxMutexHolderTCB->xEventListItem ), ( TickType_t ) configMAX_PRIOR
4035:Middlewares/Third_Party/FreeRTOS/Source/tasks.c **** 				}
4036:Middlewares/Third_Party/FreeRTOS/Source/tasks.c **** 				else
4037:Middlewares/Third_Party/FreeRTOS/Source/tasks.c **** 				{
4038:Middlewares/Third_Party/FreeRTOS/Source/tasks.c **** 					mtCOVERAGE_TEST_MARKER();
4039:Middlewares/Third_Party/FreeRTOS/Source/tasks.c **** 				}
4040:Middlewares/Third_Party/FreeRTOS/Source/tasks.c **** 
4041:Middlewares/Third_Party/FreeRTOS/Source/tasks.c **** 				/* If the task being modified is in the ready state it will need
4042:Middlewares/Third_Party/FreeRTOS/Source/tasks.c **** 				to be moved into a new list. */
4043:Middlewares/Third_Party/FreeRTOS/Source/tasks.c **** 				if( listIS_CONTAINED_WITHIN( &( pxReadyTasksLists[ pxMutexHolderTCB->uxPriority ] ), &( pxMutex
4044:Middlewares/Third_Party/FreeRTOS/Source/tasks.c **** 				{
4045:Middlewares/Third_Party/FreeRTOS/Source/tasks.c **** 					if( uxListRemove( &( pxMutexHolderTCB->xStateListItem ) ) == ( UBaseType_t ) 0 )
4046:Middlewares/Third_Party/FreeRTOS/Source/tasks.c **** 					{
4047:Middlewares/Third_Party/FreeRTOS/Source/tasks.c **** 						/* It is known that the task is in its ready list so
4048:Middlewares/Third_Party/FreeRTOS/Source/tasks.c **** 						there is no need to check again and the port level
4049:Middlewares/Third_Party/FreeRTOS/Source/tasks.c **** 						reset macro can be called directly. */
4050:Middlewares/Third_Party/FreeRTOS/Source/tasks.c **** 						portRESET_READY_PRIORITY( pxMutexHolderTCB->uxPriority, uxTopReadyPriority );
4051:Middlewares/Third_Party/FreeRTOS/Source/tasks.c **** 					}
4052:Middlewares/Third_Party/FreeRTOS/Source/tasks.c **** 					else
4053:Middlewares/Third_Party/FreeRTOS/Source/tasks.c **** 					{
4054:Middlewares/Third_Party/FreeRTOS/Source/tasks.c **** 						mtCOVERAGE_TEST_MARKER();
4055:Middlewares/Third_Party/FreeRTOS/Source/tasks.c **** 					}
4056:Middlewares/Third_Party/FreeRTOS/Source/tasks.c **** 
4057:Middlewares/Third_Party/FreeRTOS/Source/tasks.c **** 					/* Inherit the priority before being moved into the new list. */
4058:Middlewares/Third_Party/FreeRTOS/Source/tasks.c **** 					pxMutexHolderTCB->uxPriority = pxCurrentTCB->uxPriority;
4059:Middlewares/Third_Party/FreeRTOS/Source/tasks.c **** 					prvAddTaskToReadyList( pxMutexHolderTCB );
4060:Middlewares/Third_Party/FreeRTOS/Source/tasks.c **** 				}
ARM GAS  D:\TMP\ccFCmCnH.s 			page 92


4061:Middlewares/Third_Party/FreeRTOS/Source/tasks.c **** 				else
4062:Middlewares/Third_Party/FreeRTOS/Source/tasks.c **** 				{
4063:Middlewares/Third_Party/FreeRTOS/Source/tasks.c **** 					/* Just inherit the priority. */
4064:Middlewares/Third_Party/FreeRTOS/Source/tasks.c **** 					pxMutexHolderTCB->uxPriority = pxCurrentTCB->uxPriority;
4065:Middlewares/Third_Party/FreeRTOS/Source/tasks.c **** 				}
4066:Middlewares/Third_Party/FreeRTOS/Source/tasks.c **** 
4067:Middlewares/Third_Party/FreeRTOS/Source/tasks.c **** 				traceTASK_PRIORITY_INHERIT( pxMutexHolderTCB, pxCurrentTCB->uxPriority );
4068:Middlewares/Third_Party/FreeRTOS/Source/tasks.c **** 
4069:Middlewares/Third_Party/FreeRTOS/Source/tasks.c **** 				/* Inheritance occurred. */
4070:Middlewares/Third_Party/FreeRTOS/Source/tasks.c **** 				xReturn = pdTRUE;
4071:Middlewares/Third_Party/FreeRTOS/Source/tasks.c **** 			}
4072:Middlewares/Third_Party/FreeRTOS/Source/tasks.c **** 			else
4073:Middlewares/Third_Party/FreeRTOS/Source/tasks.c **** 			{
4074:Middlewares/Third_Party/FreeRTOS/Source/tasks.c **** 				if( pxMutexHolderTCB->uxBasePriority < pxCurrentTCB->uxPriority )
4075:Middlewares/Third_Party/FreeRTOS/Source/tasks.c **** 				{
4076:Middlewares/Third_Party/FreeRTOS/Source/tasks.c **** 					/* The base priority of the mutex holder is lower than the
4077:Middlewares/Third_Party/FreeRTOS/Source/tasks.c **** 					priority of the task attempting to take the mutex, but the
4078:Middlewares/Third_Party/FreeRTOS/Source/tasks.c **** 					current priority of the mutex holder is not lower than the
4079:Middlewares/Third_Party/FreeRTOS/Source/tasks.c **** 					priority of the task attempting to take the mutex.
4080:Middlewares/Third_Party/FreeRTOS/Source/tasks.c **** 					Therefore the mutex holder must have already inherited a
4081:Middlewares/Third_Party/FreeRTOS/Source/tasks.c **** 					priority, but inheritance would have occurred if that had
4082:Middlewares/Third_Party/FreeRTOS/Source/tasks.c **** 					not been the case. */
4083:Middlewares/Third_Party/FreeRTOS/Source/tasks.c **** 					xReturn = pdTRUE;
4084:Middlewares/Third_Party/FreeRTOS/Source/tasks.c **** 				}
4085:Middlewares/Third_Party/FreeRTOS/Source/tasks.c **** 				else
4086:Middlewares/Third_Party/FreeRTOS/Source/tasks.c **** 				{
4087:Middlewares/Third_Party/FreeRTOS/Source/tasks.c **** 					mtCOVERAGE_TEST_MARKER();
4088:Middlewares/Third_Party/FreeRTOS/Source/tasks.c **** 				}
4089:Middlewares/Third_Party/FreeRTOS/Source/tasks.c **** 			}
4090:Middlewares/Third_Party/FreeRTOS/Source/tasks.c **** 		}
4091:Middlewares/Third_Party/FreeRTOS/Source/tasks.c **** 		else
4092:Middlewares/Third_Party/FreeRTOS/Source/tasks.c **** 		{
4093:Middlewares/Third_Party/FreeRTOS/Source/tasks.c **** 			mtCOVERAGE_TEST_MARKER();
4094:Middlewares/Third_Party/FreeRTOS/Source/tasks.c **** 		}
4095:Middlewares/Third_Party/FreeRTOS/Source/tasks.c **** 
4096:Middlewares/Third_Party/FreeRTOS/Source/tasks.c **** 		return xReturn;
4097:Middlewares/Third_Party/FreeRTOS/Source/tasks.c **** 	}
4098:Middlewares/Third_Party/FreeRTOS/Source/tasks.c **** 
4099:Middlewares/Third_Party/FreeRTOS/Source/tasks.c **** #endif /* configUSE_MUTEXES */
4100:Middlewares/Third_Party/FreeRTOS/Source/tasks.c **** /*-----------------------------------------------------------*/
4101:Middlewares/Third_Party/FreeRTOS/Source/tasks.c **** 
4102:Middlewares/Third_Party/FreeRTOS/Source/tasks.c **** #if ( configUSE_MUTEXES == 1 )
4103:Middlewares/Third_Party/FreeRTOS/Source/tasks.c **** 
4104:Middlewares/Third_Party/FreeRTOS/Source/tasks.c **** 	BaseType_t xTaskPriorityDisinherit( TaskHandle_t const pxMutexHolder )
4105:Middlewares/Third_Party/FreeRTOS/Source/tasks.c **** 	{
4106:Middlewares/Third_Party/FreeRTOS/Source/tasks.c **** 	TCB_t * const pxTCB = pxMutexHolder;
4107:Middlewares/Third_Party/FreeRTOS/Source/tasks.c **** 	BaseType_t xReturn = pdFALSE;
4108:Middlewares/Third_Party/FreeRTOS/Source/tasks.c **** 
4109:Middlewares/Third_Party/FreeRTOS/Source/tasks.c **** 		if( pxMutexHolder != NULL )
4110:Middlewares/Third_Party/FreeRTOS/Source/tasks.c **** 		{
4111:Middlewares/Third_Party/FreeRTOS/Source/tasks.c **** 			/* A task can only have an inherited priority if it holds the mutex.
4112:Middlewares/Third_Party/FreeRTOS/Source/tasks.c **** 			If the mutex is held by a task then it cannot be given from an
4113:Middlewares/Third_Party/FreeRTOS/Source/tasks.c **** 			interrupt, and if a mutex is given by the holding task then it must
4114:Middlewares/Third_Party/FreeRTOS/Source/tasks.c **** 			be the running state task. */
4115:Middlewares/Third_Party/FreeRTOS/Source/tasks.c **** 			configASSERT( pxTCB == pxCurrentTCB );
4116:Middlewares/Third_Party/FreeRTOS/Source/tasks.c **** 			configASSERT( pxTCB->uxMutexesHeld );
4117:Middlewares/Third_Party/FreeRTOS/Source/tasks.c **** 			( pxTCB->uxMutexesHeld )--;
ARM GAS  D:\TMP\ccFCmCnH.s 			page 93


4118:Middlewares/Third_Party/FreeRTOS/Source/tasks.c **** 
4119:Middlewares/Third_Party/FreeRTOS/Source/tasks.c **** 			/* Has the holder of the mutex inherited the priority of another
4120:Middlewares/Third_Party/FreeRTOS/Source/tasks.c **** 			task? */
4121:Middlewares/Third_Party/FreeRTOS/Source/tasks.c **** 			if( pxTCB->uxPriority != pxTCB->uxBasePriority )
4122:Middlewares/Third_Party/FreeRTOS/Source/tasks.c **** 			{
4123:Middlewares/Third_Party/FreeRTOS/Source/tasks.c **** 				/* Only disinherit if no other mutexes are held. */
4124:Middlewares/Third_Party/FreeRTOS/Source/tasks.c **** 				if( pxTCB->uxMutexesHeld == ( UBaseType_t ) 0 )
4125:Middlewares/Third_Party/FreeRTOS/Source/tasks.c **** 				{
4126:Middlewares/Third_Party/FreeRTOS/Source/tasks.c **** 					/* A task can only have an inherited priority if it holds
4127:Middlewares/Third_Party/FreeRTOS/Source/tasks.c **** 					the mutex.  If the mutex is held by a task then it cannot be
4128:Middlewares/Third_Party/FreeRTOS/Source/tasks.c **** 					given from an interrupt, and if a mutex is given by the
4129:Middlewares/Third_Party/FreeRTOS/Source/tasks.c **** 					holding task then it must be the running state task.  Remove
4130:Middlewares/Third_Party/FreeRTOS/Source/tasks.c **** 					the holding task from the ready/delayed list. */
4131:Middlewares/Third_Party/FreeRTOS/Source/tasks.c **** 					if( uxListRemove( &( pxTCB->xStateListItem ) ) == ( UBaseType_t ) 0 )
4132:Middlewares/Third_Party/FreeRTOS/Source/tasks.c **** 					{
4133:Middlewares/Third_Party/FreeRTOS/Source/tasks.c **** 						taskRESET_READY_PRIORITY( pxTCB->uxPriority );
4134:Middlewares/Third_Party/FreeRTOS/Source/tasks.c **** 					}
4135:Middlewares/Third_Party/FreeRTOS/Source/tasks.c **** 					else
4136:Middlewares/Third_Party/FreeRTOS/Source/tasks.c **** 					{
4137:Middlewares/Third_Party/FreeRTOS/Source/tasks.c **** 						mtCOVERAGE_TEST_MARKER();
4138:Middlewares/Third_Party/FreeRTOS/Source/tasks.c **** 					}
4139:Middlewares/Third_Party/FreeRTOS/Source/tasks.c **** 
4140:Middlewares/Third_Party/FreeRTOS/Source/tasks.c **** 					/* Disinherit the priority before adding the task into the
4141:Middlewares/Third_Party/FreeRTOS/Source/tasks.c **** 					new	ready list. */
4142:Middlewares/Third_Party/FreeRTOS/Source/tasks.c **** 					traceTASK_PRIORITY_DISINHERIT( pxTCB, pxTCB->uxBasePriority );
4143:Middlewares/Third_Party/FreeRTOS/Source/tasks.c **** 					pxTCB->uxPriority = pxTCB->uxBasePriority;
4144:Middlewares/Third_Party/FreeRTOS/Source/tasks.c **** 
4145:Middlewares/Third_Party/FreeRTOS/Source/tasks.c **** 					/* Reset the event list item value.  It cannot be in use for
4146:Middlewares/Third_Party/FreeRTOS/Source/tasks.c **** 					any other purpose if this task is running, and it must be
4147:Middlewares/Third_Party/FreeRTOS/Source/tasks.c **** 					running to give back the mutex. */
4148:Middlewares/Third_Party/FreeRTOS/Source/tasks.c **** 					listSET_LIST_ITEM_VALUE( &( pxTCB->xEventListItem ), ( TickType_t ) configMAX_PRIORITIES - ( T
4149:Middlewares/Third_Party/FreeRTOS/Source/tasks.c **** 					prvAddTaskToReadyList( pxTCB );
4150:Middlewares/Third_Party/FreeRTOS/Source/tasks.c **** 
4151:Middlewares/Third_Party/FreeRTOS/Source/tasks.c **** 					/* Return true to indicate that a context switch is required.
4152:Middlewares/Third_Party/FreeRTOS/Source/tasks.c **** 					This is only actually required in the corner case whereby
4153:Middlewares/Third_Party/FreeRTOS/Source/tasks.c **** 					multiple mutexes were held and the mutexes were given back
4154:Middlewares/Third_Party/FreeRTOS/Source/tasks.c **** 					in an order different to that in which they were taken.
4155:Middlewares/Third_Party/FreeRTOS/Source/tasks.c **** 					If a context switch did not occur when the first mutex was
4156:Middlewares/Third_Party/FreeRTOS/Source/tasks.c **** 					returned, even if a task was waiting on it, then a context
4157:Middlewares/Third_Party/FreeRTOS/Source/tasks.c **** 					switch should occur when the last mutex is returned whether
4158:Middlewares/Third_Party/FreeRTOS/Source/tasks.c **** 					a task is waiting on it or not. */
4159:Middlewares/Third_Party/FreeRTOS/Source/tasks.c **** 					xReturn = pdTRUE;
4160:Middlewares/Third_Party/FreeRTOS/Source/tasks.c **** 				}
4161:Middlewares/Third_Party/FreeRTOS/Source/tasks.c **** 				else
4162:Middlewares/Third_Party/FreeRTOS/Source/tasks.c **** 				{
4163:Middlewares/Third_Party/FreeRTOS/Source/tasks.c **** 					mtCOVERAGE_TEST_MARKER();
4164:Middlewares/Third_Party/FreeRTOS/Source/tasks.c **** 				}
4165:Middlewares/Third_Party/FreeRTOS/Source/tasks.c **** 			}
4166:Middlewares/Third_Party/FreeRTOS/Source/tasks.c **** 			else
4167:Middlewares/Third_Party/FreeRTOS/Source/tasks.c **** 			{
4168:Middlewares/Third_Party/FreeRTOS/Source/tasks.c **** 				mtCOVERAGE_TEST_MARKER();
4169:Middlewares/Third_Party/FreeRTOS/Source/tasks.c **** 			}
4170:Middlewares/Third_Party/FreeRTOS/Source/tasks.c **** 		}
4171:Middlewares/Third_Party/FreeRTOS/Source/tasks.c **** 		else
4172:Middlewares/Third_Party/FreeRTOS/Source/tasks.c **** 		{
4173:Middlewares/Third_Party/FreeRTOS/Source/tasks.c **** 			mtCOVERAGE_TEST_MARKER();
4174:Middlewares/Third_Party/FreeRTOS/Source/tasks.c **** 		}
ARM GAS  D:\TMP\ccFCmCnH.s 			page 94


4175:Middlewares/Third_Party/FreeRTOS/Source/tasks.c **** 
4176:Middlewares/Third_Party/FreeRTOS/Source/tasks.c **** 		return xReturn;
4177:Middlewares/Third_Party/FreeRTOS/Source/tasks.c **** 	}
4178:Middlewares/Third_Party/FreeRTOS/Source/tasks.c **** 
4179:Middlewares/Third_Party/FreeRTOS/Source/tasks.c **** #endif /* configUSE_MUTEXES */
4180:Middlewares/Third_Party/FreeRTOS/Source/tasks.c **** /*-----------------------------------------------------------*/
4181:Middlewares/Third_Party/FreeRTOS/Source/tasks.c **** 
4182:Middlewares/Third_Party/FreeRTOS/Source/tasks.c **** #if ( configUSE_MUTEXES == 1 )
4183:Middlewares/Third_Party/FreeRTOS/Source/tasks.c **** 
4184:Middlewares/Third_Party/FreeRTOS/Source/tasks.c **** 	void vTaskPriorityDisinheritAfterTimeout( TaskHandle_t const pxMutexHolder, UBaseType_t uxHighestP
4185:Middlewares/Third_Party/FreeRTOS/Source/tasks.c **** 	{
4186:Middlewares/Third_Party/FreeRTOS/Source/tasks.c **** 	TCB_t * const pxTCB = pxMutexHolder;
4187:Middlewares/Third_Party/FreeRTOS/Source/tasks.c **** 	UBaseType_t uxPriorityUsedOnEntry, uxPriorityToUse;
4188:Middlewares/Third_Party/FreeRTOS/Source/tasks.c **** 	const UBaseType_t uxOnlyOneMutexHeld = ( UBaseType_t ) 1;
4189:Middlewares/Third_Party/FreeRTOS/Source/tasks.c **** 
4190:Middlewares/Third_Party/FreeRTOS/Source/tasks.c **** 		if( pxMutexHolder != NULL )
4191:Middlewares/Third_Party/FreeRTOS/Source/tasks.c **** 		{
4192:Middlewares/Third_Party/FreeRTOS/Source/tasks.c **** 			/* If pxMutexHolder is not NULL then the holder must hold at least
4193:Middlewares/Third_Party/FreeRTOS/Source/tasks.c **** 			one mutex. */
4194:Middlewares/Third_Party/FreeRTOS/Source/tasks.c **** 			configASSERT( pxTCB->uxMutexesHeld );
4195:Middlewares/Third_Party/FreeRTOS/Source/tasks.c **** 
4196:Middlewares/Third_Party/FreeRTOS/Source/tasks.c **** 			/* Determine the priority to which the priority of the task that
4197:Middlewares/Third_Party/FreeRTOS/Source/tasks.c **** 			holds the mutex should be set.  This will be the greater of the
4198:Middlewares/Third_Party/FreeRTOS/Source/tasks.c **** 			holding task's base priority and the priority of the highest
4199:Middlewares/Third_Party/FreeRTOS/Source/tasks.c **** 			priority task that is waiting to obtain the mutex. */
4200:Middlewares/Third_Party/FreeRTOS/Source/tasks.c **** 			if( pxTCB->uxBasePriority < uxHighestPriorityWaitingTask )
4201:Middlewares/Third_Party/FreeRTOS/Source/tasks.c **** 			{
4202:Middlewares/Third_Party/FreeRTOS/Source/tasks.c **** 				uxPriorityToUse = uxHighestPriorityWaitingTask;
4203:Middlewares/Third_Party/FreeRTOS/Source/tasks.c **** 			}
4204:Middlewares/Third_Party/FreeRTOS/Source/tasks.c **** 			else
4205:Middlewares/Third_Party/FreeRTOS/Source/tasks.c **** 			{
4206:Middlewares/Third_Party/FreeRTOS/Source/tasks.c **** 				uxPriorityToUse = pxTCB->uxBasePriority;
4207:Middlewares/Third_Party/FreeRTOS/Source/tasks.c **** 			}
4208:Middlewares/Third_Party/FreeRTOS/Source/tasks.c **** 
4209:Middlewares/Third_Party/FreeRTOS/Source/tasks.c **** 			/* Does the priority need to change? */
4210:Middlewares/Third_Party/FreeRTOS/Source/tasks.c **** 			if( pxTCB->uxPriority != uxPriorityToUse )
4211:Middlewares/Third_Party/FreeRTOS/Source/tasks.c **** 			{
4212:Middlewares/Third_Party/FreeRTOS/Source/tasks.c **** 				/* Only disinherit if no other mutexes are held.  This is a
4213:Middlewares/Third_Party/FreeRTOS/Source/tasks.c **** 				simplification in the priority inheritance implementation.  If
4214:Middlewares/Third_Party/FreeRTOS/Source/tasks.c **** 				the task that holds the mutex is also holding other mutexes then
4215:Middlewares/Third_Party/FreeRTOS/Source/tasks.c **** 				the other mutexes may have caused the priority inheritance. */
4216:Middlewares/Third_Party/FreeRTOS/Source/tasks.c **** 				if( pxTCB->uxMutexesHeld == uxOnlyOneMutexHeld )
4217:Middlewares/Third_Party/FreeRTOS/Source/tasks.c **** 				{
4218:Middlewares/Third_Party/FreeRTOS/Source/tasks.c **** 					/* If a task has timed out because it already holds the
4219:Middlewares/Third_Party/FreeRTOS/Source/tasks.c **** 					mutex it was trying to obtain then it cannot of inherited
4220:Middlewares/Third_Party/FreeRTOS/Source/tasks.c **** 					its own priority. */
4221:Middlewares/Third_Party/FreeRTOS/Source/tasks.c **** 					configASSERT( pxTCB != pxCurrentTCB );
4222:Middlewares/Third_Party/FreeRTOS/Source/tasks.c **** 
4223:Middlewares/Third_Party/FreeRTOS/Source/tasks.c **** 					/* Disinherit the priority, remembering the previous
4224:Middlewares/Third_Party/FreeRTOS/Source/tasks.c **** 					priority to facilitate determining the subject task's
4225:Middlewares/Third_Party/FreeRTOS/Source/tasks.c **** 					state. */
4226:Middlewares/Third_Party/FreeRTOS/Source/tasks.c **** 					traceTASK_PRIORITY_DISINHERIT( pxTCB, pxTCB->uxBasePriority );
4227:Middlewares/Third_Party/FreeRTOS/Source/tasks.c **** 					uxPriorityUsedOnEntry = pxTCB->uxPriority;
4228:Middlewares/Third_Party/FreeRTOS/Source/tasks.c **** 					pxTCB->uxPriority = uxPriorityToUse;
4229:Middlewares/Third_Party/FreeRTOS/Source/tasks.c **** 
4230:Middlewares/Third_Party/FreeRTOS/Source/tasks.c **** 					/* Only reset the event list item value if the value is not
4231:Middlewares/Third_Party/FreeRTOS/Source/tasks.c **** 					being used for anything else. */
ARM GAS  D:\TMP\ccFCmCnH.s 			page 95


4232:Middlewares/Third_Party/FreeRTOS/Source/tasks.c **** 					if( ( listGET_LIST_ITEM_VALUE( &( pxTCB->xEventListItem ) ) & taskEVENT_LIST_ITEM_VALUE_IN_USE
4233:Middlewares/Third_Party/FreeRTOS/Source/tasks.c **** 					{
4234:Middlewares/Third_Party/FreeRTOS/Source/tasks.c **** 						listSET_LIST_ITEM_VALUE( &( pxTCB->xEventListItem ), ( TickType_t ) configMAX_PRIORITIES - ( 
4235:Middlewares/Third_Party/FreeRTOS/Source/tasks.c **** 					}
4236:Middlewares/Third_Party/FreeRTOS/Source/tasks.c **** 					else
4237:Middlewares/Third_Party/FreeRTOS/Source/tasks.c **** 					{
4238:Middlewares/Third_Party/FreeRTOS/Source/tasks.c **** 						mtCOVERAGE_TEST_MARKER();
4239:Middlewares/Third_Party/FreeRTOS/Source/tasks.c **** 					}
4240:Middlewares/Third_Party/FreeRTOS/Source/tasks.c **** 
4241:Middlewares/Third_Party/FreeRTOS/Source/tasks.c **** 					/* If the running task is not the task that holds the mutex
4242:Middlewares/Third_Party/FreeRTOS/Source/tasks.c **** 					then the task that holds the mutex could be in either the
4243:Middlewares/Third_Party/FreeRTOS/Source/tasks.c **** 					Ready, Blocked or Suspended states.  Only remove the task
4244:Middlewares/Third_Party/FreeRTOS/Source/tasks.c **** 					from its current state list if it is in the Ready state as
4245:Middlewares/Third_Party/FreeRTOS/Source/tasks.c **** 					the task's priority is going to change and there is one
4246:Middlewares/Third_Party/FreeRTOS/Source/tasks.c **** 					Ready list per priority. */
4247:Middlewares/Third_Party/FreeRTOS/Source/tasks.c **** 					if( listIS_CONTAINED_WITHIN( &( pxReadyTasksLists[ uxPriorityUsedOnEntry ] ), &( pxTCB->xState
4248:Middlewares/Third_Party/FreeRTOS/Source/tasks.c **** 					{
4249:Middlewares/Third_Party/FreeRTOS/Source/tasks.c **** 						if( uxListRemove( &( pxTCB->xStateListItem ) ) == ( UBaseType_t ) 0 )
4250:Middlewares/Third_Party/FreeRTOS/Source/tasks.c **** 						{
4251:Middlewares/Third_Party/FreeRTOS/Source/tasks.c **** 							/* It is known that the task is in its ready list so
4252:Middlewares/Third_Party/FreeRTOS/Source/tasks.c **** 							there is no need to check again and the port level
4253:Middlewares/Third_Party/FreeRTOS/Source/tasks.c **** 							reset macro can be called directly. */
4254:Middlewares/Third_Party/FreeRTOS/Source/tasks.c **** 							portRESET_READY_PRIORITY( pxTCB->uxPriority, uxTopReadyPriority );
4255:Middlewares/Third_Party/FreeRTOS/Source/tasks.c **** 						}
4256:Middlewares/Third_Party/FreeRTOS/Source/tasks.c **** 						else
4257:Middlewares/Third_Party/FreeRTOS/Source/tasks.c **** 						{
4258:Middlewares/Third_Party/FreeRTOS/Source/tasks.c **** 							mtCOVERAGE_TEST_MARKER();
4259:Middlewares/Third_Party/FreeRTOS/Source/tasks.c **** 						}
4260:Middlewares/Third_Party/FreeRTOS/Source/tasks.c **** 
4261:Middlewares/Third_Party/FreeRTOS/Source/tasks.c **** 						prvAddTaskToReadyList( pxTCB );
4262:Middlewares/Third_Party/FreeRTOS/Source/tasks.c **** 					}
4263:Middlewares/Third_Party/FreeRTOS/Source/tasks.c **** 					else
4264:Middlewares/Third_Party/FreeRTOS/Source/tasks.c **** 					{
4265:Middlewares/Third_Party/FreeRTOS/Source/tasks.c **** 						mtCOVERAGE_TEST_MARKER();
4266:Middlewares/Third_Party/FreeRTOS/Source/tasks.c **** 					}
4267:Middlewares/Third_Party/FreeRTOS/Source/tasks.c **** 				}
4268:Middlewares/Third_Party/FreeRTOS/Source/tasks.c **** 				else
4269:Middlewares/Third_Party/FreeRTOS/Source/tasks.c **** 				{
4270:Middlewares/Third_Party/FreeRTOS/Source/tasks.c **** 					mtCOVERAGE_TEST_MARKER();
4271:Middlewares/Third_Party/FreeRTOS/Source/tasks.c **** 				}
4272:Middlewares/Third_Party/FreeRTOS/Source/tasks.c **** 			}
4273:Middlewares/Third_Party/FreeRTOS/Source/tasks.c **** 			else
4274:Middlewares/Third_Party/FreeRTOS/Source/tasks.c **** 			{
4275:Middlewares/Third_Party/FreeRTOS/Source/tasks.c **** 				mtCOVERAGE_TEST_MARKER();
4276:Middlewares/Third_Party/FreeRTOS/Source/tasks.c **** 			}
4277:Middlewares/Third_Party/FreeRTOS/Source/tasks.c **** 		}
4278:Middlewares/Third_Party/FreeRTOS/Source/tasks.c **** 		else
4279:Middlewares/Third_Party/FreeRTOS/Source/tasks.c **** 		{
4280:Middlewares/Third_Party/FreeRTOS/Source/tasks.c **** 			mtCOVERAGE_TEST_MARKER();
4281:Middlewares/Third_Party/FreeRTOS/Source/tasks.c **** 		}
4282:Middlewares/Third_Party/FreeRTOS/Source/tasks.c **** 	}
4283:Middlewares/Third_Party/FreeRTOS/Source/tasks.c **** 
4284:Middlewares/Third_Party/FreeRTOS/Source/tasks.c **** #endif /* configUSE_MUTEXES */
4285:Middlewares/Third_Party/FreeRTOS/Source/tasks.c **** /*-----------------------------------------------------------*/
4286:Middlewares/Third_Party/FreeRTOS/Source/tasks.c **** 
4287:Middlewares/Third_Party/FreeRTOS/Source/tasks.c **** #if ( portCRITICAL_NESTING_IN_TCB == 1 )
4288:Middlewares/Third_Party/FreeRTOS/Source/tasks.c **** 
ARM GAS  D:\TMP\ccFCmCnH.s 			page 96


4289:Middlewares/Third_Party/FreeRTOS/Source/tasks.c **** 	void vTaskEnterCritical( void )
4290:Middlewares/Third_Party/FreeRTOS/Source/tasks.c **** 	{
4291:Middlewares/Third_Party/FreeRTOS/Source/tasks.c **** 		portDISABLE_INTERRUPTS();
4292:Middlewares/Third_Party/FreeRTOS/Source/tasks.c **** 
4293:Middlewares/Third_Party/FreeRTOS/Source/tasks.c **** 		if( xSchedulerRunning != pdFALSE )
4294:Middlewares/Third_Party/FreeRTOS/Source/tasks.c **** 		{
4295:Middlewares/Third_Party/FreeRTOS/Source/tasks.c **** 			( pxCurrentTCB->uxCriticalNesting )++;
4296:Middlewares/Third_Party/FreeRTOS/Source/tasks.c **** 
4297:Middlewares/Third_Party/FreeRTOS/Source/tasks.c **** 			/* This is not the interrupt safe version of the enter critical
4298:Middlewares/Third_Party/FreeRTOS/Source/tasks.c **** 			function so	assert() if it is being called from an interrupt
4299:Middlewares/Third_Party/FreeRTOS/Source/tasks.c **** 			context.  Only API functions that end in "FromISR" can be used in an
4300:Middlewares/Third_Party/FreeRTOS/Source/tasks.c **** 			interrupt.  Only assert if the critical nesting count is 1 to
4301:Middlewares/Third_Party/FreeRTOS/Source/tasks.c **** 			protect against recursive calls if the assert function also uses a
4302:Middlewares/Third_Party/FreeRTOS/Source/tasks.c **** 			critical section. */
4303:Middlewares/Third_Party/FreeRTOS/Source/tasks.c **** 			if( pxCurrentTCB->uxCriticalNesting == 1 )
4304:Middlewares/Third_Party/FreeRTOS/Source/tasks.c **** 			{
4305:Middlewares/Third_Party/FreeRTOS/Source/tasks.c **** 				portASSERT_IF_IN_ISR();
4306:Middlewares/Third_Party/FreeRTOS/Source/tasks.c **** 			}
4307:Middlewares/Third_Party/FreeRTOS/Source/tasks.c **** 		}
4308:Middlewares/Third_Party/FreeRTOS/Source/tasks.c **** 		else
4309:Middlewares/Third_Party/FreeRTOS/Source/tasks.c **** 		{
4310:Middlewares/Third_Party/FreeRTOS/Source/tasks.c **** 			mtCOVERAGE_TEST_MARKER();
4311:Middlewares/Third_Party/FreeRTOS/Source/tasks.c **** 		}
4312:Middlewares/Third_Party/FreeRTOS/Source/tasks.c **** 	}
4313:Middlewares/Third_Party/FreeRTOS/Source/tasks.c **** 
4314:Middlewares/Third_Party/FreeRTOS/Source/tasks.c **** #endif /* portCRITICAL_NESTING_IN_TCB */
4315:Middlewares/Third_Party/FreeRTOS/Source/tasks.c **** /*-----------------------------------------------------------*/
4316:Middlewares/Third_Party/FreeRTOS/Source/tasks.c **** 
4317:Middlewares/Third_Party/FreeRTOS/Source/tasks.c **** #if ( portCRITICAL_NESTING_IN_TCB == 1 )
4318:Middlewares/Third_Party/FreeRTOS/Source/tasks.c **** 
4319:Middlewares/Third_Party/FreeRTOS/Source/tasks.c **** 	void vTaskExitCritical( void )
4320:Middlewares/Third_Party/FreeRTOS/Source/tasks.c **** 	{
4321:Middlewares/Third_Party/FreeRTOS/Source/tasks.c **** 		if( xSchedulerRunning != pdFALSE )
4322:Middlewares/Third_Party/FreeRTOS/Source/tasks.c **** 		{
4323:Middlewares/Third_Party/FreeRTOS/Source/tasks.c **** 			if( pxCurrentTCB->uxCriticalNesting > 0U )
4324:Middlewares/Third_Party/FreeRTOS/Source/tasks.c **** 			{
4325:Middlewares/Third_Party/FreeRTOS/Source/tasks.c **** 				( pxCurrentTCB->uxCriticalNesting )--;
4326:Middlewares/Third_Party/FreeRTOS/Source/tasks.c **** 
4327:Middlewares/Third_Party/FreeRTOS/Source/tasks.c **** 				if( pxCurrentTCB->uxCriticalNesting == 0U )
4328:Middlewares/Third_Party/FreeRTOS/Source/tasks.c **** 				{
4329:Middlewares/Third_Party/FreeRTOS/Source/tasks.c **** 					portENABLE_INTERRUPTS();
4330:Middlewares/Third_Party/FreeRTOS/Source/tasks.c **** 				}
4331:Middlewares/Third_Party/FreeRTOS/Source/tasks.c **** 				else
4332:Middlewares/Third_Party/FreeRTOS/Source/tasks.c **** 				{
4333:Middlewares/Third_Party/FreeRTOS/Source/tasks.c **** 					mtCOVERAGE_TEST_MARKER();
4334:Middlewares/Third_Party/FreeRTOS/Source/tasks.c **** 				}
4335:Middlewares/Third_Party/FreeRTOS/Source/tasks.c **** 			}
4336:Middlewares/Third_Party/FreeRTOS/Source/tasks.c **** 			else
4337:Middlewares/Third_Party/FreeRTOS/Source/tasks.c **** 			{
4338:Middlewares/Third_Party/FreeRTOS/Source/tasks.c **** 				mtCOVERAGE_TEST_MARKER();
4339:Middlewares/Third_Party/FreeRTOS/Source/tasks.c **** 			}
4340:Middlewares/Third_Party/FreeRTOS/Source/tasks.c **** 		}
4341:Middlewares/Third_Party/FreeRTOS/Source/tasks.c **** 		else
4342:Middlewares/Third_Party/FreeRTOS/Source/tasks.c **** 		{
4343:Middlewares/Third_Party/FreeRTOS/Source/tasks.c **** 			mtCOVERAGE_TEST_MARKER();
4344:Middlewares/Third_Party/FreeRTOS/Source/tasks.c **** 		}
4345:Middlewares/Third_Party/FreeRTOS/Source/tasks.c **** 	}
ARM GAS  D:\TMP\ccFCmCnH.s 			page 97


4346:Middlewares/Third_Party/FreeRTOS/Source/tasks.c **** 
4347:Middlewares/Third_Party/FreeRTOS/Source/tasks.c **** #endif /* portCRITICAL_NESTING_IN_TCB */
4348:Middlewares/Third_Party/FreeRTOS/Source/tasks.c **** /*-----------------------------------------------------------*/
4349:Middlewares/Third_Party/FreeRTOS/Source/tasks.c **** 
4350:Middlewares/Third_Party/FreeRTOS/Source/tasks.c **** #if ( ( configUSE_TRACE_FACILITY == 1 ) && ( configUSE_STATS_FORMATTING_FUNCTIONS > 0 ) )
4351:Middlewares/Third_Party/FreeRTOS/Source/tasks.c **** 
4352:Middlewares/Third_Party/FreeRTOS/Source/tasks.c **** 	static char *prvWriteNameToBuffer( char *pcBuffer, const char *pcTaskName )
4353:Middlewares/Third_Party/FreeRTOS/Source/tasks.c **** 	{
4354:Middlewares/Third_Party/FreeRTOS/Source/tasks.c **** 	size_t x;
4355:Middlewares/Third_Party/FreeRTOS/Source/tasks.c **** 
4356:Middlewares/Third_Party/FreeRTOS/Source/tasks.c **** 		/* Start by copying the entire string. */
4357:Middlewares/Third_Party/FreeRTOS/Source/tasks.c **** 		strcpy( pcBuffer, pcTaskName );
4358:Middlewares/Third_Party/FreeRTOS/Source/tasks.c **** 
4359:Middlewares/Third_Party/FreeRTOS/Source/tasks.c **** 		/* Pad the end of the string with spaces to ensure columns line up when
4360:Middlewares/Third_Party/FreeRTOS/Source/tasks.c **** 		printed out. */
4361:Middlewares/Third_Party/FreeRTOS/Source/tasks.c **** 		for( x = strlen( pcBuffer ); x < ( size_t ) ( configMAX_TASK_NAME_LEN - 1 ); x++ )
4362:Middlewares/Third_Party/FreeRTOS/Source/tasks.c **** 		{
4363:Middlewares/Third_Party/FreeRTOS/Source/tasks.c **** 			pcBuffer[ x ] = ' ';
4364:Middlewares/Third_Party/FreeRTOS/Source/tasks.c **** 		}
4365:Middlewares/Third_Party/FreeRTOS/Source/tasks.c **** 
4366:Middlewares/Third_Party/FreeRTOS/Source/tasks.c **** 		/* Terminate. */
4367:Middlewares/Third_Party/FreeRTOS/Source/tasks.c **** 		pcBuffer[ x ] = ( char ) 0x00;
4368:Middlewares/Third_Party/FreeRTOS/Source/tasks.c **** 
4369:Middlewares/Third_Party/FreeRTOS/Source/tasks.c **** 		/* Return the new end of string. */
4370:Middlewares/Third_Party/FreeRTOS/Source/tasks.c **** 		return &( pcBuffer[ x ] );
4371:Middlewares/Third_Party/FreeRTOS/Source/tasks.c **** 	}
4372:Middlewares/Third_Party/FreeRTOS/Source/tasks.c **** 
4373:Middlewares/Third_Party/FreeRTOS/Source/tasks.c **** #endif /* ( configUSE_TRACE_FACILITY == 1 ) && ( configUSE_STATS_FORMATTING_FUNCTIONS > 0 ) */
4374:Middlewares/Third_Party/FreeRTOS/Source/tasks.c **** /*-----------------------------------------------------------*/
4375:Middlewares/Third_Party/FreeRTOS/Source/tasks.c **** 
4376:Middlewares/Third_Party/FreeRTOS/Source/tasks.c **** #if ( ( configUSE_TRACE_FACILITY == 1 ) && ( configUSE_STATS_FORMATTING_FUNCTIONS > 0 ) && ( config
4377:Middlewares/Third_Party/FreeRTOS/Source/tasks.c **** 
4378:Middlewares/Third_Party/FreeRTOS/Source/tasks.c **** 	void vTaskList( char * pcWriteBuffer )
4379:Middlewares/Third_Party/FreeRTOS/Source/tasks.c **** 	{
4380:Middlewares/Third_Party/FreeRTOS/Source/tasks.c **** 	TaskStatus_t *pxTaskStatusArray;
4381:Middlewares/Third_Party/FreeRTOS/Source/tasks.c **** 	UBaseType_t uxArraySize, x;
4382:Middlewares/Third_Party/FreeRTOS/Source/tasks.c **** 	char cStatus;
4383:Middlewares/Third_Party/FreeRTOS/Source/tasks.c **** 
4384:Middlewares/Third_Party/FreeRTOS/Source/tasks.c **** 		/*
4385:Middlewares/Third_Party/FreeRTOS/Source/tasks.c **** 		 * PLEASE NOTE:
4386:Middlewares/Third_Party/FreeRTOS/Source/tasks.c **** 		 *
4387:Middlewares/Third_Party/FreeRTOS/Source/tasks.c **** 		 * This function is provided for convenience only, and is used by many
4388:Middlewares/Third_Party/FreeRTOS/Source/tasks.c **** 		 * of the demo applications.  Do not consider it to be part of the
4389:Middlewares/Third_Party/FreeRTOS/Source/tasks.c **** 		 * scheduler.
4390:Middlewares/Third_Party/FreeRTOS/Source/tasks.c **** 		 *
4391:Middlewares/Third_Party/FreeRTOS/Source/tasks.c **** 		 * vTaskList() calls uxTaskGetSystemState(), then formats part of the
4392:Middlewares/Third_Party/FreeRTOS/Source/tasks.c **** 		 * uxTaskGetSystemState() output into a human readable table that
4393:Middlewares/Third_Party/FreeRTOS/Source/tasks.c **** 		 * displays task names, states and stack usage.
4394:Middlewares/Third_Party/FreeRTOS/Source/tasks.c **** 		 *
4395:Middlewares/Third_Party/FreeRTOS/Source/tasks.c **** 		 * vTaskList() has a dependency on the sprintf() C library function that
4396:Middlewares/Third_Party/FreeRTOS/Source/tasks.c **** 		 * might bloat the code size, use a lot of stack, and provide different
4397:Middlewares/Third_Party/FreeRTOS/Source/tasks.c **** 		 * results on different platforms.  An alternative, tiny, third party,
4398:Middlewares/Third_Party/FreeRTOS/Source/tasks.c **** 		 * and limited functionality implementation of sprintf() is provided in
4399:Middlewares/Third_Party/FreeRTOS/Source/tasks.c **** 		 * many of the FreeRTOS/Demo sub-directories in a file called
4400:Middlewares/Third_Party/FreeRTOS/Source/tasks.c **** 		 * printf-stdarg.c (note printf-stdarg.c does not provide a full
4401:Middlewares/Third_Party/FreeRTOS/Source/tasks.c **** 		 * snprintf() implementation!).
4402:Middlewares/Third_Party/FreeRTOS/Source/tasks.c **** 		 *
ARM GAS  D:\TMP\ccFCmCnH.s 			page 98


4403:Middlewares/Third_Party/FreeRTOS/Source/tasks.c **** 		 * It is recommended that production systems call uxTaskGetSystemState()
4404:Middlewares/Third_Party/FreeRTOS/Source/tasks.c **** 		 * directly to get access to raw stats data, rather than indirectly
4405:Middlewares/Third_Party/FreeRTOS/Source/tasks.c **** 		 * through a call to vTaskList().
4406:Middlewares/Third_Party/FreeRTOS/Source/tasks.c **** 		 */
4407:Middlewares/Third_Party/FreeRTOS/Source/tasks.c **** 
4408:Middlewares/Third_Party/FreeRTOS/Source/tasks.c **** 
4409:Middlewares/Third_Party/FreeRTOS/Source/tasks.c **** 		/* Make sure the write buffer does not contain a string. */
4410:Middlewares/Third_Party/FreeRTOS/Source/tasks.c **** 		*pcWriteBuffer = ( char ) 0x00;
4411:Middlewares/Third_Party/FreeRTOS/Source/tasks.c **** 
4412:Middlewares/Third_Party/FreeRTOS/Source/tasks.c **** 		/* Take a snapshot of the number of tasks in case it changes while this
4413:Middlewares/Third_Party/FreeRTOS/Source/tasks.c **** 		function is executing. */
4414:Middlewares/Third_Party/FreeRTOS/Source/tasks.c **** 		uxArraySize = uxCurrentNumberOfTasks;
4415:Middlewares/Third_Party/FreeRTOS/Source/tasks.c **** 
4416:Middlewares/Third_Party/FreeRTOS/Source/tasks.c **** 		/* Allocate an array index for each task.  NOTE!  if
4417:Middlewares/Third_Party/FreeRTOS/Source/tasks.c **** 		configSUPPORT_DYNAMIC_ALLOCATION is set to 0 then pvPortMalloc() will
4418:Middlewares/Third_Party/FreeRTOS/Source/tasks.c **** 		equate to NULL. */
4419:Middlewares/Third_Party/FreeRTOS/Source/tasks.c **** 		pxTaskStatusArray = pvPortMalloc( uxCurrentNumberOfTasks * sizeof( TaskStatus_t ) ); /*lint !e907
4420:Middlewares/Third_Party/FreeRTOS/Source/tasks.c **** 
4421:Middlewares/Third_Party/FreeRTOS/Source/tasks.c **** 		if( pxTaskStatusArray != NULL )
4422:Middlewares/Third_Party/FreeRTOS/Source/tasks.c **** 		{
4423:Middlewares/Third_Party/FreeRTOS/Source/tasks.c **** 			/* Generate the (binary) data. */
4424:Middlewares/Third_Party/FreeRTOS/Source/tasks.c **** 			uxArraySize = uxTaskGetSystemState( pxTaskStatusArray, uxArraySize, NULL );
4425:Middlewares/Third_Party/FreeRTOS/Source/tasks.c **** 
4426:Middlewares/Third_Party/FreeRTOS/Source/tasks.c **** 			/* Create a human readable table from the binary data. */
4427:Middlewares/Third_Party/FreeRTOS/Source/tasks.c **** 			for( x = 0; x < uxArraySize; x++ )
4428:Middlewares/Third_Party/FreeRTOS/Source/tasks.c **** 			{
4429:Middlewares/Third_Party/FreeRTOS/Source/tasks.c **** 				switch( pxTaskStatusArray[ x ].eCurrentState )
4430:Middlewares/Third_Party/FreeRTOS/Source/tasks.c **** 				{
4431:Middlewares/Third_Party/FreeRTOS/Source/tasks.c **** 					case eRunning:		cStatus = tskRUNNING_CHAR;
4432:Middlewares/Third_Party/FreeRTOS/Source/tasks.c **** 										break;
4433:Middlewares/Third_Party/FreeRTOS/Source/tasks.c **** 
4434:Middlewares/Third_Party/FreeRTOS/Source/tasks.c **** 					case eReady:		cStatus = tskREADY_CHAR;
4435:Middlewares/Third_Party/FreeRTOS/Source/tasks.c **** 										break;
4436:Middlewares/Third_Party/FreeRTOS/Source/tasks.c **** 
4437:Middlewares/Third_Party/FreeRTOS/Source/tasks.c **** 					case eBlocked:		cStatus = tskBLOCKED_CHAR;
4438:Middlewares/Third_Party/FreeRTOS/Source/tasks.c **** 										break;
4439:Middlewares/Third_Party/FreeRTOS/Source/tasks.c **** 
4440:Middlewares/Third_Party/FreeRTOS/Source/tasks.c **** 					case eSuspended:	cStatus = tskSUSPENDED_CHAR;
4441:Middlewares/Third_Party/FreeRTOS/Source/tasks.c **** 										break;
4442:Middlewares/Third_Party/FreeRTOS/Source/tasks.c **** 
4443:Middlewares/Third_Party/FreeRTOS/Source/tasks.c **** 					case eDeleted:		cStatus = tskDELETED_CHAR;
4444:Middlewares/Third_Party/FreeRTOS/Source/tasks.c **** 										break;
4445:Middlewares/Third_Party/FreeRTOS/Source/tasks.c **** 
4446:Middlewares/Third_Party/FreeRTOS/Source/tasks.c **** 					case eInvalid:		/* Fall through. */
4447:Middlewares/Third_Party/FreeRTOS/Source/tasks.c **** 					default:			/* Should not get here, but it is included
4448:Middlewares/Third_Party/FreeRTOS/Source/tasks.c **** 										to prevent static checking errors. */
4449:Middlewares/Third_Party/FreeRTOS/Source/tasks.c **** 										cStatus = ( char ) 0x00;
4450:Middlewares/Third_Party/FreeRTOS/Source/tasks.c **** 										break;
4451:Middlewares/Third_Party/FreeRTOS/Source/tasks.c **** 				}
4452:Middlewares/Third_Party/FreeRTOS/Source/tasks.c **** 
4453:Middlewares/Third_Party/FreeRTOS/Source/tasks.c **** 				/* Write the task name to the string, padding with spaces so it
4454:Middlewares/Third_Party/FreeRTOS/Source/tasks.c **** 				can be printed in tabular form more easily. */
4455:Middlewares/Third_Party/FreeRTOS/Source/tasks.c **** 				pcWriteBuffer = prvWriteNameToBuffer( pcWriteBuffer, pxTaskStatusArray[ x ].pcTaskName );
4456:Middlewares/Third_Party/FreeRTOS/Source/tasks.c **** 
4457:Middlewares/Third_Party/FreeRTOS/Source/tasks.c **** 				/* Write the rest of the string. */
4458:Middlewares/Third_Party/FreeRTOS/Source/tasks.c **** 				sprintf( pcWriteBuffer, "\t%c\t%u\t%u\t%u\r\n", cStatus, ( unsigned int ) pxTaskStatusArray[ x 
4459:Middlewares/Third_Party/FreeRTOS/Source/tasks.c **** 				pcWriteBuffer += strlen( pcWriteBuffer ); /*lint !e9016 Pointer arithmetic ok on char pointers 
ARM GAS  D:\TMP\ccFCmCnH.s 			page 99


4460:Middlewares/Third_Party/FreeRTOS/Source/tasks.c **** 			}
4461:Middlewares/Third_Party/FreeRTOS/Source/tasks.c **** 
4462:Middlewares/Third_Party/FreeRTOS/Source/tasks.c **** 			/* Free the array again.  NOTE!  If configSUPPORT_DYNAMIC_ALLOCATION
4463:Middlewares/Third_Party/FreeRTOS/Source/tasks.c **** 			is 0 then vPortFree() will be #defined to nothing. */
4464:Middlewares/Third_Party/FreeRTOS/Source/tasks.c **** 			vPortFree( pxTaskStatusArray );
4465:Middlewares/Third_Party/FreeRTOS/Source/tasks.c **** 		}
4466:Middlewares/Third_Party/FreeRTOS/Source/tasks.c **** 		else
4467:Middlewares/Third_Party/FreeRTOS/Source/tasks.c **** 		{
4468:Middlewares/Third_Party/FreeRTOS/Source/tasks.c **** 			mtCOVERAGE_TEST_MARKER();
4469:Middlewares/Third_Party/FreeRTOS/Source/tasks.c **** 		}
4470:Middlewares/Third_Party/FreeRTOS/Source/tasks.c **** 	}
4471:Middlewares/Third_Party/FreeRTOS/Source/tasks.c **** 
4472:Middlewares/Third_Party/FreeRTOS/Source/tasks.c **** #endif /* ( ( configUSE_TRACE_FACILITY == 1 ) && ( configUSE_STATS_FORMATTING_FUNCTIONS > 0 ) && ( 
4473:Middlewares/Third_Party/FreeRTOS/Source/tasks.c **** /*----------------------------------------------------------*/
4474:Middlewares/Third_Party/FreeRTOS/Source/tasks.c **** 
4475:Middlewares/Third_Party/FreeRTOS/Source/tasks.c **** #if ( ( configGENERATE_RUN_TIME_STATS == 1 ) && ( configUSE_STATS_FORMATTING_FUNCTIONS > 0 ) && ( c
4476:Middlewares/Third_Party/FreeRTOS/Source/tasks.c **** 
4477:Middlewares/Third_Party/FreeRTOS/Source/tasks.c **** 	void vTaskGetRunTimeStats( char *pcWriteBuffer )
4478:Middlewares/Third_Party/FreeRTOS/Source/tasks.c **** 	{
4479:Middlewares/Third_Party/FreeRTOS/Source/tasks.c **** 	TaskStatus_t *pxTaskStatusArray;
4480:Middlewares/Third_Party/FreeRTOS/Source/tasks.c **** 	UBaseType_t uxArraySize, x;
4481:Middlewares/Third_Party/FreeRTOS/Source/tasks.c **** 	uint32_t ulTotalTime, ulStatsAsPercentage;
4482:Middlewares/Third_Party/FreeRTOS/Source/tasks.c **** 
4483:Middlewares/Third_Party/FreeRTOS/Source/tasks.c **** 		#if( configUSE_TRACE_FACILITY != 1 )
4484:Middlewares/Third_Party/FreeRTOS/Source/tasks.c **** 		{
4485:Middlewares/Third_Party/FreeRTOS/Source/tasks.c **** 			#error configUSE_TRACE_FACILITY must also be set to 1 in FreeRTOSConfig.h to use vTaskGetRunTime
4486:Middlewares/Third_Party/FreeRTOS/Source/tasks.c **** 		}
4487:Middlewares/Third_Party/FreeRTOS/Source/tasks.c **** 		#endif
4488:Middlewares/Third_Party/FreeRTOS/Source/tasks.c **** 
4489:Middlewares/Third_Party/FreeRTOS/Source/tasks.c **** 		/*
4490:Middlewares/Third_Party/FreeRTOS/Source/tasks.c **** 		 * PLEASE NOTE:
4491:Middlewares/Third_Party/FreeRTOS/Source/tasks.c **** 		 *
4492:Middlewares/Third_Party/FreeRTOS/Source/tasks.c **** 		 * This function is provided for convenience only, and is used by many
4493:Middlewares/Third_Party/FreeRTOS/Source/tasks.c **** 		 * of the demo applications.  Do not consider it to be part of the
4494:Middlewares/Third_Party/FreeRTOS/Source/tasks.c **** 		 * scheduler.
4495:Middlewares/Third_Party/FreeRTOS/Source/tasks.c **** 		 *
4496:Middlewares/Third_Party/FreeRTOS/Source/tasks.c **** 		 * vTaskGetRunTimeStats() calls uxTaskGetSystemState(), then formats part
4497:Middlewares/Third_Party/FreeRTOS/Source/tasks.c **** 		 * of the uxTaskGetSystemState() output into a human readable table that
4498:Middlewares/Third_Party/FreeRTOS/Source/tasks.c **** 		 * displays the amount of time each task has spent in the Running state
4499:Middlewares/Third_Party/FreeRTOS/Source/tasks.c **** 		 * in both absolute and percentage terms.
4500:Middlewares/Third_Party/FreeRTOS/Source/tasks.c **** 		 *
4501:Middlewares/Third_Party/FreeRTOS/Source/tasks.c **** 		 * vTaskGetRunTimeStats() has a dependency on the sprintf() C library
4502:Middlewares/Third_Party/FreeRTOS/Source/tasks.c **** 		 * function that might bloat the code size, use a lot of stack, and
4503:Middlewares/Third_Party/FreeRTOS/Source/tasks.c **** 		 * provide different results on different platforms.  An alternative,
4504:Middlewares/Third_Party/FreeRTOS/Source/tasks.c **** 		 * tiny, third party, and limited functionality implementation of
4505:Middlewares/Third_Party/FreeRTOS/Source/tasks.c **** 		 * sprintf() is provided in many of the FreeRTOS/Demo sub-directories in
4506:Middlewares/Third_Party/FreeRTOS/Source/tasks.c **** 		 * a file called printf-stdarg.c (note printf-stdarg.c does not provide
4507:Middlewares/Third_Party/FreeRTOS/Source/tasks.c **** 		 * a full snprintf() implementation!).
4508:Middlewares/Third_Party/FreeRTOS/Source/tasks.c **** 		 *
4509:Middlewares/Third_Party/FreeRTOS/Source/tasks.c **** 		 * It is recommended that production systems call uxTaskGetSystemState()
4510:Middlewares/Third_Party/FreeRTOS/Source/tasks.c **** 		 * directly to get access to raw stats data, rather than indirectly
4511:Middlewares/Third_Party/FreeRTOS/Source/tasks.c **** 		 * through a call to vTaskGetRunTimeStats().
4512:Middlewares/Third_Party/FreeRTOS/Source/tasks.c **** 		 */
4513:Middlewares/Third_Party/FreeRTOS/Source/tasks.c **** 
4514:Middlewares/Third_Party/FreeRTOS/Source/tasks.c **** 		/* Make sure the write buffer does not contain a string. */
4515:Middlewares/Third_Party/FreeRTOS/Source/tasks.c **** 		*pcWriteBuffer = ( char ) 0x00;
4516:Middlewares/Third_Party/FreeRTOS/Source/tasks.c **** 
ARM GAS  D:\TMP\ccFCmCnH.s 			page 100


4517:Middlewares/Third_Party/FreeRTOS/Source/tasks.c **** 		/* Take a snapshot of the number of tasks in case it changes while this
4518:Middlewares/Third_Party/FreeRTOS/Source/tasks.c **** 		function is executing. */
4519:Middlewares/Third_Party/FreeRTOS/Source/tasks.c **** 		uxArraySize = uxCurrentNumberOfTasks;
4520:Middlewares/Third_Party/FreeRTOS/Source/tasks.c **** 
4521:Middlewares/Third_Party/FreeRTOS/Source/tasks.c **** 		/* Allocate an array index for each task.  NOTE!  If
4522:Middlewares/Third_Party/FreeRTOS/Source/tasks.c **** 		configSUPPORT_DYNAMIC_ALLOCATION is set to 0 then pvPortMalloc() will
4523:Middlewares/Third_Party/FreeRTOS/Source/tasks.c **** 		equate to NULL. */
4524:Middlewares/Third_Party/FreeRTOS/Source/tasks.c **** 		pxTaskStatusArray = pvPortMalloc( uxCurrentNumberOfTasks * sizeof( TaskStatus_t ) ); /*lint !e907
4525:Middlewares/Third_Party/FreeRTOS/Source/tasks.c **** 
4526:Middlewares/Third_Party/FreeRTOS/Source/tasks.c **** 		if( pxTaskStatusArray != NULL )
4527:Middlewares/Third_Party/FreeRTOS/Source/tasks.c **** 		{
4528:Middlewares/Third_Party/FreeRTOS/Source/tasks.c **** 			/* Generate the (binary) data. */
4529:Middlewares/Third_Party/FreeRTOS/Source/tasks.c **** 			uxArraySize = uxTaskGetSystemState( pxTaskStatusArray, uxArraySize, &ulTotalTime );
4530:Middlewares/Third_Party/FreeRTOS/Source/tasks.c **** 
4531:Middlewares/Third_Party/FreeRTOS/Source/tasks.c **** 			/* For percentage calculations. */
4532:Middlewares/Third_Party/FreeRTOS/Source/tasks.c **** 			ulTotalTime /= 100UL;
4533:Middlewares/Third_Party/FreeRTOS/Source/tasks.c **** 
4534:Middlewares/Third_Party/FreeRTOS/Source/tasks.c **** 			/* Avoid divide by zero errors. */
4535:Middlewares/Third_Party/FreeRTOS/Source/tasks.c **** 			if( ulTotalTime > 0UL )
4536:Middlewares/Third_Party/FreeRTOS/Source/tasks.c **** 			{
4537:Middlewares/Third_Party/FreeRTOS/Source/tasks.c **** 				/* Create a human readable table from the binary data. */
4538:Middlewares/Third_Party/FreeRTOS/Source/tasks.c **** 				for( x = 0; x < uxArraySize; x++ )
4539:Middlewares/Third_Party/FreeRTOS/Source/tasks.c **** 				{
4540:Middlewares/Third_Party/FreeRTOS/Source/tasks.c **** 					/* What percentage of the total run time has the task used?
4541:Middlewares/Third_Party/FreeRTOS/Source/tasks.c **** 					This will always be rounded down to the nearest integer.
4542:Middlewares/Third_Party/FreeRTOS/Source/tasks.c **** 					ulTotalRunTimeDiv100 has already been divided by 100. */
4543:Middlewares/Third_Party/FreeRTOS/Source/tasks.c **** 					ulStatsAsPercentage = pxTaskStatusArray[ x ].ulRunTimeCounter / ulTotalTime;
4544:Middlewares/Third_Party/FreeRTOS/Source/tasks.c **** 
4545:Middlewares/Third_Party/FreeRTOS/Source/tasks.c **** 					/* Write the task name to the string, padding with
4546:Middlewares/Third_Party/FreeRTOS/Source/tasks.c **** 					spaces so it can be printed in tabular form more
4547:Middlewares/Third_Party/FreeRTOS/Source/tasks.c **** 					easily. */
4548:Middlewares/Third_Party/FreeRTOS/Source/tasks.c **** 					pcWriteBuffer = prvWriteNameToBuffer( pcWriteBuffer, pxTaskStatusArray[ x ].pcTaskName );
4549:Middlewares/Third_Party/FreeRTOS/Source/tasks.c **** 
4550:Middlewares/Third_Party/FreeRTOS/Source/tasks.c **** 					if( ulStatsAsPercentage > 0UL )
4551:Middlewares/Third_Party/FreeRTOS/Source/tasks.c **** 					{
4552:Middlewares/Third_Party/FreeRTOS/Source/tasks.c **** 						#ifdef portLU_PRINTF_SPECIFIER_REQUIRED
4553:Middlewares/Third_Party/FreeRTOS/Source/tasks.c **** 						{
4554:Middlewares/Third_Party/FreeRTOS/Source/tasks.c **** 							sprintf( pcWriteBuffer, "\t%lu\t\t%lu%%\r\n", pxTaskStatusArray[ x ].ulRunTimeCounter, ulSta
4555:Middlewares/Third_Party/FreeRTOS/Source/tasks.c **** 						}
4556:Middlewares/Third_Party/FreeRTOS/Source/tasks.c **** 						#else
4557:Middlewares/Third_Party/FreeRTOS/Source/tasks.c **** 						{
4558:Middlewares/Third_Party/FreeRTOS/Source/tasks.c **** 							/* sizeof( int ) == sizeof( long ) so a smaller
4559:Middlewares/Third_Party/FreeRTOS/Source/tasks.c **** 							printf() library can be used. */
4560:Middlewares/Third_Party/FreeRTOS/Source/tasks.c **** 							sprintf( pcWriteBuffer, "\t%u\t\t%u%%\r\n", ( unsigned int ) pxTaskStatusArray[ x ].ulRunTim
4561:Middlewares/Third_Party/FreeRTOS/Source/tasks.c **** 						}
4562:Middlewares/Third_Party/FreeRTOS/Source/tasks.c **** 						#endif
4563:Middlewares/Third_Party/FreeRTOS/Source/tasks.c **** 					}
4564:Middlewares/Third_Party/FreeRTOS/Source/tasks.c **** 					else
4565:Middlewares/Third_Party/FreeRTOS/Source/tasks.c **** 					{
4566:Middlewares/Third_Party/FreeRTOS/Source/tasks.c **** 						/* If the percentage is zero here then the task has
4567:Middlewares/Third_Party/FreeRTOS/Source/tasks.c **** 						consumed less than 1% of the total run time. */
4568:Middlewares/Third_Party/FreeRTOS/Source/tasks.c **** 						#ifdef portLU_PRINTF_SPECIFIER_REQUIRED
4569:Middlewares/Third_Party/FreeRTOS/Source/tasks.c **** 						{
4570:Middlewares/Third_Party/FreeRTOS/Source/tasks.c **** 							sprintf( pcWriteBuffer, "\t%lu\t\t<1%%\r\n", pxTaskStatusArray[ x ].ulRunTimeCounter );
4571:Middlewares/Third_Party/FreeRTOS/Source/tasks.c **** 						}
4572:Middlewares/Third_Party/FreeRTOS/Source/tasks.c **** 						#else
4573:Middlewares/Third_Party/FreeRTOS/Source/tasks.c **** 						{
ARM GAS  D:\TMP\ccFCmCnH.s 			page 101


4574:Middlewares/Third_Party/FreeRTOS/Source/tasks.c **** 							/* sizeof( int ) == sizeof( long ) so a smaller
4575:Middlewares/Third_Party/FreeRTOS/Source/tasks.c **** 							printf() library can be used. */
4576:Middlewares/Third_Party/FreeRTOS/Source/tasks.c **** 							sprintf( pcWriteBuffer, "\t%u\t\t<1%%\r\n", ( unsigned int ) pxTaskStatusArray[ x ].ulRunTim
4577:Middlewares/Third_Party/FreeRTOS/Source/tasks.c **** 						}
4578:Middlewares/Third_Party/FreeRTOS/Source/tasks.c **** 						#endif
4579:Middlewares/Third_Party/FreeRTOS/Source/tasks.c **** 					}
4580:Middlewares/Third_Party/FreeRTOS/Source/tasks.c **** 
4581:Middlewares/Third_Party/FreeRTOS/Source/tasks.c **** 					pcWriteBuffer += strlen( pcWriteBuffer ); /*lint !e9016 Pointer arithmetic ok on char pointers
4582:Middlewares/Third_Party/FreeRTOS/Source/tasks.c **** 				}
4583:Middlewares/Third_Party/FreeRTOS/Source/tasks.c **** 			}
4584:Middlewares/Third_Party/FreeRTOS/Source/tasks.c **** 			else
4585:Middlewares/Third_Party/FreeRTOS/Source/tasks.c **** 			{
4586:Middlewares/Third_Party/FreeRTOS/Source/tasks.c **** 				mtCOVERAGE_TEST_MARKER();
4587:Middlewares/Third_Party/FreeRTOS/Source/tasks.c **** 			}
4588:Middlewares/Third_Party/FreeRTOS/Source/tasks.c **** 
4589:Middlewares/Third_Party/FreeRTOS/Source/tasks.c **** 			/* Free the array again.  NOTE!  If configSUPPORT_DYNAMIC_ALLOCATION
4590:Middlewares/Third_Party/FreeRTOS/Source/tasks.c **** 			is 0 then vPortFree() will be #defined to nothing. */
4591:Middlewares/Third_Party/FreeRTOS/Source/tasks.c **** 			vPortFree( pxTaskStatusArray );
4592:Middlewares/Third_Party/FreeRTOS/Source/tasks.c **** 		}
4593:Middlewares/Third_Party/FreeRTOS/Source/tasks.c **** 		else
4594:Middlewares/Third_Party/FreeRTOS/Source/tasks.c **** 		{
4595:Middlewares/Third_Party/FreeRTOS/Source/tasks.c **** 			mtCOVERAGE_TEST_MARKER();
4596:Middlewares/Third_Party/FreeRTOS/Source/tasks.c **** 		}
4597:Middlewares/Third_Party/FreeRTOS/Source/tasks.c **** 	}
4598:Middlewares/Third_Party/FreeRTOS/Source/tasks.c **** 
4599:Middlewares/Third_Party/FreeRTOS/Source/tasks.c **** #endif /* ( ( configGENERATE_RUN_TIME_STATS == 1 ) && ( configUSE_STATS_FORMATTING_FUNCTIONS > 0 ) 
4600:Middlewares/Third_Party/FreeRTOS/Source/tasks.c **** /*-----------------------------------------------------------*/
4601:Middlewares/Third_Party/FreeRTOS/Source/tasks.c **** 
4602:Middlewares/Third_Party/FreeRTOS/Source/tasks.c **** TickType_t uxTaskResetEventItemValue( void )
4603:Middlewares/Third_Party/FreeRTOS/Source/tasks.c **** {
4604:Middlewares/Third_Party/FreeRTOS/Source/tasks.c **** TickType_t uxReturn;
4605:Middlewares/Third_Party/FreeRTOS/Source/tasks.c **** 
4606:Middlewares/Third_Party/FreeRTOS/Source/tasks.c **** 	uxReturn = listGET_LIST_ITEM_VALUE( &( pxCurrentTCB->xEventListItem ) );
4607:Middlewares/Third_Party/FreeRTOS/Source/tasks.c **** 
4608:Middlewares/Third_Party/FreeRTOS/Source/tasks.c **** 	/* Reset the event list item to its normal value - so it can be used with
4609:Middlewares/Third_Party/FreeRTOS/Source/tasks.c **** 	queues and semaphores. */
4610:Middlewares/Third_Party/FreeRTOS/Source/tasks.c **** 	listSET_LIST_ITEM_VALUE( &( pxCurrentTCB->xEventListItem ), ( ( TickType_t ) configMAX_PRIORITIES 
4611:Middlewares/Third_Party/FreeRTOS/Source/tasks.c **** 
4612:Middlewares/Third_Party/FreeRTOS/Source/tasks.c **** 	return uxReturn;
4613:Middlewares/Third_Party/FreeRTOS/Source/tasks.c **** }
4614:Middlewares/Third_Party/FreeRTOS/Source/tasks.c **** /*-----------------------------------------------------------*/
4615:Middlewares/Third_Party/FreeRTOS/Source/tasks.c **** 
4616:Middlewares/Third_Party/FreeRTOS/Source/tasks.c **** #if ( configUSE_MUTEXES == 1 )
4617:Middlewares/Third_Party/FreeRTOS/Source/tasks.c **** 
4618:Middlewares/Third_Party/FreeRTOS/Source/tasks.c **** 	TaskHandle_t pvTaskIncrementMutexHeldCount( void )
4619:Middlewares/Third_Party/FreeRTOS/Source/tasks.c **** 	{
4620:Middlewares/Third_Party/FreeRTOS/Source/tasks.c **** 		/* If xSemaphoreCreateMutex() is called before any tasks have been created
4621:Middlewares/Third_Party/FreeRTOS/Source/tasks.c **** 		then pxCurrentTCB will be NULL. */
4622:Middlewares/Third_Party/FreeRTOS/Source/tasks.c **** 		if( pxCurrentTCB != NULL )
4623:Middlewares/Third_Party/FreeRTOS/Source/tasks.c **** 		{
4624:Middlewares/Third_Party/FreeRTOS/Source/tasks.c **** 			( pxCurrentTCB->uxMutexesHeld )++;
4625:Middlewares/Third_Party/FreeRTOS/Source/tasks.c **** 		}
4626:Middlewares/Third_Party/FreeRTOS/Source/tasks.c **** 
4627:Middlewares/Third_Party/FreeRTOS/Source/tasks.c **** 		return pxCurrentTCB;
4628:Middlewares/Third_Party/FreeRTOS/Source/tasks.c **** 	}
4629:Middlewares/Third_Party/FreeRTOS/Source/tasks.c **** 
4630:Middlewares/Third_Party/FreeRTOS/Source/tasks.c **** #endif /* configUSE_MUTEXES */
ARM GAS  D:\TMP\ccFCmCnH.s 			page 102


4631:Middlewares/Third_Party/FreeRTOS/Source/tasks.c **** /*-----------------------------------------------------------*/
4632:Middlewares/Third_Party/FreeRTOS/Source/tasks.c **** 
4633:Middlewares/Third_Party/FreeRTOS/Source/tasks.c **** #if( configUSE_TASK_NOTIFICATIONS == 1 )
4634:Middlewares/Third_Party/FreeRTOS/Source/tasks.c **** 
4635:Middlewares/Third_Party/FreeRTOS/Source/tasks.c **** 	uint32_t ulTaskNotifyTake( BaseType_t xClearCountOnExit, TickType_t xTicksToWait )
4636:Middlewares/Third_Party/FreeRTOS/Source/tasks.c **** 	{
4637:Middlewares/Third_Party/FreeRTOS/Source/tasks.c **** 	uint32_t ulReturn;
4638:Middlewares/Third_Party/FreeRTOS/Source/tasks.c **** 
4639:Middlewares/Third_Party/FreeRTOS/Source/tasks.c **** 		taskENTER_CRITICAL();
4640:Middlewares/Third_Party/FreeRTOS/Source/tasks.c **** 		{
4641:Middlewares/Third_Party/FreeRTOS/Source/tasks.c **** 			/* Only block if the notification count is not already non-zero. */
4642:Middlewares/Third_Party/FreeRTOS/Source/tasks.c **** 			if( pxCurrentTCB->ulNotifiedValue == 0UL )
4643:Middlewares/Third_Party/FreeRTOS/Source/tasks.c **** 			{
4644:Middlewares/Third_Party/FreeRTOS/Source/tasks.c **** 				/* Mark this task as waiting for a notification. */
4645:Middlewares/Third_Party/FreeRTOS/Source/tasks.c **** 				pxCurrentTCB->ucNotifyState = taskWAITING_NOTIFICATION;
4646:Middlewares/Third_Party/FreeRTOS/Source/tasks.c **** 
4647:Middlewares/Third_Party/FreeRTOS/Source/tasks.c **** 				if( xTicksToWait > ( TickType_t ) 0 )
4648:Middlewares/Third_Party/FreeRTOS/Source/tasks.c **** 				{
4649:Middlewares/Third_Party/FreeRTOS/Source/tasks.c **** 					prvAddCurrentTaskToDelayedList( xTicksToWait, pdTRUE );
4650:Middlewares/Third_Party/FreeRTOS/Source/tasks.c **** 					traceTASK_NOTIFY_TAKE_BLOCK();
4651:Middlewares/Third_Party/FreeRTOS/Source/tasks.c **** 
4652:Middlewares/Third_Party/FreeRTOS/Source/tasks.c **** 					/* All ports are written to allow a yield in a critical
4653:Middlewares/Third_Party/FreeRTOS/Source/tasks.c **** 					section (some will yield immediately, others wait until the
4654:Middlewares/Third_Party/FreeRTOS/Source/tasks.c **** 					critical section exits) - but it is not something that
4655:Middlewares/Third_Party/FreeRTOS/Source/tasks.c **** 					application code should ever do. */
4656:Middlewares/Third_Party/FreeRTOS/Source/tasks.c **** 					portYIELD_WITHIN_API();
4657:Middlewares/Third_Party/FreeRTOS/Source/tasks.c **** 				}
4658:Middlewares/Third_Party/FreeRTOS/Source/tasks.c **** 				else
4659:Middlewares/Third_Party/FreeRTOS/Source/tasks.c **** 				{
4660:Middlewares/Third_Party/FreeRTOS/Source/tasks.c **** 					mtCOVERAGE_TEST_MARKER();
4661:Middlewares/Third_Party/FreeRTOS/Source/tasks.c **** 				}
4662:Middlewares/Third_Party/FreeRTOS/Source/tasks.c **** 			}
4663:Middlewares/Third_Party/FreeRTOS/Source/tasks.c **** 			else
4664:Middlewares/Third_Party/FreeRTOS/Source/tasks.c **** 			{
4665:Middlewares/Third_Party/FreeRTOS/Source/tasks.c **** 				mtCOVERAGE_TEST_MARKER();
4666:Middlewares/Third_Party/FreeRTOS/Source/tasks.c **** 			}
4667:Middlewares/Third_Party/FreeRTOS/Source/tasks.c **** 		}
4668:Middlewares/Third_Party/FreeRTOS/Source/tasks.c **** 		taskEXIT_CRITICAL();
4669:Middlewares/Third_Party/FreeRTOS/Source/tasks.c **** 
4670:Middlewares/Third_Party/FreeRTOS/Source/tasks.c **** 		taskENTER_CRITICAL();
4671:Middlewares/Third_Party/FreeRTOS/Source/tasks.c **** 		{
4672:Middlewares/Third_Party/FreeRTOS/Source/tasks.c **** 			traceTASK_NOTIFY_TAKE();
4673:Middlewares/Third_Party/FreeRTOS/Source/tasks.c **** 			ulReturn = pxCurrentTCB->ulNotifiedValue;
4674:Middlewares/Third_Party/FreeRTOS/Source/tasks.c **** 
4675:Middlewares/Third_Party/FreeRTOS/Source/tasks.c **** 			if( ulReturn != 0UL )
4676:Middlewares/Third_Party/FreeRTOS/Source/tasks.c **** 			{
4677:Middlewares/Third_Party/FreeRTOS/Source/tasks.c **** 				if( xClearCountOnExit != pdFALSE )
4678:Middlewares/Third_Party/FreeRTOS/Source/tasks.c **** 				{
4679:Middlewares/Third_Party/FreeRTOS/Source/tasks.c **** 					pxCurrentTCB->ulNotifiedValue = 0UL;
4680:Middlewares/Third_Party/FreeRTOS/Source/tasks.c **** 				}
4681:Middlewares/Third_Party/FreeRTOS/Source/tasks.c **** 				else
4682:Middlewares/Third_Party/FreeRTOS/Source/tasks.c **** 				{
4683:Middlewares/Third_Party/FreeRTOS/Source/tasks.c **** 					pxCurrentTCB->ulNotifiedValue = ulReturn - ( uint32_t ) 1;
4684:Middlewares/Third_Party/FreeRTOS/Source/tasks.c **** 				}
4685:Middlewares/Third_Party/FreeRTOS/Source/tasks.c **** 			}
4686:Middlewares/Third_Party/FreeRTOS/Source/tasks.c **** 			else
4687:Middlewares/Third_Party/FreeRTOS/Source/tasks.c **** 			{
ARM GAS  D:\TMP\ccFCmCnH.s 			page 103


4688:Middlewares/Third_Party/FreeRTOS/Source/tasks.c **** 				mtCOVERAGE_TEST_MARKER();
4689:Middlewares/Third_Party/FreeRTOS/Source/tasks.c **** 			}
4690:Middlewares/Third_Party/FreeRTOS/Source/tasks.c **** 
4691:Middlewares/Third_Party/FreeRTOS/Source/tasks.c **** 			pxCurrentTCB->ucNotifyState = taskNOT_WAITING_NOTIFICATION;
4692:Middlewares/Third_Party/FreeRTOS/Source/tasks.c **** 		}
4693:Middlewares/Third_Party/FreeRTOS/Source/tasks.c **** 		taskEXIT_CRITICAL();
4694:Middlewares/Third_Party/FreeRTOS/Source/tasks.c **** 
4695:Middlewares/Third_Party/FreeRTOS/Source/tasks.c **** 		return ulReturn;
4696:Middlewares/Third_Party/FreeRTOS/Source/tasks.c **** 	}
4697:Middlewares/Third_Party/FreeRTOS/Source/tasks.c **** 
4698:Middlewares/Third_Party/FreeRTOS/Source/tasks.c **** #endif /* configUSE_TASK_NOTIFICATIONS */
4699:Middlewares/Third_Party/FreeRTOS/Source/tasks.c **** /*-----------------------------------------------------------*/
4700:Middlewares/Third_Party/FreeRTOS/Source/tasks.c **** 
4701:Middlewares/Third_Party/FreeRTOS/Source/tasks.c **** #if( configUSE_TASK_NOTIFICATIONS == 1 )
4702:Middlewares/Third_Party/FreeRTOS/Source/tasks.c **** 
4703:Middlewares/Third_Party/FreeRTOS/Source/tasks.c **** 	BaseType_t xTaskNotifyWait( uint32_t ulBitsToClearOnEntry, uint32_t ulBitsToClearOnExit, uint32_t 
4704:Middlewares/Third_Party/FreeRTOS/Source/tasks.c **** 	{
4705:Middlewares/Third_Party/FreeRTOS/Source/tasks.c **** 	BaseType_t xReturn;
4706:Middlewares/Third_Party/FreeRTOS/Source/tasks.c **** 
4707:Middlewares/Third_Party/FreeRTOS/Source/tasks.c **** 		taskENTER_CRITICAL();
4708:Middlewares/Third_Party/FreeRTOS/Source/tasks.c **** 		{
4709:Middlewares/Third_Party/FreeRTOS/Source/tasks.c **** 			/* Only block if a notification is not already pending. */
4710:Middlewares/Third_Party/FreeRTOS/Source/tasks.c **** 			if( pxCurrentTCB->ucNotifyState != taskNOTIFICATION_RECEIVED )
4711:Middlewares/Third_Party/FreeRTOS/Source/tasks.c **** 			{
4712:Middlewares/Third_Party/FreeRTOS/Source/tasks.c **** 				/* Clear bits in the task's notification value as bits may get
4713:Middlewares/Third_Party/FreeRTOS/Source/tasks.c **** 				set	by the notifying task or interrupt.  This can be used to
4714:Middlewares/Third_Party/FreeRTOS/Source/tasks.c **** 				clear the value to zero. */
4715:Middlewares/Third_Party/FreeRTOS/Source/tasks.c **** 				pxCurrentTCB->ulNotifiedValue &= ~ulBitsToClearOnEntry;
4716:Middlewares/Third_Party/FreeRTOS/Source/tasks.c **** 
4717:Middlewares/Third_Party/FreeRTOS/Source/tasks.c **** 				/* Mark this task as waiting for a notification. */
4718:Middlewares/Third_Party/FreeRTOS/Source/tasks.c **** 				pxCurrentTCB->ucNotifyState = taskWAITING_NOTIFICATION;
4719:Middlewares/Third_Party/FreeRTOS/Source/tasks.c **** 
4720:Middlewares/Third_Party/FreeRTOS/Source/tasks.c **** 				if( xTicksToWait > ( TickType_t ) 0 )
4721:Middlewares/Third_Party/FreeRTOS/Source/tasks.c **** 				{
4722:Middlewares/Third_Party/FreeRTOS/Source/tasks.c **** 					prvAddCurrentTaskToDelayedList( xTicksToWait, pdTRUE );
4723:Middlewares/Third_Party/FreeRTOS/Source/tasks.c **** 					traceTASK_NOTIFY_WAIT_BLOCK();
4724:Middlewares/Third_Party/FreeRTOS/Source/tasks.c **** 
4725:Middlewares/Third_Party/FreeRTOS/Source/tasks.c **** 					/* All ports are written to allow a yield in a critical
4726:Middlewares/Third_Party/FreeRTOS/Source/tasks.c **** 					section (some will yield immediately, others wait until the
4727:Middlewares/Third_Party/FreeRTOS/Source/tasks.c **** 					critical section exits) - but it is not something that
4728:Middlewares/Third_Party/FreeRTOS/Source/tasks.c **** 					application code should ever do. */
4729:Middlewares/Third_Party/FreeRTOS/Source/tasks.c **** 					portYIELD_WITHIN_API();
4730:Middlewares/Third_Party/FreeRTOS/Source/tasks.c **** 				}
4731:Middlewares/Third_Party/FreeRTOS/Source/tasks.c **** 				else
4732:Middlewares/Third_Party/FreeRTOS/Source/tasks.c **** 				{
4733:Middlewares/Third_Party/FreeRTOS/Source/tasks.c **** 					mtCOVERAGE_TEST_MARKER();
4734:Middlewares/Third_Party/FreeRTOS/Source/tasks.c **** 				}
4735:Middlewares/Third_Party/FreeRTOS/Source/tasks.c **** 			}
4736:Middlewares/Third_Party/FreeRTOS/Source/tasks.c **** 			else
4737:Middlewares/Third_Party/FreeRTOS/Source/tasks.c **** 			{
4738:Middlewares/Third_Party/FreeRTOS/Source/tasks.c **** 				mtCOVERAGE_TEST_MARKER();
4739:Middlewares/Third_Party/FreeRTOS/Source/tasks.c **** 			}
4740:Middlewares/Third_Party/FreeRTOS/Source/tasks.c **** 		}
4741:Middlewares/Third_Party/FreeRTOS/Source/tasks.c **** 		taskEXIT_CRITICAL();
4742:Middlewares/Third_Party/FreeRTOS/Source/tasks.c **** 
4743:Middlewares/Third_Party/FreeRTOS/Source/tasks.c **** 		taskENTER_CRITICAL();
4744:Middlewares/Third_Party/FreeRTOS/Source/tasks.c **** 		{
ARM GAS  D:\TMP\ccFCmCnH.s 			page 104


4745:Middlewares/Third_Party/FreeRTOS/Source/tasks.c **** 			traceTASK_NOTIFY_WAIT();
4746:Middlewares/Third_Party/FreeRTOS/Source/tasks.c **** 
4747:Middlewares/Third_Party/FreeRTOS/Source/tasks.c **** 			if( pulNotificationValue != NULL )
4748:Middlewares/Third_Party/FreeRTOS/Source/tasks.c **** 			{
4749:Middlewares/Third_Party/FreeRTOS/Source/tasks.c **** 				/* Output the current notification value, which may or may not
4750:Middlewares/Third_Party/FreeRTOS/Source/tasks.c **** 				have changed. */
4751:Middlewares/Third_Party/FreeRTOS/Source/tasks.c **** 				*pulNotificationValue = pxCurrentTCB->ulNotifiedValue;
4752:Middlewares/Third_Party/FreeRTOS/Source/tasks.c **** 			}
4753:Middlewares/Third_Party/FreeRTOS/Source/tasks.c **** 
4754:Middlewares/Third_Party/FreeRTOS/Source/tasks.c **** 			/* If ucNotifyValue is set then either the task never entered the
4755:Middlewares/Third_Party/FreeRTOS/Source/tasks.c **** 			blocked state (because a notification was already pending) or the
4756:Middlewares/Third_Party/FreeRTOS/Source/tasks.c **** 			task unblocked because of a notification.  Otherwise the task
4757:Middlewares/Third_Party/FreeRTOS/Source/tasks.c **** 			unblocked because of a timeout. */
4758:Middlewares/Third_Party/FreeRTOS/Source/tasks.c **** 			if( pxCurrentTCB->ucNotifyState != taskNOTIFICATION_RECEIVED )
4759:Middlewares/Third_Party/FreeRTOS/Source/tasks.c **** 			{
4760:Middlewares/Third_Party/FreeRTOS/Source/tasks.c **** 				/* A notification was not received. */
4761:Middlewares/Third_Party/FreeRTOS/Source/tasks.c **** 				xReturn = pdFALSE;
4762:Middlewares/Third_Party/FreeRTOS/Source/tasks.c **** 			}
4763:Middlewares/Third_Party/FreeRTOS/Source/tasks.c **** 			else
4764:Middlewares/Third_Party/FreeRTOS/Source/tasks.c **** 			{
4765:Middlewares/Third_Party/FreeRTOS/Source/tasks.c **** 				/* A notification was already pending or a notification was
4766:Middlewares/Third_Party/FreeRTOS/Source/tasks.c **** 				received while the task was waiting. */
4767:Middlewares/Third_Party/FreeRTOS/Source/tasks.c **** 				pxCurrentTCB->ulNotifiedValue &= ~ulBitsToClearOnExit;
4768:Middlewares/Third_Party/FreeRTOS/Source/tasks.c **** 				xReturn = pdTRUE;
4769:Middlewares/Third_Party/FreeRTOS/Source/tasks.c **** 			}
4770:Middlewares/Third_Party/FreeRTOS/Source/tasks.c **** 
4771:Middlewares/Third_Party/FreeRTOS/Source/tasks.c **** 			pxCurrentTCB->ucNotifyState = taskNOT_WAITING_NOTIFICATION;
4772:Middlewares/Third_Party/FreeRTOS/Source/tasks.c **** 		}
4773:Middlewares/Third_Party/FreeRTOS/Source/tasks.c **** 		taskEXIT_CRITICAL();
4774:Middlewares/Third_Party/FreeRTOS/Source/tasks.c **** 
4775:Middlewares/Third_Party/FreeRTOS/Source/tasks.c **** 		return xReturn;
4776:Middlewares/Third_Party/FreeRTOS/Source/tasks.c **** 	}
4777:Middlewares/Third_Party/FreeRTOS/Source/tasks.c **** 
4778:Middlewares/Third_Party/FreeRTOS/Source/tasks.c **** #endif /* configUSE_TASK_NOTIFICATIONS */
4779:Middlewares/Third_Party/FreeRTOS/Source/tasks.c **** /*-----------------------------------------------------------*/
4780:Middlewares/Third_Party/FreeRTOS/Source/tasks.c **** 
4781:Middlewares/Third_Party/FreeRTOS/Source/tasks.c **** #if( configUSE_TASK_NOTIFICATIONS == 1 )
4782:Middlewares/Third_Party/FreeRTOS/Source/tasks.c **** 
4783:Middlewares/Third_Party/FreeRTOS/Source/tasks.c **** 	BaseType_t xTaskGenericNotify( TaskHandle_t xTaskToNotify, uint32_t ulValue, eNotifyAction eAction
4784:Middlewares/Third_Party/FreeRTOS/Source/tasks.c **** 	{
4785:Middlewares/Third_Party/FreeRTOS/Source/tasks.c **** 	TCB_t * pxTCB;
4786:Middlewares/Third_Party/FreeRTOS/Source/tasks.c **** 	BaseType_t xReturn = pdPASS;
4787:Middlewares/Third_Party/FreeRTOS/Source/tasks.c **** 	uint8_t ucOriginalNotifyState;
4788:Middlewares/Third_Party/FreeRTOS/Source/tasks.c **** 
4789:Middlewares/Third_Party/FreeRTOS/Source/tasks.c **** 		configASSERT( xTaskToNotify );
4790:Middlewares/Third_Party/FreeRTOS/Source/tasks.c **** 		pxTCB = xTaskToNotify;
4791:Middlewares/Third_Party/FreeRTOS/Source/tasks.c **** 
4792:Middlewares/Third_Party/FreeRTOS/Source/tasks.c **** 		taskENTER_CRITICAL();
4793:Middlewares/Third_Party/FreeRTOS/Source/tasks.c **** 		{
4794:Middlewares/Third_Party/FreeRTOS/Source/tasks.c **** 			if( pulPreviousNotificationValue != NULL )
4795:Middlewares/Third_Party/FreeRTOS/Source/tasks.c **** 			{
4796:Middlewares/Third_Party/FreeRTOS/Source/tasks.c **** 				*pulPreviousNotificationValue = pxTCB->ulNotifiedValue;
4797:Middlewares/Third_Party/FreeRTOS/Source/tasks.c **** 			}
4798:Middlewares/Third_Party/FreeRTOS/Source/tasks.c **** 
4799:Middlewares/Third_Party/FreeRTOS/Source/tasks.c **** 			ucOriginalNotifyState = pxTCB->ucNotifyState;
4800:Middlewares/Third_Party/FreeRTOS/Source/tasks.c **** 
4801:Middlewares/Third_Party/FreeRTOS/Source/tasks.c **** 			pxTCB->ucNotifyState = taskNOTIFICATION_RECEIVED;
ARM GAS  D:\TMP\ccFCmCnH.s 			page 105


4802:Middlewares/Third_Party/FreeRTOS/Source/tasks.c **** 
4803:Middlewares/Third_Party/FreeRTOS/Source/tasks.c **** 			switch( eAction )
4804:Middlewares/Third_Party/FreeRTOS/Source/tasks.c **** 			{
4805:Middlewares/Third_Party/FreeRTOS/Source/tasks.c **** 				case eSetBits	:
4806:Middlewares/Third_Party/FreeRTOS/Source/tasks.c **** 					pxTCB->ulNotifiedValue |= ulValue;
4807:Middlewares/Third_Party/FreeRTOS/Source/tasks.c **** 					break;
4808:Middlewares/Third_Party/FreeRTOS/Source/tasks.c **** 
4809:Middlewares/Third_Party/FreeRTOS/Source/tasks.c **** 				case eIncrement	:
4810:Middlewares/Third_Party/FreeRTOS/Source/tasks.c **** 					( pxTCB->ulNotifiedValue )++;
4811:Middlewares/Third_Party/FreeRTOS/Source/tasks.c **** 					break;
4812:Middlewares/Third_Party/FreeRTOS/Source/tasks.c **** 
4813:Middlewares/Third_Party/FreeRTOS/Source/tasks.c **** 				case eSetValueWithOverwrite	:
4814:Middlewares/Third_Party/FreeRTOS/Source/tasks.c **** 					pxTCB->ulNotifiedValue = ulValue;
4815:Middlewares/Third_Party/FreeRTOS/Source/tasks.c **** 					break;
4816:Middlewares/Third_Party/FreeRTOS/Source/tasks.c **** 
4817:Middlewares/Third_Party/FreeRTOS/Source/tasks.c **** 				case eSetValueWithoutOverwrite :
4818:Middlewares/Third_Party/FreeRTOS/Source/tasks.c **** 					if( ucOriginalNotifyState != taskNOTIFICATION_RECEIVED )
4819:Middlewares/Third_Party/FreeRTOS/Source/tasks.c **** 					{
4820:Middlewares/Third_Party/FreeRTOS/Source/tasks.c **** 						pxTCB->ulNotifiedValue = ulValue;
4821:Middlewares/Third_Party/FreeRTOS/Source/tasks.c **** 					}
4822:Middlewares/Third_Party/FreeRTOS/Source/tasks.c **** 					else
4823:Middlewares/Third_Party/FreeRTOS/Source/tasks.c **** 					{
4824:Middlewares/Third_Party/FreeRTOS/Source/tasks.c **** 						/* The value could not be written to the task. */
4825:Middlewares/Third_Party/FreeRTOS/Source/tasks.c **** 						xReturn = pdFAIL;
4826:Middlewares/Third_Party/FreeRTOS/Source/tasks.c **** 					}
4827:Middlewares/Third_Party/FreeRTOS/Source/tasks.c **** 					break;
4828:Middlewares/Third_Party/FreeRTOS/Source/tasks.c **** 
4829:Middlewares/Third_Party/FreeRTOS/Source/tasks.c **** 				case eNoAction:
4830:Middlewares/Third_Party/FreeRTOS/Source/tasks.c **** 					/* The task is being notified without its notify value being
4831:Middlewares/Third_Party/FreeRTOS/Source/tasks.c **** 					updated. */
4832:Middlewares/Third_Party/FreeRTOS/Source/tasks.c **** 					break;
4833:Middlewares/Third_Party/FreeRTOS/Source/tasks.c **** 
4834:Middlewares/Third_Party/FreeRTOS/Source/tasks.c **** 				default:
4835:Middlewares/Third_Party/FreeRTOS/Source/tasks.c **** 					/* Should not get here if all enums are handled.
4836:Middlewares/Third_Party/FreeRTOS/Source/tasks.c **** 					Artificially force an assert by testing a value the
4837:Middlewares/Third_Party/FreeRTOS/Source/tasks.c **** 					compiler can't assume is const. */
4838:Middlewares/Third_Party/FreeRTOS/Source/tasks.c **** 					configASSERT( pxTCB->ulNotifiedValue == ~0UL );
4839:Middlewares/Third_Party/FreeRTOS/Source/tasks.c **** 
4840:Middlewares/Third_Party/FreeRTOS/Source/tasks.c **** 					break;
4841:Middlewares/Third_Party/FreeRTOS/Source/tasks.c **** 			}
4842:Middlewares/Third_Party/FreeRTOS/Source/tasks.c **** 
4843:Middlewares/Third_Party/FreeRTOS/Source/tasks.c **** 			traceTASK_NOTIFY();
4844:Middlewares/Third_Party/FreeRTOS/Source/tasks.c **** 
4845:Middlewares/Third_Party/FreeRTOS/Source/tasks.c **** 			/* If the task is in the blocked state specifically to wait for a
4846:Middlewares/Third_Party/FreeRTOS/Source/tasks.c **** 			notification then unblock it now. */
4847:Middlewares/Third_Party/FreeRTOS/Source/tasks.c **** 			if( ucOriginalNotifyState == taskWAITING_NOTIFICATION )
4848:Middlewares/Third_Party/FreeRTOS/Source/tasks.c **** 			{
4849:Middlewares/Third_Party/FreeRTOS/Source/tasks.c **** 				( void ) uxListRemove( &( pxTCB->xStateListItem ) );
4850:Middlewares/Third_Party/FreeRTOS/Source/tasks.c **** 				prvAddTaskToReadyList( pxTCB );
4851:Middlewares/Third_Party/FreeRTOS/Source/tasks.c **** 
4852:Middlewares/Third_Party/FreeRTOS/Source/tasks.c **** 				/* The task should not have been on an event list. */
4853:Middlewares/Third_Party/FreeRTOS/Source/tasks.c **** 				configASSERT( listLIST_ITEM_CONTAINER( &( pxTCB->xEventListItem ) ) == NULL );
4854:Middlewares/Third_Party/FreeRTOS/Source/tasks.c **** 
4855:Middlewares/Third_Party/FreeRTOS/Source/tasks.c **** 				#if( configUSE_TICKLESS_IDLE != 0 )
4856:Middlewares/Third_Party/FreeRTOS/Source/tasks.c **** 				{
4857:Middlewares/Third_Party/FreeRTOS/Source/tasks.c **** 					/* If a task is blocked waiting for a notification then
4858:Middlewares/Third_Party/FreeRTOS/Source/tasks.c **** 					xNextTaskUnblockTime might be set to the blocked task's time
ARM GAS  D:\TMP\ccFCmCnH.s 			page 106


4859:Middlewares/Third_Party/FreeRTOS/Source/tasks.c **** 					out time.  If the task is unblocked for a reason other than
4860:Middlewares/Third_Party/FreeRTOS/Source/tasks.c **** 					a timeout xNextTaskUnblockTime is normally left unchanged,
4861:Middlewares/Third_Party/FreeRTOS/Source/tasks.c **** 					because it will automatically get reset to a new value when
4862:Middlewares/Third_Party/FreeRTOS/Source/tasks.c **** 					the tick count equals xNextTaskUnblockTime.  However if
4863:Middlewares/Third_Party/FreeRTOS/Source/tasks.c **** 					tickless idling is used it might be more important to enter
4864:Middlewares/Third_Party/FreeRTOS/Source/tasks.c **** 					sleep mode at the earliest possible time - so reset
4865:Middlewares/Third_Party/FreeRTOS/Source/tasks.c **** 					xNextTaskUnblockTime here to ensure it is updated at the
4866:Middlewares/Third_Party/FreeRTOS/Source/tasks.c **** 					earliest possible time. */
4867:Middlewares/Third_Party/FreeRTOS/Source/tasks.c **** 					prvResetNextTaskUnblockTime();
4868:Middlewares/Third_Party/FreeRTOS/Source/tasks.c **** 				}
4869:Middlewares/Third_Party/FreeRTOS/Source/tasks.c **** 				#endif
4870:Middlewares/Third_Party/FreeRTOS/Source/tasks.c **** 
4871:Middlewares/Third_Party/FreeRTOS/Source/tasks.c **** 				if( pxTCB->uxPriority > pxCurrentTCB->uxPriority )
4872:Middlewares/Third_Party/FreeRTOS/Source/tasks.c **** 				{
4873:Middlewares/Third_Party/FreeRTOS/Source/tasks.c **** 					/* The notified task has a priority above the currently
4874:Middlewares/Third_Party/FreeRTOS/Source/tasks.c **** 					executing task so a yield is required. */
4875:Middlewares/Third_Party/FreeRTOS/Source/tasks.c **** 					taskYIELD_IF_USING_PREEMPTION();
4876:Middlewares/Third_Party/FreeRTOS/Source/tasks.c **** 				}
4877:Middlewares/Third_Party/FreeRTOS/Source/tasks.c **** 				else
4878:Middlewares/Third_Party/FreeRTOS/Source/tasks.c **** 				{
4879:Middlewares/Third_Party/FreeRTOS/Source/tasks.c **** 					mtCOVERAGE_TEST_MARKER();
4880:Middlewares/Third_Party/FreeRTOS/Source/tasks.c **** 				}
4881:Middlewares/Third_Party/FreeRTOS/Source/tasks.c **** 			}
4882:Middlewares/Third_Party/FreeRTOS/Source/tasks.c **** 			else
4883:Middlewares/Third_Party/FreeRTOS/Source/tasks.c **** 			{
4884:Middlewares/Third_Party/FreeRTOS/Source/tasks.c **** 				mtCOVERAGE_TEST_MARKER();
4885:Middlewares/Third_Party/FreeRTOS/Source/tasks.c **** 			}
4886:Middlewares/Third_Party/FreeRTOS/Source/tasks.c **** 		}
4887:Middlewares/Third_Party/FreeRTOS/Source/tasks.c **** 		taskEXIT_CRITICAL();
4888:Middlewares/Third_Party/FreeRTOS/Source/tasks.c **** 
4889:Middlewares/Third_Party/FreeRTOS/Source/tasks.c **** 		return xReturn;
4890:Middlewares/Third_Party/FreeRTOS/Source/tasks.c **** 	}
4891:Middlewares/Third_Party/FreeRTOS/Source/tasks.c **** 
4892:Middlewares/Third_Party/FreeRTOS/Source/tasks.c **** #endif /* configUSE_TASK_NOTIFICATIONS */
4893:Middlewares/Third_Party/FreeRTOS/Source/tasks.c **** /*-----------------------------------------------------------*/
4894:Middlewares/Third_Party/FreeRTOS/Source/tasks.c **** 
4895:Middlewares/Third_Party/FreeRTOS/Source/tasks.c **** #if( configUSE_TASK_NOTIFICATIONS == 1 )
4896:Middlewares/Third_Party/FreeRTOS/Source/tasks.c **** 
4897:Middlewares/Third_Party/FreeRTOS/Source/tasks.c **** 	BaseType_t xTaskGenericNotifyFromISR( TaskHandle_t xTaskToNotify, uint32_t ulValue, eNotifyAction 
4898:Middlewares/Third_Party/FreeRTOS/Source/tasks.c **** 	{
4899:Middlewares/Third_Party/FreeRTOS/Source/tasks.c **** 	TCB_t * pxTCB;
4900:Middlewares/Third_Party/FreeRTOS/Source/tasks.c **** 	uint8_t ucOriginalNotifyState;
4901:Middlewares/Third_Party/FreeRTOS/Source/tasks.c **** 	BaseType_t xReturn = pdPASS;
4902:Middlewares/Third_Party/FreeRTOS/Source/tasks.c **** 	UBaseType_t uxSavedInterruptStatus;
4903:Middlewares/Third_Party/FreeRTOS/Source/tasks.c **** 
4904:Middlewares/Third_Party/FreeRTOS/Source/tasks.c **** 		configASSERT( xTaskToNotify );
4905:Middlewares/Third_Party/FreeRTOS/Source/tasks.c **** 
4906:Middlewares/Third_Party/FreeRTOS/Source/tasks.c **** 		/* RTOS ports that support interrupt nesting have the concept of a
4907:Middlewares/Third_Party/FreeRTOS/Source/tasks.c **** 		maximum	system call (or maximum API call) interrupt priority.
4908:Middlewares/Third_Party/FreeRTOS/Source/tasks.c **** 		Interrupts that are	above the maximum system call priority are keep
4909:Middlewares/Third_Party/FreeRTOS/Source/tasks.c **** 		permanently enabled, even when the RTOS kernel is in a critical section,
4910:Middlewares/Third_Party/FreeRTOS/Source/tasks.c **** 		but cannot make any calls to FreeRTOS API functions.  If configASSERT()
4911:Middlewares/Third_Party/FreeRTOS/Source/tasks.c **** 		is defined in FreeRTOSConfig.h then
4912:Middlewares/Third_Party/FreeRTOS/Source/tasks.c **** 		portASSERT_IF_INTERRUPT_PRIORITY_INVALID() will result in an assertion
4913:Middlewares/Third_Party/FreeRTOS/Source/tasks.c **** 		failure if a FreeRTOS API function is called from an interrupt that has
4914:Middlewares/Third_Party/FreeRTOS/Source/tasks.c **** 		been assigned a priority above the configured maximum system call
4915:Middlewares/Third_Party/FreeRTOS/Source/tasks.c **** 		priority.  Only FreeRTOS functions that end in FromISR can be called
ARM GAS  D:\TMP\ccFCmCnH.s 			page 107


4916:Middlewares/Third_Party/FreeRTOS/Source/tasks.c **** 		from interrupts	that have been assigned a priority at or (logically)
4917:Middlewares/Third_Party/FreeRTOS/Source/tasks.c **** 		below the maximum system call interrupt priority.  FreeRTOS maintains a
4918:Middlewares/Third_Party/FreeRTOS/Source/tasks.c **** 		separate interrupt safe API to ensure interrupt entry is as fast and as
4919:Middlewares/Third_Party/FreeRTOS/Source/tasks.c **** 		simple as possible.  More information (albeit Cortex-M specific) is
4920:Middlewares/Third_Party/FreeRTOS/Source/tasks.c **** 		provided on the following link:
4921:Middlewares/Third_Party/FreeRTOS/Source/tasks.c **** 		http://www.freertos.org/RTOS-Cortex-M3-M4.html */
4922:Middlewares/Third_Party/FreeRTOS/Source/tasks.c **** 		portASSERT_IF_INTERRUPT_PRIORITY_INVALID();
4923:Middlewares/Third_Party/FreeRTOS/Source/tasks.c **** 
4924:Middlewares/Third_Party/FreeRTOS/Source/tasks.c **** 		pxTCB = xTaskToNotify;
4925:Middlewares/Third_Party/FreeRTOS/Source/tasks.c **** 
4926:Middlewares/Third_Party/FreeRTOS/Source/tasks.c **** 		uxSavedInterruptStatus = portSET_INTERRUPT_MASK_FROM_ISR();
4927:Middlewares/Third_Party/FreeRTOS/Source/tasks.c **** 		{
4928:Middlewares/Third_Party/FreeRTOS/Source/tasks.c **** 			if( pulPreviousNotificationValue != NULL )
4929:Middlewares/Third_Party/FreeRTOS/Source/tasks.c **** 			{
4930:Middlewares/Third_Party/FreeRTOS/Source/tasks.c **** 				*pulPreviousNotificationValue = pxTCB->ulNotifiedValue;
4931:Middlewares/Third_Party/FreeRTOS/Source/tasks.c **** 			}
4932:Middlewares/Third_Party/FreeRTOS/Source/tasks.c **** 
4933:Middlewares/Third_Party/FreeRTOS/Source/tasks.c **** 			ucOriginalNotifyState = pxTCB->ucNotifyState;
4934:Middlewares/Third_Party/FreeRTOS/Source/tasks.c **** 			pxTCB->ucNotifyState = taskNOTIFICATION_RECEIVED;
4935:Middlewares/Third_Party/FreeRTOS/Source/tasks.c **** 
4936:Middlewares/Third_Party/FreeRTOS/Source/tasks.c **** 			switch( eAction )
4937:Middlewares/Third_Party/FreeRTOS/Source/tasks.c **** 			{
4938:Middlewares/Third_Party/FreeRTOS/Source/tasks.c **** 				case eSetBits	:
4939:Middlewares/Third_Party/FreeRTOS/Source/tasks.c **** 					pxTCB->ulNotifiedValue |= ulValue;
4940:Middlewares/Third_Party/FreeRTOS/Source/tasks.c **** 					break;
4941:Middlewares/Third_Party/FreeRTOS/Source/tasks.c **** 
4942:Middlewares/Third_Party/FreeRTOS/Source/tasks.c **** 				case eIncrement	:
4943:Middlewares/Third_Party/FreeRTOS/Source/tasks.c **** 					( pxTCB->ulNotifiedValue )++;
4944:Middlewares/Third_Party/FreeRTOS/Source/tasks.c **** 					break;
4945:Middlewares/Third_Party/FreeRTOS/Source/tasks.c **** 
4946:Middlewares/Third_Party/FreeRTOS/Source/tasks.c **** 				case eSetValueWithOverwrite	:
4947:Middlewares/Third_Party/FreeRTOS/Source/tasks.c **** 					pxTCB->ulNotifiedValue = ulValue;
4948:Middlewares/Third_Party/FreeRTOS/Source/tasks.c **** 					break;
4949:Middlewares/Third_Party/FreeRTOS/Source/tasks.c **** 
4950:Middlewares/Third_Party/FreeRTOS/Source/tasks.c **** 				case eSetValueWithoutOverwrite :
4951:Middlewares/Third_Party/FreeRTOS/Source/tasks.c **** 					if( ucOriginalNotifyState != taskNOTIFICATION_RECEIVED )
4952:Middlewares/Third_Party/FreeRTOS/Source/tasks.c **** 					{
4953:Middlewares/Third_Party/FreeRTOS/Source/tasks.c **** 						pxTCB->ulNotifiedValue = ulValue;
4954:Middlewares/Third_Party/FreeRTOS/Source/tasks.c **** 					}
4955:Middlewares/Third_Party/FreeRTOS/Source/tasks.c **** 					else
4956:Middlewares/Third_Party/FreeRTOS/Source/tasks.c **** 					{
4957:Middlewares/Third_Party/FreeRTOS/Source/tasks.c **** 						/* The value could not be written to the task. */
4958:Middlewares/Third_Party/FreeRTOS/Source/tasks.c **** 						xReturn = pdFAIL;
4959:Middlewares/Third_Party/FreeRTOS/Source/tasks.c **** 					}
4960:Middlewares/Third_Party/FreeRTOS/Source/tasks.c **** 					break;
4961:Middlewares/Third_Party/FreeRTOS/Source/tasks.c **** 
4962:Middlewares/Third_Party/FreeRTOS/Source/tasks.c **** 				case eNoAction :
4963:Middlewares/Third_Party/FreeRTOS/Source/tasks.c **** 					/* The task is being notified without its notify value being
4964:Middlewares/Third_Party/FreeRTOS/Source/tasks.c **** 					updated. */
4965:Middlewares/Third_Party/FreeRTOS/Source/tasks.c **** 					break;
4966:Middlewares/Third_Party/FreeRTOS/Source/tasks.c **** 
4967:Middlewares/Third_Party/FreeRTOS/Source/tasks.c **** 				default:
4968:Middlewares/Third_Party/FreeRTOS/Source/tasks.c **** 					/* Should not get here if all enums are handled.
4969:Middlewares/Third_Party/FreeRTOS/Source/tasks.c **** 					Artificially force an assert by testing a value the
4970:Middlewares/Third_Party/FreeRTOS/Source/tasks.c **** 					compiler can't assume is const. */
4971:Middlewares/Third_Party/FreeRTOS/Source/tasks.c **** 					configASSERT( pxTCB->ulNotifiedValue == ~0UL );
4972:Middlewares/Third_Party/FreeRTOS/Source/tasks.c **** 					break;
ARM GAS  D:\TMP\ccFCmCnH.s 			page 108


4973:Middlewares/Third_Party/FreeRTOS/Source/tasks.c **** 			}
4974:Middlewares/Third_Party/FreeRTOS/Source/tasks.c **** 
4975:Middlewares/Third_Party/FreeRTOS/Source/tasks.c **** 			traceTASK_NOTIFY_FROM_ISR();
4976:Middlewares/Third_Party/FreeRTOS/Source/tasks.c **** 
4977:Middlewares/Third_Party/FreeRTOS/Source/tasks.c **** 			/* If the task is in the blocked state specifically to wait for a
4978:Middlewares/Third_Party/FreeRTOS/Source/tasks.c **** 			notification then unblock it now. */
4979:Middlewares/Third_Party/FreeRTOS/Source/tasks.c **** 			if( ucOriginalNotifyState == taskWAITING_NOTIFICATION )
4980:Middlewares/Third_Party/FreeRTOS/Source/tasks.c **** 			{
4981:Middlewares/Third_Party/FreeRTOS/Source/tasks.c **** 				/* The task should not have been on an event list. */
4982:Middlewares/Third_Party/FreeRTOS/Source/tasks.c **** 				configASSERT( listLIST_ITEM_CONTAINER( &( pxTCB->xEventListItem ) ) == NULL );
4983:Middlewares/Third_Party/FreeRTOS/Source/tasks.c **** 
4984:Middlewares/Third_Party/FreeRTOS/Source/tasks.c **** 				if( uxSchedulerSuspended == ( UBaseType_t ) pdFALSE )
4985:Middlewares/Third_Party/FreeRTOS/Source/tasks.c **** 				{
4986:Middlewares/Third_Party/FreeRTOS/Source/tasks.c **** 					( void ) uxListRemove( &( pxTCB->xStateListItem ) );
4987:Middlewares/Third_Party/FreeRTOS/Source/tasks.c **** 					prvAddTaskToReadyList( pxTCB );
4988:Middlewares/Third_Party/FreeRTOS/Source/tasks.c **** 				}
4989:Middlewares/Third_Party/FreeRTOS/Source/tasks.c **** 				else
4990:Middlewares/Third_Party/FreeRTOS/Source/tasks.c **** 				{
4991:Middlewares/Third_Party/FreeRTOS/Source/tasks.c **** 					/* The delayed and ready lists cannot be accessed, so hold
4992:Middlewares/Third_Party/FreeRTOS/Source/tasks.c **** 					this task pending until the scheduler is resumed. */
4993:Middlewares/Third_Party/FreeRTOS/Source/tasks.c **** 					vListInsertEnd( &( xPendingReadyList ), &( pxTCB->xEventListItem ) );
4994:Middlewares/Third_Party/FreeRTOS/Source/tasks.c **** 				}
4995:Middlewares/Third_Party/FreeRTOS/Source/tasks.c **** 
4996:Middlewares/Third_Party/FreeRTOS/Source/tasks.c **** 				if( pxTCB->uxPriority > pxCurrentTCB->uxPriority )
4997:Middlewares/Third_Party/FreeRTOS/Source/tasks.c **** 				{
4998:Middlewares/Third_Party/FreeRTOS/Source/tasks.c **** 					/* The notified task has a priority above the currently
4999:Middlewares/Third_Party/FreeRTOS/Source/tasks.c **** 					executing task so a yield is required. */
5000:Middlewares/Third_Party/FreeRTOS/Source/tasks.c **** 					if( pxHigherPriorityTaskWoken != NULL )
5001:Middlewares/Third_Party/FreeRTOS/Source/tasks.c **** 					{
5002:Middlewares/Third_Party/FreeRTOS/Source/tasks.c **** 						*pxHigherPriorityTaskWoken = pdTRUE;
5003:Middlewares/Third_Party/FreeRTOS/Source/tasks.c **** 					}
5004:Middlewares/Third_Party/FreeRTOS/Source/tasks.c **** 
5005:Middlewares/Third_Party/FreeRTOS/Source/tasks.c **** 					/* Mark that a yield is pending in case the user is not
5006:Middlewares/Third_Party/FreeRTOS/Source/tasks.c **** 					using the "xHigherPriorityTaskWoken" parameter to an ISR
5007:Middlewares/Third_Party/FreeRTOS/Source/tasks.c **** 					safe FreeRTOS function. */
5008:Middlewares/Third_Party/FreeRTOS/Source/tasks.c **** 					xYieldPending = pdTRUE;
5009:Middlewares/Third_Party/FreeRTOS/Source/tasks.c **** 				}
5010:Middlewares/Third_Party/FreeRTOS/Source/tasks.c **** 				else
5011:Middlewares/Third_Party/FreeRTOS/Source/tasks.c **** 				{
5012:Middlewares/Third_Party/FreeRTOS/Source/tasks.c **** 					mtCOVERAGE_TEST_MARKER();
5013:Middlewares/Third_Party/FreeRTOS/Source/tasks.c **** 				}
5014:Middlewares/Third_Party/FreeRTOS/Source/tasks.c **** 			}
5015:Middlewares/Third_Party/FreeRTOS/Source/tasks.c **** 		}
5016:Middlewares/Third_Party/FreeRTOS/Source/tasks.c **** 		portCLEAR_INTERRUPT_MASK_FROM_ISR( uxSavedInterruptStatus );
5017:Middlewares/Third_Party/FreeRTOS/Source/tasks.c **** 
5018:Middlewares/Third_Party/FreeRTOS/Source/tasks.c **** 		return xReturn;
5019:Middlewares/Third_Party/FreeRTOS/Source/tasks.c **** 	}
5020:Middlewares/Third_Party/FreeRTOS/Source/tasks.c **** 
5021:Middlewares/Third_Party/FreeRTOS/Source/tasks.c **** #endif /* configUSE_TASK_NOTIFICATIONS */
5022:Middlewares/Third_Party/FreeRTOS/Source/tasks.c **** /*-----------------------------------------------------------*/
5023:Middlewares/Third_Party/FreeRTOS/Source/tasks.c **** 
5024:Middlewares/Third_Party/FreeRTOS/Source/tasks.c **** #if( configUSE_TASK_NOTIFICATIONS == 1 )
5025:Middlewares/Third_Party/FreeRTOS/Source/tasks.c **** 
5026:Middlewares/Third_Party/FreeRTOS/Source/tasks.c **** 	void vTaskNotifyGiveFromISR( TaskHandle_t xTaskToNotify, BaseType_t *pxHigherPriorityTaskWoken )
5027:Middlewares/Third_Party/FreeRTOS/Source/tasks.c **** 	{
5028:Middlewares/Third_Party/FreeRTOS/Source/tasks.c **** 	TCB_t * pxTCB;
5029:Middlewares/Third_Party/FreeRTOS/Source/tasks.c **** 	uint8_t ucOriginalNotifyState;
ARM GAS  D:\TMP\ccFCmCnH.s 			page 109


5030:Middlewares/Third_Party/FreeRTOS/Source/tasks.c **** 	UBaseType_t uxSavedInterruptStatus;
5031:Middlewares/Third_Party/FreeRTOS/Source/tasks.c **** 
5032:Middlewares/Third_Party/FreeRTOS/Source/tasks.c **** 		configASSERT( xTaskToNotify );
5033:Middlewares/Third_Party/FreeRTOS/Source/tasks.c **** 
5034:Middlewares/Third_Party/FreeRTOS/Source/tasks.c **** 		/* RTOS ports that support interrupt nesting have the concept of a
5035:Middlewares/Third_Party/FreeRTOS/Source/tasks.c **** 		maximum	system call (or maximum API call) interrupt priority.
5036:Middlewares/Third_Party/FreeRTOS/Source/tasks.c **** 		Interrupts that are	above the maximum system call priority are keep
5037:Middlewares/Third_Party/FreeRTOS/Source/tasks.c **** 		permanently enabled, even when the RTOS kernel is in a critical section,
5038:Middlewares/Third_Party/FreeRTOS/Source/tasks.c **** 		but cannot make any calls to FreeRTOS API functions.  If configASSERT()
5039:Middlewares/Third_Party/FreeRTOS/Source/tasks.c **** 		is defined in FreeRTOSConfig.h then
5040:Middlewares/Third_Party/FreeRTOS/Source/tasks.c **** 		portASSERT_IF_INTERRUPT_PRIORITY_INVALID() will result in an assertion
5041:Middlewares/Third_Party/FreeRTOS/Source/tasks.c **** 		failure if a FreeRTOS API function is called from an interrupt that has
5042:Middlewares/Third_Party/FreeRTOS/Source/tasks.c **** 		been assigned a priority above the configured maximum system call
5043:Middlewares/Third_Party/FreeRTOS/Source/tasks.c **** 		priority.  Only FreeRTOS functions that end in FromISR can be called
5044:Middlewares/Third_Party/FreeRTOS/Source/tasks.c **** 		from interrupts	that have been assigned a priority at or (logically)
5045:Middlewares/Third_Party/FreeRTOS/Source/tasks.c **** 		below the maximum system call interrupt priority.  FreeRTOS maintains a
5046:Middlewares/Third_Party/FreeRTOS/Source/tasks.c **** 		separate interrupt safe API to ensure interrupt entry is as fast and as
5047:Middlewares/Third_Party/FreeRTOS/Source/tasks.c **** 		simple as possible.  More information (albeit Cortex-M specific) is
5048:Middlewares/Third_Party/FreeRTOS/Source/tasks.c **** 		provided on the following link:
5049:Middlewares/Third_Party/FreeRTOS/Source/tasks.c **** 		http://www.freertos.org/RTOS-Cortex-M3-M4.html */
5050:Middlewares/Third_Party/FreeRTOS/Source/tasks.c **** 		portASSERT_IF_INTERRUPT_PRIORITY_INVALID();
5051:Middlewares/Third_Party/FreeRTOS/Source/tasks.c **** 
5052:Middlewares/Third_Party/FreeRTOS/Source/tasks.c **** 		pxTCB = xTaskToNotify;
5053:Middlewares/Third_Party/FreeRTOS/Source/tasks.c **** 
5054:Middlewares/Third_Party/FreeRTOS/Source/tasks.c **** 		uxSavedInterruptStatus = portSET_INTERRUPT_MASK_FROM_ISR();
5055:Middlewares/Third_Party/FreeRTOS/Source/tasks.c **** 		{
5056:Middlewares/Third_Party/FreeRTOS/Source/tasks.c **** 			ucOriginalNotifyState = pxTCB->ucNotifyState;
5057:Middlewares/Third_Party/FreeRTOS/Source/tasks.c **** 			pxTCB->ucNotifyState = taskNOTIFICATION_RECEIVED;
5058:Middlewares/Third_Party/FreeRTOS/Source/tasks.c **** 
5059:Middlewares/Third_Party/FreeRTOS/Source/tasks.c **** 			/* 'Giving' is equivalent to incrementing a count in a counting
5060:Middlewares/Third_Party/FreeRTOS/Source/tasks.c **** 			semaphore. */
5061:Middlewares/Third_Party/FreeRTOS/Source/tasks.c **** 			( pxTCB->ulNotifiedValue )++;
5062:Middlewares/Third_Party/FreeRTOS/Source/tasks.c **** 
5063:Middlewares/Third_Party/FreeRTOS/Source/tasks.c **** 			traceTASK_NOTIFY_GIVE_FROM_ISR();
5064:Middlewares/Third_Party/FreeRTOS/Source/tasks.c **** 
5065:Middlewares/Third_Party/FreeRTOS/Source/tasks.c **** 			/* If the task is in the blocked state specifically to wait for a
5066:Middlewares/Third_Party/FreeRTOS/Source/tasks.c **** 			notification then unblock it now. */
5067:Middlewares/Third_Party/FreeRTOS/Source/tasks.c **** 			if( ucOriginalNotifyState == taskWAITING_NOTIFICATION )
5068:Middlewares/Third_Party/FreeRTOS/Source/tasks.c **** 			{
5069:Middlewares/Third_Party/FreeRTOS/Source/tasks.c **** 				/* The task should not have been on an event list. */
5070:Middlewares/Third_Party/FreeRTOS/Source/tasks.c **** 				configASSERT( listLIST_ITEM_CONTAINER( &( pxTCB->xEventListItem ) ) == NULL );
5071:Middlewares/Third_Party/FreeRTOS/Source/tasks.c **** 
5072:Middlewares/Third_Party/FreeRTOS/Source/tasks.c **** 				if( uxSchedulerSuspended == ( UBaseType_t ) pdFALSE )
5073:Middlewares/Third_Party/FreeRTOS/Source/tasks.c **** 				{
5074:Middlewares/Third_Party/FreeRTOS/Source/tasks.c **** 					( void ) uxListRemove( &( pxTCB->xStateListItem ) );
5075:Middlewares/Third_Party/FreeRTOS/Source/tasks.c **** 					prvAddTaskToReadyList( pxTCB );
5076:Middlewares/Third_Party/FreeRTOS/Source/tasks.c **** 				}
5077:Middlewares/Third_Party/FreeRTOS/Source/tasks.c **** 				else
5078:Middlewares/Third_Party/FreeRTOS/Source/tasks.c **** 				{
5079:Middlewares/Third_Party/FreeRTOS/Source/tasks.c **** 					/* The delayed and ready lists cannot be accessed, so hold
5080:Middlewares/Third_Party/FreeRTOS/Source/tasks.c **** 					this task pending until the scheduler is resumed. */
5081:Middlewares/Third_Party/FreeRTOS/Source/tasks.c **** 					vListInsertEnd( &( xPendingReadyList ), &( pxTCB->xEventListItem ) );
5082:Middlewares/Third_Party/FreeRTOS/Source/tasks.c **** 				}
5083:Middlewares/Third_Party/FreeRTOS/Source/tasks.c **** 
5084:Middlewares/Third_Party/FreeRTOS/Source/tasks.c **** 				if( pxTCB->uxPriority > pxCurrentTCB->uxPriority )
5085:Middlewares/Third_Party/FreeRTOS/Source/tasks.c **** 				{
5086:Middlewares/Third_Party/FreeRTOS/Source/tasks.c **** 					/* The notified task has a priority above the currently
ARM GAS  D:\TMP\ccFCmCnH.s 			page 110


5087:Middlewares/Third_Party/FreeRTOS/Source/tasks.c **** 					executing task so a yield is required. */
5088:Middlewares/Third_Party/FreeRTOS/Source/tasks.c **** 					if( pxHigherPriorityTaskWoken != NULL )
5089:Middlewares/Third_Party/FreeRTOS/Source/tasks.c **** 					{
5090:Middlewares/Third_Party/FreeRTOS/Source/tasks.c **** 						*pxHigherPriorityTaskWoken = pdTRUE;
5091:Middlewares/Third_Party/FreeRTOS/Source/tasks.c **** 					}
5092:Middlewares/Third_Party/FreeRTOS/Source/tasks.c **** 
5093:Middlewares/Third_Party/FreeRTOS/Source/tasks.c **** 					/* Mark that a yield is pending in case the user is not
5094:Middlewares/Third_Party/FreeRTOS/Source/tasks.c **** 					using the "xHigherPriorityTaskWoken" parameter in an ISR
5095:Middlewares/Third_Party/FreeRTOS/Source/tasks.c **** 					safe FreeRTOS function. */
5096:Middlewares/Third_Party/FreeRTOS/Source/tasks.c **** 					xYieldPending = pdTRUE;
5097:Middlewares/Third_Party/FreeRTOS/Source/tasks.c **** 				}
5098:Middlewares/Third_Party/FreeRTOS/Source/tasks.c **** 				else
5099:Middlewares/Third_Party/FreeRTOS/Source/tasks.c **** 				{
5100:Middlewares/Third_Party/FreeRTOS/Source/tasks.c **** 					mtCOVERAGE_TEST_MARKER();
5101:Middlewares/Third_Party/FreeRTOS/Source/tasks.c **** 				}
5102:Middlewares/Third_Party/FreeRTOS/Source/tasks.c **** 			}
5103:Middlewares/Third_Party/FreeRTOS/Source/tasks.c **** 		}
5104:Middlewares/Third_Party/FreeRTOS/Source/tasks.c **** 		portCLEAR_INTERRUPT_MASK_FROM_ISR( uxSavedInterruptStatus );
5105:Middlewares/Third_Party/FreeRTOS/Source/tasks.c **** 	}
5106:Middlewares/Third_Party/FreeRTOS/Source/tasks.c **** 
5107:Middlewares/Third_Party/FreeRTOS/Source/tasks.c **** #endif /* configUSE_TASK_NOTIFICATIONS */
5108:Middlewares/Third_Party/FreeRTOS/Source/tasks.c **** /*-----------------------------------------------------------*/
5109:Middlewares/Third_Party/FreeRTOS/Source/tasks.c **** 
5110:Middlewares/Third_Party/FreeRTOS/Source/tasks.c **** #if( configUSE_TASK_NOTIFICATIONS == 1 )
5111:Middlewares/Third_Party/FreeRTOS/Source/tasks.c **** 
5112:Middlewares/Third_Party/FreeRTOS/Source/tasks.c **** 	BaseType_t xTaskNotifyStateClear( TaskHandle_t xTask )
5113:Middlewares/Third_Party/FreeRTOS/Source/tasks.c **** 	{
5114:Middlewares/Third_Party/FreeRTOS/Source/tasks.c **** 	TCB_t *pxTCB;
5115:Middlewares/Third_Party/FreeRTOS/Source/tasks.c **** 	BaseType_t xReturn;
5116:Middlewares/Third_Party/FreeRTOS/Source/tasks.c **** 
5117:Middlewares/Third_Party/FreeRTOS/Source/tasks.c **** 		/* If null is passed in here then it is the calling task that is having
5118:Middlewares/Third_Party/FreeRTOS/Source/tasks.c **** 		its notification state cleared. */
5119:Middlewares/Third_Party/FreeRTOS/Source/tasks.c **** 		pxTCB = prvGetTCBFromHandle( xTask );
5120:Middlewares/Third_Party/FreeRTOS/Source/tasks.c **** 
5121:Middlewares/Third_Party/FreeRTOS/Source/tasks.c **** 		taskENTER_CRITICAL();
5122:Middlewares/Third_Party/FreeRTOS/Source/tasks.c **** 		{
5123:Middlewares/Third_Party/FreeRTOS/Source/tasks.c **** 			if( pxTCB->ucNotifyState == taskNOTIFICATION_RECEIVED )
5124:Middlewares/Third_Party/FreeRTOS/Source/tasks.c **** 			{
5125:Middlewares/Third_Party/FreeRTOS/Source/tasks.c **** 				pxTCB->ucNotifyState = taskNOT_WAITING_NOTIFICATION;
5126:Middlewares/Third_Party/FreeRTOS/Source/tasks.c **** 				xReturn = pdPASS;
5127:Middlewares/Third_Party/FreeRTOS/Source/tasks.c **** 			}
5128:Middlewares/Third_Party/FreeRTOS/Source/tasks.c **** 			else
5129:Middlewares/Third_Party/FreeRTOS/Source/tasks.c **** 			{
5130:Middlewares/Third_Party/FreeRTOS/Source/tasks.c **** 				xReturn = pdFAIL;
5131:Middlewares/Third_Party/FreeRTOS/Source/tasks.c **** 			}
5132:Middlewares/Third_Party/FreeRTOS/Source/tasks.c **** 		}
5133:Middlewares/Third_Party/FreeRTOS/Source/tasks.c **** 		taskEXIT_CRITICAL();
5134:Middlewares/Third_Party/FreeRTOS/Source/tasks.c **** 
5135:Middlewares/Third_Party/FreeRTOS/Source/tasks.c **** 		return xReturn;
5136:Middlewares/Third_Party/FreeRTOS/Source/tasks.c **** 	}
5137:Middlewares/Third_Party/FreeRTOS/Source/tasks.c **** 
5138:Middlewares/Third_Party/FreeRTOS/Source/tasks.c **** #endif /* configUSE_TASK_NOTIFICATIONS */
5139:Middlewares/Third_Party/FreeRTOS/Source/tasks.c **** /*-----------------------------------------------------------*/
5140:Middlewares/Third_Party/FreeRTOS/Source/tasks.c **** 
5141:Middlewares/Third_Party/FreeRTOS/Source/tasks.c **** #if( configUSE_TASK_NOTIFICATIONS == 1 )
5142:Middlewares/Third_Party/FreeRTOS/Source/tasks.c **** 
5143:Middlewares/Third_Party/FreeRTOS/Source/tasks.c **** 	uint32_t ulTaskNotifyValueClear( TaskHandle_t xTask, uint32_t ulBitsToClear )
ARM GAS  D:\TMP\ccFCmCnH.s 			page 111


5144:Middlewares/Third_Party/FreeRTOS/Source/tasks.c **** 	{
5145:Middlewares/Third_Party/FreeRTOS/Source/tasks.c **** 	TCB_t *pxTCB;
5146:Middlewares/Third_Party/FreeRTOS/Source/tasks.c **** 	uint32_t ulReturn;
5147:Middlewares/Third_Party/FreeRTOS/Source/tasks.c **** 
5148:Middlewares/Third_Party/FreeRTOS/Source/tasks.c **** 		/* If null is passed in here then it is the calling task that is having
5149:Middlewares/Third_Party/FreeRTOS/Source/tasks.c **** 		its notification state cleared. */
5150:Middlewares/Third_Party/FreeRTOS/Source/tasks.c **** 		pxTCB = prvGetTCBFromHandle( xTask );
5151:Middlewares/Third_Party/FreeRTOS/Source/tasks.c **** 
5152:Middlewares/Third_Party/FreeRTOS/Source/tasks.c **** 		taskENTER_CRITICAL();
5153:Middlewares/Third_Party/FreeRTOS/Source/tasks.c **** 		{
5154:Middlewares/Third_Party/FreeRTOS/Source/tasks.c **** 			/* Return the notification as it was before the bits were cleared,
5155:Middlewares/Third_Party/FreeRTOS/Source/tasks.c **** 			then clear the bit mask. */
5156:Middlewares/Third_Party/FreeRTOS/Source/tasks.c **** 			ulReturn = pxCurrentTCB->ulNotifiedValue;
5157:Middlewares/Third_Party/FreeRTOS/Source/tasks.c **** 			pxTCB->ulNotifiedValue &= ~ulBitsToClear;
5158:Middlewares/Third_Party/FreeRTOS/Source/tasks.c **** 		}
5159:Middlewares/Third_Party/FreeRTOS/Source/tasks.c **** 		taskEXIT_CRITICAL();
5160:Middlewares/Third_Party/FreeRTOS/Source/tasks.c **** 
5161:Middlewares/Third_Party/FreeRTOS/Source/tasks.c **** 		return ulReturn;
5162:Middlewares/Third_Party/FreeRTOS/Source/tasks.c **** 	}
5163:Middlewares/Third_Party/FreeRTOS/Source/tasks.c **** 
5164:Middlewares/Third_Party/FreeRTOS/Source/tasks.c **** #endif /* configUSE_TASK_NOTIFICATIONS */
5165:Middlewares/Third_Party/FreeRTOS/Source/tasks.c **** /*-----------------------------------------------------------*/
5166:Middlewares/Third_Party/FreeRTOS/Source/tasks.c **** 
5167:Middlewares/Third_Party/FreeRTOS/Source/tasks.c **** #if( ( configGENERATE_RUN_TIME_STATS == 1 ) && ( INCLUDE_xTaskGetIdleTaskHandle == 1 ) )
5168:Middlewares/Third_Party/FreeRTOS/Source/tasks.c **** 
5169:Middlewares/Third_Party/FreeRTOS/Source/tasks.c **** 	uint32_t ulTaskGetIdleRunTimeCounter( void )
5170:Middlewares/Third_Party/FreeRTOS/Source/tasks.c **** 	{
5171:Middlewares/Third_Party/FreeRTOS/Source/tasks.c **** 		return xIdleTaskHandle->ulRunTimeCounter;
5172:Middlewares/Third_Party/FreeRTOS/Source/tasks.c **** 	}
5173:Middlewares/Third_Party/FreeRTOS/Source/tasks.c **** 
5174:Middlewares/Third_Party/FreeRTOS/Source/tasks.c **** #endif
5175:Middlewares/Third_Party/FreeRTOS/Source/tasks.c **** /*-----------------------------------------------------------*/
5176:Middlewares/Third_Party/FreeRTOS/Source/tasks.c **** 
5177:Middlewares/Third_Party/FreeRTOS/Source/tasks.c **** static void prvAddCurrentTaskToDelayedList( TickType_t xTicksToWait, const BaseType_t xCanBlockInde
5178:Middlewares/Third_Party/FreeRTOS/Source/tasks.c **** {
 770              		.loc 1 5178 1 view -0
 771              		.cfi_startproc
 772              		@ args = 0, pretend = 0, frame = 0
 773              		@ frame_needed = 0, uses_anonymous_args = 0
 774              		.loc 1 5178 1 is_stmt 0 view .LVU214
 775 0000 70B5     		push	{r4, r5, r6, lr}
 776              	.LCFI7:
 777              		.cfi_def_cfa_offset 16
 778              		.cfi_offset 4, -16
 779              		.cfi_offset 5, -12
 780              		.cfi_offset 6, -8
 781              		.cfi_offset 14, -4
 782 0002 0446     		mov	r4, r0
 783 0004 0D46     		mov	r5, r1
5179:Middlewares/Third_Party/FreeRTOS/Source/tasks.c **** TickType_t xTimeToWake;
 784              		.loc 1 5179 1 is_stmt 1 view .LVU215
5180:Middlewares/Third_Party/FreeRTOS/Source/tasks.c **** const TickType_t xConstTickCount = xTickCount;
 785              		.loc 1 5180 1 view .LVU216
 786              		.loc 1 5180 18 is_stmt 0 view .LVU217
 787 0006 1D4B     		ldr	r3, .L69
 788 0008 1E68     		ldr	r6, [r3]
 789              	.LVL57:
ARM GAS  D:\TMP\ccFCmCnH.s 			page 112


5181:Middlewares/Third_Party/FreeRTOS/Source/tasks.c **** 
5182:Middlewares/Third_Party/FreeRTOS/Source/tasks.c **** 	#if( INCLUDE_xTaskAbortDelay == 1 )
5183:Middlewares/Third_Party/FreeRTOS/Source/tasks.c **** 	{
5184:Middlewares/Third_Party/FreeRTOS/Source/tasks.c **** 		/* About to enter a delayed list, so ensure the ucDelayAborted flag is
5185:Middlewares/Third_Party/FreeRTOS/Source/tasks.c **** 		reset to pdFALSE so it can be detected as having been set to pdTRUE
5186:Middlewares/Third_Party/FreeRTOS/Source/tasks.c **** 		when the task leaves the Blocked state. */
5187:Middlewares/Third_Party/FreeRTOS/Source/tasks.c **** 		pxCurrentTCB->ucDelayAborted = pdFALSE;
5188:Middlewares/Third_Party/FreeRTOS/Source/tasks.c **** 	}
5189:Middlewares/Third_Party/FreeRTOS/Source/tasks.c **** 	#endif
5190:Middlewares/Third_Party/FreeRTOS/Source/tasks.c **** 
5191:Middlewares/Third_Party/FreeRTOS/Source/tasks.c **** 	/* Remove the task from the ready list before adding it to the blocked list
5192:Middlewares/Third_Party/FreeRTOS/Source/tasks.c **** 	as the same list item is used for both lists. */
5193:Middlewares/Third_Party/FreeRTOS/Source/tasks.c **** 	if( uxListRemove( &( pxCurrentTCB->xStateListItem ) ) == ( UBaseType_t ) 0 )
 790              		.loc 1 5193 2 is_stmt 1 view .LVU218
 791              		.loc 1 5193 35 is_stmt 0 view .LVU219
 792 000a 1D4B     		ldr	r3, .L69+4
 793 000c 1868     		ldr	r0, [r3]
 794              	.LVL58:
 795              		.loc 1 5193 6 view .LVU220
 796 000e 0430     		adds	r0, r0, #4
 797 0010 FFF7FEFF 		bl	uxListRemove
 798              	.LVL59:
 799              		.loc 1 5193 4 discriminator 1 view .LVU221
 800 0014 48B9     		cbnz	r0, .L63
5194:Middlewares/Third_Party/FreeRTOS/Source/tasks.c **** 	{
5195:Middlewares/Third_Party/FreeRTOS/Source/tasks.c **** 		/* The current task must be in a ready list, so there is no need to
5196:Middlewares/Third_Party/FreeRTOS/Source/tasks.c **** 		check, and the port reset macro can be called directly. */
5197:Middlewares/Third_Party/FreeRTOS/Source/tasks.c **** 		portRESET_READY_PRIORITY( pxCurrentTCB->uxPriority, uxTopReadyPriority ); /*lint !e931 pxCurrentT
 801              		.loc 1 5197 3 is_stmt 1 view .LVU222
 802 0016 1A4B     		ldr	r3, .L69+4
 803 0018 1B68     		ldr	r3, [r3]
 804 001a DB6A     		ldr	r3, [r3, #44]
 805 001c 0122     		movs	r2, #1
 806 001e 9A40     		lsls	r2, r2, r3
 807 0020 1849     		ldr	r1, .L69+8
 808 0022 0B68     		ldr	r3, [r1]
 809 0024 23EA0203 		bic	r3, r3, r2
 810 0028 0B60     		str	r3, [r1]
 811              	.L63:
5198:Middlewares/Third_Party/FreeRTOS/Source/tasks.c **** 	}
5199:Middlewares/Third_Party/FreeRTOS/Source/tasks.c **** 	else
5200:Middlewares/Third_Party/FreeRTOS/Source/tasks.c **** 	{
5201:Middlewares/Third_Party/FreeRTOS/Source/tasks.c **** 		mtCOVERAGE_TEST_MARKER();
 812              		.loc 1 5201 27 view .LVU223
5202:Middlewares/Third_Party/FreeRTOS/Source/tasks.c **** 	}
5203:Middlewares/Third_Party/FreeRTOS/Source/tasks.c **** 
5204:Middlewares/Third_Party/FreeRTOS/Source/tasks.c **** 	#if ( INCLUDE_vTaskSuspend == 1 )
5205:Middlewares/Third_Party/FreeRTOS/Source/tasks.c **** 	{
5206:Middlewares/Third_Party/FreeRTOS/Source/tasks.c **** 		if( ( xTicksToWait == portMAX_DELAY ) && ( xCanBlockIndefinitely != pdFALSE ) )
 813              		.loc 1 5206 3 view .LVU224
 814              		.loc 1 5206 5 is_stmt 0 view .LVU225
 815 002a B4F1FF3F 		cmp	r4, #-1
 816 002e 0DD0     		beq	.L68
 817              	.L64:
5207:Middlewares/Third_Party/FreeRTOS/Source/tasks.c **** 		{
5208:Middlewares/Third_Party/FreeRTOS/Source/tasks.c **** 			/* Add the task to the suspended task list instead of a delayed task
5209:Middlewares/Third_Party/FreeRTOS/Source/tasks.c **** 			list to ensure it is not woken by a timing event.  It will block
ARM GAS  D:\TMP\ccFCmCnH.s 			page 113


5210:Middlewares/Third_Party/FreeRTOS/Source/tasks.c **** 			indefinitely. */
5211:Middlewares/Third_Party/FreeRTOS/Source/tasks.c **** 			vListInsertEnd( &xSuspendedTaskList, &( pxCurrentTCB->xStateListItem ) );
5212:Middlewares/Third_Party/FreeRTOS/Source/tasks.c **** 		}
5213:Middlewares/Third_Party/FreeRTOS/Source/tasks.c **** 		else
5214:Middlewares/Third_Party/FreeRTOS/Source/tasks.c **** 		{
5215:Middlewares/Third_Party/FreeRTOS/Source/tasks.c **** 			/* Calculate the time at which the task should be woken if the event
5216:Middlewares/Third_Party/FreeRTOS/Source/tasks.c **** 			does not occur.  This may overflow but this doesn't matter, the
5217:Middlewares/Third_Party/FreeRTOS/Source/tasks.c **** 			kernel will manage it correctly. */
5218:Middlewares/Third_Party/FreeRTOS/Source/tasks.c **** 			xTimeToWake = xConstTickCount + xTicksToWait;
 818              		.loc 1 5218 4 is_stmt 1 view .LVU226
 819              		.loc 1 5218 16 is_stmt 0 view .LVU227
 820 0030 3444     		add	r4, r4, r6
 821              	.LVL60:
5219:Middlewares/Third_Party/FreeRTOS/Source/tasks.c **** 
5220:Middlewares/Third_Party/FreeRTOS/Source/tasks.c **** 			/* The list item will be inserted in wake time order. */
5221:Middlewares/Third_Party/FreeRTOS/Source/tasks.c **** 			listSET_LIST_ITEM_VALUE( &( pxCurrentTCB->xStateListItem ), xTimeToWake );
 822              		.loc 1 5221 4 is_stmt 1 view .LVU228
 823 0032 134B     		ldr	r3, .L69+4
 824 0034 1B68     		ldr	r3, [r3]
 825 0036 5C60     		str	r4, [r3, #4]
5222:Middlewares/Third_Party/FreeRTOS/Source/tasks.c **** 
5223:Middlewares/Third_Party/FreeRTOS/Source/tasks.c **** 			if( xTimeToWake < xConstTickCount )
 826              		.loc 1 5223 4 view .LVU229
 827              		.loc 1 5223 6 is_stmt 0 view .LVU230
 828 0038 A642     		cmp	r6, r4
 829 003a 10D9     		bls	.L66
5224:Middlewares/Third_Party/FreeRTOS/Source/tasks.c **** 			{
5225:Middlewares/Third_Party/FreeRTOS/Source/tasks.c **** 				/* Wake time has overflowed.  Place this item in the overflow
5226:Middlewares/Third_Party/FreeRTOS/Source/tasks.c **** 				list. */
5227:Middlewares/Third_Party/FreeRTOS/Source/tasks.c **** 				vListInsert( pxOverflowDelayedTaskList, &( pxCurrentTCB->xStateListItem ) );
 830              		.loc 1 5227 5 is_stmt 1 view .LVU231
 831 003c 124B     		ldr	r3, .L69+12
 832 003e 1868     		ldr	r0, [r3]
 833              		.loc 1 5227 60 is_stmt 0 view .LVU232
 834 0040 0F4B     		ldr	r3, .L69+4
 835 0042 1968     		ldr	r1, [r3]
 836              		.loc 1 5227 5 view .LVU233
 837 0044 0431     		adds	r1, r1, #4
 838 0046 FFF7FEFF 		bl	vListInsert
 839              	.LVL61:
 840              	.L62:
5228:Middlewares/Third_Party/FreeRTOS/Source/tasks.c **** 			}
5229:Middlewares/Third_Party/FreeRTOS/Source/tasks.c **** 			else
5230:Middlewares/Third_Party/FreeRTOS/Source/tasks.c **** 			{
5231:Middlewares/Third_Party/FreeRTOS/Source/tasks.c **** 				/* The wake time has not overflowed, so the current block list
5232:Middlewares/Third_Party/FreeRTOS/Source/tasks.c **** 				is used. */
5233:Middlewares/Third_Party/FreeRTOS/Source/tasks.c **** 				vListInsert( pxDelayedTaskList, &( pxCurrentTCB->xStateListItem ) );
5234:Middlewares/Third_Party/FreeRTOS/Source/tasks.c **** 
5235:Middlewares/Third_Party/FreeRTOS/Source/tasks.c **** 				/* If the task entering the blocked state was placed at the
5236:Middlewares/Third_Party/FreeRTOS/Source/tasks.c **** 				head of the list of blocked tasks then xNextTaskUnblockTime
5237:Middlewares/Third_Party/FreeRTOS/Source/tasks.c **** 				needs to be updated too. */
5238:Middlewares/Third_Party/FreeRTOS/Source/tasks.c **** 				if( xTimeToWake < xNextTaskUnblockTime )
5239:Middlewares/Third_Party/FreeRTOS/Source/tasks.c **** 				{
5240:Middlewares/Third_Party/FreeRTOS/Source/tasks.c **** 					xNextTaskUnblockTime = xTimeToWake;
5241:Middlewares/Third_Party/FreeRTOS/Source/tasks.c **** 				}
5242:Middlewares/Third_Party/FreeRTOS/Source/tasks.c **** 				else
5243:Middlewares/Third_Party/FreeRTOS/Source/tasks.c **** 				{
ARM GAS  D:\TMP\ccFCmCnH.s 			page 114


5244:Middlewares/Third_Party/FreeRTOS/Source/tasks.c **** 					mtCOVERAGE_TEST_MARKER();
5245:Middlewares/Third_Party/FreeRTOS/Source/tasks.c **** 				}
5246:Middlewares/Third_Party/FreeRTOS/Source/tasks.c **** 			}
5247:Middlewares/Third_Party/FreeRTOS/Source/tasks.c **** 		}
5248:Middlewares/Third_Party/FreeRTOS/Source/tasks.c **** 	}
5249:Middlewares/Third_Party/FreeRTOS/Source/tasks.c **** 	#else /* INCLUDE_vTaskSuspend */
5250:Middlewares/Third_Party/FreeRTOS/Source/tasks.c **** 	{
5251:Middlewares/Third_Party/FreeRTOS/Source/tasks.c **** 		/* Calculate the time at which the task should be woken if the event
5252:Middlewares/Third_Party/FreeRTOS/Source/tasks.c **** 		does not occur.  This may overflow but this doesn't matter, the kernel
5253:Middlewares/Third_Party/FreeRTOS/Source/tasks.c **** 		will manage it correctly. */
5254:Middlewares/Third_Party/FreeRTOS/Source/tasks.c **** 		xTimeToWake = xConstTickCount + xTicksToWait;
5255:Middlewares/Third_Party/FreeRTOS/Source/tasks.c **** 
5256:Middlewares/Third_Party/FreeRTOS/Source/tasks.c **** 		/* The list item will be inserted in wake time order. */
5257:Middlewares/Third_Party/FreeRTOS/Source/tasks.c **** 		listSET_LIST_ITEM_VALUE( &( pxCurrentTCB->xStateListItem ), xTimeToWake );
5258:Middlewares/Third_Party/FreeRTOS/Source/tasks.c **** 
5259:Middlewares/Third_Party/FreeRTOS/Source/tasks.c **** 		if( xTimeToWake < xConstTickCount )
5260:Middlewares/Third_Party/FreeRTOS/Source/tasks.c **** 		{
5261:Middlewares/Third_Party/FreeRTOS/Source/tasks.c **** 			/* Wake time has overflowed.  Place this item in the overflow list. */
5262:Middlewares/Third_Party/FreeRTOS/Source/tasks.c **** 			vListInsert( pxOverflowDelayedTaskList, &( pxCurrentTCB->xStateListItem ) );
5263:Middlewares/Third_Party/FreeRTOS/Source/tasks.c **** 		}
5264:Middlewares/Third_Party/FreeRTOS/Source/tasks.c **** 		else
5265:Middlewares/Third_Party/FreeRTOS/Source/tasks.c **** 		{
5266:Middlewares/Third_Party/FreeRTOS/Source/tasks.c **** 			/* The wake time has not overflowed, so the current block list is used. */
5267:Middlewares/Third_Party/FreeRTOS/Source/tasks.c **** 			vListInsert( pxDelayedTaskList, &( pxCurrentTCB->xStateListItem ) );
5268:Middlewares/Third_Party/FreeRTOS/Source/tasks.c **** 
5269:Middlewares/Third_Party/FreeRTOS/Source/tasks.c **** 			/* If the task entering the blocked state was placed at the head of the
5270:Middlewares/Third_Party/FreeRTOS/Source/tasks.c **** 			list of blocked tasks then xNextTaskUnblockTime needs to be updated
5271:Middlewares/Third_Party/FreeRTOS/Source/tasks.c **** 			too. */
5272:Middlewares/Third_Party/FreeRTOS/Source/tasks.c **** 			if( xTimeToWake < xNextTaskUnblockTime )
5273:Middlewares/Third_Party/FreeRTOS/Source/tasks.c **** 			{
5274:Middlewares/Third_Party/FreeRTOS/Source/tasks.c **** 				xNextTaskUnblockTime = xTimeToWake;
5275:Middlewares/Third_Party/FreeRTOS/Source/tasks.c **** 			}
5276:Middlewares/Third_Party/FreeRTOS/Source/tasks.c **** 			else
5277:Middlewares/Third_Party/FreeRTOS/Source/tasks.c **** 			{
5278:Middlewares/Third_Party/FreeRTOS/Source/tasks.c **** 				mtCOVERAGE_TEST_MARKER();
5279:Middlewares/Third_Party/FreeRTOS/Source/tasks.c **** 			}
5280:Middlewares/Third_Party/FreeRTOS/Source/tasks.c **** 		}
5281:Middlewares/Third_Party/FreeRTOS/Source/tasks.c **** 
5282:Middlewares/Third_Party/FreeRTOS/Source/tasks.c **** 		/* Avoid compiler warning when INCLUDE_vTaskSuspend is not 1. */
5283:Middlewares/Third_Party/FreeRTOS/Source/tasks.c **** 		( void ) xCanBlockIndefinitely;
5284:Middlewares/Third_Party/FreeRTOS/Source/tasks.c **** 	}
5285:Middlewares/Third_Party/FreeRTOS/Source/tasks.c **** 	#endif /* INCLUDE_vTaskSuspend */
5286:Middlewares/Third_Party/FreeRTOS/Source/tasks.c **** }
 841              		.loc 1 5286 1 view .LVU234
 842 004a 70BD     		pop	{r4, r5, r6, pc}
 843              	.LVL62:
 844              	.L68:
5206:Middlewares/Third_Party/FreeRTOS/Source/tasks.c **** 		{
 845              		.loc 1 5206 41 discriminator 1 view .LVU235
 846 004c 002D     		cmp	r5, #0
 847 004e EFD0     		beq	.L64
5211:Middlewares/Third_Party/FreeRTOS/Source/tasks.c **** 		}
 848              		.loc 1 5211 4 is_stmt 1 view .LVU236
5211:Middlewares/Third_Party/FreeRTOS/Source/tasks.c **** 		}
 849              		.loc 1 5211 56 is_stmt 0 view .LVU237
 850 0050 0B4B     		ldr	r3, .L69+4
 851 0052 1968     		ldr	r1, [r3]
ARM GAS  D:\TMP\ccFCmCnH.s 			page 115


5211:Middlewares/Third_Party/FreeRTOS/Source/tasks.c **** 		}
 852              		.loc 1 5211 4 view .LVU238
 853 0054 0431     		adds	r1, r1, #4
 854 0056 0D48     		ldr	r0, .L69+16
 855 0058 FFF7FEFF 		bl	vListInsertEnd
 856              	.LVL63:
 857 005c F5E7     		b	.L62
 858              	.LVL64:
 859              	.L66:
5233:Middlewares/Third_Party/FreeRTOS/Source/tasks.c **** 
 860              		.loc 1 5233 5 is_stmt 1 view .LVU239
 861 005e 0C4B     		ldr	r3, .L69+20
 862 0060 1868     		ldr	r0, [r3]
5233:Middlewares/Third_Party/FreeRTOS/Source/tasks.c **** 
 863              		.loc 1 5233 52 is_stmt 0 view .LVU240
 864 0062 074B     		ldr	r3, .L69+4
 865 0064 1968     		ldr	r1, [r3]
5233:Middlewares/Third_Party/FreeRTOS/Source/tasks.c **** 
 866              		.loc 1 5233 5 view .LVU241
 867 0066 0431     		adds	r1, r1, #4
 868 0068 FFF7FEFF 		bl	vListInsert
 869              	.LVL65:
5238:Middlewares/Third_Party/FreeRTOS/Source/tasks.c **** 				{
 870              		.loc 1 5238 5 is_stmt 1 view .LVU242
5238:Middlewares/Third_Party/FreeRTOS/Source/tasks.c **** 				{
 871              		.loc 1 5238 21 is_stmt 0 view .LVU243
 872 006c 094B     		ldr	r3, .L69+24
 873 006e 1B68     		ldr	r3, [r3]
5238:Middlewares/Third_Party/FreeRTOS/Source/tasks.c **** 				{
 874              		.loc 1 5238 7 view .LVU244
 875 0070 A342     		cmp	r3, r4
 876 0072 EAD9     		bls	.L62
5240:Middlewares/Third_Party/FreeRTOS/Source/tasks.c **** 				}
 877              		.loc 1 5240 6 is_stmt 1 view .LVU245
5240:Middlewares/Third_Party/FreeRTOS/Source/tasks.c **** 				}
 878              		.loc 1 5240 27 is_stmt 0 view .LVU246
 879 0074 074B     		ldr	r3, .L69+24
 880 0076 1C60     		str	r4, [r3]
5244:Middlewares/Third_Party/FreeRTOS/Source/tasks.c **** 				}
 881              		.loc 1 5244 30 is_stmt 1 view .LVU247
 882              		.loc 1 5286 1 is_stmt 0 view .LVU248
 883 0078 E7E7     		b	.L62
 884              	.L70:
 885 007a 00BF     		.align	2
 886              	.L69:
 887 007c 00000000 		.word	xTickCount
 888 0080 00000000 		.word	pxCurrentTCB
 889 0084 00000000 		.word	uxTopReadyPriority
 890 0088 00000000 		.word	pxOverflowDelayedTaskList
 891 008c 00000000 		.word	xSuspendedTaskList
 892 0090 00000000 		.word	pxDelayedTaskList
 893 0094 00000000 		.word	xNextTaskUnblockTime
 894              		.cfi_endproc
 895              	.LFE57:
 897              		.section	.text.xTaskCreate,"ax",%progbits
 898              		.align	1
 899              		.global	xTaskCreate
ARM GAS  D:\TMP\ccFCmCnH.s 			page 116


 900              		.syntax unified
 901              		.thumb
 902              		.thumb_func
 904              	xTaskCreate:
 905              	.LVL66:
 906              	.LFB5:
 739:Middlewares/Third_Party/FreeRTOS/Source/tasks.c **** 	TCB_t *pxNewTCB;
 907              		.loc 1 739 2 is_stmt 1 view -0
 908              		.cfi_startproc
 909              		@ args = 8, pretend = 0, frame = 0
 910              		@ frame_needed = 0, uses_anonymous_args = 0
 739:Middlewares/Third_Party/FreeRTOS/Source/tasks.c **** 	TCB_t *pxNewTCB;
 911              		.loc 1 739 2 is_stmt 0 view .LVU250
 912 0000 2DE9F043 		push	{r4, r5, r6, r7, r8, r9, lr}
 913              	.LCFI8:
 914              		.cfi_def_cfa_offset 28
 915              		.cfi_offset 4, -28
 916              		.cfi_offset 5, -24
 917              		.cfi_offset 6, -20
 918              		.cfi_offset 7, -16
 919              		.cfi_offset 8, -12
 920              		.cfi_offset 9, -8
 921              		.cfi_offset 14, -4
 922 0004 85B0     		sub	sp, sp, #20
 923              	.LCFI9:
 924              		.cfi_def_cfa_offset 48
 925 0006 0746     		mov	r7, r0
 926 0008 0E46     		mov	r6, r1
 927 000a 1446     		mov	r4, r2
 928 000c 1D46     		mov	r5, r3
 740:Middlewares/Third_Party/FreeRTOS/Source/tasks.c **** 	BaseType_t xReturn;
 929              		.loc 1 740 2 is_stmt 1 view .LVU251
 741:Middlewares/Third_Party/FreeRTOS/Source/tasks.c **** 
 930              		.loc 1 741 2 view .LVU252
 931              	.LBB114:
 770:Middlewares/Third_Party/FreeRTOS/Source/tasks.c **** 
 932              		.loc 1 770 3 view .LVU253
 773:Middlewares/Third_Party/FreeRTOS/Source/tasks.c **** 
 933              		.loc 1 773 4 view .LVU254
 773:Middlewares/Third_Party/FreeRTOS/Source/tasks.c **** 
 934              		.loc 1 773 14 is_stmt 0 view .LVU255
 935 000e 9000     		lsls	r0, r2, #2
 936              	.LVL67:
 773:Middlewares/Third_Party/FreeRTOS/Source/tasks.c **** 
 937              		.loc 1 773 14 view .LVU256
 938 0010 FFF7FEFF 		bl	pvPortMalloc
 939              	.LVL68:
 775:Middlewares/Third_Party/FreeRTOS/Source/tasks.c **** 			{
 940              		.loc 1 775 4 is_stmt 1 view .LVU257
 775:Middlewares/Third_Party/FreeRTOS/Source/tasks.c **** 			{
 941              		.loc 1 775 6 is_stmt 0 view .LVU258
 942 0014 F8B1     		cbz	r0, .L74
 943 0016 8146     		mov	r9, r0
 778:Middlewares/Third_Party/FreeRTOS/Source/tasks.c **** 
 944              		.loc 1 778 5 is_stmt 1 view .LVU259
 778:Middlewares/Third_Party/FreeRTOS/Source/tasks.c **** 
 945              		.loc 1 778 28 is_stmt 0 view .LVU260
ARM GAS  D:\TMP\ccFCmCnH.s 			page 117


 946 0018 5C20     		movs	r0, #92
 947              	.LVL69:
 778:Middlewares/Third_Party/FreeRTOS/Source/tasks.c **** 
 948              		.loc 1 778 28 view .LVU261
 949 001a FFF7FEFF 		bl	pvPortMalloc
 950              	.LVL70:
 780:Middlewares/Third_Party/FreeRTOS/Source/tasks.c **** 				{
 951              		.loc 1 780 5 is_stmt 1 view .LVU262
 780:Middlewares/Third_Party/FreeRTOS/Source/tasks.c **** 				{
 952              		.loc 1 780 7 is_stmt 0 view .LVU263
 953 001e 8046     		mov	r8, r0
 954 0020 98B1     		cbz	r0, .L73
 783:Middlewares/Third_Party/FreeRTOS/Source/tasks.c **** 				}
 955              		.loc 1 783 6 is_stmt 1 view .LVU264
 783:Middlewares/Third_Party/FreeRTOS/Source/tasks.c **** 				}
 956              		.loc 1 783 24 is_stmt 0 view .LVU265
 957 0022 C0F83090 		str	r9, [r0, #48]
 783:Middlewares/Third_Party/FreeRTOS/Source/tasks.c **** 				}
 958              		.loc 1 783 24 view .LVU266
 959              	.LBE114:
 799:Middlewares/Third_Party/FreeRTOS/Source/tasks.c **** 		{
 960              		.loc 1 799 3 is_stmt 1 view .LVU267
 809:Middlewares/Third_Party/FreeRTOS/Source/tasks.c **** 			prvAddNewTaskToReadyList( pxNewTCB );
 961              		.loc 1 809 4 view .LVU268
 962 0026 0023     		movs	r3, #0
 963 0028 0393     		str	r3, [sp, #12]
 964 002a 0290     		str	r0, [sp, #8]
 965 002c 0D9B     		ldr	r3, [sp, #52]
 966 002e 0193     		str	r3, [sp, #4]
 967 0030 0C9B     		ldr	r3, [sp, #48]
 968 0032 0093     		str	r3, [sp]
 969 0034 2B46     		mov	r3, r5
 970 0036 2246     		mov	r2, r4
 971 0038 3146     		mov	r1, r6
 972 003a 3846     		mov	r0, r7
 973              	.LVL71:
 809:Middlewares/Third_Party/FreeRTOS/Source/tasks.c **** 			prvAddNewTaskToReadyList( pxNewTCB );
 974              		.loc 1 809 4 is_stmt 0 view .LVU269
 975 003c FFF7FEFF 		bl	prvInitialiseNewTask
 976              	.LVL72:
 810:Middlewares/Third_Party/FreeRTOS/Source/tasks.c **** 			xReturn = pdPASS;
 977              		.loc 1 810 4 is_stmt 1 view .LVU270
 978 0040 4046     		mov	r0, r8
 979 0042 FFF7FEFF 		bl	prvAddNewTaskToReadyList
 980              	.LVL73:
 811:Middlewares/Third_Party/FreeRTOS/Source/tasks.c **** 		}
 981              		.loc 1 811 4 view .LVU271
 811:Middlewares/Third_Party/FreeRTOS/Source/tasks.c **** 		}
 982              		.loc 1 811 12 is_stmt 0 view .LVU272
 983 0046 0120     		movs	r0, #1
 984 0048 07E0     		b	.L71
 985              	.LVL74:
 986              	.L73:
 987              	.LBB115:
 789:Middlewares/Third_Party/FreeRTOS/Source/tasks.c **** 				}
 988              		.loc 1 789 6 is_stmt 1 view .LVU273
 989 004a 4846     		mov	r0, r9
ARM GAS  D:\TMP\ccFCmCnH.s 			page 118


 990              	.LVL75:
 789:Middlewares/Third_Party/FreeRTOS/Source/tasks.c **** 				}
 991              		.loc 1 789 6 is_stmt 0 view .LVU274
 992 004c FFF7FEFF 		bl	vPortFree
 993              	.LVL76:
 789:Middlewares/Third_Party/FreeRTOS/Source/tasks.c **** 				}
 994              		.loc 1 789 6 view .LVU275
 995              	.LBE115:
 799:Middlewares/Third_Party/FreeRTOS/Source/tasks.c **** 		{
 996              		.loc 1 799 3 is_stmt 1 view .LVU276
 815:Middlewares/Third_Party/FreeRTOS/Source/tasks.c **** 		}
 997              		.loc 1 815 12 is_stmt 0 view .LVU277
 998 0050 4FF0FF30 		mov	r0, #-1
 999 0054 01E0     		b	.L71
 1000              	.LVL77:
 1001              	.L74:
 815:Middlewares/Third_Party/FreeRTOS/Source/tasks.c **** 		}
 1002              		.loc 1 815 12 view .LVU278
 1003 0056 4FF0FF30 		mov	r0, #-1
 1004              	.LVL78:
 818:Middlewares/Third_Party/FreeRTOS/Source/tasks.c **** 	}
 1005              		.loc 1 818 3 is_stmt 1 view .LVU279
 1006              	.L71:
 819:Middlewares/Third_Party/FreeRTOS/Source/tasks.c **** 
 1007              		.loc 1 819 2 is_stmt 0 view .LVU280
 1008 005a 05B0     		add	sp, sp, #20
 1009              	.LCFI10:
 1010              		.cfi_def_cfa_offset 28
 1011              		@ sp needed
 1012 005c BDE8F083 		pop	{r4, r5, r6, r7, r8, r9, pc}
 819:Middlewares/Third_Party/FreeRTOS/Source/tasks.c **** 
 1013              		.loc 1 819 2 view .LVU281
 1014              		.cfi_endproc
 1015              	.LFE5:
 1017              		.section	.text.vTaskDelete,"ax",%progbits
 1018              		.align	1
 1019              		.global	vTaskDelete
 1020              		.syntax unified
 1021              		.thumb
 1022              		.thumb_func
 1024              	vTaskDelete:
 1025              	.LVL79:
 1026              	.LFB8:
1163:Middlewares/Third_Party/FreeRTOS/Source/tasks.c **** 	TCB_t *pxTCB;
 1027              		.loc 1 1163 2 is_stmt 1 view -0
 1028              		.cfi_startproc
 1029              		@ args = 0, pretend = 0, frame = 0
 1030              		@ frame_needed = 0, uses_anonymous_args = 0
1163:Middlewares/Third_Party/FreeRTOS/Source/tasks.c **** 	TCB_t *pxTCB;
 1031              		.loc 1 1163 2 is_stmt 0 view .LVU283
 1032 0000 38B5     		push	{r3, r4, r5, lr}
 1033              	.LCFI11:
 1034              		.cfi_def_cfa_offset 16
 1035              		.cfi_offset 3, -16
 1036              		.cfi_offset 4, -12
 1037              		.cfi_offset 5, -8
 1038              		.cfi_offset 14, -4
ARM GAS  D:\TMP\ccFCmCnH.s 			page 119


 1039 0002 0446     		mov	r4, r0
1164:Middlewares/Third_Party/FreeRTOS/Source/tasks.c **** 
 1040              		.loc 1 1164 2 is_stmt 1 view .LVU284
1166:Middlewares/Third_Party/FreeRTOS/Source/tasks.c **** 		{
 1041              		.loc 1 1166 3 view .LVU285
 1042 0004 FFF7FEFF 		bl	vPortEnterCritical
 1043              	.LVL80:
1170:Middlewares/Third_Party/FreeRTOS/Source/tasks.c **** 
 1044              		.loc 1 1170 4 view .LVU286
1170:Middlewares/Third_Party/FreeRTOS/Source/tasks.c **** 
 1045              		.loc 1 1170 12 is_stmt 0 view .LVU287
 1046 0008 002C     		cmp	r4, #0
 1047 000a 34D0     		beq	.L86
 1048              	.LVL81:
 1049              	.L77:
1173:Middlewares/Third_Party/FreeRTOS/Source/tasks.c **** 			{
 1050              		.loc 1 1173 4 is_stmt 1 view .LVU288
1173:Middlewares/Third_Party/FreeRTOS/Source/tasks.c **** 			{
 1051              		.loc 1 1173 8 is_stmt 0 view .LVU289
 1052 000c 251D     		adds	r5, r4, #4
 1053 000e 2846     		mov	r0, r5
 1054 0010 FFF7FEFF 		bl	uxListRemove
 1055              	.LVL82:
1173:Middlewares/Third_Party/FreeRTOS/Source/tasks.c **** 			{
 1056              		.loc 1 1173 6 discriminator 1 view .LVU290
 1057 0014 70B9     		cbnz	r0, .L78
1175:Middlewares/Third_Party/FreeRTOS/Source/tasks.c **** 			}
 1058              		.loc 1 1175 5 is_stmt 1 view .LVU291
 1059 0016 E26A     		ldr	r2, [r4, #44]
 1060 0018 02EB8203 		add	r3, r2, r2, lsl #2
 1061 001c 9B00     		lsls	r3, r3, #2
 1062 001e 2749     		ldr	r1, .L89
 1063 0020 CB58     		ldr	r3, [r1, r3]
 1064 0022 3BB9     		cbnz	r3, .L78
1175:Middlewares/Third_Party/FreeRTOS/Source/tasks.c **** 			}
 1065              		.loc 1 1175 5 discriminator 1 view .LVU292
 1066 0024 0123     		movs	r3, #1
 1067 0026 03FA02F2 		lsl	r2, r3, r2
 1068 002a 2549     		ldr	r1, .L89+4
 1069 002c 0B68     		ldr	r3, [r1]
 1070 002e 23EA0203 		bic	r3, r3, r2
 1071 0032 0B60     		str	r3, [r1]
 1072              	.L78:
1179:Middlewares/Third_Party/FreeRTOS/Source/tasks.c **** 			}
 1073              		.loc 1 1179 29 view .LVU293
1183:Middlewares/Third_Party/FreeRTOS/Source/tasks.c **** 			{
 1074              		.loc 1 1183 4 view .LVU294
1183:Middlewares/Third_Party/FreeRTOS/Source/tasks.c **** 			{
 1075              		.loc 1 1183 8 is_stmt 0 view .LVU295
 1076 0034 A36A     		ldr	r3, [r4, #40]
1183:Middlewares/Third_Party/FreeRTOS/Source/tasks.c **** 			{
 1077              		.loc 1 1183 6 view .LVU296
 1078 0036 1BB1     		cbz	r3, .L79
1185:Middlewares/Third_Party/FreeRTOS/Source/tasks.c **** 			}
 1079              		.loc 1 1185 5 is_stmt 1 view .LVU297
1185:Middlewares/Third_Party/FreeRTOS/Source/tasks.c **** 			}
 1080              		.loc 1 1185 14 is_stmt 0 view .LVU298
ARM GAS  D:\TMP\ccFCmCnH.s 			page 120


 1081 0038 04F11800 		add	r0, r4, #24
 1082 003c FFF7FEFF 		bl	uxListRemove
 1083              	.LVL83:
 1084              	.L79:
1189:Middlewares/Third_Party/FreeRTOS/Source/tasks.c **** 			}
 1085              		.loc 1 1189 29 is_stmt 1 view .LVU299
1196:Middlewares/Third_Party/FreeRTOS/Source/tasks.c **** 
 1086              		.loc 1 1196 4 view .LVU300
1196:Middlewares/Third_Party/FreeRTOS/Source/tasks.c **** 
 1087              		.loc 1 1196 16 is_stmt 0 view .LVU301
 1088 0040 204A     		ldr	r2, .L89+8
 1089 0042 1368     		ldr	r3, [r2]
 1090 0044 0133     		adds	r3, r3, #1
 1091 0046 1360     		str	r3, [r2]
1198:Middlewares/Third_Party/FreeRTOS/Source/tasks.c **** 			{
 1092              		.loc 1 1198 4 is_stmt 1 view .LVU302
1198:Middlewares/Third_Party/FreeRTOS/Source/tasks.c **** 			{
 1093              		.loc 1 1198 14 is_stmt 0 view .LVU303
 1094 0048 1F4B     		ldr	r3, .L89+12
 1095 004a 1B68     		ldr	r3, [r3]
1198:Middlewares/Third_Party/FreeRTOS/Source/tasks.c **** 			{
 1096              		.loc 1 1198 6 view .LVU304
 1097 004c A342     		cmp	r3, r4
 1098 004e 15D0     		beq	.L87
1225:Middlewares/Third_Party/FreeRTOS/Source/tasks.c **** 				traceTASK_DELETE( pxTCB );
 1099              		.loc 1 1225 5 is_stmt 1 view .LVU305
 1100 0050 1E4A     		ldr	r2, .L89+16
 1101 0052 1368     		ldr	r3, [r2]
 1102 0054 013B     		subs	r3, r3, #1
 1103 0056 1360     		str	r3, [r2]
1226:Middlewares/Third_Party/FreeRTOS/Source/tasks.c **** 				prvDeleteTCB( pxTCB );
 1104              		.loc 1 1226 30 view .LVU306
1227:Middlewares/Third_Party/FreeRTOS/Source/tasks.c **** 
 1105              		.loc 1 1227 5 view .LVU307
 1106 0058 2046     		mov	r0, r4
 1107 005a FFF7FEFF 		bl	prvDeleteTCB
 1108              	.LVL84:
1231:Middlewares/Third_Party/FreeRTOS/Source/tasks.c **** 			}
 1109              		.loc 1 1231 5 view .LVU308
 1110 005e FFF7FEFF 		bl	prvResetNextTaskUnblockTime
 1111              	.LVL85:
 1112              	.L81:
1234:Middlewares/Third_Party/FreeRTOS/Source/tasks.c **** 
 1113              		.loc 1 1234 3 view .LVU309
 1114 0062 FFF7FEFF 		bl	vPortExitCritical
 1115              	.LVL86:
1238:Middlewares/Third_Party/FreeRTOS/Source/tasks.c **** 		{
 1116              		.loc 1 1238 3 view .LVU310
1238:Middlewares/Third_Party/FreeRTOS/Source/tasks.c **** 		{
 1117              		.loc 1 1238 25 is_stmt 0 view .LVU311
 1118 0066 1A4B     		ldr	r3, .L89+20
 1119 0068 1B68     		ldr	r3, [r3]
1238:Middlewares/Third_Party/FreeRTOS/Source/tasks.c **** 		{
 1120              		.loc 1 1238 5 view .LVU312
 1121 006a 1BB1     		cbz	r3, .L76
1240:Middlewares/Third_Party/FreeRTOS/Source/tasks.c **** 			{
 1122              		.loc 1 1240 4 is_stmt 1 view .LVU313
ARM GAS  D:\TMP\ccFCmCnH.s 			page 121


1240:Middlewares/Third_Party/FreeRTOS/Source/tasks.c **** 			{
 1123              		.loc 1 1240 14 is_stmt 0 view .LVU314
 1124 006c 164B     		ldr	r3, .L89+12
 1125 006e 1B68     		ldr	r3, [r3]
1240:Middlewares/Third_Party/FreeRTOS/Source/tasks.c **** 			{
 1126              		.loc 1 1240 6 view .LVU315
 1127 0070 A342     		cmp	r3, r4
 1128 0072 0CD0     		beq	.L88
 1129              	.L76:
1250:Middlewares/Third_Party/FreeRTOS/Source/tasks.c **** 
 1130              		.loc 1 1250 2 view .LVU316
 1131 0074 38BD     		pop	{r3, r4, r5, pc}
 1132              	.LVL87:
 1133              	.L86:
1170:Middlewares/Third_Party/FreeRTOS/Source/tasks.c **** 
 1134              		.loc 1 1170 12 discriminator 1 view .LVU317
 1135 0076 144B     		ldr	r3, .L89+12
 1136 0078 1C68     		ldr	r4, [r3]
 1137              	.LVL88:
1170:Middlewares/Third_Party/FreeRTOS/Source/tasks.c **** 
 1138              		.loc 1 1170 12 discriminator 1 view .LVU318
 1139 007a C7E7     		b	.L77
 1140              	.LVL89:
 1141              	.L87:
1205:Middlewares/Third_Party/FreeRTOS/Source/tasks.c **** 
 1142              		.loc 1 1205 5 is_stmt 1 view .LVU319
 1143 007c 2946     		mov	r1, r5
 1144 007e 1548     		ldr	r0, .L89+24
 1145 0080 FFF7FEFF 		bl	vListInsertEnd
 1146              	.LVL90:
1210:Middlewares/Third_Party/FreeRTOS/Source/tasks.c **** 
 1147              		.loc 1 1210 5 view .LVU320
 1148 0084 144A     		ldr	r2, .L89+28
 1149 0086 1368     		ldr	r3, [r2]
 1150 0088 0133     		adds	r3, r3, #1
 1151 008a 1360     		str	r3, [r2]
1214:Middlewares/Third_Party/FreeRTOS/Source/tasks.c **** 
 1152              		.loc 1 1214 30 view .LVU321
1221:Middlewares/Third_Party/FreeRTOS/Source/tasks.c **** 			}
 1153              		.loc 1 1221 54 view .LVU322
 1154 008c E9E7     		b	.L81
 1155              	.L88:
1242:Middlewares/Third_Party/FreeRTOS/Source/tasks.c **** 				portYIELD_WITHIN_API();
 1156              		.loc 1 1242 5 view .LVU323
 1157 008e 134B     		ldr	r3, .L89+32
 1158 0090 1B68     		ldr	r3, [r3]
 1159 0092 43B1     		cbz	r3, .L83
1242:Middlewares/Third_Party/FreeRTOS/Source/tasks.c **** 				portYIELD_WITHIN_API();
 1160              		.loc 1 1242 5 discriminator 1 view .LVU324
 1161              	.LBB116:
 1162              	.LBI116:
 193:Middlewares/Third_Party/FreeRTOS/Source/portable/GCC/ARM_CM3/portmacro.h **** {
 1163              		.loc 2 193 30 view .LVU325
 1164              	.LBB117:
 195:Middlewares/Third_Party/FreeRTOS/Source/portable/GCC/ARM_CM3/portmacro.h **** 
 1165              		.loc 2 195 1 view .LVU326
 1166              		.loc 2 197 2 view .LVU327
ARM GAS  D:\TMP\ccFCmCnH.s 			page 122


 1167              		.syntax unified
 1168              	@ 197 "Middlewares/Third_Party/FreeRTOS/Source/portable/GCC/ARM_CM3/portmacro.h" 1
 1169 0094 4FF02003 			mov r3, #32												
 1170 0098 83F31188 		msr basepri, r3											
 1171 009c BFF36F8F 		isb														
 1172 00a0 BFF34F8F 		dsb														
 1173              	
 1174              	@ 0 "" 2
 1175              		.thumb
 1176              		.syntax unified
 1177              	.L84:
 1178              	.LBE117:
 1179              	.LBE116:
1242:Middlewares/Third_Party/FreeRTOS/Source/tasks.c **** 				portYIELD_WITHIN_API();
 1180              		.loc 1 1242 5 discriminator 3 view .LVU328
1242:Middlewares/Third_Party/FreeRTOS/Source/tasks.c **** 				portYIELD_WITHIN_API();
 1181              		.loc 1 1242 5 discriminator 3 view .LVU329
1242:Middlewares/Third_Party/FreeRTOS/Source/tasks.c **** 				portYIELD_WITHIN_API();
 1182              		.loc 1 1242 5 discriminator 3 view .LVU330
 1183 00a4 FEE7     		b	.L84
 1184              	.L83:
1242:Middlewares/Third_Party/FreeRTOS/Source/tasks.c **** 				portYIELD_WITHIN_API();
 1185              		.loc 1 1242 46 discriminator 2 view .LVU331
1243:Middlewares/Third_Party/FreeRTOS/Source/tasks.c **** 			}
 1186              		.loc 1 1243 5 view .LVU332
 1187 00a6 4FF0E023 		mov	r3, #-536813568
 1188 00aa 4FF08052 		mov	r2, #268435456
 1189 00ae C3F8042D 		str	r2, [r3, #3332]
1243:Middlewares/Third_Party/FreeRTOS/Source/tasks.c **** 			}
 1190              		.loc 1 1243 5 view .LVU333
 1191              		.syntax unified
 1192              	@ 1243 "Middlewares/Third_Party/FreeRTOS/Source/tasks.c" 1
 1193 00b2 BFF34F8F 		dsb
 1194              	@ 0 "" 2
1243:Middlewares/Third_Party/FreeRTOS/Source/tasks.c **** 			}
 1195              		.loc 1 1243 5 view .LVU334
 1196              	@ 1243 "Middlewares/Third_Party/FreeRTOS/Source/tasks.c" 1
 1197 00b6 BFF36F8F 		isb
 1198              	@ 0 "" 2
1243:Middlewares/Third_Party/FreeRTOS/Source/tasks.c **** 			}
 1199              		.loc 1 1243 27 view .LVU335
1247:Middlewares/Third_Party/FreeRTOS/Source/tasks.c **** 			}
 1200              		.loc 1 1247 29 view .LVU336
1250:Middlewares/Third_Party/FreeRTOS/Source/tasks.c **** 
 1201              		.loc 1 1250 2 is_stmt 0 view .LVU337
 1202              		.thumb
 1203              		.syntax unified
 1204 00ba DBE7     		b	.L76
 1205              	.L90:
 1206              		.align	2
 1207              	.L89:
 1208 00bc 00000000 		.word	pxReadyTasksLists
 1209 00c0 00000000 		.word	uxTopReadyPriority
 1210 00c4 00000000 		.word	uxTaskNumber
 1211 00c8 00000000 		.word	pxCurrentTCB
 1212 00cc 00000000 		.word	uxCurrentNumberOfTasks
 1213 00d0 00000000 		.word	xSchedulerRunning
ARM GAS  D:\TMP\ccFCmCnH.s 			page 123


 1214 00d4 00000000 		.word	xTasksWaitingTermination
 1215 00d8 00000000 		.word	uxDeletedTasksWaitingCleanUp
 1216 00dc 00000000 		.word	uxSchedulerSuspended
 1217              		.cfi_endproc
 1218              	.LFE8:
 1220              		.section	.text.eTaskGetState,"ax",%progbits
 1221              		.align	1
 1222              		.global	eTaskGetState
 1223              		.syntax unified
 1224              		.thumb
 1225              		.thumb_func
 1227              	eTaskGetState:
 1228              	.LVL91:
 1229              	.LFB11:
1387:Middlewares/Third_Party/FreeRTOS/Source/tasks.c **** 	eTaskState eReturn;
 1230              		.loc 1 1387 2 is_stmt 1 view -0
 1231              		.cfi_startproc
 1232              		@ args = 0, pretend = 0, frame = 0
 1233              		@ frame_needed = 0, uses_anonymous_args = 0
1387:Middlewares/Third_Party/FreeRTOS/Source/tasks.c **** 	eTaskState eReturn;
 1234              		.loc 1 1387 2 is_stmt 0 view .LVU339
 1235 0000 F8B5     		push	{r3, r4, r5, r6, r7, lr}
 1236              	.LCFI12:
 1237              		.cfi_def_cfa_offset 24
 1238              		.cfi_offset 3, -24
 1239              		.cfi_offset 4, -20
 1240              		.cfi_offset 5, -16
 1241              		.cfi_offset 6, -12
 1242              		.cfi_offset 7, -8
 1243              		.cfi_offset 14, -4
1388:Middlewares/Third_Party/FreeRTOS/Source/tasks.c **** 	List_t const * pxStateList, *pxDelayedList, *pxOverflowedDelayedList;
 1244              		.loc 1 1388 2 is_stmt 1 view .LVU340
1389:Middlewares/Third_Party/FreeRTOS/Source/tasks.c **** 	const TCB_t * const pxTCB = xTask;
 1245              		.loc 1 1389 2 view .LVU341
1390:Middlewares/Third_Party/FreeRTOS/Source/tasks.c **** 
 1246              		.loc 1 1390 2 view .LVU342
 1247              	.LVL92:
1392:Middlewares/Third_Party/FreeRTOS/Source/tasks.c **** 
 1248              		.loc 1 1392 3 view .LVU343
 1249 0002 D0B1     		cbz	r0, .L104
 1250 0004 0446     		mov	r4, r0
1392:Middlewares/Third_Party/FreeRTOS/Source/tasks.c **** 
 1251              		.loc 1 1392 24 discriminator 2 view .LVU344
1394:Middlewares/Third_Party/FreeRTOS/Source/tasks.c **** 		{
 1252              		.loc 1 1394 3 view .LVU345
1394:Middlewares/Third_Party/FreeRTOS/Source/tasks.c **** 		{
 1253              		.loc 1 1394 13 is_stmt 0 view .LVU346
 1254 0006 1D4B     		ldr	r3, .L109
 1255 0008 1B68     		ldr	r3, [r3]
1394:Middlewares/Third_Party/FreeRTOS/Source/tasks.c **** 		{
 1256              		.loc 1 1394 5 view .LVU347
 1257 000a 8342     		cmp	r3, r0
 1258 000c 2DD0     		beq	.L96
1401:Middlewares/Third_Party/FreeRTOS/Source/tasks.c **** 			{
 1259              		.loc 1 1401 4 is_stmt 1 view .LVU348
 1260 000e FFF7FEFF 		bl	vPortEnterCritical
 1261              	.LVL93:
ARM GAS  D:\TMP\ccFCmCnH.s 			page 124


1403:Middlewares/Third_Party/FreeRTOS/Source/tasks.c **** 				pxDelayedList = pxDelayedTaskList;
 1262              		.loc 1 1403 5 view .LVU349
1403:Middlewares/Third_Party/FreeRTOS/Source/tasks.c **** 				pxDelayedList = pxDelayedTaskList;
 1263              		.loc 1 1403 17 is_stmt 0 view .LVU350
 1264 0012 6569     		ldr	r5, [r4, #20]
 1265              	.LVL94:
1404:Middlewares/Third_Party/FreeRTOS/Source/tasks.c **** 				pxOverflowedDelayedList = pxOverflowDelayedTaskList;
 1266              		.loc 1 1404 5 is_stmt 1 view .LVU351
1404:Middlewares/Third_Party/FreeRTOS/Source/tasks.c **** 				pxOverflowedDelayedList = pxOverflowDelayedTaskList;
 1267              		.loc 1 1404 19 is_stmt 0 view .LVU352
 1268 0014 1A4B     		ldr	r3, .L109+4
 1269 0016 1E68     		ldr	r6, [r3]
 1270              	.LVL95:
1405:Middlewares/Third_Party/FreeRTOS/Source/tasks.c **** 			}
 1271              		.loc 1 1405 5 is_stmt 1 view .LVU353
1405:Middlewares/Third_Party/FreeRTOS/Source/tasks.c **** 			}
 1272              		.loc 1 1405 29 is_stmt 0 view .LVU354
 1273 0018 1A4B     		ldr	r3, .L109+8
 1274 001a 1F68     		ldr	r7, [r3]
 1275              	.LVL96:
1407:Middlewares/Third_Party/FreeRTOS/Source/tasks.c **** 
 1276              		.loc 1 1407 4 is_stmt 1 view .LVU355
 1277 001c FFF7FEFF 		bl	vPortExitCritical
 1278              	.LVL97:
1409:Middlewares/Third_Party/FreeRTOS/Source/tasks.c **** 			{
 1279              		.loc 1 1409 4 view .LVU356
1409:Middlewares/Third_Party/FreeRTOS/Source/tasks.c **** 			{
 1280              		.loc 1 1409 6 is_stmt 0 view .LVU357
 1281 0020 B542     		cmp	r5, r6
 1282 0022 24D0     		beq	.L97
1409:Middlewares/Third_Party/FreeRTOS/Source/tasks.c **** 			{
 1283              		.loc 1 1409 41 discriminator 1 view .LVU358
 1284 0024 BD42     		cmp	r5, r7
 1285 0026 24D0     		beq	.L98
1417:Middlewares/Third_Party/FreeRTOS/Source/tasks.c **** 				{
 1286              		.loc 1 1417 10 is_stmt 1 view .LVU359
1417:Middlewares/Third_Party/FreeRTOS/Source/tasks.c **** 				{
 1287              		.loc 1 1417 12 is_stmt 0 view .LVU360
 1288 0028 174B     		ldr	r3, .L109+12
 1289 002a 9D42     		cmp	r5, r3
 1290 002c 0ED0     		beq	.L105
1453:Middlewares/Third_Party/FreeRTOS/Source/tasks.c **** 				{
 1291              		.loc 1 1453 10 is_stmt 1 view .LVU361
1453:Middlewares/Third_Party/FreeRTOS/Source/tasks.c **** 				{
 1292              		.loc 1 1453 12 is_stmt 0 view .LVU362
 1293 002e 174B     		ldr	r3, .L109+16
 1294 0030 9D42     		cmp	r5, r3
 1295 0032 20D0     		beq	.L101
1453:Middlewares/Third_Party/FreeRTOS/Source/tasks.c **** 				{
 1296              		.loc 1 1453 59 discriminator 1 view .LVU363
 1297 0034 BDB1     		cbz	r5, .L106
1466:Middlewares/Third_Party/FreeRTOS/Source/tasks.c **** 			}
 1298              		.loc 1 1466 13 view .LVU364
 1299 0036 0120     		movs	r0, #1
 1300 0038 18E0     		b	.L94
 1301              	.LVL98:
 1302              	.L104:
ARM GAS  D:\TMP\ccFCmCnH.s 			page 125


1392:Middlewares/Third_Party/FreeRTOS/Source/tasks.c **** 
 1303              		.loc 1 1392 3 is_stmt 1 discriminator 1 view .LVU365
 1304              	.LBB118:
 1305              	.LBI118:
 193:Middlewares/Third_Party/FreeRTOS/Source/portable/GCC/ARM_CM3/portmacro.h **** {
 1306              		.loc 2 193 30 view .LVU366
 1307              	.LBB119:
 195:Middlewares/Third_Party/FreeRTOS/Source/portable/GCC/ARM_CM3/portmacro.h **** 
 1308              		.loc 2 195 1 view .LVU367
 1309              		.loc 2 197 2 view .LVU368
 1310              		.syntax unified
 1311              	@ 197 "Middlewares/Third_Party/FreeRTOS/Source/portable/GCC/ARM_CM3/portmacro.h" 1
 1312 003a 4FF02003 			mov r3, #32												
 1313 003e 83F31188 		msr basepri, r3											
 1314 0042 BFF36F8F 		isb														
 1315 0046 BFF34F8F 		dsb														
 1316              	
 1317              	@ 0 "" 2
 1318              		.thumb
 1319              		.syntax unified
 1320              	.L93:
 1321              	.LBE119:
 1322              	.LBE118:
1392:Middlewares/Third_Party/FreeRTOS/Source/tasks.c **** 
 1323              		.loc 1 1392 3 discriminator 3 view .LVU369
1392:Middlewares/Third_Party/FreeRTOS/Source/tasks.c **** 
 1324              		.loc 1 1392 3 discriminator 3 view .LVU370
1392:Middlewares/Third_Party/FreeRTOS/Source/tasks.c **** 
 1325              		.loc 1 1392 3 discriminator 3 view .LVU371
 1326 004a FEE7     		b	.L93
 1327              	.LVL99:
 1328              	.L105:
1422:Middlewares/Third_Party/FreeRTOS/Source/tasks.c **** 					{
 1329              		.loc 1 1422 6 view .LVU372
1422:Middlewares/Third_Party/FreeRTOS/Source/tasks.c **** 					{
 1330              		.loc 1 1422 10 is_stmt 0 view .LVU373
 1331 004c A36A     		ldr	r3, [r4, #40]
1422:Middlewares/Third_Party/FreeRTOS/Source/tasks.c **** 					{
 1332              		.loc 1 1422 8 view .LVU374
 1333 004e 0BB1     		cbz	r3, .L107
1447:Middlewares/Third_Party/FreeRTOS/Source/tasks.c **** 					}
 1334              		.loc 1 1447 15 view .LVU375
 1335 0050 0220     		movs	r0, #2
 1336 0052 0BE0     		b	.L94
 1337              	.L107:
1430:Middlewares/Third_Party/FreeRTOS/Source/tasks.c **** 							{
 1338              		.loc 1 1430 8 is_stmt 1 view .LVU376
1430:Middlewares/Third_Party/FreeRTOS/Source/tasks.c **** 							{
 1339              		.loc 1 1430 17 is_stmt 0 view .LVU377
 1340 0054 94F85830 		ldrb	r3, [r4, #88]	@ zero_extendqisi2
 1341 0058 DBB2     		uxtb	r3, r3
1430:Middlewares/Third_Party/FreeRTOS/Source/tasks.c **** 							{
 1342              		.loc 1 1430 10 view .LVU378
 1343 005a 012B     		cmp	r3, #1
 1344 005c 01D0     		beq	.L108
1436:Middlewares/Third_Party/FreeRTOS/Source/tasks.c **** 							}
 1345              		.loc 1 1436 17 view .LVU379
ARM GAS  D:\TMP\ccFCmCnH.s 			page 126


 1346 005e 0320     		movs	r0, #3
 1347 0060 04E0     		b	.L94
 1348              	.L108:
1432:Middlewares/Third_Party/FreeRTOS/Source/tasks.c **** 							}
 1349              		.loc 1 1432 17 view .LVU380
 1350 0062 0220     		movs	r0, #2
 1351 0064 02E0     		b	.L94
 1352              	.L106:
1458:Middlewares/Third_Party/FreeRTOS/Source/tasks.c **** 				}
 1353              		.loc 1 1458 14 view .LVU381
 1354 0066 0420     		movs	r0, #4
 1355 0068 00E0     		b	.L94
 1356              	.LVL100:
 1357              	.L96:
1397:Middlewares/Third_Party/FreeRTOS/Source/tasks.c **** 		}
 1358              		.loc 1 1397 12 view .LVU382
 1359 006a 0020     		movs	r0, #0
 1360              	.LVL101:
 1361              	.L94:
1470:Middlewares/Third_Party/FreeRTOS/Source/tasks.c **** 	} /*lint !e818 xTask cannot be a pointer to const because it is a typedef. */
 1362              		.loc 1 1470 3 is_stmt 1 view .LVU383
1471:Middlewares/Third_Party/FreeRTOS/Source/tasks.c **** 
 1363              		.loc 1 1471 2 is_stmt 0 view .LVU384
 1364 006c F8BD     		pop	{r3, r4, r5, r6, r7, pc}
 1365              	.LVL102:
 1366              	.L97:
1413:Middlewares/Third_Party/FreeRTOS/Source/tasks.c **** 			}
 1367              		.loc 1 1413 13 view .LVU385
 1368 006e 0220     		movs	r0, #2
 1369 0070 FCE7     		b	.L94
 1370              	.L98:
 1371 0072 0220     		movs	r0, #2
 1372 0074 FAE7     		b	.L94
 1373              	.L101:
1458:Middlewares/Third_Party/FreeRTOS/Source/tasks.c **** 				}
 1374              		.loc 1 1458 14 view .LVU386
 1375 0076 0420     		movs	r0, #4
 1376 0078 F8E7     		b	.L94
 1377              	.L110:
 1378 007a 00BF     		.align	2
 1379              	.L109:
 1380 007c 00000000 		.word	pxCurrentTCB
 1381 0080 00000000 		.word	pxDelayedTaskList
 1382 0084 00000000 		.word	pxOverflowDelayedTaskList
 1383 0088 00000000 		.word	xSuspendedTaskList
 1384 008c 00000000 		.word	xTasksWaitingTermination
 1385              		.cfi_endproc
 1386              	.LFE11:
 1388              		.section	.text.uxTaskPriorityGet,"ax",%progbits
 1389              		.align	1
 1390              		.global	uxTaskPriorityGet
 1391              		.syntax unified
 1392              		.thumb
 1393              		.thumb_func
 1395              	uxTaskPriorityGet:
 1396              	.LVL103:
 1397              	.LFB12:
ARM GAS  D:\TMP\ccFCmCnH.s 			page 127


1479:Middlewares/Third_Party/FreeRTOS/Source/tasks.c **** 	TCB_t const *pxTCB;
 1398              		.loc 1 1479 2 is_stmt 1 view -0
 1399              		.cfi_startproc
 1400              		@ args = 0, pretend = 0, frame = 0
 1401              		@ frame_needed = 0, uses_anonymous_args = 0
1479:Middlewares/Third_Party/FreeRTOS/Source/tasks.c **** 	TCB_t const *pxTCB;
 1402              		.loc 1 1479 2 is_stmt 0 view .LVU388
 1403 0000 10B5     		push	{r4, lr}
 1404              	.LCFI13:
 1405              		.cfi_def_cfa_offset 8
 1406              		.cfi_offset 4, -8
 1407              		.cfi_offset 14, -4
 1408 0002 0446     		mov	r4, r0
1480:Middlewares/Third_Party/FreeRTOS/Source/tasks.c **** 	UBaseType_t uxReturn;
 1409              		.loc 1 1480 2 is_stmt 1 view .LVU389
1481:Middlewares/Third_Party/FreeRTOS/Source/tasks.c **** 
 1410              		.loc 1 1481 2 view .LVU390
1483:Middlewares/Third_Party/FreeRTOS/Source/tasks.c **** 		{
 1411              		.loc 1 1483 3 view .LVU391
 1412 0004 FFF7FEFF 		bl	vPortEnterCritical
 1413              	.LVL104:
1487:Middlewares/Third_Party/FreeRTOS/Source/tasks.c **** 			uxReturn = pxTCB->uxPriority;
 1414              		.loc 1 1487 4 view .LVU392
1487:Middlewares/Third_Party/FreeRTOS/Source/tasks.c **** 			uxReturn = pxTCB->uxPriority;
 1415              		.loc 1 1487 12 is_stmt 0 view .LVU393
 1416 0008 24B1     		cbz	r4, .L114
 1417              	.LVL105:
 1418              	.L112:
1488:Middlewares/Third_Party/FreeRTOS/Source/tasks.c **** 		}
 1419              		.loc 1 1488 4 is_stmt 1 view .LVU394
1488:Middlewares/Third_Party/FreeRTOS/Source/tasks.c **** 		}
 1420              		.loc 1 1488 13 is_stmt 0 view .LVU395
 1421 000a E46A     		ldr	r4, [r4, #44]
 1422              	.LVL106:
1490:Middlewares/Third_Party/FreeRTOS/Source/tasks.c **** 
 1423              		.loc 1 1490 3 is_stmt 1 view .LVU396
 1424 000c FFF7FEFF 		bl	vPortExitCritical
 1425              	.LVL107:
1492:Middlewares/Third_Party/FreeRTOS/Source/tasks.c **** 	}
 1426              		.loc 1 1492 3 view .LVU397
1493:Middlewares/Third_Party/FreeRTOS/Source/tasks.c **** 
 1427              		.loc 1 1493 2 is_stmt 0 view .LVU398
 1428 0010 2046     		mov	r0, r4
 1429 0012 10BD     		pop	{r4, pc}
 1430              	.LVL108:
 1431              	.L114:
1487:Middlewares/Third_Party/FreeRTOS/Source/tasks.c **** 			uxReturn = pxTCB->uxPriority;
 1432              		.loc 1 1487 12 discriminator 1 view .LVU399
 1433 0014 014B     		ldr	r3, .L115
 1434 0016 1C68     		ldr	r4, [r3]
 1435              	.LVL109:
1487:Middlewares/Third_Party/FreeRTOS/Source/tasks.c **** 			uxReturn = pxTCB->uxPriority;
 1436              		.loc 1 1487 12 discriminator 1 view .LVU400
 1437 0018 F7E7     		b	.L112
 1438              	.L116:
 1439 001a 00BF     		.align	2
 1440              	.L115:
ARM GAS  D:\TMP\ccFCmCnH.s 			page 128


 1441 001c 00000000 		.word	pxCurrentTCB
 1442              		.cfi_endproc
 1443              	.LFE12:
 1445              		.section	.text.uxTaskPriorityGetFromISR,"ax",%progbits
 1446              		.align	1
 1447              		.global	uxTaskPriorityGetFromISR
 1448              		.syntax unified
 1449              		.thumb
 1450              		.thumb_func
 1452              	uxTaskPriorityGetFromISR:
 1453              	.LVL110:
 1454              	.LFB13:
1501:Middlewares/Third_Party/FreeRTOS/Source/tasks.c **** 	TCB_t const *pxTCB;
 1455              		.loc 1 1501 2 is_stmt 1 view -0
 1456              		.cfi_startproc
 1457              		@ args = 0, pretend = 0, frame = 0
 1458              		@ frame_needed = 0, uses_anonymous_args = 0
1501:Middlewares/Third_Party/FreeRTOS/Source/tasks.c **** 	TCB_t const *pxTCB;
 1459              		.loc 1 1501 2 is_stmt 0 view .LVU402
 1460 0000 10B5     		push	{r4, lr}
 1461              	.LCFI14:
 1462              		.cfi_def_cfa_offset 8
 1463              		.cfi_offset 4, -8
 1464              		.cfi_offset 14, -4
 1465 0002 0446     		mov	r4, r0
1502:Middlewares/Third_Party/FreeRTOS/Source/tasks.c **** 	UBaseType_t uxReturn, uxSavedInterruptState;
 1466              		.loc 1 1502 2 is_stmt 1 view .LVU403
1503:Middlewares/Third_Party/FreeRTOS/Source/tasks.c **** 
 1467              		.loc 1 1503 2 view .LVU404
1521:Middlewares/Third_Party/FreeRTOS/Source/tasks.c **** 
 1468              		.loc 1 1521 3 view .LVU405
 1469 0004 FFF7FEFF 		bl	vPortValidateInterruptPriority
 1470              	.LVL111:
1523:Middlewares/Third_Party/FreeRTOS/Source/tasks.c **** 		{
 1471              		.loc 1 1523 3 view .LVU406
 1472              	.LBB120:
 1473              	.LBI120:
 198:Middlewares/Third_Party/FreeRTOS/Source/portable/GCC/ARM_CM3/portmacro.h **** 	(
 199:Middlewares/Third_Party/FreeRTOS/Source/portable/GCC/ARM_CM3/portmacro.h **** 		"	mov %0, %1												\n" \
 200:Middlewares/Third_Party/FreeRTOS/Source/portable/GCC/ARM_CM3/portmacro.h **** 		"	msr basepri, %0											\n" \
 201:Middlewares/Third_Party/FreeRTOS/Source/portable/GCC/ARM_CM3/portmacro.h **** 		"	isb														\n" \
 202:Middlewares/Third_Party/FreeRTOS/Source/portable/GCC/ARM_CM3/portmacro.h **** 		"	dsb														\n" \
 203:Middlewares/Third_Party/FreeRTOS/Source/portable/GCC/ARM_CM3/portmacro.h **** 		:"=r" (ulNewBASEPRI) : "i" ( configMAX_SYSCALL_INTERRUPT_PRIORITY ) : "memory"
 204:Middlewares/Third_Party/FreeRTOS/Source/portable/GCC/ARM_CM3/portmacro.h **** 	);
 205:Middlewares/Third_Party/FreeRTOS/Source/portable/GCC/ARM_CM3/portmacro.h **** }
 206:Middlewares/Third_Party/FreeRTOS/Source/portable/GCC/ARM_CM3/portmacro.h **** 
 207:Middlewares/Third_Party/FreeRTOS/Source/portable/GCC/ARM_CM3/portmacro.h **** /*-----------------------------------------------------------*/
 208:Middlewares/Third_Party/FreeRTOS/Source/portable/GCC/ARM_CM3/portmacro.h **** 
 209:Middlewares/Third_Party/FreeRTOS/Source/portable/GCC/ARM_CM3/portmacro.h **** portFORCE_INLINE static uint32_t ulPortRaiseBASEPRI( void )
 1474              		.loc 2 209 34 view .LVU407
 1475              	.LBB121:
 210:Middlewares/Third_Party/FreeRTOS/Source/portable/GCC/ARM_CM3/portmacro.h **** {
 211:Middlewares/Third_Party/FreeRTOS/Source/portable/GCC/ARM_CM3/portmacro.h **** uint32_t ulOriginalBASEPRI, ulNewBASEPRI;
 1476              		.loc 2 211 1 view .LVU408
 212:Middlewares/Third_Party/FreeRTOS/Source/portable/GCC/ARM_CM3/portmacro.h **** 
 213:Middlewares/Third_Party/FreeRTOS/Source/portable/GCC/ARM_CM3/portmacro.h **** 	__asm volatile
 1477              		.loc 2 213 2 view .LVU409
ARM GAS  D:\TMP\ccFCmCnH.s 			page 129


 1478              		.syntax unified
 1479              	@ 213 "Middlewares/Third_Party/FreeRTOS/Source/portable/GCC/ARM_CM3/portmacro.h" 1
 1480 0008 EFF31183 			mrs r3, basepri											
 1481 000c 4FF02002 		mov r2, #32												
 1482 0010 82F31188 		msr basepri, r2											
 1483 0014 BFF36F8F 		isb														
 1484 0018 BFF34F8F 		dsb														
 1485              	
 1486              	@ 0 "" 2
 1487              	.LVL112:
 214:Middlewares/Third_Party/FreeRTOS/Source/portable/GCC/ARM_CM3/portmacro.h **** 	(
 215:Middlewares/Third_Party/FreeRTOS/Source/portable/GCC/ARM_CM3/portmacro.h **** 		"	mrs %0, basepri											\n" \
 216:Middlewares/Third_Party/FreeRTOS/Source/portable/GCC/ARM_CM3/portmacro.h **** 		"	mov %1, %2												\n" \
 217:Middlewares/Third_Party/FreeRTOS/Source/portable/GCC/ARM_CM3/portmacro.h **** 		"	msr basepri, %1											\n" \
 218:Middlewares/Third_Party/FreeRTOS/Source/portable/GCC/ARM_CM3/portmacro.h **** 		"	isb														\n" \
 219:Middlewares/Third_Party/FreeRTOS/Source/portable/GCC/ARM_CM3/portmacro.h **** 		"	dsb														\n" \
 220:Middlewares/Third_Party/FreeRTOS/Source/portable/GCC/ARM_CM3/portmacro.h **** 		:"=r" (ulOriginalBASEPRI), "=r" (ulNewBASEPRI) : "i" ( configMAX_SYSCALL_INTERRUPT_PRIORITY ) : "
 221:Middlewares/Third_Party/FreeRTOS/Source/portable/GCC/ARM_CM3/portmacro.h **** 	);
 222:Middlewares/Third_Party/FreeRTOS/Source/portable/GCC/ARM_CM3/portmacro.h **** 
 223:Middlewares/Third_Party/FreeRTOS/Source/portable/GCC/ARM_CM3/portmacro.h **** 	/* This return will not be reached but is necessary to prevent compiler
 224:Middlewares/Third_Party/FreeRTOS/Source/portable/GCC/ARM_CM3/portmacro.h **** 	warnings. */
 225:Middlewares/Third_Party/FreeRTOS/Source/portable/GCC/ARM_CM3/portmacro.h **** 	return ulOriginalBASEPRI;
 1488              		.loc 2 225 2 view .LVU410
 1489              		.loc 2 225 2 is_stmt 0 view .LVU411
 1490              		.thumb
 1491              		.syntax unified
 1492              	.LBE121:
 1493              	.LBE120:
1527:Middlewares/Third_Party/FreeRTOS/Source/tasks.c **** 			uxReturn = pxTCB->uxPriority;
 1494              		.loc 1 1527 4 is_stmt 1 view .LVU412
1527:Middlewares/Third_Party/FreeRTOS/Source/tasks.c **** 			uxReturn = pxTCB->uxPriority;
 1495              		.loc 1 1527 12 is_stmt 0 view .LVU413
 1496 001c 1CB1     		cbz	r4, .L120
 1497              	.LVL113:
 1498              	.L118:
1528:Middlewares/Third_Party/FreeRTOS/Source/tasks.c **** 		}
 1499              		.loc 1 1528 4 is_stmt 1 view .LVU414
1528:Middlewares/Third_Party/FreeRTOS/Source/tasks.c **** 		}
 1500              		.loc 1 1528 13 is_stmt 0 view .LVU415
 1501 001e E06A     		ldr	r0, [r4, #44]
 1502              	.LVL114:
1530:Middlewares/Third_Party/FreeRTOS/Source/tasks.c **** 
 1503              		.loc 1 1530 3 is_stmt 1 view .LVU416
 1504              	.LBB122:
 1505              	.LBI122:
 226:Middlewares/Third_Party/FreeRTOS/Source/portable/GCC/ARM_CM3/portmacro.h **** }
 227:Middlewares/Third_Party/FreeRTOS/Source/portable/GCC/ARM_CM3/portmacro.h **** /*-----------------------------------------------------------*/
 228:Middlewares/Third_Party/FreeRTOS/Source/portable/GCC/ARM_CM3/portmacro.h **** 
 229:Middlewares/Third_Party/FreeRTOS/Source/portable/GCC/ARM_CM3/portmacro.h **** portFORCE_INLINE static void vPortSetBASEPRI( uint32_t ulNewMaskValue )
 1506              		.loc 2 229 30 view .LVU417
 1507              	.LBB123:
 230:Middlewares/Third_Party/FreeRTOS/Source/portable/GCC/ARM_CM3/portmacro.h **** {
 231:Middlewares/Third_Party/FreeRTOS/Source/portable/GCC/ARM_CM3/portmacro.h **** 	__asm volatile
 1508              		.loc 2 231 2 view .LVU418
 1509              		.syntax unified
 1510              	@ 231 "Middlewares/Third_Party/FreeRTOS/Source/portable/GCC/ARM_CM3/portmacro.h" 1
 1511 0020 83F31188 			msr basepri, r3	
ARM GAS  D:\TMP\ccFCmCnH.s 			page 130


 1512              	@ 0 "" 2
 1513              		.thumb
 1514              		.syntax unified
 1515              	.LBE123:
 1516              	.LBE122:
1532:Middlewares/Third_Party/FreeRTOS/Source/tasks.c **** 	}
 1517              		.loc 1 1532 3 view .LVU419
1533:Middlewares/Third_Party/FreeRTOS/Source/tasks.c **** 
 1518              		.loc 1 1533 2 is_stmt 0 view .LVU420
 1519 0024 10BD     		pop	{r4, pc}
 1520              	.LVL115:
 1521              	.L120:
1527:Middlewares/Third_Party/FreeRTOS/Source/tasks.c **** 			uxReturn = pxTCB->uxPriority;
 1522              		.loc 1 1527 12 discriminator 1 view .LVU421
 1523 0026 014A     		ldr	r2, .L121
 1524 0028 1468     		ldr	r4, [r2]
 1525              	.LVL116:
1527:Middlewares/Third_Party/FreeRTOS/Source/tasks.c **** 			uxReturn = pxTCB->uxPriority;
 1526              		.loc 1 1527 12 discriminator 1 view .LVU422
 1527 002a F8E7     		b	.L118
 1528              	.L122:
 1529              		.align	2
 1530              	.L121:
 1531 002c 00000000 		.word	pxCurrentTCB
 1532              		.cfi_endproc
 1533              	.LFE13:
 1535              		.section	.text.vTaskPrioritySet,"ax",%progbits
 1536              		.align	1
 1537              		.global	vTaskPrioritySet
 1538              		.syntax unified
 1539              		.thumb
 1540              		.thumb_func
 1542              	vTaskPrioritySet:
 1543              	.LVL117:
 1544              	.LFB14:
1541:Middlewares/Third_Party/FreeRTOS/Source/tasks.c **** 	TCB_t *pxTCB;
 1545              		.loc 1 1541 2 is_stmt 1 view -0
 1546              		.cfi_startproc
 1547              		@ args = 0, pretend = 0, frame = 0
 1548              		@ frame_needed = 0, uses_anonymous_args = 0
1541:Middlewares/Third_Party/FreeRTOS/Source/tasks.c **** 	TCB_t *pxTCB;
 1549              		.loc 1 1541 2 is_stmt 0 view .LVU424
 1550 0000 F8B5     		push	{r3, r4, r5, r6, r7, lr}
 1551              	.LCFI15:
 1552              		.cfi_def_cfa_offset 24
 1553              		.cfi_offset 3, -24
 1554              		.cfi_offset 4, -20
 1555              		.cfi_offset 5, -16
 1556              		.cfi_offset 6, -12
 1557              		.cfi_offset 7, -8
 1558              		.cfi_offset 14, -4
1542:Middlewares/Third_Party/FreeRTOS/Source/tasks.c **** 	UBaseType_t uxCurrentBasePriority, uxPriorityUsedOnEntry;
 1559              		.loc 1 1542 2 is_stmt 1 view .LVU425
1543:Middlewares/Third_Party/FreeRTOS/Source/tasks.c **** 	BaseType_t xYieldRequired = pdFALSE;
 1560              		.loc 1 1543 2 view .LVU426
1544:Middlewares/Third_Party/FreeRTOS/Source/tasks.c **** 
 1561              		.loc 1 1544 2 view .LVU427
ARM GAS  D:\TMP\ccFCmCnH.s 			page 131


 1562              	.LVL118:
1546:Middlewares/Third_Party/FreeRTOS/Source/tasks.c **** 
 1563              		.loc 1 1546 3 view .LVU428
 1564 0002 0629     		cmp	r1, #6
 1565 0004 08D9     		bls	.L124
1546:Middlewares/Third_Party/FreeRTOS/Source/tasks.c **** 
 1566              		.loc 1 1546 3 discriminator 1 view .LVU429
 1567              	.LBB124:
 1568              	.LBI124:
 193:Middlewares/Third_Party/FreeRTOS/Source/portable/GCC/ARM_CM3/portmacro.h **** {
 1569              		.loc 2 193 30 view .LVU430
 1570              	.LBB125:
 195:Middlewares/Third_Party/FreeRTOS/Source/portable/GCC/ARM_CM3/portmacro.h **** 
 1571              		.loc 2 195 1 view .LVU431
 197:Middlewares/Third_Party/FreeRTOS/Source/portable/GCC/ARM_CM3/portmacro.h **** 	(
 1572              		.loc 2 197 2 view .LVU432
 1573              		.syntax unified
 1574              	@ 197 "Middlewares/Third_Party/FreeRTOS/Source/portable/GCC/ARM_CM3/portmacro.h" 1
 1575 0006 4FF02003 			mov r3, #32												
 1576 000a 83F31188 		msr basepri, r3											
 1577 000e BFF36F8F 		isb														
 1578 0012 BFF34F8F 		dsb														
 1579              	
 1580              	@ 0 "" 2
 1581              		.thumb
 1582              		.syntax unified
 1583              	.L125:
 1584              	.LBE125:
 1585              	.LBE124:
1546:Middlewares/Third_Party/FreeRTOS/Source/tasks.c **** 
 1586              		.loc 1 1546 3 discriminator 3 view .LVU433
1546:Middlewares/Third_Party/FreeRTOS/Source/tasks.c **** 
 1587              		.loc 1 1546 3 discriminator 3 view .LVU434
1546:Middlewares/Third_Party/FreeRTOS/Source/tasks.c **** 
 1588              		.loc 1 1546 3 discriminator 3 view .LVU435
 1589 0016 FEE7     		b	.L125
 1590              	.L124:
 1591 0018 0546     		mov	r5, r0
 1592 001a 0C46     		mov	r4, r1
1546:Middlewares/Third_Party/FreeRTOS/Source/tasks.c **** 
 1593              		.loc 1 1546 59 discriminator 2 view .LVU436
1549:Middlewares/Third_Party/FreeRTOS/Source/tasks.c **** 		{
 1594              		.loc 1 1549 3 view .LVU437
 1595              	.LVL119:
1555:Middlewares/Third_Party/FreeRTOS/Source/tasks.c **** 		}
 1596              		.loc 1 1555 28 view .LVU438
1558:Middlewares/Third_Party/FreeRTOS/Source/tasks.c **** 		{
 1597              		.loc 1 1558 3 view .LVU439
 1598 001c FFF7FEFF 		bl	vPortEnterCritical
 1599              	.LVL120:
1562:Middlewares/Third_Party/FreeRTOS/Source/tasks.c **** 
 1600              		.loc 1 1562 4 view .LVU440
1562:Middlewares/Third_Party/FreeRTOS/Source/tasks.c **** 
 1601              		.loc 1 1562 12 is_stmt 0 view .LVU441
 1602 0020 75B1     		cbz	r5, .L138
 1603              	.LVL121:
 1604              	.L126:
ARM GAS  D:\TMP\ccFCmCnH.s 			page 132


1564:Middlewares/Third_Party/FreeRTOS/Source/tasks.c **** 
 1605              		.loc 1 1564 50 is_stmt 1 view .LVU442
1568:Middlewares/Third_Party/FreeRTOS/Source/tasks.c **** 			}
 1606              		.loc 1 1568 5 view .LVU443
1568:Middlewares/Third_Party/FreeRTOS/Source/tasks.c **** 			}
 1607              		.loc 1 1568 27 is_stmt 0 view .LVU444
 1608 0022 EB6C     		ldr	r3, [r5, #76]
 1609              	.LVL122:
1576:Middlewares/Third_Party/FreeRTOS/Source/tasks.c **** 			{
 1610              		.loc 1 1576 4 is_stmt 1 view .LVU445
1576:Middlewares/Third_Party/FreeRTOS/Source/tasks.c **** 			{
 1611              		.loc 1 1576 6 is_stmt 0 view .LVU446
 1612 0024 9C42     		cmp	r4, r3
 1613 0026 30D0     		beq	.L127
1580:Middlewares/Third_Party/FreeRTOS/Source/tasks.c **** 				{
 1614              		.loc 1 1580 5 is_stmt 1 view .LVU447
1580:Middlewares/Third_Party/FreeRTOS/Source/tasks.c **** 				{
 1615              		.loc 1 1580 7 is_stmt 0 view .LVU448
 1616 0028 0DD9     		bls	.L128
1582:Middlewares/Third_Party/FreeRTOS/Source/tasks.c **** 					{
 1617              		.loc 1 1582 6 is_stmt 1 view .LVU449
1582:Middlewares/Third_Party/FreeRTOS/Source/tasks.c **** 					{
 1618              		.loc 1 1582 16 is_stmt 0 view .LVU450
 1619 002a 2B4A     		ldr	r2, .L141
 1620 002c 1268     		ldr	r2, [r2]
1582:Middlewares/Third_Party/FreeRTOS/Source/tasks.c **** 					{
 1621              		.loc 1 1582 8 view .LVU451
 1622 002e AA42     		cmp	r2, r5
 1623 0030 2ED0     		beq	.L134
1587:Middlewares/Third_Party/FreeRTOS/Source/tasks.c **** 						{
 1624              		.loc 1 1587 7 is_stmt 1 view .LVU452
1587:Middlewares/Third_Party/FreeRTOS/Source/tasks.c **** 						{
 1625              		.loc 1 1587 40 is_stmt 0 view .LVU453
 1626 0032 294A     		ldr	r2, .L141
 1627 0034 1268     		ldr	r2, [r2]
 1628 0036 D26A     		ldr	r2, [r2, #44]
1587:Middlewares/Third_Party/FreeRTOS/Source/tasks.c **** 						{
 1629              		.loc 1 1587 9 view .LVU454
 1630 0038 A242     		cmp	r2, r4
 1631 003a 2BD9     		bls	.L135
1544:Middlewares/Third_Party/FreeRTOS/Source/tasks.c **** 
 1632              		.loc 1 1544 13 view .LVU455
 1633 003c 0027     		movs	r7, #0
 1634 003e 07E0     		b	.L129
 1635              	.LVL123:
 1636              	.L138:
1562:Middlewares/Third_Party/FreeRTOS/Source/tasks.c **** 
 1637              		.loc 1 1562 12 discriminator 1 view .LVU456
 1638 0040 254B     		ldr	r3, .L141
 1639 0042 1D68     		ldr	r5, [r3]
 1640              	.LVL124:
1562:Middlewares/Third_Party/FreeRTOS/Source/tasks.c **** 
 1641              		.loc 1 1562 12 discriminator 1 view .LVU457
 1642 0044 EDE7     		b	.L126
 1643              	.LVL125:
 1644              	.L128:
1603:Middlewares/Third_Party/FreeRTOS/Source/tasks.c **** 				{
ARM GAS  D:\TMP\ccFCmCnH.s 			page 133


 1645              		.loc 1 1603 10 is_stmt 1 view .LVU458
1603:Middlewares/Third_Party/FreeRTOS/Source/tasks.c **** 				{
 1646              		.loc 1 1603 20 is_stmt 0 view .LVU459
 1647 0046 244A     		ldr	r2, .L141
 1648 0048 1268     		ldr	r2, [r2]
1603:Middlewares/Third_Party/FreeRTOS/Source/tasks.c **** 				{
 1649              		.loc 1 1603 12 view .LVU460
 1650 004a AA42     		cmp	r2, r5
 1651 004c 24D0     		beq	.L136
1544:Middlewares/Third_Party/FreeRTOS/Source/tasks.c **** 
 1652              		.loc 1 1544 13 view .LVU461
 1653 004e 0027     		movs	r7, #0
 1654              	.L129:
 1655              	.LVL126:
1615:Middlewares/Third_Party/FreeRTOS/Source/tasks.c **** 
 1656              		.loc 1 1615 5 is_stmt 1 view .LVU462
1620:Middlewares/Third_Party/FreeRTOS/Source/tasks.c **** 
 1657              		.loc 1 1620 5 view .LVU463
1620:Middlewares/Third_Party/FreeRTOS/Source/tasks.c **** 
 1658              		.loc 1 1620 27 is_stmt 0 view .LVU464
 1659 0050 EE6A     		ldr	r6, [r5, #44]
 1660              	.LVL127:
1626:Middlewares/Third_Party/FreeRTOS/Source/tasks.c **** 					{
 1661              		.loc 1 1626 6 is_stmt 1 view .LVU465
1626:Middlewares/Third_Party/FreeRTOS/Source/tasks.c **** 					{
 1662              		.loc 1 1626 8 is_stmt 0 view .LVU466
 1663 0052 B342     		cmp	r3, r6
 1664 0054 22D0     		beq	.L139
 1665              	.L130:
1632:Middlewares/Third_Party/FreeRTOS/Source/tasks.c **** 					}
 1666              		.loc 1 1632 31 is_stmt 1 view .LVU467
1636:Middlewares/Third_Party/FreeRTOS/Source/tasks.c **** 				}
 1667              		.loc 1 1636 6 view .LVU468
1636:Middlewares/Third_Party/FreeRTOS/Source/tasks.c **** 				}
 1668              		.loc 1 1636 28 is_stmt 0 view .LVU469
 1669 0056 EC64     		str	r4, [r5, #76]
1646:Middlewares/Third_Party/FreeRTOS/Source/tasks.c **** 				{
 1670              		.loc 1 1646 5 is_stmt 1 view .LVU470
1646:Middlewares/Third_Party/FreeRTOS/Source/tasks.c **** 				{
 1671              		.loc 1 1646 11 is_stmt 0 view .LVU471
 1672 0058 AB69     		ldr	r3, [r5, #24]
 1673              	.LVL128:
1646:Middlewares/Third_Party/FreeRTOS/Source/tasks.c **** 				{
 1674              		.loc 1 1646 7 view .LVU472
 1675 005a 002B     		cmp	r3, #0
 1676 005c 02DB     		blt	.L131
1648:Middlewares/Third_Party/FreeRTOS/Source/tasks.c **** 				}
 1677              		.loc 1 1648 6 is_stmt 1 view .LVU473
 1678 005e C4F10704 		rsb	r4, r4, #7
 1679              	.LVL129:
1648:Middlewares/Third_Party/FreeRTOS/Source/tasks.c **** 				}
 1680              		.loc 1 1648 6 is_stmt 0 view .LVU474
 1681 0062 AC61     		str	r4, [r5, #24]
 1682              	.L131:
1652:Middlewares/Third_Party/FreeRTOS/Source/tasks.c **** 				}
 1683              		.loc 1 1652 30 is_stmt 1 view .LVU475
1659:Middlewares/Third_Party/FreeRTOS/Source/tasks.c **** 				{
ARM GAS  D:\TMP\ccFCmCnH.s 			page 134


 1684              		.loc 1 1659 5 view .LVU476
1659:Middlewares/Third_Party/FreeRTOS/Source/tasks.c **** 				{
 1685              		.loc 1 1659 9 is_stmt 0 view .LVU477
 1686 0064 6969     		ldr	r1, [r5, #20]
 1687 0066 06EB8602 		add	r2, r6, r6, lsl #2
 1688 006a 1C4B     		ldr	r3, .L141+4
 1689 006c 03EB8203 		add	r3, r3, r2, lsl #2
1659:Middlewares/Third_Party/FreeRTOS/Source/tasks.c **** 				{
 1690              		.loc 1 1659 7 view .LVU478
 1691 0070 9942     		cmp	r1, r3
 1692 0072 15D0     		beq	.L140
 1693              	.LVL130:
 1694              	.L132:
1679:Middlewares/Third_Party/FreeRTOS/Source/tasks.c **** 				}
 1695              		.loc 1 1679 30 is_stmt 1 view .LVU479
1682:Middlewares/Third_Party/FreeRTOS/Source/tasks.c **** 				{
 1696              		.loc 1 1682 5 view .LVU480
1682:Middlewares/Third_Party/FreeRTOS/Source/tasks.c **** 				{
 1697              		.loc 1 1682 7 is_stmt 0 view .LVU481
 1698 0074 4FB1     		cbz	r7, .L127
1684:Middlewares/Third_Party/FreeRTOS/Source/tasks.c **** 				}
 1699              		.loc 1 1684 6 is_stmt 1 view .LVU482
 1700 0076 4FF0E023 		mov	r3, #-536813568
 1701 007a 4FF08052 		mov	r2, #268435456
 1702 007e C3F8042D 		str	r2, [r3, #3332]
1684:Middlewares/Third_Party/FreeRTOS/Source/tasks.c **** 				}
 1703              		.loc 1 1684 6 view .LVU483
 1704              		.syntax unified
 1705              	@ 1684 "Middlewares/Third_Party/FreeRTOS/Source/tasks.c" 1
 1706 0082 BFF34F8F 		dsb
 1707              	@ 0 "" 2
1684:Middlewares/Third_Party/FreeRTOS/Source/tasks.c **** 				}
 1708              		.loc 1 1684 6 view .LVU484
 1709              	@ 1684 "Middlewares/Third_Party/FreeRTOS/Source/tasks.c" 1
 1710 0086 BFF36F8F 		isb
 1711              	@ 0 "" 2
1684:Middlewares/Third_Party/FreeRTOS/Source/tasks.c **** 				}
 1712              		.loc 1 1684 37 view .LVU485
 1713              	.LVL131:
 1714              		.thumb
 1715              		.syntax unified
 1716              	.L127:
1688:Middlewares/Third_Party/FreeRTOS/Source/tasks.c **** 				}
 1717              		.loc 1 1688 30 view .LVU486
1693:Middlewares/Third_Party/FreeRTOS/Source/tasks.c **** 			}
 1718              		.loc 1 1693 5 view .LVU487
1696:Middlewares/Third_Party/FreeRTOS/Source/tasks.c **** 	}
 1719              		.loc 1 1696 3 view .LVU488
 1720 008a FFF7FEFF 		bl	vPortExitCritical
 1721              	.LVL132:
1697:Middlewares/Third_Party/FreeRTOS/Source/tasks.c **** 
 1722              		.loc 1 1697 2 is_stmt 0 view .LVU489
 1723 008e F8BD     		pop	{r3, r4, r5, r6, r7, pc}
 1724              	.LVL133:
 1725              	.L134:
1544:Middlewares/Third_Party/FreeRTOS/Source/tasks.c **** 
 1726              		.loc 1 1544 13 view .LVU490
ARM GAS  D:\TMP\ccFCmCnH.s 			page 135


 1727 0090 0027     		movs	r7, #0
 1728 0092 DDE7     		b	.L129
 1729              	.L135:
1589:Middlewares/Third_Party/FreeRTOS/Source/tasks.c **** 						}
 1730              		.loc 1 1589 23 view .LVU491
 1731 0094 0127     		movs	r7, #1
 1732 0096 DBE7     		b	.L129
 1733              	.L136:
1608:Middlewares/Third_Party/FreeRTOS/Source/tasks.c **** 				}
 1734              		.loc 1 1608 21 view .LVU492
 1735 0098 0127     		movs	r7, #1
 1736 009a D9E7     		b	.L129
 1737              	.LVL134:
 1738              	.L139:
1628:Middlewares/Third_Party/FreeRTOS/Source/tasks.c **** 					}
 1739              		.loc 1 1628 7 is_stmt 1 view .LVU493
1628:Middlewares/Third_Party/FreeRTOS/Source/tasks.c **** 					}
 1740              		.loc 1 1628 25 is_stmt 0 view .LVU494
 1741 009c EC62     		str	r4, [r5, #44]
 1742 009e DAE7     		b	.L130
 1743              	.LVL135:
 1744              	.L140:
1664:Middlewares/Third_Party/FreeRTOS/Source/tasks.c **** 					{
 1745              		.loc 1 1664 6 is_stmt 1 view .LVU495
1664:Middlewares/Third_Party/FreeRTOS/Source/tasks.c **** 					{
 1746              		.loc 1 1664 10 is_stmt 0 view .LVU496
 1747 00a0 2C1D     		adds	r4, r5, #4
 1748 00a2 2046     		mov	r0, r4
 1749 00a4 FFF7FEFF 		bl	uxListRemove
 1750              	.LVL136:
1664:Middlewares/Third_Party/FreeRTOS/Source/tasks.c **** 					{
 1751              		.loc 1 1664 8 discriminator 1 view .LVU497
 1752 00a8 30B9     		cbnz	r0, .L133
1669:Middlewares/Third_Party/FreeRTOS/Source/tasks.c **** 					}
 1753              		.loc 1 1669 7 is_stmt 1 view .LVU498
 1754 00aa 0122     		movs	r2, #1
 1755 00ac B240     		lsls	r2, r2, r6
 1756 00ae 0C49     		ldr	r1, .L141+8
 1757 00b0 0B68     		ldr	r3, [r1]
 1758 00b2 23EA0203 		bic	r3, r3, r2
 1759 00b6 0B60     		str	r3, [r1]
 1760              	.L133:
1673:Middlewares/Third_Party/FreeRTOS/Source/tasks.c **** 					}
 1761              		.loc 1 1673 31 view .LVU499
1675:Middlewares/Third_Party/FreeRTOS/Source/tasks.c **** 				}
 1762              		.loc 1 1675 6 view .LVU500
1675:Middlewares/Third_Party/FreeRTOS/Source/tasks.c **** 				}
 1763              		.loc 1 1675 6 view .LVU501
 1764 00b8 E86A     		ldr	r0, [r5, #44]
 1765 00ba 0123     		movs	r3, #1
 1766 00bc 8340     		lsls	r3, r3, r0
 1767 00be 084A     		ldr	r2, .L141+8
 1768 00c0 1168     		ldr	r1, [r2]
 1769 00c2 0B43     		orrs	r3, r3, r1
 1770 00c4 1360     		str	r3, [r2]
1675:Middlewares/Third_Party/FreeRTOS/Source/tasks.c **** 				}
 1771              		.loc 1 1675 6 view .LVU502
ARM GAS  D:\TMP\ccFCmCnH.s 			page 136


 1772 00c6 00EB8000 		add	r0, r0, r0, lsl #2
 1773 00ca 2146     		mov	r1, r4
 1774 00cc 034B     		ldr	r3, .L141+4
 1775 00ce 03EB8000 		add	r0, r3, r0, lsl #2
 1776 00d2 FFF7FEFF 		bl	vListInsertEnd
 1777              	.LVL137:
1675:Middlewares/Third_Party/FreeRTOS/Source/tasks.c **** 				}
 1778              		.loc 1 1675 36 discriminator 1 view .LVU503
 1779 00d6 CDE7     		b	.L132
 1780              	.L142:
 1781              		.align	2
 1782              	.L141:
 1783 00d8 00000000 		.word	pxCurrentTCB
 1784 00dc 00000000 		.word	pxReadyTasksLists
 1785 00e0 00000000 		.word	uxTopReadyPriority
 1786              		.cfi_endproc
 1787              	.LFE14:
 1789              		.section	.text.vTaskResume,"ax",%progbits
 1790              		.align	1
 1791              		.global	vTaskResume
 1792              		.syntax unified
 1793              		.thumb
 1794              		.thumb_func
 1796              	vTaskResume:
 1797              	.LVL138:
 1798              	.LFB17:
1852:Middlewares/Third_Party/FreeRTOS/Source/tasks.c **** 	TCB_t * const pxTCB = xTaskToResume;
 1799              		.loc 1 1852 2 view -0
 1800              		.cfi_startproc
 1801              		@ args = 0, pretend = 0, frame = 0
 1802              		@ frame_needed = 0, uses_anonymous_args = 0
1852:Middlewares/Third_Party/FreeRTOS/Source/tasks.c **** 	TCB_t * const pxTCB = xTaskToResume;
 1803              		.loc 1 1852 2 is_stmt 0 view .LVU505
 1804 0000 38B5     		push	{r3, r4, r5, lr}
 1805              	.LCFI16:
 1806              		.cfi_def_cfa_offset 16
 1807              		.cfi_offset 3, -16
 1808              		.cfi_offset 4, -12
 1809              		.cfi_offset 5, -8
 1810              		.cfi_offset 14, -4
1853:Middlewares/Third_Party/FreeRTOS/Source/tasks.c **** 
 1811              		.loc 1 1853 2 is_stmt 1 view .LVU506
 1812              	.LVL139:
1856:Middlewares/Third_Party/FreeRTOS/Source/tasks.c **** 
 1813              		.loc 1 1856 3 view .LVU507
 1814 0002 68B1     		cbz	r0, .L149
 1815 0004 0446     		mov	r4, r0
1856:Middlewares/Third_Party/FreeRTOS/Source/tasks.c **** 
 1816              		.loc 1 1856 32 discriminator 2 view .LVU508
1860:Middlewares/Third_Party/FreeRTOS/Source/tasks.c **** 		{
 1817              		.loc 1 1860 3 view .LVU509
1860:Middlewares/Third_Party/FreeRTOS/Source/tasks.c **** 		{
 1818              		.loc 1 1860 15 is_stmt 0 view .LVU510
 1819 0006 1D4B     		ldr	r3, .L151
 1820 0008 1B68     		ldr	r3, [r3]
1860:Middlewares/Third_Party/FreeRTOS/Source/tasks.c **** 		{
 1821              		.loc 1 1860 5 view .LVU511
ARM GAS  D:\TMP\ccFCmCnH.s 			page 137


 1822 000a 8342     		cmp	r3, r0
 1823 000c 07D0     		beq	.L143
1862:Middlewares/Third_Party/FreeRTOS/Source/tasks.c **** 			{
 1824              		.loc 1 1862 4 is_stmt 1 view .LVU512
 1825 000e FFF7FEFF 		bl	vPortEnterCritical
 1826              	.LVL140:
1864:Middlewares/Third_Party/FreeRTOS/Source/tasks.c **** 				{
 1827              		.loc 1 1864 5 view .LVU513
1864:Middlewares/Third_Party/FreeRTOS/Source/tasks.c **** 				{
 1828              		.loc 1 1864 9 is_stmt 0 view .LVU514
 1829 0012 2046     		mov	r0, r4
 1830 0014 FFF7FEFF 		bl	prvTaskIsTaskSuspended
 1831              	.LVL141:
1864:Middlewares/Third_Party/FreeRTOS/Source/tasks.c **** 				{
 1832              		.loc 1 1864 7 discriminator 1 view .LVU515
 1833 0018 58B9     		cbnz	r0, .L150
 1834              	.L147:
1888:Middlewares/Third_Party/FreeRTOS/Source/tasks.c **** 				}
 1835              		.loc 1 1888 30 is_stmt 1 view .LVU516
1891:Middlewares/Third_Party/FreeRTOS/Source/tasks.c **** 		}
 1836              		.loc 1 1891 4 view .LVU517
 1837 001a FFF7FEFF 		bl	vPortExitCritical
 1838              	.LVL142:
1895:Middlewares/Third_Party/FreeRTOS/Source/tasks.c **** 		}
 1839              		.loc 1 1895 28 view .LVU518
 1840              	.L143:
1897:Middlewares/Third_Party/FreeRTOS/Source/tasks.c **** 
 1841              		.loc 1 1897 2 is_stmt 0 view .LVU519
 1842 001e 38BD     		pop	{r3, r4, r5, pc}
 1843              	.LVL143:
 1844              	.L149:
1856:Middlewares/Third_Party/FreeRTOS/Source/tasks.c **** 
 1845              		.loc 1 1856 3 is_stmt 1 discriminator 1 view .LVU520
 1846              	.LBB126:
 1847              	.LBI126:
 193:Middlewares/Third_Party/FreeRTOS/Source/portable/GCC/ARM_CM3/portmacro.h **** {
 1848              		.loc 2 193 30 view .LVU521
 1849              	.LBB127:
 195:Middlewares/Third_Party/FreeRTOS/Source/portable/GCC/ARM_CM3/portmacro.h **** 
 1850              		.loc 2 195 1 view .LVU522
 197:Middlewares/Third_Party/FreeRTOS/Source/portable/GCC/ARM_CM3/portmacro.h **** 	(
 1851              		.loc 2 197 2 view .LVU523
 1852              		.syntax unified
 1853              	@ 197 "Middlewares/Third_Party/FreeRTOS/Source/portable/GCC/ARM_CM3/portmacro.h" 1
 1854 0020 4FF02003 			mov r3, #32												
 1855 0024 83F31188 		msr basepri, r3											
 1856 0028 BFF36F8F 		isb														
 1857 002c BFF34F8F 		dsb														
 1858              	
 1859              	@ 0 "" 2
 1860              		.thumb
 1861              		.syntax unified
 1862              	.L145:
 1863              	.LBE127:
 1864              	.LBE126:
1856:Middlewares/Third_Party/FreeRTOS/Source/tasks.c **** 
 1865              		.loc 1 1856 3 discriminator 3 view .LVU524
ARM GAS  D:\TMP\ccFCmCnH.s 			page 138


1856:Middlewares/Third_Party/FreeRTOS/Source/tasks.c **** 
 1866              		.loc 1 1856 3 discriminator 3 view .LVU525
1856:Middlewares/Third_Party/FreeRTOS/Source/tasks.c **** 
 1867              		.loc 1 1856 3 discriminator 3 view .LVU526
 1868 0030 FEE7     		b	.L145
 1869              	.LVL144:
 1870              	.L150:
1866:Middlewares/Third_Party/FreeRTOS/Source/tasks.c **** 
 1871              		.loc 1 1866 31 view .LVU527
1870:Middlewares/Third_Party/FreeRTOS/Source/tasks.c **** 					prvAddTaskToReadyList( pxTCB );
 1872              		.loc 1 1870 6 view .LVU528
1870:Middlewares/Third_Party/FreeRTOS/Source/tasks.c **** 					prvAddTaskToReadyList( pxTCB );
 1873              		.loc 1 1870 15 is_stmt 0 view .LVU529
 1874 0032 251D     		adds	r5, r4, #4
 1875 0034 2846     		mov	r0, r5
 1876 0036 FFF7FEFF 		bl	uxListRemove
 1877              	.LVL145:
1871:Middlewares/Third_Party/FreeRTOS/Source/tasks.c **** 
 1878              		.loc 1 1871 6 is_stmt 1 view .LVU530
1871:Middlewares/Third_Party/FreeRTOS/Source/tasks.c **** 
 1879              		.loc 1 1871 6 view .LVU531
 1880 003a E06A     		ldr	r0, [r4, #44]
 1881 003c 0123     		movs	r3, #1
 1882 003e 8340     		lsls	r3, r3, r0
 1883 0040 0F4A     		ldr	r2, .L151+4
 1884 0042 1168     		ldr	r1, [r2]
 1885 0044 0B43     		orrs	r3, r3, r1
 1886 0046 1360     		str	r3, [r2]
1871:Middlewares/Third_Party/FreeRTOS/Source/tasks.c **** 
 1887              		.loc 1 1871 6 view .LVU532
 1888 0048 00EB8000 		add	r0, r0, r0, lsl #2
 1889 004c 2946     		mov	r1, r5
 1890 004e 0D4B     		ldr	r3, .L151+8
 1891 0050 03EB8000 		add	r0, r3, r0, lsl #2
 1892 0054 FFF7FEFF 		bl	vListInsertEnd
 1893              	.LVL146:
1871:Middlewares/Third_Party/FreeRTOS/Source/tasks.c **** 
 1894              		.loc 1 1871 36 discriminator 1 view .LVU533
1874:Middlewares/Third_Party/FreeRTOS/Source/tasks.c **** 					{
 1895              		.loc 1 1874 6 view .LVU534
1874:Middlewares/Third_Party/FreeRTOS/Source/tasks.c **** 					{
 1896              		.loc 1 1874 15 is_stmt 0 view .LVU535
 1897 0058 E26A     		ldr	r2, [r4, #44]
1874:Middlewares/Third_Party/FreeRTOS/Source/tasks.c **** 					{
 1898              		.loc 1 1874 43 view .LVU536
 1899 005a 084B     		ldr	r3, .L151
 1900 005c 1B68     		ldr	r3, [r3]
 1901 005e DB6A     		ldr	r3, [r3, #44]
1874:Middlewares/Third_Party/FreeRTOS/Source/tasks.c **** 					{
 1902              		.loc 1 1874 8 view .LVU537
 1903 0060 9A42     		cmp	r2, r3
 1904 0062 DAD3     		bcc	.L147
1879:Middlewares/Third_Party/FreeRTOS/Source/tasks.c **** 					}
 1905              		.loc 1 1879 7 is_stmt 1 view .LVU538
 1906 0064 4FF0E023 		mov	r3, #-536813568
 1907 0068 4FF08052 		mov	r2, #268435456
 1908 006c C3F8042D 		str	r2, [r3, #3332]
ARM GAS  D:\TMP\ccFCmCnH.s 			page 139


1879:Middlewares/Third_Party/FreeRTOS/Source/tasks.c **** 					}
 1909              		.loc 1 1879 7 view .LVU539
 1910              		.syntax unified
 1911              	@ 1879 "Middlewares/Third_Party/FreeRTOS/Source/tasks.c" 1
 1912 0070 BFF34F8F 		dsb
 1913              	@ 0 "" 2
1879:Middlewares/Third_Party/FreeRTOS/Source/tasks.c **** 					}
 1914              		.loc 1 1879 7 view .LVU540
 1915              	@ 1879 "Middlewares/Third_Party/FreeRTOS/Source/tasks.c" 1
 1916 0074 BFF36F8F 		isb
 1917              	@ 0 "" 2
1879:Middlewares/Third_Party/FreeRTOS/Source/tasks.c **** 					}
 1918              		.loc 1 1879 38 view .LVU541
 1919              		.thumb
 1920              		.syntax unified
 1921 0078 CFE7     		b	.L147
 1922              	.L152:
 1923 007a 00BF     		.align	2
 1924              	.L151:
 1925 007c 00000000 		.word	pxCurrentTCB
 1926 0080 00000000 		.word	uxTopReadyPriority
 1927 0084 00000000 		.word	pxReadyTasksLists
 1928              		.cfi_endproc
 1929              	.LFE17:
 1931              		.section	.text.xTaskResumeFromISR,"ax",%progbits
 1932              		.align	1
 1933              		.global	xTaskResumeFromISR
 1934              		.syntax unified
 1935              		.thumb
 1936              		.thumb_func
 1938              	xTaskResumeFromISR:
 1939              	.LVL147:
 1940              	.LFB18:
1906:Middlewares/Third_Party/FreeRTOS/Source/tasks.c **** 	BaseType_t xYieldRequired = pdFALSE;
 1941              		.loc 1 1906 2 view -0
 1942              		.cfi_startproc
 1943              		@ args = 0, pretend = 0, frame = 0
 1944              		@ frame_needed = 0, uses_anonymous_args = 0
1906:Middlewares/Third_Party/FreeRTOS/Source/tasks.c **** 	BaseType_t xYieldRequired = pdFALSE;
 1945              		.loc 1 1906 2 is_stmt 0 view .LVU543
 1946 0000 F8B5     		push	{r3, r4, r5, r6, r7, lr}
 1947              	.LCFI17:
 1948              		.cfi_def_cfa_offset 24
 1949              		.cfi_offset 3, -24
 1950              		.cfi_offset 4, -20
 1951              		.cfi_offset 5, -16
 1952              		.cfi_offset 6, -12
 1953              		.cfi_offset 7, -8
 1954              		.cfi_offset 14, -4
1907:Middlewares/Third_Party/FreeRTOS/Source/tasks.c **** 	TCB_t * const pxTCB = xTaskToResume;
 1955              		.loc 1 1907 2 is_stmt 1 view .LVU544
 1956              	.LVL148:
1908:Middlewares/Third_Party/FreeRTOS/Source/tasks.c **** 	UBaseType_t uxSavedInterruptStatus;
 1957              		.loc 1 1908 2 view .LVU545
1909:Middlewares/Third_Party/FreeRTOS/Source/tasks.c **** 
 1958              		.loc 1 1909 2 view .LVU546
1911:Middlewares/Third_Party/FreeRTOS/Source/tasks.c **** 
ARM GAS  D:\TMP\ccFCmCnH.s 			page 140


 1959              		.loc 1 1911 3 view .LVU547
 1960 0002 90B3     		cbz	r0, .L161
 1961 0004 0546     		mov	r5, r0
1911:Middlewares/Third_Party/FreeRTOS/Source/tasks.c **** 
 1962              		.loc 1 1911 32 discriminator 2 view .LVU548
1929:Middlewares/Third_Party/FreeRTOS/Source/tasks.c **** 
 1963              		.loc 1 1929 3 view .LVU549
 1964 0006 FFF7FEFF 		bl	vPortValidateInterruptPriority
 1965              	.LVL149:
1931:Middlewares/Third_Party/FreeRTOS/Source/tasks.c **** 		{
 1966              		.loc 1 1931 3 view .LVU550
 1967              	.LBB128:
 1968              	.LBI128:
 209:Middlewares/Third_Party/FreeRTOS/Source/portable/GCC/ARM_CM3/portmacro.h **** {
 1969              		.loc 2 209 34 view .LVU551
 1970              	.LBB129:
 211:Middlewares/Third_Party/FreeRTOS/Source/portable/GCC/ARM_CM3/portmacro.h **** 
 1971              		.loc 2 211 1 view .LVU552
 213:Middlewares/Third_Party/FreeRTOS/Source/portable/GCC/ARM_CM3/portmacro.h **** 	(
 1972              		.loc 2 213 2 view .LVU553
 1973              		.syntax unified
 1974              	@ 213 "Middlewares/Third_Party/FreeRTOS/Source/portable/GCC/ARM_CM3/portmacro.h" 1
 1975 000a EFF31184 			mrs r4, basepri											
 1976 000e 4FF02003 		mov r3, #32												
 1977 0012 83F31188 		msr basepri, r3											
 1978 0016 BFF36F8F 		isb														
 1979 001a BFF34F8F 		dsb														
 1980              	
 1981              	@ 0 "" 2
 1982              	.LVL150:
 225:Middlewares/Third_Party/FreeRTOS/Source/portable/GCC/ARM_CM3/portmacro.h **** }
 1983              		.loc 2 225 2 view .LVU554
 225:Middlewares/Third_Party/FreeRTOS/Source/portable/GCC/ARM_CM3/portmacro.h **** }
 1984              		.loc 2 225 2 is_stmt 0 view .LVU555
 1985              		.thumb
 1986              		.syntax unified
 1987              	.LBE129:
 1988              	.LBE128:
1933:Middlewares/Third_Party/FreeRTOS/Source/tasks.c **** 			{
 1989              		.loc 1 1933 4 is_stmt 1 view .LVU556
1933:Middlewares/Third_Party/FreeRTOS/Source/tasks.c **** 			{
 1990              		.loc 1 1933 8 is_stmt 0 view .LVU557
 1991 001e 2846     		mov	r0, r5
 1992 0020 FFF7FEFF 		bl	prvTaskIsTaskSuspended
 1993              	.LVL151:
1933:Middlewares/Third_Party/FreeRTOS/Source/tasks.c **** 			{
 1994              		.loc 1 1933 6 discriminator 1 view .LVU558
 1995 0024 0646     		mov	r6, r0
 1996 0026 E0B1     		cbz	r0, .L156
1935:Middlewares/Third_Party/FreeRTOS/Source/tasks.c **** 
 1997              		.loc 1 1935 39 is_stmt 1 view .LVU559
1938:Middlewares/Third_Party/FreeRTOS/Source/tasks.c **** 				{
 1998              		.loc 1 1938 5 view .LVU560
1938:Middlewares/Third_Party/FreeRTOS/Source/tasks.c **** 				{
 1999              		.loc 1 1938 30 is_stmt 0 view .LVU561
 2000 0028 194B     		ldr	r3, .L162
 2001 002a 1B68     		ldr	r3, [r3]
ARM GAS  D:\TMP\ccFCmCnH.s 			page 141


1938:Middlewares/Third_Party/FreeRTOS/Source/tasks.c **** 				{
 2002              		.loc 1 1938 7 view .LVU562
 2003 002c 43BB     		cbnz	r3, .L157
1942:Middlewares/Third_Party/FreeRTOS/Source/tasks.c **** 					{
 2004              		.loc 1 1942 6 is_stmt 1 view .LVU563
1942:Middlewares/Third_Party/FreeRTOS/Source/tasks.c **** 					{
 2005              		.loc 1 1942 15 is_stmt 0 view .LVU564
 2006 002e EA6A     		ldr	r2, [r5, #44]
1942:Middlewares/Third_Party/FreeRTOS/Source/tasks.c **** 					{
 2007              		.loc 1 1942 43 view .LVU565
 2008 0030 184B     		ldr	r3, .L162+4
 2009 0032 1B68     		ldr	r3, [r3]
 2010 0034 DB6A     		ldr	r3, [r3, #44]
1942:Middlewares/Third_Party/FreeRTOS/Source/tasks.c **** 					{
 2011              		.loc 1 1942 8 view .LVU566
 2012 0036 9A42     		cmp	r2, r3
 2013 0038 20D2     		bcs	.L159
1907:Middlewares/Third_Party/FreeRTOS/Source/tasks.c **** 	TCB_t * const pxTCB = xTaskToResume;
 2014              		.loc 1 1907 13 view .LVU567
 2015 003a 0026     		movs	r6, #0
 2016              	.L158:
 2017              	.LVL152:
1948:Middlewares/Third_Party/FreeRTOS/Source/tasks.c **** 					}
 2018              		.loc 1 1948 31 is_stmt 1 view .LVU568
1951:Middlewares/Third_Party/FreeRTOS/Source/tasks.c **** 					prvAddTaskToReadyList( pxTCB );
 2019              		.loc 1 1951 6 view .LVU569
1951:Middlewares/Third_Party/FreeRTOS/Source/tasks.c **** 					prvAddTaskToReadyList( pxTCB );
 2020              		.loc 1 1951 15 is_stmt 0 view .LVU570
 2021 003c 2F1D     		adds	r7, r5, #4
 2022 003e 3846     		mov	r0, r7
 2023 0040 FFF7FEFF 		bl	uxListRemove
 2024              	.LVL153:
1952:Middlewares/Third_Party/FreeRTOS/Source/tasks.c **** 				}
 2025              		.loc 1 1952 6 is_stmt 1 view .LVU571
1952:Middlewares/Third_Party/FreeRTOS/Source/tasks.c **** 				}
 2026              		.loc 1 1952 6 view .LVU572
 2027 0044 E86A     		ldr	r0, [r5, #44]
 2028 0046 0123     		movs	r3, #1
 2029 0048 8340     		lsls	r3, r3, r0
 2030 004a 134A     		ldr	r2, .L162+8
 2031 004c 1168     		ldr	r1, [r2]
 2032 004e 0B43     		orrs	r3, r3, r1
 2033 0050 1360     		str	r3, [r2]
1952:Middlewares/Third_Party/FreeRTOS/Source/tasks.c **** 				}
 2034              		.loc 1 1952 6 view .LVU573
 2035 0052 00EB8000 		add	r0, r0, r0, lsl #2
 2036 0056 3946     		mov	r1, r7
 2037 0058 104B     		ldr	r3, .L162+12
 2038 005a 03EB8000 		add	r0, r3, r0, lsl #2
 2039 005e FFF7FEFF 		bl	vListInsertEnd
 2040              	.LVL154:
1952:Middlewares/Third_Party/FreeRTOS/Source/tasks.c **** 				}
 2041              		.loc 1 1952 36 discriminator 1 view .LVU574
 2042              	.L156:
1964:Middlewares/Third_Party/FreeRTOS/Source/tasks.c **** 			}
 2043              		.loc 1 1964 29 view .LVU575
1967:Middlewares/Third_Party/FreeRTOS/Source/tasks.c **** 
ARM GAS  D:\TMP\ccFCmCnH.s 			page 142


 2044              		.loc 1 1967 3 view .LVU576
 2045              	.LBB130:
 2046              	.LBI130:
 229:Middlewares/Third_Party/FreeRTOS/Source/portable/GCC/ARM_CM3/portmacro.h **** {
 2047              		.loc 2 229 30 view .LVU577
 2048              	.LBB131:
 2049              		.loc 2 231 2 view .LVU578
 2050              		.syntax unified
 2051              	@ 231 "Middlewares/Third_Party/FreeRTOS/Source/portable/GCC/ARM_CM3/portmacro.h" 1
 2052 0062 84F31188 			msr basepri, r4	
 2053              	@ 0 "" 2
 2054              		.thumb
 2055              		.syntax unified
 2056              	.LBE131:
 2057              	.LBE130:
1969:Middlewares/Third_Party/FreeRTOS/Source/tasks.c **** 	}
 2058              		.loc 1 1969 3 view .LVU579
1970:Middlewares/Third_Party/FreeRTOS/Source/tasks.c **** 
 2059              		.loc 1 1970 2 is_stmt 0 view .LVU580
 2060 0066 3046     		mov	r0, r6
 2061 0068 F8BD     		pop	{r3, r4, r5, r6, r7, pc}
 2062              	.LVL155:
 2063              	.L161:
1911:Middlewares/Third_Party/FreeRTOS/Source/tasks.c **** 
 2064              		.loc 1 1911 3 is_stmt 1 discriminator 1 view .LVU581
 2065              	.LBB132:
 2066              	.LBI132:
 193:Middlewares/Third_Party/FreeRTOS/Source/portable/GCC/ARM_CM3/portmacro.h **** {
 2067              		.loc 2 193 30 view .LVU582
 2068              	.LBB133:
 195:Middlewares/Third_Party/FreeRTOS/Source/portable/GCC/ARM_CM3/portmacro.h **** 
 2069              		.loc 2 195 1 view .LVU583
 197:Middlewares/Third_Party/FreeRTOS/Source/portable/GCC/ARM_CM3/portmacro.h **** 	(
 2070              		.loc 2 197 2 view .LVU584
 2071              		.syntax unified
 2072              	@ 197 "Middlewares/Third_Party/FreeRTOS/Source/portable/GCC/ARM_CM3/portmacro.h" 1
 2073 006a 4FF02003 			mov r3, #32												
 2074 006e 83F31188 		msr basepri, r3											
 2075 0072 BFF36F8F 		isb														
 2076 0076 BFF34F8F 		dsb														
 2077              	
 2078              	@ 0 "" 2
 2079              		.thumb
 2080              		.syntax unified
 2081              	.L155:
 2082              	.LBE133:
 2083              	.LBE132:
1911:Middlewares/Third_Party/FreeRTOS/Source/tasks.c **** 
 2084              		.loc 1 1911 3 discriminator 3 view .LVU585
1911:Middlewares/Third_Party/FreeRTOS/Source/tasks.c **** 
 2085              		.loc 1 1911 3 discriminator 3 view .LVU586
1911:Middlewares/Third_Party/FreeRTOS/Source/tasks.c **** 
 2086              		.loc 1 1911 3 discriminator 3 view .LVU587
 2087 007a FEE7     		b	.L155
 2088              	.LVL156:
 2089              	.L159:
1944:Middlewares/Third_Party/FreeRTOS/Source/tasks.c **** 					}
ARM GAS  D:\TMP\ccFCmCnH.s 			page 143


 2090              		.loc 1 1944 22 is_stmt 0 view .LVU588
 2091 007c 0126     		movs	r6, #1
 2092 007e DDE7     		b	.L158
 2093              	.L157:
1959:Middlewares/Third_Party/FreeRTOS/Source/tasks.c **** 				}
 2094              		.loc 1 1959 6 is_stmt 1 view .LVU589
 2095 0080 05F11801 		add	r1, r5, #24
 2096 0084 0648     		ldr	r0, .L162+16
 2097 0086 FFF7FEFF 		bl	vListInsertEnd
 2098              	.LVL157:
1907:Middlewares/Third_Party/FreeRTOS/Source/tasks.c **** 	TCB_t * const pxTCB = xTaskToResume;
 2099              		.loc 1 1907 13 is_stmt 0 view .LVU590
 2100 008a 0026     		movs	r6, #0
 2101 008c E9E7     		b	.L156
 2102              	.L163:
 2103 008e 00BF     		.align	2
 2104              	.L162:
 2105 0090 00000000 		.word	uxSchedulerSuspended
 2106 0094 00000000 		.word	pxCurrentTCB
 2107 0098 00000000 		.word	uxTopReadyPriority
 2108 009c 00000000 		.word	pxReadyTasksLists
 2109 00a0 00000000 		.word	xPendingReadyList
 2110              		.cfi_endproc
 2111              	.LFE18:
 2113              		.section	.rodata.vTaskStartScheduler.str1.4,"aMS",%progbits,1
 2114              		.align	2
 2115              	.LC0:
 2116 0000 49444C45 		.ascii	"IDLE\000"
 2116      00
 2117              		.section	.text.vTaskStartScheduler,"ax",%progbits
 2118              		.align	1
 2119              		.global	vTaskStartScheduler
 2120              		.syntax unified
 2121              		.thumb
 2122              		.thumb_func
 2124              	vTaskStartScheduler:
 2125              	.LFB19:
1976:Middlewares/Third_Party/FreeRTOS/Source/tasks.c **** BaseType_t xReturn;
 2126              		.loc 1 1976 1 is_stmt 1 view -0
 2127              		.cfi_startproc
 2128              		@ args = 0, pretend = 0, frame = 0
 2129              		@ frame_needed = 0, uses_anonymous_args = 0
 2130 0000 00B5     		push	{lr}
 2131              	.LCFI18:
 2132              		.cfi_def_cfa_offset 4
 2133              		.cfi_offset 14, -4
 2134 0002 83B0     		sub	sp, sp, #12
 2135              	.LCFI19:
 2136              		.cfi_def_cfa_offset 16
1977:Middlewares/Third_Party/FreeRTOS/Source/tasks.c **** 
 2137              		.loc 1 1977 1 view .LVU592
2009:Middlewares/Third_Party/FreeRTOS/Source/tasks.c **** 								configIDLE_TASK_NAME,
 2138              		.loc 1 2009 3 view .LVU593
2009:Middlewares/Third_Party/FreeRTOS/Source/tasks.c **** 								configIDLE_TASK_NAME,
 2139              		.loc 1 2009 13 is_stmt 0 view .LVU594
 2140 0004 174B     		ldr	r3, .L171
 2141 0006 0193     		str	r3, [sp, #4]
ARM GAS  D:\TMP\ccFCmCnH.s 			page 144


 2142 0008 0023     		movs	r3, #0
 2143 000a 0093     		str	r3, [sp]
 2144 000c 8022     		movs	r2, #128
 2145 000e 1649     		ldr	r1, .L171+4
 2146 0010 1648     		ldr	r0, .L171+8
 2147 0012 FFF7FEFF 		bl	xTaskCreate
 2148              	.LVL158:
2031:Middlewares/Third_Party/FreeRTOS/Source/tasks.c **** 	{
 2149              		.loc 1 2031 2 is_stmt 1 view .LVU595
2031:Middlewares/Third_Party/FreeRTOS/Source/tasks.c **** 	{
 2150              		.loc 1 2031 4 is_stmt 0 view .LVU596
 2151 0016 0128     		cmp	r0, #1
 2152 0018 05D0     		beq	.L169
2090:Middlewares/Third_Party/FreeRTOS/Source/tasks.c **** 	}
 2153              		.loc 1 2090 3 is_stmt 1 view .LVU597
 2154 001a B0F1FF3F 		cmp	r0, #-1
 2155 001e 17D0     		beq	.L170
 2156              	.LVL159:
 2157              	.L164:
2096:Middlewares/Third_Party/FreeRTOS/Source/tasks.c **** /*-----------------------------------------------------------*/
 2158              		.loc 1 2096 1 is_stmt 0 view .LVU598
 2159 0020 03B0     		add	sp, sp, #12
 2160              	.LCFI20:
 2161              		.cfi_remember_state
 2162              		.cfi_def_cfa_offset 4
 2163              		@ sp needed
 2164 0022 5DF804FB 		ldr	pc, [sp], #4
 2165              	.LVL160:
 2166              	.L169:
 2167              	.LCFI21:
 2168              		.cfi_restore_state
2047:Middlewares/Third_Party/FreeRTOS/Source/tasks.c **** 
 2169              		.loc 1 2047 3 is_stmt 1 view .LVU599
 2170              	.LBB134:
 2171              	.LBI134:
 193:Middlewares/Third_Party/FreeRTOS/Source/portable/GCC/ARM_CM3/portmacro.h **** {
 2172              		.loc 2 193 30 view .LVU600
 2173              	.LBB135:
 195:Middlewares/Third_Party/FreeRTOS/Source/portable/GCC/ARM_CM3/portmacro.h **** 
 2174              		.loc 2 195 1 view .LVU601
 197:Middlewares/Third_Party/FreeRTOS/Source/portable/GCC/ARM_CM3/portmacro.h **** 	(
 2175              		.loc 2 197 2 view .LVU602
 2176              		.syntax unified
 2177              	@ 197 "Middlewares/Third_Party/FreeRTOS/Source/portable/GCC/ARM_CM3/portmacro.h" 1
 2178 0026 4FF02003 			mov r3, #32												
 2179 002a 83F31188 		msr basepri, r3											
 2180 002e BFF36F8F 		isb														
 2181 0032 BFF34F8F 		dsb														
 2182              	
 2183              	@ 0 "" 2
 2184              		.thumb
 2185              		.syntax unified
 2186              	.LBE135:
 2187              	.LBE134:
2059:Middlewares/Third_Party/FreeRTOS/Source/tasks.c **** 		xSchedulerRunning = pdTRUE;
 2188              		.loc 1 2059 3 view .LVU603
2059:Middlewares/Third_Party/FreeRTOS/Source/tasks.c **** 		xSchedulerRunning = pdTRUE;
ARM GAS  D:\TMP\ccFCmCnH.s 			page 145


 2189              		.loc 1 2059 24 is_stmt 0 view .LVU604
 2190 0036 0E4B     		ldr	r3, .L171+12
 2191 0038 4FF0FF32 		mov	r2, #-1
 2192 003c 1A60     		str	r2, [r3]
2060:Middlewares/Third_Party/FreeRTOS/Source/tasks.c **** 		xTickCount = ( TickType_t ) configINITIAL_TICK_COUNT;
 2193              		.loc 1 2060 3 is_stmt 1 view .LVU605
2060:Middlewares/Third_Party/FreeRTOS/Source/tasks.c **** 		xTickCount = ( TickType_t ) configINITIAL_TICK_COUNT;
 2194              		.loc 1 2060 21 is_stmt 0 view .LVU606
 2195 003e 0D4B     		ldr	r3, .L171+16
 2196 0040 0122     		movs	r2, #1
 2197 0042 1A60     		str	r2, [r3]
2061:Middlewares/Third_Party/FreeRTOS/Source/tasks.c **** 
 2198              		.loc 1 2061 3 is_stmt 1 view .LVU607
2061:Middlewares/Third_Party/FreeRTOS/Source/tasks.c **** 
 2199              		.loc 1 2061 14 is_stmt 0 view .LVU608
 2200 0044 0C4B     		ldr	r3, .L171+20
 2201 0046 0022     		movs	r2, #0
 2202 0048 1A60     		str	r2, [r3]
2069:Middlewares/Third_Party/FreeRTOS/Source/tasks.c **** 
 2203              		.loc 1 2069 43 is_stmt 1 view .LVU609
2071:Middlewares/Third_Party/FreeRTOS/Source/tasks.c **** 
 2204              		.loc 1 2071 26 view .LVU610
2075:Middlewares/Third_Party/FreeRTOS/Source/tasks.c **** 		{
 2205              		.loc 1 2075 3 view .LVU611
2075:Middlewares/Third_Party/FreeRTOS/Source/tasks.c **** 		{
 2206              		.loc 1 2075 7 is_stmt 0 view .LVU612
 2207 004a FFF7FEFF 		bl	xPortStartScheduler
 2208              	.LVL161:
2079:Middlewares/Third_Party/FreeRTOS/Source/tasks.c **** 		else
 2209              		.loc 1 2079 3 is_stmt 1 view .LVU613
2083:Middlewares/Third_Party/FreeRTOS/Source/tasks.c **** 	}
 2210              		.loc 1 2083 3 view .LVU614
 2211 004e E7E7     		b	.L164
 2212              	.LVL162:
 2213              	.L170:
2090:Middlewares/Third_Party/FreeRTOS/Source/tasks.c **** 	}
 2214              		.loc 1 2090 3 discriminator 1 view .LVU615
 2215              	.LBB136:
 2216              	.LBI136:
 193:Middlewares/Third_Party/FreeRTOS/Source/portable/GCC/ARM_CM3/portmacro.h **** {
 2217              		.loc 2 193 30 view .LVU616
 2218              	.LBB137:
 195:Middlewares/Third_Party/FreeRTOS/Source/portable/GCC/ARM_CM3/portmacro.h **** 
 2219              		.loc 2 195 1 view .LVU617
 197:Middlewares/Third_Party/FreeRTOS/Source/portable/GCC/ARM_CM3/portmacro.h **** 	(
 2220              		.loc 2 197 2 view .LVU618
 2221              		.syntax unified
 2222              	@ 197 "Middlewares/Third_Party/FreeRTOS/Source/portable/GCC/ARM_CM3/portmacro.h" 1
 2223 0050 4FF02003 			mov r3, #32												
 2224 0054 83F31188 		msr basepri, r3											
 2225 0058 BFF36F8F 		isb														
 2226 005c BFF34F8F 		dsb														
 2227              	
 2228              	@ 0 "" 2
 2229              		.thumb
 2230              		.syntax unified
 2231              	.L167:
ARM GAS  D:\TMP\ccFCmCnH.s 			page 146


 2232              	.LBE137:
 2233              	.LBE136:
2090:Middlewares/Third_Party/FreeRTOS/Source/tasks.c **** 	}
 2234              		.loc 1 2090 3 discriminator 3 view .LVU619
2090:Middlewares/Third_Party/FreeRTOS/Source/tasks.c **** 	}
 2235              		.loc 1 2090 3 discriminator 3 view .LVU620
2090:Middlewares/Third_Party/FreeRTOS/Source/tasks.c **** 	}
 2236              		.loc 1 2090 3 discriminator 3 view .LVU621
 2237 0060 FEE7     		b	.L167
 2238              	.L172:
 2239 0062 00BF     		.align	2
 2240              	.L171:
 2241 0064 00000000 		.word	xIdleTaskHandle
 2242 0068 00000000 		.word	.LC0
 2243 006c 00000000 		.word	prvIdleTask
 2244 0070 00000000 		.word	xNextTaskUnblockTime
 2245 0074 00000000 		.word	xSchedulerRunning
 2246 0078 00000000 		.word	xTickCount
 2247              		.cfi_endproc
 2248              	.LFE19:
 2250              		.section	.text.vTaskEndScheduler,"ax",%progbits
 2251              		.align	1
 2252              		.global	vTaskEndScheduler
 2253              		.syntax unified
 2254              		.thumb
 2255              		.thumb_func
 2257              	vTaskEndScheduler:
 2258              	.LFB20:
2100:Middlewares/Third_Party/FreeRTOS/Source/tasks.c **** 	/* Stop the scheduler interrupts and call the portable scheduler end
 2259              		.loc 1 2100 1 view -0
 2260              		.cfi_startproc
 2261              		@ args = 0, pretend = 0, frame = 0
 2262              		@ frame_needed = 0, uses_anonymous_args = 0
 2263 0000 08B5     		push	{r3, lr}
 2264              	.LCFI22:
 2265              		.cfi_def_cfa_offset 8
 2266              		.cfi_offset 3, -8
 2267              		.cfi_offset 14, -4
2104:Middlewares/Third_Party/FreeRTOS/Source/tasks.c **** 	xSchedulerRunning = pdFALSE;
 2268              		.loc 1 2104 2 view .LVU623
 2269              	.LBB138:
 2270              	.LBI138:
 193:Middlewares/Third_Party/FreeRTOS/Source/portable/GCC/ARM_CM3/portmacro.h **** {
 2271              		.loc 2 193 30 view .LVU624
 2272              	.LBB139:
 195:Middlewares/Third_Party/FreeRTOS/Source/portable/GCC/ARM_CM3/portmacro.h **** 
 2273              		.loc 2 195 1 view .LVU625
 197:Middlewares/Third_Party/FreeRTOS/Source/portable/GCC/ARM_CM3/portmacro.h **** 	(
 2274              		.loc 2 197 2 view .LVU626
 2275              		.syntax unified
 2276              	@ 197 "Middlewares/Third_Party/FreeRTOS/Source/portable/GCC/ARM_CM3/portmacro.h" 1
 2277 0002 4FF02003 			mov r3, #32												
 2278 0006 83F31188 		msr basepri, r3											
 2279 000a BFF36F8F 		isb														
 2280 000e BFF34F8F 		dsb														
 2281              	
 2282              	@ 0 "" 2
ARM GAS  D:\TMP\ccFCmCnH.s 			page 147


 2283              		.thumb
 2284              		.syntax unified
 2285              	.LBE139:
 2286              	.LBE138:
2105:Middlewares/Third_Party/FreeRTOS/Source/tasks.c **** 	vPortEndScheduler();
 2287              		.loc 1 2105 2 view .LVU627
2105:Middlewares/Third_Party/FreeRTOS/Source/tasks.c **** 	vPortEndScheduler();
 2288              		.loc 1 2105 20 is_stmt 0 view .LVU628
 2289 0012 034B     		ldr	r3, .L175
 2290 0014 0022     		movs	r2, #0
 2291 0016 1A60     		str	r2, [r3]
2106:Middlewares/Third_Party/FreeRTOS/Source/tasks.c **** }
 2292              		.loc 1 2106 2 is_stmt 1 view .LVU629
 2293 0018 FFF7FEFF 		bl	vPortEndScheduler
 2294              	.LVL163:
2107:Middlewares/Third_Party/FreeRTOS/Source/tasks.c **** /*----------------------------------------------------------*/
 2295              		.loc 1 2107 1 is_stmt 0 view .LVU630
 2296 001c 08BD     		pop	{r3, pc}
 2297              	.L176:
 2298 001e 00BF     		.align	2
 2299              	.L175:
 2300 0020 00000000 		.word	xSchedulerRunning
 2301              		.cfi_endproc
 2302              	.LFE20:
 2304              		.section	.text.vTaskSuspendAll,"ax",%progbits
 2305              		.align	1
 2306              		.global	vTaskSuspendAll
 2307              		.syntax unified
 2308              		.thumb
 2309              		.thumb_func
 2311              	vTaskSuspendAll:
 2312              	.LFB21:
2111:Middlewares/Third_Party/FreeRTOS/Source/tasks.c **** 	/* A critical section is not required as the variable is of type
 2313              		.loc 1 2111 1 is_stmt 1 view -0
 2314              		.cfi_startproc
 2315              		@ args = 0, pretend = 0, frame = 0
 2316              		@ frame_needed = 0, uses_anonymous_args = 0
 2317              		@ link register save eliminated.
2119:Middlewares/Third_Party/FreeRTOS/Source/tasks.c **** 
 2318              		.loc 1 2119 24 view .LVU632
2123:Middlewares/Third_Party/FreeRTOS/Source/tasks.c **** 
 2319              		.loc 1 2123 2 view .LVU633
 2320 0000 024A     		ldr	r2, .L178
 2321 0002 1368     		ldr	r3, [r2]
 2322 0004 0133     		adds	r3, r3, #1
 2323 0006 1360     		str	r3, [r2]
2127:Middlewares/Third_Party/FreeRTOS/Source/tasks.c **** }
 2324              		.loc 1 2127 2 view .LVU634
2128:Middlewares/Third_Party/FreeRTOS/Source/tasks.c **** /*----------------------------------------------------------*/
 2325              		.loc 1 2128 1 is_stmt 0 view .LVU635
 2326 0008 7047     		bx	lr
 2327              	.L179:
 2328 000a 00BF     		.align	2
 2329              	.L178:
 2330 000c 00000000 		.word	uxSchedulerSuspended
 2331              		.cfi_endproc
 2332              	.LFE21:
ARM GAS  D:\TMP\ccFCmCnH.s 			page 148


 2334              		.section	.text.xTaskGetTickCount,"ax",%progbits
 2335              		.align	1
 2336              		.global	xTaskGetTickCount
 2337              		.syntax unified
 2338              		.thumb
 2339              		.thumb_func
 2341              	xTaskGetTickCount:
 2342              	.LFB23:
2305:Middlewares/Third_Party/FreeRTOS/Source/tasks.c **** TickType_t xTicks;
 2343              		.loc 1 2305 1 is_stmt 1 view -0
 2344              		.cfi_startproc
 2345              		@ args = 0, pretend = 0, frame = 0
 2346              		@ frame_needed = 0, uses_anonymous_args = 0
 2347              		@ link register save eliminated.
2306:Middlewares/Third_Party/FreeRTOS/Source/tasks.c **** 
 2348              		.loc 1 2306 1 view .LVU637
2309:Middlewares/Third_Party/FreeRTOS/Source/tasks.c **** 	{
 2349              		.loc 1 2309 32 view .LVU638
2311:Middlewares/Third_Party/FreeRTOS/Source/tasks.c **** 	}
 2350              		.loc 1 2311 3 view .LVU639
2311:Middlewares/Third_Party/FreeRTOS/Source/tasks.c **** 	}
 2351              		.loc 1 2311 10 is_stmt 0 view .LVU640
 2352 0000 014B     		ldr	r3, .L181
 2353 0002 1868     		ldr	r0, [r3]
 2354              	.LVL164:
2313:Middlewares/Third_Party/FreeRTOS/Source/tasks.c **** 
 2355              		.loc 1 2313 31 is_stmt 1 view .LVU641
2315:Middlewares/Third_Party/FreeRTOS/Source/tasks.c **** }
 2356              		.loc 1 2315 2 view .LVU642
2316:Middlewares/Third_Party/FreeRTOS/Source/tasks.c **** /*-----------------------------------------------------------*/
 2357              		.loc 1 2316 1 is_stmt 0 view .LVU643
 2358 0004 7047     		bx	lr
 2359              	.L182:
 2360 0006 00BF     		.align	2
 2361              	.L181:
 2362 0008 00000000 		.word	xTickCount
 2363              		.cfi_endproc
 2364              	.LFE23:
 2366              		.section	.text.xTaskGetTickCountFromISR,"ax",%progbits
 2367              		.align	1
 2368              		.global	xTaskGetTickCountFromISR
 2369              		.syntax unified
 2370              		.thumb
 2371              		.thumb_func
 2373              	xTaskGetTickCountFromISR:
 2374              	.LFB24:
2320:Middlewares/Third_Party/FreeRTOS/Source/tasks.c **** TickType_t xReturn;
 2375              		.loc 1 2320 1 is_stmt 1 view -0
 2376              		.cfi_startproc
 2377              		@ args = 0, pretend = 0, frame = 0
 2378              		@ frame_needed = 0, uses_anonymous_args = 0
 2379 0000 08B5     		push	{r3, lr}
 2380              	.LCFI23:
 2381              		.cfi_def_cfa_offset 8
 2382              		.cfi_offset 3, -8
 2383              		.cfi_offset 14, -4
2321:Middlewares/Third_Party/FreeRTOS/Source/tasks.c **** UBaseType_t uxSavedInterruptStatus;
ARM GAS  D:\TMP\ccFCmCnH.s 			page 149


 2384              		.loc 1 2321 1 view .LVU645
2322:Middlewares/Third_Party/FreeRTOS/Source/tasks.c **** 
 2385              		.loc 1 2322 1 view .LVU646
2338:Middlewares/Third_Party/FreeRTOS/Source/tasks.c **** 
 2386              		.loc 1 2338 2 view .LVU647
 2387 0002 FFF7FEFF 		bl	vPortValidateInterruptPriority
 2388              	.LVL165:
2340:Middlewares/Third_Party/FreeRTOS/Source/tasks.c **** 	{
 2389              		.loc 1 2340 2 view .LVU648
2342:Middlewares/Third_Party/FreeRTOS/Source/tasks.c **** 	}
 2390              		.loc 1 2342 3 view .LVU649
2342:Middlewares/Third_Party/FreeRTOS/Source/tasks.c **** 	}
 2391              		.loc 1 2342 11 is_stmt 0 view .LVU650
 2392 0006 014B     		ldr	r3, .L185
 2393 0008 1868     		ldr	r0, [r3]
 2394              	.LVL166:
2344:Middlewares/Third_Party/FreeRTOS/Source/tasks.c **** 
 2395              		.loc 1 2344 2 is_stmt 1 view .LVU651
2346:Middlewares/Third_Party/FreeRTOS/Source/tasks.c **** }
 2396              		.loc 1 2346 2 view .LVU652
2347:Middlewares/Third_Party/FreeRTOS/Source/tasks.c **** /*-----------------------------------------------------------*/
 2397              		.loc 1 2347 1 is_stmt 0 view .LVU653
 2398 000a 08BD     		pop	{r3, pc}
 2399              	.L186:
 2400              		.align	2
 2401              	.L185:
 2402 000c 00000000 		.word	xTickCount
 2403              		.cfi_endproc
 2404              	.LFE24:
 2406              		.section	.text.uxTaskGetNumberOfTasks,"ax",%progbits
 2407              		.align	1
 2408              		.global	uxTaskGetNumberOfTasks
 2409              		.syntax unified
 2410              		.thumb
 2411              		.thumb_func
 2413              	uxTaskGetNumberOfTasks:
 2414              	.LFB25:
2351:Middlewares/Third_Party/FreeRTOS/Source/tasks.c **** 	/* A critical section is not required because the variables are of type
 2415              		.loc 1 2351 1 is_stmt 1 view -0
 2416              		.cfi_startproc
 2417              		@ args = 0, pretend = 0, frame = 0
 2418              		@ frame_needed = 0, uses_anonymous_args = 0
 2419              		@ link register save eliminated.
2354:Middlewares/Third_Party/FreeRTOS/Source/tasks.c **** }
 2420              		.loc 1 2354 2 view .LVU655
2354:Middlewares/Third_Party/FreeRTOS/Source/tasks.c **** }
 2421              		.loc 1 2354 9 is_stmt 0 view .LVU656
 2422 0000 014B     		ldr	r3, .L188
 2423 0002 1868     		ldr	r0, [r3]
2355:Middlewares/Third_Party/FreeRTOS/Source/tasks.c **** /*-----------------------------------------------------------*/
 2424              		.loc 1 2355 1 view .LVU657
 2425 0004 7047     		bx	lr
 2426              	.L189:
 2427 0006 00BF     		.align	2
 2428              	.L188:
 2429 0008 00000000 		.word	uxCurrentNumberOfTasks
 2430              		.cfi_endproc
ARM GAS  D:\TMP\ccFCmCnH.s 			page 150


 2431              	.LFE25:
 2433              		.section	.text.pcTaskGetName,"ax",%progbits
 2434              		.align	1
 2435              		.global	pcTaskGetName
 2436              		.syntax unified
 2437              		.thumb
 2438              		.thumb_func
 2440              	pcTaskGetName:
 2441              	.LVL167:
 2442              	.LFB26:
2359:Middlewares/Third_Party/FreeRTOS/Source/tasks.c **** TCB_t *pxTCB;
 2443              		.loc 1 2359 1 is_stmt 1 view -0
 2444              		.cfi_startproc
 2445              		@ args = 0, pretend = 0, frame = 0
 2446              		@ frame_needed = 0, uses_anonymous_args = 0
 2447              		@ link register save eliminated.
2360:Middlewares/Third_Party/FreeRTOS/Source/tasks.c **** 
 2448              		.loc 1 2360 1 view .LVU659
2364:Middlewares/Third_Party/FreeRTOS/Source/tasks.c **** 	configASSERT( pxTCB );
 2449              		.loc 1 2364 2 view .LVU660
2364:Middlewares/Third_Party/FreeRTOS/Source/tasks.c **** 	configASSERT( pxTCB );
 2450              		.loc 1 2364 10 is_stmt 0 view .LVU661
 2451 0000 0346     		mov	r3, r0
 2452 0002 10B1     		cbz	r0, .L193
 2453              	.LVL168:
 2454              	.L191:
2365:Middlewares/Third_Party/FreeRTOS/Source/tasks.c **** 	return &( pxTCB->pcTaskName[ 0 ] );
 2455              		.loc 1 2365 23 is_stmt 1 discriminator 2 view .LVU662
2366:Middlewares/Third_Party/FreeRTOS/Source/tasks.c **** }
 2456              		.loc 1 2366 2 view .LVU663
2367:Middlewares/Third_Party/FreeRTOS/Source/tasks.c **** /*-----------------------------------------------------------*/
 2457              		.loc 1 2367 1 is_stmt 0 view .LVU664
 2458 0004 03F13400 		add	r0, r3, #52
 2459 0008 7047     		bx	lr
 2460              	.LVL169:
 2461              	.L193:
2364:Middlewares/Third_Party/FreeRTOS/Source/tasks.c **** 	configASSERT( pxTCB );
 2462              		.loc 1 2364 10 discriminator 1 view .LVU665
 2463 000a 064B     		ldr	r3, .L194
 2464 000c 1B68     		ldr	r3, [r3]
 2465              	.LVL170:
2365:Middlewares/Third_Party/FreeRTOS/Source/tasks.c **** 	return &( pxTCB->pcTaskName[ 0 ] );
 2466              		.loc 1 2365 2 is_stmt 1 view .LVU666
 2467 000e 002B     		cmp	r3, #0
 2468 0010 F8D1     		bne	.L191
2365:Middlewares/Third_Party/FreeRTOS/Source/tasks.c **** 	return &( pxTCB->pcTaskName[ 0 ] );
 2469              		.loc 1 2365 2 discriminator 1 view .LVU667
 2470              	.LBB140:
 2471              	.LBI140:
 193:Middlewares/Third_Party/FreeRTOS/Source/portable/GCC/ARM_CM3/portmacro.h **** {
 2472              		.loc 2 193 30 view .LVU668
 2473              	.LBB141:
 195:Middlewares/Third_Party/FreeRTOS/Source/portable/GCC/ARM_CM3/portmacro.h **** 
 2474              		.loc 2 195 1 view .LVU669
 197:Middlewares/Third_Party/FreeRTOS/Source/portable/GCC/ARM_CM3/portmacro.h **** 	(
 2475              		.loc 2 197 2 view .LVU670
 2476              		.syntax unified
ARM GAS  D:\TMP\ccFCmCnH.s 			page 151


 2477              	@ 197 "Middlewares/Third_Party/FreeRTOS/Source/portable/GCC/ARM_CM3/portmacro.h" 1
 2478 0012 4FF02003 			mov r3, #32												
 2479 0016 83F31188 		msr basepri, r3											
 2480 001a BFF36F8F 		isb														
 2481 001e BFF34F8F 		dsb														
 2482              	
 2483              	@ 0 "" 2
 2484              	.LVL171:
 2485              		.thumb
 2486              		.syntax unified
 2487              	.L192:
 197:Middlewares/Third_Party/FreeRTOS/Source/portable/GCC/ARM_CM3/portmacro.h **** 	(
 2488              		.loc 2 197 2 is_stmt 0 view .LVU671
 2489              	.LBE141:
 2490              	.LBE140:
2365:Middlewares/Third_Party/FreeRTOS/Source/tasks.c **** 	return &( pxTCB->pcTaskName[ 0 ] );
 2491              		.loc 1 2365 2 is_stmt 1 discriminator 3 view .LVU672
2365:Middlewares/Third_Party/FreeRTOS/Source/tasks.c **** 	return &( pxTCB->pcTaskName[ 0 ] );
 2492              		.loc 1 2365 2 discriminator 3 view .LVU673
2365:Middlewares/Third_Party/FreeRTOS/Source/tasks.c **** 	return &( pxTCB->pcTaskName[ 0 ] );
 2493              		.loc 1 2365 2 discriminator 3 view .LVU674
 2494 0022 FEE7     		b	.L192
 2495              	.L195:
 2496              		.align	2
 2497              	.L194:
 2498 0024 00000000 		.word	pxCurrentTCB
 2499              		.cfi_endproc
 2500              	.LFE26:
 2502              		.section	.text.xTaskIncrementTick,"ax",%progbits
 2503              		.align	1
 2504              		.global	xTaskIncrementTick
 2505              		.syntax unified
 2506              		.thumb
 2507              		.thumb_func
 2509              	xTaskIncrementTick:
 2510              	.LFB28:
2708:Middlewares/Third_Party/FreeRTOS/Source/tasks.c **** TCB_t * pxTCB;
 2511              		.loc 1 2708 1 view -0
 2512              		.cfi_startproc
 2513              		@ args = 0, pretend = 0, frame = 0
 2514              		@ frame_needed = 0, uses_anonymous_args = 0
 2515 0000 F8B5     		push	{r3, r4, r5, r6, r7, lr}
 2516              	.LCFI24:
 2517              		.cfi_def_cfa_offset 24
 2518              		.cfi_offset 3, -24
 2519              		.cfi_offset 4, -20
 2520              		.cfi_offset 5, -16
 2521              		.cfi_offset 6, -12
 2522              		.cfi_offset 7, -8
 2523              		.cfi_offset 14, -4
2709:Middlewares/Third_Party/FreeRTOS/Source/tasks.c **** TickType_t xItemValue;
 2524              		.loc 1 2709 1 view .LVU676
2710:Middlewares/Third_Party/FreeRTOS/Source/tasks.c **** BaseType_t xSwitchRequired = pdFALSE;
 2525              		.loc 1 2710 1 view .LVU677
2711:Middlewares/Third_Party/FreeRTOS/Source/tasks.c **** 
 2526              		.loc 1 2711 1 view .LVU678
 2527              	.LVL172:
ARM GAS  D:\TMP\ccFCmCnH.s 			page 152


2716:Middlewares/Third_Party/FreeRTOS/Source/tasks.c **** 	if( uxSchedulerSuspended == ( UBaseType_t ) pdFALSE )
 2528              		.loc 1 2716 40 view .LVU679
2717:Middlewares/Third_Party/FreeRTOS/Source/tasks.c **** 	{
 2529              		.loc 1 2717 2 view .LVU680
2717:Middlewares/Third_Party/FreeRTOS/Source/tasks.c **** 	{
 2530              		.loc 1 2717 27 is_stmt 0 view .LVU681
 2531 0002 3A4B     		ldr	r3, .L217
 2532 0004 1B68     		ldr	r3, [r3]
2717:Middlewares/Third_Party/FreeRTOS/Source/tasks.c **** 	{
 2533              		.loc 1 2717 4 view .LVU682
 2534 0006 002B     		cmp	r3, #0
 2535 0008 69D1     		bne	.L197
 2536              	.LBB142:
2721:Middlewares/Third_Party/FreeRTOS/Source/tasks.c **** 
 2537              		.loc 1 2721 3 is_stmt 1 view .LVU683
2721:Middlewares/Third_Party/FreeRTOS/Source/tasks.c **** 
 2538              		.loc 1 2721 49 is_stmt 0 view .LVU684
 2539 000a 394B     		ldr	r3, .L217+4
 2540 000c 1D68     		ldr	r5, [r3]
2721:Middlewares/Third_Party/FreeRTOS/Source/tasks.c **** 
 2541              		.loc 1 2721 20 view .LVU685
 2542 000e 0135     		adds	r5, r5, #1
 2543              	.LVL173:
2725:Middlewares/Third_Party/FreeRTOS/Source/tasks.c **** 
 2544              		.loc 1 2725 3 is_stmt 1 view .LVU686
2725:Middlewares/Third_Party/FreeRTOS/Source/tasks.c **** 
 2545              		.loc 1 2725 14 is_stmt 0 view .LVU687
 2546 0010 1D60     		str	r5, [r3]
2727:Middlewares/Third_Party/FreeRTOS/Source/tasks.c **** 		{
 2547              		.loc 1 2727 3 is_stmt 1 view .LVU688
2727:Middlewares/Third_Party/FreeRTOS/Source/tasks.c **** 		{
 2548              		.loc 1 2727 5 is_stmt 0 view .LVU689
 2549 0012 C5B9     		cbnz	r5, .L198
 2550              	.LBB143:
2729:Middlewares/Third_Party/FreeRTOS/Source/tasks.c **** 		}
 2551              		.loc 1 2729 4 is_stmt 1 view .LVU690
2729:Middlewares/Third_Party/FreeRTOS/Source/tasks.c **** 		}
 2552              		.loc 1 2729 4 view .LVU691
 2553 0014 374B     		ldr	r3, .L217+8
 2554 0016 1B68     		ldr	r3, [r3]
 2555 0018 1B68     		ldr	r3, [r3]
 2556 001a 43B1     		cbz	r3, .L199
2729:Middlewares/Third_Party/FreeRTOS/Source/tasks.c **** 		}
 2557              		.loc 1 2729 4 discriminator 1 view .LVU692
 2558              	.LBB144:
 2559              	.LBI144:
 193:Middlewares/Third_Party/FreeRTOS/Source/portable/GCC/ARM_CM3/portmacro.h **** {
 2560              		.loc 2 193 30 view .LVU693
 2561              	.LBB145:
 195:Middlewares/Third_Party/FreeRTOS/Source/portable/GCC/ARM_CM3/portmacro.h **** 
 2562              		.loc 2 195 1 view .LVU694
 197:Middlewares/Third_Party/FreeRTOS/Source/portable/GCC/ARM_CM3/portmacro.h **** 	(
 2563              		.loc 2 197 2 view .LVU695
 2564              		.syntax unified
 2565              	@ 197 "Middlewares/Third_Party/FreeRTOS/Source/portable/GCC/ARM_CM3/portmacro.h" 1
 2566 001c 4FF02003 			mov r3, #32												
 2567 0020 83F31188 		msr basepri, r3											
ARM GAS  D:\TMP\ccFCmCnH.s 			page 153


 2568 0024 BFF36F8F 		isb														
 2569 0028 BFF34F8F 		dsb														
 2570              	
 2571              	@ 0 "" 2
 2572              		.thumb
 2573              		.syntax unified
 2574              	.L200:
 2575              	.LBE145:
 2576              	.LBE144:
2729:Middlewares/Third_Party/FreeRTOS/Source/tasks.c **** 		}
 2577              		.loc 1 2729 4 discriminator 3 view .LVU696
2729:Middlewares/Third_Party/FreeRTOS/Source/tasks.c **** 		}
 2578              		.loc 1 2729 4 discriminator 3 view .LVU697
2729:Middlewares/Third_Party/FreeRTOS/Source/tasks.c **** 		}
 2579              		.loc 1 2729 4 discriminator 3 view .LVU698
 2580 002c FEE7     		b	.L200
 2581              	.L199:
2729:Middlewares/Third_Party/FreeRTOS/Source/tasks.c **** 		}
 2582              		.loc 1 2729 4 discriminator 2 view .LVU699
2729:Middlewares/Third_Party/FreeRTOS/Source/tasks.c **** 		}
 2583              		.loc 1 2729 4 discriminator 2 view .LVU700
 2584 002e 314A     		ldr	r2, .L217+8
 2585 0030 1168     		ldr	r1, [r2]
 2586              	.LVL174:
2729:Middlewares/Third_Party/FreeRTOS/Source/tasks.c **** 		}
 2587              		.loc 1 2729 4 discriminator 2 view .LVU701
 2588 0032 314B     		ldr	r3, .L217+12
 2589 0034 1868     		ldr	r0, [r3]
 2590 0036 1060     		str	r0, [r2]
2729:Middlewares/Third_Party/FreeRTOS/Source/tasks.c **** 		}
 2591              		.loc 1 2729 4 discriminator 2 view .LVU702
 2592 0038 1960     		str	r1, [r3]
2729:Middlewares/Third_Party/FreeRTOS/Source/tasks.c **** 		}
 2593              		.loc 1 2729 4 discriminator 2 view .LVU703
 2594 003a 304A     		ldr	r2, .L217+16
 2595 003c 1368     		ldr	r3, [r2]
 2596 003e 0133     		adds	r3, r3, #1
 2597 0040 1360     		str	r3, [r2]
2729:Middlewares/Third_Party/FreeRTOS/Source/tasks.c **** 		}
 2598              		.loc 1 2729 4 discriminator 2 view .LVU704
 2599 0042 FFF7FEFF 		bl	prvResetNextTaskUnblockTime
 2600              	.LVL175:
2729:Middlewares/Third_Party/FreeRTOS/Source/tasks.c **** 		}
 2601              		.loc 1 2729 4 is_stmt 0 discriminator 2 view .LVU705
 2602              	.LBE143:
2729:Middlewares/Third_Party/FreeRTOS/Source/tasks.c **** 		}
 2603              		.loc 1 2729 30 is_stmt 1 discriminator 1 view .LVU706
 2604              	.L198:
2733:Middlewares/Third_Party/FreeRTOS/Source/tasks.c **** 		}
 2605              		.loc 1 2733 28 view .LVU707
2740:Middlewares/Third_Party/FreeRTOS/Source/tasks.c **** 		{
 2606              		.loc 1 2740 3 view .LVU708
2740:Middlewares/Third_Party/FreeRTOS/Source/tasks.c **** 		{
 2607              		.loc 1 2740 23 is_stmt 0 view .LVU709
 2608 0046 2E4B     		ldr	r3, .L217+20
 2609 0048 1B68     		ldr	r3, [r3]
2740:Middlewares/Third_Party/FreeRTOS/Source/tasks.c **** 		{
ARM GAS  D:\TMP\ccFCmCnH.s 			page 154


 2610              		.loc 1 2740 5 view .LVU710
 2611 004a AB42     		cmp	r3, r5
 2612 004c 3DD9     		bls	.L210
 2613              	.LBE142:
2711:Middlewares/Third_Party/FreeRTOS/Source/tasks.c **** 
 2614              		.loc 1 2711 12 view .LVU711
 2615 004e 0027     		movs	r7, #0
 2616              	.LVL176:
 2617              	.L202:
 2618              	.LBB146:
2823:Middlewares/Third_Party/FreeRTOS/Source/tasks.c **** 			{
 2619              		.loc 1 2823 4 is_stmt 1 view .LVU712
2823:Middlewares/Third_Party/FreeRTOS/Source/tasks.c **** 			{
 2620              		.loc 1 2823 8 is_stmt 0 view .LVU713
 2621 0050 2C4B     		ldr	r3, .L217+24
 2622 0052 1B68     		ldr	r3, [r3]
 2623 0054 DB6A     		ldr	r3, [r3, #44]
 2624 0056 03EB8303 		add	r3, r3, r3, lsl #2
 2625 005a 9A00     		lsls	r2, r3, #2
 2626 005c 2A4B     		ldr	r3, .L217+28
 2627 005e 9B58     		ldr	r3, [r3, r2]
2823:Middlewares/Third_Party/FreeRTOS/Source/tasks.c **** 			{
 2628              		.loc 1 2823 6 view .LVU714
 2629 0060 012B     		cmp	r3, #1
 2630 0062 00D9     		bls	.L208
2825:Middlewares/Third_Party/FreeRTOS/Source/tasks.c **** 			}
 2631              		.loc 1 2825 21 view .LVU715
 2632 0064 0127     		movs	r7, #1
 2633              	.LVL177:
 2634              	.L208:
2829:Middlewares/Third_Party/FreeRTOS/Source/tasks.c **** 			}
 2635              		.loc 1 2829 29 is_stmt 1 view .LVU716
2851:Middlewares/Third_Party/FreeRTOS/Source/tasks.c **** 			{
 2636              		.loc 1 2851 4 view .LVU717
2851:Middlewares/Third_Party/FreeRTOS/Source/tasks.c **** 			{
 2637              		.loc 1 2851 22 is_stmt 0 view .LVU718
 2638 0066 294B     		ldr	r3, .L217+32
 2639 0068 1B68     		ldr	r3, [r3]
2851:Middlewares/Third_Party/FreeRTOS/Source/tasks.c **** 			{
 2640              		.loc 1 2851 6 view .LVU719
 2641 006a 002B     		cmp	r3, #0
 2642 006c 3CD0     		beq	.L196
2853:Middlewares/Third_Party/FreeRTOS/Source/tasks.c **** 			}
 2643              		.loc 1 2853 21 view .LVU720
 2644 006e 0127     		movs	r7, #1
 2645              	.LVL178:
2853:Middlewares/Third_Party/FreeRTOS/Source/tasks.c **** 			}
 2646              		.loc 1 2853 21 view .LVU721
 2647              	.LBE146:
2875:Middlewares/Third_Party/FreeRTOS/Source/tasks.c **** }
 2648              		.loc 1 2875 2 is_stmt 1 view .LVU722
2875:Middlewares/Third_Party/FreeRTOS/Source/tasks.c **** }
 2649              		.loc 1 2875 9 is_stmt 0 view .LVU723
 2650 0070 3AE0     		b	.L196
 2651              	.LVL179:
 2652              	.L211:
 2653              	.LBB147:
ARM GAS  D:\TMP\ccFCmCnH.s 			page 155


2806:Middlewares/Third_Party/FreeRTOS/Source/tasks.c **** 						}
 2654              		.loc 1 2806 24 view .LVU724
 2655 0072 0127     		movs	r7, #1
 2656              	.LVL180:
 2657              	.L201:
2742:Middlewares/Third_Party/FreeRTOS/Source/tasks.c **** 			{
 2658              		.loc 1 2742 4 is_stmt 1 view .LVU725
2744:Middlewares/Third_Party/FreeRTOS/Source/tasks.c **** 				{
 2659              		.loc 1 2744 5 view .LVU726
2744:Middlewares/Third_Party/FreeRTOS/Source/tasks.c **** 				{
 2660              		.loc 1 2744 9 is_stmt 0 view .LVU727
 2661 0074 1F4B     		ldr	r3, .L217+8
 2662 0076 1B68     		ldr	r3, [r3]
 2663 0078 1B68     		ldr	r3, [r3]
2744:Middlewares/Third_Party/FreeRTOS/Source/tasks.c **** 				{
 2664              		.loc 1 2744 7 view .LVU728
 2665 007a 43B3     		cbz	r3, .L215
2760:Middlewares/Third_Party/FreeRTOS/Source/tasks.c **** 					xItemValue = listGET_LIST_ITEM_VALUE( &( pxTCB->xStateListItem ) );
 2666              		.loc 1 2760 6 is_stmt 1 view .LVU729
2760:Middlewares/Third_Party/FreeRTOS/Source/tasks.c **** 					xItemValue = listGET_LIST_ITEM_VALUE( &( pxTCB->xStateListItem ) );
 2667              		.loc 1 2760 14 is_stmt 0 view .LVU730
 2668 007c 1D4B     		ldr	r3, .L217+8
 2669 007e 1B68     		ldr	r3, [r3]
 2670 0080 DB68     		ldr	r3, [r3, #12]
2760:Middlewares/Third_Party/FreeRTOS/Source/tasks.c **** 					xItemValue = listGET_LIST_ITEM_VALUE( &( pxTCB->xStateListItem ) );
 2671              		.loc 1 2760 12 view .LVU731
 2672 0082 DC68     		ldr	r4, [r3, #12]
 2673              	.LVL181:
2761:Middlewares/Third_Party/FreeRTOS/Source/tasks.c **** 
 2674              		.loc 1 2761 6 is_stmt 1 view .LVU732
2761:Middlewares/Third_Party/FreeRTOS/Source/tasks.c **** 
 2675              		.loc 1 2761 17 is_stmt 0 view .LVU733
 2676 0084 6368     		ldr	r3, [r4, #4]
 2677              	.LVL182:
2763:Middlewares/Third_Party/FreeRTOS/Source/tasks.c **** 					{
 2678              		.loc 1 2763 6 is_stmt 1 view .LVU734
2763:Middlewares/Third_Party/FreeRTOS/Source/tasks.c **** 					{
 2679              		.loc 1 2763 8 is_stmt 0 view .LVU735
 2680 0086 9D42     		cmp	r5, r3
 2681 0088 26D3     		bcc	.L216
2775:Middlewares/Third_Party/FreeRTOS/Source/tasks.c **** 					}
 2682              		.loc 1 2775 31 is_stmt 1 view .LVU736
2779:Middlewares/Third_Party/FreeRTOS/Source/tasks.c **** 
 2683              		.loc 1 2779 6 view .LVU737
2779:Middlewares/Third_Party/FreeRTOS/Source/tasks.c **** 
 2684              		.loc 1 2779 15 is_stmt 0 view .LVU738
 2685 008a 261D     		adds	r6, r4, #4
 2686 008c 3046     		mov	r0, r6
 2687 008e FFF7FEFF 		bl	uxListRemove
 2688              	.LVL183:
2783:Middlewares/Third_Party/FreeRTOS/Source/tasks.c **** 					{
 2689              		.loc 1 2783 6 is_stmt 1 view .LVU739
2783:Middlewares/Third_Party/FreeRTOS/Source/tasks.c **** 					{
 2690              		.loc 1 2783 10 is_stmt 0 view .LVU740
 2691 0092 A36A     		ldr	r3, [r4, #40]
2783:Middlewares/Third_Party/FreeRTOS/Source/tasks.c **** 					{
 2692              		.loc 1 2783 8 view .LVU741
ARM GAS  D:\TMP\ccFCmCnH.s 			page 156


 2693 0094 1BB1     		cbz	r3, .L205
2785:Middlewares/Third_Party/FreeRTOS/Source/tasks.c **** 					}
 2694              		.loc 1 2785 7 is_stmt 1 view .LVU742
2785:Middlewares/Third_Party/FreeRTOS/Source/tasks.c **** 					}
 2695              		.loc 1 2785 16 is_stmt 0 view .LVU743
 2696 0096 04F11800 		add	r0, r4, #24
 2697 009a FFF7FEFF 		bl	uxListRemove
 2698              	.LVL184:
 2699              	.L205:
2789:Middlewares/Third_Party/FreeRTOS/Source/tasks.c **** 					}
 2700              		.loc 1 2789 31 is_stmt 1 view .LVU744
2794:Middlewares/Third_Party/FreeRTOS/Source/tasks.c **** 
 2701              		.loc 1 2794 6 view .LVU745
2794:Middlewares/Third_Party/FreeRTOS/Source/tasks.c **** 
 2702              		.loc 1 2794 6 view .LVU746
 2703 009e E36A     		ldr	r3, [r4, #44]
 2704 00a0 0122     		movs	r2, #1
 2705 00a2 9A40     		lsls	r2, r2, r3
 2706 00a4 1A49     		ldr	r1, .L217+36
 2707 00a6 0868     		ldr	r0, [r1]
 2708 00a8 0243     		orrs	r2, r2, r0
 2709 00aa 0A60     		str	r2, [r1]
2794:Middlewares/Third_Party/FreeRTOS/Source/tasks.c **** 
 2710              		.loc 1 2794 6 view .LVU747
 2711 00ac 03EB8303 		add	r3, r3, r3, lsl #2
 2712 00b0 9A00     		lsls	r2, r3, #2
 2713 00b2 3146     		mov	r1, r6
 2714 00b4 1448     		ldr	r0, .L217+28
 2715 00b6 1044     		add	r0, r0, r2
 2716 00b8 FFF7FEFF 		bl	vListInsertEnd
 2717              	.LVL185:
2794:Middlewares/Third_Party/FreeRTOS/Source/tasks.c **** 
 2718              		.loc 1 2794 36 discriminator 1 view .LVU748
2804:Middlewares/Third_Party/FreeRTOS/Source/tasks.c **** 						{
 2719              		.loc 1 2804 7 view .LVU749
2804:Middlewares/Third_Party/FreeRTOS/Source/tasks.c **** 						{
 2720              		.loc 1 2804 16 is_stmt 0 view .LVU750
 2721 00bc E26A     		ldr	r2, [r4, #44]
2804:Middlewares/Third_Party/FreeRTOS/Source/tasks.c **** 						{
 2722              		.loc 1 2804 44 view .LVU751
 2723 00be 114B     		ldr	r3, .L217+24
 2724 00c0 1B68     		ldr	r3, [r3]
 2725 00c2 DB6A     		ldr	r3, [r3, #44]
2804:Middlewares/Third_Party/FreeRTOS/Source/tasks.c **** 						{
 2726              		.loc 1 2804 9 view .LVU752
 2727 00c4 9A42     		cmp	r2, r3
 2728 00c6 D4D2     		bcs	.L211
 2729 00c8 D4E7     		b	.L201
 2730              	.LVL186:
 2731              	.L210:
2804:Middlewares/Third_Party/FreeRTOS/Source/tasks.c **** 						{
 2732              		.loc 1 2804 9 view .LVU753
 2733              	.LBE147:
2711:Middlewares/Third_Party/FreeRTOS/Source/tasks.c **** 
 2734              		.loc 1 2711 12 view .LVU754
 2735 00ca 0027     		movs	r7, #0
 2736 00cc D2E7     		b	.L201
ARM GAS  D:\TMP\ccFCmCnH.s 			page 157


 2737              	.LVL187:
 2738              	.L215:
 2739              	.LBB148:
2751:Middlewares/Third_Party/FreeRTOS/Source/tasks.c **** 					break;
 2740              		.loc 1 2751 6 is_stmt 1 view .LVU755
2751:Middlewares/Third_Party/FreeRTOS/Source/tasks.c **** 					break;
 2741              		.loc 1 2751 27 is_stmt 0 view .LVU756
 2742 00ce 0C4B     		ldr	r3, .L217+20
 2743 00d0 4FF0FF32 		mov	r2, #-1
 2744 00d4 1A60     		str	r2, [r3]
2752:Middlewares/Third_Party/FreeRTOS/Source/tasks.c **** 				}
 2745              		.loc 1 2752 6 is_stmt 1 view .LVU757
 2746 00d6 BBE7     		b	.L202
 2747              	.LVL188:
 2748              	.L216:
2770:Middlewares/Third_Party/FreeRTOS/Source/tasks.c **** 						break; /*lint !e9011 Code structure here is deedmed easier to understand with multiple breaks
 2749              		.loc 1 2770 7 view .LVU758
2770:Middlewares/Third_Party/FreeRTOS/Source/tasks.c **** 						break; /*lint !e9011 Code structure here is deedmed easier to understand with multiple breaks
 2750              		.loc 1 2770 28 is_stmt 0 view .LVU759
 2751 00d8 094A     		ldr	r2, .L217+20
 2752 00da 1360     		str	r3, [r2]
2771:Middlewares/Third_Party/FreeRTOS/Source/tasks.c **** 					}
 2753              		.loc 1 2771 7 is_stmt 1 view .LVU760
 2754 00dc B8E7     		b	.L202
 2755              	.LVL189:
 2756              	.L197:
2771:Middlewares/Third_Party/FreeRTOS/Source/tasks.c **** 					}
 2757              		.loc 1 2771 7 is_stmt 0 view .LVU761
 2758              	.LBE148:
2864:Middlewares/Third_Party/FreeRTOS/Source/tasks.c **** 
 2759              		.loc 1 2864 3 is_stmt 1 view .LVU762
 2760 00de 0D4A     		ldr	r2, .L217+40
 2761 00e0 1368     		ldr	r3, [r2]
 2762 00e2 0133     		adds	r3, r3, #1
 2763 00e4 1360     		str	r3, [r2]
2711:Middlewares/Third_Party/FreeRTOS/Source/tasks.c **** 
 2764              		.loc 1 2711 12 is_stmt 0 view .LVU763
 2765 00e6 0027     		movs	r7, #0
 2766              	.LVL190:
 2767              	.L196:
2876:Middlewares/Third_Party/FreeRTOS/Source/tasks.c **** /*-----------------------------------------------------------*/
 2768              		.loc 1 2876 1 view .LVU764
 2769 00e8 3846     		mov	r0, r7
 2770 00ea F8BD     		pop	{r3, r4, r5, r6, r7, pc}
 2771              	.L218:
 2772              		.align	2
 2773              	.L217:
 2774 00ec 00000000 		.word	uxSchedulerSuspended
 2775 00f0 00000000 		.word	xTickCount
 2776 00f4 00000000 		.word	pxDelayedTaskList
 2777 00f8 00000000 		.word	pxOverflowDelayedTaskList
 2778 00fc 00000000 		.word	xNumOfOverflows
 2779 0100 00000000 		.word	xNextTaskUnblockTime
 2780 0104 00000000 		.word	pxCurrentTCB
 2781 0108 00000000 		.word	pxReadyTasksLists
 2782 010c 00000000 		.word	xYieldPending
 2783 0110 00000000 		.word	uxTopReadyPriority
ARM GAS  D:\TMP\ccFCmCnH.s 			page 158


 2784 0114 00000000 		.word	xPendedTicks
 2785              		.cfi_endproc
 2786              	.LFE28:
 2788              		.section	.text.xTaskResumeAll,"ax",%progbits
 2789              		.align	1
 2790              		.global	xTaskResumeAll
 2791              		.syntax unified
 2792              		.thumb
 2793              		.thumb_func
 2795              	xTaskResumeAll:
 2796              	.LFB22:
2195:Middlewares/Third_Party/FreeRTOS/Source/tasks.c **** TCB_t *pxTCB = NULL;
 2797              		.loc 1 2195 1 is_stmt 1 view -0
 2798              		.cfi_startproc
 2799              		@ args = 0, pretend = 0, frame = 0
 2800              		@ frame_needed = 0, uses_anonymous_args = 0
 2801 0000 38B5     		push	{r3, r4, r5, lr}
 2802              	.LCFI25:
 2803              		.cfi_def_cfa_offset 16
 2804              		.cfi_offset 3, -16
 2805              		.cfi_offset 4, -12
 2806              		.cfi_offset 5, -8
 2807              		.cfi_offset 14, -4
2196:Middlewares/Third_Party/FreeRTOS/Source/tasks.c **** BaseType_t xAlreadyYielded = pdFALSE;
 2808              		.loc 1 2196 1 view .LVU766
 2809              	.LVL191:
2197:Middlewares/Third_Party/FreeRTOS/Source/tasks.c **** 
 2810              		.loc 1 2197 1 view .LVU767
2201:Middlewares/Third_Party/FreeRTOS/Source/tasks.c **** 
 2811              		.loc 1 2201 2 view .LVU768
 2812 0002 354B     		ldr	r3, .L235
 2813 0004 1B68     		ldr	r3, [r3]
 2814 0006 43B9     		cbnz	r3, .L220
2201:Middlewares/Third_Party/FreeRTOS/Source/tasks.c **** 
 2815              		.loc 1 2201 2 discriminator 1 view .LVU769
 2816              	.LBB149:
 2817              	.LBI149:
 193:Middlewares/Third_Party/FreeRTOS/Source/portable/GCC/ARM_CM3/portmacro.h **** {
 2818              		.loc 2 193 30 view .LVU770
 2819              	.LBB150:
 195:Middlewares/Third_Party/FreeRTOS/Source/portable/GCC/ARM_CM3/portmacro.h **** 
 2820              		.loc 2 195 1 view .LVU771
 197:Middlewares/Third_Party/FreeRTOS/Source/portable/GCC/ARM_CM3/portmacro.h **** 	(
 2821              		.loc 2 197 2 view .LVU772
 2822              		.syntax unified
 2823              	@ 197 "Middlewares/Third_Party/FreeRTOS/Source/portable/GCC/ARM_CM3/portmacro.h" 1
 2824 0008 4FF02003 			mov r3, #32												
 2825 000c 83F31188 		msr basepri, r3											
 2826 0010 BFF36F8F 		isb														
 2827 0014 BFF34F8F 		dsb														
 2828              	
 2829              	@ 0 "" 2
 2830              		.thumb
 2831              		.syntax unified
 2832              	.L221:
 2833              	.LBE150:
 2834              	.LBE149:
ARM GAS  D:\TMP\ccFCmCnH.s 			page 159


2201:Middlewares/Third_Party/FreeRTOS/Source/tasks.c **** 
 2835              		.loc 1 2201 2 discriminator 3 view .LVU773
2201:Middlewares/Third_Party/FreeRTOS/Source/tasks.c **** 
 2836              		.loc 1 2201 2 discriminator 3 view .LVU774
2201:Middlewares/Third_Party/FreeRTOS/Source/tasks.c **** 
 2837              		.loc 1 2201 2 discriminator 3 view .LVU775
 2838 0018 FEE7     		b	.L221
 2839              	.L220:
2201:Middlewares/Third_Party/FreeRTOS/Source/tasks.c **** 
 2840              		.loc 1 2201 38 discriminator 2 view .LVU776
2208:Middlewares/Third_Party/FreeRTOS/Source/tasks.c **** 	{
 2841              		.loc 1 2208 2 view .LVU777
 2842 001a FFF7FEFF 		bl	vPortEnterCritical
 2843              	.LVL192:
2210:Middlewares/Third_Party/FreeRTOS/Source/tasks.c **** 
 2844              		.loc 1 2210 3 view .LVU778
 2845 001e 2E4B     		ldr	r3, .L235
 2846 0020 1A68     		ldr	r2, [r3]
 2847 0022 013A     		subs	r2, r2, #1
 2848 0024 1A60     		str	r2, [r3]
2212:Middlewares/Third_Party/FreeRTOS/Source/tasks.c **** 		{
 2849              		.loc 1 2212 3 view .LVU779
2212:Middlewares/Third_Party/FreeRTOS/Source/tasks.c **** 		{
 2850              		.loc 1 2212 28 is_stmt 0 view .LVU780
 2851 0026 1B68     		ldr	r3, [r3]
2212:Middlewares/Third_Party/FreeRTOS/Source/tasks.c **** 		{
 2852              		.loc 1 2212 5 view .LVU781
 2853 0028 002B     		cmp	r3, #0
 2854 002a 4FD1     		bne	.L230
2214:Middlewares/Third_Party/FreeRTOS/Source/tasks.c **** 			{
 2855              		.loc 1 2214 4 is_stmt 1 view .LVU782
2214:Middlewares/Third_Party/FreeRTOS/Source/tasks.c **** 			{
 2856              		.loc 1 2214 31 is_stmt 0 view .LVU783
 2857 002c 2B4B     		ldr	r3, .L235+4
 2858 002e 1B68     		ldr	r3, [r3]
2214:Middlewares/Third_Party/FreeRTOS/Source/tasks.c **** 			{
 2859              		.loc 1 2214 6 view .LVU784
 2860 0030 0BB9     		cbnz	r3, .L231
2197:Middlewares/Third_Party/FreeRTOS/Source/tasks.c **** 
 2861              		.loc 1 2197 12 view .LVU785
 2862 0032 0024     		movs	r4, #0
 2863 0034 4BE0     		b	.L222
 2864              	.L231:
2196:Middlewares/Third_Party/FreeRTOS/Source/tasks.c **** BaseType_t xAlreadyYielded = pdFALSE;
 2865              		.loc 1 2196 8 view .LVU786
 2866 0036 0024     		movs	r4, #0
 2867              	.LVL193:
 2868              	.L223:
2233:Middlewares/Third_Party/FreeRTOS/Source/tasks.c **** 					}
 2869              		.loc 1 2233 31 is_stmt 1 view .LVU787
2218:Middlewares/Third_Party/FreeRTOS/Source/tasks.c **** 				{
 2870              		.loc 1 2218 52 view .LVU788
2218:Middlewares/Third_Party/FreeRTOS/Source/tasks.c **** 				{
 2871              		.loc 1 2218 12 is_stmt 0 view .LVU789
 2872 0038 294B     		ldr	r3, .L235+8
 2873 003a 1B68     		ldr	r3, [r3]
2218:Middlewares/Third_Party/FreeRTOS/Source/tasks.c **** 				{
ARM GAS  D:\TMP\ccFCmCnH.s 			page 160


 2874              		.loc 1 2218 52 view .LVU790
 2875 003c 1BB3     		cbz	r3, .L233
2220:Middlewares/Third_Party/FreeRTOS/Source/tasks.c **** 					( void ) uxListRemove( &( pxTCB->xEventListItem ) );
 2876              		.loc 1 2220 6 is_stmt 1 view .LVU791
2220:Middlewares/Third_Party/FreeRTOS/Source/tasks.c **** 					( void ) uxListRemove( &( pxTCB->xEventListItem ) );
 2877              		.loc 1 2220 14 is_stmt 0 view .LVU792
 2878 003e 284B     		ldr	r3, .L235+8
 2879 0040 DB68     		ldr	r3, [r3, #12]
2220:Middlewares/Third_Party/FreeRTOS/Source/tasks.c **** 					( void ) uxListRemove( &( pxTCB->xEventListItem ) );
 2880              		.loc 1 2220 12 view .LVU793
 2881 0042 DC68     		ldr	r4, [r3, #12]
 2882              	.LVL194:
2221:Middlewares/Third_Party/FreeRTOS/Source/tasks.c **** 					( void ) uxListRemove( &( pxTCB->xStateListItem ) );
 2883              		.loc 1 2221 6 is_stmt 1 view .LVU794
2221:Middlewares/Third_Party/FreeRTOS/Source/tasks.c **** 					( void ) uxListRemove( &( pxTCB->xStateListItem ) );
 2884              		.loc 1 2221 15 is_stmt 0 view .LVU795
 2885 0044 04F11800 		add	r0, r4, #24
 2886 0048 FFF7FEFF 		bl	uxListRemove
 2887              	.LVL195:
2222:Middlewares/Third_Party/FreeRTOS/Source/tasks.c **** 					prvAddTaskToReadyList( pxTCB );
 2888              		.loc 1 2222 6 is_stmt 1 view .LVU796
2222:Middlewares/Third_Party/FreeRTOS/Source/tasks.c **** 					prvAddTaskToReadyList( pxTCB );
 2889              		.loc 1 2222 15 is_stmt 0 view .LVU797
 2890 004c 251D     		adds	r5, r4, #4
 2891 004e 2846     		mov	r0, r5
 2892 0050 FFF7FEFF 		bl	uxListRemove
 2893              	.LVL196:
2223:Middlewares/Third_Party/FreeRTOS/Source/tasks.c **** 
 2894              		.loc 1 2223 6 is_stmt 1 view .LVU798
2223:Middlewares/Third_Party/FreeRTOS/Source/tasks.c **** 
 2895              		.loc 1 2223 6 view .LVU799
 2896 0054 E06A     		ldr	r0, [r4, #44]
 2897 0056 0123     		movs	r3, #1
 2898 0058 8340     		lsls	r3, r3, r0
 2899 005a 224A     		ldr	r2, .L235+12
 2900 005c 1168     		ldr	r1, [r2]
 2901 005e 0B43     		orrs	r3, r3, r1
 2902 0060 1360     		str	r3, [r2]
2223:Middlewares/Third_Party/FreeRTOS/Source/tasks.c **** 
 2903              		.loc 1 2223 6 view .LVU800
 2904 0062 00EB8000 		add	r0, r0, r0, lsl #2
 2905 0066 2946     		mov	r1, r5
 2906 0068 1F4B     		ldr	r3, .L235+16
 2907 006a 03EB8000 		add	r0, r3, r0, lsl #2
 2908 006e FFF7FEFF 		bl	vListInsertEnd
 2909              	.LVL197:
2223:Middlewares/Third_Party/FreeRTOS/Source/tasks.c **** 
 2910              		.loc 1 2223 36 discriminator 1 view .LVU801
2227:Middlewares/Third_Party/FreeRTOS/Source/tasks.c **** 					{
 2911              		.loc 1 2227 6 view .LVU802
2227:Middlewares/Third_Party/FreeRTOS/Source/tasks.c **** 					{
 2912              		.loc 1 2227 15 is_stmt 0 view .LVU803
 2913 0072 E26A     		ldr	r2, [r4, #44]
2227:Middlewares/Third_Party/FreeRTOS/Source/tasks.c **** 					{
 2914              		.loc 1 2227 43 view .LVU804
 2915 0074 1D4B     		ldr	r3, .L235+20
 2916 0076 1B68     		ldr	r3, [r3]
ARM GAS  D:\TMP\ccFCmCnH.s 			page 161


 2917 0078 DB6A     		ldr	r3, [r3, #44]
2227:Middlewares/Third_Party/FreeRTOS/Source/tasks.c **** 					{
 2918              		.loc 1 2227 8 view .LVU805
 2919 007a 9A42     		cmp	r2, r3
 2920 007c DCD3     		bcc	.L223
2229:Middlewares/Third_Party/FreeRTOS/Source/tasks.c **** 					}
 2921              		.loc 1 2229 7 is_stmt 1 view .LVU806
2229:Middlewares/Third_Party/FreeRTOS/Source/tasks.c **** 					}
 2922              		.loc 1 2229 21 is_stmt 0 view .LVU807
 2923 007e 1C4B     		ldr	r3, .L235+24
 2924 0080 0122     		movs	r2, #1
 2925 0082 1A60     		str	r2, [r3]
 2926 0084 D8E7     		b	.L223
 2927              	.L233:
2237:Middlewares/Third_Party/FreeRTOS/Source/tasks.c **** 				{
 2928              		.loc 1 2237 5 is_stmt 1 view .LVU808
2237:Middlewares/Third_Party/FreeRTOS/Source/tasks.c **** 				{
 2929              		.loc 1 2237 7 is_stmt 0 view .LVU809
 2930 0086 0CB1     		cbz	r4, .L226
2245:Middlewares/Third_Party/FreeRTOS/Source/tasks.c **** 				}
 2931              		.loc 1 2245 6 is_stmt 1 view .LVU810
 2932 0088 FFF7FEFF 		bl	prvResetNextTaskUnblockTime
 2933              	.LVL198:
 2934              	.L226:
 2935              	.LBB151:
2253:Middlewares/Third_Party/FreeRTOS/Source/tasks.c **** 
 2936              		.loc 1 2253 6 view .LVU811
2253:Middlewares/Third_Party/FreeRTOS/Source/tasks.c **** 
 2937              		.loc 1 2253 17 is_stmt 0 view .LVU812
 2938 008c 194B     		ldr	r3, .L235+28
 2939 008e 1C68     		ldr	r4, [r3]
 2940              	.LVL199:
2255:Middlewares/Third_Party/FreeRTOS/Source/tasks.c **** 					{
 2941              		.loc 1 2255 6 is_stmt 1 view .LVU813
2255:Middlewares/Third_Party/FreeRTOS/Source/tasks.c **** 					{
 2942              		.loc 1 2255 8 is_stmt 0 view .LVU814
 2943 0090 84B9     		cbnz	r4, .L229
 2944              	.L227:
2274:Middlewares/Third_Party/FreeRTOS/Source/tasks.c **** 					}
 2945              		.loc 1 2274 31 is_stmt 1 view .LVU815
 2946              	.LBE151:
2278:Middlewares/Third_Party/FreeRTOS/Source/tasks.c **** 				{
 2947              		.loc 1 2278 5 view .LVU816
2278:Middlewares/Third_Party/FreeRTOS/Source/tasks.c **** 				{
 2948              		.loc 1 2278 23 is_stmt 0 view .LVU817
 2949 0092 174B     		ldr	r3, .L235+24
 2950 0094 1C68     		ldr	r4, [r3]
 2951              	.LVL200:
2278:Middlewares/Third_Party/FreeRTOS/Source/tasks.c **** 				{
 2952              		.loc 1 2278 7 view .LVU818
 2953 0096 D4B1     		cbz	r4, .L222
2282:Middlewares/Third_Party/FreeRTOS/Source/tasks.c **** 					}
 2954              		.loc 1 2282 7 is_stmt 1 view .LVU819
 2955              	.LVL201:
2285:Middlewares/Third_Party/FreeRTOS/Source/tasks.c **** 				}
 2956              		.loc 1 2285 6 view .LVU820
 2957 0098 4FF0E023 		mov	r3, #-536813568
ARM GAS  D:\TMP\ccFCmCnH.s 			page 162


 2958 009c 4FF08052 		mov	r2, #268435456
 2959 00a0 C3F8042D 		str	r2, [r3, #3332]
2285:Middlewares/Third_Party/FreeRTOS/Source/tasks.c **** 				}
 2960              		.loc 1 2285 6 view .LVU821
 2961              		.syntax unified
 2962              	@ 2285 "Middlewares/Third_Party/FreeRTOS/Source/tasks.c" 1
 2963 00a4 BFF34F8F 		dsb
 2964              	@ 0 "" 2
2285:Middlewares/Third_Party/FreeRTOS/Source/tasks.c **** 				}
 2965              		.loc 1 2285 6 view .LVU822
 2966              	@ 2285 "Middlewares/Third_Party/FreeRTOS/Source/tasks.c" 1
 2967 00a8 BFF36F8F 		isb
 2968              	@ 0 "" 2
2285:Middlewares/Third_Party/FreeRTOS/Source/tasks.c **** 				}
 2969              		.loc 1 2285 37 view .LVU823
2282:Middlewares/Third_Party/FreeRTOS/Source/tasks.c **** 					}
 2970              		.loc 1 2282 23 is_stmt 0 view .LVU824
 2971              		.thumb
 2972              		.syntax unified
 2973 00ac 0124     		movs	r4, #1
 2974 00ae 0EE0     		b	.L222
 2975              	.LVL202:
 2976              	.L228:
 2977              	.LBB152:
2265:Middlewares/Third_Party/FreeRTOS/Source/tasks.c **** 							}
 2978              		.loc 1 2265 33 is_stmt 1 view .LVU825
2267:Middlewares/Third_Party/FreeRTOS/Source/tasks.c **** 						} while( xPendedCounts > ( TickType_t ) 0U );
 2979              		.loc 1 2267 8 view .LVU826
2268:Middlewares/Third_Party/FreeRTOS/Source/tasks.c **** 
 2980              		.loc 1 2268 30 view .LVU827
 2981 00b0 013C     		subs	r4, r4, #1
 2982              	.LVL203:
2268:Middlewares/Third_Party/FreeRTOS/Source/tasks.c **** 
 2983              		.loc 1 2268 30 is_stmt 0 view .LVU828
 2984 00b2 07D0     		beq	.L234
 2985              	.L229:
2257:Middlewares/Third_Party/FreeRTOS/Source/tasks.c **** 						{
 2986              		.loc 1 2257 7 is_stmt 1 view .LVU829
2259:Middlewares/Third_Party/FreeRTOS/Source/tasks.c **** 							{
 2987              		.loc 1 2259 8 view .LVU830
2259:Middlewares/Third_Party/FreeRTOS/Source/tasks.c **** 							{
 2988              		.loc 1 2259 12 is_stmt 0 view .LVU831
 2989 00b4 FFF7FEFF 		bl	xTaskIncrementTick
 2990              	.LVL204:
2259:Middlewares/Third_Party/FreeRTOS/Source/tasks.c **** 							{
 2991              		.loc 1 2259 10 discriminator 1 view .LVU832
 2992 00b8 0028     		cmp	r0, #0
 2993 00ba F9D0     		beq	.L228
2261:Middlewares/Third_Party/FreeRTOS/Source/tasks.c **** 							}
 2994              		.loc 1 2261 9 is_stmt 1 view .LVU833
2261:Middlewares/Third_Party/FreeRTOS/Source/tasks.c **** 							}
 2995              		.loc 1 2261 23 is_stmt 0 view .LVU834
 2996 00bc 0C4B     		ldr	r3, .L235+24
 2997 00be 0122     		movs	r2, #1
 2998 00c0 1A60     		str	r2, [r3]
 2999 00c2 F5E7     		b	.L228
 3000              	.L234:
ARM GAS  D:\TMP\ccFCmCnH.s 			page 163


2270:Middlewares/Third_Party/FreeRTOS/Source/tasks.c **** 					}
 3001              		.loc 1 2270 7 is_stmt 1 view .LVU835
2270:Middlewares/Third_Party/FreeRTOS/Source/tasks.c **** 					}
 3002              		.loc 1 2270 20 is_stmt 0 view .LVU836
 3003 00c4 0B4B     		ldr	r3, .L235+28
 3004 00c6 0022     		movs	r2, #0
 3005 00c8 1A60     		str	r2, [r3]
 3006 00ca E2E7     		b	.L227
 3007              	.LVL205:
 3008              	.L230:
2270:Middlewares/Third_Party/FreeRTOS/Source/tasks.c **** 					}
 3009              		.loc 1 2270 20 view .LVU837
 3010              	.LBE152:
2197:Middlewares/Third_Party/FreeRTOS/Source/tasks.c **** 
 3011              		.loc 1 2197 12 view .LVU838
 3012 00cc 0024     		movs	r4, #0
 3013              	.LVL206:
 3014              	.L222:
2295:Middlewares/Third_Party/FreeRTOS/Source/tasks.c **** 		}
 3015              		.loc 1 2295 28 is_stmt 1 view .LVU839
2298:Middlewares/Third_Party/FreeRTOS/Source/tasks.c **** 
 3016              		.loc 1 2298 2 view .LVU840
 3017 00ce FFF7FEFF 		bl	vPortExitCritical
 3018              	.LVL207:
2300:Middlewares/Third_Party/FreeRTOS/Source/tasks.c **** }
 3019              		.loc 1 2300 2 view .LVU841
2301:Middlewares/Third_Party/FreeRTOS/Source/tasks.c **** /*-----------------------------------------------------------*/
 3020              		.loc 1 2301 1 is_stmt 0 view .LVU842
 3021 00d2 2046     		mov	r0, r4
 3022 00d4 38BD     		pop	{r3, r4, r5, pc}
 3023              	.LVL208:
 3024              	.L236:
2301:Middlewares/Third_Party/FreeRTOS/Source/tasks.c **** /*-----------------------------------------------------------*/
 3025              		.loc 1 2301 1 view .LVU843
 3026 00d6 00BF     		.align	2
 3027              	.L235:
 3028 00d8 00000000 		.word	uxSchedulerSuspended
 3029 00dc 00000000 		.word	uxCurrentNumberOfTasks
 3030 00e0 00000000 		.word	xPendingReadyList
 3031 00e4 00000000 		.word	uxTopReadyPriority
 3032 00e8 00000000 		.word	pxReadyTasksLists
 3033 00ec 00000000 		.word	pxCurrentTCB
 3034 00f0 00000000 		.word	xYieldPending
 3035 00f4 00000000 		.word	xPendedTicks
 3036              		.cfi_endproc
 3037              	.LFE22:
 3039              		.section	.text.vTaskDelayUntil,"ax",%progbits
 3040              		.align	1
 3041              		.global	vTaskDelayUntil
 3042              		.syntax unified
 3043              		.thumb
 3044              		.thumb_func
 3046              	vTaskDelayUntil:
 3047              	.LVL209:
 3048              	.LFB9:
1258:Middlewares/Third_Party/FreeRTOS/Source/tasks.c **** 	TickType_t xTimeToWake;
 3049              		.loc 1 1258 2 is_stmt 1 view -0
ARM GAS  D:\TMP\ccFCmCnH.s 			page 164


 3050              		.cfi_startproc
 3051              		@ args = 0, pretend = 0, frame = 0
 3052              		@ frame_needed = 0, uses_anonymous_args = 0
1258:Middlewares/Third_Party/FreeRTOS/Source/tasks.c **** 	TickType_t xTimeToWake;
 3053              		.loc 1 1258 2 is_stmt 0 view .LVU845
 3054 0000 38B5     		push	{r3, r4, r5, lr}
 3055              	.LCFI26:
 3056              		.cfi_def_cfa_offset 16
 3057              		.cfi_offset 3, -16
 3058              		.cfi_offset 4, -12
 3059              		.cfi_offset 5, -8
 3060              		.cfi_offset 14, -4
1259:Middlewares/Third_Party/FreeRTOS/Source/tasks.c **** 	BaseType_t xAlreadyYielded, xShouldDelay = pdFALSE;
 3061              		.loc 1 1259 2 is_stmt 1 view .LVU846
1260:Middlewares/Third_Party/FreeRTOS/Source/tasks.c **** 
 3062              		.loc 1 1260 2 view .LVU847
 3063              	.LVL210:
1262:Middlewares/Third_Party/FreeRTOS/Source/tasks.c **** 		configASSERT( ( xTimeIncrement > 0U ) );
 3064              		.loc 1 1262 3 view .LVU848
 3065 0002 58B1     		cbz	r0, .L253
 3066 0004 0C46     		mov	r4, r1
 3067 0006 0546     		mov	r5, r0
1262:Middlewares/Third_Party/FreeRTOS/Source/tasks.c **** 		configASSERT( ( xTimeIncrement > 0U ) );
 3068              		.loc 1 1262 37 discriminator 2 view .LVU849
1263:Middlewares/Third_Party/FreeRTOS/Source/tasks.c **** 		configASSERT( uxSchedulerSuspended == 0 );
 3069              		.loc 1 1263 3 view .LVU850
 3070 0008 89B9     		cbnz	r1, .L240
1263:Middlewares/Third_Party/FreeRTOS/Source/tasks.c **** 		configASSERT( uxSchedulerSuspended == 0 );
 3071              		.loc 1 1263 3 discriminator 1 view .LVU851
 3072              	.LBB153:
 3073              	.LBI153:
 193:Middlewares/Third_Party/FreeRTOS/Source/portable/GCC/ARM_CM3/portmacro.h **** {
 3074              		.loc 2 193 30 view .LVU852
 3075              	.LBB154:
 195:Middlewares/Third_Party/FreeRTOS/Source/portable/GCC/ARM_CM3/portmacro.h **** 
 3076              		.loc 2 195 1 view .LVU853
 197:Middlewares/Third_Party/FreeRTOS/Source/portable/GCC/ARM_CM3/portmacro.h **** 	(
 3077              		.loc 2 197 2 view .LVU854
 3078              		.syntax unified
 3079              	@ 197 "Middlewares/Third_Party/FreeRTOS/Source/portable/GCC/ARM_CM3/portmacro.h" 1
 3080 000a 4FF02003 			mov r3, #32												
 3081 000e 83F31188 		msr basepri, r3											
 3082 0012 BFF36F8F 		isb														
 3083 0016 BFF34F8F 		dsb														
 3084              	
 3085              	@ 0 "" 2
 3086              		.thumb
 3087              		.syntax unified
 3088              	.L241:
 3089              	.LBE154:
 3090              	.LBE153:
1263:Middlewares/Third_Party/FreeRTOS/Source/tasks.c **** 		configASSERT( uxSchedulerSuspended == 0 );
 3091              		.loc 1 1263 3 discriminator 3 view .LVU855
1263:Middlewares/Third_Party/FreeRTOS/Source/tasks.c **** 		configASSERT( uxSchedulerSuspended == 0 );
 3092              		.loc 1 1263 3 discriminator 3 view .LVU856
1263:Middlewares/Third_Party/FreeRTOS/Source/tasks.c **** 		configASSERT( uxSchedulerSuspended == 0 );
 3093              		.loc 1 1263 3 discriminator 3 view .LVU857
ARM GAS  D:\TMP\ccFCmCnH.s 			page 165


 3094 001a FEE7     		b	.L241
 3095              	.L253:
1262:Middlewares/Third_Party/FreeRTOS/Source/tasks.c **** 		configASSERT( ( xTimeIncrement > 0U ) );
 3096              		.loc 1 1262 3 discriminator 1 view .LVU858
 3097              	.LBB155:
 3098              	.LBI155:
 193:Middlewares/Third_Party/FreeRTOS/Source/portable/GCC/ARM_CM3/portmacro.h **** {
 3099              		.loc 2 193 30 view .LVU859
 3100              	.LBB156:
 195:Middlewares/Third_Party/FreeRTOS/Source/portable/GCC/ARM_CM3/portmacro.h **** 
 3101              		.loc 2 195 1 view .LVU860
 197:Middlewares/Third_Party/FreeRTOS/Source/portable/GCC/ARM_CM3/portmacro.h **** 	(
 3102              		.loc 2 197 2 view .LVU861
 3103              		.syntax unified
 3104              	@ 197 "Middlewares/Third_Party/FreeRTOS/Source/portable/GCC/ARM_CM3/portmacro.h" 1
 3105 001c 4FF02003 			mov r3, #32												
 3106 0020 83F31188 		msr basepri, r3											
 3107 0024 BFF36F8F 		isb														
 3108 0028 BFF34F8F 		dsb														
 3109              	
 3110              	@ 0 "" 2
 3111              		.thumb
 3112              		.syntax unified
 3113              	.L239:
 3114              	.LBE156:
 3115              	.LBE155:
1262:Middlewares/Third_Party/FreeRTOS/Source/tasks.c **** 		configASSERT( ( xTimeIncrement > 0U ) );
 3116              		.loc 1 1262 3 discriminator 3 view .LVU862
1262:Middlewares/Third_Party/FreeRTOS/Source/tasks.c **** 		configASSERT( ( xTimeIncrement > 0U ) );
 3117              		.loc 1 1262 3 discriminator 3 view .LVU863
1262:Middlewares/Third_Party/FreeRTOS/Source/tasks.c **** 		configASSERT( ( xTimeIncrement > 0U ) );
 3118              		.loc 1 1262 3 discriminator 3 view .LVU864
 3119 002c FEE7     		b	.L239
 3120              	.L240:
1263:Middlewares/Third_Party/FreeRTOS/Source/tasks.c **** 		configASSERT( uxSchedulerSuspended == 0 );
 3121              		.loc 1 1263 42 discriminator 2 view .LVU865
1264:Middlewares/Third_Party/FreeRTOS/Source/tasks.c **** 
 3122              		.loc 1 1264 3 view .LVU866
 3123 002e 1B4B     		ldr	r3, .L254
 3124 0030 1B68     		ldr	r3, [r3]
 3125 0032 43B1     		cbz	r3, .L242
1264:Middlewares/Third_Party/FreeRTOS/Source/tasks.c **** 
 3126              		.loc 1 1264 3 discriminator 1 view .LVU867
 3127              	.LBB157:
 3128              	.LBI157:
 193:Middlewares/Third_Party/FreeRTOS/Source/portable/GCC/ARM_CM3/portmacro.h **** {
 3129              		.loc 2 193 30 view .LVU868
 3130              	.LBB158:
 195:Middlewares/Third_Party/FreeRTOS/Source/portable/GCC/ARM_CM3/portmacro.h **** 
 3131              		.loc 2 195 1 view .LVU869
 197:Middlewares/Third_Party/FreeRTOS/Source/portable/GCC/ARM_CM3/portmacro.h **** 	(
 3132              		.loc 2 197 2 view .LVU870
 3133              		.syntax unified
 3134              	@ 197 "Middlewares/Third_Party/FreeRTOS/Source/portable/GCC/ARM_CM3/portmacro.h" 1
 3135 0034 4FF02003 			mov r3, #32												
 3136 0038 83F31188 		msr basepri, r3											
 3137 003c BFF36F8F 		isb														
ARM GAS  D:\TMP\ccFCmCnH.s 			page 166


 3138 0040 BFF34F8F 		dsb														
 3139              	
 3140              	@ 0 "" 2
 3141              		.thumb
 3142              		.syntax unified
 3143              	.L243:
 3144              	.LBE158:
 3145              	.LBE157:
1264:Middlewares/Third_Party/FreeRTOS/Source/tasks.c **** 
 3146              		.loc 1 1264 3 discriminator 3 view .LVU871
1264:Middlewares/Third_Party/FreeRTOS/Source/tasks.c **** 
 3147              		.loc 1 1264 3 discriminator 3 view .LVU872
1264:Middlewares/Third_Party/FreeRTOS/Source/tasks.c **** 
 3148              		.loc 1 1264 3 discriminator 3 view .LVU873
 3149 0044 FEE7     		b	.L243
 3150              	.L242:
1264:Middlewares/Third_Party/FreeRTOS/Source/tasks.c **** 
 3151              		.loc 1 1264 44 discriminator 2 view .LVU874
1266:Middlewares/Third_Party/FreeRTOS/Source/tasks.c **** 		{
 3152              		.loc 1 1266 3 view .LVU875
 3153 0046 FFF7FEFF 		bl	vTaskSuspendAll
 3154              	.LVL211:
 3155              	.LBB159:
1270:Middlewares/Third_Party/FreeRTOS/Source/tasks.c **** 
 3156              		.loc 1 1270 4 view .LVU876
1270:Middlewares/Third_Party/FreeRTOS/Source/tasks.c **** 
 3157              		.loc 1 1270 21 is_stmt 0 view .LVU877
 3158 004a 154B     		ldr	r3, .L254+4
 3159 004c 1868     		ldr	r0, [r3]
 3160              	.LVL212:
1273:Middlewares/Third_Party/FreeRTOS/Source/tasks.c **** 
 3161              		.loc 1 1273 4 is_stmt 1 view .LVU878
1273:Middlewares/Third_Party/FreeRTOS/Source/tasks.c **** 
 3162              		.loc 1 1273 18 is_stmt 0 view .LVU879
 3163 004e 2B68     		ldr	r3, [r5]
1273:Middlewares/Third_Party/FreeRTOS/Source/tasks.c **** 
 3164              		.loc 1 1273 16 view .LVU880
 3165 0050 1C44     		add	r4, r4, r3
 3166              	.LVL213:
1275:Middlewares/Third_Party/FreeRTOS/Source/tasks.c **** 			{
 3167              		.loc 1 1275 4 is_stmt 1 view .LVU881
1275:Middlewares/Third_Party/FreeRTOS/Source/tasks.c **** 			{
 3168              		.loc 1 1275 6 is_stmt 0 view .LVU882
 3169 0052 8342     		cmp	r3, r0
 3170 0054 09D9     		bls	.L244
1282:Middlewares/Third_Party/FreeRTOS/Source/tasks.c **** 				{
 3171              		.loc 1 1282 5 is_stmt 1 view .LVU883
1282:Middlewares/Third_Party/FreeRTOS/Source/tasks.c **** 				{
 3172              		.loc 1 1282 7 is_stmt 0 view .LVU884
 3173 0056 A342     		cmp	r3, r4
 3174 0058 01D8     		bhi	.L245
1307:Middlewares/Third_Party/FreeRTOS/Source/tasks.c **** 
 3175              		.loc 1 1307 4 is_stmt 1 view .LVU885
1307:Middlewares/Third_Party/FreeRTOS/Source/tasks.c **** 
 3176              		.loc 1 1307 24 is_stmt 0 view .LVU886
 3177 005a 2C60     		str	r4, [r5]
1309:Middlewares/Third_Party/FreeRTOS/Source/tasks.c **** 			{
ARM GAS  D:\TMP\ccFCmCnH.s 			page 167


 3178              		.loc 1 1309 4 is_stmt 1 view .LVU887
 3179 005c 0EE0     		b	.L246
 3180              	.L245:
1282:Middlewares/Third_Party/FreeRTOS/Source/tasks.c **** 				{
 3181              		.loc 1 1282 47 is_stmt 0 discriminator 1 view .LVU888
 3182 005e A042     		cmp	r0, r4
 3183 0060 01D3     		bcc	.L247
1307:Middlewares/Third_Party/FreeRTOS/Source/tasks.c **** 
 3184              		.loc 1 1307 4 is_stmt 1 view .LVU889
1307:Middlewares/Third_Party/FreeRTOS/Source/tasks.c **** 
 3185              		.loc 1 1307 24 is_stmt 0 view .LVU890
 3186 0062 2C60     		str	r4, [r5]
1309:Middlewares/Third_Party/FreeRTOS/Source/tasks.c **** 			{
 3187              		.loc 1 1309 4 is_stmt 1 view .LVU891
 3188 0064 0AE0     		b	.L246
 3189              	.L247:
1284:Middlewares/Third_Party/FreeRTOS/Source/tasks.c **** 				}
 3190              		.loc 1 1284 6 view .LVU892
 3191              	.LVL214:
1307:Middlewares/Third_Party/FreeRTOS/Source/tasks.c **** 
 3192              		.loc 1 1307 4 view .LVU893
1307:Middlewares/Third_Party/FreeRTOS/Source/tasks.c **** 
 3193              		.loc 1 1307 24 is_stmt 0 view .LVU894
 3194 0066 2C60     		str	r4, [r5]
1309:Middlewares/Third_Party/FreeRTOS/Source/tasks.c **** 			{
 3195              		.loc 1 1309 4 is_stmt 1 view .LVU895
 3196 0068 04E0     		b	.L248
 3197              	.LVL215:
 3198              	.L244:
1296:Middlewares/Third_Party/FreeRTOS/Source/tasks.c **** 				{
 3199              		.loc 1 1296 5 view .LVU896
1296:Middlewares/Third_Party/FreeRTOS/Source/tasks.c **** 				{
 3200              		.loc 1 1296 7 is_stmt 0 view .LVU897
 3201 006a A342     		cmp	r3, r4
 3202 006c 01D8     		bhi	.L249
1296:Middlewares/Third_Party/FreeRTOS/Source/tasks.c **** 				{
 3203              		.loc 1 1296 47 discriminator 1 view .LVU898
 3204 006e A042     		cmp	r0, r4
 3205 0070 12D2     		bcs	.L250
 3206              	.L249:
1298:Middlewares/Third_Party/FreeRTOS/Source/tasks.c **** 				}
 3207              		.loc 1 1298 6 is_stmt 1 view .LVU899
 3208              	.LVL216:
1307:Middlewares/Third_Party/FreeRTOS/Source/tasks.c **** 
 3209              		.loc 1 1307 4 view .LVU900
1307:Middlewares/Third_Party/FreeRTOS/Source/tasks.c **** 
 3210              		.loc 1 1307 24 is_stmt 0 view .LVU901
 3211 0072 2C60     		str	r4, [r5]
1309:Middlewares/Third_Party/FreeRTOS/Source/tasks.c **** 			{
 3212              		.loc 1 1309 4 is_stmt 1 view .LVU902
 3213              	.L248:
1311:Middlewares/Third_Party/FreeRTOS/Source/tasks.c **** 
 3214              		.loc 1 1311 41 view .LVU903
1315:Middlewares/Third_Party/FreeRTOS/Source/tasks.c **** 			}
 3215              		.loc 1 1315 5 view .LVU904
 3216 0074 0021     		movs	r1, #0
 3217 0076 201A     		subs	r0, r4, r0
ARM GAS  D:\TMP\ccFCmCnH.s 			page 168


 3218              	.LVL217:
1315:Middlewares/Third_Party/FreeRTOS/Source/tasks.c **** 			}
 3219              		.loc 1 1315 5 is_stmt 0 view .LVU905
 3220 0078 FFF7FEFF 		bl	prvAddCurrentTaskToDelayedList
 3221              	.LVL218:
 3222              	.L246:
1319:Middlewares/Third_Party/FreeRTOS/Source/tasks.c **** 			}
 3223              		.loc 1 1319 29 is_stmt 1 view .LVU906
 3224              	.LBE159:
1322:Middlewares/Third_Party/FreeRTOS/Source/tasks.c **** 
 3225              		.loc 1 1322 3 view .LVU907
1322:Middlewares/Third_Party/FreeRTOS/Source/tasks.c **** 
 3226              		.loc 1 1322 21 is_stmt 0 view .LVU908
 3227 007c FFF7FEFF 		bl	xTaskResumeAll
 3228              	.LVL219:
1326:Middlewares/Third_Party/FreeRTOS/Source/tasks.c **** 		{
 3229              		.loc 1 1326 3 is_stmt 1 view .LVU909
1326:Middlewares/Third_Party/FreeRTOS/Source/tasks.c **** 		{
 3230              		.loc 1 1326 5 is_stmt 0 view .LVU910
 3231 0080 48B9     		cbnz	r0, .L237
1328:Middlewares/Third_Party/FreeRTOS/Source/tasks.c **** 		}
 3232              		.loc 1 1328 4 is_stmt 1 view .LVU911
 3233 0082 4FF0E023 		mov	r3, #-536813568
 3234 0086 4FF08052 		mov	r2, #268435456
 3235 008a C3F8042D 		str	r2, [r3, #3332]
1328:Middlewares/Third_Party/FreeRTOS/Source/tasks.c **** 		}
 3236              		.loc 1 1328 4 view .LVU912
 3237              		.syntax unified
 3238              	@ 1328 "Middlewares/Third_Party/FreeRTOS/Source/tasks.c" 1
 3239 008e BFF34F8F 		dsb
 3240              	@ 0 "" 2
1328:Middlewares/Third_Party/FreeRTOS/Source/tasks.c **** 		}
 3241              		.loc 1 1328 4 view .LVU913
 3242              	@ 1328 "Middlewares/Third_Party/FreeRTOS/Source/tasks.c" 1
 3243 0092 BFF36F8F 		isb
 3244              	@ 0 "" 2
1328:Middlewares/Third_Party/FreeRTOS/Source/tasks.c **** 		}
 3245              		.loc 1 1328 26 view .LVU914
1332:Middlewares/Third_Party/FreeRTOS/Source/tasks.c **** 		}
 3246              		.loc 1 1332 28 view .LVU915
 3247              		.thumb
 3248              		.syntax unified
 3249              	.L237:
1334:Middlewares/Third_Party/FreeRTOS/Source/tasks.c **** 
 3250              		.loc 1 1334 2 is_stmt 0 view .LVU916
 3251 0096 38BD     		pop	{r3, r4, r5, pc}
 3252              	.LVL220:
 3253              	.L250:
 3254              	.LBB160:
1307:Middlewares/Third_Party/FreeRTOS/Source/tasks.c **** 
 3255              		.loc 1 1307 4 is_stmt 1 view .LVU917
1307:Middlewares/Third_Party/FreeRTOS/Source/tasks.c **** 
 3256              		.loc 1 1307 24 is_stmt 0 view .LVU918
 3257 0098 2C60     		str	r4, [r5]
1309:Middlewares/Third_Party/FreeRTOS/Source/tasks.c **** 			{
 3258              		.loc 1 1309 4 is_stmt 1 view .LVU919
 3259 009a EFE7     		b	.L246
ARM GAS  D:\TMP\ccFCmCnH.s 			page 169


 3260              	.L255:
 3261              		.align	2
 3262              	.L254:
 3263 009c 00000000 		.word	uxSchedulerSuspended
 3264 00a0 00000000 		.word	xTickCount
 3265              	.LBE160:
 3266              		.cfi_endproc
 3267              	.LFE9:
 3269              		.section	.text.vTaskDelay,"ax",%progbits
 3270              		.align	1
 3271              		.global	vTaskDelay
 3272              		.syntax unified
 3273              		.thumb
 3274              		.thumb_func
 3276              	vTaskDelay:
 3277              	.LVL221:
 3278              	.LFB10:
1342:Middlewares/Third_Party/FreeRTOS/Source/tasks.c **** 	BaseType_t xAlreadyYielded = pdFALSE;
 3279              		.loc 1 1342 2 view -0
 3280              		.cfi_startproc
 3281              		@ args = 0, pretend = 0, frame = 0
 3282              		@ frame_needed = 0, uses_anonymous_args = 0
1342:Middlewares/Third_Party/FreeRTOS/Source/tasks.c **** 	BaseType_t xAlreadyYielded = pdFALSE;
 3283              		.loc 1 1342 2 is_stmt 0 view .LVU921
 3284 0000 10B5     		push	{r4, lr}
 3285              	.LCFI27:
 3286              		.cfi_def_cfa_offset 8
 3287              		.cfi_offset 4, -8
 3288              		.cfi_offset 14, -4
1343:Middlewares/Third_Party/FreeRTOS/Source/tasks.c **** 
 3289              		.loc 1 1343 2 is_stmt 1 view .LVU922
 3290              	.LVL222:
1346:Middlewares/Third_Party/FreeRTOS/Source/tasks.c **** 		{
 3291              		.loc 1 1346 3 view .LVU923
1346:Middlewares/Third_Party/FreeRTOS/Source/tasks.c **** 		{
 3292              		.loc 1 1346 5 is_stmt 0 view .LVU924
 3293 0002 A8B1     		cbz	r0, .L257
 3294 0004 0446     		mov	r4, r0
1348:Middlewares/Third_Party/FreeRTOS/Source/tasks.c **** 			vTaskSuspendAll();
 3295              		.loc 1 1348 4 is_stmt 1 view .LVU925
 3296 0006 104B     		ldr	r3, .L262
 3297 0008 1B68     		ldr	r3, [r3]
 3298 000a 43B1     		cbz	r3, .L258
1348:Middlewares/Third_Party/FreeRTOS/Source/tasks.c **** 			vTaskSuspendAll();
 3299              		.loc 1 1348 4 discriminator 1 view .LVU926
 3300              	.LBB161:
 3301              	.LBI161:
 193:Middlewares/Third_Party/FreeRTOS/Source/portable/GCC/ARM_CM3/portmacro.h **** {
 3302              		.loc 2 193 30 view .LVU927
 3303              	.LBB162:
 195:Middlewares/Third_Party/FreeRTOS/Source/portable/GCC/ARM_CM3/portmacro.h **** 
 3304              		.loc 2 195 1 view .LVU928
 197:Middlewares/Third_Party/FreeRTOS/Source/portable/GCC/ARM_CM3/portmacro.h **** 	(
 3305              		.loc 2 197 2 view .LVU929
 3306              		.syntax unified
 3307              	@ 197 "Middlewares/Third_Party/FreeRTOS/Source/portable/GCC/ARM_CM3/portmacro.h" 1
 3308 000c 4FF02003 			mov r3, #32												
ARM GAS  D:\TMP\ccFCmCnH.s 			page 170


 3309 0010 83F31188 		msr basepri, r3											
 3310 0014 BFF36F8F 		isb														
 3311 0018 BFF34F8F 		dsb														
 3312              	
 3313              	@ 0 "" 2
 3314              		.thumb
 3315              		.syntax unified
 3316              	.L259:
 3317              	.LBE162:
 3318              	.LBE161:
1348:Middlewares/Third_Party/FreeRTOS/Source/tasks.c **** 			vTaskSuspendAll();
 3319              		.loc 1 1348 4 discriminator 3 view .LVU930
1348:Middlewares/Third_Party/FreeRTOS/Source/tasks.c **** 			vTaskSuspendAll();
 3320              		.loc 1 1348 4 discriminator 3 view .LVU931
1348:Middlewares/Third_Party/FreeRTOS/Source/tasks.c **** 			vTaskSuspendAll();
 3321              		.loc 1 1348 4 discriminator 3 view .LVU932
 3322 001c FEE7     		b	.L259
 3323              	.L258:
1348:Middlewares/Third_Party/FreeRTOS/Source/tasks.c **** 			vTaskSuspendAll();
 3324              		.loc 1 1348 45 discriminator 2 view .LVU933
1349:Middlewares/Third_Party/FreeRTOS/Source/tasks.c **** 			{
 3325              		.loc 1 1349 4 view .LVU934
 3326 001e FFF7FEFF 		bl	vTaskSuspendAll
 3327              	.LVL223:
1351:Middlewares/Third_Party/FreeRTOS/Source/tasks.c **** 
 3328              		.loc 1 1351 22 view .LVU935
1360:Middlewares/Third_Party/FreeRTOS/Source/tasks.c **** 			}
 3329              		.loc 1 1360 5 view .LVU936
 3330 0022 0021     		movs	r1, #0
 3331 0024 2046     		mov	r0, r4
 3332 0026 FFF7FEFF 		bl	prvAddCurrentTaskToDelayedList
 3333              	.LVL224:
1362:Middlewares/Third_Party/FreeRTOS/Source/tasks.c **** 		}
 3334              		.loc 1 1362 4 view .LVU937
1362:Middlewares/Third_Party/FreeRTOS/Source/tasks.c **** 		}
 3335              		.loc 1 1362 22 is_stmt 0 view .LVU938
 3336 002a FFF7FEFF 		bl	xTaskResumeAll
 3337              	.LVL225:
1366:Middlewares/Third_Party/FreeRTOS/Source/tasks.c **** 		}
 3338              		.loc 1 1366 28 is_stmt 1 view .LVU939
1371:Middlewares/Third_Party/FreeRTOS/Source/tasks.c **** 		{
 3339              		.loc 1 1371 3 view .LVU940
1371:Middlewares/Third_Party/FreeRTOS/Source/tasks.c **** 		{
 3340              		.loc 1 1371 5 is_stmt 0 view .LVU941
 3341 002e 48B9     		cbnz	r0, .L256
 3342              	.LVL226:
 3343              	.L257:
1373:Middlewares/Third_Party/FreeRTOS/Source/tasks.c **** 		}
 3344              		.loc 1 1373 4 is_stmt 1 view .LVU942
 3345 0030 4FF0E023 		mov	r3, #-536813568
 3346 0034 4FF08052 		mov	r2, #268435456
 3347 0038 C3F8042D 		str	r2, [r3, #3332]
1373:Middlewares/Third_Party/FreeRTOS/Source/tasks.c **** 		}
 3348              		.loc 1 1373 4 view .LVU943
 3349              		.syntax unified
 3350              	@ 1373 "Middlewares/Third_Party/FreeRTOS/Source/tasks.c" 1
 3351 003c BFF34F8F 		dsb
ARM GAS  D:\TMP\ccFCmCnH.s 			page 171


 3352              	@ 0 "" 2
1373:Middlewares/Third_Party/FreeRTOS/Source/tasks.c **** 		}
 3353              		.loc 1 1373 4 view .LVU944
 3354              	@ 1373 "Middlewares/Third_Party/FreeRTOS/Source/tasks.c" 1
 3355 0040 BFF36F8F 		isb
 3356              	@ 0 "" 2
1373:Middlewares/Third_Party/FreeRTOS/Source/tasks.c **** 		}
 3357              		.loc 1 1373 26 view .LVU945
1377:Middlewares/Third_Party/FreeRTOS/Source/tasks.c **** 		}
 3358              		.loc 1 1377 28 view .LVU946
 3359              		.thumb
 3360              		.syntax unified
 3361              	.L256:
1379:Middlewares/Third_Party/FreeRTOS/Source/tasks.c **** 
 3362              		.loc 1 1379 2 is_stmt 0 view .LVU947
 3363 0044 10BD     		pop	{r4, pc}
 3364              	.L263:
 3365 0046 00BF     		.align	2
 3366              	.L262:
 3367 0048 00000000 		.word	uxSchedulerSuspended
 3368              		.cfi_endproc
 3369              	.LFE10:
 3371              		.section	.text.xTaskCatchUpTicks,"ax",%progbits
 3372              		.align	1
 3373              		.global	xTaskCatchUpTicks
 3374              		.syntax unified
 3375              		.thumb
 3376              		.thumb_func
 3378              	xTaskCatchUpTicks:
 3379              	.LVL227:
 3380              	.LFB27:
2610:Middlewares/Third_Party/FreeRTOS/Source/tasks.c **** BaseType_t xYieldRequired = pdFALSE;
 3381              		.loc 1 2610 1 is_stmt 1 view -0
 3382              		.cfi_startproc
 3383              		@ args = 0, pretend = 0, frame = 0
 3384              		@ frame_needed = 0, uses_anonymous_args = 0
2611:Middlewares/Third_Party/FreeRTOS/Source/tasks.c **** 
 3385              		.loc 1 2611 1 view .LVU949
2615:Middlewares/Third_Party/FreeRTOS/Source/tasks.c **** 
 3386              		.loc 1 2615 2 view .LVU950
 3387 0000 0B4B     		ldr	r3, .L269
 3388 0002 1B68     		ldr	r3, [r3]
 3389 0004 43B1     		cbz	r3, .L265
2615:Middlewares/Third_Party/FreeRTOS/Source/tasks.c **** 
 3390              		.loc 1 2615 2 discriminator 1 view .LVU951
 3391              	.LBB163:
 3392              	.LBI163:
 193:Middlewares/Third_Party/FreeRTOS/Source/portable/GCC/ARM_CM3/portmacro.h **** {
 3393              		.loc 2 193 30 view .LVU952
 3394              	.LBB164:
 195:Middlewares/Third_Party/FreeRTOS/Source/portable/GCC/ARM_CM3/portmacro.h **** 
 3395              		.loc 2 195 1 view .LVU953
 197:Middlewares/Third_Party/FreeRTOS/Source/portable/GCC/ARM_CM3/portmacro.h **** 	(
 3396              		.loc 2 197 2 view .LVU954
 3397              		.syntax unified
 3398              	@ 197 "Middlewares/Third_Party/FreeRTOS/Source/portable/GCC/ARM_CM3/portmacro.h" 1
 3399 0006 4FF02003 			mov r3, #32												
ARM GAS  D:\TMP\ccFCmCnH.s 			page 172


 3400 000a 83F31188 		msr basepri, r3											
 3401 000e BFF36F8F 		isb														
 3402 0012 BFF34F8F 		dsb														
 3403              	
 3404              	@ 0 "" 2
 3405              		.thumb
 3406              		.syntax unified
 3407              	.L266:
 3408              	.LBE164:
 3409              	.LBE163:
2615:Middlewares/Third_Party/FreeRTOS/Source/tasks.c **** 
 3410              		.loc 1 2615 2 discriminator 3 view .LVU955
2615:Middlewares/Third_Party/FreeRTOS/Source/tasks.c **** 
 3411              		.loc 1 2615 2 discriminator 3 view .LVU956
2615:Middlewares/Third_Party/FreeRTOS/Source/tasks.c **** 
 3412              		.loc 1 2615 2 discriminator 3 view .LVU957
 3413 0016 FEE7     		b	.L266
 3414              	.L265:
2610:Middlewares/Third_Party/FreeRTOS/Source/tasks.c **** BaseType_t xYieldRequired = pdFALSE;
 3415              		.loc 1 2610 1 is_stmt 0 view .LVU958
 3416 0018 10B5     		push	{r4, lr}
 3417              	.LCFI28:
 3418              		.cfi_def_cfa_offset 8
 3419              		.cfi_offset 4, -8
 3420              		.cfi_offset 14, -4
 3421 001a 0446     		mov	r4, r0
2615:Middlewares/Third_Party/FreeRTOS/Source/tasks.c **** 
 3422              		.loc 1 2615 43 is_stmt 1 discriminator 2 view .LVU959
2619:Middlewares/Third_Party/FreeRTOS/Source/tasks.c **** 	xPendedTicks += xTicksToCatchUp;
 3423              		.loc 1 2619 2 view .LVU960
 3424 001c FFF7FEFF 		bl	vTaskSuspendAll
 3425              	.LVL228:
2620:Middlewares/Third_Party/FreeRTOS/Source/tasks.c **** 	xYieldRequired = xTaskResumeAll();
 3426              		.loc 1 2620 2 view .LVU961
2620:Middlewares/Third_Party/FreeRTOS/Source/tasks.c **** 	xYieldRequired = xTaskResumeAll();
 3427              		.loc 1 2620 15 is_stmt 0 view .LVU962
 3428 0020 044A     		ldr	r2, .L269+4
 3429 0022 1368     		ldr	r3, [r2]
 3430 0024 2344     		add	r3, r3, r4
 3431 0026 1360     		str	r3, [r2]
2621:Middlewares/Third_Party/FreeRTOS/Source/tasks.c **** 
 3432              		.loc 1 2621 2 is_stmt 1 view .LVU963
2621:Middlewares/Third_Party/FreeRTOS/Source/tasks.c **** 
 3433              		.loc 1 2621 19 is_stmt 0 view .LVU964
 3434 0028 FFF7FEFF 		bl	xTaskResumeAll
 3435              	.LVL229:
2623:Middlewares/Third_Party/FreeRTOS/Source/tasks.c **** }
 3436              		.loc 1 2623 2 is_stmt 1 view .LVU965
2624:Middlewares/Third_Party/FreeRTOS/Source/tasks.c **** /*----------------------------------------------------------*/
 3437              		.loc 1 2624 1 is_stmt 0 view .LVU966
 3438 002c 10BD     		pop	{r4, pc}
 3439              	.LVL230:
 3440              	.L270:
2624:Middlewares/Third_Party/FreeRTOS/Source/tasks.c **** /*----------------------------------------------------------*/
 3441              		.loc 1 2624 1 view .LVU967
 3442 002e 00BF     		.align	2
 3443              	.L269:
ARM GAS  D:\TMP\ccFCmCnH.s 			page 173


 3444 0030 00000000 		.word	uxSchedulerSuspended
 3445 0034 00000000 		.word	xPendedTicks
 3446              		.cfi_endproc
 3447              	.LFE27:
 3449              		.section	.text.vTaskSwitchContext,"ax",%progbits
 3450              		.align	1
 3451              		.global	vTaskSwitchContext
 3452              		.syntax unified
 3453              		.thumb
 3454              		.thumb_func
 3456              	vTaskSwitchContext:
 3457              	.LFB29:
2990:Middlewares/Third_Party/FreeRTOS/Source/tasks.c **** 	if( uxSchedulerSuspended != ( UBaseType_t ) pdFALSE )
 3458              		.loc 1 2990 1 is_stmt 1 view -0
 3459              		.cfi_startproc
 3460              		@ args = 0, pretend = 0, frame = 0
 3461              		@ frame_needed = 0, uses_anonymous_args = 0
 3462 0000 08B5     		push	{r3, lr}
 3463              	.LCFI29:
 3464              		.cfi_def_cfa_offset 8
 3465              		.cfi_offset 3, -8
 3466              		.cfi_offset 14, -4
2991:Middlewares/Third_Party/FreeRTOS/Source/tasks.c **** 	{
 3467              		.loc 1 2991 2 view .LVU969
2991:Middlewares/Third_Party/FreeRTOS/Source/tasks.c **** 	{
 3468              		.loc 1 2991 27 is_stmt 0 view .LVU970
 3469 0002 2D4B     		ldr	r3, .L282
 3470 0004 1B68     		ldr	r3, [r3]
2991:Middlewares/Third_Party/FreeRTOS/Source/tasks.c **** 	{
 3471              		.loc 1 2991 4 view .LVU971
 3472 0006 1BB1     		cbz	r3, .L272
2995:Middlewares/Third_Party/FreeRTOS/Source/tasks.c **** 	}
 3473              		.loc 1 2995 3 is_stmt 1 view .LVU972
2995:Middlewares/Third_Party/FreeRTOS/Source/tasks.c **** 	}
 3474              		.loc 1 2995 17 is_stmt 0 view .LVU973
 3475 0008 2C4B     		ldr	r3, .L282+4
 3476 000a 0122     		movs	r2, #1
 3477 000c 1A60     		str	r2, [r3]
 3478              	.L271:
3061:Middlewares/Third_Party/FreeRTOS/Source/tasks.c **** /*-----------------------------------------------------------*/
 3479              		.loc 1 3061 1 view .LVU974
 3480 000e 08BD     		pop	{r3, pc}
 3481              	.L272:
2999:Middlewares/Third_Party/FreeRTOS/Source/tasks.c **** 		traceTASK_SWITCHED_OUT();
 3482              		.loc 1 2999 3 is_stmt 1 view .LVU975
2999:Middlewares/Third_Party/FreeRTOS/Source/tasks.c **** 		traceTASK_SWITCHED_OUT();
 3483              		.loc 1 2999 17 is_stmt 0 view .LVU976
 3484 0010 2A4B     		ldr	r3, .L282+4
 3485 0012 0022     		movs	r2, #0
 3486 0014 1A60     		str	r2, [r3]
3000:Middlewares/Third_Party/FreeRTOS/Source/tasks.c **** 
 3487              		.loc 1 3000 27 is_stmt 1 view .LVU977
 3488              	.LBB165:
3030:Middlewares/Third_Party/FreeRTOS/Source/tasks.c **** 
 3489              		.loc 1 3030 3 view .LVU978
 3490 0016 2A4B     		ldr	r3, .L282+8
 3491 0018 1B68     		ldr	r3, [r3]
ARM GAS  D:\TMP\ccFCmCnH.s 			page 174


 3492 001a 1B6B     		ldr	r3, [r3, #48]
 3493              	.LVL231:
3030:Middlewares/Third_Party/FreeRTOS/Source/tasks.c **** 
 3494              		.loc 1 3030 3 view .LVU979
3030:Middlewares/Third_Party/FreeRTOS/Source/tasks.c **** 
 3495              		.loc 1 3030 3 view .LVU980
 3496 001c 1A68     		ldr	r2, [r3]
 3497 001e B2F1A53F 		cmp	r2, #-1515870811
 3498 0022 03D1     		bne	.L274
3030:Middlewares/Third_Party/FreeRTOS/Source/tasks.c **** 
 3499              		.loc 1 3030 3 is_stmt 0 discriminator 2 view .LVU981
 3500 0024 5A68     		ldr	r2, [r3, #4]
 3501 0026 B2F1A53F 		cmp	r2, #-1515870811
 3502 002a 1BD0     		beq	.L280
 3503              	.LVL232:
 3504              	.L274:
3030:Middlewares/Third_Party/FreeRTOS/Source/tasks.c **** 
 3505              		.loc 1 3030 3 is_stmt 1 discriminator 7 view .LVU982
 3506 002c 244B     		ldr	r3, .L282+8
 3507 002e 1868     		ldr	r0, [r3]
 3508 0030 1968     		ldr	r1, [r3]
 3509 0032 3431     		adds	r1, r1, #52
 3510 0034 FFF7FEFF 		bl	vApplicationStackOverflowHook
 3511              	.LVL233:
 3512              	.L275:
3030:Middlewares/Third_Party/FreeRTOS/Source/tasks.c **** 
 3513              		.loc 1 3030 3 is_stmt 0 discriminator 7 view .LVU983
 3514              	.LBE165:
3030:Middlewares/Third_Party/FreeRTOS/Source/tasks.c **** 
 3515              		.loc 1 3030 33 is_stmt 1 discriminator 9 view .LVU984
 3516              	.LBB166:
3041:Middlewares/Third_Party/FreeRTOS/Source/tasks.c **** 		traceTASK_SWITCHED_IN();
 3517              		.loc 1 3041 3 view .LVU985
3041:Middlewares/Third_Party/FreeRTOS/Source/tasks.c **** 		traceTASK_SWITCHED_IN();
 3518              		.loc 1 3041 3 view .LVU986
 3519 0038 224B     		ldr	r3, .L282+12
 3520 003a 1B68     		ldr	r3, [r3]
 3521              	.LVL234:
 3522              	.LBB167:
 3523              	.LBI167:
 130:Middlewares/Third_Party/FreeRTOS/Source/portable/GCC/ARM_CM3/portmacro.h **** 	{
 3524              		.loc 2 130 59 view .LVU987
 3525              	.LBB168:
 132:Middlewares/Third_Party/FreeRTOS/Source/portable/GCC/ARM_CM3/portmacro.h **** 
 3526              		.loc 2 132 2 view .LVU988
 134:Middlewares/Third_Party/FreeRTOS/Source/portable/GCC/ARM_CM3/portmacro.h **** 		return ucReturn;
 3527              		.loc 2 134 3 view .LVU989
 3528              		.syntax unified
 3529              	@ 134 "Middlewares/Third_Party/FreeRTOS/Source/portable/GCC/ARM_CM3/portmacro.h" 1
 3530 003c B3FA83F3 		clz r3, r3
 3531              	@ 0 "" 2
 3532              	.LVL235:
 134:Middlewares/Third_Party/FreeRTOS/Source/portable/GCC/ARM_CM3/portmacro.h **** 		return ucReturn;
 3533              		.loc 2 134 3 is_stmt 0 view .LVU990
 3534              		.thumb
 3535              		.syntax unified
 3536 0040 DBB2     		uxtb	r3, r3
ARM GAS  D:\TMP\ccFCmCnH.s 			page 175


 3537              	.LVL236:
 135:Middlewares/Third_Party/FreeRTOS/Source/portable/GCC/ARM_CM3/portmacro.h **** 	}
 3538              		.loc 2 135 3 is_stmt 1 view .LVU991
 135:Middlewares/Third_Party/FreeRTOS/Source/portable/GCC/ARM_CM3/portmacro.h **** 	}
 3539              		.loc 2 135 3 is_stmt 0 view .LVU992
 3540              	.LBE168:
 3541              	.LBE167:
3041:Middlewares/Third_Party/FreeRTOS/Source/tasks.c **** 		traceTASK_SWITCHED_IN();
 3542              		.loc 1 3041 3 discriminator 1 view .LVU993
 3543 0042 C3F11F03 		rsb	r3, r3, #31
 3544              	.LVL237:
3041:Middlewares/Third_Party/FreeRTOS/Source/tasks.c **** 		traceTASK_SWITCHED_IN();
 3545              		.loc 1 3041 3 is_stmt 1 discriminator 1 view .LVU994
 3546 0046 03EB8301 		add	r1, r3, r3, lsl #2
 3547 004a 8A00     		lsls	r2, r1, #2
 3548 004c 1E49     		ldr	r1, .L282+16
 3549 004e 8A58     		ldr	r2, [r1, r2]
 3550 0050 8AB9     		cbnz	r2, .L276
3041:Middlewares/Third_Party/FreeRTOS/Source/tasks.c **** 		traceTASK_SWITCHED_IN();
 3551              		.loc 1 3041 3 discriminator 1 view .LVU995
 3552              	.LBB169:
 3553              	.LBI169:
 193:Middlewares/Third_Party/FreeRTOS/Source/portable/GCC/ARM_CM3/portmacro.h **** {
 3554              		.loc 2 193 30 view .LVU996
 3555              	.LBB170:
 195:Middlewares/Third_Party/FreeRTOS/Source/portable/GCC/ARM_CM3/portmacro.h **** 
 3556              		.loc 2 195 1 view .LVU997
 197:Middlewares/Third_Party/FreeRTOS/Source/portable/GCC/ARM_CM3/portmacro.h **** 	(
 3557              		.loc 2 197 2 view .LVU998
 3558              		.syntax unified
 3559              	@ 197 "Middlewares/Third_Party/FreeRTOS/Source/portable/GCC/ARM_CM3/portmacro.h" 1
 3560 0052 4FF02003 			mov r3, #32												
 3561 0056 83F31188 		msr basepri, r3											
 3562 005a BFF36F8F 		isb														
 3563 005e BFF34F8F 		dsb														
 3564              	
 3565              	@ 0 "" 2
 3566              	.LVL238:
 3567              		.thumb
 3568              		.syntax unified
 3569              	.L277:
 197:Middlewares/Third_Party/FreeRTOS/Source/portable/GCC/ARM_CM3/portmacro.h **** 	(
 3570              		.loc 2 197 2 is_stmt 0 view .LVU999
 3571              	.LBE170:
 3572              	.LBE169:
3041:Middlewares/Third_Party/FreeRTOS/Source/tasks.c **** 		traceTASK_SWITCHED_IN();
 3573              		.loc 1 3041 3 is_stmt 1 discriminator 3 view .LVU1000
3041:Middlewares/Third_Party/FreeRTOS/Source/tasks.c **** 		traceTASK_SWITCHED_IN();
 3574              		.loc 1 3041 3 discriminator 3 view .LVU1001
3041:Middlewares/Third_Party/FreeRTOS/Source/tasks.c **** 		traceTASK_SWITCHED_IN();
 3575              		.loc 1 3041 3 discriminator 3 view .LVU1002
 3576 0062 FEE7     		b	.L277
 3577              	.LVL239:
 3578              	.L280:
3041:Middlewares/Third_Party/FreeRTOS/Source/tasks.c **** 		traceTASK_SWITCHED_IN();
 3579              		.loc 1 3041 3 is_stmt 0 discriminator 3 view .LVU1003
 3580              	.LBE166:
ARM GAS  D:\TMP\ccFCmCnH.s 			page 176


 3581              	.LBB173:
3030:Middlewares/Third_Party/FreeRTOS/Source/tasks.c **** 
 3582              		.loc 1 3030 3 discriminator 4 view .LVU1004
 3583 0064 9A68     		ldr	r2, [r3, #8]
 3584 0066 B2F1A53F 		cmp	r2, #-1515870811
 3585 006a DFD1     		bne	.L274
3030:Middlewares/Third_Party/FreeRTOS/Source/tasks.c **** 
 3586              		.loc 1 3030 3 discriminator 6 view .LVU1005
 3587 006c DB68     		ldr	r3, [r3, #12]
 3588              	.LVL240:
3030:Middlewares/Third_Party/FreeRTOS/Source/tasks.c **** 
 3589              		.loc 1 3030 3 discriminator 6 view .LVU1006
 3590 006e B3F1A53F 		cmp	r3, #-1515870811
 3591 0072 DBD1     		bne	.L274
 3592 0074 E0E7     		b	.L275
 3593              	.LVL241:
 3594              	.L276:
3030:Middlewares/Third_Party/FreeRTOS/Source/tasks.c **** 
 3595              		.loc 1 3030 3 discriminator 6 view .LVU1007
 3596              	.LBE173:
 3597              	.LBB174:
3041:Middlewares/Third_Party/FreeRTOS/Source/tasks.c **** 		traceTASK_SWITCHED_IN();
 3598              		.loc 1 3041 3 is_stmt 1 discriminator 2 view .LVU1008
 3599              	.LBB171:
3041:Middlewares/Third_Party/FreeRTOS/Source/tasks.c **** 		traceTASK_SWITCHED_IN();
 3600              		.loc 1 3041 3 discriminator 2 view .LVU1009
3041:Middlewares/Third_Party/FreeRTOS/Source/tasks.c **** 		traceTASK_SWITCHED_IN();
 3601              		.loc 1 3041 3 discriminator 2 view .LVU1010
 3602 0076 1448     		ldr	r0, .L282+16
 3603 0078 03EB8301 		add	r1, r3, r3, lsl #2
 3604 007c 8A00     		lsls	r2, r1, #2
 3605 007e 0244     		add	r2, r2, r0
 3606 0080 5168     		ldr	r1, [r2, #4]
 3607 0082 4968     		ldr	r1, [r1, #4]
 3608 0084 5160     		str	r1, [r2, #4]
3041:Middlewares/Third_Party/FreeRTOS/Source/tasks.c **** 		traceTASK_SWITCHED_IN();
 3609              		.loc 1 3041 3 discriminator 2 view .LVU1011
 3610 0086 03EB830C 		add	ip, r3, r3, lsl #2
 3611 008a 4FEA8C02 		lsl	r2, ip, #2
 3612 008e 0832     		adds	r2, r2, #8
 3613 0090 0244     		add	r2, r2, r0
 3614 0092 9142     		cmp	r1, r2
 3615 0094 09D0     		beq	.L281
 3616              	.L278:
3041:Middlewares/Third_Party/FreeRTOS/Source/tasks.c **** 		traceTASK_SWITCHED_IN();
 3617              		.loc 1 3041 3 discriminator 6 view .LVU1012
 3618 0096 03EB8303 		add	r3, r3, r3, lsl #2
 3619              	.LVL242:
3041:Middlewares/Third_Party/FreeRTOS/Source/tasks.c **** 		traceTASK_SWITCHED_IN();
 3620              		.loc 1 3041 3 is_stmt 0 discriminator 6 view .LVU1013
 3621 009a 9A00     		lsls	r2, r3, #2
 3622 009c 0A4B     		ldr	r3, .L282+16
 3623 009e 1344     		add	r3, r3, r2
 3624 00a0 5B68     		ldr	r3, [r3, #4]
 3625 00a2 DA68     		ldr	r2, [r3, #12]
 3626 00a4 064B     		ldr	r3, .L282+8
 3627 00a6 1A60     		str	r2, [r3]
ARM GAS  D:\TMP\ccFCmCnH.s 			page 177


 3628              	.LBE171:
3041:Middlewares/Third_Party/FreeRTOS/Source/tasks.c **** 		traceTASK_SWITCHED_IN();
 3629              		.loc 1 3041 3 is_stmt 1 discriminator 7 view .LVU1014
 3630              	.LBE174:
3041:Middlewares/Third_Party/FreeRTOS/Source/tasks.c **** 		traceTASK_SWITCHED_IN();
 3631              		.loc 1 3041 37 discriminator 7 view .LVU1015
3042:Middlewares/Third_Party/FreeRTOS/Source/tasks.c **** 
 3632              		.loc 1 3042 26 view .LVU1016
3061:Middlewares/Third_Party/FreeRTOS/Source/tasks.c **** /*-----------------------------------------------------------*/
 3633              		.loc 1 3061 1 is_stmt 0 view .LVU1017
 3634 00a8 B1E7     		b	.L271
 3635              	.LVL243:
 3636              	.L281:
 3637              	.LBB175:
 3638              	.LBB172:
3041:Middlewares/Third_Party/FreeRTOS/Source/tasks.c **** 		traceTASK_SWITCHED_IN();
 3639              		.loc 1 3041 3 is_stmt 1 discriminator 4 view .LVU1018
 3640 00aa 4868     		ldr	r0, [r1, #4]
 3641 00ac 6246     		mov	r2, ip
 3642 00ae 9100     		lsls	r1, r2, #2
 3643 00b0 054A     		ldr	r2, .L282+16
 3644 00b2 0A44     		add	r2, r2, r1
 3645 00b4 5060     		str	r0, [r2, #4]
 3646 00b6 EEE7     		b	.L278
 3647              	.L283:
 3648              		.align	2
 3649              	.L282:
 3650 00b8 00000000 		.word	uxSchedulerSuspended
 3651 00bc 00000000 		.word	xYieldPending
 3652 00c0 00000000 		.word	pxCurrentTCB
 3653 00c4 00000000 		.word	uxTopReadyPriority
 3654 00c8 00000000 		.word	pxReadyTasksLists
 3655              	.LBE172:
 3656              	.LBE175:
 3657              		.cfi_endproc
 3658              	.LFE29:
 3660              		.section	.text.vTaskSuspend,"ax",%progbits
 3661              		.align	1
 3662              		.global	vTaskSuspend
 3663              		.syntax unified
 3664              		.thumb
 3665              		.thumb_func
 3667              	vTaskSuspend:
 3668              	.LVL244:
 3669              	.LFB15:
1705:Middlewares/Third_Party/FreeRTOS/Source/tasks.c **** 	TCB_t *pxTCB;
 3670              		.loc 1 1705 2 view -0
 3671              		.cfi_startproc
 3672              		@ args = 0, pretend = 0, frame = 0
 3673              		@ frame_needed = 0, uses_anonymous_args = 0
1705:Middlewares/Third_Party/FreeRTOS/Source/tasks.c **** 	TCB_t *pxTCB;
 3674              		.loc 1 1705 2 is_stmt 0 view .LVU1020
 3675 0000 38B5     		push	{r3, r4, r5, lr}
 3676              	.LCFI30:
 3677              		.cfi_def_cfa_offset 16
 3678              		.cfi_offset 3, -16
 3679              		.cfi_offset 4, -12
ARM GAS  D:\TMP\ccFCmCnH.s 			page 178


 3680              		.cfi_offset 5, -8
 3681              		.cfi_offset 14, -4
 3682 0002 0446     		mov	r4, r0
1706:Middlewares/Third_Party/FreeRTOS/Source/tasks.c **** 
 3683              		.loc 1 1706 2 is_stmt 1 view .LVU1021
1708:Middlewares/Third_Party/FreeRTOS/Source/tasks.c **** 		{
 3684              		.loc 1 1708 3 view .LVU1022
 3685 0004 FFF7FEFF 		bl	vPortEnterCritical
 3686              	.LVL245:
1712:Middlewares/Third_Party/FreeRTOS/Source/tasks.c **** 
 3687              		.loc 1 1712 4 view .LVU1023
1712:Middlewares/Third_Party/FreeRTOS/Source/tasks.c **** 
 3688              		.loc 1 1712 12 is_stmt 0 view .LVU1024
 3689 0008 64B3     		cbz	r4, .L296
 3690              	.LVL246:
 3691              	.L285:
1714:Middlewares/Third_Party/FreeRTOS/Source/tasks.c **** 
 3692              		.loc 1 1714 30 is_stmt 1 view .LVU1025
1718:Middlewares/Third_Party/FreeRTOS/Source/tasks.c **** 			{
 3693              		.loc 1 1718 4 view .LVU1026
1718:Middlewares/Third_Party/FreeRTOS/Source/tasks.c **** 			{
 3694              		.loc 1 1718 8 is_stmt 0 view .LVU1027
 3695 000a 251D     		adds	r5, r4, #4
 3696 000c 2846     		mov	r0, r5
 3697 000e FFF7FEFF 		bl	uxListRemove
 3698              	.LVL247:
1718:Middlewares/Third_Party/FreeRTOS/Source/tasks.c **** 			{
 3699              		.loc 1 1718 6 discriminator 1 view .LVU1028
 3700 0012 70B9     		cbnz	r0, .L286
1720:Middlewares/Third_Party/FreeRTOS/Source/tasks.c **** 			}
 3701              		.loc 1 1720 5 is_stmt 1 view .LVU1029
 3702 0014 E26A     		ldr	r2, [r4, #44]
 3703 0016 02EB8203 		add	r3, r2, r2, lsl #2
 3704 001a 9B00     		lsls	r3, r3, #2
 3705 001c 2C49     		ldr	r1, .L300
 3706 001e CB58     		ldr	r3, [r1, r3]
 3707 0020 3BB9     		cbnz	r3, .L286
1720:Middlewares/Third_Party/FreeRTOS/Source/tasks.c **** 			}
 3708              		.loc 1 1720 5 discriminator 1 view .LVU1030
 3709 0022 0123     		movs	r3, #1
 3710 0024 03FA02F2 		lsl	r2, r3, r2
 3711 0028 2A49     		ldr	r1, .L300+4
 3712 002a 0B68     		ldr	r3, [r1]
 3713 002c 23EA0203 		bic	r3, r3, r2
 3714 0030 0B60     		str	r3, [r1]
 3715              	.L286:
1724:Middlewares/Third_Party/FreeRTOS/Source/tasks.c **** 			}
 3716              		.loc 1 1724 29 view .LVU1031
1728:Middlewares/Third_Party/FreeRTOS/Source/tasks.c **** 			{
 3717              		.loc 1 1728 4 view .LVU1032
1728:Middlewares/Third_Party/FreeRTOS/Source/tasks.c **** 			{
 3718              		.loc 1 1728 8 is_stmt 0 view .LVU1033
 3719 0032 A36A     		ldr	r3, [r4, #40]
1728:Middlewares/Third_Party/FreeRTOS/Source/tasks.c **** 			{
 3720              		.loc 1 1728 6 view .LVU1034
 3721 0034 1BB1     		cbz	r3, .L287
1730:Middlewares/Third_Party/FreeRTOS/Source/tasks.c **** 			}
ARM GAS  D:\TMP\ccFCmCnH.s 			page 179


 3722              		.loc 1 1730 5 is_stmt 1 view .LVU1035
1730:Middlewares/Third_Party/FreeRTOS/Source/tasks.c **** 			}
 3723              		.loc 1 1730 14 is_stmt 0 view .LVU1036
 3724 0036 04F11800 		add	r0, r4, #24
 3725 003a FFF7FEFF 		bl	uxListRemove
 3726              	.LVL248:
 3727              	.L287:
1734:Middlewares/Third_Party/FreeRTOS/Source/tasks.c **** 			}
 3728              		.loc 1 1734 29 is_stmt 1 view .LVU1037
1737:Middlewares/Third_Party/FreeRTOS/Source/tasks.c **** 
 3729              		.loc 1 1737 4 view .LVU1038
 3730 003e 2946     		mov	r1, r5
 3731 0040 2548     		ldr	r0, .L300+8
 3732 0042 FFF7FEFF 		bl	vListInsertEnd
 3733              	.LVL249:
1741:Middlewares/Third_Party/FreeRTOS/Source/tasks.c **** 				{
 3734              		.loc 1 1741 5 view .LVU1039
1741:Middlewares/Third_Party/FreeRTOS/Source/tasks.c **** 				{
 3735              		.loc 1 1741 14 is_stmt 0 view .LVU1040
 3736 0046 94F85830 		ldrb	r3, [r4, #88]	@ zero_extendqisi2
 3737 004a DBB2     		uxtb	r3, r3
1741:Middlewares/Third_Party/FreeRTOS/Source/tasks.c **** 				{
 3738              		.loc 1 1741 7 view .LVU1041
 3739 004c 012B     		cmp	r3, #1
 3740 004e 0CD0     		beq	.L297
 3741              	.L288:
1750:Middlewares/Third_Party/FreeRTOS/Source/tasks.c **** 
 3742              		.loc 1 1750 3 is_stmt 1 view .LVU1042
 3743 0050 FFF7FEFF 		bl	vPortExitCritical
 3744              	.LVL250:
1752:Middlewares/Third_Party/FreeRTOS/Source/tasks.c **** 		{
 3745              		.loc 1 1752 3 view .LVU1043
1752:Middlewares/Third_Party/FreeRTOS/Source/tasks.c **** 		{
 3746              		.loc 1 1752 25 is_stmt 0 view .LVU1044
 3747 0054 214B     		ldr	r3, .L300+12
 3748 0056 1B68     		ldr	r3, [r3]
1752:Middlewares/Third_Party/FreeRTOS/Source/tasks.c **** 		{
 3749              		.loc 1 1752 5 view .LVU1045
 3750 0058 5BB9     		cbnz	r3, .L298
 3751              	.L289:
1764:Middlewares/Third_Party/FreeRTOS/Source/tasks.c **** 		}
 3752              		.loc 1 1764 28 is_stmt 1 view .LVU1046
1767:Middlewares/Third_Party/FreeRTOS/Source/tasks.c **** 		{
 3753              		.loc 1 1767 3 view .LVU1047
1767:Middlewares/Third_Party/FreeRTOS/Source/tasks.c **** 		{
 3754              		.loc 1 1767 13 is_stmt 0 view .LVU1048
 3755 005a 214B     		ldr	r3, .L300+16
 3756 005c 1B68     		ldr	r3, [r3]
1767:Middlewares/Third_Party/FreeRTOS/Source/tasks.c **** 		{
 3757              		.loc 1 1767 5 view .LVU1049
 3758 005e A342     		cmp	r3, r4
 3759 0060 0ED0     		beq	.L299
 3760              	.L284:
1798:Middlewares/Third_Party/FreeRTOS/Source/tasks.c **** 
 3761              		.loc 1 1798 2 view .LVU1050
 3762 0062 38BD     		pop	{r3, r4, r5, pc}
 3763              	.LVL251:
ARM GAS  D:\TMP\ccFCmCnH.s 			page 180


 3764              	.L296:
1712:Middlewares/Third_Party/FreeRTOS/Source/tasks.c **** 
 3765              		.loc 1 1712 12 discriminator 1 view .LVU1051
 3766 0064 1E4B     		ldr	r3, .L300+16
 3767 0066 1C68     		ldr	r4, [r3]
 3768              	.LVL252:
1712:Middlewares/Third_Party/FreeRTOS/Source/tasks.c **** 
 3769              		.loc 1 1712 12 discriminator 1 view .LVU1052
 3770 0068 CFE7     		b	.L285
 3771              	.LVL253:
 3772              	.L297:
1745:Middlewares/Third_Party/FreeRTOS/Source/tasks.c **** 				}
 3773              		.loc 1 1745 6 is_stmt 1 view .LVU1053
1745:Middlewares/Third_Party/FreeRTOS/Source/tasks.c **** 				}
 3774              		.loc 1 1745 27 is_stmt 0 view .LVU1054
 3775 006a 0023     		movs	r3, #0
 3776 006c 84F85830 		strb	r3, [r4, #88]
 3777 0070 EEE7     		b	.L288
 3778              	.L298:
1756:Middlewares/Third_Party/FreeRTOS/Source/tasks.c **** 			{
 3779              		.loc 1 1756 4 is_stmt 1 view .LVU1055
 3780 0072 FFF7FEFF 		bl	vPortEnterCritical
 3781              	.LVL254:
1758:Middlewares/Third_Party/FreeRTOS/Source/tasks.c **** 			}
 3782              		.loc 1 1758 5 view .LVU1056
 3783 0076 FFF7FEFF 		bl	prvResetNextTaskUnblockTime
 3784              	.LVL255:
1760:Middlewares/Third_Party/FreeRTOS/Source/tasks.c **** 		}
 3785              		.loc 1 1760 4 view .LVU1057
 3786 007a FFF7FEFF 		bl	vPortExitCritical
 3787              	.LVL256:
 3788 007e ECE7     		b	.L289
 3789              	.L299:
1769:Middlewares/Third_Party/FreeRTOS/Source/tasks.c **** 			{
 3790              		.loc 1 1769 4 view .LVU1058
1769:Middlewares/Third_Party/FreeRTOS/Source/tasks.c **** 			{
 3791              		.loc 1 1769 26 is_stmt 0 view .LVU1059
 3792 0080 164B     		ldr	r3, .L300+12
 3793 0082 1B68     		ldr	r3, [r3]
1769:Middlewares/Third_Party/FreeRTOS/Source/tasks.c **** 			{
 3794              		.loc 1 1769 6 view .LVU1060
 3795 0084 B3B1     		cbz	r3, .L291
1772:Middlewares/Third_Party/FreeRTOS/Source/tasks.c **** 				portYIELD_WITHIN_API();
 3796              		.loc 1 1772 5 is_stmt 1 view .LVU1061
 3797 0086 174B     		ldr	r3, .L300+20
 3798 0088 1B68     		ldr	r3, [r3]
 3799 008a 43B1     		cbz	r3, .L292
1772:Middlewares/Third_Party/FreeRTOS/Source/tasks.c **** 				portYIELD_WITHIN_API();
 3800              		.loc 1 1772 5 discriminator 1 view .LVU1062
 3801              	.LBB176:
 3802              	.LBI176:
 193:Middlewares/Third_Party/FreeRTOS/Source/portable/GCC/ARM_CM3/portmacro.h **** {
 3803              		.loc 2 193 30 view .LVU1063
 3804              	.LBB177:
 195:Middlewares/Third_Party/FreeRTOS/Source/portable/GCC/ARM_CM3/portmacro.h **** 
 3805              		.loc 2 195 1 view .LVU1064
 197:Middlewares/Third_Party/FreeRTOS/Source/portable/GCC/ARM_CM3/portmacro.h **** 	(
ARM GAS  D:\TMP\ccFCmCnH.s 			page 181


 3806              		.loc 2 197 2 view .LVU1065
 3807              		.syntax unified
 3808              	@ 197 "Middlewares/Third_Party/FreeRTOS/Source/portable/GCC/ARM_CM3/portmacro.h" 1
 3809 008c 4FF02003 			mov r3, #32												
 3810 0090 83F31188 		msr basepri, r3											
 3811 0094 BFF36F8F 		isb														
 3812 0098 BFF34F8F 		dsb														
 3813              	
 3814              	@ 0 "" 2
 3815              		.thumb
 3816              		.syntax unified
 3817              	.L293:
 3818              	.LBE177:
 3819              	.LBE176:
1772:Middlewares/Third_Party/FreeRTOS/Source/tasks.c **** 				portYIELD_WITHIN_API();
 3820              		.loc 1 1772 5 discriminator 3 view .LVU1066
1772:Middlewares/Third_Party/FreeRTOS/Source/tasks.c **** 				portYIELD_WITHIN_API();
 3821              		.loc 1 1772 5 discriminator 3 view .LVU1067
1772:Middlewares/Third_Party/FreeRTOS/Source/tasks.c **** 				portYIELD_WITHIN_API();
 3822              		.loc 1 1772 5 discriminator 3 view .LVU1068
 3823 009c FEE7     		b	.L293
 3824              	.L292:
1772:Middlewares/Third_Party/FreeRTOS/Source/tasks.c **** 				portYIELD_WITHIN_API();
 3825              		.loc 1 1772 46 discriminator 2 view .LVU1069
1773:Middlewares/Third_Party/FreeRTOS/Source/tasks.c **** 			}
 3826              		.loc 1 1773 5 view .LVU1070
 3827 009e 4FF0E023 		mov	r3, #-536813568
 3828 00a2 4FF08052 		mov	r2, #268435456
 3829 00a6 C3F8042D 		str	r2, [r3, #3332]
1773:Middlewares/Third_Party/FreeRTOS/Source/tasks.c **** 			}
 3830              		.loc 1 1773 5 view .LVU1071
 3831              		.syntax unified
 3832              	@ 1773 "Middlewares/Third_Party/FreeRTOS/Source/tasks.c" 1
 3833 00aa BFF34F8F 		dsb
 3834              	@ 0 "" 2
1773:Middlewares/Third_Party/FreeRTOS/Source/tasks.c **** 			}
 3835              		.loc 1 1773 5 view .LVU1072
 3836              	@ 1773 "Middlewares/Third_Party/FreeRTOS/Source/tasks.c" 1
 3837 00ae BFF36F8F 		isb
 3838              	@ 0 "" 2
1773:Middlewares/Third_Party/FreeRTOS/Source/tasks.c **** 			}
 3839              		.loc 1 1773 27 view .LVU1073
 3840              		.thumb
 3841              		.syntax unified
 3842 00b2 D6E7     		b	.L284
 3843              	.L291:
1780:Middlewares/Third_Party/FreeRTOS/Source/tasks.c **** 				{
 3844              		.loc 1 1780 5 view .LVU1074
1780:Middlewares/Third_Party/FreeRTOS/Source/tasks.c **** 				{
 3845              		.loc 1 1780 9 is_stmt 0 view .LVU1075
 3846 00b4 084B     		ldr	r3, .L300+8
 3847 00b6 1A68     		ldr	r2, [r3]
1780:Middlewares/Third_Party/FreeRTOS/Source/tasks.c **** 				{
 3848              		.loc 1 1780 56 view .LVU1076
 3849 00b8 0B4B     		ldr	r3, .L300+24
 3850 00ba 1B68     		ldr	r3, [r3]
1780:Middlewares/Third_Party/FreeRTOS/Source/tasks.c **** 				{
ARM GAS  D:\TMP\ccFCmCnH.s 			page 182


 3851              		.loc 1 1780 7 view .LVU1077
 3852 00bc 9A42     		cmp	r2, r3
 3853 00be 03D1     		bne	.L294
1786:Middlewares/Third_Party/FreeRTOS/Source/tasks.c **** 				}
 3854              		.loc 1 1786 6 is_stmt 1 view .LVU1078
1786:Middlewares/Third_Party/FreeRTOS/Source/tasks.c **** 				}
 3855              		.loc 1 1786 19 is_stmt 0 view .LVU1079
 3856 00c0 074B     		ldr	r3, .L300+16
 3857 00c2 0022     		movs	r2, #0
 3858 00c4 1A60     		str	r2, [r3]
 3859 00c6 CCE7     		b	.L284
 3860              	.L294:
1790:Middlewares/Third_Party/FreeRTOS/Source/tasks.c **** 				}
 3861              		.loc 1 1790 6 is_stmt 1 view .LVU1080
 3862 00c8 FFF7FEFF 		bl	vTaskSwitchContext
 3863              	.LVL257:
1796:Middlewares/Third_Party/FreeRTOS/Source/tasks.c **** 		}
 3864              		.loc 1 1796 28 view .LVU1081
1798:Middlewares/Third_Party/FreeRTOS/Source/tasks.c **** 
 3865              		.loc 1 1798 2 is_stmt 0 view .LVU1082
 3866 00cc C9E7     		b	.L284
 3867              	.L301:
 3868 00ce 00BF     		.align	2
 3869              	.L300:
 3870 00d0 00000000 		.word	pxReadyTasksLists
 3871 00d4 00000000 		.word	uxTopReadyPriority
 3872 00d8 00000000 		.word	xSuspendedTaskList
 3873 00dc 00000000 		.word	xSchedulerRunning
 3874 00e0 00000000 		.word	pxCurrentTCB
 3875 00e4 00000000 		.word	uxSchedulerSuspended
 3876 00e8 00000000 		.word	uxCurrentNumberOfTasks
 3877              		.cfi_endproc
 3878              	.LFE15:
 3880              		.section	.text.vTaskPlaceOnEventList,"ax",%progbits
 3881              		.align	1
 3882              		.global	vTaskPlaceOnEventList
 3883              		.syntax unified
 3884              		.thumb
 3885              		.thumb_func
 3887              	vTaskPlaceOnEventList:
 3888              	.LVL258:
 3889              	.LFB30:
3065:Middlewares/Third_Party/FreeRTOS/Source/tasks.c **** 	configASSERT( pxEventList );
 3890              		.loc 1 3065 1 is_stmt 1 view -0
 3891              		.cfi_startproc
 3892              		@ args = 0, pretend = 0, frame = 0
 3893              		@ frame_needed = 0, uses_anonymous_args = 0
3066:Middlewares/Third_Party/FreeRTOS/Source/tasks.c **** 
 3894              		.loc 1 3066 2 view .LVU1084
 3895 0000 58B1     		cbz	r0, .L307
3065:Middlewares/Third_Party/FreeRTOS/Source/tasks.c **** 	configASSERT( pxEventList );
 3896              		.loc 1 3065 1 is_stmt 0 view .LVU1085
 3897 0002 10B5     		push	{r4, lr}
 3898              	.LCFI31:
 3899              		.cfi_def_cfa_offset 8
 3900              		.cfi_offset 4, -8
 3901              		.cfi_offset 14, -4
ARM GAS  D:\TMP\ccFCmCnH.s 			page 183


 3902 0004 0C46     		mov	r4, r1
3066:Middlewares/Third_Party/FreeRTOS/Source/tasks.c **** 
 3903              		.loc 1 3066 29 is_stmt 1 discriminator 2 view .LVU1086
3075:Middlewares/Third_Party/FreeRTOS/Source/tasks.c **** 
 3904              		.loc 1 3075 2 view .LVU1087
3075:Middlewares/Third_Party/FreeRTOS/Source/tasks.c **** 
 3905              		.loc 1 3075 43 is_stmt 0 view .LVU1088
 3906 0006 094A     		ldr	r2, .L308
 3907 0008 1168     		ldr	r1, [r2]
 3908              	.LVL259:
3075:Middlewares/Third_Party/FreeRTOS/Source/tasks.c **** 
 3909              		.loc 1 3075 2 view .LVU1089
 3910 000a 1831     		adds	r1, r1, #24
 3911 000c FFF7FEFF 		bl	vListInsert
 3912              	.LVL260:
3077:Middlewares/Third_Party/FreeRTOS/Source/tasks.c **** }
 3913              		.loc 1 3077 2 is_stmt 1 view .LVU1090
 3914 0010 0121     		movs	r1, #1
 3915 0012 2046     		mov	r0, r4
 3916 0014 FFF7FEFF 		bl	prvAddCurrentTaskToDelayedList
 3917              	.LVL261:
3078:Middlewares/Third_Party/FreeRTOS/Source/tasks.c **** /*-----------------------------------------------------------*/
 3918              		.loc 1 3078 1 is_stmt 0 view .LVU1091
 3919 0018 10BD     		pop	{r4, pc}
 3920              	.LVL262:
 3921              	.L307:
 3922              	.LCFI32:
 3923              		.cfi_def_cfa_offset 0
 3924              		.cfi_restore 4
 3925              		.cfi_restore 14
3066:Middlewares/Third_Party/FreeRTOS/Source/tasks.c **** 
 3926              		.loc 1 3066 2 is_stmt 1 discriminator 1 view .LVU1092
 3927              	.LBB178:
 3928              	.LBI178:
 193:Middlewares/Third_Party/FreeRTOS/Source/portable/GCC/ARM_CM3/portmacro.h **** {
 3929              		.loc 2 193 30 view .LVU1093
 3930              	.LBB179:
 195:Middlewares/Third_Party/FreeRTOS/Source/portable/GCC/ARM_CM3/portmacro.h **** 
 3931              		.loc 2 195 1 view .LVU1094
 197:Middlewares/Third_Party/FreeRTOS/Source/portable/GCC/ARM_CM3/portmacro.h **** 	(
 3932              		.loc 2 197 2 view .LVU1095
 3933              		.syntax unified
 3934              	@ 197 "Middlewares/Third_Party/FreeRTOS/Source/portable/GCC/ARM_CM3/portmacro.h" 1
 3935 001a 4FF02003 			mov r3, #32												
 3936 001e 83F31188 		msr basepri, r3											
 3937 0022 BFF36F8F 		isb														
 3938 0026 BFF34F8F 		dsb														
 3939              	
 3940              	@ 0 "" 2
 3941              		.thumb
 3942              		.syntax unified
 3943              	.L304:
 3944              	.LBE179:
 3945              	.LBE178:
3066:Middlewares/Third_Party/FreeRTOS/Source/tasks.c **** 
 3946              		.loc 1 3066 2 discriminator 3 view .LVU1096
3066:Middlewares/Third_Party/FreeRTOS/Source/tasks.c **** 
ARM GAS  D:\TMP\ccFCmCnH.s 			page 184


 3947              		.loc 1 3066 2 discriminator 3 view .LVU1097
3066:Middlewares/Third_Party/FreeRTOS/Source/tasks.c **** 
 3948              		.loc 1 3066 2 discriminator 3 view .LVU1098
 3949 002a FEE7     		b	.L304
 3950              	.L309:
 3951              		.align	2
 3952              	.L308:
 3953 002c 00000000 		.word	pxCurrentTCB
 3954              		.cfi_endproc
 3955              	.LFE30:
 3957              		.section	.text.vTaskPlaceOnUnorderedEventList,"ax",%progbits
 3958              		.align	1
 3959              		.global	vTaskPlaceOnUnorderedEventList
 3960              		.syntax unified
 3961              		.thumb
 3962              		.thumb_func
 3964              	vTaskPlaceOnUnorderedEventList:
 3965              	.LVL263:
 3966              	.LFB31:
3082:Middlewares/Third_Party/FreeRTOS/Source/tasks.c **** 	configASSERT( pxEventList );
 3967              		.loc 1 3082 1 view -0
 3968              		.cfi_startproc
 3969              		@ args = 0, pretend = 0, frame = 0
 3970              		@ frame_needed = 0, uses_anonymous_args = 0
3083:Middlewares/Third_Party/FreeRTOS/Source/tasks.c **** 
 3971              		.loc 1 3083 2 view .LVU1100
 3972 0000 70B1     		cbz	r0, .L317
3082:Middlewares/Third_Party/FreeRTOS/Source/tasks.c **** 	configASSERT( pxEventList );
 3973              		.loc 1 3082 1 is_stmt 0 view .LVU1101
 3974 0002 10B5     		push	{r4, lr}
 3975              	.LCFI33:
 3976              		.cfi_def_cfa_offset 8
 3977              		.cfi_offset 4, -8
 3978              		.cfi_offset 14, -4
 3979 0004 1446     		mov	r4, r2
 3980 0006 0246     		mov	r2, r0
 3981              	.LVL264:
3083:Middlewares/Third_Party/FreeRTOS/Source/tasks.c **** 
 3982              		.loc 1 3083 29 is_stmt 1 discriminator 2 view .LVU1102
3087:Middlewares/Third_Party/FreeRTOS/Source/tasks.c **** 
 3983              		.loc 1 3087 2 view .LVU1103
 3984 0008 114B     		ldr	r3, .L318
 3985 000a 1B68     		ldr	r3, [r3]
 3986 000c 8BB9     		cbnz	r3, .L313
3087:Middlewares/Third_Party/FreeRTOS/Source/tasks.c **** 
 3987              		.loc 1 3087 2 discriminator 1 view .LVU1104
 3988              	.LBB180:
 3989              	.LBI180:
 193:Middlewares/Third_Party/FreeRTOS/Source/portable/GCC/ARM_CM3/portmacro.h **** {
 3990              		.loc 2 193 30 view .LVU1105
 3991              	.LBB181:
 195:Middlewares/Third_Party/FreeRTOS/Source/portable/GCC/ARM_CM3/portmacro.h **** 
 3992              		.loc 2 195 1 view .LVU1106
 197:Middlewares/Third_Party/FreeRTOS/Source/portable/GCC/ARM_CM3/portmacro.h **** 	(
 3993              		.loc 2 197 2 view .LVU1107
 3994              		.syntax unified
 3995              	@ 197 "Middlewares/Third_Party/FreeRTOS/Source/portable/GCC/ARM_CM3/portmacro.h" 1
ARM GAS  D:\TMP\ccFCmCnH.s 			page 185


 3996 000e 4FF02003 			mov r3, #32												
 3997 0012 83F31188 		msr basepri, r3											
 3998 0016 BFF36F8F 		isb														
 3999 001a BFF34F8F 		dsb														
 4000              	
 4001              	@ 0 "" 2
 4002              		.thumb
 4003              		.syntax unified
 4004              	.L314:
 4005              	.LBE181:
 4006              	.LBE180:
3087:Middlewares/Third_Party/FreeRTOS/Source/tasks.c **** 
 4007              		.loc 1 3087 2 discriminator 3 view .LVU1108
3087:Middlewares/Third_Party/FreeRTOS/Source/tasks.c **** 
 4008              		.loc 1 3087 2 discriminator 3 view .LVU1109
3087:Middlewares/Third_Party/FreeRTOS/Source/tasks.c **** 
 4009              		.loc 1 3087 2 discriminator 3 view .LVU1110
 4010 001e FEE7     		b	.L314
 4011              	.LVL265:
 4012              	.L317:
 4013              	.LCFI34:
 4014              		.cfi_def_cfa_offset 0
 4015              		.cfi_restore 4
 4016              		.cfi_restore 14
3083:Middlewares/Third_Party/FreeRTOS/Source/tasks.c **** 
 4017              		.loc 1 3083 2 discriminator 1 view .LVU1111
 4018              	.LBB182:
 4019              	.LBI182:
 193:Middlewares/Third_Party/FreeRTOS/Source/portable/GCC/ARM_CM3/portmacro.h **** {
 4020              		.loc 2 193 30 view .LVU1112
 4021              	.LBB183:
 195:Middlewares/Third_Party/FreeRTOS/Source/portable/GCC/ARM_CM3/portmacro.h **** 
 4022              		.loc 2 195 1 view .LVU1113
 197:Middlewares/Third_Party/FreeRTOS/Source/portable/GCC/ARM_CM3/portmacro.h **** 	(
 4023              		.loc 2 197 2 view .LVU1114
 4024              		.syntax unified
 4025              	@ 197 "Middlewares/Third_Party/FreeRTOS/Source/portable/GCC/ARM_CM3/portmacro.h" 1
 4026 0020 4FF02003 			mov r3, #32												
 4027 0024 83F31188 		msr basepri, r3											
 4028 0028 BFF36F8F 		isb														
 4029 002c BFF34F8F 		dsb														
 4030              	
 4031              	@ 0 "" 2
 4032              		.thumb
 4033              		.syntax unified
 4034              	.L312:
 4035              	.LBE183:
 4036              	.LBE182:
3083:Middlewares/Third_Party/FreeRTOS/Source/tasks.c **** 
 4037              		.loc 1 3083 2 discriminator 3 view .LVU1115
3083:Middlewares/Third_Party/FreeRTOS/Source/tasks.c **** 
 4038              		.loc 1 3083 2 discriminator 3 view .LVU1116
3083:Middlewares/Third_Party/FreeRTOS/Source/tasks.c **** 
 4039              		.loc 1 3083 2 discriminator 3 view .LVU1117
 4040 0030 FEE7     		b	.L312
 4041              	.LVL266:
 4042              	.L313:
ARM GAS  D:\TMP\ccFCmCnH.s 			page 186


 4043              	.LCFI35:
 4044              		.cfi_def_cfa_offset 8
 4045              		.cfi_offset 4, -8
 4046              		.cfi_offset 14, -4
3087:Middlewares/Third_Party/FreeRTOS/Source/tasks.c **** 
 4047              		.loc 1 3087 43 discriminator 2 view .LVU1118
3092:Middlewares/Third_Party/FreeRTOS/Source/tasks.c **** 
 4048              		.loc 1 3092 2 view .LVU1119
 4049 0032 084B     		ldr	r3, .L318+4
 4050 0034 1868     		ldr	r0, [r3]
 4051              	.LVL267:
3092:Middlewares/Third_Party/FreeRTOS/Source/tasks.c **** 
 4052              		.loc 1 3092 2 is_stmt 0 view .LVU1120
 4053 0036 41F00041 		orr	r1, r1, #-2147483648
 4054              	.LVL268:
3092:Middlewares/Third_Party/FreeRTOS/Source/tasks.c **** 
 4055              		.loc 1 3092 2 view .LVU1121
 4056 003a 8161     		str	r1, [r0, #24]
3099:Middlewares/Third_Party/FreeRTOS/Source/tasks.c **** 
 4057              		.loc 1 3099 2 is_stmt 1 view .LVU1122
3099:Middlewares/Third_Party/FreeRTOS/Source/tasks.c **** 
 4058              		.loc 1 3099 46 is_stmt 0 view .LVU1123
 4059 003c 1968     		ldr	r1, [r3]
3099:Middlewares/Third_Party/FreeRTOS/Source/tasks.c **** 
 4060              		.loc 1 3099 2 view .LVU1124
 4061 003e 1831     		adds	r1, r1, #24
 4062 0040 1046     		mov	r0, r2
 4063 0042 FFF7FEFF 		bl	vListInsertEnd
 4064              	.LVL269:
3101:Middlewares/Third_Party/FreeRTOS/Source/tasks.c **** }
 4065              		.loc 1 3101 2 is_stmt 1 view .LVU1125
 4066 0046 0121     		movs	r1, #1
 4067 0048 2046     		mov	r0, r4
 4068 004a FFF7FEFF 		bl	prvAddCurrentTaskToDelayedList
 4069              	.LVL270:
3102:Middlewares/Third_Party/FreeRTOS/Source/tasks.c **** /*-----------------------------------------------------------*/
 4070              		.loc 1 3102 1 is_stmt 0 view .LVU1126
 4071 004e 10BD     		pop	{r4, pc}
 4072              	.LVL271:
 4073              	.L319:
3102:Middlewares/Third_Party/FreeRTOS/Source/tasks.c **** /*-----------------------------------------------------------*/
 4074              		.loc 1 3102 1 view .LVU1127
 4075              		.align	2
 4076              	.L318:
 4077 0050 00000000 		.word	uxSchedulerSuspended
 4078 0054 00000000 		.word	pxCurrentTCB
 4079              		.cfi_endproc
 4080              	.LFE31:
 4082              		.section	.text.xTaskRemoveFromEventList,"ax",%progbits
 4083              		.align	1
 4084              		.global	xTaskRemoveFromEventList
 4085              		.syntax unified
 4086              		.thumb
 4087              		.thumb_func
 4089              	xTaskRemoveFromEventList:
 4090              	.LVL272:
 4091              	.LFB32:
ARM GAS  D:\TMP\ccFCmCnH.s 			page 187


3139:Middlewares/Third_Party/FreeRTOS/Source/tasks.c **** TCB_t *pxUnblockedTCB;
 4092              		.loc 1 3139 1 is_stmt 1 view -0
 4093              		.cfi_startproc
 4094              		@ args = 0, pretend = 0, frame = 0
 4095              		@ frame_needed = 0, uses_anonymous_args = 0
3139:Middlewares/Third_Party/FreeRTOS/Source/tasks.c **** TCB_t *pxUnblockedTCB;
 4096              		.loc 1 3139 1 is_stmt 0 view .LVU1129
 4097 0000 38B5     		push	{r3, r4, r5, lr}
 4098              	.LCFI36:
 4099              		.cfi_def_cfa_offset 16
 4100              		.cfi_offset 3, -16
 4101              		.cfi_offset 4, -12
 4102              		.cfi_offset 5, -8
 4103              		.cfi_offset 14, -4
3140:Middlewares/Third_Party/FreeRTOS/Source/tasks.c **** BaseType_t xReturn;
 4104              		.loc 1 3140 1 is_stmt 1 view .LVU1130
3141:Middlewares/Third_Party/FreeRTOS/Source/tasks.c **** 
 4105              		.loc 1 3141 1 view .LVU1131
3156:Middlewares/Third_Party/FreeRTOS/Source/tasks.c **** 	configASSERT( pxUnblockedTCB );
 4106              		.loc 1 3156 2 view .LVU1132
3156:Middlewares/Third_Party/FreeRTOS/Source/tasks.c **** 	configASSERT( pxUnblockedTCB );
 4107              		.loc 1 3156 19 is_stmt 0 view .LVU1133
 4108 0002 C368     		ldr	r3, [r0, #12]
3156:Middlewares/Third_Party/FreeRTOS/Source/tasks.c **** 	configASSERT( pxUnblockedTCB );
 4109              		.loc 1 3156 17 view .LVU1134
 4110 0004 DC68     		ldr	r4, [r3, #12]
 4111              	.LVL273:
3157:Middlewares/Third_Party/FreeRTOS/Source/tasks.c **** 	( void ) uxListRemove( &( pxUnblockedTCB->xEventListItem ) );
 4112              		.loc 1 3157 2 is_stmt 1 view .LVU1135
 4113 0006 24B3     		cbz	r4, .L328
3157:Middlewares/Third_Party/FreeRTOS/Source/tasks.c **** 	( void ) uxListRemove( &( pxUnblockedTCB->xEventListItem ) );
 4114              		.loc 1 3157 32 discriminator 2 view .LVU1136
3158:Middlewares/Third_Party/FreeRTOS/Source/tasks.c **** 
 4115              		.loc 1 3158 2 view .LVU1137
3158:Middlewares/Third_Party/FreeRTOS/Source/tasks.c **** 
 4116              		.loc 1 3158 11 is_stmt 0 view .LVU1138
 4117 0008 04F11805 		add	r5, r4, #24
 4118 000c 2846     		mov	r0, r5
 4119              	.LVL274:
3158:Middlewares/Third_Party/FreeRTOS/Source/tasks.c **** 
 4120              		.loc 1 3158 11 view .LVU1139
 4121 000e FFF7FEFF 		bl	uxListRemove
 4122              	.LVL275:
3160:Middlewares/Third_Party/FreeRTOS/Source/tasks.c **** 	{
 4123              		.loc 1 3160 2 is_stmt 1 view .LVU1140
3160:Middlewares/Third_Party/FreeRTOS/Source/tasks.c **** 	{
 4124              		.loc 1 3160 27 is_stmt 0 view .LVU1141
 4125 0012 184B     		ldr	r3, .L329
 4126 0014 1B68     		ldr	r3, [r3]
3160:Middlewares/Third_Party/FreeRTOS/Source/tasks.c **** 	{
 4127              		.loc 1 3160 4 view .LVU1142
 4128 0016 2BBB     		cbnz	r3, .L323
3162:Middlewares/Third_Party/FreeRTOS/Source/tasks.c **** 		prvAddTaskToReadyList( pxUnblockedTCB );
 4129              		.loc 1 3162 3 is_stmt 1 view .LVU1143
3162:Middlewares/Third_Party/FreeRTOS/Source/tasks.c **** 		prvAddTaskToReadyList( pxUnblockedTCB );
 4130              		.loc 1 3162 12 is_stmt 0 view .LVU1144
 4131 0018 251D     		adds	r5, r4, #4
ARM GAS  D:\TMP\ccFCmCnH.s 			page 188


 4132 001a 2846     		mov	r0, r5
 4133 001c FFF7FEFF 		bl	uxListRemove
 4134              	.LVL276:
3163:Middlewares/Third_Party/FreeRTOS/Source/tasks.c **** 
 4135              		.loc 1 3163 3 is_stmt 1 view .LVU1145
3163:Middlewares/Third_Party/FreeRTOS/Source/tasks.c **** 
 4136              		.loc 1 3163 3 view .LVU1146
 4137 0020 E06A     		ldr	r0, [r4, #44]
 4138 0022 0123     		movs	r3, #1
 4139 0024 8340     		lsls	r3, r3, r0
 4140 0026 144A     		ldr	r2, .L329+4
 4141 0028 1168     		ldr	r1, [r2]
 4142 002a 0B43     		orrs	r3, r3, r1
 4143 002c 1360     		str	r3, [r2]
3163:Middlewares/Third_Party/FreeRTOS/Source/tasks.c **** 
 4144              		.loc 1 3163 3 view .LVU1147
 4145 002e 00EB8000 		add	r0, r0, r0, lsl #2
 4146 0032 2946     		mov	r1, r5
 4147 0034 114B     		ldr	r3, .L329+8
 4148 0036 03EB8000 		add	r0, r3, r0, lsl #2
 4149 003a FFF7FEFF 		bl	vListInsertEnd
 4150              	.LVL277:
3163:Middlewares/Third_Party/FreeRTOS/Source/tasks.c **** 
 4151              		.loc 1 3163 42 discriminator 1 view .LVU1148
 4152              	.L324:
3186:Middlewares/Third_Party/FreeRTOS/Source/tasks.c **** 	{
 4153              		.loc 1 3186 2 view .LVU1149
3186:Middlewares/Third_Party/FreeRTOS/Source/tasks.c **** 	{
 4154              		.loc 1 3186 20 is_stmt 0 view .LVU1150
 4155 003e E26A     		ldr	r2, [r4, #44]
3186:Middlewares/Third_Party/FreeRTOS/Source/tasks.c **** 	{
 4156              		.loc 1 3186 47 view .LVU1151
 4157 0040 0F4B     		ldr	r3, .L329+12
 4158 0042 1B68     		ldr	r3, [r3]
 4159 0044 DB6A     		ldr	r3, [r3, #44]
3186:Middlewares/Third_Party/FreeRTOS/Source/tasks.c **** 	{
 4160              		.loc 1 3186 4 view .LVU1152
 4161 0046 9A42     		cmp	r2, r3
 4162 0048 11D9     		bls	.L326
3191:Middlewares/Third_Party/FreeRTOS/Source/tasks.c **** 
 4163              		.loc 1 3191 3 is_stmt 1 view .LVU1153
 4164              	.LVL278:
3195:Middlewares/Third_Party/FreeRTOS/Source/tasks.c **** 	}
 4165              		.loc 1 3195 3 view .LVU1154
3195:Middlewares/Third_Party/FreeRTOS/Source/tasks.c **** 	}
 4166              		.loc 1 3195 17 is_stmt 0 view .LVU1155
 4167 004a 0120     		movs	r0, #1
 4168 004c 0D4B     		ldr	r3, .L329+16
 4169 004e 1860     		str	r0, [r3]
 4170              	.LVL279:
 4171              	.L320:
3203:Middlewares/Third_Party/FreeRTOS/Source/tasks.c **** /*-----------------------------------------------------------*/
 4172              		.loc 1 3203 1 view .LVU1156
 4173 0050 38BD     		pop	{r3, r4, r5, pc}
 4174              	.LVL280:
 4175              	.L328:
3157:Middlewares/Third_Party/FreeRTOS/Source/tasks.c **** 	( void ) uxListRemove( &( pxUnblockedTCB->xEventListItem ) );
ARM GAS  D:\TMP\ccFCmCnH.s 			page 189


 4176              		.loc 1 3157 2 is_stmt 1 discriminator 1 view .LVU1157
 4177              	.LBB184:
 4178              	.LBI184:
 193:Middlewares/Third_Party/FreeRTOS/Source/portable/GCC/ARM_CM3/portmacro.h **** {
 4179              		.loc 2 193 30 view .LVU1158
 4180              	.LBB185:
 195:Middlewares/Third_Party/FreeRTOS/Source/portable/GCC/ARM_CM3/portmacro.h **** 
 4181              		.loc 2 195 1 view .LVU1159
 197:Middlewares/Third_Party/FreeRTOS/Source/portable/GCC/ARM_CM3/portmacro.h **** 	(
 4182              		.loc 2 197 2 view .LVU1160
 4183              		.syntax unified
 4184              	@ 197 "Middlewares/Third_Party/FreeRTOS/Source/portable/GCC/ARM_CM3/portmacro.h" 1
 4185 0052 4FF02003 			mov r3, #32												
 4186 0056 83F31188 		msr basepri, r3											
 4187 005a BFF36F8F 		isb														
 4188 005e BFF34F8F 		dsb														
 4189              	
 4190              	@ 0 "" 2
 4191              		.thumb
 4192              		.syntax unified
 4193              	.L322:
 4194              	.LBE185:
 4195              	.LBE184:
3157:Middlewares/Third_Party/FreeRTOS/Source/tasks.c **** 	( void ) uxListRemove( &( pxUnblockedTCB->xEventListItem ) );
 4196              		.loc 1 3157 2 discriminator 3 view .LVU1161
3157:Middlewares/Third_Party/FreeRTOS/Source/tasks.c **** 	( void ) uxListRemove( &( pxUnblockedTCB->xEventListItem ) );
 4197              		.loc 1 3157 2 discriminator 3 view .LVU1162
3157:Middlewares/Third_Party/FreeRTOS/Source/tasks.c **** 	( void ) uxListRemove( &( pxUnblockedTCB->xEventListItem ) );
 4198              		.loc 1 3157 2 discriminator 3 view .LVU1163
 4199 0062 FEE7     		b	.L322
 4200              	.LVL281:
 4201              	.L323:
3183:Middlewares/Third_Party/FreeRTOS/Source/tasks.c **** 	}
 4202              		.loc 1 3183 3 view .LVU1164
 4203 0064 2946     		mov	r1, r5
 4204 0066 0848     		ldr	r0, .L329+20
 4205 0068 FFF7FEFF 		bl	vListInsertEnd
 4206              	.LVL282:
 4207 006c E7E7     		b	.L324
 4208              	.L326:
3199:Middlewares/Third_Party/FreeRTOS/Source/tasks.c **** 	}
 4209              		.loc 1 3199 11 is_stmt 0 view .LVU1165
 4210 006e 0020     		movs	r0, #0
 4211              	.LVL283:
3202:Middlewares/Third_Party/FreeRTOS/Source/tasks.c **** }
 4212              		.loc 1 3202 2 is_stmt 1 view .LVU1166
3202:Middlewares/Third_Party/FreeRTOS/Source/tasks.c **** }
 4213              		.loc 1 3202 9 is_stmt 0 view .LVU1167
 4214 0070 EEE7     		b	.L320
 4215              	.L330:
 4216 0072 00BF     		.align	2
 4217              	.L329:
 4218 0074 00000000 		.word	uxSchedulerSuspended
 4219 0078 00000000 		.word	uxTopReadyPriority
 4220 007c 00000000 		.word	pxReadyTasksLists
 4221 0080 00000000 		.word	pxCurrentTCB
 4222 0084 00000000 		.word	xYieldPending
ARM GAS  D:\TMP\ccFCmCnH.s 			page 190


 4223 0088 00000000 		.word	xPendingReadyList
 4224              		.cfi_endproc
 4225              	.LFE32:
 4227              		.section	.text.vTaskRemoveFromUnorderedEventList,"ax",%progbits
 4228              		.align	1
 4229              		.global	vTaskRemoveFromUnorderedEventList
 4230              		.syntax unified
 4231              		.thumb
 4232              		.thumb_func
 4234              	vTaskRemoveFromUnorderedEventList:
 4235              	.LVL284:
 4236              	.LFB33:
3207:Middlewares/Third_Party/FreeRTOS/Source/tasks.c **** TCB_t *pxUnblockedTCB;
 4237              		.loc 1 3207 1 is_stmt 1 view -0
 4238              		.cfi_startproc
 4239              		@ args = 0, pretend = 0, frame = 0
 4240              		@ frame_needed = 0, uses_anonymous_args = 0
3207:Middlewares/Third_Party/FreeRTOS/Source/tasks.c **** TCB_t *pxUnblockedTCB;
 4241              		.loc 1 3207 1 is_stmt 0 view .LVU1169
 4242 0000 38B5     		push	{r3, r4, r5, lr}
 4243              	.LCFI37:
 4244              		.cfi_def_cfa_offset 16
 4245              		.cfi_offset 3, -16
 4246              		.cfi_offset 4, -12
 4247              		.cfi_offset 5, -8
 4248              		.cfi_offset 14, -4
3208:Middlewares/Third_Party/FreeRTOS/Source/tasks.c **** 
 4249              		.loc 1 3208 1 is_stmt 1 view .LVU1170
3212:Middlewares/Third_Party/FreeRTOS/Source/tasks.c **** 
 4250              		.loc 1 3212 2 view .LVU1171
 4251 0002 1C4B     		ldr	r3, .L339
 4252 0004 1B68     		ldr	r3, [r3]
 4253 0006 43B9     		cbnz	r3, .L332
3212:Middlewares/Third_Party/FreeRTOS/Source/tasks.c **** 
 4254              		.loc 1 3212 2 discriminator 1 view .LVU1172
 4255              	.LBB186:
 4256              	.LBI186:
 193:Middlewares/Third_Party/FreeRTOS/Source/portable/GCC/ARM_CM3/portmacro.h **** {
 4257              		.loc 2 193 30 view .LVU1173
 4258              	.LBB187:
 195:Middlewares/Third_Party/FreeRTOS/Source/portable/GCC/ARM_CM3/portmacro.h **** 
 4259              		.loc 2 195 1 view .LVU1174
 197:Middlewares/Third_Party/FreeRTOS/Source/portable/GCC/ARM_CM3/portmacro.h **** 	(
 4260              		.loc 2 197 2 view .LVU1175
 4261              		.syntax unified
 4262              	@ 197 "Middlewares/Third_Party/FreeRTOS/Source/portable/GCC/ARM_CM3/portmacro.h" 1
 4263 0008 4FF02003 			mov r3, #32												
 4264 000c 83F31188 		msr basepri, r3											
 4265 0010 BFF36F8F 		isb														
 4266 0014 BFF34F8F 		dsb														
 4267              	
 4268              	@ 0 "" 2
 4269              		.thumb
 4270              		.syntax unified
 4271              	.L333:
 4272              	.LBE187:
 4273              	.LBE186:
ARM GAS  D:\TMP\ccFCmCnH.s 			page 191


3212:Middlewares/Third_Party/FreeRTOS/Source/tasks.c **** 
 4274              		.loc 1 3212 2 discriminator 3 view .LVU1176
3212:Middlewares/Third_Party/FreeRTOS/Source/tasks.c **** 
 4275              		.loc 1 3212 2 discriminator 3 view .LVU1177
3212:Middlewares/Third_Party/FreeRTOS/Source/tasks.c **** 
 4276              		.loc 1 3212 2 discriminator 3 view .LVU1178
 4277 0018 FEE7     		b	.L333
 4278              	.L332:
3212:Middlewares/Third_Party/FreeRTOS/Source/tasks.c **** 
 4279              		.loc 1 3212 49 discriminator 2 view .LVU1179
3215:Middlewares/Third_Party/FreeRTOS/Source/tasks.c **** 
 4280              		.loc 1 3215 2 view .LVU1180
 4281 001a 41F00041 		orr	r1, r1, #-2147483648
 4282              	.LVL285:
3215:Middlewares/Third_Party/FreeRTOS/Source/tasks.c **** 
 4283              		.loc 1 3215 2 is_stmt 0 view .LVU1181
 4284 001e 0160     		str	r1, [r0]
3219:Middlewares/Third_Party/FreeRTOS/Source/tasks.c **** 	configASSERT( pxUnblockedTCB );
 4285              		.loc 1 3219 2 is_stmt 1 view .LVU1182
3219:Middlewares/Third_Party/FreeRTOS/Source/tasks.c **** 	configASSERT( pxUnblockedTCB );
 4286              		.loc 1 3219 17 is_stmt 0 view .LVU1183
 4287 0020 C468     		ldr	r4, [r0, #12]
 4288              	.LVL286:
3220:Middlewares/Third_Party/FreeRTOS/Source/tasks.c **** 	( void ) uxListRemove( pxEventListItem );
 4289              		.loc 1 3220 2 is_stmt 1 view .LVU1184
 4290 0022 F4B1     		cbz	r4, .L338
3220:Middlewares/Third_Party/FreeRTOS/Source/tasks.c **** 	( void ) uxListRemove( pxEventListItem );
 4291              		.loc 1 3220 32 discriminator 2 view .LVU1185
3221:Middlewares/Third_Party/FreeRTOS/Source/tasks.c **** 
 4292              		.loc 1 3221 2 view .LVU1186
3221:Middlewares/Third_Party/FreeRTOS/Source/tasks.c **** 
 4293              		.loc 1 3221 11 is_stmt 0 view .LVU1187
 4294 0024 FFF7FEFF 		bl	uxListRemove
 4295              	.LVL287:
3240:Middlewares/Third_Party/FreeRTOS/Source/tasks.c **** 	prvAddTaskToReadyList( pxUnblockedTCB );
 4296              		.loc 1 3240 2 is_stmt 1 view .LVU1188
3240:Middlewares/Third_Party/FreeRTOS/Source/tasks.c **** 	prvAddTaskToReadyList( pxUnblockedTCB );
 4297              		.loc 1 3240 11 is_stmt 0 view .LVU1189
 4298 0028 251D     		adds	r5, r4, #4
 4299 002a 2846     		mov	r0, r5
 4300 002c FFF7FEFF 		bl	uxListRemove
 4301              	.LVL288:
3241:Middlewares/Third_Party/FreeRTOS/Source/tasks.c **** 
 4302              		.loc 1 3241 2 is_stmt 1 view .LVU1190
3241:Middlewares/Third_Party/FreeRTOS/Source/tasks.c **** 
 4303              		.loc 1 3241 2 view .LVU1191
 4304 0030 E06A     		ldr	r0, [r4, #44]
 4305 0032 0123     		movs	r3, #1
 4306 0034 8340     		lsls	r3, r3, r0
 4307 0036 104A     		ldr	r2, .L339+4
 4308 0038 1168     		ldr	r1, [r2]
 4309 003a 0B43     		orrs	r3, r3, r1
 4310 003c 1360     		str	r3, [r2]
3241:Middlewares/Third_Party/FreeRTOS/Source/tasks.c **** 
 4311              		.loc 1 3241 2 view .LVU1192
 4312 003e 00EB8000 		add	r0, r0, r0, lsl #2
 4313 0042 2946     		mov	r1, r5
ARM GAS  D:\TMP\ccFCmCnH.s 			page 192


 4314 0044 0D4B     		ldr	r3, .L339+8
 4315 0046 03EB8000 		add	r0, r3, r0, lsl #2
 4316 004a FFF7FEFF 		bl	vListInsertEnd
 4317              	.LVL289:
3241:Middlewares/Third_Party/FreeRTOS/Source/tasks.c **** 
 4318              		.loc 1 3241 41 discriminator 1 view .LVU1193
3243:Middlewares/Third_Party/FreeRTOS/Source/tasks.c **** 	{
 4319              		.loc 1 3243 2 view .LVU1194
3243:Middlewares/Third_Party/FreeRTOS/Source/tasks.c **** 	{
 4320              		.loc 1 3243 20 is_stmt 0 view .LVU1195
 4321 004e E26A     		ldr	r2, [r4, #44]
3243:Middlewares/Third_Party/FreeRTOS/Source/tasks.c **** 	{
 4322              		.loc 1 3243 47 view .LVU1196
 4323 0050 0B4B     		ldr	r3, .L339+12
 4324 0052 1B68     		ldr	r3, [r3]
 4325 0054 DB6A     		ldr	r3, [r3, #44]
3243:Middlewares/Third_Party/FreeRTOS/Source/tasks.c **** 	{
 4326              		.loc 1 3243 4 view .LVU1197
 4327 0056 9A42     		cmp	r2, r3
 4328 0058 02D9     		bls	.L331
3249:Middlewares/Third_Party/FreeRTOS/Source/tasks.c **** 	}
 4329              		.loc 1 3249 3 is_stmt 1 view .LVU1198
3249:Middlewares/Third_Party/FreeRTOS/Source/tasks.c **** 	}
 4330              		.loc 1 3249 17 is_stmt 0 view .LVU1199
 4331 005a 0A4B     		ldr	r3, .L339+16
 4332 005c 0122     		movs	r2, #1
 4333 005e 1A60     		str	r2, [r3]
 4334              	.L331:
3251:Middlewares/Third_Party/FreeRTOS/Source/tasks.c **** /*-----------------------------------------------------------*/
 4335              		.loc 1 3251 1 view .LVU1200
 4336 0060 38BD     		pop	{r3, r4, r5, pc}
 4337              	.LVL290:
 4338              	.L338:
3220:Middlewares/Third_Party/FreeRTOS/Source/tasks.c **** 	( void ) uxListRemove( pxEventListItem );
 4339              		.loc 1 3220 2 is_stmt 1 discriminator 1 view .LVU1201
 4340              	.LBB188:
 4341              	.LBI188:
 193:Middlewares/Third_Party/FreeRTOS/Source/portable/GCC/ARM_CM3/portmacro.h **** {
 4342              		.loc 2 193 30 view .LVU1202
 4343              	.LBB189:
 195:Middlewares/Third_Party/FreeRTOS/Source/portable/GCC/ARM_CM3/portmacro.h **** 
 4344              		.loc 2 195 1 view .LVU1203
 197:Middlewares/Third_Party/FreeRTOS/Source/portable/GCC/ARM_CM3/portmacro.h **** 	(
 4345              		.loc 2 197 2 view .LVU1204
 4346              		.syntax unified
 4347              	@ 197 "Middlewares/Third_Party/FreeRTOS/Source/portable/GCC/ARM_CM3/portmacro.h" 1
 4348 0062 4FF02003 			mov r3, #32												
 4349 0066 83F31188 		msr basepri, r3											
 4350 006a BFF36F8F 		isb														
 4351 006e BFF34F8F 		dsb														
 4352              	
 4353              	@ 0 "" 2
 4354              		.thumb
 4355              		.syntax unified
 4356              	.L335:
 4357              	.LBE189:
 4358              	.LBE188:
ARM GAS  D:\TMP\ccFCmCnH.s 			page 193


3220:Middlewares/Third_Party/FreeRTOS/Source/tasks.c **** 	( void ) uxListRemove( pxEventListItem );
 4359              		.loc 1 3220 2 discriminator 3 view .LVU1205
3220:Middlewares/Third_Party/FreeRTOS/Source/tasks.c **** 	( void ) uxListRemove( pxEventListItem );
 4360              		.loc 1 3220 2 discriminator 3 view .LVU1206
3220:Middlewares/Third_Party/FreeRTOS/Source/tasks.c **** 	( void ) uxListRemove( pxEventListItem );
 4361              		.loc 1 3220 2 discriminator 3 view .LVU1207
 4362 0072 FEE7     		b	.L335
 4363              	.L340:
 4364              		.align	2
 4365              	.L339:
 4366 0074 00000000 		.word	uxSchedulerSuspended
 4367 0078 00000000 		.word	uxTopReadyPriority
 4368 007c 00000000 		.word	pxReadyTasksLists
 4369 0080 00000000 		.word	pxCurrentTCB
 4370 0084 00000000 		.word	xYieldPending
 4371              		.cfi_endproc
 4372              	.LFE33:
 4374              		.section	.text.vTaskSetTimeOutState,"ax",%progbits
 4375              		.align	1
 4376              		.global	vTaskSetTimeOutState
 4377              		.syntax unified
 4378              		.thumb
 4379              		.thumb_func
 4381              	vTaskSetTimeOutState:
 4382              	.LVL291:
 4383              	.LFB34:
3255:Middlewares/Third_Party/FreeRTOS/Source/tasks.c **** 	configASSERT( pxTimeOut );
 4384              		.loc 1 3255 1 view -0
 4385              		.cfi_startproc
 4386              		@ args = 0, pretend = 0, frame = 0
 4387              		@ frame_needed = 0, uses_anonymous_args = 0
3256:Middlewares/Third_Party/FreeRTOS/Source/tasks.c **** 	taskENTER_CRITICAL();
 4388              		.loc 1 3256 2 view .LVU1209
 4389 0000 60B1     		cbz	r0, .L346
3255:Middlewares/Third_Party/FreeRTOS/Source/tasks.c **** 	configASSERT( pxTimeOut );
 4390              		.loc 1 3255 1 is_stmt 0 view .LVU1210
 4391 0002 10B5     		push	{r4, lr}
 4392              	.LCFI38:
 4393              		.cfi_def_cfa_offset 8
 4394              		.cfi_offset 4, -8
 4395              		.cfi_offset 14, -4
 4396 0004 0446     		mov	r4, r0
3256:Middlewares/Third_Party/FreeRTOS/Source/tasks.c **** 	taskENTER_CRITICAL();
 4397              		.loc 1 3256 27 is_stmt 1 discriminator 2 view .LVU1211
3257:Middlewares/Third_Party/FreeRTOS/Source/tasks.c **** 	{
 4398              		.loc 1 3257 2 view .LVU1212
 4399 0006 FFF7FEFF 		bl	vPortEnterCritical
 4400              	.LVL292:
3259:Middlewares/Third_Party/FreeRTOS/Source/tasks.c **** 		pxTimeOut->xTimeOnEntering = xTickCount;
 4401              		.loc 1 3259 3 view .LVU1213
3259:Middlewares/Third_Party/FreeRTOS/Source/tasks.c **** 		pxTimeOut->xTimeOnEntering = xTickCount;
 4402              		.loc 1 3259 29 is_stmt 0 view .LVU1214
 4403 000a 094B     		ldr	r3, .L347
 4404 000c 1B68     		ldr	r3, [r3]
 4405 000e 2360     		str	r3, [r4]
3260:Middlewares/Third_Party/FreeRTOS/Source/tasks.c **** 	}
 4406              		.loc 1 3260 3 is_stmt 1 view .LVU1215
ARM GAS  D:\TMP\ccFCmCnH.s 			page 194


3260:Middlewares/Third_Party/FreeRTOS/Source/tasks.c **** 	}
 4407              		.loc 1 3260 30 is_stmt 0 view .LVU1216
 4408 0010 084B     		ldr	r3, .L347+4
 4409 0012 1B68     		ldr	r3, [r3]
 4410 0014 6360     		str	r3, [r4, #4]
3262:Middlewares/Third_Party/FreeRTOS/Source/tasks.c **** }
 4411              		.loc 1 3262 2 is_stmt 1 view .LVU1217
 4412 0016 FFF7FEFF 		bl	vPortExitCritical
 4413              	.LVL293:
3263:Middlewares/Third_Party/FreeRTOS/Source/tasks.c **** /*-----------------------------------------------------------*/
 4414              		.loc 1 3263 1 is_stmt 0 view .LVU1218
 4415 001a 10BD     		pop	{r4, pc}
 4416              	.LVL294:
 4417              	.L346:
 4418              	.LCFI39:
 4419              		.cfi_def_cfa_offset 0
 4420              		.cfi_restore 4
 4421              		.cfi_restore 14
3256:Middlewares/Third_Party/FreeRTOS/Source/tasks.c **** 	taskENTER_CRITICAL();
 4422              		.loc 1 3256 2 is_stmt 1 discriminator 1 view .LVU1219
 4423              	.LBB190:
 4424              	.LBI190:
 193:Middlewares/Third_Party/FreeRTOS/Source/portable/GCC/ARM_CM3/portmacro.h **** {
 4425              		.loc 2 193 30 view .LVU1220
 4426              	.LBB191:
 195:Middlewares/Third_Party/FreeRTOS/Source/portable/GCC/ARM_CM3/portmacro.h **** 
 4427              		.loc 2 195 1 view .LVU1221
 197:Middlewares/Third_Party/FreeRTOS/Source/portable/GCC/ARM_CM3/portmacro.h **** 	(
 4428              		.loc 2 197 2 view .LVU1222
 4429              		.syntax unified
 4430              	@ 197 "Middlewares/Third_Party/FreeRTOS/Source/portable/GCC/ARM_CM3/portmacro.h" 1
 4431 001c 4FF02003 			mov r3, #32												
 4432 0020 83F31188 		msr basepri, r3											
 4433 0024 BFF36F8F 		isb														
 4434 0028 BFF34F8F 		dsb														
 4435              	
 4436              	@ 0 "" 2
 4437              		.thumb
 4438              		.syntax unified
 4439              	.L343:
 4440              	.LBE191:
 4441              	.LBE190:
3256:Middlewares/Third_Party/FreeRTOS/Source/tasks.c **** 	taskENTER_CRITICAL();
 4442              		.loc 1 3256 2 discriminator 3 view .LVU1223
3256:Middlewares/Third_Party/FreeRTOS/Source/tasks.c **** 	taskENTER_CRITICAL();
 4443              		.loc 1 3256 2 discriminator 3 view .LVU1224
3256:Middlewares/Third_Party/FreeRTOS/Source/tasks.c **** 	taskENTER_CRITICAL();
 4444              		.loc 1 3256 2 discriminator 3 view .LVU1225
 4445 002c FEE7     		b	.L343
 4446              	.L348:
 4447 002e 00BF     		.align	2
 4448              	.L347:
 4449 0030 00000000 		.word	xNumOfOverflows
 4450 0034 00000000 		.word	xTickCount
 4451              		.cfi_endproc
 4452              	.LFE34:
 4454              		.section	.text.vTaskInternalSetTimeOutState,"ax",%progbits
ARM GAS  D:\TMP\ccFCmCnH.s 			page 195


 4455              		.align	1
 4456              		.global	vTaskInternalSetTimeOutState
 4457              		.syntax unified
 4458              		.thumb
 4459              		.thumb_func
 4461              	vTaskInternalSetTimeOutState:
 4462              	.LVL295:
 4463              	.LFB35:
3267:Middlewares/Third_Party/FreeRTOS/Source/tasks.c **** 	/* For internal use only as it does not use a critical section. */
 4464              		.loc 1 3267 1 view -0
 4465              		.cfi_startproc
 4466              		@ args = 0, pretend = 0, frame = 0
 4467              		@ frame_needed = 0, uses_anonymous_args = 0
 4468              		@ link register save eliminated.
3269:Middlewares/Third_Party/FreeRTOS/Source/tasks.c **** 	pxTimeOut->xTimeOnEntering = xTickCount;
 4469              		.loc 1 3269 2 view .LVU1227
3269:Middlewares/Third_Party/FreeRTOS/Source/tasks.c **** 	pxTimeOut->xTimeOnEntering = xTickCount;
 4470              		.loc 1 3269 28 is_stmt 0 view .LVU1228
 4471 0000 034B     		ldr	r3, .L350
 4472 0002 1B68     		ldr	r3, [r3]
 4473 0004 0360     		str	r3, [r0]
3270:Middlewares/Third_Party/FreeRTOS/Source/tasks.c **** }
 4474              		.loc 1 3270 2 is_stmt 1 view .LVU1229
3270:Middlewares/Third_Party/FreeRTOS/Source/tasks.c **** }
 4475              		.loc 1 3270 29 is_stmt 0 view .LVU1230
 4476 0006 034B     		ldr	r3, .L350+4
 4477 0008 1B68     		ldr	r3, [r3]
 4478 000a 4360     		str	r3, [r0, #4]
3271:Middlewares/Third_Party/FreeRTOS/Source/tasks.c **** /*-----------------------------------------------------------*/
 4479              		.loc 1 3271 1 view .LVU1231
 4480 000c 7047     		bx	lr
 4481              	.L351:
 4482 000e 00BF     		.align	2
 4483              	.L350:
 4484 0010 00000000 		.word	xNumOfOverflows
 4485 0014 00000000 		.word	xTickCount
 4486              		.cfi_endproc
 4487              	.LFE35:
 4489              		.section	.text.xTaskCheckForTimeOut,"ax",%progbits
 4490              		.align	1
 4491              		.global	xTaskCheckForTimeOut
 4492              		.syntax unified
 4493              		.thumb
 4494              		.thumb_func
 4496              	xTaskCheckForTimeOut:
 4497              	.LVL296:
 4498              	.LFB36:
3275:Middlewares/Third_Party/FreeRTOS/Source/tasks.c **** BaseType_t xReturn;
 4499              		.loc 1 3275 1 is_stmt 1 view -0
 4500              		.cfi_startproc
 4501              		@ args = 0, pretend = 0, frame = 0
 4502              		@ frame_needed = 0, uses_anonymous_args = 0
3276:Middlewares/Third_Party/FreeRTOS/Source/tasks.c **** 
 4503              		.loc 1 3276 1 view .LVU1233
3278:Middlewares/Third_Party/FreeRTOS/Source/tasks.c **** 	configASSERT( pxTicksToWait );
 4504              		.loc 1 3278 2 view .LVU1234
 4505 0000 D8B1     		cbz	r0, .L364
ARM GAS  D:\TMP\ccFCmCnH.s 			page 196


3275:Middlewares/Third_Party/FreeRTOS/Source/tasks.c **** BaseType_t xReturn;
 4506              		.loc 1 3275 1 is_stmt 0 view .LVU1235
 4507 0002 70B5     		push	{r4, r5, r6, lr}
 4508              	.LCFI40:
 4509              		.cfi_def_cfa_offset 16
 4510              		.cfi_offset 4, -16
 4511              		.cfi_offset 5, -12
 4512              		.cfi_offset 6, -8
 4513              		.cfi_offset 14, -4
 4514 0004 0C46     		mov	r4, r1
 4515 0006 0546     		mov	r5, r0
3278:Middlewares/Third_Party/FreeRTOS/Source/tasks.c **** 	configASSERT( pxTicksToWait );
 4516              		.loc 1 3278 27 is_stmt 1 discriminator 2 view .LVU1236
3279:Middlewares/Third_Party/FreeRTOS/Source/tasks.c **** 
 4517              		.loc 1 3279 2 view .LVU1237
 4518 0008 01B3     		cbz	r1, .L365
3279:Middlewares/Third_Party/FreeRTOS/Source/tasks.c **** 
 4519              		.loc 1 3279 31 discriminator 2 view .LVU1238
3281:Middlewares/Third_Party/FreeRTOS/Source/tasks.c **** 	{
 4520              		.loc 1 3281 2 view .LVU1239
 4521 000a FFF7FEFF 		bl	vPortEnterCritical
 4522              	.LVL297:
 4523              	.LBB192:
3284:Middlewares/Third_Party/FreeRTOS/Source/tasks.c **** 		const TickType_t xElapsedTime = xConstTickCount - pxTimeOut->xTimeOnEntering;
 4524              		.loc 1 3284 3 view .LVU1240
3284:Middlewares/Third_Party/FreeRTOS/Source/tasks.c **** 		const TickType_t xElapsedTime = xConstTickCount - pxTimeOut->xTimeOnEntering;
 4525              		.loc 1 3284 20 is_stmt 0 view .LVU1241
 4526 000e 1B4B     		ldr	r3, .L367
 4527 0010 1968     		ldr	r1, [r3]
 4528              	.LVL298:
3285:Middlewares/Third_Party/FreeRTOS/Source/tasks.c **** 
 4529              		.loc 1 3285 3 is_stmt 1 view .LVU1242
3285:Middlewares/Third_Party/FreeRTOS/Source/tasks.c **** 
 4530              		.loc 1 3285 62 is_stmt 0 view .LVU1243
 4531 0012 6B68     		ldr	r3, [r5, #4]
3285:Middlewares/Third_Party/FreeRTOS/Source/tasks.c **** 
 4532              		.loc 1 3285 20 view .LVU1244
 4533 0014 C81A     		subs	r0, r1, r3
 4534              	.LVL299:
3299:Middlewares/Third_Party/FreeRTOS/Source/tasks.c **** 			{
 4535              		.loc 1 3299 4 is_stmt 1 view .LVU1245
3299:Middlewares/Third_Party/FreeRTOS/Source/tasks.c **** 			{
 4536              		.loc 1 3299 8 is_stmt 0 view .LVU1246
 4537 0016 2268     		ldr	r2, [r4]
3299:Middlewares/Third_Party/FreeRTOS/Source/tasks.c **** 			{
 4538              		.loc 1 3299 6 view .LVU1247
 4539 0018 B2F1FF3F 		cmp	r2, #-1
 4540 001c 27D0     		beq	.L360
3309:Middlewares/Third_Party/FreeRTOS/Source/tasks.c **** 		{
 4541              		.loc 1 3309 3 is_stmt 1 view .LVU1248
3309:Middlewares/Third_Party/FreeRTOS/Source/tasks.c **** 		{
 4542              		.loc 1 3309 25 is_stmt 0 view .LVU1249
 4543 001e 184E     		ldr	r6, .L367+4
 4544 0020 3668     		ldr	r6, [r6]
3309:Middlewares/Third_Party/FreeRTOS/Source/tasks.c **** 		{
 4545              		.loc 1 3309 5 view .LVU1250
 4546 0022 D5F800C0 		ldr	ip, [r5]
ARM GAS  D:\TMP\ccFCmCnH.s 			page 197


 4547 0026 B445     		cmp	ip, r6
 4548 0028 01D0     		beq	.L358
3309:Middlewares/Third_Party/FreeRTOS/Source/tasks.c **** 		{
 4549              		.loc 1 3309 56 discriminator 1 view .LVU1251
 4550 002a 8B42     		cmp	r3, r1
 4551 002c 24D9     		bls	.L361
 4552              	.L358:
3318:Middlewares/Third_Party/FreeRTOS/Source/tasks.c **** 		{
 4553              		.loc 1 3318 8 is_stmt 1 view .LVU1252
3318:Middlewares/Third_Party/FreeRTOS/Source/tasks.c **** 		{
 4554              		.loc 1 3318 10 is_stmt 0 view .LVU1253
 4555 002e 8242     		cmp	r2, r0
 4556 0030 15D8     		bhi	.L366
3327:Middlewares/Third_Party/FreeRTOS/Source/tasks.c **** 			xReturn = pdTRUE;
 4557              		.loc 1 3327 4 is_stmt 1 view .LVU1254
3327:Middlewares/Third_Party/FreeRTOS/Source/tasks.c **** 			xReturn = pdTRUE;
 4558              		.loc 1 3327 19 is_stmt 0 view .LVU1255
 4559 0032 0023     		movs	r3, #0
 4560 0034 2360     		str	r3, [r4]
3328:Middlewares/Third_Party/FreeRTOS/Source/tasks.c **** 		}
 4561              		.loc 1 3328 4 is_stmt 1 view .LVU1256
 4562              	.LVL300:
3328:Middlewares/Third_Party/FreeRTOS/Source/tasks.c **** 		}
 4563              		.loc 1 3328 12 is_stmt 0 view .LVU1257
 4564 0036 0124     		movs	r4, #1
 4565              	.LVL301:
3328:Middlewares/Third_Party/FreeRTOS/Source/tasks.c **** 		}
 4566              		.loc 1 3328 12 view .LVU1258
 4567 0038 1AE0     		b	.L357
 4568              	.LVL302:
 4569              	.L364:
 4570              	.LCFI41:
 4571              		.cfi_def_cfa_offset 0
 4572              		.cfi_restore 4
 4573              		.cfi_restore 5
 4574              		.cfi_restore 6
 4575              		.cfi_restore 14
3328:Middlewares/Third_Party/FreeRTOS/Source/tasks.c **** 		}
 4576              		.loc 1 3328 12 view .LVU1259
 4577              	.LBE192:
3278:Middlewares/Third_Party/FreeRTOS/Source/tasks.c **** 	configASSERT( pxTicksToWait );
 4578              		.loc 1 3278 2 is_stmt 1 discriminator 1 view .LVU1260
 4579              	.LBB193:
 4580              	.LBI193:
 193:Middlewares/Third_Party/FreeRTOS/Source/portable/GCC/ARM_CM3/portmacro.h **** {
 4581              		.loc 2 193 30 view .LVU1261
 4582              	.LBB194:
 195:Middlewares/Third_Party/FreeRTOS/Source/portable/GCC/ARM_CM3/portmacro.h **** 
 4583              		.loc 2 195 1 view .LVU1262
 197:Middlewares/Third_Party/FreeRTOS/Source/portable/GCC/ARM_CM3/portmacro.h **** 	(
 4584              		.loc 2 197 2 view .LVU1263
 4585              		.syntax unified
 4586              	@ 197 "Middlewares/Third_Party/FreeRTOS/Source/portable/GCC/ARM_CM3/portmacro.h" 1
 4587 003a 4FF02003 			mov r3, #32												
 4588 003e 83F31188 		msr basepri, r3											
 4589 0042 BFF36F8F 		isb														
 4590 0046 BFF34F8F 		dsb														
ARM GAS  D:\TMP\ccFCmCnH.s 			page 198


 4591              	
 4592              	@ 0 "" 2
 4593              		.thumb
 4594              		.syntax unified
 4595              	.L354:
 4596              	.LBE194:
 4597              	.LBE193:
3278:Middlewares/Third_Party/FreeRTOS/Source/tasks.c **** 	configASSERT( pxTicksToWait );
 4598              		.loc 1 3278 2 discriminator 3 view .LVU1264
3278:Middlewares/Third_Party/FreeRTOS/Source/tasks.c **** 	configASSERT( pxTicksToWait );
 4599              		.loc 1 3278 2 discriminator 3 view .LVU1265
3278:Middlewares/Third_Party/FreeRTOS/Source/tasks.c **** 	configASSERT( pxTicksToWait );
 4600              		.loc 1 3278 2 discriminator 3 view .LVU1266
 4601 004a FEE7     		b	.L354
 4602              	.L365:
 4603              	.LCFI42:
 4604              		.cfi_def_cfa_offset 16
 4605              		.cfi_offset 4, -16
 4606              		.cfi_offset 5, -12
 4607              		.cfi_offset 6, -8
 4608              		.cfi_offset 14, -4
3279:Middlewares/Third_Party/FreeRTOS/Source/tasks.c **** 
 4609              		.loc 1 3279 2 discriminator 1 view .LVU1267
 4610              	.LBB195:
 4611              	.LBI195:
 193:Middlewares/Third_Party/FreeRTOS/Source/portable/GCC/ARM_CM3/portmacro.h **** {
 4612              		.loc 2 193 30 view .LVU1268
 4613              	.LBB196:
 195:Middlewares/Third_Party/FreeRTOS/Source/portable/GCC/ARM_CM3/portmacro.h **** 
 4614              		.loc 2 195 1 view .LVU1269
 197:Middlewares/Third_Party/FreeRTOS/Source/portable/GCC/ARM_CM3/portmacro.h **** 	(
 4615              		.loc 2 197 2 view .LVU1270
 4616              		.syntax unified
 4617              	@ 197 "Middlewares/Third_Party/FreeRTOS/Source/portable/GCC/ARM_CM3/portmacro.h" 1
 4618 004c 4FF02003 			mov r3, #32												
 4619 0050 83F31188 		msr basepri, r3											
 4620 0054 BFF36F8F 		isb														
 4621 0058 BFF34F8F 		dsb														
 4622              	
 4623              	@ 0 "" 2
 4624              		.thumb
 4625              		.syntax unified
 4626              	.L356:
 4627              	.LBE196:
 4628              	.LBE195:
3279:Middlewares/Third_Party/FreeRTOS/Source/tasks.c **** 
 4629              		.loc 1 3279 2 discriminator 3 view .LVU1271
3279:Middlewares/Third_Party/FreeRTOS/Source/tasks.c **** 
 4630              		.loc 1 3279 2 discriminator 3 view .LVU1272
3279:Middlewares/Third_Party/FreeRTOS/Source/tasks.c **** 
 4631              		.loc 1 3279 2 discriminator 3 view .LVU1273
 4632 005c FEE7     		b	.L356
 4633              	.LVL303:
 4634              	.L366:
 4635              	.LBB197:
3321:Middlewares/Third_Party/FreeRTOS/Source/tasks.c **** 			vTaskInternalSetTimeOutState( pxTimeOut );
 4636              		.loc 1 3321 4 view .LVU1274
ARM GAS  D:\TMP\ccFCmCnH.s 			page 199


3321:Middlewares/Third_Party/FreeRTOS/Source/tasks.c **** 			vTaskInternalSetTimeOutState( pxTimeOut );
 4637              		.loc 1 3321 19 is_stmt 0 view .LVU1275
 4638 005e 5B1A     		subs	r3, r3, r1
 4639 0060 1344     		add	r3, r3, r2
 4640 0062 2360     		str	r3, [r4]
3322:Middlewares/Third_Party/FreeRTOS/Source/tasks.c **** 			xReturn = pdFALSE;
 4641              		.loc 1 3322 4 is_stmt 1 view .LVU1276
 4642 0064 2846     		mov	r0, r5
 4643              	.LVL304:
3322:Middlewares/Third_Party/FreeRTOS/Source/tasks.c **** 			xReturn = pdFALSE;
 4644              		.loc 1 3322 4 is_stmt 0 view .LVU1277
 4645 0066 FFF7FEFF 		bl	vTaskInternalSetTimeOutState
 4646              	.LVL305:
3323:Middlewares/Third_Party/FreeRTOS/Source/tasks.c **** 		}
 4647              		.loc 1 3323 4 is_stmt 1 view .LVU1278
3323:Middlewares/Third_Party/FreeRTOS/Source/tasks.c **** 		}
 4648              		.loc 1 3323 12 is_stmt 0 view .LVU1279
 4649 006a 0024     		movs	r4, #0
 4650              	.LVL306:
3323:Middlewares/Third_Party/FreeRTOS/Source/tasks.c **** 		}
 4651              		.loc 1 3323 12 view .LVU1280
 4652 006c 00E0     		b	.L357
 4653              	.LVL307:
 4654              	.L360:
3304:Middlewares/Third_Party/FreeRTOS/Source/tasks.c **** 			}
 4655              		.loc 1 3304 13 view .LVU1281
 4656 006e 0024     		movs	r4, #0
 4657              	.LVL308:
 4658              	.L357:
3304:Middlewares/Third_Party/FreeRTOS/Source/tasks.c **** 			}
 4659              		.loc 1 3304 13 view .LVU1282
 4660              	.LBE197:
3331:Middlewares/Third_Party/FreeRTOS/Source/tasks.c **** 
 4661              		.loc 1 3331 2 is_stmt 1 view .LVU1283
 4662 0070 FFF7FEFF 		bl	vPortExitCritical
 4663              	.LVL309:
3333:Middlewares/Third_Party/FreeRTOS/Source/tasks.c **** }
 4664              		.loc 1 3333 2 view .LVU1284
3334:Middlewares/Third_Party/FreeRTOS/Source/tasks.c **** /*-----------------------------------------------------------*/
 4665              		.loc 1 3334 1 is_stmt 0 view .LVU1285
 4666 0074 2046     		mov	r0, r4
 4667 0076 70BD     		pop	{r4, r5, r6, pc}
 4668              	.LVL310:
 4669              	.L361:
 4670              	.LBB198:
3316:Middlewares/Third_Party/FreeRTOS/Source/tasks.c **** 		}
 4671              		.loc 1 3316 12 view .LVU1286
 4672 0078 0124     		movs	r4, #1
 4673              	.LVL311:
3316:Middlewares/Third_Party/FreeRTOS/Source/tasks.c **** 		}
 4674              		.loc 1 3316 12 view .LVU1287
 4675 007a F9E7     		b	.L357
 4676              	.L368:
 4677              		.align	2
 4678              	.L367:
 4679 007c 00000000 		.word	xTickCount
 4680 0080 00000000 		.word	xNumOfOverflows
ARM GAS  D:\TMP\ccFCmCnH.s 			page 200


 4681              	.LBE198:
 4682              		.cfi_endproc
 4683              	.LFE36:
 4685              		.section	.text.vTaskMissedYield,"ax",%progbits
 4686              		.align	1
 4687              		.global	vTaskMissedYield
 4688              		.syntax unified
 4689              		.thumb
 4690              		.thumb_func
 4692              	vTaskMissedYield:
 4693              	.LFB37:
3338:Middlewares/Third_Party/FreeRTOS/Source/tasks.c **** 	xYieldPending = pdTRUE;
 4694              		.loc 1 3338 1 is_stmt 1 view -0
 4695              		.cfi_startproc
 4696              		@ args = 0, pretend = 0, frame = 0
 4697              		@ frame_needed = 0, uses_anonymous_args = 0
 4698              		@ link register save eliminated.
3339:Middlewares/Third_Party/FreeRTOS/Source/tasks.c **** }
 4699              		.loc 1 3339 2 view .LVU1289
3339:Middlewares/Third_Party/FreeRTOS/Source/tasks.c **** }
 4700              		.loc 1 3339 16 is_stmt 0 view .LVU1290
 4701 0000 014B     		ldr	r3, .L370
 4702 0002 0122     		movs	r2, #1
 4703 0004 1A60     		str	r2, [r3]
3340:Middlewares/Third_Party/FreeRTOS/Source/tasks.c **** /*-----------------------------------------------------------*/
 4704              		.loc 1 3340 1 view .LVU1291
 4705 0006 7047     		bx	lr
 4706              	.L371:
 4707              		.align	2
 4708              	.L370:
 4709 0008 00000000 		.word	xYieldPending
 4710              		.cfi_endproc
 4711              	.LFE37:
 4713              		.section	.text.xTaskGetCurrentTaskHandle,"ax",%progbits
 4714              		.align	1
 4715              		.global	xTaskGetCurrentTaskHandle
 4716              		.syntax unified
 4717              		.thumb
 4718              		.thumb_func
 4720              	xTaskGetCurrentTaskHandle:
 4721              	.LFB43:
3970:Middlewares/Third_Party/FreeRTOS/Source/tasks.c **** 	TaskHandle_t xReturn;
 4722              		.loc 1 3970 2 is_stmt 1 view -0
 4723              		.cfi_startproc
 4724              		@ args = 0, pretend = 0, frame = 0
 4725              		@ frame_needed = 0, uses_anonymous_args = 0
 4726              		@ link register save eliminated.
3971:Middlewares/Third_Party/FreeRTOS/Source/tasks.c **** 
 4727              		.loc 1 3971 2 view .LVU1293
3976:Middlewares/Third_Party/FreeRTOS/Source/tasks.c **** 
 4728              		.loc 1 3976 3 view .LVU1294
3976:Middlewares/Third_Party/FreeRTOS/Source/tasks.c **** 
 4729              		.loc 1 3976 11 is_stmt 0 view .LVU1295
 4730 0000 014B     		ldr	r3, .L373
 4731 0002 1868     		ldr	r0, [r3]
 4732              	.LVL312:
3978:Middlewares/Third_Party/FreeRTOS/Source/tasks.c **** 	}
ARM GAS  D:\TMP\ccFCmCnH.s 			page 201


 4733              		.loc 1 3978 3 is_stmt 1 view .LVU1296
3979:Middlewares/Third_Party/FreeRTOS/Source/tasks.c **** 
 4734              		.loc 1 3979 2 is_stmt 0 view .LVU1297
 4735 0004 7047     		bx	lr
 4736              	.L374:
 4737 0006 00BF     		.align	2
 4738              	.L373:
 4739 0008 00000000 		.word	pxCurrentTCB
 4740              		.cfi_endproc
 4741              	.LFE43:
 4743              		.section	.text.xTaskGetSchedulerState,"ax",%progbits
 4744              		.align	1
 4745              		.global	xTaskGetSchedulerState
 4746              		.syntax unified
 4747              		.thumb
 4748              		.thumb_func
 4750              	xTaskGetSchedulerState:
 4751              	.LFB44:
3987:Middlewares/Third_Party/FreeRTOS/Source/tasks.c **** 	BaseType_t xReturn;
 4752              		.loc 1 3987 2 is_stmt 1 view -0
 4753              		.cfi_startproc
 4754              		@ args = 0, pretend = 0, frame = 0
 4755              		@ frame_needed = 0, uses_anonymous_args = 0
 4756              		@ link register save eliminated.
3988:Middlewares/Third_Party/FreeRTOS/Source/tasks.c **** 
 4757              		.loc 1 3988 2 view .LVU1299
3990:Middlewares/Third_Party/FreeRTOS/Source/tasks.c **** 		{
 4758              		.loc 1 3990 3 view .LVU1300
3990:Middlewares/Third_Party/FreeRTOS/Source/tasks.c **** 		{
 4759              		.loc 1 3990 25 is_stmt 0 view .LVU1301
 4760 0000 054B     		ldr	r3, .L380
 4761 0002 1B68     		ldr	r3, [r3]
3990:Middlewares/Third_Party/FreeRTOS/Source/tasks.c **** 		{
 4762              		.loc 1 3990 5 view .LVU1302
 4763 0004 33B1     		cbz	r3, .L377
3996:Middlewares/Third_Party/FreeRTOS/Source/tasks.c **** 			{
 4764              		.loc 1 3996 4 is_stmt 1 view .LVU1303
3996:Middlewares/Third_Party/FreeRTOS/Source/tasks.c **** 			{
 4765              		.loc 1 3996 29 is_stmt 0 view .LVU1304
 4766 0006 054B     		ldr	r3, .L380+4
 4767 0008 1B68     		ldr	r3, [r3]
3996:Middlewares/Third_Party/FreeRTOS/Source/tasks.c **** 			{
 4768              		.loc 1 3996 6 view .LVU1305
 4769 000a 0BB1     		cbz	r3, .L379
4002:Middlewares/Third_Party/FreeRTOS/Source/tasks.c **** 			}
 4770              		.loc 1 4002 13 view .LVU1306
 4771 000c 0020     		movs	r0, #0
 4772              	.LVL313:
4006:Middlewares/Third_Party/FreeRTOS/Source/tasks.c **** 	}
 4773              		.loc 1 4006 3 is_stmt 1 view .LVU1307
4007:Middlewares/Third_Party/FreeRTOS/Source/tasks.c **** 
 4774              		.loc 1 4007 2 is_stmt 0 view .LVU1308
 4775 000e 7047     		bx	lr
 4776              	.LVL314:
 4777              	.L379:
3998:Middlewares/Third_Party/FreeRTOS/Source/tasks.c **** 			}
 4778              		.loc 1 3998 13 view .LVU1309
ARM GAS  D:\TMP\ccFCmCnH.s 			page 202


 4779 0010 0220     		movs	r0, #2
 4780 0012 7047     		bx	lr
 4781              	.L377:
3992:Middlewares/Third_Party/FreeRTOS/Source/tasks.c **** 		}
 4782              		.loc 1 3992 12 view .LVU1310
 4783 0014 0120     		movs	r0, #1
 4784 0016 7047     		bx	lr
 4785              	.L381:
 4786              		.align	2
 4787              	.L380:
 4788 0018 00000000 		.word	xSchedulerRunning
 4789 001c 00000000 		.word	uxSchedulerSuspended
 4790              		.cfi_endproc
 4791              	.LFE44:
 4793              		.section	.text.xTaskPriorityInherit,"ax",%progbits
 4794              		.align	1
 4795              		.global	xTaskPriorityInherit
 4796              		.syntax unified
 4797              		.thumb
 4798              		.thumb_func
 4800              	xTaskPriorityInherit:
 4801              	.LVL315:
 4802              	.LFB45:
4015:Middlewares/Third_Party/FreeRTOS/Source/tasks.c **** 	TCB_t * const pxMutexHolderTCB = pxMutexHolder;
 4803              		.loc 1 4015 2 is_stmt 1 view -0
 4804              		.cfi_startproc
 4805              		@ args = 0, pretend = 0, frame = 0
 4806              		@ frame_needed = 0, uses_anonymous_args = 0
4016:Middlewares/Third_Party/FreeRTOS/Source/tasks.c **** 	BaseType_t xReturn = pdFALSE;
 4807              		.loc 1 4016 2 view .LVU1312
4017:Middlewares/Third_Party/FreeRTOS/Source/tasks.c **** 
 4808              		.loc 1 4017 2 view .LVU1313
4022:Middlewares/Third_Party/FreeRTOS/Source/tasks.c **** 		{
 4809              		.loc 1 4022 3 view .LVU1314
4022:Middlewares/Third_Party/FreeRTOS/Source/tasks.c **** 		{
 4810              		.loc 1 4022 5 is_stmt 0 view .LVU1315
 4811 0000 0028     		cmp	r0, #0
 4812 0002 48D0     		beq	.L388
4015:Middlewares/Third_Party/FreeRTOS/Source/tasks.c **** 	TCB_t * const pxMutexHolderTCB = pxMutexHolder;
 4813              		.loc 1 4015 2 view .LVU1316
 4814 0004 38B5     		push	{r3, r4, r5, lr}
 4815              	.LCFI43:
 4816              		.cfi_def_cfa_offset 16
 4817              		.cfi_offset 3, -16
 4818              		.cfi_offset 4, -12
 4819              		.cfi_offset 5, -8
 4820              		.cfi_offset 14, -4
 4821 0006 0446     		mov	r4, r0
4027:Middlewares/Third_Party/FreeRTOS/Source/tasks.c **** 			{
 4822              		.loc 1 4027 4 is_stmt 1 view .LVU1317
4027:Middlewares/Third_Party/FreeRTOS/Source/tasks.c **** 			{
 4823              		.loc 1 4027 24 is_stmt 0 view .LVU1318
 4824 0008 C36A     		ldr	r3, [r0, #44]
4027:Middlewares/Third_Party/FreeRTOS/Source/tasks.c **** 			{
 4825              		.loc 1 4027 51 view .LVU1319
 4826 000a 254A     		ldr	r2, .L395
 4827 000c 1268     		ldr	r2, [r2]
ARM GAS  D:\TMP\ccFCmCnH.s 			page 203


 4828 000e D26A     		ldr	r2, [r2, #44]
4027:Middlewares/Third_Party/FreeRTOS/Source/tasks.c **** 			{
 4829              		.loc 1 4027 6 view .LVU1320
 4830 0010 9342     		cmp	r3, r2
 4831 0012 38D2     		bcs	.L384
4032:Middlewares/Third_Party/FreeRTOS/Source/tasks.c **** 				{
 4832              		.loc 1 4032 5 is_stmt 1 view .LVU1321
4032:Middlewares/Third_Party/FreeRTOS/Source/tasks.c **** 				{
 4833              		.loc 1 4032 11 is_stmt 0 view .LVU1322
 4834 0014 8269     		ldr	r2, [r0, #24]
4032:Middlewares/Third_Party/FreeRTOS/Source/tasks.c **** 				{
 4835              		.loc 1 4032 7 view .LVU1323
 4836 0016 002A     		cmp	r2, #0
 4837 0018 05DB     		blt	.L385
4034:Middlewares/Third_Party/FreeRTOS/Source/tasks.c **** 				}
 4838              		.loc 1 4034 6 is_stmt 1 view .LVU1324
 4839 001a 214A     		ldr	r2, .L395
 4840 001c 1268     		ldr	r2, [r2]
 4841 001e D26A     		ldr	r2, [r2, #44]
 4842 0020 C2F10702 		rsb	r2, r2, #7
 4843 0024 8261     		str	r2, [r0, #24]
 4844              	.L385:
4038:Middlewares/Third_Party/FreeRTOS/Source/tasks.c **** 				}
 4845              		.loc 1 4038 30 view .LVU1325
4043:Middlewares/Third_Party/FreeRTOS/Source/tasks.c **** 				{
 4846              		.loc 1 4043 5 view .LVU1326
4043:Middlewares/Third_Party/FreeRTOS/Source/tasks.c **** 				{
 4847              		.loc 1 4043 9 is_stmt 0 view .LVU1327
 4848 0026 6169     		ldr	r1, [r4, #20]
 4849 0028 03EB8303 		add	r3, r3, r3, lsl #2
 4850 002c 1D4A     		ldr	r2, .L395+4
 4851 002e 02EB8303 		add	r3, r2, r3, lsl #2
4043:Middlewares/Third_Party/FreeRTOS/Source/tasks.c **** 				{
 4852              		.loc 1 4043 7 view .LVU1328
 4853 0032 9942     		cmp	r1, r3
 4854 0034 05D0     		beq	.L394
4064:Middlewares/Third_Party/FreeRTOS/Source/tasks.c **** 				}
 4855              		.loc 1 4064 6 is_stmt 1 view .LVU1329
4064:Middlewares/Third_Party/FreeRTOS/Source/tasks.c **** 				}
 4856              		.loc 1 4064 49 is_stmt 0 view .LVU1330
 4857 0036 1A4B     		ldr	r3, .L395
 4858 0038 1B68     		ldr	r3, [r3]
 4859 003a DB6A     		ldr	r3, [r3, #44]
4064:Middlewares/Third_Party/FreeRTOS/Source/tasks.c **** 				}
 4860              		.loc 1 4064 35 view .LVU1331
 4861 003c E362     		str	r3, [r4, #44]
4070:Middlewares/Third_Party/FreeRTOS/Source/tasks.c **** 			}
 4862              		.loc 1 4070 13 view .LVU1332
 4863 003e 0120     		movs	r0, #1
 4864              	.LVL316:
 4865              	.L382:
4097:Middlewares/Third_Party/FreeRTOS/Source/tasks.c **** 
 4866              		.loc 1 4097 2 view .LVU1333
 4867 0040 38BD     		pop	{r3, r4, r5, pc}
 4868              	.LVL317:
 4869              	.L394:
4045:Middlewares/Third_Party/FreeRTOS/Source/tasks.c **** 					{
ARM GAS  D:\TMP\ccFCmCnH.s 			page 204


 4870              		.loc 1 4045 6 is_stmt 1 view .LVU1334
4045:Middlewares/Third_Party/FreeRTOS/Source/tasks.c **** 					{
 4871              		.loc 1 4045 10 is_stmt 0 view .LVU1335
 4872 0042 251D     		adds	r5, r4, #4
 4873 0044 2846     		mov	r0, r5
 4874              	.LVL318:
4045:Middlewares/Third_Party/FreeRTOS/Source/tasks.c **** 					{
 4875              		.loc 1 4045 10 view .LVU1336
 4876 0046 FFF7FEFF 		bl	uxListRemove
 4877              	.LVL319:
4045:Middlewares/Third_Party/FreeRTOS/Source/tasks.c **** 					{
 4878              		.loc 1 4045 8 discriminator 1 view .LVU1337
 4879 004a 38B9     		cbnz	r0, .L387
4050:Middlewares/Third_Party/FreeRTOS/Source/tasks.c **** 					}
 4880              		.loc 1 4050 7 is_stmt 1 view .LVU1338
 4881 004c E36A     		ldr	r3, [r4, #44]
 4882 004e 0122     		movs	r2, #1
 4883 0050 9A40     		lsls	r2, r2, r3
 4884 0052 1549     		ldr	r1, .L395+8
 4885 0054 0B68     		ldr	r3, [r1]
 4886 0056 23EA0203 		bic	r3, r3, r2
 4887 005a 0B60     		str	r3, [r1]
 4888              	.L387:
4054:Middlewares/Third_Party/FreeRTOS/Source/tasks.c **** 					}
 4889              		.loc 1 4054 31 view .LVU1339
4058:Middlewares/Third_Party/FreeRTOS/Source/tasks.c **** 					prvAddTaskToReadyList( pxMutexHolderTCB );
 4890              		.loc 1 4058 6 view .LVU1340
4058:Middlewares/Third_Party/FreeRTOS/Source/tasks.c **** 					prvAddTaskToReadyList( pxMutexHolderTCB );
 4891              		.loc 1 4058 49 is_stmt 0 view .LVU1341
 4892 005c 104B     		ldr	r3, .L395
 4893 005e 1B68     		ldr	r3, [r3]
 4894 0060 D86A     		ldr	r0, [r3, #44]
4058:Middlewares/Third_Party/FreeRTOS/Source/tasks.c **** 					prvAddTaskToReadyList( pxMutexHolderTCB );
 4895              		.loc 1 4058 35 view .LVU1342
 4896 0062 E062     		str	r0, [r4, #44]
4059:Middlewares/Third_Party/FreeRTOS/Source/tasks.c **** 				}
 4897              		.loc 1 4059 6 is_stmt 1 view .LVU1343
4059:Middlewares/Third_Party/FreeRTOS/Source/tasks.c **** 				}
 4898              		.loc 1 4059 6 view .LVU1344
 4899 0064 0124     		movs	r4, #1
 4900              	.LVL320:
4059:Middlewares/Third_Party/FreeRTOS/Source/tasks.c **** 				}
 4901              		.loc 1 4059 6 is_stmt 0 view .LVU1345
 4902 0066 04FA00F3 		lsl	r3, r4, r0
 4903 006a 0F4A     		ldr	r2, .L395+8
 4904 006c 1168     		ldr	r1, [r2]
 4905 006e 0B43     		orrs	r3, r3, r1
 4906 0070 1360     		str	r3, [r2]
4059:Middlewares/Third_Party/FreeRTOS/Source/tasks.c **** 				}
 4907              		.loc 1 4059 6 is_stmt 1 view .LVU1346
 4908 0072 00EB8000 		add	r0, r0, r0, lsl #2
 4909 0076 2946     		mov	r1, r5
 4910 0078 0A4B     		ldr	r3, .L395+4
 4911 007a 03EB8000 		add	r0, r3, r0, lsl #2
 4912 007e FFF7FEFF 		bl	vListInsertEnd
 4913              	.LVL321:
4059:Middlewares/Third_Party/FreeRTOS/Source/tasks.c **** 				}
ARM GAS  D:\TMP\ccFCmCnH.s 			page 205


 4914              		.loc 1 4059 47 discriminator 1 view .LVU1347
4070:Middlewares/Third_Party/FreeRTOS/Source/tasks.c **** 			}
 4915              		.loc 1 4070 13 is_stmt 0 view .LVU1348
 4916 0082 2046     		mov	r0, r4
 4917 0084 DCE7     		b	.L382
 4918              	.LVL322:
 4919              	.L384:
4074:Middlewares/Third_Party/FreeRTOS/Source/tasks.c **** 				{
 4920              		.loc 1 4074 5 is_stmt 1 view .LVU1349
4074:Middlewares/Third_Party/FreeRTOS/Source/tasks.c **** 				{
 4921              		.loc 1 4074 25 is_stmt 0 view .LVU1350
 4922 0086 C26C     		ldr	r2, [r0, #76]
4074:Middlewares/Third_Party/FreeRTOS/Source/tasks.c **** 				{
 4923              		.loc 1 4074 56 view .LVU1351
 4924 0088 054B     		ldr	r3, .L395
 4925 008a 1B68     		ldr	r3, [r3]
 4926 008c DB6A     		ldr	r3, [r3, #44]
4074:Middlewares/Third_Party/FreeRTOS/Source/tasks.c **** 				{
 4927              		.loc 1 4074 7 view .LVU1352
 4928 008e 9A42     		cmp	r2, r3
 4929 0090 03D3     		bcc	.L389
4017:Middlewares/Third_Party/FreeRTOS/Source/tasks.c **** 
 4930              		.loc 1 4017 13 view .LVU1353
 4931 0092 0020     		movs	r0, #0
 4932              	.LVL323:
4017:Middlewares/Third_Party/FreeRTOS/Source/tasks.c **** 
 4933              		.loc 1 4017 13 view .LVU1354
 4934 0094 D4E7     		b	.L382
 4935              	.LVL324:
 4936              	.L388:
 4937              	.LCFI44:
 4938              		.cfi_def_cfa_offset 0
 4939              		.cfi_restore 3
 4940              		.cfi_restore 4
 4941              		.cfi_restore 5
 4942              		.cfi_restore 14
4017:Middlewares/Third_Party/FreeRTOS/Source/tasks.c **** 
 4943              		.loc 1 4017 13 view .LVU1355
 4944 0096 0020     		movs	r0, #0
 4945              	.LVL325:
4097:Middlewares/Third_Party/FreeRTOS/Source/tasks.c **** 
 4946              		.loc 1 4097 2 view .LVU1356
 4947 0098 7047     		bx	lr
 4948              	.LVL326:
 4949              	.L389:
 4950              	.LCFI45:
 4951              		.cfi_def_cfa_offset 16
 4952              		.cfi_offset 3, -16
 4953              		.cfi_offset 4, -12
 4954              		.cfi_offset 5, -8
 4955              		.cfi_offset 14, -4
4083:Middlewares/Third_Party/FreeRTOS/Source/tasks.c **** 				}
 4956              		.loc 1 4083 14 view .LVU1357
 4957 009a 0120     		movs	r0, #1
 4958              	.LVL327:
4093:Middlewares/Third_Party/FreeRTOS/Source/tasks.c **** 		}
 4959              		.loc 1 4093 28 is_stmt 1 view .LVU1358
ARM GAS  D:\TMP\ccFCmCnH.s 			page 206


4096:Middlewares/Third_Party/FreeRTOS/Source/tasks.c **** 	}
 4960              		.loc 1 4096 3 view .LVU1359
4096:Middlewares/Third_Party/FreeRTOS/Source/tasks.c **** 	}
 4961              		.loc 1 4096 10 is_stmt 0 view .LVU1360
 4962 009c D0E7     		b	.L382
 4963              	.L396:
 4964 009e 00BF     		.align	2
 4965              	.L395:
 4966 00a0 00000000 		.word	pxCurrentTCB
 4967 00a4 00000000 		.word	pxReadyTasksLists
 4968 00a8 00000000 		.word	uxTopReadyPriority
 4969              		.cfi_endproc
 4970              	.LFE45:
 4972              		.section	.text.xTaskPriorityDisinherit,"ax",%progbits
 4973              		.align	1
 4974              		.global	xTaskPriorityDisinherit
 4975              		.syntax unified
 4976              		.thumb
 4977              		.thumb_func
 4979              	xTaskPriorityDisinherit:
 4980              	.LVL328:
 4981              	.LFB46:
4105:Middlewares/Third_Party/FreeRTOS/Source/tasks.c **** 	TCB_t * const pxTCB = pxMutexHolder;
 4982              		.loc 1 4105 2 is_stmt 1 view -0
 4983              		.cfi_startproc
 4984              		@ args = 0, pretend = 0, frame = 0
 4985              		@ frame_needed = 0, uses_anonymous_args = 0
4106:Middlewares/Third_Party/FreeRTOS/Source/tasks.c **** 	BaseType_t xReturn = pdFALSE;
 4986              		.loc 1 4106 2 view .LVU1362
4107:Middlewares/Third_Party/FreeRTOS/Source/tasks.c **** 
 4987              		.loc 1 4107 2 view .LVU1363
4109:Middlewares/Third_Party/FreeRTOS/Source/tasks.c **** 		{
 4988              		.loc 1 4109 3 view .LVU1364
4109:Middlewares/Third_Party/FreeRTOS/Source/tasks.c **** 		{
 4989              		.loc 1 4109 5 is_stmt 0 view .LVU1365
 4990 0000 0028     		cmp	r0, #0
 4991 0002 4BD0     		beq	.L404
4105:Middlewares/Third_Party/FreeRTOS/Source/tasks.c **** 	TCB_t * const pxTCB = pxMutexHolder;
 4992              		.loc 1 4105 2 view .LVU1366
 4993 0004 38B5     		push	{r3, r4, r5, lr}
 4994              	.LCFI46:
 4995              		.cfi_def_cfa_offset 16
 4996              		.cfi_offset 3, -16
 4997              		.cfi_offset 4, -12
 4998              		.cfi_offset 5, -8
 4999              		.cfi_offset 14, -4
 5000 0006 0446     		mov	r4, r0
4115:Middlewares/Third_Party/FreeRTOS/Source/tasks.c **** 			configASSERT( pxTCB->uxMutexesHeld );
 5001              		.loc 1 4115 4 is_stmt 1 view .LVU1367
 5002 0008 264B     		ldr	r3, .L412
 5003 000a 1B68     		ldr	r3, [r3]
 5004 000c 8342     		cmp	r3, r0
 5005 000e 08D0     		beq	.L399
4115:Middlewares/Third_Party/FreeRTOS/Source/tasks.c **** 			configASSERT( pxTCB->uxMutexesHeld );
 5006              		.loc 1 4115 4 discriminator 1 view .LVU1368
 5007              	.LBB199:
 5008              	.LBI199:
ARM GAS  D:\TMP\ccFCmCnH.s 			page 207


 193:Middlewares/Third_Party/FreeRTOS/Source/portable/GCC/ARM_CM3/portmacro.h **** {
 5009              		.loc 2 193 30 view .LVU1369
 5010              	.LBB200:
 195:Middlewares/Third_Party/FreeRTOS/Source/portable/GCC/ARM_CM3/portmacro.h **** 
 5011              		.loc 2 195 1 view .LVU1370
 197:Middlewares/Third_Party/FreeRTOS/Source/portable/GCC/ARM_CM3/portmacro.h **** 	(
 5012              		.loc 2 197 2 view .LVU1371
 5013              		.syntax unified
 5014              	@ 197 "Middlewares/Third_Party/FreeRTOS/Source/portable/GCC/ARM_CM3/portmacro.h" 1
 5015 0010 4FF02003 			mov r3, #32												
 5016 0014 83F31188 		msr basepri, r3											
 5017 0018 BFF36F8F 		isb														
 5018 001c BFF34F8F 		dsb														
 5019              	
 5020              	@ 0 "" 2
 5021              		.thumb
 5022              		.syntax unified
 5023              	.L400:
 5024              	.LBE200:
 5025              	.LBE199:
4115:Middlewares/Third_Party/FreeRTOS/Source/tasks.c **** 			configASSERT( pxTCB->uxMutexesHeld );
 5026              		.loc 1 4115 4 discriminator 3 view .LVU1372
4115:Middlewares/Third_Party/FreeRTOS/Source/tasks.c **** 			configASSERT( pxTCB->uxMutexesHeld );
 5027              		.loc 1 4115 4 discriminator 3 view .LVU1373
4115:Middlewares/Third_Party/FreeRTOS/Source/tasks.c **** 			configASSERT( pxTCB->uxMutexesHeld );
 5028              		.loc 1 4115 4 discriminator 3 view .LVU1374
 5029 0020 FEE7     		b	.L400
 5030              	.L399:
4115:Middlewares/Third_Party/FreeRTOS/Source/tasks.c **** 			configASSERT( pxTCB->uxMutexesHeld );
 5031              		.loc 1 4115 41 discriminator 2 view .LVU1375
4116:Middlewares/Third_Party/FreeRTOS/Source/tasks.c **** 			( pxTCB->uxMutexesHeld )--;
 5032              		.loc 1 4116 4 view .LVU1376
 5033 0022 036D     		ldr	r3, [r0, #80]
 5034 0024 43B9     		cbnz	r3, .L401
4116:Middlewares/Third_Party/FreeRTOS/Source/tasks.c **** 			( pxTCB->uxMutexesHeld )--;
 5035              		.loc 1 4116 4 discriminator 1 view .LVU1377
 5036              	.LBB201:
 5037              	.LBI201:
 193:Middlewares/Third_Party/FreeRTOS/Source/portable/GCC/ARM_CM3/portmacro.h **** {
 5038              		.loc 2 193 30 view .LVU1378
 5039              	.LBB202:
 195:Middlewares/Third_Party/FreeRTOS/Source/portable/GCC/ARM_CM3/portmacro.h **** 
 5040              		.loc 2 195 1 view .LVU1379
 197:Middlewares/Third_Party/FreeRTOS/Source/portable/GCC/ARM_CM3/portmacro.h **** 	(
 5041              		.loc 2 197 2 view .LVU1380
 5042              		.syntax unified
 5043              	@ 197 "Middlewares/Third_Party/FreeRTOS/Source/portable/GCC/ARM_CM3/portmacro.h" 1
 5044 0026 4FF02003 			mov r3, #32												
 5045 002a 83F31188 		msr basepri, r3											
 5046 002e BFF36F8F 		isb														
 5047 0032 BFF34F8F 		dsb														
 5048              	
 5049              	@ 0 "" 2
 5050              		.thumb
 5051              		.syntax unified
 5052              	.L402:
 5053              	.LBE202:
ARM GAS  D:\TMP\ccFCmCnH.s 			page 208


 5054              	.LBE201:
4116:Middlewares/Third_Party/FreeRTOS/Source/tasks.c **** 			( pxTCB->uxMutexesHeld )--;
 5055              		.loc 1 4116 4 discriminator 3 view .LVU1381
4116:Middlewares/Third_Party/FreeRTOS/Source/tasks.c **** 			( pxTCB->uxMutexesHeld )--;
 5056              		.loc 1 4116 4 discriminator 3 view .LVU1382
4116:Middlewares/Third_Party/FreeRTOS/Source/tasks.c **** 			( pxTCB->uxMutexesHeld )--;
 5057              		.loc 1 4116 4 discriminator 3 view .LVU1383
 5058 0036 FEE7     		b	.L402
 5059              	.L401:
4116:Middlewares/Third_Party/FreeRTOS/Source/tasks.c **** 			( pxTCB->uxMutexesHeld )--;
 5060              		.loc 1 4116 40 discriminator 2 view .LVU1384
4117:Middlewares/Third_Party/FreeRTOS/Source/tasks.c **** 
 5061              		.loc 1 4117 4 view .LVU1385
4117:Middlewares/Third_Party/FreeRTOS/Source/tasks.c **** 
 5062              		.loc 1 4117 28 is_stmt 0 view .LVU1386
 5063 0038 013B     		subs	r3, r3, #1
 5064 003a 0365     		str	r3, [r0, #80]
4121:Middlewares/Third_Party/FreeRTOS/Source/tasks.c **** 			{
 5065              		.loc 1 4121 4 is_stmt 1 view .LVU1387
4121:Middlewares/Third_Party/FreeRTOS/Source/tasks.c **** 			{
 5066              		.loc 1 4121 13 is_stmt 0 view .LVU1388
 5067 003c C16A     		ldr	r1, [r0, #44]
4121:Middlewares/Third_Party/FreeRTOS/Source/tasks.c **** 			{
 5068              		.loc 1 4121 34 view .LVU1389
 5069 003e C26C     		ldr	r2, [r0, #76]
4121:Middlewares/Third_Party/FreeRTOS/Source/tasks.c **** 			{
 5070              		.loc 1 4121 6 view .LVU1390
 5071 0040 9142     		cmp	r1, r2
 5072 0042 2DD0     		beq	.L405
4124:Middlewares/Third_Party/FreeRTOS/Source/tasks.c **** 				{
 5073              		.loc 1 4124 5 is_stmt 1 view .LVU1391
4124:Middlewares/Third_Party/FreeRTOS/Source/tasks.c **** 				{
 5074              		.loc 1 4124 7 is_stmt 0 view .LVU1392
 5075 0044 0BB1     		cbz	r3, .L411
4107:Middlewares/Third_Party/FreeRTOS/Source/tasks.c **** 
 5076              		.loc 1 4107 13 view .LVU1393
 5077 0046 0020     		movs	r0, #0
 5078              	.LVL329:
4173:Middlewares/Third_Party/FreeRTOS/Source/tasks.c **** 		}
 5079              		.loc 1 4173 28 is_stmt 1 view .LVU1394
4176:Middlewares/Third_Party/FreeRTOS/Source/tasks.c **** 	}
 5080              		.loc 1 4176 3 view .LVU1395
 5081              	.L397:
4177:Middlewares/Third_Party/FreeRTOS/Source/tasks.c **** 
 5082              		.loc 1 4177 2 is_stmt 0 view .LVU1396
 5083 0048 38BD     		pop	{r3, r4, r5, pc}
 5084              	.LVL330:
 5085              	.L411:
4131:Middlewares/Third_Party/FreeRTOS/Source/tasks.c **** 					{
 5086              		.loc 1 4131 6 is_stmt 1 view .LVU1397
4131:Middlewares/Third_Party/FreeRTOS/Source/tasks.c **** 					{
 5087              		.loc 1 4131 10 is_stmt 0 view .LVU1398
 5088 004a 051D     		adds	r5, r0, #4
 5089 004c 2846     		mov	r0, r5
 5090              	.LVL331:
4131:Middlewares/Third_Party/FreeRTOS/Source/tasks.c **** 					{
 5091              		.loc 1 4131 10 view .LVU1399
ARM GAS  D:\TMP\ccFCmCnH.s 			page 209


 5092 004e FFF7FEFF 		bl	uxListRemove
 5093              	.LVL332:
4131:Middlewares/Third_Party/FreeRTOS/Source/tasks.c **** 					{
 5094              		.loc 1 4131 8 discriminator 1 view .LVU1400
 5095 0052 68B9     		cbnz	r0, .L403
4133:Middlewares/Third_Party/FreeRTOS/Source/tasks.c **** 					}
 5096              		.loc 1 4133 7 is_stmt 1 view .LVU1401
 5097 0054 E36A     		ldr	r3, [r4, #44]
 5098 0056 03EB8302 		add	r2, r3, r3, lsl #2
 5099 005a 9200     		lsls	r2, r2, #2
 5100 005c 1249     		ldr	r1, .L412+4
 5101 005e 8A58     		ldr	r2, [r1, r2]
 5102 0060 32B9     		cbnz	r2, .L403
4133:Middlewares/Third_Party/FreeRTOS/Source/tasks.c **** 					}
 5103              		.loc 1 4133 7 discriminator 1 view .LVU1402
 5104 0062 0122     		movs	r2, #1
 5105 0064 9A40     		lsls	r2, r2, r3
 5106 0066 1149     		ldr	r1, .L412+8
 5107 0068 0B68     		ldr	r3, [r1]
 5108 006a 23EA0203 		bic	r3, r3, r2
 5109 006e 0B60     		str	r3, [r1]
 5110              	.L403:
4137:Middlewares/Third_Party/FreeRTOS/Source/tasks.c **** 					}
 5111              		.loc 1 4137 31 view .LVU1403
4142:Middlewares/Third_Party/FreeRTOS/Source/tasks.c **** 					pxTCB->uxPriority = pxTCB->uxBasePriority;
 5112              		.loc 1 4142 67 view .LVU1404
4143:Middlewares/Third_Party/FreeRTOS/Source/tasks.c **** 
 5113              		.loc 1 4143 6 view .LVU1405
4143:Middlewares/Third_Party/FreeRTOS/Source/tasks.c **** 
 5114              		.loc 1 4143 31 is_stmt 0 view .LVU1406
 5115 0070 E06C     		ldr	r0, [r4, #76]
4143:Middlewares/Third_Party/FreeRTOS/Source/tasks.c **** 
 5116              		.loc 1 4143 24 view .LVU1407
 5117 0072 E062     		str	r0, [r4, #44]
4148:Middlewares/Third_Party/FreeRTOS/Source/tasks.c **** 					prvAddTaskToReadyList( pxTCB );
 5118              		.loc 1 4148 6 is_stmt 1 view .LVU1408
 5119 0074 C0F10703 		rsb	r3, r0, #7
 5120 0078 A361     		str	r3, [r4, #24]
4149:Middlewares/Third_Party/FreeRTOS/Source/tasks.c **** 
 5121              		.loc 1 4149 6 view .LVU1409
4149:Middlewares/Third_Party/FreeRTOS/Source/tasks.c **** 
 5122              		.loc 1 4149 6 view .LVU1410
 5123 007a 0124     		movs	r4, #1
 5124              	.LVL333:
4149:Middlewares/Third_Party/FreeRTOS/Source/tasks.c **** 
 5125              		.loc 1 4149 6 is_stmt 0 view .LVU1411
 5126 007c 04FA00F3 		lsl	r3, r4, r0
 5127 0080 0A4A     		ldr	r2, .L412+8
 5128 0082 1168     		ldr	r1, [r2]
 5129 0084 0B43     		orrs	r3, r3, r1
 5130 0086 1360     		str	r3, [r2]
4149:Middlewares/Third_Party/FreeRTOS/Source/tasks.c **** 
 5131              		.loc 1 4149 6 is_stmt 1 view .LVU1412
 5132 0088 00EB8000 		add	r0, r0, r0, lsl #2
 5133 008c 2946     		mov	r1, r5
 5134 008e 064B     		ldr	r3, .L412+4
 5135 0090 03EB8000 		add	r0, r3, r0, lsl #2
ARM GAS  D:\TMP\ccFCmCnH.s 			page 210


 5136 0094 FFF7FEFF 		bl	vListInsertEnd
 5137              	.LVL334:
4149:Middlewares/Third_Party/FreeRTOS/Source/tasks.c **** 
 5138              		.loc 1 4149 36 discriminator 1 view .LVU1413
4159:Middlewares/Third_Party/FreeRTOS/Source/tasks.c **** 				}
 5139              		.loc 1 4159 6 view .LVU1414
4159:Middlewares/Third_Party/FreeRTOS/Source/tasks.c **** 				}
 5140              		.loc 1 4159 14 is_stmt 0 view .LVU1415
 5141 0098 2046     		mov	r0, r4
 5142 009a D5E7     		b	.L397
 5143              	.LVL335:
 5144              	.L404:
 5145              	.LCFI47:
 5146              		.cfi_def_cfa_offset 0
 5147              		.cfi_restore 3
 5148              		.cfi_restore 4
 5149              		.cfi_restore 5
 5150              		.cfi_restore 14
4107:Middlewares/Third_Party/FreeRTOS/Source/tasks.c **** 
 5151              		.loc 1 4107 13 view .LVU1416
 5152 009c 0020     		movs	r0, #0
 5153              	.LVL336:
4177:Middlewares/Third_Party/FreeRTOS/Source/tasks.c **** 
 5154              		.loc 1 4177 2 view .LVU1417
 5155 009e 7047     		bx	lr
 5156              	.LVL337:
 5157              	.L405:
 5158              	.LCFI48:
 5159              		.cfi_def_cfa_offset 16
 5160              		.cfi_offset 3, -16
 5161              		.cfi_offset 4, -12
 5162              		.cfi_offset 5, -8
 5163              		.cfi_offset 14, -4
4107:Middlewares/Third_Party/FreeRTOS/Source/tasks.c **** 
 5164              		.loc 1 4107 13 view .LVU1418
 5165 00a0 0020     		movs	r0, #0
 5166              	.LVL338:
4107:Middlewares/Third_Party/FreeRTOS/Source/tasks.c **** 
 5167              		.loc 1 4107 13 view .LVU1419
 5168 00a2 D1E7     		b	.L397
 5169              	.L413:
 5170              		.align	2
 5171              	.L412:
 5172 00a4 00000000 		.word	pxCurrentTCB
 5173 00a8 00000000 		.word	pxReadyTasksLists
 5174 00ac 00000000 		.word	uxTopReadyPriority
 5175              		.cfi_endproc
 5176              	.LFE46:
 5178              		.section	.text.vTaskPriorityDisinheritAfterTimeout,"ax",%progbits
 5179              		.align	1
 5180              		.global	vTaskPriorityDisinheritAfterTimeout
 5181              		.syntax unified
 5182              		.thumb
 5183              		.thumb_func
 5185              	vTaskPriorityDisinheritAfterTimeout:
 5186              	.LVL339:
 5187              	.LFB47:
ARM GAS  D:\TMP\ccFCmCnH.s 			page 211


4185:Middlewares/Third_Party/FreeRTOS/Source/tasks.c **** 	TCB_t * const pxTCB = pxMutexHolder;
 5188              		.loc 1 4185 2 is_stmt 1 view -0
 5189              		.cfi_startproc
 5190              		@ args = 0, pretend = 0, frame = 0
 5191              		@ frame_needed = 0, uses_anonymous_args = 0
4186:Middlewares/Third_Party/FreeRTOS/Source/tasks.c **** 	UBaseType_t uxPriorityUsedOnEntry, uxPriorityToUse;
 5192              		.loc 1 4186 2 view .LVU1421
4187:Middlewares/Third_Party/FreeRTOS/Source/tasks.c **** 	const UBaseType_t uxOnlyOneMutexHeld = ( UBaseType_t ) 1;
 5193              		.loc 1 4187 2 view .LVU1422
4188:Middlewares/Third_Party/FreeRTOS/Source/tasks.c **** 
 5194              		.loc 1 4188 2 view .LVU1423
4190:Middlewares/Third_Party/FreeRTOS/Source/tasks.c **** 		{
 5195              		.loc 1 4190 3 view .LVU1424
4190:Middlewares/Third_Party/FreeRTOS/Source/tasks.c **** 		{
 5196              		.loc 1 4190 5 is_stmt 0 view .LVU1425
 5197 0000 0028     		cmp	r0, #0
 5198 0002 4FD0     		beq	.L424
4185:Middlewares/Third_Party/FreeRTOS/Source/tasks.c **** 	TCB_t * const pxTCB = pxMutexHolder;
 5199              		.loc 1 4185 2 view .LVU1426
 5200 0004 38B5     		push	{r3, r4, r5, lr}
 5201              	.LCFI49:
 5202              		.cfi_def_cfa_offset 16
 5203              		.cfi_offset 3, -16
 5204              		.cfi_offset 4, -12
 5205              		.cfi_offset 5, -8
 5206              		.cfi_offset 14, -4
 5207 0006 0446     		mov	r4, r0
4194:Middlewares/Third_Party/FreeRTOS/Source/tasks.c **** 
 5208              		.loc 1 4194 4 is_stmt 1 view .LVU1427
 5209 0008 036D     		ldr	r3, [r0, #80]
 5210 000a 43B9     		cbnz	r3, .L416
4194:Middlewares/Third_Party/FreeRTOS/Source/tasks.c **** 
 5211              		.loc 1 4194 4 discriminator 1 view .LVU1428
 5212              	.LBB203:
 5213              	.LBI203:
 193:Middlewares/Third_Party/FreeRTOS/Source/portable/GCC/ARM_CM3/portmacro.h **** {
 5214              		.loc 2 193 30 view .LVU1429
 5215              	.LBB204:
 195:Middlewares/Third_Party/FreeRTOS/Source/portable/GCC/ARM_CM3/portmacro.h **** 
 5216              		.loc 2 195 1 view .LVU1430
 197:Middlewares/Third_Party/FreeRTOS/Source/portable/GCC/ARM_CM3/portmacro.h **** 	(
 5217              		.loc 2 197 2 view .LVU1431
 5218              		.syntax unified
 5219              	@ 197 "Middlewares/Third_Party/FreeRTOS/Source/portable/GCC/ARM_CM3/portmacro.h" 1
 5220 000c 4FF02003 			mov r3, #32												
 5221 0010 83F31188 		msr basepri, r3											
 5222 0014 BFF36F8F 		isb														
 5223 0018 BFF34F8F 		dsb														
 5224              	
 5225              	@ 0 "" 2
 5226              		.thumb
 5227              		.syntax unified
 5228              	.L417:
 5229              	.LBE204:
 5230              	.LBE203:
4194:Middlewares/Third_Party/FreeRTOS/Source/tasks.c **** 
 5231              		.loc 1 4194 4 discriminator 3 view .LVU1432
ARM GAS  D:\TMP\ccFCmCnH.s 			page 212


4194:Middlewares/Third_Party/FreeRTOS/Source/tasks.c **** 
 5232              		.loc 1 4194 4 discriminator 3 view .LVU1433
4194:Middlewares/Third_Party/FreeRTOS/Source/tasks.c **** 
 5233              		.loc 1 4194 4 discriminator 3 view .LVU1434
 5234 001c FEE7     		b	.L417
 5235              	.L416:
4194:Middlewares/Third_Party/FreeRTOS/Source/tasks.c **** 
 5236              		.loc 1 4194 40 discriminator 2 view .LVU1435
4200:Middlewares/Third_Party/FreeRTOS/Source/tasks.c **** 			{
 5237              		.loc 1 4200 4 view .LVU1436
4200:Middlewares/Third_Party/FreeRTOS/Source/tasks.c **** 			{
 5238              		.loc 1 4200 13 is_stmt 0 view .LVU1437
 5239 001e C26C     		ldr	r2, [r0, #76]
4200:Middlewares/Third_Party/FreeRTOS/Source/tasks.c **** 			{
 5240              		.loc 1 4200 6 view .LVU1438
 5241 0020 8A42     		cmp	r2, r1
 5242 0022 00D2     		bcs	.L418
4202:Middlewares/Third_Party/FreeRTOS/Source/tasks.c **** 			}
 5243              		.loc 1 4202 21 view .LVU1439
 5244 0024 0A46     		mov	r2, r1
 5245              	.L418:
 5246              	.LVL340:
4210:Middlewares/Third_Party/FreeRTOS/Source/tasks.c **** 			{
 5247              		.loc 1 4210 4 is_stmt 1 view .LVU1440
4210:Middlewares/Third_Party/FreeRTOS/Source/tasks.c **** 			{
 5248              		.loc 1 4210 13 is_stmt 0 view .LVU1441
 5249 0026 E16A     		ldr	r1, [r4, #44]
 5250              	.LVL341:
4210:Middlewares/Third_Party/FreeRTOS/Source/tasks.c **** 			{
 5251              		.loc 1 4210 6 view .LVU1442
 5252 0028 9142     		cmp	r1, r2
 5253 002a 01D0     		beq	.L414
4216:Middlewares/Third_Party/FreeRTOS/Source/tasks.c **** 				{
 5254              		.loc 1 4216 5 is_stmt 1 view .LVU1443
4216:Middlewares/Third_Party/FreeRTOS/Source/tasks.c **** 				{
 5255              		.loc 1 4216 7 is_stmt 0 view .LVU1444
 5256 002c 012B     		cmp	r3, #1
 5257 002e 00D0     		beq	.L427
 5258              	.LVL342:
 5259              	.L414:
4282:Middlewares/Third_Party/FreeRTOS/Source/tasks.c **** 
 5260              		.loc 1 4282 2 view .LVU1445
 5261 0030 38BD     		pop	{r3, r4, r5, pc}
 5262              	.LVL343:
 5263              	.L427:
4221:Middlewares/Third_Party/FreeRTOS/Source/tasks.c **** 
 5264              		.loc 1 4221 6 is_stmt 1 view .LVU1446
 5265 0032 1D4B     		ldr	r3, .L429
 5266 0034 1B68     		ldr	r3, [r3]
 5267 0036 A342     		cmp	r3, r4
 5268 0038 2BD0     		beq	.L428
4221:Middlewares/Third_Party/FreeRTOS/Source/tasks.c **** 
 5269              		.loc 1 4221 43 discriminator 2 view .LVU1447
4226:Middlewares/Third_Party/FreeRTOS/Source/tasks.c **** 					uxPriorityUsedOnEntry = pxTCB->uxPriority;
 5270              		.loc 1 4226 67 view .LVU1448
4227:Middlewares/Third_Party/FreeRTOS/Source/tasks.c **** 					pxTCB->uxPriority = uxPriorityToUse;
 5271              		.loc 1 4227 6 view .LVU1449
ARM GAS  D:\TMP\ccFCmCnH.s 			page 213


 5272              	.LVL344:
4228:Middlewares/Third_Party/FreeRTOS/Source/tasks.c **** 
 5273              		.loc 1 4228 6 view .LVU1450
4228:Middlewares/Third_Party/FreeRTOS/Source/tasks.c **** 
 5274              		.loc 1 4228 24 is_stmt 0 view .LVU1451
 5275 003a E262     		str	r2, [r4, #44]
4232:Middlewares/Third_Party/FreeRTOS/Source/tasks.c **** 					{
 5276              		.loc 1 4232 6 is_stmt 1 view .LVU1452
4232:Middlewares/Third_Party/FreeRTOS/Source/tasks.c **** 					{
 5277              		.loc 1 4232 12 is_stmt 0 view .LVU1453
 5278 003c A369     		ldr	r3, [r4, #24]
4232:Middlewares/Third_Party/FreeRTOS/Source/tasks.c **** 					{
 5279              		.loc 1 4232 8 view .LVU1454
 5280 003e 002B     		cmp	r3, #0
 5281 0040 02DB     		blt	.L421
4234:Middlewares/Third_Party/FreeRTOS/Source/tasks.c **** 					}
 5282              		.loc 1 4234 7 is_stmt 1 view .LVU1455
 5283 0042 C2F10702 		rsb	r2, r2, #7
 5284              	.LVL345:
4234:Middlewares/Third_Party/FreeRTOS/Source/tasks.c **** 					}
 5285              		.loc 1 4234 7 is_stmt 0 view .LVU1456
 5286 0046 A261     		str	r2, [r4, #24]
 5287              	.L421:
4238:Middlewares/Third_Party/FreeRTOS/Source/tasks.c **** 					}
 5288              		.loc 1 4238 31 is_stmt 1 view .LVU1457
4247:Middlewares/Third_Party/FreeRTOS/Source/tasks.c **** 					{
 5289              		.loc 1 4247 6 view .LVU1458
4247:Middlewares/Third_Party/FreeRTOS/Source/tasks.c **** 					{
 5290              		.loc 1 4247 10 is_stmt 0 view .LVU1459
 5291 0048 6269     		ldr	r2, [r4, #20]
 5292 004a 01EB8101 		add	r1, r1, r1, lsl #2
 5293              	.LVL346:
4247:Middlewares/Third_Party/FreeRTOS/Source/tasks.c **** 					{
 5294              		.loc 1 4247 10 view .LVU1460
 5295 004e 174B     		ldr	r3, .L429+4
 5296 0050 03EB8103 		add	r3, r3, r1, lsl #2
4247:Middlewares/Third_Party/FreeRTOS/Source/tasks.c **** 					{
 5297              		.loc 1 4247 8 view .LVU1461
 5298 0054 9A42     		cmp	r2, r3
 5299 0056 EBD1     		bne	.L414
4249:Middlewares/Third_Party/FreeRTOS/Source/tasks.c **** 						{
 5300              		.loc 1 4249 7 is_stmt 1 view .LVU1462
4249:Middlewares/Third_Party/FreeRTOS/Source/tasks.c **** 						{
 5301              		.loc 1 4249 11 is_stmt 0 view .LVU1463
 5302 0058 251D     		adds	r5, r4, #4
 5303 005a 2846     		mov	r0, r5
 5304              	.LVL347:
4249:Middlewares/Third_Party/FreeRTOS/Source/tasks.c **** 						{
 5305              		.loc 1 4249 11 view .LVU1464
 5306 005c FFF7FEFF 		bl	uxListRemove
 5307              	.LVL348:
4249:Middlewares/Third_Party/FreeRTOS/Source/tasks.c **** 						{
 5308              		.loc 1 4249 9 discriminator 1 view .LVU1465
 5309 0060 38B9     		cbnz	r0, .L422
4254:Middlewares/Third_Party/FreeRTOS/Source/tasks.c **** 						}
 5310              		.loc 1 4254 8 is_stmt 1 view .LVU1466
 5311 0062 E36A     		ldr	r3, [r4, #44]
ARM GAS  D:\TMP\ccFCmCnH.s 			page 214


 5312 0064 0122     		movs	r2, #1
 5313 0066 9A40     		lsls	r2, r2, r3
 5314 0068 1149     		ldr	r1, .L429+8
 5315 006a 0B68     		ldr	r3, [r1]
 5316 006c 23EA0203 		bic	r3, r3, r2
 5317 0070 0B60     		str	r3, [r1]
 5318              	.L422:
4258:Middlewares/Third_Party/FreeRTOS/Source/tasks.c **** 						}
 5319              		.loc 1 4258 32 view .LVU1467
4261:Middlewares/Third_Party/FreeRTOS/Source/tasks.c **** 					}
 5320              		.loc 1 4261 7 view .LVU1468
4261:Middlewares/Third_Party/FreeRTOS/Source/tasks.c **** 					}
 5321              		.loc 1 4261 7 view .LVU1469
 5322 0072 E06A     		ldr	r0, [r4, #44]
 5323 0074 0123     		movs	r3, #1
 5324 0076 8340     		lsls	r3, r3, r0
 5325 0078 0D4A     		ldr	r2, .L429+8
 5326 007a 1168     		ldr	r1, [r2]
 5327 007c 0B43     		orrs	r3, r3, r1
 5328 007e 1360     		str	r3, [r2]
4261:Middlewares/Third_Party/FreeRTOS/Source/tasks.c **** 					}
 5329              		.loc 1 4261 7 view .LVU1470
 5330 0080 00EB8000 		add	r0, r0, r0, lsl #2
 5331 0084 2946     		mov	r1, r5
 5332 0086 094B     		ldr	r3, .L429+4
 5333 0088 03EB8000 		add	r0, r3, r0, lsl #2
 5334 008c FFF7FEFF 		bl	vListInsertEnd
 5335              	.LVL349:
4261:Middlewares/Third_Party/FreeRTOS/Source/tasks.c **** 					}
 5336              		.loc 1 4261 37 discriminator 1 view .LVU1471
4280:Middlewares/Third_Party/FreeRTOS/Source/tasks.c **** 		}
 5337              		.loc 1 4280 28 view .LVU1472
4282:Middlewares/Third_Party/FreeRTOS/Source/tasks.c **** 
 5338              		.loc 1 4282 2 is_stmt 0 view .LVU1473
 5339 0090 CEE7     		b	.L414
 5340              	.LVL350:
 5341              	.L428:
4221:Middlewares/Third_Party/FreeRTOS/Source/tasks.c **** 
 5342              		.loc 1 4221 6 is_stmt 1 discriminator 1 view .LVU1474
 5343              	.LBB205:
 5344              	.LBI205:
 193:Middlewares/Third_Party/FreeRTOS/Source/portable/GCC/ARM_CM3/portmacro.h **** {
 5345              		.loc 2 193 30 view .LVU1475
 5346              	.LBB206:
 195:Middlewares/Third_Party/FreeRTOS/Source/portable/GCC/ARM_CM3/portmacro.h **** 
 5347              		.loc 2 195 1 view .LVU1476
 197:Middlewares/Third_Party/FreeRTOS/Source/portable/GCC/ARM_CM3/portmacro.h **** 	(
 5348              		.loc 2 197 2 view .LVU1477
 5349              		.syntax unified
 5350              	@ 197 "Middlewares/Third_Party/FreeRTOS/Source/portable/GCC/ARM_CM3/portmacro.h" 1
 5351 0092 4FF02003 			mov r3, #32												
 5352 0096 83F31188 		msr basepri, r3											
 5353 009a BFF36F8F 		isb														
 5354 009e BFF34F8F 		dsb														
 5355              	
 5356              	@ 0 "" 2
 5357              		.thumb
ARM GAS  D:\TMP\ccFCmCnH.s 			page 215


 5358              		.syntax unified
 5359              	.L420:
 5360              	.LBE206:
 5361              	.LBE205:
4221:Middlewares/Third_Party/FreeRTOS/Source/tasks.c **** 
 5362              		.loc 1 4221 6 discriminator 3 view .LVU1478
4221:Middlewares/Third_Party/FreeRTOS/Source/tasks.c **** 
 5363              		.loc 1 4221 6 discriminator 3 view .LVU1479
4221:Middlewares/Third_Party/FreeRTOS/Source/tasks.c **** 
 5364              		.loc 1 4221 6 discriminator 3 view .LVU1480
 5365 00a2 FEE7     		b	.L420
 5366              	.LVL351:
 5367              	.L424:
 5368              	.LCFI50:
 5369              		.cfi_def_cfa_offset 0
 5370              		.cfi_restore 3
 5371              		.cfi_restore 4
 5372              		.cfi_restore 5
 5373              		.cfi_restore 14
4221:Middlewares/Third_Party/FreeRTOS/Source/tasks.c **** 
 5374              		.loc 1 4221 6 is_stmt 0 discriminator 3 view .LVU1481
 5375 00a4 7047     		bx	lr
 5376              	.L430:
 5377 00a6 00BF     		.align	2
 5378              	.L429:
 5379 00a8 00000000 		.word	pxCurrentTCB
 5380 00ac 00000000 		.word	pxReadyTasksLists
 5381 00b0 00000000 		.word	uxTopReadyPriority
 5382              		.cfi_endproc
 5383              	.LFE47:
 5385              		.section	.text.uxTaskResetEventItemValue,"ax",%progbits
 5386              		.align	1
 5387              		.global	uxTaskResetEventItemValue
 5388              		.syntax unified
 5389              		.thumb
 5390              		.thumb_func
 5392              	uxTaskResetEventItemValue:
 5393              	.LFB48:
4603:Middlewares/Third_Party/FreeRTOS/Source/tasks.c **** TickType_t uxReturn;
 5394              		.loc 1 4603 1 is_stmt 1 view -0
 5395              		.cfi_startproc
 5396              		@ args = 0, pretend = 0, frame = 0
 5397              		@ frame_needed = 0, uses_anonymous_args = 0
 5398              		@ link register save eliminated.
4604:Middlewares/Third_Party/FreeRTOS/Source/tasks.c **** 
 5399              		.loc 1 4604 1 view .LVU1483
4606:Middlewares/Third_Party/FreeRTOS/Source/tasks.c **** 
 5400              		.loc 1 4606 2 view .LVU1484
4606:Middlewares/Third_Party/FreeRTOS/Source/tasks.c **** 
 5401              		.loc 1 4606 13 is_stmt 0 view .LVU1485
 5402 0000 044A     		ldr	r2, .L432
 5403 0002 1368     		ldr	r3, [r2]
4606:Middlewares/Third_Party/FreeRTOS/Source/tasks.c **** 
 5404              		.loc 1 4606 11 view .LVU1486
 5405 0004 9869     		ldr	r0, [r3, #24]
 5406              	.LVL352:
4610:Middlewares/Third_Party/FreeRTOS/Source/tasks.c **** 
ARM GAS  D:\TMP\ccFCmCnH.s 			page 216


 5407              		.loc 1 4610 2 is_stmt 1 view .LVU1487
 5408 0006 1368     		ldr	r3, [r2]
 5409 0008 DB6A     		ldr	r3, [r3, #44]
 5410 000a 1268     		ldr	r2, [r2]
 5411 000c C3F10703 		rsb	r3, r3, #7
 5412 0010 9361     		str	r3, [r2, #24]
4612:Middlewares/Third_Party/FreeRTOS/Source/tasks.c **** }
 5413              		.loc 1 4612 2 view .LVU1488
4613:Middlewares/Third_Party/FreeRTOS/Source/tasks.c **** /*-----------------------------------------------------------*/
 5414              		.loc 1 4613 1 is_stmt 0 view .LVU1489
 5415 0012 7047     		bx	lr
 5416              	.L433:
 5417              		.align	2
 5418              	.L432:
 5419 0014 00000000 		.word	pxCurrentTCB
 5420              		.cfi_endproc
 5421              	.LFE48:
 5423              		.section	.text.pvTaskIncrementMutexHeldCount,"ax",%progbits
 5424              		.align	1
 5425              		.global	pvTaskIncrementMutexHeldCount
 5426              		.syntax unified
 5427              		.thumb
 5428              		.thumb_func
 5430              	pvTaskIncrementMutexHeldCount:
 5431              	.LFB49:
4619:Middlewares/Third_Party/FreeRTOS/Source/tasks.c **** 		/* If xSemaphoreCreateMutex() is called before any tasks have been created
 5432              		.loc 1 4619 2 is_stmt 1 view -0
 5433              		.cfi_startproc
 5434              		@ args = 0, pretend = 0, frame = 0
 5435              		@ frame_needed = 0, uses_anonymous_args = 0
 5436              		@ link register save eliminated.
4622:Middlewares/Third_Party/FreeRTOS/Source/tasks.c **** 		{
 5437              		.loc 1 4622 3 view .LVU1491
4622:Middlewares/Third_Party/FreeRTOS/Source/tasks.c **** 		{
 5438              		.loc 1 4622 20 is_stmt 0 view .LVU1492
 5439 0000 054B     		ldr	r3, .L436
 5440 0002 1B68     		ldr	r3, [r3]
4622:Middlewares/Third_Party/FreeRTOS/Source/tasks.c **** 		{
 5441              		.loc 1 4622 5 view .LVU1493
 5442 0004 23B1     		cbz	r3, .L435
4624:Middlewares/Third_Party/FreeRTOS/Source/tasks.c **** 		}
 5443              		.loc 1 4624 4 is_stmt 1 view .LVU1494
4624:Middlewares/Third_Party/FreeRTOS/Source/tasks.c **** 		}
 5444              		.loc 1 4624 18 is_stmt 0 view .LVU1495
 5445 0006 044B     		ldr	r3, .L436
 5446 0008 1A68     		ldr	r2, [r3]
 5447 000a 136D     		ldr	r3, [r2, #80]
4624:Middlewares/Third_Party/FreeRTOS/Source/tasks.c **** 		}
 5448              		.loc 1 4624 35 view .LVU1496
 5449 000c 0133     		adds	r3, r3, #1
 5450 000e 1365     		str	r3, [r2, #80]
 5451              	.L435:
4627:Middlewares/Third_Party/FreeRTOS/Source/tasks.c **** 	}
 5452              		.loc 1 4627 3 is_stmt 1 view .LVU1497
4627:Middlewares/Third_Party/FreeRTOS/Source/tasks.c **** 	}
 5453              		.loc 1 4627 10 is_stmt 0 view .LVU1498
 5454 0010 014B     		ldr	r3, .L436
ARM GAS  D:\TMP\ccFCmCnH.s 			page 217


 5455 0012 1868     		ldr	r0, [r3]
4628:Middlewares/Third_Party/FreeRTOS/Source/tasks.c **** 
 5456              		.loc 1 4628 2 view .LVU1499
 5457 0014 7047     		bx	lr
 5458              	.L437:
 5459 0016 00BF     		.align	2
 5460              	.L436:
 5461 0018 00000000 		.word	pxCurrentTCB
 5462              		.cfi_endproc
 5463              	.LFE49:
 5465              		.section	.text.ulTaskNotifyTake,"ax",%progbits
 5466              		.align	1
 5467              		.global	ulTaskNotifyTake
 5468              		.syntax unified
 5469              		.thumb
 5470              		.thumb_func
 5472              	ulTaskNotifyTake:
 5473              	.LVL353:
 5474              	.LFB50:
4636:Middlewares/Third_Party/FreeRTOS/Source/tasks.c **** 	uint32_t ulReturn;
 5475              		.loc 1 4636 2 is_stmt 1 view -0
 5476              		.cfi_startproc
 5477              		@ args = 0, pretend = 0, frame = 0
 5478              		@ frame_needed = 0, uses_anonymous_args = 0
4636:Middlewares/Third_Party/FreeRTOS/Source/tasks.c **** 	uint32_t ulReturn;
 5479              		.loc 1 4636 2 is_stmt 0 view .LVU1501
 5480 0000 38B5     		push	{r3, r4, r5, lr}
 5481              	.LCFI51:
 5482              		.cfi_def_cfa_offset 16
 5483              		.cfi_offset 3, -16
 5484              		.cfi_offset 4, -12
 5485              		.cfi_offset 5, -8
 5486              		.cfi_offset 14, -4
 5487 0002 0546     		mov	r5, r0
 5488 0004 0C46     		mov	r4, r1
4637:Middlewares/Third_Party/FreeRTOS/Source/tasks.c **** 
 5489              		.loc 1 4637 2 is_stmt 1 view .LVU1502
4639:Middlewares/Third_Party/FreeRTOS/Source/tasks.c **** 		{
 5490              		.loc 1 4639 3 view .LVU1503
 5491 0006 FFF7FEFF 		bl	vPortEnterCritical
 5492              	.LVL354:
4642:Middlewares/Third_Party/FreeRTOS/Source/tasks.c **** 			{
 5493              		.loc 1 4642 4 view .LVU1504
4642:Middlewares/Third_Party/FreeRTOS/Source/tasks.c **** 			{
 5494              		.loc 1 4642 20 is_stmt 0 view .LVU1505
 5495 000a 1A4B     		ldr	r3, .L444
 5496 000c 1B68     		ldr	r3, [r3]
 5497 000e 5B6D     		ldr	r3, [r3, #84]
4642:Middlewares/Third_Party/FreeRTOS/Source/tasks.c **** 			{
 5498              		.loc 1 4642 6 view .LVU1506
 5499 0010 2BB9     		cbnz	r3, .L439
4645:Middlewares/Third_Party/FreeRTOS/Source/tasks.c **** 
 5500              		.loc 1 4645 5 is_stmt 1 view .LVU1507
4645:Middlewares/Third_Party/FreeRTOS/Source/tasks.c **** 
 5501              		.loc 1 4645 17 is_stmt 0 view .LVU1508
 5502 0012 184B     		ldr	r3, .L444
 5503 0014 1B68     		ldr	r3, [r3]
ARM GAS  D:\TMP\ccFCmCnH.s 			page 218


4645:Middlewares/Third_Party/FreeRTOS/Source/tasks.c **** 
 5504              		.loc 1 4645 33 view .LVU1509
 5505 0016 0122     		movs	r2, #1
 5506 0018 83F85820 		strb	r2, [r3, #88]
4647:Middlewares/Third_Party/FreeRTOS/Source/tasks.c **** 				{
 5507              		.loc 1 4647 5 is_stmt 1 view .LVU1510
4647:Middlewares/Third_Party/FreeRTOS/Source/tasks.c **** 				{
 5508              		.loc 1 4647 7 is_stmt 0 view .LVU1511
 5509 001c ACB9     		cbnz	r4, .L443
 5510              	.L439:
4665:Middlewares/Third_Party/FreeRTOS/Source/tasks.c **** 			}
 5511              		.loc 1 4665 29 is_stmt 1 view .LVU1512
4668:Middlewares/Third_Party/FreeRTOS/Source/tasks.c **** 
 5512              		.loc 1 4668 3 view .LVU1513
 5513 001e FFF7FEFF 		bl	vPortExitCritical
 5514              	.LVL355:
4670:Middlewares/Third_Party/FreeRTOS/Source/tasks.c **** 		{
 5515              		.loc 1 4670 3 view .LVU1514
 5516 0022 FFF7FEFF 		bl	vPortEnterCritical
 5517              	.LVL356:
4672:Middlewares/Third_Party/FreeRTOS/Source/tasks.c **** 			ulReturn = pxCurrentTCB->ulNotifiedValue;
 5518              		.loc 1 4672 27 view .LVU1515
4673:Middlewares/Third_Party/FreeRTOS/Source/tasks.c **** 
 5519              		.loc 1 4673 4 view .LVU1516
4673:Middlewares/Third_Party/FreeRTOS/Source/tasks.c **** 
 5520              		.loc 1 4673 27 is_stmt 0 view .LVU1517
 5521 0026 134B     		ldr	r3, .L444
 5522 0028 1B68     		ldr	r3, [r3]
4673:Middlewares/Third_Party/FreeRTOS/Source/tasks.c **** 
 5523              		.loc 1 4673 13 view .LVU1518
 5524 002a 5C6D     		ldr	r4, [r3, #84]
 5525              	.LVL357:
4675:Middlewares/Third_Party/FreeRTOS/Source/tasks.c **** 			{
 5526              		.loc 1 4675 4 is_stmt 1 view .LVU1519
4675:Middlewares/Third_Party/FreeRTOS/Source/tasks.c **** 			{
 5527              		.loc 1 4675 6 is_stmt 0 view .LVU1520
 5528 002c 24B1     		cbz	r4, .L440
4677:Middlewares/Third_Party/FreeRTOS/Source/tasks.c **** 				{
 5529              		.loc 1 4677 5 is_stmt 1 view .LVU1521
4677:Middlewares/Third_Party/FreeRTOS/Source/tasks.c **** 				{
 5530              		.loc 1 4677 7 is_stmt 0 view .LVU1522
 5531 002e DDB1     		cbz	r5, .L441
4679:Middlewares/Third_Party/FreeRTOS/Source/tasks.c **** 				}
 5532              		.loc 1 4679 6 is_stmt 1 view .LVU1523
4679:Middlewares/Third_Party/FreeRTOS/Source/tasks.c **** 				}
 5533              		.loc 1 4679 18 is_stmt 0 view .LVU1524
 5534 0030 104B     		ldr	r3, .L444
 5535 0032 1B68     		ldr	r3, [r3]
4679:Middlewares/Third_Party/FreeRTOS/Source/tasks.c **** 				}
 5536              		.loc 1 4679 36 view .LVU1525
 5537 0034 0022     		movs	r2, #0
 5538 0036 5A65     		str	r2, [r3, #84]
 5539              	.L440:
4688:Middlewares/Third_Party/FreeRTOS/Source/tasks.c **** 			}
 5540              		.loc 1 4688 29 is_stmt 1 view .LVU1526
4691:Middlewares/Third_Party/FreeRTOS/Source/tasks.c **** 		}
 5541              		.loc 1 4691 4 view .LVU1527
ARM GAS  D:\TMP\ccFCmCnH.s 			page 219


4691:Middlewares/Third_Party/FreeRTOS/Source/tasks.c **** 		}
 5542              		.loc 1 4691 16 is_stmt 0 view .LVU1528
 5543 0038 0E4B     		ldr	r3, .L444
 5544 003a 1B68     		ldr	r3, [r3]
4691:Middlewares/Third_Party/FreeRTOS/Source/tasks.c **** 		}
 5545              		.loc 1 4691 32 view .LVU1529
 5546 003c 0022     		movs	r2, #0
 5547 003e 83F85820 		strb	r2, [r3, #88]
4693:Middlewares/Third_Party/FreeRTOS/Source/tasks.c **** 
 5548              		.loc 1 4693 3 is_stmt 1 view .LVU1530
 5549 0042 FFF7FEFF 		bl	vPortExitCritical
 5550              	.LVL358:
4695:Middlewares/Third_Party/FreeRTOS/Source/tasks.c **** 	}
 5551              		.loc 1 4695 3 view .LVU1531
4696:Middlewares/Third_Party/FreeRTOS/Source/tasks.c **** 
 5552              		.loc 1 4696 2 is_stmt 0 view .LVU1532
 5553 0046 2046     		mov	r0, r4
 5554 0048 38BD     		pop	{r3, r4, r5, pc}
 5555              	.LVL359:
 5556              	.L443:
4649:Middlewares/Third_Party/FreeRTOS/Source/tasks.c **** 					traceTASK_NOTIFY_TAKE_BLOCK();
 5557              		.loc 1 4649 6 is_stmt 1 view .LVU1533
 5558 004a 1146     		mov	r1, r2
 5559 004c 2046     		mov	r0, r4
 5560 004e FFF7FEFF 		bl	prvAddCurrentTaskToDelayedList
 5561              	.LVL360:
4650:Middlewares/Third_Party/FreeRTOS/Source/tasks.c **** 
 5562              		.loc 1 4650 35 view .LVU1534
4656:Middlewares/Third_Party/FreeRTOS/Source/tasks.c **** 				}
 5563              		.loc 1 4656 6 view .LVU1535
 5564 0052 4FF0E023 		mov	r3, #-536813568
 5565 0056 4FF08052 		mov	r2, #268435456
 5566 005a C3F8042D 		str	r2, [r3, #3332]
4656:Middlewares/Third_Party/FreeRTOS/Source/tasks.c **** 				}
 5567              		.loc 1 4656 6 view .LVU1536
 5568              		.syntax unified
 5569              	@ 4656 "Middlewares/Third_Party/FreeRTOS/Source/tasks.c" 1
 5570 005e BFF34F8F 		dsb
 5571              	@ 0 "" 2
4656:Middlewares/Third_Party/FreeRTOS/Source/tasks.c **** 				}
 5572              		.loc 1 4656 6 view .LVU1537
 5573              	@ 4656 "Middlewares/Third_Party/FreeRTOS/Source/tasks.c" 1
 5574 0062 BFF36F8F 		isb
 5575              	@ 0 "" 2
4656:Middlewares/Third_Party/FreeRTOS/Source/tasks.c **** 				}
 5576              		.loc 1 4656 28 view .LVU1538
 5577              		.thumb
 5578              		.syntax unified
 5579 0066 DAE7     		b	.L439
 5580              	.LVL361:
 5581              	.L441:
4683:Middlewares/Third_Party/FreeRTOS/Source/tasks.c **** 				}
 5582              		.loc 1 4683 6 view .LVU1539
4683:Middlewares/Third_Party/FreeRTOS/Source/tasks.c **** 				}
 5583              		.loc 1 4683 18 is_stmt 0 view .LVU1540
 5584 0068 024B     		ldr	r3, .L444
 5585 006a 1B68     		ldr	r3, [r3]
ARM GAS  D:\TMP\ccFCmCnH.s 			page 220


4683:Middlewares/Third_Party/FreeRTOS/Source/tasks.c **** 				}
 5586              		.loc 1 4683 47 view .LVU1541
 5587 006c 621E     		subs	r2, r4, #1
4683:Middlewares/Third_Party/FreeRTOS/Source/tasks.c **** 				}
 5588              		.loc 1 4683 36 view .LVU1542
 5589 006e 5A65     		str	r2, [r3, #84]
 5590 0070 E2E7     		b	.L440
 5591              	.L445:
 5592 0072 00BF     		.align	2
 5593              	.L444:
 5594 0074 00000000 		.word	pxCurrentTCB
 5595              		.cfi_endproc
 5596              	.LFE50:
 5598              		.section	.text.xTaskNotifyWait,"ax",%progbits
 5599              		.align	1
 5600              		.global	xTaskNotifyWait
 5601              		.syntax unified
 5602              		.thumb
 5603              		.thumb_func
 5605              	xTaskNotifyWait:
 5606              	.LVL362:
 5607              	.LFB51:
4704:Middlewares/Third_Party/FreeRTOS/Source/tasks.c **** 	BaseType_t xReturn;
 5608              		.loc 1 4704 2 is_stmt 1 view -0
 5609              		.cfi_startproc
 5610              		@ args = 0, pretend = 0, frame = 0
 5611              		@ frame_needed = 0, uses_anonymous_args = 0
4704:Middlewares/Third_Party/FreeRTOS/Source/tasks.c **** 	BaseType_t xReturn;
 5612              		.loc 1 4704 2 is_stmt 0 view .LVU1544
 5613 0000 F8B5     		push	{r3, r4, r5, r6, r7, lr}
 5614              	.LCFI52:
 5615              		.cfi_def_cfa_offset 24
 5616              		.cfi_offset 3, -24
 5617              		.cfi_offset 4, -20
 5618              		.cfi_offset 5, -16
 5619              		.cfi_offset 6, -12
 5620              		.cfi_offset 7, -8
 5621              		.cfi_offset 14, -4
 5622 0002 0646     		mov	r6, r0
 5623 0004 0F46     		mov	r7, r1
 5624 0006 1446     		mov	r4, r2
 5625 0008 1D46     		mov	r5, r3
4705:Middlewares/Third_Party/FreeRTOS/Source/tasks.c **** 
 5626              		.loc 1 4705 2 is_stmt 1 view .LVU1545
4707:Middlewares/Third_Party/FreeRTOS/Source/tasks.c **** 		{
 5627              		.loc 1 4707 3 view .LVU1546
 5628 000a FFF7FEFF 		bl	vPortEnterCritical
 5629              	.LVL363:
4710:Middlewares/Third_Party/FreeRTOS/Source/tasks.c **** 			{
 5630              		.loc 1 4710 4 view .LVU1547
4710:Middlewares/Third_Party/FreeRTOS/Source/tasks.c **** 			{
 5631              		.loc 1 4710 20 is_stmt 0 view .LVU1548
 5632 000e 214B     		ldr	r3, .L454
 5633 0010 1B68     		ldr	r3, [r3]
 5634 0012 93F85820 		ldrb	r2, [r3, #88]	@ zero_extendqisi2
 5635 0016 D2B2     		uxtb	r2, r2
4710:Middlewares/Third_Party/FreeRTOS/Source/tasks.c **** 			{
ARM GAS  D:\TMP\ccFCmCnH.s 			page 221


 5636              		.loc 1 4710 6 view .LVU1549
 5637 0018 022A     		cmp	r2, #2
 5638 001a 0AD0     		beq	.L447
4715:Middlewares/Third_Party/FreeRTOS/Source/tasks.c **** 
 5639              		.loc 1 4715 5 is_stmt 1 view .LVU1550
4715:Middlewares/Third_Party/FreeRTOS/Source/tasks.c **** 
 5640              		.loc 1 4715 17 is_stmt 0 view .LVU1551
 5641 001c 1D4A     		ldr	r2, .L454
 5642 001e 1168     		ldr	r1, [r2]
 5643 0020 4B6D     		ldr	r3, [r1, #84]
4715:Middlewares/Third_Party/FreeRTOS/Source/tasks.c **** 
 5644              		.loc 1 4715 35 view .LVU1552
 5645 0022 23EA0603 		bic	r3, r3, r6
 5646 0026 4B65     		str	r3, [r1, #84]
4718:Middlewares/Third_Party/FreeRTOS/Source/tasks.c **** 
 5647              		.loc 1 4718 5 is_stmt 1 view .LVU1553
4718:Middlewares/Third_Party/FreeRTOS/Source/tasks.c **** 
 5648              		.loc 1 4718 17 is_stmt 0 view .LVU1554
 5649 0028 1368     		ldr	r3, [r2]
4718:Middlewares/Third_Party/FreeRTOS/Source/tasks.c **** 
 5650              		.loc 1 4718 33 view .LVU1555
 5651 002a 0122     		movs	r2, #1
 5652 002c 83F85820 		strb	r2, [r3, #88]
4720:Middlewares/Third_Party/FreeRTOS/Source/tasks.c **** 				{
 5653              		.loc 1 4720 5 is_stmt 1 view .LVU1556
4720:Middlewares/Third_Party/FreeRTOS/Source/tasks.c **** 				{
 5654              		.loc 1 4720 7 is_stmt 0 view .LVU1557
 5655 0030 CDB9     		cbnz	r5, .L452
 5656              	.L447:
4738:Middlewares/Third_Party/FreeRTOS/Source/tasks.c **** 			}
 5657              		.loc 1 4738 29 is_stmt 1 view .LVU1558
4741:Middlewares/Third_Party/FreeRTOS/Source/tasks.c **** 
 5658              		.loc 1 4741 3 view .LVU1559
 5659 0032 FFF7FEFF 		bl	vPortExitCritical
 5660              	.LVL364:
4743:Middlewares/Third_Party/FreeRTOS/Source/tasks.c **** 		{
 5661              		.loc 1 4743 3 view .LVU1560
 5662 0036 FFF7FEFF 		bl	vPortEnterCritical
 5663              	.LVL365:
4745:Middlewares/Third_Party/FreeRTOS/Source/tasks.c **** 
 5664              		.loc 1 4745 27 view .LVU1561
4747:Middlewares/Third_Party/FreeRTOS/Source/tasks.c **** 			{
 5665              		.loc 1 4747 4 view .LVU1562
4747:Middlewares/Third_Party/FreeRTOS/Source/tasks.c **** 			{
 5666              		.loc 1 4747 6 is_stmt 0 view .LVU1563
 5667 003a 1CB1     		cbz	r4, .L448
4751:Middlewares/Third_Party/FreeRTOS/Source/tasks.c **** 			}
 5668              		.loc 1 4751 5 is_stmt 1 view .LVU1564
4751:Middlewares/Third_Party/FreeRTOS/Source/tasks.c **** 			}
 5669              		.loc 1 4751 41 is_stmt 0 view .LVU1565
 5670 003c 154B     		ldr	r3, .L454
 5671 003e 1B68     		ldr	r3, [r3]
 5672 0040 5B6D     		ldr	r3, [r3, #84]
4751:Middlewares/Third_Party/FreeRTOS/Source/tasks.c **** 			}
 5673              		.loc 1 4751 27 view .LVU1566
 5674 0042 2360     		str	r3, [r4]
 5675              	.L448:
ARM GAS  D:\TMP\ccFCmCnH.s 			page 222


4758:Middlewares/Third_Party/FreeRTOS/Source/tasks.c **** 			{
 5676              		.loc 1 4758 4 is_stmt 1 view .LVU1567
4758:Middlewares/Third_Party/FreeRTOS/Source/tasks.c **** 			{
 5677              		.loc 1 4758 20 is_stmt 0 view .LVU1568
 5678 0044 134B     		ldr	r3, .L454
 5679 0046 1B68     		ldr	r3, [r3]
 5680 0048 93F85830 		ldrb	r3, [r3, #88]	@ zero_extendqisi2
 5681 004c DBB2     		uxtb	r3, r3
4758:Middlewares/Third_Party/FreeRTOS/Source/tasks.c **** 			{
 5682              		.loc 1 4758 6 view .LVU1569
 5683 004e 022B     		cmp	r3, #2
 5684 0050 18D0     		beq	.L453
4761:Middlewares/Third_Party/FreeRTOS/Source/tasks.c **** 			}
 5685              		.loc 1 4761 13 view .LVU1570
 5686 0052 0024     		movs	r4, #0
 5687              	.LVL366:
 5688              	.L449:
4771:Middlewares/Third_Party/FreeRTOS/Source/tasks.c **** 		}
 5689              		.loc 1 4771 4 is_stmt 1 view .LVU1571
4771:Middlewares/Third_Party/FreeRTOS/Source/tasks.c **** 		}
 5690              		.loc 1 4771 16 is_stmt 0 view .LVU1572
 5691 0054 0F4B     		ldr	r3, .L454
 5692 0056 1B68     		ldr	r3, [r3]
4771:Middlewares/Third_Party/FreeRTOS/Source/tasks.c **** 		}
 5693              		.loc 1 4771 32 view .LVU1573
 5694 0058 0022     		movs	r2, #0
 5695 005a 83F85820 		strb	r2, [r3, #88]
4773:Middlewares/Third_Party/FreeRTOS/Source/tasks.c **** 
 5696              		.loc 1 4773 3 is_stmt 1 view .LVU1574
 5697 005e FFF7FEFF 		bl	vPortExitCritical
 5698              	.LVL367:
4775:Middlewares/Third_Party/FreeRTOS/Source/tasks.c **** 	}
 5699              		.loc 1 4775 3 view .LVU1575
4776:Middlewares/Third_Party/FreeRTOS/Source/tasks.c **** 
 5700              		.loc 1 4776 2 is_stmt 0 view .LVU1576
 5701 0062 2046     		mov	r0, r4
 5702 0064 F8BD     		pop	{r3, r4, r5, r6, r7, pc}
 5703              	.LVL368:
 5704              	.L452:
4722:Middlewares/Third_Party/FreeRTOS/Source/tasks.c **** 					traceTASK_NOTIFY_WAIT_BLOCK();
 5705              		.loc 1 4722 6 is_stmt 1 view .LVU1577
 5706 0066 1146     		mov	r1, r2
 5707 0068 2846     		mov	r0, r5
 5708 006a FFF7FEFF 		bl	prvAddCurrentTaskToDelayedList
 5709              	.LVL369:
4723:Middlewares/Third_Party/FreeRTOS/Source/tasks.c **** 
 5710              		.loc 1 4723 35 view .LVU1578
4729:Middlewares/Third_Party/FreeRTOS/Source/tasks.c **** 				}
 5711              		.loc 1 4729 6 view .LVU1579
 5712 006e 4FF0E023 		mov	r3, #-536813568
 5713 0072 4FF08052 		mov	r2, #268435456
 5714 0076 C3F8042D 		str	r2, [r3, #3332]
4729:Middlewares/Third_Party/FreeRTOS/Source/tasks.c **** 				}
 5715              		.loc 1 4729 6 view .LVU1580
 5716              		.syntax unified
 5717              	@ 4729 "Middlewares/Third_Party/FreeRTOS/Source/tasks.c" 1
 5718 007a BFF34F8F 		dsb
ARM GAS  D:\TMP\ccFCmCnH.s 			page 223


 5719              	@ 0 "" 2
4729:Middlewares/Third_Party/FreeRTOS/Source/tasks.c **** 				}
 5720              		.loc 1 4729 6 view .LVU1581
 5721              	@ 4729 "Middlewares/Third_Party/FreeRTOS/Source/tasks.c" 1
 5722 007e BFF36F8F 		isb
 5723              	@ 0 "" 2
4729:Middlewares/Third_Party/FreeRTOS/Source/tasks.c **** 				}
 5724              		.loc 1 4729 28 view .LVU1582
 5725              		.thumb
 5726              		.syntax unified
 5727 0082 D6E7     		b	.L447
 5728              	.L453:
4767:Middlewares/Third_Party/FreeRTOS/Source/tasks.c **** 				xReturn = pdTRUE;
 5729              		.loc 1 4767 5 view .LVU1583
4767:Middlewares/Third_Party/FreeRTOS/Source/tasks.c **** 				xReturn = pdTRUE;
 5730              		.loc 1 4767 17 is_stmt 0 view .LVU1584
 5731 0084 034B     		ldr	r3, .L454
 5732 0086 1A68     		ldr	r2, [r3]
 5733 0088 536D     		ldr	r3, [r2, #84]
4767:Middlewares/Third_Party/FreeRTOS/Source/tasks.c **** 				xReturn = pdTRUE;
 5734              		.loc 1 4767 35 view .LVU1585
 5735 008a 23EA0703 		bic	r3, r3, r7
 5736 008e 5365     		str	r3, [r2, #84]
4768:Middlewares/Third_Party/FreeRTOS/Source/tasks.c **** 			}
 5737              		.loc 1 4768 5 is_stmt 1 view .LVU1586
 5738              	.LVL370:
4768:Middlewares/Third_Party/FreeRTOS/Source/tasks.c **** 			}
 5739              		.loc 1 4768 13 is_stmt 0 view .LVU1587
 5740 0090 0124     		movs	r4, #1
 5741              	.LVL371:
4768:Middlewares/Third_Party/FreeRTOS/Source/tasks.c **** 			}
 5742              		.loc 1 4768 13 view .LVU1588
 5743 0092 DFE7     		b	.L449
 5744              	.L455:
 5745              		.align	2
 5746              	.L454:
 5747 0094 00000000 		.word	pxCurrentTCB
 5748              		.cfi_endproc
 5749              	.LFE51:
 5751              		.section	.text.xTaskGenericNotify,"ax",%progbits
 5752              		.align	1
 5753              		.global	xTaskGenericNotify
 5754              		.syntax unified
 5755              		.thumb
 5756              		.thumb_func
 5758              	xTaskGenericNotify:
 5759              	.LVL372:
 5760              	.LFB52:
4784:Middlewares/Third_Party/FreeRTOS/Source/tasks.c **** 	TCB_t * pxTCB;
 5761              		.loc 1 4784 2 is_stmt 1 view -0
 5762              		.cfi_startproc
 5763              		@ args = 0, pretend = 0, frame = 0
 5764              		@ frame_needed = 0, uses_anonymous_args = 0
4784:Middlewares/Third_Party/FreeRTOS/Source/tasks.c **** 	TCB_t * pxTCB;
 5765              		.loc 1 4784 2 is_stmt 0 view .LVU1590
 5766 0000 F8B5     		push	{r3, r4, r5, r6, r7, lr}
 5767              	.LCFI53:
ARM GAS  D:\TMP\ccFCmCnH.s 			page 224


 5768              		.cfi_def_cfa_offset 24
 5769              		.cfi_offset 3, -24
 5770              		.cfi_offset 4, -20
 5771              		.cfi_offset 5, -16
 5772              		.cfi_offset 6, -12
 5773              		.cfi_offset 7, -8
 5774              		.cfi_offset 14, -4
4785:Middlewares/Third_Party/FreeRTOS/Source/tasks.c **** 	BaseType_t xReturn = pdPASS;
 5775              		.loc 1 4785 2 is_stmt 1 view .LVU1591
4786:Middlewares/Third_Party/FreeRTOS/Source/tasks.c **** 	uint8_t ucOriginalNotifyState;
 5776              		.loc 1 4786 2 view .LVU1592
 5777              	.LVL373:
4787:Middlewares/Third_Party/FreeRTOS/Source/tasks.c **** 
 5778              		.loc 1 4787 2 view .LVU1593
4789:Middlewares/Third_Party/FreeRTOS/Source/tasks.c **** 		pxTCB = xTaskToNotify;
 5779              		.loc 1 4789 3 view .LVU1594
 5780 0002 A8B1     		cbz	r0, .L476
 5781 0004 0E46     		mov	r6, r1
 5782 0006 1446     		mov	r4, r2
 5783 0008 1D46     		mov	r5, r3
 5784 000a 0746     		mov	r7, r0
4789:Middlewares/Third_Party/FreeRTOS/Source/tasks.c **** 		pxTCB = xTaskToNotify;
 5785              		.loc 1 4789 32 discriminator 2 view .LVU1595
4790:Middlewares/Third_Party/FreeRTOS/Source/tasks.c **** 
 5786              		.loc 1 4790 3 view .LVU1596
 5787              	.LVL374:
4792:Middlewares/Third_Party/FreeRTOS/Source/tasks.c **** 		{
 5788              		.loc 1 4792 3 view .LVU1597
 5789 000c FFF7FEFF 		bl	vPortEnterCritical
 5790              	.LVL375:
4794:Middlewares/Third_Party/FreeRTOS/Source/tasks.c **** 			{
 5791              		.loc 1 4794 4 view .LVU1598
4794:Middlewares/Third_Party/FreeRTOS/Source/tasks.c **** 			{
 5792              		.loc 1 4794 6 is_stmt 0 view .LVU1599
 5793 0010 0DB1     		cbz	r5, .L459
4796:Middlewares/Third_Party/FreeRTOS/Source/tasks.c **** 			}
 5794              		.loc 1 4796 5 is_stmt 1 view .LVU1600
4796:Middlewares/Third_Party/FreeRTOS/Source/tasks.c **** 			}
 5795              		.loc 1 4796 42 is_stmt 0 view .LVU1601
 5796 0012 7B6D     		ldr	r3, [r7, #84]
4796:Middlewares/Third_Party/FreeRTOS/Source/tasks.c **** 			}
 5797              		.loc 1 4796 35 view .LVU1602
 5798 0014 2B60     		str	r3, [r5]
 5799              	.L459:
4799:Middlewares/Third_Party/FreeRTOS/Source/tasks.c **** 
 5800              		.loc 1 4799 4 is_stmt 1 view .LVU1603
4799:Middlewares/Third_Party/FreeRTOS/Source/tasks.c **** 
 5801              		.loc 1 4799 26 is_stmt 0 view .LVU1604
 5802 0016 97F85830 		ldrb	r3, [r7, #88]	@ zero_extendqisi2
 5803 001a DBB2     		uxtb	r3, r3
 5804              	.LVL376:
4801:Middlewares/Third_Party/FreeRTOS/Source/tasks.c **** 
 5805              		.loc 1 4801 4 is_stmt 1 view .LVU1605
4801:Middlewares/Third_Party/FreeRTOS/Source/tasks.c **** 
 5806              		.loc 1 4801 25 is_stmt 0 view .LVU1606
 5807 001c 0222     		movs	r2, #2
 5808 001e 87F85820 		strb	r2, [r7, #88]
ARM GAS  D:\TMP\ccFCmCnH.s 			page 225


4803:Middlewares/Third_Party/FreeRTOS/Source/tasks.c **** 			{
 5809              		.loc 1 4803 4 is_stmt 1 view .LVU1607
 5810 0022 042C     		cmp	r4, #4
 5811 0024 21D8     		bhi	.L460
 5812 0026 DFE804F0 		tbb	[pc, r4]
 5813              	.L462:
 5814 002a 0F       		.byte	(.L466-.L462)/2
 5815 002b 0C       		.byte	(.L465-.L462)/2
 5816 002c 16       		.byte	(.L464-.L462)/2
 5817 002d 1A       		.byte	(.L463-.L462)/2
 5818 002e 1C       		.byte	(.L461-.L462)/2
 5819              	.LVL377:
 5820 002f 00       		.p2align 1
 5821              	.L476:
4789:Middlewares/Third_Party/FreeRTOS/Source/tasks.c **** 		pxTCB = xTaskToNotify;
 5822              		.loc 1 4789 3 discriminator 1 view .LVU1608
 5823              	.LBB207:
 5824              	.LBI207:
 193:Middlewares/Third_Party/FreeRTOS/Source/portable/GCC/ARM_CM3/portmacro.h **** {
 5825              		.loc 2 193 30 view .LVU1609
 5826              	.LBB208:
 195:Middlewares/Third_Party/FreeRTOS/Source/portable/GCC/ARM_CM3/portmacro.h **** 
 5827              		.loc 2 195 1 view .LVU1610
 197:Middlewares/Third_Party/FreeRTOS/Source/portable/GCC/ARM_CM3/portmacro.h **** 	(
 5828              		.loc 2 197 2 view .LVU1611
 5829              		.syntax unified
 5830              	@ 197 "Middlewares/Third_Party/FreeRTOS/Source/portable/GCC/ARM_CM3/portmacro.h" 1
 5831 0030 4FF02003 			mov r3, #32												
 5832 0034 83F31188 		msr basepri, r3											
 5833 0038 BFF36F8F 		isb														
 5834 003c BFF34F8F 		dsb														
 5835              	
 5836              	@ 0 "" 2
 5837              	.LVL378:
 5838              		.thumb
 5839              		.syntax unified
 5840              	.L458:
 197:Middlewares/Third_Party/FreeRTOS/Source/portable/GCC/ARM_CM3/portmacro.h **** 	(
 5841              		.loc 2 197 2 is_stmt 0 view .LVU1612
 5842              	.LBE208:
 5843              	.LBE207:
4789:Middlewares/Third_Party/FreeRTOS/Source/tasks.c **** 		pxTCB = xTaskToNotify;
 5844              		.loc 1 4789 3 is_stmt 1 discriminator 3 view .LVU1613
4789:Middlewares/Third_Party/FreeRTOS/Source/tasks.c **** 		pxTCB = xTaskToNotify;
 5845              		.loc 1 4789 3 discriminator 3 view .LVU1614
4789:Middlewares/Third_Party/FreeRTOS/Source/tasks.c **** 		pxTCB = xTaskToNotify;
 5846              		.loc 1 4789 3 discriminator 3 view .LVU1615
 5847 0040 FEE7     		b	.L458
 5848              	.LVL379:
 5849              	.L465:
4806:Middlewares/Third_Party/FreeRTOS/Source/tasks.c **** 					break;
 5850              		.loc 1 4806 6 view .LVU1616
4806:Middlewares/Third_Party/FreeRTOS/Source/tasks.c **** 					break;
 5851              		.loc 1 4806 11 is_stmt 0 view .LVU1617
 5852 0042 7A6D     		ldr	r2, [r7, #84]
4806:Middlewares/Third_Party/FreeRTOS/Source/tasks.c **** 					break;
 5853              		.loc 1 4806 29 view .LVU1618
ARM GAS  D:\TMP\ccFCmCnH.s 			page 226


 5854 0044 3243     		orrs	r2, r2, r6
 5855 0046 7A65     		str	r2, [r7, #84]
4807:Middlewares/Third_Party/FreeRTOS/Source/tasks.c **** 
 5856              		.loc 1 4807 6 is_stmt 1 view .LVU1619
 5857              	.L466:
4843:Middlewares/Third_Party/FreeRTOS/Source/tasks.c **** 
 5858              		.loc 1 4843 22 view .LVU1620
4847:Middlewares/Third_Party/FreeRTOS/Source/tasks.c **** 			{
 5859              		.loc 1 4847 4 view .LVU1621
4847:Middlewares/Third_Party/FreeRTOS/Source/tasks.c **** 			{
 5860              		.loc 1 4847 6 is_stmt 0 view .LVU1622
 5861 0048 012B     		cmp	r3, #1
 5862 004a 1BD0     		beq	.L477
 5863 004c 0124     		movs	r4, #1
 5864              	.LVL380:
 5865              	.L467:
4884:Middlewares/Third_Party/FreeRTOS/Source/tasks.c **** 			}
 5866              		.loc 1 4884 29 is_stmt 1 view .LVU1623
4887:Middlewares/Third_Party/FreeRTOS/Source/tasks.c **** 
 5867              		.loc 1 4887 3 view .LVU1624
 5868 004e FFF7FEFF 		bl	vPortExitCritical
 5869              	.LVL381:
4889:Middlewares/Third_Party/FreeRTOS/Source/tasks.c **** 	}
 5870              		.loc 1 4889 3 view .LVU1625
4890:Middlewares/Third_Party/FreeRTOS/Source/tasks.c **** 
 5871              		.loc 1 4890 2 is_stmt 0 view .LVU1626
 5872 0052 2046     		mov	r0, r4
 5873 0054 F8BD     		pop	{r3, r4, r5, r6, r7, pc}
 5874              	.LVL382:
 5875              	.L464:
4810:Middlewares/Third_Party/FreeRTOS/Source/tasks.c **** 					break;
 5876              		.loc 1 4810 6 is_stmt 1 view .LVU1627
4810:Middlewares/Third_Party/FreeRTOS/Source/tasks.c **** 					break;
 5877              		.loc 1 4810 13 is_stmt 0 view .LVU1628
 5878 0056 7A6D     		ldr	r2, [r7, #84]
4810:Middlewares/Third_Party/FreeRTOS/Source/tasks.c **** 					break;
 5879              		.loc 1 4810 32 view .LVU1629
 5880 0058 0132     		adds	r2, r2, #1
 5881 005a 7A65     		str	r2, [r7, #84]
4811:Middlewares/Third_Party/FreeRTOS/Source/tasks.c **** 
 5882              		.loc 1 4811 6 is_stmt 1 view .LVU1630
 5883 005c F4E7     		b	.L466
 5884              	.L463:
4814:Middlewares/Third_Party/FreeRTOS/Source/tasks.c **** 					break;
 5885              		.loc 1 4814 6 view .LVU1631
4814:Middlewares/Third_Party/FreeRTOS/Source/tasks.c **** 					break;
 5886              		.loc 1 4814 29 is_stmt 0 view .LVU1632
 5887 005e 7E65     		str	r6, [r7, #84]
4815:Middlewares/Third_Party/FreeRTOS/Source/tasks.c **** 
 5888              		.loc 1 4815 6 is_stmt 1 view .LVU1633
 5889 0060 F2E7     		b	.L466
 5890              	.L461:
4818:Middlewares/Third_Party/FreeRTOS/Source/tasks.c **** 					{
 5891              		.loc 1 4818 6 view .LVU1634
4818:Middlewares/Third_Party/FreeRTOS/Source/tasks.c **** 					{
 5892              		.loc 1 4818 8 is_stmt 0 view .LVU1635
 5893 0062 022B     		cmp	r3, #2
ARM GAS  D:\TMP\ccFCmCnH.s 			page 227


 5894 0064 3ED0     		beq	.L471
4820:Middlewares/Third_Party/FreeRTOS/Source/tasks.c **** 					}
 5895              		.loc 1 4820 7 is_stmt 1 view .LVU1636
4820:Middlewares/Third_Party/FreeRTOS/Source/tasks.c **** 					}
 5896              		.loc 1 4820 30 is_stmt 0 view .LVU1637
 5897 0066 7E65     		str	r6, [r7, #84]
 5898 0068 EEE7     		b	.L466
 5899              	.L460:
4838:Middlewares/Third_Party/FreeRTOS/Source/tasks.c **** 
 5900              		.loc 1 4838 6 is_stmt 1 view .LVU1638
 5901 006a 7A6D     		ldr	r2, [r7, #84]
 5902 006c B2F1FF3F 		cmp	r2, #-1
 5903 0070 EAD0     		beq	.L466
4838:Middlewares/Third_Party/FreeRTOS/Source/tasks.c **** 
 5904              		.loc 1 4838 6 discriminator 1 view .LVU1639
 5905              	.LBB209:
 5906              	.LBI209:
 193:Middlewares/Third_Party/FreeRTOS/Source/portable/GCC/ARM_CM3/portmacro.h **** {
 5907              		.loc 2 193 30 view .LVU1640
 5908              	.LBB210:
 195:Middlewares/Third_Party/FreeRTOS/Source/portable/GCC/ARM_CM3/portmacro.h **** 
 5909              		.loc 2 195 1 view .LVU1641
 197:Middlewares/Third_Party/FreeRTOS/Source/portable/GCC/ARM_CM3/portmacro.h **** 	(
 5910              		.loc 2 197 2 view .LVU1642
 5911              		.syntax unified
 5912              	@ 197 "Middlewares/Third_Party/FreeRTOS/Source/portable/GCC/ARM_CM3/portmacro.h" 1
 5913 0072 4FF02003 			mov r3, #32												
 5914 0076 83F31188 		msr basepri, r3											
 5915 007a BFF36F8F 		isb														
 5916 007e BFF34F8F 		dsb														
 5917              	
 5918              	@ 0 "" 2
 5919              	.LVL383:
 5920              		.thumb
 5921              		.syntax unified
 5922              	.L468:
 197:Middlewares/Third_Party/FreeRTOS/Source/portable/GCC/ARM_CM3/portmacro.h **** 	(
 5923              		.loc 2 197 2 is_stmt 0 view .LVU1643
 5924              	.LBE210:
 5925              	.LBE209:
4838:Middlewares/Third_Party/FreeRTOS/Source/tasks.c **** 
 5926              		.loc 1 4838 6 is_stmt 1 discriminator 3 view .LVU1644
4838:Middlewares/Third_Party/FreeRTOS/Source/tasks.c **** 
 5927              		.loc 1 4838 6 discriminator 3 view .LVU1645
4838:Middlewares/Third_Party/FreeRTOS/Source/tasks.c **** 
 5928              		.loc 1 4838 6 discriminator 3 view .LVU1646
 5929 0082 FEE7     		b	.L468
 5930              	.LVL384:
 5931              	.L477:
4849:Middlewares/Third_Party/FreeRTOS/Source/tasks.c **** 				prvAddTaskToReadyList( pxTCB );
 5932              		.loc 1 4849 5 view .LVU1647
4849:Middlewares/Third_Party/FreeRTOS/Source/tasks.c **** 				prvAddTaskToReadyList( pxTCB );
 5933              		.loc 1 4849 14 is_stmt 0 view .LVU1648
 5934 0084 3C1D     		adds	r4, r7, #4
 5935 0086 2046     		mov	r0, r4
 5936 0088 FFF7FEFF 		bl	uxListRemove
 5937              	.LVL385:
ARM GAS  D:\TMP\ccFCmCnH.s 			page 228


4850:Middlewares/Third_Party/FreeRTOS/Source/tasks.c **** 
 5938              		.loc 1 4850 5 is_stmt 1 view .LVU1649
4850:Middlewares/Third_Party/FreeRTOS/Source/tasks.c **** 
 5939              		.loc 1 4850 5 view .LVU1650
 5940 008c F86A     		ldr	r0, [r7, #44]
 5941 008e 0123     		movs	r3, #1
 5942 0090 8340     		lsls	r3, r3, r0
 5943 0092 164A     		ldr	r2, .L478
 5944 0094 1168     		ldr	r1, [r2]
 5945 0096 0B43     		orrs	r3, r3, r1
 5946 0098 1360     		str	r3, [r2]
4850:Middlewares/Third_Party/FreeRTOS/Source/tasks.c **** 
 5947              		.loc 1 4850 5 view .LVU1651
 5948 009a 00EB8000 		add	r0, r0, r0, lsl #2
 5949 009e 2146     		mov	r1, r4
 5950 00a0 134B     		ldr	r3, .L478+4
 5951 00a2 03EB8000 		add	r0, r3, r0, lsl #2
 5952 00a6 FFF7FEFF 		bl	vListInsertEnd
 5953              	.LVL386:
4850:Middlewares/Third_Party/FreeRTOS/Source/tasks.c **** 
 5954              		.loc 1 4850 35 discriminator 1 view .LVU1652
4853:Middlewares/Third_Party/FreeRTOS/Source/tasks.c **** 
 5955              		.loc 1 4853 5 view .LVU1653
 5956 00aa BB6A     		ldr	r3, [r7, #40]
 5957 00ac 43B1     		cbz	r3, .L469
4853:Middlewares/Third_Party/FreeRTOS/Source/tasks.c **** 
 5958              		.loc 1 4853 5 discriminator 1 view .LVU1654
 5959              	.LBB211:
 5960              	.LBI211:
 193:Middlewares/Third_Party/FreeRTOS/Source/portable/GCC/ARM_CM3/portmacro.h **** {
 5961              		.loc 2 193 30 view .LVU1655
 5962              	.LBB212:
 195:Middlewares/Third_Party/FreeRTOS/Source/portable/GCC/ARM_CM3/portmacro.h **** 
 5963              		.loc 2 195 1 view .LVU1656
 197:Middlewares/Third_Party/FreeRTOS/Source/portable/GCC/ARM_CM3/portmacro.h **** 	(
 5964              		.loc 2 197 2 view .LVU1657
 5965              		.syntax unified
 5966              	@ 197 "Middlewares/Third_Party/FreeRTOS/Source/portable/GCC/ARM_CM3/portmacro.h" 1
 5967 00ae 4FF02003 			mov r3, #32												
 5968 00b2 83F31188 		msr basepri, r3											
 5969 00b6 BFF36F8F 		isb														
 5970 00ba BFF34F8F 		dsb														
 5971              	
 5972              	@ 0 "" 2
 5973              		.thumb
 5974              		.syntax unified
 5975              	.L470:
 5976              	.LBE212:
 5977              	.LBE211:
4853:Middlewares/Third_Party/FreeRTOS/Source/tasks.c **** 
 5978              		.loc 1 4853 5 discriminator 3 view .LVU1658
4853:Middlewares/Third_Party/FreeRTOS/Source/tasks.c **** 
 5979              		.loc 1 4853 5 discriminator 3 view .LVU1659
4853:Middlewares/Third_Party/FreeRTOS/Source/tasks.c **** 
 5980              		.loc 1 4853 5 discriminator 3 view .LVU1660
 5981 00be FEE7     		b	.L470
 5982              	.L469:
ARM GAS  D:\TMP\ccFCmCnH.s 			page 229


4853:Middlewares/Third_Party/FreeRTOS/Source/tasks.c **** 
 5983              		.loc 1 4853 82 discriminator 2 view .LVU1661
4871:Middlewares/Third_Party/FreeRTOS/Source/tasks.c **** 				{
 5984              		.loc 1 4871 5 view .LVU1662
4871:Middlewares/Third_Party/FreeRTOS/Source/tasks.c **** 				{
 5985              		.loc 1 4871 14 is_stmt 0 view .LVU1663
 5986 00c0 FA6A     		ldr	r2, [r7, #44]
4871:Middlewares/Third_Party/FreeRTOS/Source/tasks.c **** 				{
 5987              		.loc 1 4871 41 view .LVU1664
 5988 00c2 0C4B     		ldr	r3, .L478+8
 5989 00c4 1B68     		ldr	r3, [r3]
 5990 00c6 DB6A     		ldr	r3, [r3, #44]
4871:Middlewares/Third_Party/FreeRTOS/Source/tasks.c **** 				{
 5991              		.loc 1 4871 7 view .LVU1665
 5992 00c8 9A42     		cmp	r2, r3
 5993 00ca 0DD9     		bls	.L473
4875:Middlewares/Third_Party/FreeRTOS/Source/tasks.c **** 				}
 5994              		.loc 1 4875 6 is_stmt 1 view .LVU1666
 5995 00cc 4FF0E023 		mov	r3, #-536813568
 5996 00d0 4FF08052 		mov	r2, #268435456
 5997 00d4 C3F8042D 		str	r2, [r3, #3332]
4875:Middlewares/Third_Party/FreeRTOS/Source/tasks.c **** 				}
 5998              		.loc 1 4875 6 view .LVU1667
 5999              		.syntax unified
 6000              	@ 4875 "Middlewares/Third_Party/FreeRTOS/Source/tasks.c" 1
 6001 00d8 BFF34F8F 		dsb
 6002              	@ 0 "" 2
4875:Middlewares/Third_Party/FreeRTOS/Source/tasks.c **** 				}
 6003              		.loc 1 4875 6 view .LVU1668
 6004              	@ 4875 "Middlewares/Third_Party/FreeRTOS/Source/tasks.c" 1
 6005 00dc BFF36F8F 		isb
 6006              	@ 0 "" 2
4875:Middlewares/Third_Party/FreeRTOS/Source/tasks.c **** 				}
 6007              		.loc 1 4875 37 view .LVU1669
 6008              		.thumb
 6009              		.syntax unified
 6010 00e0 0124     		movs	r4, #1
 6011 00e2 B4E7     		b	.L467
 6012              	.LVL387:
 6013              	.L471:
4825:Middlewares/Third_Party/FreeRTOS/Source/tasks.c **** 					}
 6014              		.loc 1 4825 15 is_stmt 0 view .LVU1670
 6015 00e4 0024     		movs	r4, #0
 6016 00e6 B2E7     		b	.L467
 6017              	.LVL388:
 6018              	.L473:
4825:Middlewares/Third_Party/FreeRTOS/Source/tasks.c **** 					}
 6019              		.loc 1 4825 15 view .LVU1671
 6020 00e8 0124     		movs	r4, #1
 6021 00ea B0E7     		b	.L467
 6022              	.L479:
 6023              		.align	2
 6024              	.L478:
 6025 00ec 00000000 		.word	uxTopReadyPriority
 6026 00f0 00000000 		.word	pxReadyTasksLists
 6027 00f4 00000000 		.word	pxCurrentTCB
 6028              		.cfi_endproc
ARM GAS  D:\TMP\ccFCmCnH.s 			page 230


 6029              	.LFE52:
 6031              		.section	.text.xTaskGenericNotifyFromISR,"ax",%progbits
 6032              		.align	1
 6033              		.global	xTaskGenericNotifyFromISR
 6034              		.syntax unified
 6035              		.thumb
 6036              		.thumb_func
 6038              	xTaskGenericNotifyFromISR:
 6039              	.LVL389:
 6040              	.LFB53:
4898:Middlewares/Third_Party/FreeRTOS/Source/tasks.c **** 	TCB_t * pxTCB;
 6041              		.loc 1 4898 2 is_stmt 1 view -0
 6042              		.cfi_startproc
 6043              		@ args = 4, pretend = 0, frame = 0
 6044              		@ frame_needed = 0, uses_anonymous_args = 0
4899:Middlewares/Third_Party/FreeRTOS/Source/tasks.c **** 	uint8_t ucOriginalNotifyState;
 6045              		.loc 1 4899 2 view .LVU1673
4900:Middlewares/Third_Party/FreeRTOS/Source/tasks.c **** 	BaseType_t xReturn = pdPASS;
 6046              		.loc 1 4900 2 view .LVU1674
4901:Middlewares/Third_Party/FreeRTOS/Source/tasks.c **** 	UBaseType_t uxSavedInterruptStatus;
 6047              		.loc 1 4901 2 view .LVU1675
4902:Middlewares/Third_Party/FreeRTOS/Source/tasks.c **** 
 6048              		.loc 1 4902 2 view .LVU1676
4904:Middlewares/Third_Party/FreeRTOS/Source/tasks.c **** 
 6049              		.loc 1 4904 3 view .LVU1677
 6050 0000 10B3     		cbz	r0, .L504
4898:Middlewares/Third_Party/FreeRTOS/Source/tasks.c **** 	TCB_t * pxTCB;
 6051              		.loc 1 4898 2 is_stmt 0 view .LVU1678
 6052 0002 2DE9F041 		push	{r4, r5, r6, r7, r8, lr}
 6053              	.LCFI54:
 6054              		.cfi_def_cfa_offset 24
 6055              		.cfi_offset 4, -24
 6056              		.cfi_offset 5, -20
 6057              		.cfi_offset 6, -16
 6058              		.cfi_offset 7, -12
 6059              		.cfi_offset 8, -8
 6060              		.cfi_offset 14, -4
 6061 0006 0E46     		mov	r6, r1
 6062 0008 1446     		mov	r4, r2
 6063 000a 1D46     		mov	r5, r3
 6064 000c 0746     		mov	r7, r0
4904:Middlewares/Third_Party/FreeRTOS/Source/tasks.c **** 
 6065              		.loc 1 4904 32 is_stmt 1 discriminator 2 view .LVU1679
4922:Middlewares/Third_Party/FreeRTOS/Source/tasks.c **** 
 6066              		.loc 1 4922 3 view .LVU1680
 6067 000e FFF7FEFF 		bl	vPortValidateInterruptPriority
 6068              	.LVL390:
4924:Middlewares/Third_Party/FreeRTOS/Source/tasks.c **** 
 6069              		.loc 1 4924 3 view .LVU1681
4926:Middlewares/Third_Party/FreeRTOS/Source/tasks.c **** 		{
 6070              		.loc 1 4926 3 view .LVU1682
 6071              	.LBB213:
 6072              	.LBI213:
 209:Middlewares/Third_Party/FreeRTOS/Source/portable/GCC/ARM_CM3/portmacro.h **** {
 6073              		.loc 2 209 34 view .LVU1683
 6074              	.LBB214:
 211:Middlewares/Third_Party/FreeRTOS/Source/portable/GCC/ARM_CM3/portmacro.h **** 
ARM GAS  D:\TMP\ccFCmCnH.s 			page 231


 6075              		.loc 2 211 1 view .LVU1684
 213:Middlewares/Third_Party/FreeRTOS/Source/portable/GCC/ARM_CM3/portmacro.h **** 	(
 6076              		.loc 2 213 2 view .LVU1685
 6077              		.syntax unified
 6078              	@ 213 "Middlewares/Third_Party/FreeRTOS/Source/portable/GCC/ARM_CM3/portmacro.h" 1
 6079 0012 EFF31183 			mrs r3, basepri											
 6080 0016 4FF02002 		mov r2, #32												
 6081 001a 82F31188 		msr basepri, r2											
 6082 001e BFF36F8F 		isb														
 6083 0022 BFF34F8F 		dsb														
 6084              	
 6085              	@ 0 "" 2
 6086              		.thumb
 6087              		.syntax unified
 6088 0026 9846     		mov	r8, r3
 6089              	.LVL391:
 225:Middlewares/Third_Party/FreeRTOS/Source/portable/GCC/ARM_CM3/portmacro.h **** }
 6090              		.loc 2 225 2 view .LVU1686
 225:Middlewares/Third_Party/FreeRTOS/Source/portable/GCC/ARM_CM3/portmacro.h **** }
 6091              		.loc 2 225 2 is_stmt 0 view .LVU1687
 6092              	.LBE214:
 6093              	.LBE213:
4928:Middlewares/Third_Party/FreeRTOS/Source/tasks.c **** 			{
 6094              		.loc 1 4928 4 is_stmt 1 view .LVU1688
4928:Middlewares/Third_Party/FreeRTOS/Source/tasks.c **** 			{
 6095              		.loc 1 4928 6 is_stmt 0 view .LVU1689
 6096 0028 0DB1     		cbz	r5, .L483
4930:Middlewares/Third_Party/FreeRTOS/Source/tasks.c **** 			}
 6097              		.loc 1 4930 5 is_stmt 1 view .LVU1690
4930:Middlewares/Third_Party/FreeRTOS/Source/tasks.c **** 			}
 6098              		.loc 1 4930 42 is_stmt 0 view .LVU1691
 6099 002a 7B6D     		ldr	r3, [r7, #84]
 6100              	.LVL392:
4930:Middlewares/Third_Party/FreeRTOS/Source/tasks.c **** 			}
 6101              		.loc 1 4930 35 view .LVU1692
 6102 002c 2B60     		str	r3, [r5]
 6103              	.L483:
4933:Middlewares/Third_Party/FreeRTOS/Source/tasks.c **** 			pxTCB->ucNotifyState = taskNOTIFICATION_RECEIVED;
 6104              		.loc 1 4933 4 is_stmt 1 view .LVU1693
4933:Middlewares/Third_Party/FreeRTOS/Source/tasks.c **** 			pxTCB->ucNotifyState = taskNOTIFICATION_RECEIVED;
 6105              		.loc 1 4933 26 is_stmt 0 view .LVU1694
 6106 002e 97F85830 		ldrb	r3, [r7, #88]	@ zero_extendqisi2
 6107 0032 DBB2     		uxtb	r3, r3
 6108              	.LVL393:
4934:Middlewares/Third_Party/FreeRTOS/Source/tasks.c **** 
 6109              		.loc 1 4934 4 is_stmt 1 view .LVU1695
4934:Middlewares/Third_Party/FreeRTOS/Source/tasks.c **** 
 6110              		.loc 1 4934 25 is_stmt 0 view .LVU1696
 6111 0034 0222     		movs	r2, #2
 6112 0036 87F85820 		strb	r2, [r7, #88]
4936:Middlewares/Third_Party/FreeRTOS/Source/tasks.c **** 			{
 6113              		.loc 1 4936 4 is_stmt 1 view .LVU1697
 6114 003a 042C     		cmp	r4, #4
 6115 003c 21D8     		bhi	.L484
 6116 003e DFE804F0 		tbb	[pc, r4]
 6117              	.L486:
 6118 0042 0F       		.byte	(.L490-.L486)/2
ARM GAS  D:\TMP\ccFCmCnH.s 			page 232


 6119 0043 0C       		.byte	(.L489-.L486)/2
 6120 0044 16       		.byte	(.L488-.L486)/2
 6121 0045 1A       		.byte	(.L487-.L486)/2
 6122 0046 1C       		.byte	(.L485-.L486)/2
 6123              	.LVL394:
 6124 0047 00       		.p2align 1
 6125              	.L504:
 6126              	.LCFI55:
 6127              		.cfi_def_cfa_offset 0
 6128              		.cfi_restore 4
 6129              		.cfi_restore 5
 6130              		.cfi_restore 6
 6131              		.cfi_restore 7
 6132              		.cfi_restore 8
 6133              		.cfi_restore 14
4904:Middlewares/Third_Party/FreeRTOS/Source/tasks.c **** 
 6134              		.loc 1 4904 3 discriminator 1 view .LVU1698
 6135              	.LBB215:
 6136              	.LBI215:
 193:Middlewares/Third_Party/FreeRTOS/Source/portable/GCC/ARM_CM3/portmacro.h **** {
 6137              		.loc 2 193 30 view .LVU1699
 6138              	.LBB216:
 195:Middlewares/Third_Party/FreeRTOS/Source/portable/GCC/ARM_CM3/portmacro.h **** 
 6139              		.loc 2 195 1 view .LVU1700
 197:Middlewares/Third_Party/FreeRTOS/Source/portable/GCC/ARM_CM3/portmacro.h **** 	(
 6140              		.loc 2 197 2 view .LVU1701
 6141              		.syntax unified
 6142              	@ 197 "Middlewares/Third_Party/FreeRTOS/Source/portable/GCC/ARM_CM3/portmacro.h" 1
 6143 0048 4FF02003 			mov r3, #32												
 6144 004c 83F31188 		msr basepri, r3											
 6145 0050 BFF36F8F 		isb														
 6146 0054 BFF34F8F 		dsb														
 6147              	
 6148              	@ 0 "" 2
 6149              	.LVL395:
 6150              		.thumb
 6151              		.syntax unified
 6152              	.L482:
 197:Middlewares/Third_Party/FreeRTOS/Source/portable/GCC/ARM_CM3/portmacro.h **** 	(
 6153              		.loc 2 197 2 is_stmt 0 view .LVU1702
 6154              	.LBE216:
 6155              	.LBE215:
4904:Middlewares/Third_Party/FreeRTOS/Source/tasks.c **** 
 6156              		.loc 1 4904 3 is_stmt 1 discriminator 3 view .LVU1703
4904:Middlewares/Third_Party/FreeRTOS/Source/tasks.c **** 
 6157              		.loc 1 4904 3 discriminator 3 view .LVU1704
4904:Middlewares/Third_Party/FreeRTOS/Source/tasks.c **** 
 6158              		.loc 1 4904 3 discriminator 3 view .LVU1705
 6159 0058 FEE7     		b	.L482
 6160              	.LVL396:
 6161              	.L489:
 6162              	.LCFI56:
 6163              		.cfi_def_cfa_offset 24
 6164              		.cfi_offset 4, -24
 6165              		.cfi_offset 5, -20
 6166              		.cfi_offset 6, -16
 6167              		.cfi_offset 7, -12
ARM GAS  D:\TMP\ccFCmCnH.s 			page 233


 6168              		.cfi_offset 8, -8
 6169              		.cfi_offset 14, -4
4939:Middlewares/Third_Party/FreeRTOS/Source/tasks.c **** 					break;
 6170              		.loc 1 4939 6 view .LVU1706
4939:Middlewares/Third_Party/FreeRTOS/Source/tasks.c **** 					break;
 6171              		.loc 1 4939 11 is_stmt 0 view .LVU1707
 6172 005a 7A6D     		ldr	r2, [r7, #84]
4939:Middlewares/Third_Party/FreeRTOS/Source/tasks.c **** 					break;
 6173              		.loc 1 4939 29 view .LVU1708
 6174 005c 3243     		orrs	r2, r2, r6
 6175 005e 7A65     		str	r2, [r7, #84]
4940:Middlewares/Third_Party/FreeRTOS/Source/tasks.c **** 
 6176              		.loc 1 4940 6 is_stmt 1 view .LVU1709
 6177              	.L490:
4975:Middlewares/Third_Party/FreeRTOS/Source/tasks.c **** 
 6178              		.loc 1 4975 31 view .LVU1710
4979:Middlewares/Third_Party/FreeRTOS/Source/tasks.c **** 			{
 6179              		.loc 1 4979 4 view .LVU1711
4979:Middlewares/Third_Party/FreeRTOS/Source/tasks.c **** 			{
 6180              		.loc 1 4979 6 is_stmt 0 view .LVU1712
 6181 0060 012B     		cmp	r3, #1
 6182 0062 1BD0     		beq	.L505
 6183 0064 0120     		movs	r0, #1
 6184              	.LVL397:
 6185              	.L491:
5012:Middlewares/Third_Party/FreeRTOS/Source/tasks.c **** 				}
 6186              		.loc 1 5012 30 is_stmt 1 view .LVU1713
5016:Middlewares/Third_Party/FreeRTOS/Source/tasks.c **** 
 6187              		.loc 1 5016 3 view .LVU1714
 6188              	.LBB217:
 6189              	.LBI217:
 229:Middlewares/Third_Party/FreeRTOS/Source/portable/GCC/ARM_CM3/portmacro.h **** {
 6190              		.loc 2 229 30 view .LVU1715
 6191              	.LBB218:
 6192              		.loc 2 231 2 view .LVU1716
 6193              		.syntax unified
 6194              	@ 231 "Middlewares/Third_Party/FreeRTOS/Source/portable/GCC/ARM_CM3/portmacro.h" 1
 6195 0066 88F31188 			msr basepri, r8	
 6196              	@ 0 "" 2
 6197              		.thumb
 6198              		.syntax unified
 6199              	.LBE218:
 6200              	.LBE217:
5018:Middlewares/Third_Party/FreeRTOS/Source/tasks.c **** 	}
 6201              		.loc 1 5018 3 view .LVU1717
5019:Middlewares/Third_Party/FreeRTOS/Source/tasks.c **** 
 6202              		.loc 1 5019 2 is_stmt 0 view .LVU1718
 6203 006a BDE8F081 		pop	{r4, r5, r6, r7, r8, pc}
 6204              	.LVL398:
 6205              	.L488:
4943:Middlewares/Third_Party/FreeRTOS/Source/tasks.c **** 					break;
 6206              		.loc 1 4943 6 is_stmt 1 view .LVU1719
4943:Middlewares/Third_Party/FreeRTOS/Source/tasks.c **** 					break;
 6207              		.loc 1 4943 13 is_stmt 0 view .LVU1720
 6208 006e 7A6D     		ldr	r2, [r7, #84]
4943:Middlewares/Third_Party/FreeRTOS/Source/tasks.c **** 					break;
 6209              		.loc 1 4943 32 view .LVU1721
ARM GAS  D:\TMP\ccFCmCnH.s 			page 234


 6210 0070 0132     		adds	r2, r2, #1
 6211 0072 7A65     		str	r2, [r7, #84]
4944:Middlewares/Third_Party/FreeRTOS/Source/tasks.c **** 
 6212              		.loc 1 4944 6 is_stmt 1 view .LVU1722
 6213 0074 F4E7     		b	.L490
 6214              	.L487:
4947:Middlewares/Third_Party/FreeRTOS/Source/tasks.c **** 					break;
 6215              		.loc 1 4947 6 view .LVU1723
4947:Middlewares/Third_Party/FreeRTOS/Source/tasks.c **** 					break;
 6216              		.loc 1 4947 29 is_stmt 0 view .LVU1724
 6217 0076 7E65     		str	r6, [r7, #84]
4948:Middlewares/Third_Party/FreeRTOS/Source/tasks.c **** 
 6218              		.loc 1 4948 6 is_stmt 1 view .LVU1725
 6219 0078 F2E7     		b	.L490
 6220              	.L485:
4951:Middlewares/Third_Party/FreeRTOS/Source/tasks.c **** 					{
 6221              		.loc 1 4951 6 view .LVU1726
4951:Middlewares/Third_Party/FreeRTOS/Source/tasks.c **** 					{
 6222              		.loc 1 4951 8 is_stmt 0 view .LVU1727
 6223 007a 022B     		cmp	r3, #2
 6224 007c 44D0     		beq	.L498
4953:Middlewares/Third_Party/FreeRTOS/Source/tasks.c **** 					}
 6225              		.loc 1 4953 7 is_stmt 1 view .LVU1728
4953:Middlewares/Third_Party/FreeRTOS/Source/tasks.c **** 					}
 6226              		.loc 1 4953 30 is_stmt 0 view .LVU1729
 6227 007e 7E65     		str	r6, [r7, #84]
 6228 0080 EEE7     		b	.L490
 6229              	.L484:
4971:Middlewares/Third_Party/FreeRTOS/Source/tasks.c **** 					break;
 6230              		.loc 1 4971 6 is_stmt 1 view .LVU1730
 6231 0082 7A6D     		ldr	r2, [r7, #84]
 6232 0084 B2F1FF3F 		cmp	r2, #-1
 6233 0088 EAD0     		beq	.L490
4971:Middlewares/Third_Party/FreeRTOS/Source/tasks.c **** 					break;
 6234              		.loc 1 4971 6 discriminator 1 view .LVU1731
 6235              	.LBB219:
 6236              	.LBI219:
 193:Middlewares/Third_Party/FreeRTOS/Source/portable/GCC/ARM_CM3/portmacro.h **** {
 6237              		.loc 2 193 30 view .LVU1732
 6238              	.LBB220:
 195:Middlewares/Third_Party/FreeRTOS/Source/portable/GCC/ARM_CM3/portmacro.h **** 
 6239              		.loc 2 195 1 view .LVU1733
 197:Middlewares/Third_Party/FreeRTOS/Source/portable/GCC/ARM_CM3/portmacro.h **** 	(
 6240              		.loc 2 197 2 view .LVU1734
 6241              		.syntax unified
 6242              	@ 197 "Middlewares/Third_Party/FreeRTOS/Source/portable/GCC/ARM_CM3/portmacro.h" 1
 6243 008a 4FF02003 			mov r3, #32												
 6244 008e 83F31188 		msr basepri, r3											
 6245 0092 BFF36F8F 		isb														
 6246 0096 BFF34F8F 		dsb														
 6247              	
 6248              	@ 0 "" 2
 6249              	.LVL399:
 6250              		.thumb
 6251              		.syntax unified
 6252              	.L492:
 197:Middlewares/Third_Party/FreeRTOS/Source/portable/GCC/ARM_CM3/portmacro.h **** 	(
ARM GAS  D:\TMP\ccFCmCnH.s 			page 235


 6253              		.loc 2 197 2 is_stmt 0 view .LVU1735
 6254              	.LBE220:
 6255              	.LBE219:
4971:Middlewares/Third_Party/FreeRTOS/Source/tasks.c **** 					break;
 6256              		.loc 1 4971 6 is_stmt 1 discriminator 3 view .LVU1736
4971:Middlewares/Third_Party/FreeRTOS/Source/tasks.c **** 					break;
 6257              		.loc 1 4971 6 discriminator 3 view .LVU1737
4971:Middlewares/Third_Party/FreeRTOS/Source/tasks.c **** 					break;
 6258              		.loc 1 4971 6 discriminator 3 view .LVU1738
 6259 009a FEE7     		b	.L492
 6260              	.LVL400:
 6261              	.L505:
4982:Middlewares/Third_Party/FreeRTOS/Source/tasks.c **** 
 6262              		.loc 1 4982 5 view .LVU1739
 6263 009c BB6A     		ldr	r3, [r7, #40]
 6264              	.LVL401:
4982:Middlewares/Third_Party/FreeRTOS/Source/tasks.c **** 
 6265              		.loc 1 4982 5 is_stmt 0 view .LVU1740
 6266 009e 43B1     		cbz	r3, .L493
4982:Middlewares/Third_Party/FreeRTOS/Source/tasks.c **** 
 6267              		.loc 1 4982 5 is_stmt 1 discriminator 1 view .LVU1741
 6268              	.LBB221:
 6269              	.LBI221:
 193:Middlewares/Third_Party/FreeRTOS/Source/portable/GCC/ARM_CM3/portmacro.h **** {
 6270              		.loc 2 193 30 view .LVU1742
 6271              	.LBB222:
 195:Middlewares/Third_Party/FreeRTOS/Source/portable/GCC/ARM_CM3/portmacro.h **** 
 6272              		.loc 2 195 1 view .LVU1743
 197:Middlewares/Third_Party/FreeRTOS/Source/portable/GCC/ARM_CM3/portmacro.h **** 	(
 6273              		.loc 2 197 2 view .LVU1744
 6274              		.syntax unified
 6275              	@ 197 "Middlewares/Third_Party/FreeRTOS/Source/portable/GCC/ARM_CM3/portmacro.h" 1
 6276 00a0 4FF02003 			mov r3, #32												
 6277 00a4 83F31188 		msr basepri, r3											
 6278 00a8 BFF36F8F 		isb														
 6279 00ac BFF34F8F 		dsb														
 6280              	
 6281              	@ 0 "" 2
 6282              		.thumb
 6283              		.syntax unified
 6284              	.L494:
 6285              	.LBE222:
 6286              	.LBE221:
4982:Middlewares/Third_Party/FreeRTOS/Source/tasks.c **** 
 6287              		.loc 1 4982 5 discriminator 3 view .LVU1745
4982:Middlewares/Third_Party/FreeRTOS/Source/tasks.c **** 
 6288              		.loc 1 4982 5 discriminator 3 view .LVU1746
4982:Middlewares/Third_Party/FreeRTOS/Source/tasks.c **** 
 6289              		.loc 1 4982 5 discriminator 3 view .LVU1747
 6290 00b0 FEE7     		b	.L494
 6291              	.L493:
4982:Middlewares/Third_Party/FreeRTOS/Source/tasks.c **** 
 6292              		.loc 1 4982 82 discriminator 2 view .LVU1748
4984:Middlewares/Third_Party/FreeRTOS/Source/tasks.c **** 				{
 6293              		.loc 1 4984 5 view .LVU1749
4984:Middlewares/Third_Party/FreeRTOS/Source/tasks.c **** 				{
 6294              		.loc 1 4984 30 is_stmt 0 view .LVU1750
ARM GAS  D:\TMP\ccFCmCnH.s 			page 236


 6295 00b2 174B     		ldr	r3, .L506
 6296 00b4 1B68     		ldr	r3, [r3]
4984:Middlewares/Third_Party/FreeRTOS/Source/tasks.c **** 				{
 6297              		.loc 1 4984 7 view .LVU1751
 6298 00b6 0BBB     		cbnz	r3, .L495
4986:Middlewares/Third_Party/FreeRTOS/Source/tasks.c **** 					prvAddTaskToReadyList( pxTCB );
 6299              		.loc 1 4986 6 is_stmt 1 view .LVU1752
4986:Middlewares/Third_Party/FreeRTOS/Source/tasks.c **** 					prvAddTaskToReadyList( pxTCB );
 6300              		.loc 1 4986 15 is_stmt 0 view .LVU1753
 6301 00b8 3C1D     		adds	r4, r7, #4
 6302 00ba 2046     		mov	r0, r4
 6303 00bc FFF7FEFF 		bl	uxListRemove
 6304              	.LVL402:
4987:Middlewares/Third_Party/FreeRTOS/Source/tasks.c **** 				}
 6305              		.loc 1 4987 6 is_stmt 1 view .LVU1754
4987:Middlewares/Third_Party/FreeRTOS/Source/tasks.c **** 				}
 6306              		.loc 1 4987 6 view .LVU1755
 6307 00c0 F86A     		ldr	r0, [r7, #44]
 6308 00c2 0123     		movs	r3, #1
 6309 00c4 8340     		lsls	r3, r3, r0
 6310 00c6 134A     		ldr	r2, .L506+4
 6311 00c8 1168     		ldr	r1, [r2]
 6312 00ca 0B43     		orrs	r3, r3, r1
 6313 00cc 1360     		str	r3, [r2]
4987:Middlewares/Third_Party/FreeRTOS/Source/tasks.c **** 				}
 6314              		.loc 1 4987 6 view .LVU1756
 6315 00ce 00EB8000 		add	r0, r0, r0, lsl #2
 6316 00d2 2146     		mov	r1, r4
 6317 00d4 104B     		ldr	r3, .L506+8
 6318 00d6 03EB8000 		add	r0, r3, r0, lsl #2
 6319 00da FFF7FEFF 		bl	vListInsertEnd
 6320              	.LVL403:
4987:Middlewares/Third_Party/FreeRTOS/Source/tasks.c **** 				}
 6321              		.loc 1 4987 36 discriminator 1 view .LVU1757
 6322              	.L496:
4996:Middlewares/Third_Party/FreeRTOS/Source/tasks.c **** 				{
 6323              		.loc 1 4996 5 view .LVU1758
4996:Middlewares/Third_Party/FreeRTOS/Source/tasks.c **** 				{
 6324              		.loc 1 4996 14 is_stmt 0 view .LVU1759
 6325 00de FA6A     		ldr	r2, [r7, #44]
4996:Middlewares/Third_Party/FreeRTOS/Source/tasks.c **** 				{
 6326              		.loc 1 4996 41 view .LVU1760
 6327 00e0 0E4B     		ldr	r3, .L506+12
 6328 00e2 1B68     		ldr	r3, [r3]
 6329 00e4 DB6A     		ldr	r3, [r3, #44]
4996:Middlewares/Third_Party/FreeRTOS/Source/tasks.c **** 				{
 6330              		.loc 1 4996 7 view .LVU1761
 6331 00e6 9A42     		cmp	r2, r3
 6332 00e8 10D9     		bls	.L500
5000:Middlewares/Third_Party/FreeRTOS/Source/tasks.c **** 					{
 6333              		.loc 1 5000 6 is_stmt 1 view .LVU1762
5000:Middlewares/Third_Party/FreeRTOS/Source/tasks.c **** 					{
 6334              		.loc 1 5000 8 is_stmt 0 view .LVU1763
 6335 00ea 069B     		ldr	r3, [sp, #24]
 6336 00ec 13B1     		cbz	r3, .L497
5002:Middlewares/Third_Party/FreeRTOS/Source/tasks.c **** 					}
 6337              		.loc 1 5002 7 is_stmt 1 view .LVU1764
ARM GAS  D:\TMP\ccFCmCnH.s 			page 237


5002:Middlewares/Third_Party/FreeRTOS/Source/tasks.c **** 					}
 6338              		.loc 1 5002 34 is_stmt 0 view .LVU1765
 6339 00ee 0123     		movs	r3, #1
 6340 00f0 069A     		ldr	r2, [sp, #24]
 6341 00f2 1360     		str	r3, [r2]
 6342              	.L497:
5008:Middlewares/Third_Party/FreeRTOS/Source/tasks.c **** 				}
 6343              		.loc 1 5008 6 is_stmt 1 view .LVU1766
5008:Middlewares/Third_Party/FreeRTOS/Source/tasks.c **** 				}
 6344              		.loc 1 5008 20 is_stmt 0 view .LVU1767
 6345 00f4 0120     		movs	r0, #1
 6346 00f6 0A4B     		ldr	r3, .L506+16
 6347 00f8 1860     		str	r0, [r3]
 6348 00fa B4E7     		b	.L491
 6349              	.L495:
4993:Middlewares/Third_Party/FreeRTOS/Source/tasks.c **** 				}
 6350              		.loc 1 4993 6 is_stmt 1 view .LVU1768
 6351 00fc 07F11801 		add	r1, r7, #24
 6352 0100 0848     		ldr	r0, .L506+20
 6353 0102 FFF7FEFF 		bl	vListInsertEnd
 6354              	.LVL404:
 6355 0106 EAE7     		b	.L496
 6356              	.LVL405:
 6357              	.L498:
4958:Middlewares/Third_Party/FreeRTOS/Source/tasks.c **** 					}
 6358              		.loc 1 4958 15 is_stmt 0 view .LVU1769
 6359 0108 0020     		movs	r0, #0
 6360 010a ACE7     		b	.L491
 6361              	.LVL406:
 6362              	.L500:
4958:Middlewares/Third_Party/FreeRTOS/Source/tasks.c **** 					}
 6363              		.loc 1 4958 15 view .LVU1770
 6364 010c 0120     		movs	r0, #1
 6365 010e AAE7     		b	.L491
 6366              	.L507:
 6367              		.align	2
 6368              	.L506:
 6369 0110 00000000 		.word	uxSchedulerSuspended
 6370 0114 00000000 		.word	uxTopReadyPriority
 6371 0118 00000000 		.word	pxReadyTasksLists
 6372 011c 00000000 		.word	pxCurrentTCB
 6373 0120 00000000 		.word	xYieldPending
 6374 0124 00000000 		.word	xPendingReadyList
 6375              		.cfi_endproc
 6376              	.LFE53:
 6378              		.section	.text.vTaskNotifyGiveFromISR,"ax",%progbits
 6379              		.align	1
 6380              		.global	vTaskNotifyGiveFromISR
 6381              		.syntax unified
 6382              		.thumb
 6383              		.thumb_func
 6385              	vTaskNotifyGiveFromISR:
 6386              	.LVL407:
 6387              	.LFB54:
5027:Middlewares/Third_Party/FreeRTOS/Source/tasks.c **** 	TCB_t * pxTCB;
 6388              		.loc 1 5027 2 is_stmt 1 view -0
 6389              		.cfi_startproc
ARM GAS  D:\TMP\ccFCmCnH.s 			page 238


 6390              		@ args = 0, pretend = 0, frame = 0
 6391              		@ frame_needed = 0, uses_anonymous_args = 0
5027:Middlewares/Third_Party/FreeRTOS/Source/tasks.c **** 	TCB_t * pxTCB;
 6392              		.loc 1 5027 2 is_stmt 0 view .LVU1772
 6393 0000 F8B5     		push	{r3, r4, r5, r6, r7, lr}
 6394              	.LCFI57:
 6395              		.cfi_def_cfa_offset 24
 6396              		.cfi_offset 3, -24
 6397              		.cfi_offset 4, -20
 6398              		.cfi_offset 5, -16
 6399              		.cfi_offset 6, -12
 6400              		.cfi_offset 7, -8
 6401              		.cfi_offset 14, -4
5028:Middlewares/Third_Party/FreeRTOS/Source/tasks.c **** 	uint8_t ucOriginalNotifyState;
 6402              		.loc 1 5028 2 is_stmt 1 view .LVU1773
5029:Middlewares/Third_Party/FreeRTOS/Source/tasks.c **** 	UBaseType_t uxSavedInterruptStatus;
 6403              		.loc 1 5029 2 view .LVU1774
5030:Middlewares/Third_Party/FreeRTOS/Source/tasks.c **** 
 6404              		.loc 1 5030 2 view .LVU1775
5032:Middlewares/Third_Party/FreeRTOS/Source/tasks.c **** 
 6405              		.loc 1 5032 3 view .LVU1776
 6406 0002 E0B1     		cbz	r0, .L518
 6407 0004 0D46     		mov	r5, r1
 6408 0006 0446     		mov	r4, r0
5032:Middlewares/Third_Party/FreeRTOS/Source/tasks.c **** 
 6409              		.loc 1 5032 32 discriminator 2 view .LVU1777
5050:Middlewares/Third_Party/FreeRTOS/Source/tasks.c **** 
 6410              		.loc 1 5050 3 view .LVU1778
 6411 0008 FFF7FEFF 		bl	vPortValidateInterruptPriority
 6412              	.LVL408:
5052:Middlewares/Third_Party/FreeRTOS/Source/tasks.c **** 
 6413              		.loc 1 5052 3 view .LVU1779
5054:Middlewares/Third_Party/FreeRTOS/Source/tasks.c **** 		{
 6414              		.loc 1 5054 3 view .LVU1780
 6415              	.LBB223:
 6416              	.LBI223:
 209:Middlewares/Third_Party/FreeRTOS/Source/portable/GCC/ARM_CM3/portmacro.h **** {
 6417              		.loc 2 209 34 view .LVU1781
 6418              	.LBB224:
 211:Middlewares/Third_Party/FreeRTOS/Source/portable/GCC/ARM_CM3/portmacro.h **** 
 6419              		.loc 2 211 1 view .LVU1782
 213:Middlewares/Third_Party/FreeRTOS/Source/portable/GCC/ARM_CM3/portmacro.h **** 	(
 6420              		.loc 2 213 2 view .LVU1783
 6421              		.syntax unified
 6422              	@ 213 "Middlewares/Third_Party/FreeRTOS/Source/portable/GCC/ARM_CM3/portmacro.h" 1
 6423 000c EFF31183 			mrs r3, basepri											
 6424 0010 4FF02002 		mov r2, #32												
 6425 0014 82F31188 		msr basepri, r2											
 6426 0018 BFF36F8F 		isb														
 6427 001c BFF34F8F 		dsb														
 6428              	
 6429              	@ 0 "" 2
 6430              		.thumb
 6431              		.syntax unified
 6432 0020 1E46     		mov	r6, r3
 6433              	.LVL409:
 225:Middlewares/Third_Party/FreeRTOS/Source/portable/GCC/ARM_CM3/portmacro.h **** }
ARM GAS  D:\TMP\ccFCmCnH.s 			page 239


 6434              		.loc 2 225 2 view .LVU1784
 225:Middlewares/Third_Party/FreeRTOS/Source/portable/GCC/ARM_CM3/portmacro.h **** }
 6435              		.loc 2 225 2 is_stmt 0 view .LVU1785
 6436              	.LBE224:
 6437              	.LBE223:
5056:Middlewares/Third_Party/FreeRTOS/Source/tasks.c **** 			pxTCB->ucNotifyState = taskNOTIFICATION_RECEIVED;
 6438              		.loc 1 5056 4 is_stmt 1 view .LVU1786
5056:Middlewares/Third_Party/FreeRTOS/Source/tasks.c **** 			pxTCB->ucNotifyState = taskNOTIFICATION_RECEIVED;
 6439              		.loc 1 5056 26 is_stmt 0 view .LVU1787
 6440 0022 94F85830 		ldrb	r3, [r4, #88]	@ zero_extendqisi2
 6441              	.LVL410:
5056:Middlewares/Third_Party/FreeRTOS/Source/tasks.c **** 			pxTCB->ucNotifyState = taskNOTIFICATION_RECEIVED;
 6442              		.loc 1 5056 26 view .LVU1788
 6443 0026 DBB2     		uxtb	r3, r3
 6444              	.LVL411:
5057:Middlewares/Third_Party/FreeRTOS/Source/tasks.c **** 
 6445              		.loc 1 5057 4 is_stmt 1 view .LVU1789
5057:Middlewares/Third_Party/FreeRTOS/Source/tasks.c **** 
 6446              		.loc 1 5057 25 is_stmt 0 view .LVU1790
 6447 0028 0222     		movs	r2, #2
 6448 002a 84F85820 		strb	r2, [r4, #88]
5061:Middlewares/Third_Party/FreeRTOS/Source/tasks.c **** 
 6449              		.loc 1 5061 4 is_stmt 1 view .LVU1791
5061:Middlewares/Third_Party/FreeRTOS/Source/tasks.c **** 
 6450              		.loc 1 5061 11 is_stmt 0 view .LVU1792
 6451 002e 626D     		ldr	r2, [r4, #84]
5061:Middlewares/Third_Party/FreeRTOS/Source/tasks.c **** 
 6452              		.loc 1 5061 30 view .LVU1793
 6453 0030 0132     		adds	r2, r2, #1
 6454 0032 6265     		str	r2, [r4, #84]
5063:Middlewares/Third_Party/FreeRTOS/Source/tasks.c **** 
 6455              		.loc 1 5063 36 is_stmt 1 view .LVU1794
5067:Middlewares/Third_Party/FreeRTOS/Source/tasks.c **** 			{
 6456              		.loc 1 5067 4 view .LVU1795
5067:Middlewares/Third_Party/FreeRTOS/Source/tasks.c **** 			{
 6457              		.loc 1 5067 6 is_stmt 0 view .LVU1796
 6458 0034 012B     		cmp	r3, #1
 6459 0036 0BD0     		beq	.L519
 6460              	.LVL412:
 6461              	.L511:
5100:Middlewares/Third_Party/FreeRTOS/Source/tasks.c **** 				}
 6462              		.loc 1 5100 30 is_stmt 1 view .LVU1797
5104:Middlewares/Third_Party/FreeRTOS/Source/tasks.c **** 	}
 6463              		.loc 1 5104 3 view .LVU1798
 6464              	.LBB225:
 6465              	.LBI225:
 229:Middlewares/Third_Party/FreeRTOS/Source/portable/GCC/ARM_CM3/portmacro.h **** {
 6466              		.loc 2 229 30 view .LVU1799
 6467              	.LBB226:
 6468              		.loc 2 231 2 view .LVU1800
 6469              		.syntax unified
 6470              	@ 231 "Middlewares/Third_Party/FreeRTOS/Source/portable/GCC/ARM_CM3/portmacro.h" 1
 6471 0038 86F31188 			msr basepri, r6	
 6472              	@ 0 "" 2
 6473              		.thumb
 6474              		.syntax unified
 6475              	.LBE226:
ARM GAS  D:\TMP\ccFCmCnH.s 			page 240


 6476              	.LBE225:
5105:Middlewares/Third_Party/FreeRTOS/Source/tasks.c **** 
 6477              		.loc 1 5105 2 is_stmt 0 view .LVU1801
 6478 003c F8BD     		pop	{r3, r4, r5, r6, r7, pc}
 6479              	.LVL413:
 6480              	.L518:
5032:Middlewares/Third_Party/FreeRTOS/Source/tasks.c **** 
 6481              		.loc 1 5032 3 is_stmt 1 discriminator 1 view .LVU1802
 6482              	.LBB227:
 6483              	.LBI227:
 193:Middlewares/Third_Party/FreeRTOS/Source/portable/GCC/ARM_CM3/portmacro.h **** {
 6484              		.loc 2 193 30 view .LVU1803
 6485              	.LBB228:
 195:Middlewares/Third_Party/FreeRTOS/Source/portable/GCC/ARM_CM3/portmacro.h **** 
 6486              		.loc 2 195 1 view .LVU1804
 197:Middlewares/Third_Party/FreeRTOS/Source/portable/GCC/ARM_CM3/portmacro.h **** 	(
 6487              		.loc 2 197 2 view .LVU1805
 6488              		.syntax unified
 6489              	@ 197 "Middlewares/Third_Party/FreeRTOS/Source/portable/GCC/ARM_CM3/portmacro.h" 1
 6490 003e 4FF02003 			mov r3, #32												
 6491 0042 83F31188 		msr basepri, r3											
 6492 0046 BFF36F8F 		isb														
 6493 004a BFF34F8F 		dsb														
 6494              	
 6495              	@ 0 "" 2
 6496              		.thumb
 6497              		.syntax unified
 6498              	.L510:
 6499              	.LBE228:
 6500              	.LBE227:
5032:Middlewares/Third_Party/FreeRTOS/Source/tasks.c **** 
 6501              		.loc 1 5032 3 discriminator 3 view .LVU1806
5032:Middlewares/Third_Party/FreeRTOS/Source/tasks.c **** 
 6502              		.loc 1 5032 3 discriminator 3 view .LVU1807
5032:Middlewares/Third_Party/FreeRTOS/Source/tasks.c **** 
 6503              		.loc 1 5032 3 discriminator 3 view .LVU1808
 6504 004e FEE7     		b	.L510
 6505              	.LVL414:
 6506              	.L519:
5070:Middlewares/Third_Party/FreeRTOS/Source/tasks.c **** 
 6507              		.loc 1 5070 5 view .LVU1809
 6508 0050 A36A     		ldr	r3, [r4, #40]
 6509              	.LVL415:
5070:Middlewares/Third_Party/FreeRTOS/Source/tasks.c **** 
 6510              		.loc 1 5070 5 is_stmt 0 view .LVU1810
 6511 0052 43B1     		cbz	r3, .L512
5070:Middlewares/Third_Party/FreeRTOS/Source/tasks.c **** 
 6512              		.loc 1 5070 5 is_stmt 1 discriminator 1 view .LVU1811
 6513              	.LBB229:
 6514              	.LBI229:
 193:Middlewares/Third_Party/FreeRTOS/Source/portable/GCC/ARM_CM3/portmacro.h **** {
 6515              		.loc 2 193 30 view .LVU1812
 6516              	.LBB230:
 195:Middlewares/Third_Party/FreeRTOS/Source/portable/GCC/ARM_CM3/portmacro.h **** 
 6517              		.loc 2 195 1 view .LVU1813
 197:Middlewares/Third_Party/FreeRTOS/Source/portable/GCC/ARM_CM3/portmacro.h **** 	(
 6518              		.loc 2 197 2 view .LVU1814
ARM GAS  D:\TMP\ccFCmCnH.s 			page 241


 6519              		.syntax unified
 6520              	@ 197 "Middlewares/Third_Party/FreeRTOS/Source/portable/GCC/ARM_CM3/portmacro.h" 1
 6521 0054 4FF02003 			mov r3, #32												
 6522 0058 83F31188 		msr basepri, r3											
 6523 005c BFF36F8F 		isb														
 6524 0060 BFF34F8F 		dsb														
 6525              	
 6526              	@ 0 "" 2
 6527              		.thumb
 6528              		.syntax unified
 6529              	.L513:
 6530              	.LBE230:
 6531              	.LBE229:
5070:Middlewares/Third_Party/FreeRTOS/Source/tasks.c **** 
 6532              		.loc 1 5070 5 discriminator 3 view .LVU1815
5070:Middlewares/Third_Party/FreeRTOS/Source/tasks.c **** 
 6533              		.loc 1 5070 5 discriminator 3 view .LVU1816
5070:Middlewares/Third_Party/FreeRTOS/Source/tasks.c **** 
 6534              		.loc 1 5070 5 discriminator 3 view .LVU1817
 6535 0064 FEE7     		b	.L513
 6536              	.L512:
5070:Middlewares/Third_Party/FreeRTOS/Source/tasks.c **** 
 6537              		.loc 1 5070 82 discriminator 2 view .LVU1818
5072:Middlewares/Third_Party/FreeRTOS/Source/tasks.c **** 				{
 6538              		.loc 1 5072 5 view .LVU1819
5072:Middlewares/Third_Party/FreeRTOS/Source/tasks.c **** 				{
 6539              		.loc 1 5072 30 is_stmt 0 view .LVU1820
 6540 0066 144B     		ldr	r3, .L520
 6541 0068 1B68     		ldr	r3, [r3]
5072:Middlewares/Third_Party/FreeRTOS/Source/tasks.c **** 				{
 6542              		.loc 1 5072 7 view .LVU1821
 6543 006a FBB9     		cbnz	r3, .L514
5074:Middlewares/Third_Party/FreeRTOS/Source/tasks.c **** 					prvAddTaskToReadyList( pxTCB );
 6544              		.loc 1 5074 6 is_stmt 1 view .LVU1822
5074:Middlewares/Third_Party/FreeRTOS/Source/tasks.c **** 					prvAddTaskToReadyList( pxTCB );
 6545              		.loc 1 5074 15 is_stmt 0 view .LVU1823
 6546 006c 271D     		adds	r7, r4, #4
 6547 006e 3846     		mov	r0, r7
 6548 0070 FFF7FEFF 		bl	uxListRemove
 6549              	.LVL416:
5075:Middlewares/Third_Party/FreeRTOS/Source/tasks.c **** 				}
 6550              		.loc 1 5075 6 is_stmt 1 view .LVU1824
5075:Middlewares/Third_Party/FreeRTOS/Source/tasks.c **** 				}
 6551              		.loc 1 5075 6 view .LVU1825
 6552 0074 E06A     		ldr	r0, [r4, #44]
 6553 0076 0123     		movs	r3, #1
 6554 0078 8340     		lsls	r3, r3, r0
 6555 007a 104A     		ldr	r2, .L520+4
 6556 007c 1168     		ldr	r1, [r2]
 6557 007e 0B43     		orrs	r3, r3, r1
 6558 0080 1360     		str	r3, [r2]
5075:Middlewares/Third_Party/FreeRTOS/Source/tasks.c **** 				}
 6559              		.loc 1 5075 6 view .LVU1826
 6560 0082 00EB8000 		add	r0, r0, r0, lsl #2
 6561 0086 3946     		mov	r1, r7
 6562 0088 0D4B     		ldr	r3, .L520+8
 6563 008a 03EB8000 		add	r0, r3, r0, lsl #2
ARM GAS  D:\TMP\ccFCmCnH.s 			page 242


 6564 008e FFF7FEFF 		bl	vListInsertEnd
 6565              	.LVL417:
5075:Middlewares/Third_Party/FreeRTOS/Source/tasks.c **** 				}
 6566              		.loc 1 5075 36 discriminator 1 view .LVU1827
 6567              	.L515:
5084:Middlewares/Third_Party/FreeRTOS/Source/tasks.c **** 				{
 6568              		.loc 1 5084 5 view .LVU1828
5084:Middlewares/Third_Party/FreeRTOS/Source/tasks.c **** 				{
 6569              		.loc 1 5084 14 is_stmt 0 view .LVU1829
 6570 0092 E26A     		ldr	r2, [r4, #44]
5084:Middlewares/Third_Party/FreeRTOS/Source/tasks.c **** 				{
 6571              		.loc 1 5084 41 view .LVU1830
 6572 0094 0B4B     		ldr	r3, .L520+12
 6573 0096 1B68     		ldr	r3, [r3]
 6574 0098 DB6A     		ldr	r3, [r3, #44]
5084:Middlewares/Third_Party/FreeRTOS/Source/tasks.c **** 				{
 6575              		.loc 1 5084 7 view .LVU1831
 6576 009a 9A42     		cmp	r2, r3
 6577 009c CCD9     		bls	.L511
5088:Middlewares/Third_Party/FreeRTOS/Source/tasks.c **** 					{
 6578              		.loc 1 5088 6 is_stmt 1 view .LVU1832
5088:Middlewares/Third_Party/FreeRTOS/Source/tasks.c **** 					{
 6579              		.loc 1 5088 8 is_stmt 0 view .LVU1833
 6580 009e 0DB1     		cbz	r5, .L516
5090:Middlewares/Third_Party/FreeRTOS/Source/tasks.c **** 					}
 6581              		.loc 1 5090 7 is_stmt 1 view .LVU1834
5090:Middlewares/Third_Party/FreeRTOS/Source/tasks.c **** 					}
 6582              		.loc 1 5090 34 is_stmt 0 view .LVU1835
 6583 00a0 0123     		movs	r3, #1
 6584 00a2 2B60     		str	r3, [r5]
 6585              	.L516:
5096:Middlewares/Third_Party/FreeRTOS/Source/tasks.c **** 				}
 6586              		.loc 1 5096 6 is_stmt 1 view .LVU1836
5096:Middlewares/Third_Party/FreeRTOS/Source/tasks.c **** 				}
 6587              		.loc 1 5096 20 is_stmt 0 view .LVU1837
 6588 00a4 084B     		ldr	r3, .L520+16
 6589 00a6 0122     		movs	r2, #1
 6590 00a8 1A60     		str	r2, [r3]
 6591 00aa C5E7     		b	.L511
 6592              	.L514:
5081:Middlewares/Third_Party/FreeRTOS/Source/tasks.c **** 				}
 6593              		.loc 1 5081 6 is_stmt 1 view .LVU1838
 6594 00ac 04F11801 		add	r1, r4, #24
 6595 00b0 0648     		ldr	r0, .L520+20
 6596 00b2 FFF7FEFF 		bl	vListInsertEnd
 6597              	.LVL418:
 6598 00b6 ECE7     		b	.L515
 6599              	.L521:
 6600              		.align	2
 6601              	.L520:
 6602 00b8 00000000 		.word	uxSchedulerSuspended
 6603 00bc 00000000 		.word	uxTopReadyPriority
 6604 00c0 00000000 		.word	pxReadyTasksLists
 6605 00c4 00000000 		.word	pxCurrentTCB
 6606 00c8 00000000 		.word	xYieldPending
 6607 00cc 00000000 		.word	xPendingReadyList
 6608              		.cfi_endproc
ARM GAS  D:\TMP\ccFCmCnH.s 			page 243


 6609              	.LFE54:
 6611              		.section	.text.xTaskNotifyStateClear,"ax",%progbits
 6612              		.align	1
 6613              		.global	xTaskNotifyStateClear
 6614              		.syntax unified
 6615              		.thumb
 6616              		.thumb_func
 6618              	xTaskNotifyStateClear:
 6619              	.LVL419:
 6620              	.LFB55:
5113:Middlewares/Third_Party/FreeRTOS/Source/tasks.c **** 	TCB_t *pxTCB;
 6621              		.loc 1 5113 2 view -0
 6622              		.cfi_startproc
 6623              		@ args = 0, pretend = 0, frame = 0
 6624              		@ frame_needed = 0, uses_anonymous_args = 0
5113:Middlewares/Third_Party/FreeRTOS/Source/tasks.c **** 	TCB_t *pxTCB;
 6625              		.loc 1 5113 2 is_stmt 0 view .LVU1840
 6626 0000 10B5     		push	{r4, lr}
 6627              	.LCFI58:
 6628              		.cfi_def_cfa_offset 8
 6629              		.cfi_offset 4, -8
 6630              		.cfi_offset 14, -4
5114:Middlewares/Third_Party/FreeRTOS/Source/tasks.c **** 	BaseType_t xReturn;
 6631              		.loc 1 5114 2 is_stmt 1 view .LVU1841
5115:Middlewares/Third_Party/FreeRTOS/Source/tasks.c **** 
 6632              		.loc 1 5115 2 view .LVU1842
5119:Middlewares/Third_Party/FreeRTOS/Source/tasks.c **** 
 6633              		.loc 1 5119 3 view .LVU1843
5119:Middlewares/Third_Party/FreeRTOS/Source/tasks.c **** 
 6634              		.loc 1 5119 11 is_stmt 0 view .LVU1844
 6635 0002 0446     		mov	r4, r0
 6636 0004 58B1     		cbz	r0, .L527
 6637              	.LVL420:
 6638              	.L523:
5121:Middlewares/Third_Party/FreeRTOS/Source/tasks.c **** 		{
 6639              		.loc 1 5121 3 is_stmt 1 view .LVU1845
 6640 0006 FFF7FEFF 		bl	vPortEnterCritical
 6641              	.LVL421:
5123:Middlewares/Third_Party/FreeRTOS/Source/tasks.c **** 			{
 6642              		.loc 1 5123 4 view .LVU1846
5123:Middlewares/Third_Party/FreeRTOS/Source/tasks.c **** 			{
 6643              		.loc 1 5123 13 is_stmt 0 view .LVU1847
 6644 000a 94F85830 		ldrb	r3, [r4, #88]	@ zero_extendqisi2
 6645 000e DBB2     		uxtb	r3, r3
5123:Middlewares/Third_Party/FreeRTOS/Source/tasks.c **** 			{
 6646              		.loc 1 5123 6 view .LVU1848
 6647 0010 022B     		cmp	r3, #2
 6648 0012 07D0     		beq	.L528
5130:Middlewares/Third_Party/FreeRTOS/Source/tasks.c **** 			}
 6649              		.loc 1 5130 13 view .LVU1849
 6650 0014 0024     		movs	r4, #0
 6651              	.LVL422:
 6652              	.L524:
5133:Middlewares/Third_Party/FreeRTOS/Source/tasks.c **** 
 6653              		.loc 1 5133 3 is_stmt 1 view .LVU1850
 6654 0016 FFF7FEFF 		bl	vPortExitCritical
 6655              	.LVL423:
ARM GAS  D:\TMP\ccFCmCnH.s 			page 244


5135:Middlewares/Third_Party/FreeRTOS/Source/tasks.c **** 	}
 6656              		.loc 1 5135 3 view .LVU1851
5136:Middlewares/Third_Party/FreeRTOS/Source/tasks.c **** 
 6657              		.loc 1 5136 2 is_stmt 0 view .LVU1852
 6658 001a 2046     		mov	r0, r4
 6659 001c 10BD     		pop	{r4, pc}
 6660              	.LVL424:
 6661              	.L527:
5119:Middlewares/Third_Party/FreeRTOS/Source/tasks.c **** 
 6662              		.loc 1 5119 11 discriminator 1 view .LVU1853
 6663 001e 044B     		ldr	r3, .L529
 6664 0020 1C68     		ldr	r4, [r3]
 6665              	.LVL425:
5119:Middlewares/Third_Party/FreeRTOS/Source/tasks.c **** 
 6666              		.loc 1 5119 11 discriminator 1 view .LVU1854
 6667 0022 F0E7     		b	.L523
 6668              	.LVL426:
 6669              	.L528:
5125:Middlewares/Third_Party/FreeRTOS/Source/tasks.c **** 				xReturn = pdPASS;
 6670              		.loc 1 5125 5 is_stmt 1 view .LVU1855
5125:Middlewares/Third_Party/FreeRTOS/Source/tasks.c **** 				xReturn = pdPASS;
 6671              		.loc 1 5125 26 is_stmt 0 view .LVU1856
 6672 0024 0023     		movs	r3, #0
 6673 0026 84F85830 		strb	r3, [r4, #88]
5126:Middlewares/Third_Party/FreeRTOS/Source/tasks.c **** 			}
 6674              		.loc 1 5126 5 is_stmt 1 view .LVU1857
 6675              	.LVL427:
5126:Middlewares/Third_Party/FreeRTOS/Source/tasks.c **** 			}
 6676              		.loc 1 5126 13 is_stmt 0 view .LVU1858
 6677 002a 0124     		movs	r4, #1
 6678              	.LVL428:
5126:Middlewares/Third_Party/FreeRTOS/Source/tasks.c **** 			}
 6679              		.loc 1 5126 13 view .LVU1859
 6680 002c F3E7     		b	.L524
 6681              	.L530:
 6682 002e 00BF     		.align	2
 6683              	.L529:
 6684 0030 00000000 		.word	pxCurrentTCB
 6685              		.cfi_endproc
 6686              	.LFE55:
 6688              		.section	.text.ulTaskNotifyValueClear,"ax",%progbits
 6689              		.align	1
 6690              		.global	ulTaskNotifyValueClear
 6691              		.syntax unified
 6692              		.thumb
 6693              		.thumb_func
 6695              	ulTaskNotifyValueClear:
 6696              	.LVL429:
 6697              	.LFB56:
5144:Middlewares/Third_Party/FreeRTOS/Source/tasks.c **** 	TCB_t *pxTCB;
 6698              		.loc 1 5144 2 is_stmt 1 view -0
 6699              		.cfi_startproc
 6700              		@ args = 0, pretend = 0, frame = 0
 6701              		@ frame_needed = 0, uses_anonymous_args = 0
5144:Middlewares/Third_Party/FreeRTOS/Source/tasks.c **** 	TCB_t *pxTCB;
 6702              		.loc 1 5144 2 is_stmt 0 view .LVU1861
 6703 0000 70B5     		push	{r4, r5, r6, lr}
ARM GAS  D:\TMP\ccFCmCnH.s 			page 245


 6704              	.LCFI59:
 6705              		.cfi_def_cfa_offset 16
 6706              		.cfi_offset 4, -16
 6707              		.cfi_offset 5, -12
 6708              		.cfi_offset 6, -8
 6709              		.cfi_offset 14, -4
 6710 0002 0C46     		mov	r4, r1
5145:Middlewares/Third_Party/FreeRTOS/Source/tasks.c **** 	uint32_t ulReturn;
 6711              		.loc 1 5145 2 is_stmt 1 view .LVU1862
5146:Middlewares/Third_Party/FreeRTOS/Source/tasks.c **** 
 6712              		.loc 1 5146 2 view .LVU1863
5150:Middlewares/Third_Party/FreeRTOS/Source/tasks.c **** 
 6713              		.loc 1 5150 3 view .LVU1864
5150:Middlewares/Third_Party/FreeRTOS/Source/tasks.c **** 
 6714              		.loc 1 5150 11 is_stmt 0 view .LVU1865
 6715 0004 0546     		mov	r5, r0
 6716 0006 60B1     		cbz	r0, .L534
 6717              	.LVL430:
 6718              	.L532:
5152:Middlewares/Third_Party/FreeRTOS/Source/tasks.c **** 		{
 6719              		.loc 1 5152 3 is_stmt 1 view .LVU1866
 6720 0008 FFF7FEFF 		bl	vPortEnterCritical
 6721              	.LVL431:
5156:Middlewares/Third_Party/FreeRTOS/Source/tasks.c **** 			pxTCB->ulNotifiedValue &= ~ulBitsToClear;
 6722              		.loc 1 5156 4 view .LVU1867
5156:Middlewares/Third_Party/FreeRTOS/Source/tasks.c **** 			pxTCB->ulNotifiedValue &= ~ulBitsToClear;
 6723              		.loc 1 5156 27 is_stmt 0 view .LVU1868
 6724 000c 064B     		ldr	r3, .L535
 6725 000e 1B68     		ldr	r3, [r3]
5156:Middlewares/Third_Party/FreeRTOS/Source/tasks.c **** 			pxTCB->ulNotifiedValue &= ~ulBitsToClear;
 6726              		.loc 1 5156 13 view .LVU1869
 6727 0010 5E6D     		ldr	r6, [r3, #84]
 6728              	.LVL432:
5157:Middlewares/Third_Party/FreeRTOS/Source/tasks.c **** 		}
 6729              		.loc 1 5157 4 is_stmt 1 view .LVU1870
5157:Middlewares/Third_Party/FreeRTOS/Source/tasks.c **** 		}
 6730              		.loc 1 5157 9 is_stmt 0 view .LVU1871
 6731 0012 6B6D     		ldr	r3, [r5, #84]
5157:Middlewares/Third_Party/FreeRTOS/Source/tasks.c **** 		}
 6732              		.loc 1 5157 27 view .LVU1872
 6733 0014 23EA0403 		bic	r3, r3, r4
 6734 0018 6B65     		str	r3, [r5, #84]
5159:Middlewares/Third_Party/FreeRTOS/Source/tasks.c **** 
 6735              		.loc 1 5159 3 is_stmt 1 view .LVU1873
 6736 001a FFF7FEFF 		bl	vPortExitCritical
 6737              	.LVL433:
5161:Middlewares/Third_Party/FreeRTOS/Source/tasks.c **** 	}
 6738              		.loc 1 5161 3 view .LVU1874
5162:Middlewares/Third_Party/FreeRTOS/Source/tasks.c **** 
 6739              		.loc 1 5162 2 is_stmt 0 view .LVU1875
 6740 001e 3046     		mov	r0, r6
 6741 0020 70BD     		pop	{r4, r5, r6, pc}
 6742              	.LVL434:
 6743              	.L534:
5150:Middlewares/Third_Party/FreeRTOS/Source/tasks.c **** 
 6744              		.loc 1 5150 11 discriminator 1 view .LVU1876
 6745 0022 014B     		ldr	r3, .L535
ARM GAS  D:\TMP\ccFCmCnH.s 			page 246


 6746 0024 1D68     		ldr	r5, [r3]
 6747              	.LVL435:
5150:Middlewares/Third_Party/FreeRTOS/Source/tasks.c **** 
 6748              		.loc 1 5150 11 discriminator 1 view .LVU1877
 6749 0026 EFE7     		b	.L532
 6750              	.L536:
 6751              		.align	2
 6752              	.L535:
 6753 0028 00000000 		.word	pxCurrentTCB
 6754              		.cfi_endproc
 6755              	.LFE56:
 6757              		.section	.bss.uxSchedulerSuspended,"aw",%nobits
 6758              		.align	2
 6761              	uxSchedulerSuspended:
 6762 0000 00000000 		.space	4
 6763              		.section	.bss.xIdleTaskHandle,"aw",%nobits
 6764              		.align	2
 6767              	xIdleTaskHandle:
 6768 0000 00000000 		.space	4
 6769              		.section	.bss.xNextTaskUnblockTime,"aw",%nobits
 6770              		.align	2
 6773              	xNextTaskUnblockTime:
 6774 0000 00000000 		.space	4
 6775              		.section	.bss.uxTaskNumber,"aw",%nobits
 6776              		.align	2
 6779              	uxTaskNumber:
 6780 0000 00000000 		.space	4
 6781              		.section	.bss.xNumOfOverflows,"aw",%nobits
 6782              		.align	2
 6785              	xNumOfOverflows:
 6786 0000 00000000 		.space	4
 6787              		.section	.bss.xYieldPending,"aw",%nobits
 6788              		.align	2
 6791              	xYieldPending:
 6792 0000 00000000 		.space	4
 6793              		.section	.bss.xPendedTicks,"aw",%nobits
 6794              		.align	2
 6797              	xPendedTicks:
 6798 0000 00000000 		.space	4
 6799              		.section	.bss.xSchedulerRunning,"aw",%nobits
 6800              		.align	2
 6803              	xSchedulerRunning:
 6804 0000 00000000 		.space	4
 6805              		.section	.bss.uxTopReadyPriority,"aw",%nobits
 6806              		.align	2
 6809              	uxTopReadyPriority:
 6810 0000 00000000 		.space	4
 6811              		.section	.bss.xTickCount,"aw",%nobits
 6812              		.align	2
 6815              	xTickCount:
 6816 0000 00000000 		.space	4
 6817              		.section	.bss.uxCurrentNumberOfTasks,"aw",%nobits
 6818              		.align	2
 6821              	uxCurrentNumberOfTasks:
 6822 0000 00000000 		.space	4
 6823              		.section	.bss.xSuspendedTaskList,"aw",%nobits
 6824              		.align	2
ARM GAS  D:\TMP\ccFCmCnH.s 			page 247


 6827              	xSuspendedTaskList:
 6828 0000 00000000 		.space	20
 6828      00000000 
 6828      00000000 
 6828      00000000 
 6828      00000000 
 6829              		.section	.bss.uxDeletedTasksWaitingCleanUp,"aw",%nobits
 6830              		.align	2
 6833              	uxDeletedTasksWaitingCleanUp:
 6834 0000 00000000 		.space	4
 6835              		.section	.bss.xTasksWaitingTermination,"aw",%nobits
 6836              		.align	2
 6839              	xTasksWaitingTermination:
 6840 0000 00000000 		.space	20
 6840      00000000 
 6840      00000000 
 6840      00000000 
 6840      00000000 
 6841              		.section	.bss.xPendingReadyList,"aw",%nobits
 6842              		.align	2
 6845              	xPendingReadyList:
 6846 0000 00000000 		.space	20
 6846      00000000 
 6846      00000000 
 6846      00000000 
 6846      00000000 
 6847              		.section	.bss.pxOverflowDelayedTaskList,"aw",%nobits
 6848              		.align	2
 6851              	pxOverflowDelayedTaskList:
 6852 0000 00000000 		.space	4
 6853              		.section	.bss.pxDelayedTaskList,"aw",%nobits
 6854              		.align	2
 6857              	pxDelayedTaskList:
 6858 0000 00000000 		.space	4
 6859              		.section	.bss.xDelayedTaskList2,"aw",%nobits
 6860              		.align	2
 6863              	xDelayedTaskList2:
 6864 0000 00000000 		.space	20
 6864      00000000 
 6864      00000000 
 6864      00000000 
 6864      00000000 
 6865              		.section	.bss.xDelayedTaskList1,"aw",%nobits
 6866              		.align	2
 6869              	xDelayedTaskList1:
 6870 0000 00000000 		.space	20
 6870      00000000 
 6870      00000000 
 6870      00000000 
 6870      00000000 
 6871              		.section	.bss.pxReadyTasksLists,"aw",%nobits
 6872              		.align	2
 6875              	pxReadyTasksLists:
 6876 0000 00000000 		.space	140
 6876      00000000 
 6876      00000000 
 6876      00000000 
ARM GAS  D:\TMP\ccFCmCnH.s 			page 248


 6876      00000000 
 6877              		.global	pxCurrentTCB
 6878              		.section	.bss.pxCurrentTCB,"aw",%nobits
 6879              		.align	2
 6882              	pxCurrentTCB:
 6883 0000 00000000 		.space	4
 6884              		.text
 6885              	.Letext0:
 6886              		.file 3 "F:/Msys2/mingw64/lib/gcc/arm-none-eabi/13.3.0/include/stddef.h"
 6887              		.file 4 "F:/Msys2/mingw64/arm-none-eabi/include/machine/_default_types.h"
 6888              		.file 5 "F:/Msys2/mingw64/arm-none-eabi/include/sys/_stdint.h"
 6889              		.file 6 "Middlewares/Third_Party/FreeRTOS/Source/include/projdefs.h"
 6890              		.file 7 "Middlewares/Third_Party/FreeRTOS/Source/include/list.h"
 6891              		.file 8 "Middlewares/Third_Party/FreeRTOS/Source/include/task.h"
 6892              		.file 9 "Middlewares/Third_Party/FreeRTOS/Source/include/portable.h"
 6893              		.file 10 "F:/Msys2/mingw64/arm-none-eabi/include/string.h"
ARM GAS  D:\TMP\ccFCmCnH.s 			page 249


DEFINED SYMBOLS
                            *ABS*:00000000 tasks.c
   D:\TMP\ccFCmCnH.s:19     .text.prvTaskIsTaskSuspended:00000000 $t
   D:\TMP\ccFCmCnH.s:24     .text.prvTaskIsTaskSuspended:00000000 prvTaskIsTaskSuspended
   D:\TMP\ccFCmCnH.s:111    .text.prvTaskIsTaskSuspended:00000038 $d
   D:\TMP\ccFCmCnH.s:6827   .bss.xSuspendedTaskList:00000000 xSuspendedTaskList
   D:\TMP\ccFCmCnH.s:6845   .bss.xPendingReadyList:00000000 xPendingReadyList
   D:\TMP\ccFCmCnH.s:117    .text.prvResetNextTaskUnblockTime:00000000 $t
   D:\TMP\ccFCmCnH.s:122    .text.prvResetNextTaskUnblockTime:00000000 prvResetNextTaskUnblockTime
   D:\TMP\ccFCmCnH.s:165    .text.prvResetNextTaskUnblockTime:00000024 $d
   D:\TMP\ccFCmCnH.s:6857   .bss.pxDelayedTaskList:00000000 pxDelayedTaskList
   D:\TMP\ccFCmCnH.s:6773   .bss.xNextTaskUnblockTime:00000000 xNextTaskUnblockTime
   D:\TMP\ccFCmCnH.s:171    .text.prvDeleteTCB:00000000 $t
   D:\TMP\ccFCmCnH.s:176    .text.prvDeleteTCB:00000000 prvDeleteTCB
   D:\TMP\ccFCmCnH.s:208    .text.prvInitialiseNewTask:00000000 $t
   D:\TMP\ccFCmCnH.s:213    .text.prvInitialiseNewTask:00000000 prvInitialiseNewTask
   D:\TMP\ccFCmCnH.s:377    .text.prvInitialiseTaskLists:00000000 $t
   D:\TMP\ccFCmCnH.s:382    .text.prvInitialiseTaskLists:00000000 prvInitialiseTaskLists
   D:\TMP\ccFCmCnH.s:455    .text.prvInitialiseTaskLists:00000048 $d
   D:\TMP\ccFCmCnH.s:6875   .bss.pxReadyTasksLists:00000000 pxReadyTasksLists
   D:\TMP\ccFCmCnH.s:6869   .bss.xDelayedTaskList1:00000000 xDelayedTaskList1
   D:\TMP\ccFCmCnH.s:6863   .bss.xDelayedTaskList2:00000000 xDelayedTaskList2
   D:\TMP\ccFCmCnH.s:6839   .bss.xTasksWaitingTermination:00000000 xTasksWaitingTermination
   D:\TMP\ccFCmCnH.s:6851   .bss.pxOverflowDelayedTaskList:00000000 pxOverflowDelayedTaskList
   D:\TMP\ccFCmCnH.s:467    .text.prvAddNewTaskToReadyList:00000000 $t
   D:\TMP\ccFCmCnH.s:472    .text.prvAddNewTaskToReadyList:00000000 prvAddNewTaskToReadyList
   D:\TMP\ccFCmCnH.s:608    .text.prvAddNewTaskToReadyList:00000090 $d
   D:\TMP\ccFCmCnH.s:6821   .bss.uxCurrentNumberOfTasks:00000000 uxCurrentNumberOfTasks
   D:\TMP\ccFCmCnH.s:6882   .bss.pxCurrentTCB:00000000 pxCurrentTCB
   D:\TMP\ccFCmCnH.s:6803   .bss.xSchedulerRunning:00000000 xSchedulerRunning
   D:\TMP\ccFCmCnH.s:6779   .bss.uxTaskNumber:00000000 uxTaskNumber
   D:\TMP\ccFCmCnH.s:6809   .bss.uxTopReadyPriority:00000000 uxTopReadyPriority
   D:\TMP\ccFCmCnH.s:618    .text.prvCheckTasksWaitingTermination:00000000 $t
   D:\TMP\ccFCmCnH.s:623    .text.prvCheckTasksWaitingTermination:00000000 prvCheckTasksWaitingTermination
   D:\TMP\ccFCmCnH.s:696    .text.prvCheckTasksWaitingTermination:00000040 $d
   D:\TMP\ccFCmCnH.s:6833   .bss.uxDeletedTasksWaitingCleanUp:00000000 uxDeletedTasksWaitingCleanUp
   D:\TMP\ccFCmCnH.s:703    .text.prvIdleTask:00000000 $t
   D:\TMP\ccFCmCnH.s:708    .text.prvIdleTask:00000000 prvIdleTask
   D:\TMP\ccFCmCnH.s:757    .text.prvIdleTask:00000024 $d
   D:\TMP\ccFCmCnH.s:762    .text.prvAddCurrentTaskToDelayedList:00000000 $t
   D:\TMP\ccFCmCnH.s:767    .text.prvAddCurrentTaskToDelayedList:00000000 prvAddCurrentTaskToDelayedList
   D:\TMP\ccFCmCnH.s:887    .text.prvAddCurrentTaskToDelayedList:0000007c $d
   D:\TMP\ccFCmCnH.s:6815   .bss.xTickCount:00000000 xTickCount
   D:\TMP\ccFCmCnH.s:898    .text.xTaskCreate:00000000 $t
   D:\TMP\ccFCmCnH.s:904    .text.xTaskCreate:00000000 xTaskCreate
   D:\TMP\ccFCmCnH.s:1018   .text.vTaskDelete:00000000 $t
   D:\TMP\ccFCmCnH.s:1024   .text.vTaskDelete:00000000 vTaskDelete
   D:\TMP\ccFCmCnH.s:1208   .text.vTaskDelete:000000bc $d
   D:\TMP\ccFCmCnH.s:6761   .bss.uxSchedulerSuspended:00000000 uxSchedulerSuspended
   D:\TMP\ccFCmCnH.s:1221   .text.eTaskGetState:00000000 $t
   D:\TMP\ccFCmCnH.s:1227   .text.eTaskGetState:00000000 eTaskGetState
   D:\TMP\ccFCmCnH.s:1380   .text.eTaskGetState:0000007c $d
   D:\TMP\ccFCmCnH.s:1389   .text.uxTaskPriorityGet:00000000 $t
   D:\TMP\ccFCmCnH.s:1395   .text.uxTaskPriorityGet:00000000 uxTaskPriorityGet
   D:\TMP\ccFCmCnH.s:1441   .text.uxTaskPriorityGet:0000001c $d
   D:\TMP\ccFCmCnH.s:1446   .text.uxTaskPriorityGetFromISR:00000000 $t
   D:\TMP\ccFCmCnH.s:1452   .text.uxTaskPriorityGetFromISR:00000000 uxTaskPriorityGetFromISR
ARM GAS  D:\TMP\ccFCmCnH.s 			page 250


   D:\TMP\ccFCmCnH.s:1531   .text.uxTaskPriorityGetFromISR:0000002c $d
   D:\TMP\ccFCmCnH.s:1536   .text.vTaskPrioritySet:00000000 $t
   D:\TMP\ccFCmCnH.s:1542   .text.vTaskPrioritySet:00000000 vTaskPrioritySet
   D:\TMP\ccFCmCnH.s:1783   .text.vTaskPrioritySet:000000d8 $d
   D:\TMP\ccFCmCnH.s:1790   .text.vTaskResume:00000000 $t
   D:\TMP\ccFCmCnH.s:1796   .text.vTaskResume:00000000 vTaskResume
   D:\TMP\ccFCmCnH.s:1925   .text.vTaskResume:0000007c $d
   D:\TMP\ccFCmCnH.s:1932   .text.xTaskResumeFromISR:00000000 $t
   D:\TMP\ccFCmCnH.s:1938   .text.xTaskResumeFromISR:00000000 xTaskResumeFromISR
   D:\TMP\ccFCmCnH.s:2105   .text.xTaskResumeFromISR:00000090 $d
   D:\TMP\ccFCmCnH.s:2114   .rodata.vTaskStartScheduler.str1.4:00000000 $d
   D:\TMP\ccFCmCnH.s:2118   .text.vTaskStartScheduler:00000000 $t
   D:\TMP\ccFCmCnH.s:2124   .text.vTaskStartScheduler:00000000 vTaskStartScheduler
   D:\TMP\ccFCmCnH.s:2241   .text.vTaskStartScheduler:00000064 $d
   D:\TMP\ccFCmCnH.s:6767   .bss.xIdleTaskHandle:00000000 xIdleTaskHandle
   D:\TMP\ccFCmCnH.s:2251   .text.vTaskEndScheduler:00000000 $t
   D:\TMP\ccFCmCnH.s:2257   .text.vTaskEndScheduler:00000000 vTaskEndScheduler
   D:\TMP\ccFCmCnH.s:2300   .text.vTaskEndScheduler:00000020 $d
   D:\TMP\ccFCmCnH.s:2305   .text.vTaskSuspendAll:00000000 $t
   D:\TMP\ccFCmCnH.s:2311   .text.vTaskSuspendAll:00000000 vTaskSuspendAll
   D:\TMP\ccFCmCnH.s:2330   .text.vTaskSuspendAll:0000000c $d
   D:\TMP\ccFCmCnH.s:2335   .text.xTaskGetTickCount:00000000 $t
   D:\TMP\ccFCmCnH.s:2341   .text.xTaskGetTickCount:00000000 xTaskGetTickCount
   D:\TMP\ccFCmCnH.s:2362   .text.xTaskGetTickCount:00000008 $d
   D:\TMP\ccFCmCnH.s:2367   .text.xTaskGetTickCountFromISR:00000000 $t
   D:\TMP\ccFCmCnH.s:2373   .text.xTaskGetTickCountFromISR:00000000 xTaskGetTickCountFromISR
   D:\TMP\ccFCmCnH.s:2402   .text.xTaskGetTickCountFromISR:0000000c $d
   D:\TMP\ccFCmCnH.s:2407   .text.uxTaskGetNumberOfTasks:00000000 $t
   D:\TMP\ccFCmCnH.s:2413   .text.uxTaskGetNumberOfTasks:00000000 uxTaskGetNumberOfTasks
   D:\TMP\ccFCmCnH.s:2429   .text.uxTaskGetNumberOfTasks:00000008 $d
   D:\TMP\ccFCmCnH.s:2434   .text.pcTaskGetName:00000000 $t
   D:\TMP\ccFCmCnH.s:2440   .text.pcTaskGetName:00000000 pcTaskGetName
   D:\TMP\ccFCmCnH.s:2498   .text.pcTaskGetName:00000024 $d
   D:\TMP\ccFCmCnH.s:2503   .text.xTaskIncrementTick:00000000 $t
   D:\TMP\ccFCmCnH.s:2509   .text.xTaskIncrementTick:00000000 xTaskIncrementTick
   D:\TMP\ccFCmCnH.s:2774   .text.xTaskIncrementTick:000000ec $d
   D:\TMP\ccFCmCnH.s:6785   .bss.xNumOfOverflows:00000000 xNumOfOverflows
   D:\TMP\ccFCmCnH.s:6791   .bss.xYieldPending:00000000 xYieldPending
   D:\TMP\ccFCmCnH.s:6797   .bss.xPendedTicks:00000000 xPendedTicks
   D:\TMP\ccFCmCnH.s:2789   .text.xTaskResumeAll:00000000 $t
   D:\TMP\ccFCmCnH.s:2795   .text.xTaskResumeAll:00000000 xTaskResumeAll
   D:\TMP\ccFCmCnH.s:3028   .text.xTaskResumeAll:000000d8 $d
   D:\TMP\ccFCmCnH.s:3040   .text.vTaskDelayUntil:00000000 $t
   D:\TMP\ccFCmCnH.s:3046   .text.vTaskDelayUntil:00000000 vTaskDelayUntil
   D:\TMP\ccFCmCnH.s:3263   .text.vTaskDelayUntil:0000009c $d
   D:\TMP\ccFCmCnH.s:3270   .text.vTaskDelay:00000000 $t
   D:\TMP\ccFCmCnH.s:3276   .text.vTaskDelay:00000000 vTaskDelay
   D:\TMP\ccFCmCnH.s:3367   .text.vTaskDelay:00000048 $d
   D:\TMP\ccFCmCnH.s:3372   .text.xTaskCatchUpTicks:00000000 $t
   D:\TMP\ccFCmCnH.s:3378   .text.xTaskCatchUpTicks:00000000 xTaskCatchUpTicks
   D:\TMP\ccFCmCnH.s:3444   .text.xTaskCatchUpTicks:00000030 $d
   D:\TMP\ccFCmCnH.s:3450   .text.vTaskSwitchContext:00000000 $t
   D:\TMP\ccFCmCnH.s:3456   .text.vTaskSwitchContext:00000000 vTaskSwitchContext
   D:\TMP\ccFCmCnH.s:3650   .text.vTaskSwitchContext:000000b8 $d
   D:\TMP\ccFCmCnH.s:3661   .text.vTaskSuspend:00000000 $t
   D:\TMP\ccFCmCnH.s:3667   .text.vTaskSuspend:00000000 vTaskSuspend
   D:\TMP\ccFCmCnH.s:3870   .text.vTaskSuspend:000000d0 $d
ARM GAS  D:\TMP\ccFCmCnH.s 			page 251


   D:\TMP\ccFCmCnH.s:3881   .text.vTaskPlaceOnEventList:00000000 $t
   D:\TMP\ccFCmCnH.s:3887   .text.vTaskPlaceOnEventList:00000000 vTaskPlaceOnEventList
   D:\TMP\ccFCmCnH.s:3953   .text.vTaskPlaceOnEventList:0000002c $d
   D:\TMP\ccFCmCnH.s:3958   .text.vTaskPlaceOnUnorderedEventList:00000000 $t
   D:\TMP\ccFCmCnH.s:3964   .text.vTaskPlaceOnUnorderedEventList:00000000 vTaskPlaceOnUnorderedEventList
   D:\TMP\ccFCmCnH.s:4077   .text.vTaskPlaceOnUnorderedEventList:00000050 $d
   D:\TMP\ccFCmCnH.s:4083   .text.xTaskRemoveFromEventList:00000000 $t
   D:\TMP\ccFCmCnH.s:4089   .text.xTaskRemoveFromEventList:00000000 xTaskRemoveFromEventList
   D:\TMP\ccFCmCnH.s:4218   .text.xTaskRemoveFromEventList:00000074 $d
   D:\TMP\ccFCmCnH.s:4228   .text.vTaskRemoveFromUnorderedEventList:00000000 $t
   D:\TMP\ccFCmCnH.s:4234   .text.vTaskRemoveFromUnorderedEventList:00000000 vTaskRemoveFromUnorderedEventList
   D:\TMP\ccFCmCnH.s:4366   .text.vTaskRemoveFromUnorderedEventList:00000074 $d
   D:\TMP\ccFCmCnH.s:4375   .text.vTaskSetTimeOutState:00000000 $t
   D:\TMP\ccFCmCnH.s:4381   .text.vTaskSetTimeOutState:00000000 vTaskSetTimeOutState
   D:\TMP\ccFCmCnH.s:4449   .text.vTaskSetTimeOutState:00000030 $d
   D:\TMP\ccFCmCnH.s:4455   .text.vTaskInternalSetTimeOutState:00000000 $t
   D:\TMP\ccFCmCnH.s:4461   .text.vTaskInternalSetTimeOutState:00000000 vTaskInternalSetTimeOutState
   D:\TMP\ccFCmCnH.s:4484   .text.vTaskInternalSetTimeOutState:00000010 $d
   D:\TMP\ccFCmCnH.s:4490   .text.xTaskCheckForTimeOut:00000000 $t
   D:\TMP\ccFCmCnH.s:4496   .text.xTaskCheckForTimeOut:00000000 xTaskCheckForTimeOut
   D:\TMP\ccFCmCnH.s:4679   .text.xTaskCheckForTimeOut:0000007c $d
   D:\TMP\ccFCmCnH.s:4686   .text.vTaskMissedYield:00000000 $t
   D:\TMP\ccFCmCnH.s:4692   .text.vTaskMissedYield:00000000 vTaskMissedYield
   D:\TMP\ccFCmCnH.s:4709   .text.vTaskMissedYield:00000008 $d
   D:\TMP\ccFCmCnH.s:4714   .text.xTaskGetCurrentTaskHandle:00000000 $t
   D:\TMP\ccFCmCnH.s:4720   .text.xTaskGetCurrentTaskHandle:00000000 xTaskGetCurrentTaskHandle
   D:\TMP\ccFCmCnH.s:4739   .text.xTaskGetCurrentTaskHandle:00000008 $d
   D:\TMP\ccFCmCnH.s:4744   .text.xTaskGetSchedulerState:00000000 $t
   D:\TMP\ccFCmCnH.s:4750   .text.xTaskGetSchedulerState:00000000 xTaskGetSchedulerState
   D:\TMP\ccFCmCnH.s:4788   .text.xTaskGetSchedulerState:00000018 $d
   D:\TMP\ccFCmCnH.s:4794   .text.xTaskPriorityInherit:00000000 $t
   D:\TMP\ccFCmCnH.s:4800   .text.xTaskPriorityInherit:00000000 xTaskPriorityInherit
   D:\TMP\ccFCmCnH.s:4966   .text.xTaskPriorityInherit:000000a0 $d
   D:\TMP\ccFCmCnH.s:4973   .text.xTaskPriorityDisinherit:00000000 $t
   D:\TMP\ccFCmCnH.s:4979   .text.xTaskPriorityDisinherit:00000000 xTaskPriorityDisinherit
   D:\TMP\ccFCmCnH.s:5172   .text.xTaskPriorityDisinherit:000000a4 $d
   D:\TMP\ccFCmCnH.s:5179   .text.vTaskPriorityDisinheritAfterTimeout:00000000 $t
   D:\TMP\ccFCmCnH.s:5185   .text.vTaskPriorityDisinheritAfterTimeout:00000000 vTaskPriorityDisinheritAfterTimeout
   D:\TMP\ccFCmCnH.s:5379   .text.vTaskPriorityDisinheritAfterTimeout:000000a8 $d
   D:\TMP\ccFCmCnH.s:5386   .text.uxTaskResetEventItemValue:00000000 $t
   D:\TMP\ccFCmCnH.s:5392   .text.uxTaskResetEventItemValue:00000000 uxTaskResetEventItemValue
   D:\TMP\ccFCmCnH.s:5419   .text.uxTaskResetEventItemValue:00000014 $d
   D:\TMP\ccFCmCnH.s:5424   .text.pvTaskIncrementMutexHeldCount:00000000 $t
   D:\TMP\ccFCmCnH.s:5430   .text.pvTaskIncrementMutexHeldCount:00000000 pvTaskIncrementMutexHeldCount
   D:\TMP\ccFCmCnH.s:5461   .text.pvTaskIncrementMutexHeldCount:00000018 $d
   D:\TMP\ccFCmCnH.s:5466   .text.ulTaskNotifyTake:00000000 $t
   D:\TMP\ccFCmCnH.s:5472   .text.ulTaskNotifyTake:00000000 ulTaskNotifyTake
   D:\TMP\ccFCmCnH.s:5594   .text.ulTaskNotifyTake:00000074 $d
   D:\TMP\ccFCmCnH.s:5599   .text.xTaskNotifyWait:00000000 $t
   D:\TMP\ccFCmCnH.s:5605   .text.xTaskNotifyWait:00000000 xTaskNotifyWait
   D:\TMP\ccFCmCnH.s:5747   .text.xTaskNotifyWait:00000094 $d
   D:\TMP\ccFCmCnH.s:5752   .text.xTaskGenericNotify:00000000 $t
   D:\TMP\ccFCmCnH.s:5758   .text.xTaskGenericNotify:00000000 xTaskGenericNotify
   D:\TMP\ccFCmCnH.s:5814   .text.xTaskGenericNotify:0000002a $d
   D:\TMP\ccFCmCnH.s:6025   .text.xTaskGenericNotify:000000ec $d
   D:\TMP\ccFCmCnH.s:6032   .text.xTaskGenericNotifyFromISR:00000000 $t
   D:\TMP\ccFCmCnH.s:6038   .text.xTaskGenericNotifyFromISR:00000000 xTaskGenericNotifyFromISR
ARM GAS  D:\TMP\ccFCmCnH.s 			page 252


   D:\TMP\ccFCmCnH.s:6118   .text.xTaskGenericNotifyFromISR:00000042 $d
   D:\TMP\ccFCmCnH.s:6369   .text.xTaskGenericNotifyFromISR:00000110 $d
   D:\TMP\ccFCmCnH.s:6379   .text.vTaskNotifyGiveFromISR:00000000 $t
   D:\TMP\ccFCmCnH.s:6385   .text.vTaskNotifyGiveFromISR:00000000 vTaskNotifyGiveFromISR
   D:\TMP\ccFCmCnH.s:6602   .text.vTaskNotifyGiveFromISR:000000b8 $d
   D:\TMP\ccFCmCnH.s:6612   .text.xTaskNotifyStateClear:00000000 $t
   D:\TMP\ccFCmCnH.s:6618   .text.xTaskNotifyStateClear:00000000 xTaskNotifyStateClear
   D:\TMP\ccFCmCnH.s:6684   .text.xTaskNotifyStateClear:00000030 $d
   D:\TMP\ccFCmCnH.s:6689   .text.ulTaskNotifyValueClear:00000000 $t
   D:\TMP\ccFCmCnH.s:6695   .text.ulTaskNotifyValueClear:00000000 ulTaskNotifyValueClear
   D:\TMP\ccFCmCnH.s:6753   .text.ulTaskNotifyValueClear:00000028 $d
   D:\TMP\ccFCmCnH.s:6758   .bss.uxSchedulerSuspended:00000000 $d
   D:\TMP\ccFCmCnH.s:6764   .bss.xIdleTaskHandle:00000000 $d
   D:\TMP\ccFCmCnH.s:6770   .bss.xNextTaskUnblockTime:00000000 $d
   D:\TMP\ccFCmCnH.s:6776   .bss.uxTaskNumber:00000000 $d
   D:\TMP\ccFCmCnH.s:6782   .bss.xNumOfOverflows:00000000 $d
   D:\TMP\ccFCmCnH.s:6788   .bss.xYieldPending:00000000 $d
   D:\TMP\ccFCmCnH.s:6794   .bss.xPendedTicks:00000000 $d
   D:\TMP\ccFCmCnH.s:6800   .bss.xSchedulerRunning:00000000 $d
   D:\TMP\ccFCmCnH.s:6806   .bss.uxTopReadyPriority:00000000 $d
   D:\TMP\ccFCmCnH.s:6812   .bss.xTickCount:00000000 $d
   D:\TMP\ccFCmCnH.s:6818   .bss.uxCurrentNumberOfTasks:00000000 $d
   D:\TMP\ccFCmCnH.s:6824   .bss.xSuspendedTaskList:00000000 $d
   D:\TMP\ccFCmCnH.s:6830   .bss.uxDeletedTasksWaitingCleanUp:00000000 $d
   D:\TMP\ccFCmCnH.s:6836   .bss.xTasksWaitingTermination:00000000 $d
   D:\TMP\ccFCmCnH.s:6842   .bss.xPendingReadyList:00000000 $d
   D:\TMP\ccFCmCnH.s:6848   .bss.pxOverflowDelayedTaskList:00000000 $d
   D:\TMP\ccFCmCnH.s:6854   .bss.pxDelayedTaskList:00000000 $d
   D:\TMP\ccFCmCnH.s:6860   .bss.xDelayedTaskList2:00000000 $d
   D:\TMP\ccFCmCnH.s:6866   .bss.xDelayedTaskList1:00000000 $d
   D:\TMP\ccFCmCnH.s:6872   .bss.pxReadyTasksLists:00000000 $d
   D:\TMP\ccFCmCnH.s:6879   .bss.pxCurrentTCB:00000000 $d
   D:\TMP\ccFCmCnH.s:5820   .text.xTaskGenericNotify:0000002f $d
   D:\TMP\ccFCmCnH.s:5820   .text.xTaskGenericNotify:00000030 $t
   D:\TMP\ccFCmCnH.s:6124   .text.xTaskGenericNotifyFromISR:00000047 $d
   D:\TMP\ccFCmCnH.s:6124   .text.xTaskGenericNotifyFromISR:00000048 $t

UNDEFINED SYMBOLS
vPortFree
memset
vListInitialiseItem
pxPortInitialiseStack
vListInitialise
vPortEnterCritical
vListInsertEnd
vPortExitCritical
uxListRemove
vListInsert
pvPortMalloc
vPortValidateInterruptPriority
xPortStartScheduler
vPortEndScheduler
vApplicationStackOverflowHook
